timestamp,fold,y,pred,pred_ar1,pred_level,last_diff
2023-07-03 04:00:00,0,-2.2304685481929596,-0.6056602163101263,-0.05145210537303356,-0.46911540615926306,0.1602086992788827
2023-07-03 08:00:00,0,0.3412306043996338,1.0574517289566814,0.7060394148159769,1.2506266438116072,-2.2304685481929596
2023-07-03 12:00:00,0,-0.8519153415663379,0.9683022421038474,-0.10880930749742598,0.987530076232364,0.3412306043996338
2023-07-03 16:00:00,0,2.6641059000948832,1.6327398028966509,0.2692416976614224,1.6443762071019865,-0.8519153415663379
2023-07-03 20:00:00,0,0.032783463494038045,-0.47474991257854016,-0.8448176251431629,-0.40971011735234697,2.6641059000948832
2023-07-04 00:00:00,0,-0.7599261863048596,-0.5037392891578527,-0.01107712976008565,-0.43498691435540593,0.032783463494038045
2023-07-04 04:00:00,0,-0.12754753873336178,-0.03307029936826462,0.24009472471323032,0.15093348273840057,-0.7599261863048596
2023-07-04 08:00:00,0,-0.47203366126157853,0.029677067559262766,0.0397241127493724,0.24927554001948593,-0.12754753873336178
2023-07-04 12:00:00,0,-0.7072471184456752,0.4355530998771412,0.14887532373524182,0.6132242435019499,-0.47203366126157853
2023-07-04 16:00:00,0,0.6991541890561681,1.0312483929285825,0.22340324231551545,1.1585278795012766,-0.7072471184456752
2023-07-04 20:00:00,0,0.17001848082537663,0.45964623733494525,-0.22221820890379265,0.6194640763791526,0.6991541890561681
2023-07-05 04:00:00,0,-1.4854747717373424,0.2820389734667625,-0.0545603569549792,0.4883759554619367,0.17001848082537663
2023-07-05 08:00:00,0,0.45438612844088766,1.3783587501616947,0.46998644327601,1.6337108364210327,-1.4854747717373424
2023-07-05 12:00:00,0,1.132536751080556,1.223530333252883,-0.14466289250746323,1.2833687826689886,0.45438612844088766
2023-07-05 16:00:00,0,0.41074519884766936,0.41116275358562887,-0.359536458817462,0.4101571538618689,1.132536751080556
2023-07-05 20:00:00,0,-0.4584233818975427,0.09499418991688183,-0.1308351647642109,0.09346325075605577,0.41074519884766936
2023-07-06 00:00:00,0,-0.24067487158646728,0.2981010590165809,0.1445628757807707,0.4469181188723397,-0.4584233818975427
2023-07-06 04:00:00,0,-0.8147590483690585,0.37606337543073537,0.07556876531736251,0.6324839262781019,-0.24067487158646728
2023-07-06 08:00:00,0,2.663712094240676,1.0152639253978903,0.2574686417006649,1.2606817088515,-0.8147590483690585
2023-07-06 12:00:00,0,-0.10725633974958093,-0.7277041914403053,-0.8446928468630843,-0.793100982320242,2.663712094240676
2023-07-06 16:00:00,0,0.4621507187626648,-0.3997719275130046,0.033294800226765606,-0.7104039015912829,-0.10725633974958093
2023-07-06 20:00:00,0,-1.3566106280896335,-0.4613801112141091,-0.1471231206008655,-1.0667326313213277,0.4621507187626648
2023-07-07 00:00:00,0,0.26800160465276157,0.10003194982158034,0.4291555464358845,-0.020754940018187895,-1.3566106280896335
2023-07-07 04:00:00,0,-1.6904338572338915,-0.2696595997352212,-0.0856065324683671,-0.22739028098922454,0.26800160465276157
2023-07-07 08:00:00,0,1.2424180162272371,0.9157403575016405,0.5349281954148708,1.0759727228669878,-1.6904338572338915
2023-07-07 12:00:00,0,-0.809290759165906,-0.015451951006656164,-0.39435258745392765,0.11804013606660568,1.2424180162272371
2023-07-07 16:00:00,0,0.737091314211419,0.7458473899364174,0.25573600183649686,0.7420217431231233,-0.809290759165906
2023-07-07 20:00:00,0,-0.9782312581880142,0.28912451372278547,-0.23423867324536843,0.1737075524815932,0.737091314211419
2023-07-08 00:00:00,0,1.3911179826991376,0.8327249347715983,0.30926518297589034,0.9279461319337798,-0.9782312581880142
2023-07-10 04:00:00,0,-1.2378279058814172,-0.2977049373415312,-0.44146850984536345,-0.14463751568436756,1.3911179826991376
2023-07-10 08:00:00,0,-0.17292447823959023,0.6132766479340936,0.3915189708952749,0.8097559914988146,-1.2378279058814172
2023-07-10 12:00:00,0,0.6112423265717073,0.8186155170280228,0.054101899179743576,0.9430847026069937,-0.17292447823959023
2023-07-10 16:00:00,0,0.45783289879158495,0.4525754563921889,-0.19436313544022768,0.4718029476685448,0.6112423265717073
2023-07-10 20:00:00,0,0.5040227741578303,0.22032660740016408,-0.1457550095280494,0.11880335547531118,0.45783289879158495
2023-07-11 00:00:00,0,1.2911608725781125,-0.36912741019150347,-0.16039037653357832,-0.26980968260784444,0.5040227741578303
2023-07-11 04:00:00,0,-2.912731644549069,-1.500974973725327,-0.4097968722877022,-1.265324121781891,1.2911608725781125
2023-07-11 08:00:00,0,0.3541670620535715,0.7445227838749047,0.9222160277712302,0.980458314141746,-2.912731644549069
2023-07-11 12:00:00,0,-0.5371762159507742,0.8870820645025108,-0.1129082535113661,0.707387443081215,0.3541670620535715
2023-07-11 16:00:00,0,1.3935958573754537,1.319713717516189,0.16951589026621008,1.121562539862209,-0.5371762159507742
2023-07-11 20:00:00,0,-0.8883504089340981,0.16299572022233982,-0.44225363006909313,0.04706839443458932,1.3935958573754537
2023-07-12 00:00:00,0,-0.0661643736274975,0.62507861625805,0.2807862315786545,0.7320067920598312,-0.8883504089340981
2023-07-12 04:00:00,0,-0.43459084789856384,0.6626688503106927,0.02027471735347557,0.7830210310318968,-0.0661643736274975
2023-07-12 08:00:00,0,0.6251055009458604,0.8965275115236563,0.1370114832086726,1.118100472644807,-0.43459084789856384
2023-07-12 12:00:00,0,0.30604073550791355,0.463655711520601,-0.19875571375351847,0.6361298945276488,0.6251055009458604
2023-07-12 16:00:00,0,1.315730236537762,1.2648630539998935,-0.09765931754782903,0.4001655173193832,0.30604073550791355
2023-07-12 20:00:00,0,-1.5122719581262363,-0.057927961016171405,-0.4175817311077513,-0.6142924610391436,1.315730236537762
2023-07-13 00:00:00,0,-1.2342158209189193,0.6875322059529554,0.4784771926969021,0.551703660936429,-1.5122719581262363
2023-07-13 04:00:00,0,0.09553432514936055,1.4410547052992682,0.39037447356415755,1.5033121683476534,-1.2342158209189193
2023-07-13 08:00:00,0,0.8081107629131843,1.2788731603926526,-0.030959882916634606,1.4296530278464132,0.09553432514936055
2023-07-13 12:00:00,0,0.6437911531930052,1.152408407057265,-0.2567413470031815,0.8065812247753676,0.8081107629131843
2023-07-13 16:00:00,0,1.5926524640600324,0.6654436759673705,-0.20467630514300073,0.3102035832066381,0.6437911531930052
2023-07-13 20:00:00,0,0.589366946224331,-0.6575262063456684,-0.5053251683792613,-0.9177677395240735,1.5926524640600324
2023-07-14 00:00:00,0,-1.5984311271944538,-1.3688158923431823,-0.18743187145151058,-1.3721830779990558,0.589366946224331
2023-07-14 04:00:00,0,-0.9908317498715817,-0.2593322330861066,0.5057769212674249,-0.13975627438163407,-1.5984311271944538
2023-07-14 08:00:00,0,0.4628305039608964,0.4733794916775315,0.3132576774084233,0.6241975711370014,-0.9908317498715817
2023-07-14 12:00:00,0,-0.8231299644139174,0.3615789585425366,-0.1473385120861674,0.2673447115368912,0.4628305039608964
2023-07-14 16:00:00,0,1.0242775507536006,1.0190109560065534,0.2601209854776847,0.9019966610299619,-0.8231299644139174
2023-07-14 20:00:00,0,1.8195378327224407,0.1777343764849074,-0.3252342851062957,0.1122553412972831,1.0242775507536006
2023-07-15 00:00:00,0,-1.3048147117791213,-1.422927808731266,-0.5772143131805844,-1.290649768026384,1.8195378327224407
2023-07-17 04:00:00,0,-2.362832500611864,-0.4842193358495063,0.41274389261388744,-0.2846079078597672,-1.3048147117791213
2023-07-17 08:00:00,0,0.331961249274082,1.2471702787405905,0.7479792340207868,1.5371897640384127,-2.362832500611864
2023-07-17 12:00:00,0,1.622772336402349,1.2245055129764517,-0.10587229125541704,1.2812400803721644,0.331961249274082
2023-07-17 16:00:00,0,-0.057991059579094895,-0.03303581044814717,-0.5148687183974028,0.030045650080127828,1.622772336402349
2023-07-17 20:00:00,0,0.46919778532644507,-0.021761789630644676,0.01768498421820859,0.07475807777220744,-0.057991059579094895
2023-07-18 00:00:00,0,0.02891299252433477,-0.4766315330826461,-0.14935599966051946,-0.287004100776695,0.46919778532644507
2023-07-18 04:00:00,0,-2.1207621470621643,-0.5584636557512355,-0.009850762235239535,-0.30929667651145465,0.02891299252433477
2023-07-18 08:00:00,0,1.2944113210010286,1.1403068311397255,0.6712786922404339,1.325859239604961,-2.1207621470621643
2023-07-18 12:00:00,0,-0.21484387333350163,0.22120685164388693,-0.410826784259205,0.327838630667312,1.2944113210010286
2023-07-18 16:00:00,0,0.8123369216557119,0.7531085333405145,0.06738415480361348,0.4934881501145032,-0.21484387333350163
2023-07-18 20:00:00,0,-0.24170854020986,0.11288164121018295,-0.2580804150073727,-0.1328421175985408,0.8123369216557119
2023-07-19 00:00:00,0,-0.9731279797300605,-0.010503418468516997,0.07589628557035084,0.053520671857844704,-0.24170854020986
2023-07-19 04:00:00,0,-0.41004352078714845,0.630669618372131,0.30764819759605655,0.8038245073908836,-0.9731279797300605
2023-07-19 08:00:00,0,0.010179139676360194,0.9185681565522721,0.12923360681407914,1.1199774007311927,-0.41004352078714845
2023-07-19 12:00:00,0,0.17489442258243315,2.4805598162734293,-0.00391489837581799,1.1121290522090188,0.010179139676360194
2023-07-19 16:00:00,0,1.2416946586519053,1.7731582570454296,-0.05610531018436711,0.9772814691466802,0.17489442258243315
2023-07-19 20:00:00,0,-0.6730161983422498,0.5643207842595124,-0.3941233899618957,0.019906607511476437,1.2416946586519053
2023-07-20 00:00:00,0,-0.08025493801815387,0.6643637709449817,0.21255709746930795,0.538817424495825,-0.6730161983422498
2023-07-20 04:00:00,0,-0.9867205846472071,0.5219792276752707,0.024739344710383204,0.6006958095281725,-0.08025493801815387
2023-07-20 08:00:00,0,1.6342237225285352,1.2276155427220363,0.3119550453618545,1.361479853026303,-0.9867205846472071
2023-07-20 12:00:00,0,-0.6996172408728611,0.19675124943074027,-0.5184971161220097,0.1014561432236416,1.6342237225285352
2023-07-20 16:00:00,0,1.7124673700377961,0.7913608395367635,0.22098569826284215,0.6408769698425214,-0.6996172408728611
2023-07-20 20:00:00,0,-0.26988440931025437,-0.6296072015085622,-0.5432887936935431,-0.6794743742026359,1.7124673700377961
2023-07-21 00:00:00,0,-1.5874585470982812,-0.5775217536444028,0.08482387374231116,-0.4713873479594657,-0.26988440931025437
2023-07-21 04:00:00,0,-0.24384409681589148,0.5360036337067782,0.5023002343218177,0.7525793465013617,-1.5874585470982812
2023-07-21 08:00:00,0,-0.5879287242902667,0.6321452794917406,0.0765729415353763,0.940588698738674,-0.24384409681589148
2023-07-21 12:00:00,0,0.49478716463250727,1.4318913672160507,0.18559693790078433,1.3938951353467335,-0.5879287242902667
2023-07-21 16:00:00,0,0.3801458059649683,1.1218513859512602,-0.15746405266171012,1.0124029625502349,0.49478716463250727
2023-07-21 20:00:00,0,0.9462152221679627,0.7330534228763176,-0.12113967757283457,0.7193018882635478,0.3801458059649683
2023-07-22 00:00:00,0,-0.5143452409316147,-0.14141744415170118,-0.30050005884787423,-0.010251598246318494,0.9462152221679627
2023-07-24 04:00:00,0,-0.18194661154274172,0.17059192278143726,0.1622818439335446,0.38632029681542335,-0.5143452409316147
2023-07-24 08:00:00,0,-0.8950471393596846,0.37067139251544007,0.05696058262535687,0.5266052781810071,-0.18194661154274172
2023-07-24 12:00:00,0,3.473767404753243,1.537286715191473,0.28290810583656106,1.216707007483592,-0.8950471393596846
2023-07-24 16:00:00,0,-2.21475808832707,-1.2750091391522327,-1.1013607133625216,-1.4616467772457327,3.473767404753243
2023-07-24 20:00:00,0,-1.2664455105747532,0.3997044865957254,0.7010615198955036,0.24598215036004767,-2.21475808832707
2023-07-25 00:00:00,0,0.06268781243279875,1.1634485453075216,0.40058652399398254,1.2224404825327788,-1.2664455105747532
2023-07-25 04:00:00,0,-0.24529766562791266,1.0316080892241744,-0.02055239069789707,1.1741067514211192,0.06268781243279875
2023-07-25 08:00:00,0,-0.4611436794880639,1.1755114156354345,0.07703350811762058,1.3632368383177873,-0.24529766562791266
2023-07-25 12:00:00,0,0.16038139347011615,1.5815295909574063,0.1454248082559258,1.7187891178316175,-0.4611436794880639
2023-07-25 16:00:00,0,2.2632992197722412,1.5661274513986518,-0.05150682392008277,1.5951314107516694,0.16038139347011615
2023-07-25 20:00:00,0,-1.5588868580151978,-0.08399972783653684,-0.7178211173960064,-0.14992383473115645,2.2632992197722412
2023-07-26 00:00:00,0,-1.4064346029806938,0.9294931853828511,0.49324722968859097,1.0520134367213618,-1.5588868580151978
2023-07-26 04:00:00,0,2.0176703631030524,1.8862178217424617,0.4449423861366429,2.136406547415314,-1.4064346029806938
2023-07-26 08:00:00,0,-1.2310731409439075,0.2885078915233801,-0.639993055813292,0.5807367446649128,2.0176703631030524
2023-07-26 12:00:00,0,0.0779123845898031,1.385625427237604,0.3893787082703452,1.5299221742403137,-1.2310731409439075
2023-07-26 16:00:00,0,0.5828464079159215,1.3302402710530103,-0.02537633099332264,1.4698499512532912,0.0779123845898031
2023-07-26 20:00:00,0,1.5616284228166624,0.9529290371947536,-0.18536582406643964,1.0204620963205038,0.5828464079159215
2023-07-27 00:00:00,0,-0.23634837665563424,0.5046301398786379,-0.49549513038952475,-0.18358898403356605,1.5616284228166624
2023-07-27 04:00:00,0,-1.4665144569927016,0.24985739224838258,0.07419790556382927,-0.0013590027561587448,-0.23634837665563424
2023-07-27 08:00:00,0,0.0434605972767681,1.2622818116479286,0.4639788244498517,1.1293570437103106,-1.4665144569927016
2023-07-27 12:00:00,0,0.17062159685830025,1.2006050371203945,-0.01446020386968977,1.0958479333871622,0.0434605972767681
2023-07-27 16:00:00,0,0.11412436230628309,1.5792280051620204,-0.054751455640974056,0.9642947962724886,0.17062159685830025
2023-07-27 20:00:00,0,-0.7222672568008708,1.4843518125775883,-0.0368501784474341,0.8763023137318893,0.11412436230628309
2023-07-28 00:00:00,0,0.5111669978666331,1.7610720526156929,0.22816240729613266,1.4331868184893661,-0.7222672568008708
2023-07-28 04:00:00,0,-0.47895194908713634,1.118320223022125,-0.1626540400554838,1.0390654212157706,0.5111669978666331
2023-07-28 08:00:00,0,0.08024424653293671,1.567380346321612,0.1510673989589588,1.4083482821769646,-0.47895194908713634
2023-07-28 12:00:00,0,0.3021848273796106,1.721076037667118,-0.02611518675063707,1.3464781405232191,0.08024424653293671
2023-07-28 16:00:00,0,1.0226120277397364,1.5230017985446394,-0.09643756429238388,1.1134867563008637,0.3021848273796106
2023-07-28 20:00:00,0,-0.4100121775846013,0.7260753274612666,-0.32470656035339734,0.3250295927444551,1.0226120277397364
2023-07-29 00:00:00,0,1.3773434326802843,0.782463904348855,0.12922367564910478,0.6411583197617539,-0.4100121775846013
2023-07-31 04:00:00,1,-2.6797710890004094,-1.0297131691668318,-0.3972493950161173,-0.5618285329798463,1.3773434326802843
2023-07-31 08:00:00,1,0.2080381699708358,0.7468230069861493,0.7865795907711095,1.1984272023568199,-2.6797710890004094
2023-07-31 12:00:00,1,-0.24639468655437113,0.8446650497702972,-0.05605679228535854,1.0617735966204052,0.2080381699708358
2023-07-31 16:00:00,1,0.5952622894263566,1.0123165770648523,0.07654256737623888,1.2236223686830936,-0.24639468655437113
2023-07-31 20:00:00,1,0.8344265799023081,0.6825909145673703,-0.16904525592317624,0.8326136503290105,0.5952622894263566
2023-08-01 00:00:00,1,-0.39786279267025293,-0.08814907298589188,-0.2388312128927563,0.2845055753447827,0.8344265799023081
2023-08-01 04:00:00,1,1.7594851140542822,-0.1603954664084729,0.12073957820352868,0.545848891402466,-0.39786279267025293
2023-08-01 08:00:00,1,-2.494751444263981,-1.4168406378876748,-0.508754849612109,-0.6099004843432114,1.7594851140542822
2023-08-01 12:00:00,1,0.47777709816113756,0.7543045303931146,0.7325925472187123,1.0288217766851204,-2.494751444263981
2023-08-01 16:00:00,1,1.1338201125352576,0.5217269940466438,-0.1347641494675205,0.7149853147937577,0.47777709816113756
2023-08-01 20:00:00,1,0.05062451998646722,-0.25312021477272306,-0.32619151297649507,-0.029784775503289396,1.1338201125352576
2023-08-02 00:00:00,1,0.691638834094487,-0.3606156910555656,-0.010124926025674266,-0.06303840004630423,0.05062451998646722
2023-08-02 04:00:00,1,-0.7782069601965986,-0.3540791280613043,-0.19716705197267154,-0.5173537814957383,0.691638834094487
2023-08-02 08:00:00,1,-0.4074714091948213,-0.28087839160987244,0.2317205346657278,-0.006174572723862681,-0.7782069601965986
2023-08-02 12:00:00,1,-0.29978042296751894,0.3202999928232789,0.12354328480197738,0.2614803355498303,-0.4074714091948213
2023-08-02 16:00:00,1,1.9303441520537845,0.48292371836353015,0.09212003797899129,0.4583964867226751,-0.29978042296751894
2023-08-02 20:00:00,1,-1.6053509105514632,-0.9702072932846105,-0.5586099573707485,-0.8095847146469275,1.9303441520537845
2023-08-03 00:00:00,1,-0.4427701332501961,-0.002060205161341027,0.473073589556325,0.24491884318503132,-1.6053509105514632
2023-08-03 04:00:00,1,-0.23514682336534953,0.030362984608718994,0.13384313028939207,0.5357603518827609,-0.4427701332501961
2023-08-03 08:00:00,1,0.10620928873518842,0.37059971328830166,0.07326054356345854,0.6902207631373098,-0.23514682336534953
2023-08-03 12:00:00,1,-0.7134571697690593,0.6426730649167357,-0.02634405419210245,0.6204552856271093,0.10620928873518842
2023-08-03 16:00:00,1,1.5787083362141843,1.362756529874333,0.2128271368278932,1.0891024324516945,-0.7134571697690593
2023-08-03 20:00:00,1,-0.17475113613270565,0.31785201440159855,-0.45600583589295207,0.052099527744113416,1.5787083362141843
2023-08-04 00:00:00,1,-0.20847918372292007,-0.024519032410308304,0.055637633295467226,0.1668879478807508,-0.17475113613270565
2023-08-04 04:00:00,1,-1.1278550171330615,-0.13831482879778065,0.06547916972682392,0.3038312414153719,-0.20847918372292007
2023-08-04 08:00:00,1,-0.5182725119836356,0.6658884596963711,0.33374464623901806,1.0446830517381915,-1.1278550171330615
2023-08-04 12:00:00,1,0.1056452029197743,1.2457200330231633,0.1558740352497735,1.3851196529953658,-0.5182725119836356
2023-08-04 16:00:00,1,0.7396130582596818,1.682591658818644,-0.026179459099903275,1.3157247053770202,0.1056452029197743
2023-08-04 20:00:00,1,0.7459048008103277,1.1106553721288253,-0.21116549269548468,0.8298965937612905,0.7396130582596818
2023-08-05 00:00:00,1,1.092603443491436,0.22295850633677244,-0.21300136574337686,0.33993563812933303,0.7459048008103277
2023-08-07 04:00:00,1,-1.3964654600643183,-0.6658760184000553,-0.3141648651579706,-0.3777605433649587,1.092603443491436
2023-08-07 08:00:00,1,-1.7879735357220792,0.14693519825090545,0.41212272172293074,0.5395328573167735,-1.3964654600643183
2023-08-07 12:00:00,1,1.3391686911309186,1.683245749287299,0.5263612046784072,1.7139953641344547,-1.7879735357220792
2023-08-07 16:00:00,1,1.4731976390922892,0.7292527653190045,-0.3861103538750371,0.8343383744675528,1.3391686911309186
2023-08-07 20:00:00,1,0.11569081030140715,-0.23107828669629987,-0.42521877753015963,-0.1333579351690819,1.4731976390922892
2023-08-08 00:00:00,1,-0.9764989790702359,-0.4637075674342338,-0.029110675641774178,-0.2093515202908467,0.11569081030140715
2023-08-08 04:00:00,1,-1.3346645326083646,-0.2920627149684149,0.2895803358466999,0.4320793599489843,-0.9764989790702359
2023-08-08 08:00:00,1,0.2677740497930632,1.0621998371233239,0.3940897751842208,1.3087777122513984,-1.3346645326083646
2023-08-08 12:00:00,1,0.8425837207891327,1.082542985857387,-0.07348717677343555,1.1328855217365792,0.2677740497930632
2023-08-08 16:00:00,1,1.4565181017918238,0.6419692666991821,-0.241211392148572,0.5794192823595363,0.8425837207891327
2023-08-08 20:00:00,1,-0.9163748694481928,-0.228158495805264,-0.42035184078970245,-0.3773207738432056,1.4565181017918238
2023-08-09 00:00:00,1,0.9605154559236091,0.17961826162367286,0.2720366694466354,0.22461650590640936,-0.9163748694481928
2023-08-09 04:00:00,1,-1.2954832939657024,-0.7487610211861077,-0.2756227960294119,-0.40631531028827794,0.9605154559236091
2023-08-09 08:00:00,1,-0.38896369779397943,0.043213085951776135,0.3826570473781999,0.4446461422015222,-1.2954832939657024
2023-08-09 12:00:00,1,0.9129878123053476,0.6508329673092207,0.11814290354583651,0.7001439280721069,-0.38896369779397943
2023-08-09 16:00:00,1,0.6507337374670641,0.21047961788348377,-0.26175466343399406,0.1004314975964018,0.9129878123053476
2023-08-09 20:00:00,1,-0.2699337235562833,-0.16691682724488904,-0.18523131814134988,-0.32701463698397326,0.6507337374670641
2023-08-10 00:00:00,1,-1.2548661230828326,-0.17933274356326204,0.08341104351894285,-0.14970382599676668,-0.2699337235562833
2023-08-10 04:00:00,1,-0.23111901125238354,0.027372992087059338,0.37080532765107344,0.6745775088168671,-1.2548661230828326
2023-08-10 08:00:00,1,-0.05351321978051082,0.5810377324005668,0.07208526475307417,0.8263921793953539,-0.23111901125238354
2023-08-10 12:00:00,1,-0.16526947531266956,0.9249242054159996,0.020261515912732113,0.8615432982433866,-0.05351321978051082
2023-08-10 16:00:00,1,1.9767274214206871,1.3305914823185576,0.052870971212802646,0.9701035192970906,-0.16526947531266956
2023-08-10 20:00:00,1,-1.9092389522486428,-0.1609806470366627,-0.5721441720049879,-0.32834536502569023,1.9767274214206871
2023-08-11 00:00:00,1,-0.5839038696406718,1.0372433709406574,0.5617453463610131,0.9257725070636926,-1.9092389522486428
2023-08-11 04:00:00,1,-0.1260016626551259,0.7952395462699277,0.17502466635859948,1.3093202435248905,-0.5839038696406718
2023-08-11 08:00:00,1,0.1563528019696303,0.9632143681037982,0.04141298189945062,1.392086697070507,-0.1260016626551259
2023-08-11 12:00:00,1,-0.324147920725375,1.3230641963997776,-0.0409754736649614,1.2893835529352895,0.1563528019696303
2023-08-11 16:00:00,1,2.085753434623287,1.633218824364565,0.0992302514084375,1.5023059323490973,-0.324147920725375
2023-08-11 20:00:00,1,-0.8178307773308084,0.07663221483288092,-0.6039569675137997,0.13224135449618046,2.085753434623287
2023-08-12 00:00:00,1,0.026950711744756717,0.35112889337022285,0.24328240283591152,0.6694481787060749,-0.8178307773308084
2023-08-14 04:00:00,1,1.1089829074353705,0.17265113788569775,-0.0032171248653324724,0.6517451199952635,0.026950711744756717
2023-08-14 08:00:00,1,-2.490606981579786,-0.5995387102755166,-0.31894424323193576,-0.07671020636307979,1.1089829074353705
2023-08-14 12:00:00,1,0.640980316742775,1.4959614047906638,0.7313832308363807,1.5592896899678763,-2.490606981579786
2023-08-14 16:00:00,1,1.810409137625273,1.1106125932288835,-0.1823853589991347,1.1382502648409893,0.640980316742775
2023-08-14 20:00:00,1,0.053885241266270256,-0.008237971470966117,-0.523614014877002,-0.05094946975257564,1.810409137625273
2023-08-15 00:00:00,1,-2.014471394682703,-0.47544981196235847,-0.011076374732624978,-0.08634495759043048,0.053885241266270256
2023-08-15 04:00:00,1,0.14357539943404873,0.8250672435620315,0.5924512125456873,1.2368967329841851,-2.014471394682703
2023-08-15 08:00:00,1,-0.01899708596479499,0.7137575686291997,-0.03724714423184831,1.1425866550284933,0.14357539943404873
2023-08-15 12:00:00,1,-0.42597477613685264,1.2153289000242256,0.010190023114094528,1.155065231897046,-0.01899708596479499
2023-08-15 16:00:00,1,1.1802813575318787,1.455480752654597,0.12894239838469174,1.4348744088381036,-0.42597477613685264
2023-08-15 20:00:00,1,0.9326785696924347,0.5401380076996576,-0.3397484801877575,0.6595854158960197,1.1802813575318787
2023-08-16 00:00:00,1,-1.527116685618605,-0.32445282984746343,-0.2675002467105739,0.04693875802827563,0.9326785696924347
2023-08-16 04:00:00,1,-0.7185295032348318,0.40837670550593014,0.45024555681009915,1.05005276109455,-1.527116685618605
2023-08-16 08:00:00,1,0.5612906155505861,1.0511627872560219,0.21430719743507384,1.5220317611924674,-0.7185295032348318
2023-08-16 12:00:00,1,0.421921716000794,0.8864432469717334,-0.1591326315654128,1.1533379465345472,0.5612906155505861
2023-08-16 16:00:00,1,0.9305771034815535,0.5840364672541147,-0.11846605877762659,0.8761910948866642,0.421921716000794
2023-08-16 20:00:00,1,0.8743822659362959,0.08306169446381671,-0.26688705805154067,0.26492482281586405,0.9305771034815535
2023-08-17 00:00:00,1,1.0432733550914701,-0.5595396139950287,-0.25048991737873516,-0.3094288616494598,0.8743822659362959
2023-08-17 04:00:00,1,-2.225763156894331,-1.907616427666842,-0.2997707956272111,-0.9947216892203024,1.0432733550914701
2023-08-17 08:00:00,1,-0.519377337589642,-0.43576110917515065,0.654104220176482,0.46731078754834776,-2.225763156894331
2023-08-17 12:00:00,1,0.5172238900955399,0.5685087517928397,0.15619641327722159,0.8084731133338234,-0.519377337589642
2023-08-17 16:00:00,1,2.6124578446112636,0.11146619627663716,-0.14627436330021215,0.4687253181841182,0.5172238900955399
2023-08-17 20:00:00,1,-1.8603935670453708,-1.8248564867143757,-0.7576445068114146,-1.2473145044626675,2.6124578446112636
2023-08-18 00:00:00,1,4.520244796396074,-0.7061029904245655,0.5474927087988815,-0.025281600302712093,-1.8603935670453708
2023-08-18 04:00:00,1,-3.314702583411071,-5.2913038549830524,-1.3143193258633348,-2.9944855224742533,4.520244796396074
2023-08-18 08:00:00,1,-0.29934139234164725,-2.391563050435345,0.9718468054518439,-0.8171636395215431,-3.314702583411071
2023-08-18 12:00:00,1,-1.088899434117634,-1.6240520903280178,0.0919919328496493,-0.6205358734948581,-0.29934139234164725
2023-08-18 16:00:00,1,2.160479785842993,-0.5377674717401059,0.32237776268533436,0.09472726296407963,-1.088899434117634
2023-08-18 20:00:00,1,-0.3099826693142891,-2.3244886975259877,-0.6257614347289272,-1.3244226598480333,2.160479785842993
2023-08-19 00:00:00,1,-1.3163198008077313,-2.1742815971798524,0.0950969603411545,-1.120804980056219,-0.3099826693142891
2023-08-21 04:00:00,1,-1.7982409064973925,-1.3469702219941457,0.3887369498878114,-0.25615669408141883,-1.3163198008077313
2023-08-21 08:00:00,1,0.880640128904993,-0.2153062817992168,0.5293571297543909,0.9250501195049488,-1.7982409064973925
2023-08-21 12:00:00,1,-0.10294041390191921,-0.2932444363705693,-0.2523159046738533,0.34658584543485915,0.880640128904993
2023-08-21 16:00:00,1,1.4112603799591117,-0.20593250593652251,0.03468392000666822,0.41420410384228745,-0.10294041390191921
2023-08-21 20:00:00,1,-1.4304139501368827,-1.0786379452114596,-0.40714605065241416,-0.5128076055060156,1.4112603799591117
2023-08-22 00:00:00,1,-0.6176269505910454,-0.3593544107925636,0.42202858125853066,0.42678547017465185,-1.4304139501368827
2023-08-22 04:00:00,1,-1.1911873986385082,-0.14598587348431802,0.18486475356978405,0.8324848176073161,-0.6176269505910454
2023-08-22 08:00:00,1,0.39908843281121165,0.8954478276560344,0.35222445709090006,1.6149376393878256,-1.1911873986385082
2023-08-22 12:00:00,1,0.5315588631781267,0.8962633334719501,-0.11180351515553577,1.3527892396062224,0.39908843281121165
2023-08-22 16:00:00,1,1.6817842235994416,0.49771059151113056,-0.1504571776020909,1.0036252601084978,0.5315588631781267
2023-08-22 20:00:00,1,0.7338785579265394,-0.6147754611832207,-0.4860824389985154,-0.1010848911954696,1.6817842235994416
2023-08-23 00:00:00,1,0.7594680649918804,-1.380325912723861,-0.20949221784038688,-0.5831461933467139,0.7338785579265394
2023-08-23 04:00:00,1,-3.113002687221769,-2.247863931152056,-0.2169590024317689,-1.0820164224847053,0.7594680649918804
2023-08-23 08:00:00,1,0.7696870712479722,0.030392085866802802,0.9129926167758352,0.96281526362195,-3.113002687221769
2023-08-23 12:00:00,1,-0.4271363149654821,0.26258684472993493,-0.21994081518249475,0.4572324968177526,0.7696870712479722
2023-08-23 16:00:00,1,1.8508713183979815,0.3590810833258279,0.1292813248128467,0.7378046513852592,-0.4271363149654821
2023-08-23 20:00:00,1,0.17083581545893978,-0.5720243049697279,-0.535420509904668,-0.4779733928489094,1.8508713183979815
2023-08-24 00:00:00,1,-0.3122527843577583,-0.8999815811038531,-0.04520148480627109,-0.5901899643302757,0.17083581545893978
2023-08-24 04:00:00,1,-1.4493607669481765,-0.9312048169676058,0.09575935919018111,-0.3850811187289853,-0.3122527843577583
2023-08-24 08:00:00,1,-0.09250020729145092,-0.01692092353509001,0.42755708946547144,0.5669575136245442,-1.4493607669481765
2023-08-24 12:00:00,1,0.5700817012513983,0.31372594806129817,0.031637563011559344,0.6277179349429733,-0.09250020729145092
2023-08-24 16:00:00,1,1.118380179307703,0.06767750908173763,-0.1616977901315678,0.2532495378633648,0.5700817012513983
2023-08-24 20:00:00,1,-0.2871256864857248,-0.8883931740016727,-0.32168628138992733,-0.4813785551830314,1.118380179307703
2023-08-25 00:00:00,1,-0.9493955856054459,-0.8717153085777068,0.0884275013807291,-0.2927748947907176,-0.2871256864857248
2023-08-25 04:00:00,1,-0.41082174711474906,-0.45219015730675854,0.28167181302207855,0.33085263501022233,-0.9493955856054459
2023-08-25 08:00:00,1,0.6280473120406889,-0.12521121805149793,0.1245208828265334,0.6007082728772293,-0.41082174711474906
2023-08-25 12:00:00,1,-0.9474191948216664,-0.15161856221098755,-0.17861162627410684,0.18816412400562754,0.6280473120406889
2023-08-25 16:00:00,1,2.405306687967199,0.443400522207847,0.28109512023103755,0.8104934260487209,-0.9474191948216664
2023-08-25 20:00:00,1,-1.4608909879006564,-0.6441523581489446,-0.6971996900915246,-0.7694754414851213,2.405306687967199
2023-08-26 00:00:00,1,-1.4074798230793792,-0.23126884377769033,0.4309215026963857,0.19013702344112815,-1.4608909879006564
2023-08-28 04:00:00,2,-0.3176890787210418,0.08659683048321659,0.40206218849762104,0.7952851283991427,-1.4074798230793792
2023-08-28 08:00:00,2,0.9890173846507846,0.3737726533852692,0.08370867160392892,0.9826960054773268,-0.3176890787210418
2023-08-28 12:00:00,2,0.9263596650209305,0.23598753692204394,-0.2980110303807624,0.39925569254881754,0.9890173846507846
2023-08-28 16:00:00,2,-1.2914243451409853,-0.67128482366354,-0.27970723627352956,-0.1472216305318046,0.9263596650209305
2023-08-28 20:00:00,2,1.5521802766224138,0.6357430950955758,0.36815965285237656,0.6146143449991959,-1.2914243451409853
2023-08-29 00:00:00,2,-1.2414162407389693,-0.7104080382177739,-0.46252416115501255,-0.30104655274508474,1.5521802766224138
2023-08-29 04:00:00,2,-1.1251862821624616,-0.18166292559277777,0.3535511089718333,0.4312886834317977,-1.2414162407389693
2023-08-29 08:00:00,2,0.22224335732094858,0.7533518258987866,0.3195976034270362,1.0950576391206104,-1.1251862821624616
2023-08-29 12:00:00,2,0.7676700503545106,1.1188965840652054,-0.074018296429878,0.9639520226228777,0.22224335732094858
2023-08-29 16:00:00,2,4.755213328113843,0.7178582058877488,-0.23335026619914603,0.5110887450346615,0.7676700503545106
2023-08-29 20:00:00,2,-3.037985441459547,-1.7432554775058486,-1.3982054760751743,-2.2941027462920216,4.755213328113843
2023-08-30 00:00:00,2,0.4936972889083844,-0.5857148628778823,0.8783712419681389,-0.5019369015396968,-3.037985441459547
2023-08-30 04:00:00,2,-1.1599798649756288,-1.2457715340927986,-0.15331637658228606,-0.7931783955750822,0.4936972889083844
2023-08-30 08:00:00,2,-0.8004273365169432,-0.42496798210800935,0.3297616275860279,-0.10888403845302275,-1.1599798649756288
2023-08-30 12:00:00,2,1.4011942993001583,0.6695331831458606,0.22472787451425072,0.36330339014194823,-0.8004273365169432
2023-08-30 16:00:00,2,0.3841269026835423,0.06647083327580922,-0.4184176047991198,-0.4632879854444214,1.4011942993001583
2023-08-30 20:00:00,2,-0.7661745437103189,-0.4244411973980577,-0.12130828880703429,-0.6898918083742656,0.3841269026835423
2023-08-31 00:00:00,2,-1.2946273818637515,-0.44919631451495723,0.21472182783981295,-0.23791075882169022,-0.7661745437103189
2023-08-31 04:00:00,2,-0.23062968009070595,0.2690936424872298,0.3690953352397625,0.5258147494686485,-1.2946273818637515
2023-08-31 08:00:00,2,-0.15205815441658288,0.43813777834599743,0.058276572940862977,0.6618676185193122,-0.23062968009070595
2023-08-31 12:00:00,2,2.4609343995920785,0.8660971141423282,0.03532398166996912,0.7515696384969166,-0.15205815441658288
2023-08-31 16:00:00,2,1.0927246756534448,-0.326093144850105,-0.7279926215330429,-0.7001827356046828,2.4609343995920785
2023-08-31 20:00:00,2,-0.572577534822857,-0.9600976590368812,-0.3283063700954099,-1.3448019673819473,1.0927246756534448
2023-09-01 00:00:00,2,-0.9043512654774499,-1.0159491821041078,0.15816758661645625,-1.0070275042860963,-0.572577534822857
2023-09-01 04:00:00,2,-1.671495468748411,-0.5298529296906612,0.2550864992734172,-0.47353335795846707,-0.9043512654774499
2023-09-01 08:00:00,2,-0.8932859924856,0.32127074241568254,0.47918737032615955,0.5125138586832287,-1.671495468748411
2023-09-01 12:00:00,2,1.5488045271317379,1.2876059452464765,0.251854072690075,1.0394803883711523,-0.8932859924856
2023-09-01 16:00:00,2,1.7859058434529658,0.3296408156341641,-0.4615380253045548,0.12581090995859867,1.5488045271317379
2023-09-01 20:00:00,2,0.5070813027853056,-0.40017284071725423,-0.5308008982934698,-0.9277291797668825,1.7859058434529658
2023-09-02 00:00:00,2,-0.7997998872184944,-1.3915125744539953,-0.15722616193321653,-1.2268661601362592,0.5070813027853056
2023-09-04 04:00:00,2,-1.840231323614697,-1.2448769166872895,0.22454458181162157,-0.7550488759095417,-0.7997998872184944
2023-09-04 08:00:00,2,-0.7827976919217381,0.06736523738024983,0.528479083529665,0.33053885588720977,-1.840231323614697
2023-09-04 12:00:00,2,0.7589487278363549,0.6540946806435386,0.21957784053981647,0.7923262192062017,-0.7827976919217381
2023-09-04 16:00:00,2,0.07866276681786921,0.3552277817041025,-0.230802562697357,0.3446078169438538,0.7589487278363549
2023-09-04 20:00:00,2,1.2307799910157087,0.25186978226506335,-0.032075027796924255,0.29820314297116735,0.07866276681786921
2023-09-05 04:00:00,2,-0.9693400830366663,-0.7857803728358489,-0.3686355758617171,-0.42785756561577326,1.2307799910157087
2023-09-05 08:00:00,2,-0.33190978468847554,0.08156935499843357,0.27407126193161074,0.1439747299113181,-0.9693400830366663
2023-09-05 12:00:00,2,0.2987002754011989,0.7003571163241431,0.0878628744000898,0.3397746740256009,-0.33190978468847554
2023-09-05 16:00:00,2,1.3473534477044584,0.5857342503551292,-0.09635316107036646,0.16356565600773987,0.2987002754011989
2023-09-05 20:00:00,2,-1.8808099293191027,-0.18984899286319845,-0.40268942528688273,-0.6312639691879376,1.3473534477044584
2023-09-06 00:00:00,2,-0.710495835397742,0.30827349238015966,0.540333048984516,0.4782618599343129,-1.8808099293191027
2023-09-06 04:00:00,2,0.0078059830586170165,0.4457145183092314,0.19845676713970248,0.8973969721904327,-0.710495835397742
2023-09-06 08:00:00,2,0.053048616155651374,0.5773796880731478,-0.011376094150891577,0.8927920731571932,0.0078059830586170165
2023-09-06 12:00:00,2,-0.10263060811320024,1.122340517628328,-0.0245925317418094,0.8614976776383463,0.053048616155651374
2023-09-06 16:00:00,2,2.0695135411247954,1.121637561048338,0.020885032469338302,0.922041440612495,-0.10263060811320024
2023-09-06 20:00:00,2,1.054720174043963,0.4149804184969834,-0.6136493794714878,-0.29880426623013356,2.0695135411247954
2023-09-07 00:00:00,2,-1.818030563197837,-1.190608257147744,-0.3172043610099003,-0.9210039140285406,1.054720174043963
2023-09-07 04:00:00,2,-0.7967096057203236,-0.2756930649702125,0.5219937190750576,0.15148716364879178,-1.818030563197837
2023-09-07 08:00:00,2,-0.6284264481848805,0.5134599943994433,0.22364183787823147,0.6214814315844785,-0.7967096057203236
2023-09-07 12:00:00,2,0.49804593585317214,1.2231824839520042,0.17448236821607413,0.9922022391979857,-0.6284264481848805
2023-09-07 16:00:00,2,1.5806121385424987,1.1915994294360608,-0.1545867186693051,0.6983953949739599,0.49804593585317214
2023-09-07 20:00:00,2,-0.4637115063183632,-0.013695615163826396,-0.4708297769633247,-0.2340380031057432,1.5806121385424987
2023-09-08 00:00:00,2,1.5830096241838696,-0.31027143284626635,0.12636525830336262,0.03951430300509795,-0.4637115063183632
2023-09-08 04:00:00,2,-1.4870258579042854,-1.2673567584530183,-0.47153013892692525,-0.8943334178100324,1.5830096241838696
2023-09-08 08:00:00,2,-0.18475007509629116,-0.2604693585432182,0.4252994568195937,-0.017108360563137026,-1.4870258579042854
2023-09-08 12:00:00,2,1.971755938138939,0.2978665836713155,0.04487406087212153,0.09187925007002207,-0.18475007509629116
2023-09-08 16:00:00,2,-1.4152802867964098,-0.9082219954552889,-0.5850920836100985,-1.0712973729300117,1.971755938138939
2023-09-08 20:00:00,2,-1.5481117978509165,0.22600302659699878,0.40434088747774544,-0.23639640331600908,-1.4152802867964098
2023-09-09 00:00:00,2,1.2381646352251128,0.4031094143959021,0.4431440971007122,0.6768644208153871,-1.5481117978509165
2023-09-11 04:00:00,2,-1.0602332296975518,-0.3814018722000397,-0.370792804180312,-0.05355263094131679,1.2381646352251128
2023-09-11 08:00:00,2,0.25922206141374105,0.42033255803032554,0.30062328859436654,0.5718992740627185,-1.0602332296975518
2023-09-11 12:00:00,2,1.4379521836346534,0.6070703433822154,-0.08482064592592103,0.41897921120395676,0.25922206141374105
2023-09-11 16:00:00,2,0.979491783208875,-0.3136202989957555,-0.42915544764834324,-0.42929634493529534,1.4379521836346534
2023-09-11 20:00:00,2,-0.9628984084087495,-0.871969068159895,-0.29522837808236624,-1.0071173229842012,0.979491783208875
2023-09-12 00:00:00,2,-1.0666647551536954,-0.8235071122535652,0.27218949721384406,-0.43908509479568636,-0.9628984084087495
2023-09-12 04:00:00,2,3.0482088236963794,-0.11316390421118383,0.3025020885002697,0.19016089035595396,-1.0666647551536954
2023-09-12 08:00:00,2,-2.715965359967493,-1.7586020629033448,-0.899549298136498,-1.6080359235421264,3.0482088236963794
2023-09-12 12:00:00,2,2.323370137420822,0.34554534104631285,0.7843015997142493,-0.005835897420307212,-2.715965359967493
2023-09-12 16:00:00,2,-0.8815228661892522,-0.9834680627905291,-0.6878068639572699,-1.3764364764022314,2.323370137420822
2023-09-12 20:00:00,2,-0.8220344224851264,-0.41657730035999363,0.24841778673747963,-0.8564092403949557,-0.8815228661892522
2023-09-13 00:00:00,2,-0.053484240231750135,-0.29099248839929626,0.23103981269449797,-0.3714753776175348,-0.8220344224851264
2023-09-13 04:00:00,2,-1.4036535317944985,-0.5122989434180375,0.006528222101286351,-0.3399239991060501,-0.053484240231750135
2023-09-13 08:00:00,2,0.5249143071434261,0.5008801646017409,0.4009444387887825,0.4881181248678894,-1.4036535317944985
2023-09-13 12:00:00,2,1.3166352731500517,0.5196829183004209,-0.1624356020790226,0.17846111340034287,0.5249143071434261
2023-09-13 16:00:00,2,-0.034423753255056866,-0.21974227887408798,-0.3937159237659943,-0.5982472718123351,1.3166352731500517
2023-09-13 20:00:00,2,-0.2569070122064314,-0.2007151483882722,0.0009602054025305649,-0.5779400399243988,-0.034423753255056866
2023-09-14 00:00:00,2,1.0470024240213878,-0.6357729140788912,0.06595279990180153,-0.42638566896844843,-0.2569070122064314
2023-09-14 04:00:00,2,-1.4108157600131683,-1.3392560079038842,-0.3149498246460043,-1.0440324680928503,1.0470024240213878
2023-09-14 08:00:00,2,-0.6677634389166283,-0.35604277632359993,0.403036694163507,-0.2117652084054047,-1.4108157600131683
2023-09-14 12:00:00,2,0.5115973719900762,0.1917965581732025,0.18597362872484272,0.182161244061656,-0.6677634389166283
2023-09-14 16:00:00,2,1.0117664005540377,0.3379199337477774,-0.15854541200146752,-0.11963985209671524,0.5115973719900762
2023-09-14 20:00:00,2,-0.7796769777252965,-0.10175494748044572,-0.30465655316223483,-0.7165002455651575,1.0117664005540377
2023-09-15 00:00:00,2,-0.6858897970819573,-0.44145472380732287,0.2186662064992446,-0.2565538513692456,-0.7796769777252965
2023-09-15 04:00:00,2,-0.6767870930177331,-0.15544395487700324,0.1912687644197278,0.14806568722993418,-0.6858897970819573
2023-09-15 08:00:00,2,-0.24514979572117745,0.4373287246967366,0.18860965039523261,0.5473153662188084,-0.6767870930177331
2023-09-15 12:00:00,2,1.4266692796778866,0.8204087775565406,0.06251824034407202,0.6919339298049545,-0.24514979572117745
2023-09-15 16:00:00,2,0.36002360158128077,0.35320729001075607,-0.42585944593975344,-0.14968562501678573,1.4266692796778866
2023-09-15 20:00:00,2,-1.019876154793801,0.41870405499699725,-0.11426714745547087,-0.3620704486085362,0.36002360158128077
2023-09-16 00:00:00,2,0.048230736161007925,0.3173361900529403,0.2888340374985371,0.23957404433566243,-1.019876154793801
2023-09-18 04:00:00,2,1.014672193242255,-0.1456676713181856,-0.023185115640868302,0.2111218085759381,0.048230736161007925
2023-09-18 08:00:00,2,-0.6512879757975032,-0.5515057657706471,-0.30550540357360684,-0.38745276769821757,1.014672193242255
2023-09-18 12:00:00,2,0.5378316553072278,0.10762140126118376,0.18116075831501555,-0.003245506730767289,-0.6512879757975032
2023-09-18 16:00:00,2,-0.5350388658391587,0.021376050107653886,-0.16620906339549565,-0.3205227094829759,0.5378316553072278
2023-09-18 20:00:00,2,1.9623911561620844,0.15485461644193105,0.14720165820099249,-0.004893026770840692,-0.5350388658391587
2023-09-19 00:00:00,2,-1.8261773621716237,-1.325163604354675,-0.5823564104611861,-1.1625451853763362,1.9623911561620844
2023-09-19 04:00:00,2,-1.2781009157994703,-0.4774250555713837,0.5243735907322151,-0.0852481548245656,-1.8261773621716237
2023-09-19 08:00:00,2,0.9097136771079821,0.07567508498093067,0.364267565669664,0.6687280743511783,-1.2781009157994703
2023-09-19 12:00:00,2,1.9056286231075674,0.18726720590811974,-0.2748445515593396,0.13207053861470275,0.9097136771079821
2023-09-19 16:00:00,2,0.15462070034548425,-0.6005058691479305,-0.5657747390538558,-0.992096313704053,1.9056286231075674
2023-09-19 20:00:00,2,-1.7372886249425896,-0.6768449465507299,-0.054264127309538904,-1.083310028644612,0.15462070034548425
2023-09-20 00:00:00,2,-0.03574478967891359,-0.3080313904137778,0.498407099224009,-0.05845016802493497,-1.7372886249425896
2023-09-20 04:00:00,2,0.1138433579346021,-0.4999962312839944,0.001346111223126497,-0.037363631428621424,-0.03574478967891359
2023-09-20 08:00:00,2,-0.47083350991306006,-0.6117594097750827,-0.0423521061868727,-0.10452201045109799,0.1138433579346021
2023-09-20 12:00:00,2,0.21460650464413433,0.4378202971930307,0.1284457631190245,0.17323170209653238,-0.47083350991306006
2023-09-20 16:00:00,2,0.01649899292801571,0.03546771357365686,-0.07178739208402185,0.04663121137788018,0.21460650464413433
2023-09-20 20:00:00,2,1.0004517257249947,0.7208943656049757,-0.013915526861842071,0.03689813919298057,0.01649899292801571
2023-09-21 00:00:00,2,-0.7178470193437612,0.1953149639313878,-0.30135127043435184,-0.5532875107114021,1.0004517257249947
2023-09-21 04:00:00,2,-0.32324109144454916,-0.1241670827053447,0.20060422092811359,-0.12981579413626498,-0.7178470193437612
2023-09-21 08:00:00,2,0.03147203499004192,-0.029580359199442845,0.08533054514755842,0.06087032166982986,-0.32324109144454916
2023-09-21 12:00:00,2,0.8465204717006518,0.32957794913252664,-0.018289504732107286,0.04230436496567069,0.03147203499004192
2023-09-21 16:00:00,2,0.11763582327920119,0.004151115231751651,-0.2563843294576605,-0.45707428759846724,0.8465204717006518
2023-09-21 20:00:00,2,-1.0050940063010732,-0.18965278365565882,-0.04345997454270228,-0.5264699146226102,0.11763582327920119
2023-09-22 00:00:00,2,-0.11393820955104772,0.11106058108694755,0.2845158241311851,0.06645430557795162,-1.0050940063010732
2023-09-22 04:00:00,2,-0.5046274992135338,-0.04227245258083929,0.024188248893231193,0.13366863938710782,-0.11393820955104772
2023-09-22 08:00:00,2,0.5350026442450044,0.27230311606175567,0.13831778249464152,0.4313580739944003,-0.5046274992135338
2023-09-22 12:00:00,2,-0.7696809618581124,0.04252005266103946,-0.16538264270358544,0.11574975909496121,0.5350026442450044
2023-09-22 16:00:00,2,0.2932533496180465,0.5811894626152933,0.2157461350793713,0.5697993119247853,-0.7696809618581124
2023-09-22 20:00:00,2,-0.21282761108078496,0.38045224572501063,-0.09476198589448762,0.3968035398343899,0.2932533496180465
2023-09-23 00:00:00,2,2.1636137443233547,-0.012159359662765245,0.05307616973810918,0.5223546271417634,-0.21282761108078496
2023-09-25 04:00:00,3,-1.24287905210827,-1.1864627140899597,-0.5331719990812384,-0.8411490316930532,2.1636137443233547
2023-09-25 08:00:00,3,-0.010637075885249203,-0.6345028971495646,0.3123525647543876,-0.08134802780335448,-1.24287905210827
2023-09-25 12:00:00,3,-0.2991095435235014,0.04306758032435969,0.006498150332222159,-0.07484533478398525,-0.010637075885249203
2023-09-25 16:00:00,3,0.7767320832650917,0.3529200938516783,0.0780998157265895,0.10800731773811023,-0.2991095435235014
2023-09-25 20:00:00,3,0.1004644799329153,-0.3635518866828473,-0.1889345144793966,-0.36682715277378275,0.7767320832650917
2023-09-26 00:00:00,3,-1.3695951755384428,-0.7002501787468424,-0.0210783337933325,-0.42824343666625264,0.1004644799329153
2023-09-26 04:00:00,3,0.17723789226803177,0.11516386305002697,0.34380473606279943,0.40902209414418067,-1.3695951755384428
2023-09-26 08:00:00,3,-1.4338539634705683,0.04185281164244622,-0.04013423963491263,0.30067242951340667,0.17723789226803177
2023-09-26 12:00:00,3,1.514357975090384,1.3030807514369152,0.3597543907034406,1.1772208587657627,-1.4338539634705683
2023-09-26 16:00:00,3,0.7548410370441889,0.522443636537548,-0.3720204177030183,0.2514584462685132,1.514357975090384
2023-09-26 20:00:00,3,-0.45125452258112375,-0.13062010585162648,-0.18350094440779002,-0.20999351621363704,0.7548410370441889
2023-09-27 00:00:00,3,0.13293786741406066,-0.05856985074383473,0.11586367572718373,0.06586891680855622,-0.45125452258112375
2023-09-27 04:00:00,3,-1.16475814754037,-0.4257707690005735,-0.029138543641720426,-0.01539910757790608,0.13293786741406066
2023-09-27 08:00:00,3,-0.4658211849166882,0.6212258575152204,0.29296219826648245,0.6966447620880114,-1.16475814754037
2023-09-27 12:00:00,3,2.2155747560275696,1.1768818191913055,0.11947926265304507,0.9814121361397525,-0.4658211849166882
2023-09-27 16:00:00,3,0.9592222457350452,-0.0546550278786519,-0.5460692263419819,-0.37302047817369566,2.2155747560275696
2023-09-27 20:00:00,3,-1.506456484322003,-0.44087925915228793,-0.23423034342943358,-0.9594154488078379,0.9592222457350452
2023-09-28 00:00:00,3,0.6262507003392379,-0.20482165923137305,0.3777750408103719,-0.03848340223224156,-1.506456484322003
2023-09-28 04:00:00,3,-1.0579435622508573,-0.8653991433857707,-0.1515835751798782,-0.421325087428599,0.6262507003392379
2023-09-28 08:00:00,3,0.04079730456374797,-0.010691813373950095,0.26644978182080414,0.22542053057287248,-1.0579435622508573
2023-09-28 12:00:00,3,0.658011334285364,0.45361248630651885,-0.006268361941295548,0.20048018508153298,0.04079730456374797
2023-09-28 16:00:00,3,1.3348394451000392,0.11197888297005884,-0.15946687268532772,-0.20177751771967944,0.658011334285364
2023-09-28 20:00:00,3,-0.4357177610511229,-1.0910678301073773,-0.32746217676691547,-1.017796058460383,1.3348394451000392
2023-09-29 00:00:00,3,-0.5076877306395229,-1.182740268941469,0.11200730076880042,-0.7514316107712471,-0.4357177610511229
2023-09-29 04:00:00,3,-0.628769255019094,-0.7659012318682723,0.12987094551486866,-0.44107023912525545,-0.5076877306395229
2023-09-29 08:00:00,3,0.47752561260194604,-0.4898793657985104,0.1599245546687856,-0.05668890260815296,-0.628769255019094
2023-09-29 12:00:00,3,-0.7422023745878619,-0.39449086632237385,-0.11466856538675152,-0.34861146677282484,0.47752561260194604
2023-09-29 16:00:00,3,1.791251093414612,0.07841378637148935,0.18807975553941864,0.10511418605284639,-0.7422023745878619
2023-09-29 20:00:00,3,-1.4665077028690945,-0.734821455914869,-0.4407479762481076,-0.9899194591649385,1.791251093414612
2023-09-30 00:00:00,3,3.160975652105126,-0.39743072267216734,0.36785936564760097,-0.09340903607764872,-1.4665077028690945
2023-10-02 04:00:00,3,-3.120376237888804,-2.5385863789756673,-0.7807269015741539,-2.0257873070497086,3.160975652105126
2023-10-02 08:00:00,3,0.7349168992364685,-1.14957398988264,0.7783655828275833,-0.11822840657598377,-3.120376237888804
2023-10-02 12:00:00,3,-0.4145321003484739,-0.5827003176187617,-0.17855558008841713,-0.5675002780973415,0.7349168992364685
2023-10-02 16:00:00,3,1.725512750241057,-0.3611455356481343,0.10674881422688225,-0.31408711978961,-0.4145321003484739
2023-10-02 20:00:00,3,-0.08264492220922293,-1.2871315524392974,-0.4244310816410438,-1.3689333798772116,1.725512750241057
2023-10-03 00:00:00,3,0.2126081624243703,-1.9184074905525348,0.024371196451561793,-1.3184106079675573,-0.08264492220922293
2023-10-03 04:00:00,3,-2.4059924575835154,-1.9734540058409982,-0.04891348387051296,-1.4483829451560908,0.2126081624243703
2023-10-03 08:00:00,3,-0.5017907592518895,-0.55009844152086,0.6010485971916211,0.022456459146424024,-2.4059924575835154
2023-10-03 12:00:00,3,0.9553461636755731,0.16121402869211038,0.12840726000063454,0.32921287440294833,-0.5017907592518895
2023-10-03 16:00:00,3,0.2700244662307014,-0.33572431847082,-0.23326826225428496,-0.25481255670524483,0.9553461636755731
2023-10-03 20:00:00,3,-0.1668143322718425,-0.27510375814738525,-0.06316476756139758,-0.4198848219178979,0.2700244662307014
2023-10-04 00:00:00,3,0.1497088521037444,-0.6560763506642728,0.04526286068935137,-0.3179073230548024,-0.1668143322718425
2023-10-04 04:00:00,3,-0.45333353528758735,-0.8511201391364056,-0.033301264763483246,-0.4094278422289328,0.1497088521037444
2023-10-04 08:00:00,3,-0.930605517225823,-0.4495641456678366,0.11637970685271047,-0.13229446016403834,-0.45333353528758735
2023-10-04 12:00:00,3,0.7912939471680929,0.36290461266607194,0.23484324353830505,0.4366064357148307,-0.930605517225823
2023-10-04 16:00:00,3,0.5107808788314276,-0.09544224723562741,-0.19254891038773858,-0.047130042432671715,0.7912939471680929
2023-10-04 20:00:00,3,0.6298317198062797,-0.663626001174204,-0.12292284512671586,-0.35938232783845514,0.5107808788314276
2023-10-05 00:00:00,3,-1.3977690574932193,-1.2750210313303776,-0.15247241895671787,-0.7444131739039985,0.6298317198062797
2023-10-05 04:00:00,3,-0.9972079205052733,-0.329894383828957,0.35079776692325587,0.1100757092160567,-1.3977690574932193
2023-10-05 08:00:00,3,0.349468083511967,0.13546126147317689,0.25137460624726243,0.7196922103562358,-0.9972079205052733
2023-10-05 12:00:00,3,1.0011280142766186,0.32095193954740836,-0.08288344417848308,0.5060542057335056,0.349468083511967
2023-10-05 16:00:00,3,1.4264407704397275,0.055031099524642156,-0.24463176177543058,-0.10595874032040697,1.0011280142766186
2023-10-05 20:00:00,3,-1.1639529215270272,-0.9468280762617155,-0.3501985144852095,-0.9779753114669365,1.4264407704397275
2023-10-06 00:00:00,3,-0.817262174899632,-0.8245041920472833,0.29276233335720275,-0.26642369527673626,-1.1639529215270272
2023-10-06 04:00:00,3,-0.620773204170824,-0.36880073526234747,0.2067103262503503,0.23318776721955814,-0.817262174899632
2023-10-06 08:00:00,3,0.24334514073920488,-0.060548497632372474,0.15793985726593976,0.6126809310288142,-0.620773204170824
2023-10-06 12:00:00,3,2.811969635344367,0.3944414145391772,-0.05654270011617756,0.4639183608401094,0.24334514073920488
2023-10-06 16:00:00,3,-1.008387876287994,-0.740156168745937,-0.694100221956112,-1.255104377710226,2.811969635344367
2023-10-06 20:00:00,3,-0.27098801137908524,-1.3364948917560504,0.25414957974692426,-0.638653308385198,-1.008387876287994
2023-10-07 00:00:00,3,-0.16823229170618248,-1.3726116483486301,0.07111977859699263,-0.4729920055105188,-0.27098801137908524
2023-10-09 04:00:00,3,-1.2505326189741837,-0.5049522183138057,0.04561481197881624,-0.37014767491519773,-0.16823229170618248
2023-10-09 08:00:00,3,-0.06694665772261388,-0.42543605898520426,0.31425225430983517,0.39433213322194227,-1.2505326189741837
2023-10-09 12:00:00,3,1.4403290327775817,0.1552446489803348,0.020474734892353314,0.4352581892677172,-0.06694665772261388
2023-10-09 16:00:00,3,-0.2602909708800194,-0.6976322060675937,-0.3536457159494104,-0.4452486011392347,1.4403290327775817
2023-10-09 20:00:00,3,-0.02874872651878846,-0.7709107896077166,0.0684646693562571,-0.28612664905339713,-0.2602909708800194
2023-10-10 00:00:00,3,-1.5679738524794509,-0.5858128728695072,0.010993637749165504,-0.26855188083079895,-0.02874872651878846
2023-10-10 04:00:00,3,0.4217178643748305,-0.05138506413816319,0.3930442484640995,0.6899871702263631,-1.5679738524794509
2023-10-10 08:00:00,3,-0.5563921068247843,-0.19222759762072825,-0.10081654079776384,0.43218118647702575,0.4217178643748305
2023-10-10 12:00:00,3,0.6171640141031318,0.6660604296239151,0.14195984424204847,0.7723166812419269,-0.5563921068247843
2023-10-10 16:00:00,3,1.773884136728908,0.3115836947877047,-0.14932817149179675,0.3950298996482271,0.6171640141031318
2023-10-10 20:00:00,3,-1.9080236752492397,-0.7207368592395041,-0.43643732909446786,-0.6893869191760933,1.773884136728908
2023-10-11 00:00:00,3,0.09533747691954453,0.3650325605177162,0.47744791383541385,0.47703253365848397,-1.9080236752492397
2023-10-11 04:00:00,3,1.8545821650058478,-0.08798758338418546,-0.01980576190026839,0.4187505064983128,0.09533747691954453
2023-10-11 08:00:00,3,-1.252892489800912,-1.2855321203575798,-0.45646736269169996,-0.7149989024865153,1.8545821650058478
2023-10-11 12:00:00,3,0.815128698425756,0.22428426135929064,0.31483799714585936,0.05092354982437186,-1.252892489800912
2023-10-11 16:00:00,3,0.463229079908837,-0.3922538757660918,-0.19846492690841838,-0.4473836686556778,0.815128698425756
2023-10-11 20:00:00,3,-1.3833965377156474,-0.35217980949074207,-0.11112002725910149,-0.7305664283526978,0.463229079908837
2023-10-12 00:00:00,3,-0.41266455780503364,0.028727601911046455,0.34723036806397156,0.11513619761956662,-1.3833965377156474
2023-10-12 04:00:00,3,0.2626094072238203,-0.038289243269532404,0.1062852720476236,0.3674076835361628,-0.41266455780503364
2023-10-12 08:00:00,3,-0.07204205584367962,-0.13091599860705846,-0.06132427797070295,0.20686841714409,0.2626094072238203
2023-10-12 12:00:00,3,0.17734325859003874,0.45870227281327797,0.021739462144498397,0.2509094091130635,-0.07204205584367962
2023-10-12 16:00:00,3,0.5864044699916473,0.7656916793440345,-0.04016039257835969,0.14249533158780814,0.17734325859003874
2023-10-12 20:00:00,3,-0.3152516628657942,0.09166356063056268,-0.14169335419645723,-0.21598742200698684,0.5864044699916473
2023-10-13 00:00:00,3,-1.0311163696348622,-0.015164978660010632,0.08210644636751495,-0.023266714777252062,-0.3152516628657942
2023-10-13 04:00:00,3,-0.6215550162125218,0.22840469209216568,0.2597910123205913,0.6070788135722136,-1.0311163696348622
2023-10-13 08:00:00,3,1.1205424802440263,0.3823521778091218,0.15813391060028129,0.9870499173492622,-0.6215550162125218
2023-10-13 12:00:00,3,0.35936323680790494,0.5821832019539972,-0.2742715908566847,0.3020361181817002,1.1205424802440263
2023-10-13 16:00:00,3,0.049362009537135876,0.4246136020692852,-0.08533951723502932,0.08234897515315076,0.35936323680790494
2023-10-13 20:00:00,3,0.9459641304741471,0.3572902744010193,-0.008394204815406547,0.05217282540091972,0.049362009537135876
2023-10-14 00:00:00,3,1.2598094208747508,-0.654110163820378,-0.2309395505837842,-0.5261171496040591,0.9459641304741471
2023-10-16 04:00:00,3,-2.2169652009280885,-1.5053505870991004,-0.3088389967695534,-1.296268083491512,1.2598094208747508
2023-10-16 08:00:00,3,2.787958972583672,-0.6870961791663737,0.5541301980380848,0.0590145422767705,-2.2169652009280885
2023-10-16 12:00:00,3,-2.582248080894356,-1.5642386970632915,-0.6881405424935847,-1.6453299171291151,2.787958972583672
2023-10-16 16:00:00,3,5.142456636603493,-0.005360965431306272,0.6447969530312652,-0.06674133215965128,-2.582248080894356
2023-10-16 20:00:00,3,-3.1085553162871324,-3.308815426793671,-1.2725497074000098,-3.210445225408802,5.142456636603493
2023-10-17 00:00:00,3,-0.8729161276806323,-1.5139821431312903,0.7754315153926371,-1.3101127305009408,-3.1085553162871324
2023-10-17 04:00:00,3,-0.5575862556819171,-0.9995708253193553,0.2205241773173999,-0.7764787063388887,-0.8729161276806323
2023-10-17 08:00:00,3,0.13532659507074918,-0.8862917927008148,0.14225624357471098,-0.4356132004768476,-0.5575862556819171
2023-10-17 12:00:00,3,-0.10338318006603764,-0.4081354306521016,-0.029731449022926393,-0.5183415098914415,0.13532659507074918
2023-10-17 16:00:00,3,0.11831616682422208,0.057950840418891585,0.029518633266182974,-0.455140956413417,-0.10338318006603764
2023-10-17 20:00:00,3,-0.2323758612567648,-0.3914279697439885,-0.02550929568713532,-0.5274703935995495,0.11831616682422208
2023-10-18 00:00:00,3,-0.7211580925918515,-0.5696841534586937,0.061535868299243096,-0.3854136002509696,-0.2323758612567648
2023-10-18 04:00:00,3,1.3545436822574768,-0.24904999217015994,0.18285636056422608,0.05544719129991904,-0.7211580925918515
2023-10-18 08:00:00,3,-1.2038427497058262,-0.9736842362709149,-0.332352959611285,-0.7726170099961758,1.3545436822574768
2023-10-18 12:00:00,3,1.722803681428152,0.2591241582537113,0.30266337574534097,-0.036679809831550614,-1.2038427497058262
2023-10-18 16:00:00,3,-1.2527485467942334,-0.7320519759372608,-0.42375866447672994,-1.0898699528575921,1.722803681428152
2023-10-18 20:00:00,3,-0.7477815530615093,-0.14161169160517806,0.31480226909498354,-0.32403549626985306,-1.2527485467942334
2023-10-19 00:00:00,3,-0.17943678115005746,0.21623601006123877,0.18946456176899099,0.1331008387118704,-0.7477815530615093
2023-10-19 04:00:00,3,1.969879789140462,0.009654802890607973,0.04839587497121627,0.24279473549232122,-0.17943678115005746
2023-10-19 08:00:00,3,-2.5367146548332418,-1.3513164664105324,-0.48508535168607664,-0.9614388050055274,1.969879789140462
2023-10-19 12:00:00,3,1.3488873150210985,0.7739123278067307,0.633495114891289,0.5893141327438087,-2.5367146548332418
2023-10-19 16:00:00,3,1.1327927699153442,-0.1880873052600813,-0.3309489943818729,-0.2352921991020933,1.3488873150210985
2023-10-19 20:00:00,3,-0.28929371561334705,-1.154130465463187,-0.2773122316124941,-0.9277948865684955,1.1327927699153442
2023-10-20 00:00:00,3,-0.4494655409123176,-0.8428910530525361,0.07566343200045547,-0.7509428789904851,-0.28929371561334705
2023-10-20 04:00:00,3,0.9495885328636273,-0.891562787436564,0.11541963311925227,-0.4761740922612221,-0.4494655409123176
2023-10-20 08:00:00,3,0.25253559335446596,-1.627750550630453,-0.23183916242289926,-1.056679749129498,0.9495885328636273
2023-10-20 12:00:00,3,0.1390651626810957,-1.0705319538480371,-0.05882385962636665,-1.2110606577328955,0.25253559335446596
2023-10-20 16:00:00,3,-0.595583509555988,-1.018825175166823,-0.030659397777557402,-1.2960744408777227,0.1390651626810957
2023-10-20 20:00:00,3,-0.769046680121166,-0.840605560918837,0.15168753065756632,-0.9319803259329245,-0.595583509555988
2023-10-21 00:00:00,3,0.6175252052719209,-0.6487846954400214,0.19474277263174697,-0.46184412192906077,-0.769046680121166
2023-10-23 04:00:00,4,0.8532930919281583,-0.6211847068073941,-0.21194494000647554,-0.6978938956041318,0.6175252052719209
2023-10-23 08:00:00,4,-0.46941341529540104,-1.2614064050170264,-0.2879424648661429,-1.2552786804472449,0.8532930919281583
2023-10-23 12:00:00,4,-1.3990999310369485,-0.653384730968499,0.13841933567598716,-0.948650280473128,-0.46941341529540104
2023-10-23 16:00:00,4,1.4618520903772758,0.4147815102407279,0.4380948983397991,-0.034735681360562154,-1.3990999310369485
2023-10-23 20:00:00,4,0.8544288653923005,-0.42178174613096514,-0.48410564157834984,-0.9896410012034602,1.4618520903772758
2023-10-24 00:00:00,4,2.357052289724523,-1.2893995090401162,-0.28830857058690185,-1.5477676915582084,0.8544288653923005
2023-10-24 04:00:00,4,-1.8324571793654716,-2.721540087519135,-0.7726648697630918,-3.0874321934743714,2.357052289724523
2023-10-24 08:00:00,4,-0.44929669395353145,-1.515504026957809,0.5777834654302938,-1.8904416631199608,-1.8324571793654716
2023-10-24 12:00:00,4,-0.6834963716375775,-1.138860061858132,0.13193490282147022,-1.5969538293861607,-0.44929669395353145
2023-10-24 16:00:00,4,1.1567810626817145,-0.6135568050547294,0.20742693050745742,-1.150482995800255,-0.6834963716375775
2023-10-24 20:00:00,4,-1.1436626400509162,-1.3664626130648405,-0.38576891158482796,-1.9061110090031566,1.1567810626817145
2023-10-25 00:00:00,4,0.656397264436773,-0.9530903845399382,0.3557571289891253,-1.1590521606566417,-1.1436626400509162
2023-10-25 04:00:00,4,-1.415999639105948,-1.4209650727133643,-0.22447497674992173,-1.5878214211494983,0.656397264436773
2023-10-25 08:00:00,4,0.25797382567222193,-0.7087687097224317,0.4435423577131256,-0.6628676606572652,-1.415999639105948
2023-10-25 12:00:00,4,-0.006580862453851921,-0.4461257856271643,-0.09604698928472524,-0.8313803167160962,0.25797382567222193
2023-10-25 16:00:00,4,1.1057928561255963,-0.3996283938370721,-0.010770314107508377,-0.8270815914157028,-0.006580862453851921
2023-10-25 20:00:00,4,-1.2992739803219546,-0.9278144784476325,-0.3693333505325784,-1.5494032872352088,1.1057928561255963
2023-10-26 00:00:00,4,-0.3061584728029665,-0.4566865588482813,0.4059169572355288,-0.7006966062311859,-1.2992739803219546
2023-10-26 04:00:00,4,-1.1219595966806484,-0.2979181608043167,0.08579566530894346,-0.5007089629402159,-0.3061584728029665
2023-10-26 08:00:00,4,0.7805169701587715,0.40073765350691937,0.34876136039037947,0.23217310807877745,-1.1219595966806484
2023-10-26 12:00:00,4,0.5316599238630353,0.11072198472290767,-0.2644837775877377,-0.27767314239921603,0.7805169701587715
2023-10-26 16:00:00,4,0.6391771449309029,-0.10589486246537642,-0.18426708722082996,-0.6249619638784516,0.5316599238630353
2023-10-26 20:00:00,4,-1.7139860366203905,-0.45274062382103075,-0.21892423581232348,-1.0424827650827613,0.6391771449309029
2023-10-27 00:00:00,4,-0.608059505942995,0.3738517474160481,0.5395954248806912,0.07712050755944944,-1.7139860366203905
2023-10-27 04:00:00,4,1.2798279344181687,0.6199449126339878,0.18311057785541676,0.47431476601288836,-0.608059505942995
2023-10-27 08:00:00,4,-0.1976658789414394,-0.4409306365924666,-0.425431894641253,-0.3616894447442025,1.2798279344181687
2023-10-27 12:00:00,4,-0.25149868425793187,0.11864277271301084,0.050824114619756056,-0.23257091038968447,-0.1976658789414394
2023-10-27 16:00:00,4,0.9792912058202781,0.32264927455471326,0.06817660489452747,-0.06828792094619729,-0.25149868425793187
2023-10-27 20:00:00,4,0.14132279723429697,-0.1963019762414846,-0.32855675262429396,-0.7079767022317318,0.9792912058202781
2023-10-28 00:00:00,4,1.4618358675035275,-0.4154246893596321,-0.058445645185887476,-0.8002910285458809,0.14132279723429697
2023-10-30 04:00:00,4,-3.094461832669678,-1.701699291286024,-0.48410041229005074,-1.755185751346474,1.4618358675035275
2023-10-30 08:00:00,4,0.8695446097600676,0.13927565000051884,0.9845786035329789,0.26616653560375525,-3.094461832669678
2023-10-30 12:00:00,4,0.5531173461435372,0.05124447318926369,-0.29318098631176565,-0.3018340023209216,0.8695446097600676
2023-10-30 16:00:00,4,0.5247026715338734,-0.258165659176093,-0.1911836822088679,-0.6631391574775813,0.5531173461435372
2023-10-30 20:00:00,4,-0.41845812205083455,-0.6460608123402066,-0.18202448342800984,-1.005883389730358,0.5247026715338734
2023-10-31 00:00:00,4,-1.8232910579151564,-0.5262982837447673,0.12199438391514,-0.7325398076346588,-0.41845812205083455
2023-10-31 04:00:00,4,-0.06885537169898903,0.5177053176802837,0.5748288537880274,0.4584632646226936,-1.8232910579151564
2023-10-31 08:00:00,4,1.0651335243968205,0.5746008982078731,0.009303278745200365,0.5034407019215354,-0.06885537169898903
2023-10-31 12:00:00,4,-0.7426053649534072,-0.20744662643469303,-0.3562272035604061,-0.1923216638367169,1.0651335243968205
2023-10-31 16:00:00,4,0.909513431889664,0.5773260670666954,0.2264801495554759,0.2927601157808617,-0.7426053649534072
2023-10-31 20:00:00,4,-1.2241113773731431,0.03938967539800056,-0.3060645541143414,-0.30134870021834814,0.909513431889664
2023-11-01 00:00:00,4,0.543059955220242,0.584321265745748,0.38168901055826027,0.49826055849411155,-1.2241113773731431
2023-11-01 04:00:00,4,-1.1834534063268478,0.1022398040353979,-0.18794177837049242,0.1435250530028398,0.543059955220242
2023-11-01 08:00:00,4,0.017335617509742107,0.858548935780069,0.3685833021890806,0.9165758704737446,-1.1834534063268478
2023-11-01 12:00:00,4,2.5999698614549054,1.1145574958543694,-0.018479562836700766,0.9052519660296632,0.017335617509742107
2023-11-01 16:00:00,4,0.4770095047997014,-0.606493275959669,-0.8509670272717058,-0.7930902044793573,2.5999698614549054
2023-11-01 20:00:00,4,0.027756091433730035,-0.6393477335500736,-0.16665104696928928,-1.1046804924073967,0.4770095047997014
2023-11-02 00:00:00,4,0.14912624934547658,-0.7118962888696069,-0.02183850301010303,-1.1228112181782057,0.027756091433730035
2023-11-02 04:00:00,4,-1.0690056094449414,-1.0366861969977632,-0.060961013390698524,-1.220222885039429,0.14912624934547658
2023-11-02 08:00:00,4,-0.6476158939840122,-0.6427502736898086,0.33169214872445013,-0.5219312109909104,-1.0690056094449414
2023-11-02 12:00:00,4,0.4257266303457712,-0.038257925230563344,0.19586120147146946,-0.09889808304939152,-0.6476158939840122
2023-11-02 16:00:00,4,1.0732263370860817,-0.1569131268760008,-0.15012050253653392,-0.37698957177931547,0.4257266303457712
2023-11-02 20:00:00,4,-1.295457578976066,-0.8222372385796854,-0.3588358443819337,-1.0780382930726695,1.0732263370860817
2023-11-03 00:00:00,4,0.46839845221656873,-0.17906950622981258,0.4046867767377856,-0.231824546868161,-1.295457578976066
2023-11-03 04:00:00,4,-0.5890312491243286,-0.6413068861297506,-0.16387535647116513,-0.5377899566192585,0.46839845221656873
2023-11-03 08:00:00,4,0.5892851841499507,-0.4106396300265491,0.1769770011367128,-0.153025261856353,-0.5890312491243286
2023-11-03 12:00:00,4,-0.6466635397014482,-0.575848238224386,-0.20284203910808604,-0.5379558310661032,0.5892851841499507
2023-11-03 16:00:00,4,0.7145215950468558,0.4976109434344664,0.19555421917082264,-0.11554479627394088,-0.6466635397014482
2023-11-03 20:00:00,4,-0.13750535733216296,-0.25701801773484934,-0.2432107991858753,-0.5822818052669545,0.7145215950468558
2023-11-04 00:00:00,4,1.4075790244189523,-0.692339757733195,0.03143194547656039,-0.49246109215397915,-0.13750535733216296
2023-11-06 04:00:00,4,-2.152196493270143,-1.573647454645754,-0.4666112374935731,-1.4119143715688933,1.4075790244189523
2023-11-06 08:00:00,4,-0.8418032063342284,-0.2294301892897765,0.6808483772879171,-0.006064973877437652,-2.152196493270143
2023-11-06 12:00:00,4,1.2401572033751354,0.724211349007954,0.2584556256191701,0.5438144327196461,-0.8418032063342284
2023-11-06 16:00:00,4,-0.3665606024882404,-0.07114460002147384,-0.412644413651359,-0.26627621785963385,1.2401572033751354
2023-11-06 20:00:00,4,-0.04126904908714302,0.11425408115967196,0.10526571450621404,-0.02683293104222173,-0.3665606024882404
2023-11-07 00:00:00,4,-0.5510420189602225,-0.11840581070613333,0.0004110913136805977,0.0001246762133799706,-0.04126904908714302
2023-11-07 04:00:00,4,0.3361378920699689,0.29896281154059795,0.16473153588382275,0.3600741942431327,-0.5510420189602225
2023-11-07 08:00:00,4,-0.30104627286223007,-0.09386157838333832,-0.1212424290176042,0.14050351164722663,0.3361378920699689
2023-11-07 12:00:00,4,0.46595770731056874,0.36367639936610296,0.08414779651903409,0.3371517836354201,-0.30104627286223007
2023-11-07 16:00:00,4,1.6663785117602288,0.28506025090309217,-0.1630886056786779,0.03278070775056108,0.46595770731056874
2023-11-07 20:00:00,4,0.31364146060290743,-0.7086055923571423,-0.550032778704421,-1.0557245632177672,1.6663785117602288
2023-11-08 00:00:00,4,-1.527103526205579,-1.1831221699991725,-0.11399091934884,-1.2606002146085435,0.31364146060290743
2023-11-08 04:00:00,4,-1.4657343186611218,-0.28880418926824136,0.4793556338196004,-0.26307160639742655,-1.527103526205579
2023-11-08 08:00:00,4,0.4577245773135239,0.3546529817900275,0.45957385631748365,0.6943696474606096,-1.4657343186611218
2023-11-08 12:00:00,4,-0.28859835319364535,0.6436418841648439,-0.16043473491410004,0.3953765846352706,0.4577245773135239
2023-11-08 16:00:00,4,1.3583322375994307,0.9353525429851758,0.0801353285876243,0.5838936750964461,-0.28859835319364535
2023-11-08 20:00:00,4,0.8683285484266108,0.046990370529625916,-0.4507370064494093,-0.3033908103421954,1.3583322375994307
2023-11-09 00:00:00,4,0.30723165265174934,-0.8050123569040882,-0.2927890005637023,-0.8705969974264436,0.8683285484266108
2023-11-09 04:00:00,4,-0.1807478382518184,-0.8479713333551416,-0.11192477901894812,-1.0712856590717985,0.30723165265174934
2023-11-09 08:00:00,4,-1.0464297457479166,-0.947496820736614,0.04537074590139027,-0.9532182612598756,-0.1807478382518184
2023-11-09 12:00:00,4,1.2106625552373096,0.1600309221536786,0.32441503483554845,-0.26967350482788177,-1.0464297457479166
2023-11-09 16:00:00,4,1.1836748545566902,-0.5055709962961102,-0.403137095725785,-1.060497776408151,1.2106625552373096
2023-11-09 20:00:00,4,-1.057957147538099,-1.3324653306444645,-0.39443786835233396,-1.8336932474278926,1.1836748545566902
2023-11-10 00:00:00,4,-1.221102878727784,-0.6723862525329128,0.3281307826269095,-1.1426186065665025,-1.057957147538099
2023-11-10 04:00:00,4,-0.2951440648501418,-0.2968772876660749,0.38071924977432314,-0.34497454760311896,-1.221102878727784
2023-11-10 08:00:00,4,-0.533612684342545,-0.30479994511536096,0.08224527617800213,-0.1521816929082771,-0.2951440648501418
2023-11-10 12:00:00,4,1.704523693341594,0.4367624816801537,0.1591133564545533,0.19638270315373596,-0.533612684342545
2023-11-10 16:00:00,4,-0.1293621063111008,-0.506645116556358,-0.5623285134061242,-0.9170396145241657,1.704523693341594
2023-11-10 20:00:00,4,-1.1140665001631422,-0.38896712507227055,0.028807046340852283,-0.8325382040766343,-0.1293621063111008
2023-11-11 00:00:00,4,0.7380211143685482,0.03344517503274319,0.3462170961679854,-0.10481203077411472,-1.1140665001631422
2023-11-13 04:00:00,4,-0.6604320202209539,-0.6910767954541301,-0.2507856446373447,-0.5868993041076509,0.7380211143685482
2023-11-13 08:00:00,4,-0.5670251546207794,-0.23977366641093387,0.199992357270973,-0.15549447618089296,-0.6604320202209539
2023-11-13 12:00:00,4,0.42745860042874995,0.35761831982850906,0.1698835469016323,0.2148954833754022,-0.5670251546207794
2023-11-13 16:00:00,4,0.8070805505516301,0.240834968375925,-0.15067878653909317,-0.06432735609577023,0.42745860042874995
2023-11-13 20:00:00,4,-0.047055579196742414,-0.3271645752832105,-0.2730462938400529,-0.591525364934399,0.8070805505516301
2023-11-14 00:00:00,4,-0.36568227617930305,-0.5264420509226185,0.002276323988462517,-0.5607879030536544,-0.047055579196742414
2023-11-14 04:00:00,4,-1.3329209362176346,-0.2460190111610764,0.10498259441532697,-0.3219183531214469,-0.36568227617930305
2023-11-14 08:00:00,4,0.3813693525486368,0.24167604253185349,0.416762731880243,0.5487670611571662,-1.3329209362176346
2023-11-14 12:00:00,4,0.7694539135377862,0.48750563504586136,-0.1358223579931676,0.29965046039371224,0.3813693525486368
2023-11-14 16:00:00,4,1.0524505364631658,0.5668254511493194,-0.2609177070235853,-0.20296922339491275,0.7694539135377862
2023-11-14 20:00:00,4,0.9083002246425131,-0.5853589210790769,-0.3521389636204682,-0.8904468572510309,1.0524505364631658
2023-11-15 00:00:00,4,-1.562402384008582,-1.714952951009004,-0.30567348835372016,-1.483763186744934,0.9083002246425131
2023-11-15 04:00:00,4,-1.0716252650312583,-0.6587804449390683,0.49073388325572054,-0.4631767963393365,-1.562402384008582
2023-11-15 08:00:00,4,0.5153288118165786,-0.047609193967399974,0.332536569664759,0.23682607891209173,-1.0716252650312583
2023-11-15 12:00:00,4,0.882348572581483,-0.12661541921705452,-0.17900290934088725,-0.09979499726324903,0.5153288118165786
2023-11-15 16:00:00,4,0.9698105492243752,-0.34638977166579227,-0.29730822135052887,-0.6761592898343247,0.882348572581483
2023-11-15 20:00:00,4,0.13657339983300965,-0.9953832527658011,-0.3255007535840869,-1.3096551536019891,0.9698105492243752
2023-11-16 00:00:00,4,-1.6629453272471775,-1.5908008017589856,-0.056914722327003606,-1.398867097072901,0.13657339983300965
2023-11-16 04:00:00,4,-0.5142080564901583,-0.35673982853442054,0.5231429400471584,-0.31260443749945743,-1.6629453272471775
2023-11-16 08:00:00,4,0.6039764456456602,-0.11457284387769524,0.15285846013037938,0.02328454325358642,-0.5142080564901583
2023-11-16 12:00:00,4,0.659451314704155,-0.3452491877195166,-0.20757762683623146,-0.37124259448030017,0.6039764456456602
2023-11-16 16:00:00,4,0.494973230866373,-0.5334789914355419,-0.2254594206638482,-0.8020068097750723,0.659451314704155
2023-11-16 20:00:00,4,-0.18456989398223556,-0.8547292401973463,-0.17244148237457696,-1.1253312927685224,0.494973230866373
2023-11-17 00:00:00,4,-0.9644661988737653,-1.2600184375254928,0.04660274903594323,-1.0047672666220802,-0.18456989398223556
2023-11-17 04:00:00,4,0.2551741520348081,-0.5577113464185814,0.2979948688854796,-0.3747624185423195,-0.9644661988737653
2023-11-17 08:00:00,4,-0.24402024067750538,-0.893972351610493,-0.09514454124620784,-0.5414462827091473,0.2551741520348081
2023-11-17 12:00:00,4,0.027884837099382054,-0.027922634760020316,0.06576600008326343,-0.38204833300812346,-0.24402024067750538
2023-11-17 16:00:00,4,1.2227463501144715,-0.14275907147578903,-0.02188000294491065,-0.40026315752041697,0.027884837099382054
2023-11-17 20:00:00,4,-1.142708649199248,-1.1607294523642682,-0.40703219151088327,-1.1989807584518895,1.2227463501144715
2023-11-18 00:00:00,4,2.4680133792497294,-0.6345173912248799,0.3554496191560696,-0.4525450722880162,-1.142708649199248
2023-11-20 04:00:00,5,-2.9188472645943104,-1.5338212435290284,-0.7997038829906832,-1.4473680046625859,2.4680133792497294
2023-11-20 08:00:00,5,-0.07701965251942333,0.27216989403998315,0.9756143521272125,0.08140429491726042,-2.9188472645943104
2023-11-20 12:00:00,5,0.6462738924082903,0.5933819041528775,0.039048750315412654,0.12174402516735405,-0.07701965251942333
2023-11-20 16:00:00,5,1.278017012578422,-0.2843481688927935,-0.19932315208763962,-0.21674769265562777,0.6462738924082903
2023-11-20 20:00:00,5,-1.241723310205547,-0.5840166255724669,-0.4075232811238312,-0.8861205066844002,1.278017012578422
2023-11-21 00:00:00,5,-0.11084132618362474,0.009147305913897428,0.42289377225070646,-0.23575684312056566,-1.241723310205547
2023-11-21 04:00:00,5,-1.050123016470982,0.22738079753600646,0.05019517454431496,-0.17770270949950717,-0.11084132618362474
2023-11-21 08:00:00,5,-0.26445466685596664,0.5283688895953335,0.3597491101162527,0.3723085905796699,-1.050123016470982
2023-11-21 12:00:00,5,0.45391060963961216,0.8371584523668175,0.10082068407269577,0.5108190820630982,-0.26445466685596664
2023-11-21 16:00:00,5,2.7510623328977903,0.5066366127721258,-0.13592703582525992,0.27307935003950856,0.45391060963961216
2023-11-21 20:00:00,5,-1.4841610231138151,-1.4500228956052348,-0.8929867804082521,-1.1678140944265571,2.7510623328977903
2023-11-22 00:00:00,5,1.3115739671120643,-0.5037755818388426,0.5027926449082311,-0.3904715154657348,-1.4841610231138151
2023-11-22 04:00:00,5,-2.098530363423043,-1.8620074712459538,-0.4185824633149794,-1.0774200838587644,1.3115739671120643
2023-11-22 08:00:00,5,-0.022018528656426284,-0.2001648817050095,0.7052669922249282,0.021703919080210632,-2.098530363423043
2023-11-22 12:00:00,5,-0.2393057471948179,0.27079533334496286,0.02092233038332434,0.033236319934397685,-0.022018528656426284
2023-11-22 16:00:00,5,0.8851768467525023,0.29235866931875376,0.09253249200316932,0.1585748403425713,-0.2393057471948179
2023-11-22 20:00:00,5,0.8785148228090556,-0.15132237291940567,-0.2780570936748423,-0.30504443153897576,0.8851768467525023
2023-11-23 00:00:00,5,-0.31028328471548683,-0.8049135723154833,-0.27586152683702025,-0.7651744089351897,0.8785148228090556
2023-11-23 04:00:00,5,-1.9364869220179202,-0.9384595485132565,0.1159241713086673,-0.6026607699210524,-0.31028328471548683
2023-11-23 08:00:00,5,0.29108709162038515,0.2583442705975656,0.6518632204498918,0.41159153467533294,-1.9364869220179202
2023-11-23 12:00:00,5,0.3977819497841839,0.6361408383060625,-0.08226617846190581,0.2591320730815596,0.29108709162038515
2023-11-23 16:00:00,5,0.3438754738854417,-0.13155855633634403,-0.11742902001563534,0.050790227490868034,0.3977819497841839
2023-11-23 20:00:00,5,-0.07574585543673251,-0.4584462034168968,-0.09966335723329753,-0.12931762034269223,0.3438754738854417
2023-11-24 04:00:00,5,-1.793059677230712,-0.39464154493811976,0.03862895196935274,-0.08964505268069445,-0.07574585543673251
2023-11-24 08:00:00,5,1.3778514905513166,0.9402292777605504,0.6045946868978994,0.8494859526632554,-1.793059677230712
2023-11-24 12:00:00,5,1.3999128938721555,0.21749661627638286,-0.44042518465484204,0.1278239399774268,1.3778514905513166
2023-11-24 16:00:00,5,0.3982690495922796,-0.6585976101833333,-0.44769584083053754,-0.6053929295506437,1.3999128938721555
2023-11-24 20:00:00,5,-0.02018659574414805,-0.8285928176345648,-0.1175895508384668,-0.8139898980121965,0.3982690495922796
2023-11-25 00:00:00,5,-0.4897189657206713,-0.822647825891489,0.02031859026088461,-0.8034169883670739,-0.02018659574414805
2023-11-27 04:00:00,5,-1.3941620397956385,-0.5676113178583838,0.17505980847859084,-0.5469223103296077,-0.4897189657206713
2023-11-27 08:00:00,5,0.03285637289462073,0.26160724520500217,0.4731321716213605,0.1832824980612635,-1.3941620397956385
2023-11-27 12:00:00,5,-0.04936308283015123,0.20521113802223553,0.002837508849059759,0.16607367958170371,0.03285637289462073
2023-11-27 16:00:00,5,1.2050607278288687,0.14902757430208882,0.029934125724876255,0.19192803467865982,-0.04936308283015123
2023-11-27 20:00:00,5,-0.5921200989869249,-0.4648629621787399,-0.38347947690358497,-0.4392332742267442,1.2050607278288687
2023-11-28 00:00:00,5,-0.46077497126577427,-0.15618868467444108,0.20880759057354215,-0.1291050889201717,-0.5921200989869249
2023-11-28 04:00:00,5,-0.9262093803072773,0.23168400969131628,0.16552089434097506,0.11222991375552471,-0.46077497126577427
2023-11-28 08:00:00,5,0.6003566509510847,0.5574093123446122,0.3189115699596155,0.597340341217917,-0.9262093803072773
2023-11-28 12:00:00,5,-0.12426662017669798,0.4226524974650819,-0.18419045765671077,0.2828981883257162,0.6003566509510847
2023-11-28 16:00:00,5,0.7977250720008051,0.8664128621638029,0.0546196753460869,0.34798393946896766,-0.12426662017669798
2023-11-28 20:00:00,5,0.725078604295776,0.8302418481403872,-0.24923609000036787,-0.06983168505795323,0.7977250720008051
2023-11-29 00:00:00,5,-0.4837901362468564,-0.17860380647342275,-0.22529439049102087,-0.4495980739030605,0.725078604295776
2023-11-29 04:00:00,5,-1.1332007770557375,0.038723136088354565,0.1731058765368399,-0.19620867320519597,-0.4837901362468564
2023-11-29 08:00:00,5,0.6941248207207504,0.6261476266993197,0.3871285938360371,0.39731534527953105,-1.1332007770557375
2023-11-29 12:00:00,5,0.32253763125337187,0.34825117769151404,-0.21509312113213477,0.033761276781123506,0.6941248207207504
2023-11-29 16:00:00,5,0.4324039312578769,-0.049109951363930385,-0.09263116100114151,-0.1351706855772381,0.32253763125337187
2023-11-29 20:00:00,5,-0.781353544800405,-0.2259496512702449,-0.12883919731740046,-0.3616461028952287,0.4324039312578769
2023-11-30 00:00:00,5,-0.43868808496860723,0.19767639640863516,0.27117222356823073,0.04759478817805096,-0.781353544800405
2023-11-30 04:00:00,5,0.10607415908802409,0.30980043605205376,0.15824183987997917,0.27736158707526926,-0.43868808496860723
2023-11-30 08:00:00,5,-0.75095532060765,0.2655477766665295,-0.02129247697350936,0.22180429975775784,0.10607415908802409
2023-11-30 12:00:00,5,1.3672544423981297,0.8296310076194092,0.26115404688005683,0.6151238496680351,-0.75095532060765
2023-11-30 16:00:00,5,-0.9609171661325178,-0.12244733533428215,-0.43693277338441605,-0.10098786449055641,1.3672544423981297
2023-11-30 20:00:00,5,-0.49696356711597467,0.6417521816584226,0.33035002533278923,0.4023010754938854,-0.9609171661325178
2023-12-01 00:00:00,5,1.1880141602041565,0.7816276288438359,0.17744737218472464,0.6625901781554075,-0.49696356711597467
2023-12-01 04:00:00,5,-0.8365018730417564,-0.12678014429262216,-0.37786153273328127,0.040357161149236376,1.1880141602041565
2023-12-01 08:00:00,5,0.9538782608446255,0.41916568776322005,0.28934715684314705,0.4784824812250834,-0.8365018730417564
2023-12-01 12:00:00,5,-0.3987517050495697,0.17943197795125623,-0.3006986434159726,-0.021119769306975122,0.9538782608446255
2023-12-01 16:00:00,5,0.8798281148089551,0.11350253124100088,0.14508022531401005,0.1877299942570465,-0.3987517050495697
2023-12-01 20:00:00,5,-1.3887897142636785,-0.019422506719940082,-0.27629434130719227,-0.2730878315425622,0.8798281148089551
2023-12-02 00:00:00,5,3.9866222558842015,0.6572918038697397,0.471361643643664,0.4543031734139147,-1.3887897142636785
2023-12-04 04:00:00,5,-2.46817721137322,-1.1864191299465734,-1.3001835146258571,-1.6337258055643238,3.9866222558842015
2023-12-04 08:00:00,5,0.3693260801130389,0.002565518522491459,0.8270894846017702,-0.3409959676685217,-2.46817721137322
2023-12-04 12:00:00,5,0.6263636767226455,-0.09096546519568538,-0.10805097449647887,-0.5344337976084503,0.3693260801130389
2023-12-04 16:00:00,5,-1.0949651867504446,-0.7577739944564857,-0.19276145106939457,-0.862497362308078,0.6263636767226455
2023-12-04 20:00:00,5,-0.04077495960462585,-0.001574133710489655,0.37452749921201794,-0.28899957542027543,-1.0949651867504446
2023-12-05 00:00:00,5,0.07838556093401472,-0.14776407867609023,0.02710378486853014,-0.26764332649414246,-0.04077495960462585
2023-12-05 04:00:00,5,-1.8602794335888024,-0.4577259348842668,-0.012167296936814192,-0.30869846346432084,0.07838556093401472
2023-12-05 08:00:00,5,1.551884034252378,0.792158014214984,0.6267479347936056,0.6656394890711734,-1.8602794335888024
2023-12-05 12:00:00,5,-0.22563335859791245,-0.06023871128314347,-0.49778013937963544,-0.1471736212629864,1.551884034252378
2023-12-05 16:00:00,5,2.116733530290121,0.14698363111383173,0.08802655758263765,-0.028996136380578186,-0.22563335859791245
2023-12-05 20:00:00,5,-0.754723549770679,-0.6657142913794131,-0.6839345021361544,-1.1376542103922596,2.116733530290121
2023-12-06 00:00:00,5,-1.0281635808317962,-0.5255580476299208,0.26239592158028197,-0.7423610168340993,-0.754723549770679
2023-12-06 04:00:00,5,-0.09633696343704656,-0.10984941447515399,0.3525120588723718,-0.2038511671140455,-1.0281635808317962
2023-12-06 08:00:00,5,-0.27628626548224133,-0.3103487783648279,0.045415050948173455,-0.15339382290331116,-0.09633696343704656
2023-12-06 12:00:00,5,1.249259005770666,0.35836445377453474,0.10471995939845069,-0.008686426066526032,-0.27628626548224133
2023-12-06 16:00:00,5,-0.30394331939091046,-0.6181932410696419,-0.39804566191907276,-0.6629969774232789,1.249259005770666
2023-12-06 20:00:00,5,-0.7759832893468026,-0.3528081474217354,0.11383474357052858,-0.5038039518191262,-0.30394331939091046
2023-12-07 00:00:00,5,-0.6421920084035158,-0.19182402645708926,0.26940237781495013,-0.09737577995822999,-0.7759832893468026
2023-12-07 04:00:00,5,-1.048120537093057,0.3647025416531692,0.22530951622777834,0.23897801469477642,-0.6421920084035158
2023-12-07 08:00:00,5,2.7092815430508264,0.7505373130461993,0.3590891639267888,0.7879404983317277,-1.048120537093057
2023-12-07 12:00:00,5,-0.833957630418702,-0.9430669967675077,-0.8792173137379553,-0.6310698846438001,2.7092815430508264
2023-12-07 16:00:00,5,0.419327117439277,-0.17780186420891844,0.2885086647005233,-0.19427713434394445,-0.833957630418702
2023-12-07 20:00:00,5,-0.6028606858806036,-0.13910431724574515,-0.12452954322305664,-0.4139034537405957,0.419327117439277
2023-12-08 00:00:00,5,-0.5467721589024688,-0.14696333454145535,0.21234730712255043,-0.09814979021066428,-0.6028606858806036
2023-12-08 04:00:00,5,-0.35296786053968177,0.2057173592902702,0.19386251768605806,0.18822700683895643,-0.5467721589024688
2023-12-08 08:00:00,5,0.7155973953993549,0.3374075313464247,0.12999149378628952,0.37309707331364983,-0.35296786053968177
2023-12-08 12:00:00,5,0.13619446860031204,0.0030822773397891114,-0.22216972026885468,-0.001703447771537192,0.7155973953993549
2023-12-08 16:00:00,5,0.6328933240039838,0.18530747597874783,-0.03121906283863054,-0.07303651595833482,0.13619446860031204
2023-12-08 20:00:00,5,-0.2927887237940574,-0.09486798139486122,-0.19491339125383117,-0.4045200416853252,0.6328933240039838
2023-12-09 00:00:00,5,2.8356323060570343,-0.3575668201481603,0.11015858443485661,-0.2511693350570008,-0.2927887237940574
2023-12-11 04:00:00,5,-1.4581409494093123,-3.436471168705696,-0.9208580444745708,-1.7363570575794531,2.8356323060570343
2023-12-11 08:00:00,5,-1.9775039380799484,-2.18635716243839,0.4942173513595656,-0.9726427243973621,-1.4581409494093123
2023-12-11 12:00:00,5,-0.16144270729433963,-0.04439161797912486,0.6653809743662209,0.06309260835458019,-1.9775039380799484
2023-12-11 16:00:00,5,1.3417178236182234,-0.10458415157968357,0.06687159529239237,0.14764966684632252,-0.16144270729433963
2023-12-11 20:00:00,5,0.9091704774765166,-1.345178125887133,-0.42851680943423853,-0.5550870153641432,1.3417178236182234
2023-12-12 00:00:00,5,-0.7230549103437411,-1.9221408543114815,-0.2859645434804551,-1.0312731654315268,0.9091704774765166
2023-12-12 04:00:00,5,-1.011206831265829,-1.1639247193383686,0.25195906108338656,-0.6525667043511332,-0.7230549103437411
2023-12-12 08:00:00,5,0.13629673625402994,-0.6245516694750223,0.34692371554903184,-0.12293810352060053,-1.011206831265829
2023-12-12 12:00:00,5,-0.29087226888959883,-0.33899381611808516,-0.031252766630599914,-0.19432473530356287,0.13629673625402994
2023-12-12 16:00:00,5,1.6019248169930353,0.08903801123262645,0.10952698886117967,-0.04197778903189331,-0.29087226888959883
2023-12-12 20:00:00,5,-0.09776184884087336,-1.2779780536319905,-0.5142718067853226,-0.881000205838224,1.6019248169930353
2023-12-13 00:00:00,5,-0.2902910293832903,-1.526889414459578,0.04588464264686679,-0.8297965651830452,-0.09776184884087336
2023-12-13 04:00:00,5,-1.1435484521014878,-1.401003806923629,0.10933543293227335,-0.67775404828918,-0.2902910293832903
2023-12-13 08:00:00,5,-0.023842268910829745,-0.7849421729189707,0.3905388205737174,-0.0788103426673823,-1.1435484521014878
2023-12-13 12:00:00,5,-0.21309005625373345,-0.15714376443659409,0.02152337049626303,-0.06632274158179552,-0.023842268910829745
2023-12-13 16:00:00,5,1.3813589467816971,-0.031235527209726093,0.08389272995045903,0.045285076774503,-0.21309005625373345
2023-12-13 20:00:00,5,-0.1575147885543835,-0.6658919492842271,-0.4415811178442013,-0.6782139974088688,1.3813589467816971
2023-12-14 00:00:00,5,-0.8504379529484787,0.364063538346686,0.06557709257064953,-0.595714221405828,-0.1575147885543835
2023-12-14 04:00:00,5,-1.5116335842108484,0.287449500179549,0.29393999456816555,-0.15028975512779308,-0.8504379529484787
2023-12-14 08:00:00,5,1.1453946658956422,0.9990888980126291,0.5118466267922231,0.6414418228440812,-1.5116335842108484
2023-12-14 12:00:00,5,1.5921290390172462,0.4570025650532106,-0.36381565881525546,0.041531146273908526,1.1453946658956422
2023-12-14 16:00:00,5,-0.07791977693535124,-0.6980541245621573,-0.5110434657500931,-0.7923606444102971,1.5921290390172462
2023-12-14 20:00:00,5,-0.9554546548310885,-0.16280848697883946,0.03934539940198181,-0.7515494659655895,-0.07791977693535124
2023-12-15 00:00:00,5,-0.5905937134780874,0.06921058928584248,0.32854977532371443,-0.25112156501702465,-0.9554546548310885
2023-12-15 04:00:00,5,-1.043202409992876,0.19282722058124704,0.20830454803971393,0.05820716225942224,-0.5905937134780874
2023-12-15 08:00:00,5,0.7108028117919165,0.7089822558823237,0.3574683236450643,0.6045937329434183,-1.043202409992876
2023-12-15 12:00:00,5,0.4444833578672043,0.40621522146800454,-0.22058959554114155,0.23230441780449063,0.7108028117919165
2023-12-15 16:00:00,5,0.6837020994511853,-0.04016608510949338,-0.13282014795769848,-0.0004977069843388193,0.4444833578672043
2023-12-15 20:00:00,5,-1.8129890841526048,-0.8114781461601469,-0.21165816182043334,-0.3585927822163182,0.6837020994511853
2023-12-16 00:00:00,5,2.775925959601821,0.7090460496603691,0.611162712667037,0.5909764278322127,-1.8129890841526048
2023-12-18 04:00:00,6,-1.6866366862858886,-0.904761314277756,-0.9502427807609589,-0.8234953844715429,2.775925959601821
2023-12-18 08:00:00,6,0.8891893181147097,0.022235010515084565,0.59596183724294,0.24442281247540887,-1.6866366862858886
2023-12-18 12:00:00,6,0.42668533976534206,-0.3191956634198859,-0.2965195415560509,-0.318580151391461,0.8891893181147097
2023-12-18 16:00:00,6,-0.15108726624083957,-0.562052044292938,-0.13626951395633477,-0.5887420910735113,0.42668533976534206
2023-12-18 20:00:00,6,-0.32251491828281686,-0.39833017047901903,0.06391919877493396,-0.49307902251968727,-0.15108726624083957
2023-12-19 00:00:00,6,0.24428808398528368,-0.26468686534118707,0.12331606292543007,-0.28887407854949565,-0.32251491828281686
2023-12-19 04:00:00,6,-0.7936666321832462,-0.4984964325175166,-0.07307186238762198,-0.44354858095206584,0.24428808398528368
2023-12-19 08:00:00,6,-0.6295583041986426,-0.046354987801706604,0.2865623887746844,0.058972824937967516,-0.7936666321832462
2023-12-19 12:00:00,6,0.7809130523612353,0.38497336400207804,0.22970155012258822,0.45758669036579125,-0.6295583041986426
2023-12-19 16:00:00,6,1.2043113420782152,0.013544460994190155,-0.2590035949098977,-0.03685960362914109,0.7809130523612353
2023-12-19 20:00:00,6,-1.8181843239564017,-0.703237106622108,-0.40570414407050664,-0.7993865944460197,1.2043113420782152
2023-12-20 00:00:00,6,0.007834018957057154,0.1884838783574022,0.641540931811189,0.35182287511227184,-1.8181843239564017
2023-12-20 04:00:00,6,0.38573626239402614,0.15583517936720373,0.008855585203359754,0.34686265370389524,0.007834018957057154
2023-12-20 08:00:00,6,0.18798028110162157,-0.1087296651547423,-0.12208133161386985,0.10262820939093587,0.38573626239402614
2023-12-20 12:00:00,6,0.5205308148649301,-0.016028470427089082,-0.05356213406400925,-0.016394200407161996,0.18798028110162157
2023-12-20 16:00:00,6,0.9150992688335631,-0.2514188465183366,-0.16878542879989847,-0.34597574798394604,0.5205308148649301
2023-12-20 20:00:00,6,-0.5358934024109718,-0.7525618166470605,-0.30549691366995546,-0.9253839685843168,0.9150992688335631
2023-12-21 00:00:00,6,-1.0646632184319884,-0.46863625073933823,0.19724820096401993,-0.5860753784701522,-0.5358934024109718
2023-12-21 04:00:00,6,-0.3782478747914393,-0.05059569083257962,0.380458252288718,0.08803140091417117,-1.0646632184319884
2023-12-21 08:00:00,6,0.5630356520756461,0.19074313034745938,0.14262661642725108,0.327524465265685,-0.3782478747914393
2023-12-21 12:00:00,6,0.3421367203988126,-0.06570273304930874,-0.18351265635899516,-0.02896962932532876,0.5630356520756461
2023-12-21 16:00:00,6,0.002251662141778965,-0.15610369901221127,-0.10697480683757869,-0.2455983985964556,0.3421367203988126
2023-12-21 20:00:00,6,-0.5792432750731358,-0.16679616632418334,0.010789780098098688,-0.24702407076055177,0.002251662141778965
2023-12-22 00:00:00,6,0.1315778520254547,0.11171022446128134,0.2122682194195335,0.1197321126780535,-0.5792432750731358
2023-12-22 04:00:00,6,-0.4761832538420645,-0.025432783180745565,-0.034019619319802546,0.0364217094147401,0.1315778520254547
2023-12-22 08:00:00,6,0.5479321256342935,0.19576493066441808,0.1765596157754129,0.33792396297899874,-0.4761832538420645
2023-12-22 12:00:00,6,-0.19491783217084624,-0.04533534386064654,-0.17827953266194554,-0.009007117326875758,0.5479321256342935
2023-12-22 16:00:00,6,-0.41195397243587273,0.09851800692552387,0.07910576954792967,0.114407902384972,-0.19491783217084624
2023-12-22 20:00:00,6,0.15634738545485227,0.41775199809668906,0.15430522532717075,0.37524246565871433,-0.41195397243587273
2023-12-23 00:00:00,6,2.900147072068817,0.2676234609149205,-0.04260185558479462,0.27624887721733504,0.15634738545485227
2023-12-27 04:00:00,6,-2.953392862650883,-1.3173194113946811,-0.9932833547520146,-1.5600208169423597,2.900147072068817
2023-12-27 08:00:00,6,-0.23398396117369913,0.12031512925521354,1.0348720341867168,0.30996221283713066,-2.953392862650883
2023-12-27 12:00:00,6,1.2351972370535087,0.35440058429909527,0.09264154122553518,0.4581125121652976,-0.23398396117369913
2023-12-27 16:00:00,6,-0.46318405327737366,-0.3016150456684577,-0.41640559909343833,-0.3239703258244191,1.2351972370535087
2023-12-27 20:00:00,6,0.03606288691193882,0.06041128329681383,0.17205560641164394,-0.030698702449620363,-0.46318405327737366
2023-12-28 00:00:00,6,-0.4097675347375116,-0.02431390650066184,-0.0009252536232014722,-0.0535324362826648,0.03606288691193882
2023-12-28 04:00:00,6,0.26312599635371825,0.09012976907357187,0.15354766059711614,0.20591775261836442,-0.4097675347375116
2023-12-28 08:00:00,6,-0.12040445222897489,-0.049200397728555494,-0.07959888943663547,0.03931575594609349,0.26312599635371825
2023-12-28 12:00:00,6,-0.2243797955683018,0.11028712740588875,0.05328810796835043,0.11555156095037145,-0.12040445222897489
2023-12-28 16:00:00,6,0.29762101462034884,0.32204413657756165,0.0893138556803644,0.2576208451435713,-0.2243797955683018
2023-12-28 20:00:00,6,-0.02047723188726458,0.13784161885119975,-0.09155084636684081,0.06917783314744064,0.29762101462034884
2023-12-29 00:00:00,6,0.4191638691321078,0.07422130172660857,0.01866496834721233,0.08214328607119192,-0.02047723188726458
2023-12-29 04:00:00,6,-0.7477206580623665,-0.3318806816493973,-0.1336634479915232,-0.18325632665429126,0.4191638691321078
2023-12-29 08:00:00,6,0.08391545208404949,0.09872702488854526,0.2706428638286632,0.29017372705592503,-0.7477206580623665
2023-12-29 12:00:00,6,-0.26216536172680094,0.2210175938297874,-0.017505381035111837,0.23704145558676526,0.08391545208404949
2023-12-29 16:00:00,6,1.4547516989097264,0.42504666937647373,0.10240593337747005,0.4030352126736867,-0.26216536172680094
2023-12-29 20:00:00,6,-0.536651487756977,-0.40721970915283545,-0.4924776119173423,-0.5180616802951512,1.4547516989097264
2023-12-30 00:00:00,6,2.9930098472072615,-0.15822539620044265,0.1975108650778592,-0.178273097576521,-0.536651487756977
2024-01-02 04:00:00,6,-3.1080894423055785,-1.9191450227238158,-1.0254587802089625,-2.0733401890629146,2.9930098472072615
2024-01-02 08:00:00,6,0.011581482526107578,-0.12989993432064725,1.0884718567173688,-0.105408802199781,-3.1080894423055785
2024-01-02 12:00:00,6,0.2735320135273298,0.03480162912240872,0.007557150663374824,-0.11274178388921019,0.011581482526107578
2024-01-02 16:00:00,6,0.26138772722693737,-0.12496531198326533,-0.08320440337237663,-0.28593249951192323,0.2735320135273298
2024-01-02 20:00:00,6,-0.5858882499392628,-0.3159288623235303,-0.07899660775132648,-0.45143388616736413,0.26138772722693737
2024-01-03 00:00:00,6,-0.12418300347600564,-0.10255397807223315,0.21457059400557849,-0.0804703416322683,-0.5858882499392628
2024-01-03 04:00:00,6,-1.5362145341844577,-0.13492671570552967,0.05459731387785339,-0.001842092737962986,-0.12418300347600564
2024-01-03 08:00:00,6,1.5463136541546483,0.8034149989629521,0.5438430336125541,0.9708341622073702,-1.5362145341844577
2024-01-03 12:00:00,6,3.6482877008574697,-0.006483305990595434,-0.5242023246591625,-0.00823649532449,1.5463136541546483
2024-01-03 16:00:00,6,-1.709400007607968,-2.2410997075694277,-1.252501787509555,-2.318202153680301,3.6482877008574697
2024-01-03 20:00:00,6,-0.852931417198004,-1.1674247570803435,0.6038489539833045,-1.235871033511378,-1.709400007607968
2024-01-04 00:00:00,6,-0.5508649174154687,-0.5234686693406791,0.30709666281098724,-0.6958252793903235,-0.852931417198004
2024-01-04 04:00:00,6,-0.7237739273086188,-0.4669472037488794,0.2024355848677058,-0.34703725992473444,-0.5508649174154687
2024-01-04 08:00:00,6,0.2913419000857367,-0.06272861124855694,0.26234571516865257,0.11123057791691249,-0.7237739273086188
2024-01-04 12:00:00,6,-0.15377030603103314,-0.01549787135476616,-0.08937523637303166,-0.0732367226964703,0.2913419000857367
2024-01-04 16:00:00,6,1.0275446467215232,0.009717500797254405,0.06484882796853383,0.02412515096362089,-0.15377030603103314
2024-01-04 20:00:00,6,0.06146831933117802,-0.46285161678904435,-0.344457389154546,-0.6264794726235481,1.0275446467215232
2024-01-05 00:00:00,6,0.33005273538699953,-0.6825358629450693,-0.009727818437661238,-0.665399020196098,0.06146831933117802
2024-01-05 04:00:00,6,-0.6200361072066425,-0.9248281139271279,-0.10278790462201584,-0.8743766411252736,0.33005273538699953
2024-01-05 08:00:00,6,-0.8593210578595691,-0.604138021058831,0.22640226535486827,-0.48179189122977206,-0.6200361072066425
2024-01-05 12:00:00,6,0.5308479923162075,0.07971836943101418,0.3093105682913734,0.06229955547577415,-0.8593210578595691
2024-01-05 16:00:00,6,0.3424186826397939,-0.2745081245091542,-0.17236016123186357,-0.2738144609076816,0.5308479923162075
2024-01-05 20:00:00,6,-0.8265226351403907,-0.24292497108511857,-0.10707250212024544,-0.49062175861379576,0.3424186826397939
2024-01-06 00:00:00,6,0.6901376281288414,0.04672265261337149,0.297946453836113,0.032702896560552475,-0.8265226351403907
2024-01-08 04:00:00,6,-0.7310688832693089,-0.45137710687842103,-0.2275514022378842,-0.4042676362573685,0.6901376281288414
2024-01-08 08:00:00,6,1.0764334875255912,-0.07658853469521579,0.2648732975220226,0.05861910752868926,-0.7310688832693089
2024-01-08 12:00:00,6,0.99047007550271,-0.5428623726782593,-0.3613965690425339,-0.62294018646665,1.0764334875255912
2024-01-08 16:00:00,6,-1.2252153026766948,-1.0930663741039366,-0.33161165951938476,-1.2500705137987298,0.99047007550271
2024-01-08 20:00:00,6,1.3023191407348893,-0.3735382552156199,0.43608691092907953,-0.4743078806571628,-1.2252153026766948
2024-01-09 00:00:00,6,-1.1172748688629675,-1.1154328002328147,-0.43966223562200374,-1.2988899141985382,1.3023191407348893
2024-01-09 04:00:00,6,-1.1340340905726993,-0.6034502134781737,0.3986873245309082,-0.5914713141218897,-1.1172748688629675
2024-01-09 08:00:00,6,-0.08964918862365323,0.012151452456900039,0.40449411942836877,0.12655862743453206,-1.1340340905726993
2024-01-09 12:00:00,6,1.7129913778003854,0.21235480130502113,0.042631914568287584,0.18332129639055506,-0.08964918862365323
2024-01-09 16:00:00,6,-1.3022256885918306,-0.7534270706630947,-0.5819534166817933,-0.9012837513003058,1.7129913778003854
2024-01-09 20:00:00,6,3.5272832681990742,-0.0001910772774173057,0.46276974404201593,-0.07676088832300465,-1.3022256885918306
2024-01-10 00:00:00,6,-0.25181217859933724,-2.179175219522507,-1.2105757402085127,-2.3101108554645435,3.5272832681990742
2024-01-10 04:00:00,6,-3.601804060116386,-2.1036690398358324,0.09881872557043207,-2.1506723646943353,-0.25181217859933724
2024-01-10 08:00:00,6,0.4107724621957285,-0.06232787547584164,1.2595358579675395,0.12986151015327962,-3.601804060116386
2024-01-10 12:00:00,6,1.077717169122547,-0.08752429389126395,-0.13075596339440812,-0.1302249629742036,0.4107724621957285
2024-01-10 16:00:00,6,0.654280733713053,-0.7860426861844729,-0.36184134361955606,-0.812597038375058,1.077717169122547
2024-01-10 20:00:00,6,0.6664160857248316,-1.0329916760701405,-0.21512757760338622,-1.2268642644619083,0.654280733713053
2024-01-11 00:00:00,6,0.5595807611643195,-1.564099240089584,-0.21933227764025987,-1.6488151626431167,0.6664160857248316
2024-01-11 04:00:00,6,-2.7715081253216365,-2.0128334046717913,-0.1823155934367042,-2.003121743525533,0.5595807611643195
2024-01-11 08:00:00,6,-0.7206351472559724,-0.4787702568531746,0.9718519618383624,-0.24830164262110888,-2.7715081253216365
2024-01-11 12:00:00,6,1.4567177897877084,0.17456855884285485,0.26125817946385466,0.20797883163376785,-0.7206351472559724
2024-01-11 16:00:00,6,1.6231384177858903,-0.4241613846036411,-0.49315883009536665,-0.7143629199596457,1.4567177897877084
2024-01-11 20:00:00,6,-1.6695606202957034,-1.4062592068812025,-0.5508208427012895,-1.7420762779171781,1.6231384177858903
2024-01-12 00:00:00,6,-0.2856771959391011,-0.56138388758157,0.5900452610093954,-0.6849700369483349,-1.6695606202957034
2024-01-12 04:00:00,6,-0.7575327274061507,-0.5417177302477255,0.11055239753306038,-0.5040894249725838,-0.2856771959391011
2024-01-12 08:00:00,6,0.8083772779239595,-0.16001482522518673,0.27404258460244646,-0.02444671889500505,-0.7575327274061507
2024-01-12 12:00:00,6,-0.8270240906035724,-0.46614279106157025,-0.26851949771388794,-0.5362823810223682,0.8083772779239595
2024-01-12 16:00:00,6,1.8976351175029809,0.007992605572705527,0.2981201999130693,-0.012640222132819012,-0.8270240906035724
2024-01-12 20:00:00,6,-0.4266783254829516,-1.0784136943984792,-0.6459294380104241,-1.2141551006035103,1.8976351175029809
2024-01-13 00:00:00,6,1.4582874024846273,-0.9789553362312183,0.15940697167452858,-0.9439976021149095,-0.4266783254829516
2024-01-15 04:00:00,7,-3.0807854260261998,-1.5174823829313622,-0.4079297916213621,-1.751346442426902,1.4582874024846273
2024-01-15 08:00:00,7,-0.9455893123617969,0.48112467126052294,0.901831130360297,0.22509080032447137,-3.0807854260261998
2024-01-15 12:00:00,7,0.9372961109588402,1.462062527480813,0.28571490220049306,0.8317211477388806,-0.9455893123617969
2024-01-15 16:00:00,7,0.7703875637526725,0.766366054970595,-0.2575964393898002,0.23041119426556556,0.9372961109588402
2024-01-15 20:00:00,7,-1.3285385645343784,0.08436714166707161,-0.20943455679072964,-0.26382078290827415,0.7703875637526725
2024-01-16 04:00:00,7,-0.301252116856352,1.1142330126819358,0.39621587553744264,0.5884856046755225,-1.3285385645343784
2024-01-16 08:00:00,7,0.8557216272545496,0.9806903833189319,0.09978977803165195,0.7817499255797458,-0.301252116856352
2024-01-16 12:00:00,7,-0.09237510006285099,0.8675330897898691,-0.23405791621043925,0.23277300584820004,0.8557216272545496
2024-01-16 16:00:00,7,2.4786401863847782,0.9552817703955806,0.03951778759831278,0.29203503251345886,-0.09237510006285099
2024-01-16 20:00:00,7,-2.265973495435711,-0.6404129864110968,-0.7023551629424177,-1.2981038763393986,2.4786401863847782
2024-01-17 00:00:00,7,-0.31836532235467097,0.5938327676236349,0.6667150910783315,0.15560152282025186,-2.265973495435711
2024-01-17 04:00:00,7,-1.1236563879658892,0.5459716866524006,0.10472783667454302,0.35984459492343923,-0.31836532235467097
2024-01-17 08:00:00,7,0.3589077206830549,1.5853355372496278,0.337096606334619,1.0807115253074393,-1.1236563879658892
2024-01-17 12:00:00,7,0.37791729772186855,1.3705516222717995,-0.09070100943486015,0.8504590124656168,0.3589077206830549
2024-01-17 16:00:00,7,0.931234168158726,1.1428311300439205,-0.09618627087249311,0.6080111562834034,0.37791729772186855
2024-01-17 20:00:00,7,-0.9816794879081883,0.6820100573390003,-0.25584725049355533,0.010590162233345524,0.931234168158726
2024-01-18 00:00:00,7,-0.048143957273200755,1.0890353895213407,0.29612881345153363,0.6403736856024089,-0.9816794879081883
2024-01-18 04:00:00,7,-1.1352108200555318,0.9036603226508954,0.026754779700181953,0.6712598061885213,-0.048143957273200755
2024-01-18 08:00:00,7,0.6678629301576553,1.6367549680246263,0.3404306668792413,1.3995393300325834,-1.1352108200555318
2024-01-18 12:00:00,7,0.8113846382899439,1.350465629127304,-0.17985081497901328,0.9710806788504858,0.6678629301576553
2024-01-18 16:00:00,7,1.956755430899289,0.8766971380169625,-0.22126436613135309,0.45054756941511265,0.8113846382899439
2024-01-18 20:00:00,7,0.02901512828181474,-0.4663510368756506,-0.551763999430044,-0.8047830602074129,1.956755430899289
2024-01-19 00:00:00,7,-1.4415989965725,-0.7379002212449449,0.004490330801935385,-0.8233973329363504,0.02901512828181474
2024-01-19 04:00:00,7,-0.7270962849189235,0.13467928496478287,0.42883974858388535,0.10144148312297663,-1.4415989965725
2024-01-19 08:00:00,7,0.3563590089452173,0.5080755853246536,0.2226681876219941,0.5679005115381877,-0.7270962849189235
2024-01-19 12:00:00,7,-0.05881662368823015,0.6277962539265561,-0.08996557222956843,0.3392830910845426,0.3563590089452173
2024-01-19 16:00:00,7,1.6311713407603445,0.5036168271661317,0.02983440453368296,0.37701611999602136,-0.05881662368823015
2024-01-19 20:00:00,7,0.3612354707462462,-0.4302045388872962,-0.45781588839635323,-0.6694403322944087,1.6311713407603445
2024-01-20 00:00:00,7,-1.5901477376671362,-1.0036280756051992,-0.09137268759119159,-0.9011861824773657,0.3612354707462462
2024-01-22 04:00:00,7,0.2928736939516643,0.20803253027267224,0.47170386278651155,0.11895211850648302,-1.5901477376671362
2024-01-22 08:00:00,7,-0.09566621519148555,-0.13182350649199429,-0.07164672434152254,-0.06893713572660776,0.2928736939516643
2024-01-22 12:00:00,7,0.9679400984257214,0.11201927355784799,0.040467447175958814,-0.00756373757294071,-0.09566621519148555
2024-01-22 16:00:00,7,-0.3757766963724425,-0.4878306380698167,-0.26643883932348544,-0.6285329368945032,0.9679400984257214
2024-01-22 20:00:00,7,0.7622353734991005,-0.19181811347876895,0.12129403356247007,-0.3874583552653137,-0.3757766963724425
2024-01-23 00:00:00,7,-1.383507499543029,-0.7803723723801427,-0.20708222171568497,-0.8764604023404718,0.7622353734991005
2024-01-23 04:00:00,7,-0.8972630435697067,0.033112225409676774,0.4120773004841978,0.011110580248114843,-1.383507499543029
2024-01-23 08:00:00,7,1.2853146653570118,0.5866625865277464,0.27177023535763306,0.5867378475268499,-0.8972630435697067
2024-01-23 12:00:00,7,0.07903243051259246,-0.14372299063362073,-0.35801807171351385,-0.23783881782787386,1.2853146653570118
2024-01-23 16:00:00,7,0.3825670058669033,-0.10914738590995852,-0.009942288008085205,-0.2885410308838896,0.07903243051259246
2024-01-23 20:00:00,7,-0.5748795472091732,-0.2620818619472453,-0.09752795589431822,-0.5339718459791571,0.3825670058669033
2024-01-24 00:00:00,7,0.6075762940297373,-0.19854563755341206,0.17874566373749165,-0.16516545732202115,-0.5748795472091732
2024-01-24 04:00:00,7,-1.6985293185994568,-0.6802521448178731,-0.16245495395160162,-0.5549480125070314,0.6075762940297373
2024-01-24 08:00:00,7,0.6394268379659778,0.4042225140288137,0.5029776415362387,0.5347210617573221,-1.6985293185994568
2024-01-24 12:00:00,7,0.21512499719999845,0.27501299079905417,-0.17164550880005378,0.12450521034022977,0.6394268379659778
2024-01-24 16:00:00,7,0.3162296174648169,0.17473682943240867,-0.04921214164421356,-0.013505393293820944,0.21512499719999845
2024-01-24 20:00:00,7,0.2664771186546684,0.21648371312264034,-0.07838613502517003,-0.21637833210302038,0.3162296174648169
2024-01-25 00:00:00,7,-0.8890045569905372,-0.19402668032011708,-0.06402992591057637,-0.38733321172587765,0.2664771186546684
2024-01-25 04:00:00,7,-0.94114051733305,0.15350098770315931,0.269387228209529,0.18299593244894297,-0.8890045569905372
2024-01-25 08:00:00,7,-0.24667957695789333,0.698254945382707,0.2844311911655083,0.7867722141092415,-0.94114051733305
2024-01-25 12:00:00,7,0.6509545725289403,0.9077356821042566,0.08404273389450465,0.9450262420616529,-0.24667957695789333
2024-01-25 16:00:00,7,0.5030353965577774,0.7278342028063717,-0.17497186570596382,0.5274149246305004,0.6509545725289403
2024-01-25 20:00:00,7,-0.058239162782898646,0.47596615112584567,-0.13228941410883466,0.2046992029252701,0.5030353965577774
2024-01-26 00:00:00,7,-0.6246972496635053,0.31633806767801076,0.029667776731849803,0.24206176941184765,-0.058239162782898646
2024-01-26 04:00:00,7,-0.5915438279962952,0.5400463331391254,0.19312068752819844,0.642828047792964,-0.6246972496635053
2024-01-26 08:00:00,7,1.3195549726315647,0.9797929033047101,0.18355418402181212,1.0223251859236253,-0.5915438279962952
2024-01-26 12:00:00,7,1.0973220297501172,0.2740459905907887,-0.36789819880536473,0.1757821031972222,1.3195549726315647
2024-01-26 16:00:00,7,-0.20908560920540964,-0.542845823557729,-0.303772322186946,-0.5281903671241235,1.0973220297501172
2024-01-26 20:00:00,7,-1.024825807279166,-0.2540779902420755,0.07319489960659432,-0.39405425317542786,-0.20908560920540964
2024-01-27 00:00:00,7,0.07277517621296248,0.20159055353747043,0.3085787928139461,0.2634092221214921,-1.024825807279166
2024-01-29 04:00:00,7,-0.7101697198738677,0.14365523164563468,-0.008136741485658986,0.21672126800434288,0.07277517621296248
2024-01-29 08:00:00,7,-0.05531537858011504,0.38774783828983705,0.21778398455300121,0.6723212819408815,-0.7101697198738677
2024-01-29 12:00:00,7,0.7071004969360288,0.6243559526495996,0.028824111420057565,0.707808133248033,-0.05531537858011504
2024-01-29 16:00:00,7,1.562168948706832,0.20270942165682646,-0.19117291391453972,0.25417713879250137,0.7071004969360288
2024-01-29 20:00:00,7,-2.008361770795082,-0.8486327735656777,-0.4379050739967087,-0.7480117392808543,1.562168948706832
2024-01-30 00:00:00,7,0.6747253971436962,0.583052340177582,0.5923805776818384,0.540426256817268,-2.008361770795082
2024-01-30 04:00:00,7,-0.5528113407874127,-0.10217716795449541,-0.18183099714975284,0.10756508048240221,0.6747253971436962
2024-01-30 08:00:00,7,-1.1357969320193195,0.15369808401457874,0.17237782707096047,0.46221390247350946,-0.5528113407874127
2024-01-30 12:00:00,7,1.5433287539981109,1.1897467793284986,0.3405997909658286,1.190869438714886,-1.1357969320193195
2024-01-30 16:00:00,7,0.03570706420272707,0.09653110957617668,-0.4324686882579709,0.20076723898284854,1.5433287539981109
2024-01-30 20:00:00,7,-0.037360108344525855,0.29900696666069415,0.002559355800485172,0.17785984305602032,0.03570706420272707
2024-01-31 00:00:00,7,0.7796307894471148,-0.006995724790528169,0.02364307287172685,0.20182772764205925,-0.037360108344525855
2024-01-31 04:00:00,7,-1.852283960298795,-0.4411081380678121,-0.21210171289617802,-0.2983341190226323,0.7796307894471148
2024-01-31 08:00:00,7,0.8772018403588859,0.5025530482901339,0.5473439314988419,0.8899742170134957,-1.852283960298795
2024-01-31 12:00:00,7,0.6114594201331744,0.36590253887713614,-0.24025608592104256,0.3272169499708397,0.8772018403588859
2024-01-31 16:00:00,7,0.2824078553584908,-0.17261101289545536,-0.1635754397903533,-0.06505677353257955,0.6114594201331744
2024-01-31 20:00:00,7,0.7100356846238292,-0.21028815501106174,-0.06862678019808313,-0.24623180710056758,0.2824078553584908
2024-02-01 00:00:00,7,-0.5424196663256424,-0.4226209633136014,-0.19201986973071766,-0.7017458324908805,0.7100356846238292
2024-02-01 04:00:00,7,-1.7521501062367442,-0.532620753789089,0.1693792831748391,-0.3537636521448819,-0.5424196663256424
2024-02-01 08:00:00,7,-0.20301336757277788,0.5032883752222417,0.5184500551560566,0.7703051309653723,-1.7521501062367442
2024-02-01 12:00:00,7,0.9964358571035383,1.0101859264810982,0.07144273895623075,0.9005456784106922,-0.20301336757277788
2024-02-01 16:00:00,7,1.076642387025073,0.24170128182612854,-0.2746613624176278,0.2612954010771702,0.9964358571035383
2024-02-01 20:00:00,7,-1.120901584314053,-0.37826495053254305,-0.2978051590800497,-0.4294103172973225,1.076642387025073
2024-02-02 00:00:00,7,-0.04223965913324079,0.16411442466234155,0.3363017007873355,0.2896893051502154,-1.120901584314053
2024-02-02 04:00:00,7,-0.986460463402933,0.13843935924538248,0.02505107956854391,0.3167876011648598,-0.04223965913324079
2024-02-02 08:00:00,7,0.15424390003872723,0.6709549582141369,0.2975083759984565,0.9496382962832648,-0.986460463402933
2024-02-02 12:00:00,7,0.9446552036906741,0.8691591605461843,-0.031644747385117154,0.8506851572790399,0.15424390003872723
2024-02-02 16:00:00,7,0.7690560105539266,0.7741933384564875,-0.2597199241730478,0.24465407495813452,0.9446552036906741
2024-02-02 20:00:00,7,-2.1163149717426233,-0.03466043759862257,-0.20905033375418736,-0.24872366182931938,0.7690560105539266
2024-02-03 00:00:00,7,1.9587937932268318,1.1036376649261752,0.623530746305661,1.108970286022041,-2.1163149717426233
2024-02-05 04:00:00,7,-1.3325129946451977,-0.2087439307281866,-0.5523521740247951,-0.1476680280579421,1.9587937932268318
2024-02-05 08:00:00,7,0.15342467723899134,0.4975530487818804,0.39736270737798973,0.7071881027255511,-1.3325129946451977
2024-02-05 12:00:00,7,-0.4935490398782427,0.6902526171140768,-0.031408358578409575,0.6087605252998216,0.15342467723899134
2024-02-05 16:00:00,7,1.4105049102867095,1.025374745620279,0.1552775405564975,0.9253904000385393,-0.4935490398782427
2024-02-05 20:00:00,7,-0.5337645443484753,0.11470652821577561,-0.394142032887326,0.020499584786210612,1.4105049102867095
2024-02-06 00:00:00,7,-0.06339819463769203,0.2767778317468069,0.16688182588147435,0.3629291858218444,-0.5337645443484753
2024-02-06 04:00:00,7,-0.3235534777710267,0.0004925383919441202,0.03115642839573681,0.4036014611275469,-0.06339819463769203
2024-02-06 08:00:00,7,-0.2758019355320034,0.34691147637715064,0.10622489201563118,0.6111729258865299,-0.3235534777710267
2024-02-06 12:00:00,7,-0.09314063906315795,0.8007363414380858,0.09244606397035647,0.7881100187471244,-0.2758019355320034
2024-02-06 16:00:00,7,1.0980863149972144,0.8723914063122118,0.03973868580918901,0.8478631668576497,-0.09314063906315795
2024-02-06 20:00:00,7,-0.5234175664476393,0.07007090607141202,-0.3039928586241689,0.14340037941986683,1.0980863149972144
2024-02-07 00:00:00,7,-0.3668062808872623,0.4098068703559388,0.16389617929083153,0.4791920132993397,-0.5234175664476393
2024-02-07 04:00:00,7,-0.49153209331434056,0.25406446920755715,0.11870559753151906,0.714511743228023,-0.3668062808872623
2024-02-07 08:00:00,7,0.5954313707743477,0.6553999501059055,0.15469554553440157,1.0298476725098897,-0.49153209331434056
2024-02-07 12:00:00,7,-0.08425029723370514,0.4807826246700732,-0.15895050569061298,0.6478565326014945,0.5954313707743477
2024-02-07 16:00:00,7,1.0593144138745423,0.6211637999574762,0.0371733552337163,0.7019061992088673,-0.08425029723370514
2024-02-07 20:00:00,7,0.018807121991606834,0.09431529151775671,-0.2928051286890065,0.022317013387008977,1.0593144138745423
2024-02-08 00:00:00,7,-0.43361913986421285,-0.19825878993104398,0.007435876783545843,0.010251552410998954,0.018807121991606834
2024-02-08 04:00:00,7,-1.238029483810564,-0.06797906988100953,0.13798461663520484,0.2884341904997836,-0.43361913986421285
2024-02-08 08:00:00,7,0.5100567492037413,0.7107026757620308,0.37009925183580716,1.0826756715053651,-1.238029483810564
2024-02-08 12:00:00,7,0.9613811732309756,0.5693884360499567,-0.13431544313779675,0.7554554936485509,0.5100567492037413
2024-02-08 16:00:00,7,0.563453183444981,0.1502541468705142,-0.26454624490281003,0.13869408624842627,0.9613811732309756
2024-02-08 20:00:00,7,-0.5353326859264911,-0.3149911559042548,-0.14972311901888274,-0.22278186949313117,0.563453183444981
2024-02-09 00:00:00,7,-0.8513342748399495,-0.21736428214174483,0.16733431709204027,0.12065375208210671,-0.5353326859264911
2024-02-09 04:00:00,7,1.537974821987408,0.3236658060979538,0.25851737320941653,0.6668160237579865,-0.8513342748399495
2024-02-09 08:00:00,7,-0.990861186162082,-0.9389461661469819,-0.4309237976621384,-0.31985143153137763,1.537974821987408
2024-02-09 12:00:00,7,0.7506739651675982,0.2090890327504098,0.298778215658707,0.31582248921083433,-0.990861186162082
2024-02-09 16:00:00,7,1.0994659221904968,-0.2344918317813625,-0.20374614815886502,-0.16576248888834222,0.7506739651675982
2024-02-09 20:00:00,7,-0.9511880524622693,-0.8879413831634962,-0.3043909477621303,-0.8711103451186908,1.0994659221904968
2024-02-10 00:00:00,7,0.43806378206974195,-0.5454677610070039,0.2873304327885617,-0.2608881998615713,-0.9511880524622693
2024-02-12 04:00:00,8,-1.8071420736434387,-0.6089039569395738,-0.10138687955590164,-0.5254395350410048,0.43806378206974195
2024-02-12 08:00:00,8,0.26416568870938484,0.40095772383701556,0.4574561766863902,0.5673401834218819,-1.8071420736434387
2024-02-12 12:00:00,8,-0.05531737934595782,0.8644161819814851,-0.058102767446128085,0.4075990589438332,0.26416568870938484
2024-02-12 16:00:00,8,2.187578003194586,0.5943480529187797,0.0214181788026955,0.4410495059836199,-0.05531737934595782
2024-02-12 20:00:00,8,-0.9056003218217992,-0.45734047422506985,-0.5368497890191397,-0.881780009919872,2.187578003194586
2024-02-13 00:00:00,8,-0.5465264327615049,-0.01432935975091936,0.2330578897159519,-0.3341630410309149,-0.9056003218217992
2024-02-13 04:00:00,8,-0.8775629697108336,0.09090887241832193,0.14368258852980753,-0.00367823298173775,-0.5465264327615049
2024-02-13 08:00:00,8,-0.05287449230148411,0.47879762009518323,0.22607925143084184,0.526984535021124,-0.8775629697108336
2024-02-13 12:00:00,8,1.1614602477152722,1.0702881579602193,0.020810131902000626,0.558957767039673,-0.05287449230148411
2024-02-13 16:00:00,8,0.6740629736028616,-0.06179799478022629,-0.28144390671335445,-0.1433778273860673,1.1614602477152722
2024-02-13 20:00:00,8,-0.348941548616553,-0.9575503019715931,-0.16012826807111438,-0.550984045659157,0.6740629736028616
2024-02-14 00:00:00,8,-1.4545984645844925,-1.0017388631422839,0.09450271478154051,-0.3399789161684712,-0.348941548616553
2024-02-14 04:00:00,8,-0.38192317030602574,-0.25979417062332644,0.36970629511367903,0.5396175050472856,-1.4545984645844925
2024-02-14 08:00:00,8,2.662493152018545,0.12506630567989668,0.10271200669028502,0.7705666377184217,-0.38192317030602574
2024-02-14 12:00:00,8,-1.2575781472937155,-0.9838528331859968,-0.6550585637509514,-0.839444306914289,2.662493152018545
2024-02-14 16:00:00,8,0.6378142999617964,-0.003715347154483772,0.3206669449015668,-0.07898617039709599,-1.2575781472937155
2024-02-14 20:00:00,8,-1.0041684329868446,-0.49501529188576043,-0.15110579046143094,-0.4646727975357301,0.6378142999617964
2024-02-15 00:00:00,8,0.5953005208145772,-0.1455443639931617,0.2575919894963067,0.14254835762021667,-1.0041684329868446
2024-02-15 04:00:00,8,-0.9141775630767732,-0.6824760967033952,-0.14052389650699218,-0.21743016594157716,0.5953005208145772
2024-02-15 08:00:00,8,0.4308020291179151,-0.09967799404883619,0.23519280830475747,0.33537346503693133,-0.9141775630767732
2024-02-15 12:00:00,8,-0.6976554377171382,0.05434793664134951,-0.09957939263752001,0.07486726192276372,0.4308020291179151
2024-02-15 16:00:00,8,1.7799815344761534,0.7901398463532552,0.1812993597498501,0.49673985508062746,-0.6976554377171382
2024-02-15 20:00:00,8,-1.3945934767040793,-0.5108119121230197,-0.43539697313922543,-0.5796158717230497,1.7799815344761534
2024-02-16 00:00:00,8,0.923268292602458,-0.10458884727225858,0.3547707511271255,0.26369550322065294,-1.3945934767040793
2024-02-16 04:00:00,8,-1.3814542323036463,-0.5854206730272533,-0.2221567282887777,-0.29460529646229094,0.923268292602458
2024-02-16 08:00:00,8,0.4502056055983914,0.07894881755602702,0.3515003269569908,0.5407607708013291,-1.3814542323036463
2024-02-16 12:00:00,8,0.4188382036123546,0.31391714281872085,-0.10440904064275204,0.26852121525585027,0.4502056055983914
2024-02-16 16:00:00,8,0.5110632725139652,0.5345336258950313,-0.0966015361559578,0.01524954342640239,0.4188382036123546
2024-02-16 20:00:00,8,-1.418774566715788,-0.1649112210738779,-0.1195568207397675,-0.29379067383142665,0.5110632725139652
2024-02-17 00:00:00,8,0.5206908348316226,0.4394370687641785,0.36078954633515814,0.5641430183725031,-1.418774566715788
2024-02-19 04:00:00,8,-0.3434707165831483,-0.028334391320181194,-0.12195316953605806,0.24928100935163844,0.5206908348316226
2024-02-19 08:00:00,8,-0.1609932851355964,-0.1736065515480228,0.09314099710832298,0.45697792396734815,-0.3434707165831483
2024-02-19 12:00:00,8,0.2287929076224362,0.2937283200679812,0.047721444497633374,0.5543306442491538,-0.1609932851355964
2024-02-19 16:00:00,8,1.022688682780915,0.3290559049994838,-0.04929830390880102,0.41597945823870575,0.2287929076224362
2024-02-19 20:00:00,8,-0.32677068191623704,-0.6374719243998439,-0.24690296461216438,-0.20244090125817227,1.022688682780915
2024-02-20 04:00:00,8,-1.2359880117611137,-0.07836512649885224,0.08898427428985144,-0.004842505982911582,-0.32677068191623704
2024-02-20 08:00:00,8,0.4083172201933607,0.3671688644535229,0.31529305132516156,0.7425600647472903,-1.2359880117611137
2024-02-20 12:00:00,8,2.043245258213389,0.5629875060006783,-0.09398281034354121,0.4956504368690293,0.4083172201933607
2024-02-20 16:00:00,8,-0.29233294139652344,-0.8832166323811328,-0.5009246411687167,-0.7399009957415785,2.043245258213389
2024-02-20 20:00:00,8,-1.0073806448228204,-0.5457684605722689,0.08041254706352877,-0.563127119433859,-0.29233294139652344
2024-02-21 00:00:00,8,0.009944927016707794,-0.29105370079727855,0.2583915252160031,0.046036461830668785,-1.0073806448228204
2024-02-21 04:00:00,8,-1.496912762789501,-0.3908904907120938,0.005174061742192009,0.040022759474915404,0.009944927016707794
2024-02-21 08:00:00,8,1.218867815428105,0.47038432261344565,0.38023853725595835,0.9452066580416902,-1.496912762789501
2024-02-21 12:00:00,8,0.26518430445574204,0.17230457197730997,-0.2957329397258241,0.20815667862219556,1.218867815428105
2024-02-21 16:00:00,8,0.5653871753351041,0.07566484213318019,-0.0583563060405435,0.047799596691348256,0.26518430445574204
2024-02-21 20:00:00,8,-0.5814334686144527,-0.2050664216189047,-0.13307831401501607,-0.29409031185334467,0.5653871753351041
2024-02-22 00:00:00,8,0.2673013074241144,-0.3613654325387596,0.15237112573043055,0.05750279828679705,-0.5814334686144527
2024-02-22 04:00:00,8,-1.3521703602147301,-0.3023473787320692,-0.05888323875181751,-0.10413443640099374,0.2673013074241144
2024-02-22 08:00:00,8,-0.029218979957690294,0.20272401803048629,0.3442114235652882,0.713523658720562,-1.3521703602147301
2024-02-22 12:00:00,8,0.6128740333337763,1.1805089267266475,0.014922155625106494,0.7311923905583209,-0.029218979957690294
2024-02-22 16:00:00,8,0.49139029904401,0.5438393166784641,-0.1448980323663617,0.3605871551606299,0.6128740333337763
2024-02-22 20:00:00,8,0.14823165920672565,0.2170437220715705,-0.11466011846574325,0.06344319482878902,0.49139029904401
2024-02-23 00:00:00,8,-0.5580387997417642,-0.1597858433218281,-0.02924620304474488,-0.026192563852115214,0.14823165920672565
2024-02-23 04:00:00,8,0.2003381073660524,0.14659684232407863,0.1465480747084846,0.31125377828506195,-0.5580387997417642
2024-02-23 08:00:00,8,-0.17749522441681265,-0.2664155194168035,-0.04221576067581522,0.19010922426365173,0.2003381073660524
2024-02-23 12:00:00,8,-0.6469431700902923,0.23804840751445666,0.05182886037594725,0.2974406755068042,-0.17749522441681265
2024-02-23 16:00:00,8,1.576371949161878,0.7452932723785164,0.16867682068179593,0.6886475349915253,-0.6469431700902923
2024-02-23 20:00:00,8,-1.36128377043927,-0.24498541143663632,-0.3847175208975905,-0.26458537343435307,1.576371949161878
2024-02-24 00:00:00,8,1.7630430386273108,0.3240844015077752,0.3464797973136071,0.5585836054216129,-1.36128377043927
2024-02-26 04:00:00,8,-2.150739022816623,-0.8624190691489746,-0.43118089613041694,-0.5075294044452798,1.7630430386273108
2024-02-26 08:00:00,8,0.769528307453422,0.3020440670566218,0.5429791895107428,0.7930235615438344,-2.150739022816623
2024-02-26 12:00:00,8,-0.5362356085895037,0.19029926299834415,-0.18389007093586393,0.3276894080022954,0.769528307453422
2024-02-26 16:00:00,8,2.178466997711297,0.8856316648967066,0.14112115051426913,0.6519513495123972,-0.5362356085895037
2024-02-26 20:00:00,8,-0.7178872275735699,-0.6604297448546359,-0.534582013823041,-0.6653687368049264,2.178466997711297
2024-02-27 00:00:00,8,0.7174793904212269,-0.2834747804808165,0.18633515423962915,-0.23126197017184857,-0.7178872275735699
2024-02-27 04:00:00,8,0.03975939640820947,-0.88154779760331,-0.1709348330923683,-0.6651221174743185,0.7174793904212269
2024-02-27 08:00:00,8,-1.0297065474526583,-0.8086340724027109,-0.002246909993024032,-0.6891646444271773,0.03975939640820947
2024-02-27 12:00:00,8,1.2006564368613635,0.4031851301877286,0.26394855493213276,-0.06650057864287007,-1.0297065474526583
2024-02-27 16:00:00,8,-0.5887255002331155,-0.48131440485903,-0.29120003579154746,-0.7925381283075401,1.2006564368613635
2024-02-27 20:00:00,8,-0.5280575278432806,-0.0005259958784600196,0.15418614916163148,-0.4365355229896348,-0.5887255002331155
2024-02-28 00:00:00,8,-0.37063951397628614,0.09041490785296759,0.13908558498837936,-0.11721887100920814,-0.5280575278432806
2024-02-28 04:00:00,8,-1.312540226486325,0.040482296546873416,0.09990344774552119,0.10690702901902682,-0.37063951397628614
2024-02-28 08:00:00,8,2.443044351750123,1.0573035309728531,0.33434728349291265,0.9006007623950447,-1.312540226486325
2024-02-28 12:00:00,8,-0.3111415896512124,-0.10115846128734961,-0.6004366510570021,-0.576709382631547,2.443044351750123
2024-02-28 16:00:00,8,2.5683029261560613,0.1783245897097505,0.08509411443415092,-0.38856190728908935,-0.3111415896512124
2024-02-28 20:00:00,8,-1.1191507954128124,-1.4839272667155385,-0.6316141416926355,-1.9416159750933826,2.5683029261560613
2024-02-29 00:00:00,8,0.3348164097796573,-0.8899592366816369,0.28621167916466256,-1.2648649276989588,-1.1191507954128124
2024-02-29 04:00:00,8,-1.2633256361708813,-1.1033018055304524,-0.0756880880919676,-1.467328578649271,0.3348164097796573
2024-02-29 08:00:00,8,0.18039700694431815,-0.4589419109791613,0.32209752385790646,-0.7033949327248985,-1.2633256361708813
2024-02-29 12:00:00,8,-0.26667964230848007,0.13732037433673439,-0.03725232025178489,-0.8124810933180777,0.18039700694431815
2024-02-29 16:00:00,8,0.6972457223465867,-0.2036735393656971,0.07402731159454949,-0.6512197798375619,-0.26667964230848007
2024-02-29 20:00:00,8,-0.12479599605394043,-0.7552136108445533,-0.16589857110460846,-1.0728446179053241,0.6972457223465867
2024-03-01 00:00:00,8,-0.8748854780937805,-0.8573867510521287,0.03871175676383186,-0.9973804164891229,-0.12479599605394043
2024-03-01 04:00:00,8,-1.029556127422289,-0.2693994489260316,0.22541281026932003,-0.4683367290102236,-0.8748854780937805
2024-03-01 08:00:00,8,0.6038342851902812,-0.0024747935627621367,0.26391111462826145,0.15423637770626275,-1.029556127422289
2024-03-01 12:00:00,8,-0.14025509683989412,0.41276060272122883,-0.14264799348136745,-0.21090251745437705,0.6038342851902812
2024-03-01 16:00:00,8,0.535671210616826,0.560750848094602,0.04255960488341365,-0.1260901900380409,-0.14025509683989412
2024-03-01 20:00:00,8,-0.510282535814115,0.09967242025898661,-0.12568186058955697,-0.4500108398109415,0.535671210616826
2024-03-02 00:00:00,8,1.0383928814194157,0.15580373772223818,0.13466129986326064,-0.14144273442715782,-0.510282535814115
2024-03-04 04:00:00,8,-1.31244669886647,-0.681534021258815,-0.2508118188228568,-0.7693594307185565,1.0383928814194157
2024-03-04 08:00:00,8,1.167887665289241,-0.1041554208494198,0.33432400399683,0.024277746458817973,-1.31244669886647
2024-03-04 12:00:00,8,-0.502730780969106,-0.3437439151339916,-0.2830437233500526,-0.6819445105981368,1.167887665289241
2024-03-04 16:00:00,8,0.8319516792702526,0.10581455763547215,0.13278163001167956,-0.3779429551573763,-0.502730780969106
2024-03-04 20:00:00,8,-0.22230824577963482,-0.5899468464598138,-0.19942756287598962,-0.881024552950473,0.8319516792702526
2024-03-05 00:00:00,8,0.3884341513647094,-0.7264766576843423,0.06298304730901834,-0.746594645209318,-0.22230824577963482
2024-03-05 04:00:00,8,-0.03630690236903966,-1.1502125231675306,-0.08903381427558385,-0.981480971392795,0.3884341513647094
2024-03-05 08:00:00,8,-0.7158100854104017,-1.225054703975189,0.01668637524563145,-0.9595261693173232,-0.03630690236903966
2024-03-05 12:00:00,8,-0.13159066965524246,-0.30796170519287114,0.18581814308372072,-0.5266754515922871,-0.7158100854104017
2024-03-05 16:00:00,8,2.3047315136395223,-0.1381156927652884,0.04040298527718094,-0.4471025076409134,-0.13159066965524246
2024-03-05 20:00:00,8,0.3374817362497371,-1.342070606902128,-0.5660098883748244,-1.8407748100790826,2.3047315136395223
2024-03-06 00:00:00,8,-1.4975325981732688,-2.0114387961426328,-0.07635150128707961,-2.044850185282881,0.3374817362497371
2024-03-06 04:00:00,8,-0.029003231783015337,-1.2833573759846837,0.38039281740775405,-1.1392914719486091,-1.4975325981732688
2024-03-06 08:00:00,8,-0.2860134180318017,-1.28108390287992,0.01486845481677872,-1.1217532031403037,-0.029003231783015337
2024-03-06 12:00:00,8,-0.004054964130967065,-0.6646626907216757,0.07883958583943919,-0.9488007457813428,-0.2860134180318017
2024-03-06 16:00:00,8,-0.2521219332633766,-0.41110789602755216,0.008658705226493294,-0.9463487069372238,-0.004054964130967065
2024-03-06 20:00:00,8,-0.41041737792002486,-0.155056036067316,0.07040382442345111,-0.7938904474189785,-0.2521219332633766
2024-03-07 00:00:00,8,0.14687761806772848,-0.06615994187391759,0.10980435861324556,-0.5457108531098864,-0.41041737792002486
2024-03-07 04:00:00,8,-0.5358267828275203,-0.3909107818084626,-0.028909175379121493,-0.6345278224348005,0.14687761806772848
2024-03-07 08:00:00,8,-0.4841699309899674,-0.1641414621235667,0.14101939172109831,-0.3105130980680526,-0.5358267828275203
2024-03-07 12:00:00,8,-0.2585076039223715,0.544080666448214,0.12816174088106724,-0.01773529792050077,-0.4841699309899674
2024-03-07 16:00:00,8,0.7849030320282484,0.9555374788443306,0.07199325004255358,0.138584379848532,-0.2585076039223715
2024-03-07 20:00:00,8,-0.3177660042661774,0.4261842078195444,-0.18771691739113036,-0.3360468773559466,0.7849030320282484
2024-03-08 00:00:00,8,-1.1844797014782777,0.04337460156339588,0.08674296462747416,-0.14389361517276367,-0.3177660042661774
2024-03-08 04:00:00,8,-0.43224755263916315,0.7813174216316658,0.302472373226942,0.5723618544908939,-1.1844797014782777
2024-03-08 08:00:00,8,1.425516709946951,0.9871684240863802,0.11523799915328918,0.8337421664034883,-0.43224755263916315
2024-03-08 12:00:00,8,-0.3646435116497848,0.38876014586512436,-0.34716889135054485,-0.02826850319443963,1.425516709946951
2024-03-08 16:00:00,8,3.030174101519018,0.9691729463688172,0.09841101253881115,0.1922316112191389,-0.3646435116497848
2024-03-08 20:00:00,8,-1.9307658481720882,-1.8315997659288397,-0.7465762056714262,-1.6401161880191548,3.030174101519018
2024-03-09 00:00:00,8,0.34740119217819654,-0.8664335464043511,0.4882267573910506,-0.4725811110844411,-1.9307658481720882
2024-03-11 04:00:00,9,-0.9833297061718707,-0.7922735258651599,-0.11070502932708423,-0.5102039974231252,0.34740119217819654
2024-03-11 08:00:00,9,1.283170501910977,-0.2162883503836081,0.31222741124275344,-0.01405150300837743,-0.9833297061718707
2024-03-11 12:00:00,9,-0.8454395797548973,-0.6733181962387872,-0.4081109124145942,-0.6614927846930767,1.283170501910977
2024-03-11 16:00:00,9,0.6634497232310395,-0.20450206952909977,0.2684032182610462,-0.23491464539802287,-0.8454395797548973
2024-03-11 20:00:00,9,-0.9737935861635467,-0.46840162346866215,-0.2111514657496704,-0.5696673057049413,0.6634497232310395
2024-03-12 00:00:00,9,0.007915902484041837,-0.23923695438229847,0.30919664483183756,-0.07832639147481757,-0.9737935861635467
2024-03-12 04:00:00,9,-0.5067232663975236,-0.26781122132424234,-0.002809930260904223,-0.0823204686783745,0.007915902484041837
2024-03-12 08:00:00,9,0.8522241626259515,0.05387333554256944,0.16075251499213708,0.17335370756498758,-0.5067232663975236
2024-03-12 12:00:00,9,-0.5505290485675651,-0.43948924209859913,-0.27114769373947867,-0.2566476861013207,0.8522241626259515
2024-03-12 16:00:00,9,1.5038694731884892,0.5036395852255969,0.17467485375139882,0.021129298546017417,-0.5505290485675651
2024-03-12 20:00:00,9,0.45719112607704204,-0.9487428757579432,-0.47825338424671376,-0.7376686770601886,1.5038694731884892
2024-03-13 00:00:00,9,-2.252706521230955,-1.5295936099866636,-0.14559842869987377,-0.9683507323298217,0.45719112607704204
2024-03-13 04:00:00,9,-0.5392017236278157,-0.16490152477185854,0.7156603179719376,0.1682832498207718,-2.252706521230955
2024-03-13 08:00:00,9,0.4545216363166027,0.2982857852744217,0.17107480719966126,0.44034487726021876,-0.5392017236278157
2024-03-13 12:00:00,9,-0.09060394394544957,0.1641073930045871,-0.1447500123740346,0.21100974967429487,0.4545216363166027
2024-03-13 16:00:00,9,1.081085082447549,0.26173048742443067,0.028501613753480922,0.2567252126672246,-0.09060394394544957
2024-03-13 20:00:00,9,-0.46405271620387545,-0.14834774460190897,-0.3438841932760992,-0.2887510980394641,1.081085082447549
2024-03-14 00:00:00,9,-0.7392212266006624,0.03974123384707721,0.14719097527269945,-0.05460693333114275,-0.46405271620387545
2024-03-14 04:00:00,9,0.499554242048843,0.17614393710694498,0.23464493746323173,0.3183772785768646,-0.7392212266006624
2024-03-14 08:00:00,9,-0.47448963772000496,-0.21930391711041464,-0.15906225977970462,0.06632033192678488,0.499554242048843
2024-03-14 12:00:00,9,0.19914299225244925,0.3389732122652347,0.15050803411181216,0.3057305885793813,-0.47448963772000496
2024-03-14 16:00:00,9,2.066289108401147,0.4635412162056172,-0.06358565875649702,0.20525025962041887,0.19914299225244925
2024-03-14 20:00:00,9,-0.05038773466781343,-1.29264193035106,-0.657001401024418,-0.8373242592623305,2.066289108401147
2024-03-15 00:00:00,9,-0.785799556390554,-1.4739469000039673,0.015720111827474226,-0.8119004364220039,-0.05038773466781343
2024-03-15 04:00:00,9,1.976142178384153,-1.221564707266841,0.24944844636208607,-0.4154144891694038,-0.785799556390554
2024-03-15 08:00:00,9,-1.0198355557537067,-2.33252190545393,-0.6283509344505698,-1.4125041377070016,1.976142178384153
2024-03-15 12:00:00,9,-0.1847973108970411,-1.3726414776558027,0.3238296879148171,-0.8979321160298577,-1.0198355557537067
2024-03-15 16:00:00,9,-0.301814631174409,-0.9503828343250745,0.05843811753476391,-0.8046900974197957,-0.1847973108970411
2024-03-15 20:00:00,9,0.9857605251433483,-1.079144395576379,0.09562852238311546,-0.6524053844001756,-0.301814631174409
2024-03-16 00:00:00,9,-0.6862567696417461,-1.9840423947649948,-0.3135881749624857,-1.1497843818775273,0.9857605251433483
2024-03-18 04:00:00,9,-1.4226179693728511,-1.4478533898841566,0.2178117918040574,-0.8035241133941433,-0.6862567696417461
2024-03-18 08:00:00,9,0.2648936008934246,-0.5449415409992321,0.45184185733371773,-0.08572269879901295,-1.4226179693728511
2024-03-18 12:00:00,9,-0.33251059990703524,-0.7194657350554531,-0.08448249478544799,-0.21937839943825033,0.2648936008934246
2024-03-18 16:00:00,9,0.9037237276157892,-0.2991264323768244,0.10538430470382466,-0.05160561424957244,-0.33251059990703524
2024-03-18 20:00:00,9,-1.226285088702035,-0.84699723777793,-0.28751526793230947,-0.5075918199993623,0.9037237276157892
2024-03-19 00:00:00,9,0.654646075341974,-0.2821822347961607,0.38944340811369266,0.11114714598971265,-1.226285088702035
2024-03-19 04:00:00,9,0.5824168043096876,-0.9959063282937815,-0.20835349337805387,-0.21916351298978398,0.654646075341974
2024-03-19 08:00:00,9,0.8953981490714309,-1.1057404231958505,-0.18539761107597397,-0.5130299022929972,0.5824168043096876
2024-03-19 12:00:00,9,-0.17462039602074597,-1.4368025512760247,-0.2848692353968907,-0.9648153231622913,0.8953981490714309
2024-03-19 16:00:00,9,0.376289013052558,-1.228156120037644,0.055203693917307096,-0.8767082065791163,-0.17462039602074597
2024-03-19 20:00:00,9,-0.7111066423253245,-1.4246239345895062,-0.11988614671173821,-1.0665699907549504,0.376289013052558
2024-03-20 00:00:00,9,0.2759983779549504,-1.464534304695499,0.22570956987094257,-0.7077713780717918,-0.7111066423253245
2024-03-20 04:00:00,9,0.33935597663633565,-1.6530268114091793,-0.08801181124637798,-0.8470301463336334,0.2759983779549504
2024-03-20 08:00:00,9,-1.1656391110224362,-1.9072060533745625,-0.108148101665565,-1.0182568602688287,0.33935597663633565
2024-03-20 12:00:00,9,0.4676721375996582,-0.6189691171521791,0.37016892415711045,-0.4301176543735412,-1.1656391110224362
2024-03-20 16:00:00,9,0.43554210239993196,-0.9141720277000838,-0.14892950020982118,-0.6660880478051325,0.4676721375996582
2024-03-20 20:00:00,9,-0.010252526834264586,-1.0486316513146607,-0.1387179433733012,-0.8858467911564691,0.43554210239993196
2024-03-21 00:00:00,9,-0.15126171970253743,-0.6103424641616166,0.0029643537528201954,-0.8806737380788014,-0.010252526834264586
2024-03-21 04:00:00,9,-1.484592543895884,-0.7458368498529346,0.047779847371029666,-0.8043525621102185,-0.15126171970253743
2024-03-21 08:00:00,9,0.29334021546786815,-0.2654816100715565,0.4715385954862637,-0.055281025655755656,-1.484592543895884
2024-03-21 12:00:00,9,-0.05624629976350448,0.07908288990262476,-0.09352338813423533,-0.20328985596267213,0.29334021546786815
2024-03-21 16:00:00,9,0.6400841297006519,0.08949583421522983,0.017582078989452656,-0.17491001372450388,-0.05624629976350448
2024-03-21 20:00:00,9,0.12758932527200706,-0.1818972289726351,-0.20372542077737577,-0.49787324324252147,0.6400841297006519
2024-03-22 00:00:00,9,-1.0645880137345767,-0.779330441773804,-0.04084449670391283,-0.5622501878187656,0.12758932527200706
2024-03-22 04:00:00,9,0.20541938920301916,-0.4205417520261992,0.3380528988576274,-0.02509769946901308,-1.0645880137345767
2024-03-22 08:00:00,9,-0.620535907294526,-0.026525201651863353,-0.06558042109618632,-0.12874487062079965,0.20541938920301916
2024-03-22 12:00:00,9,1.0463535420564671,0.4312952195509247,0.19692440973204953,0.18435503508293927,-0.620535907294526
2024-03-22 16:00:00,9,0.9074036649869281,-0.37488197560824327,-0.3328458269463155,-0.3435970004068576,1.0463535420564671
2024-03-22 20:00:00,9,-1.5850623430932167,-0.9699970113419404,-0.2886848243733973,-0.801439969045556,0.9074036649869281
2024-03-23 00:00:00,9,3.310782140366033,-0.1484245897123988,0.5034698728247353,-0.0016750169724737418,-1.5850623430932167
2024-03-25 04:00:00,9,-3.7828595498934057,-1.950880903764126,-1.0525257522915712,-1.6721755694283704,3.310782140366033
2024-03-25 08:00:00,9,-0.18679510816371803,0.8567031495026448,1.2019730320299957,0.23651811685004898,-3.7828595498934057
2024-03-25 12:00:00,9,0.13422360139122347,0.8990475493407386,0.05907305678116379,0.3307681514805516,-0.18679510816371803
2024-03-25 16:00:00,9,1.6107557461327193,0.6010295002310688,-0.04295300007900788,0.26304379186688376,0.13422360139122347
2024-03-25 20:00:00,9,-1.2144113648037358,-0.11914835878117898,-0.5122239430845421,-0.5496851192201895,1.6107557461327193
2024-03-26 00:00:00,9,0.5418172240955883,0.20388235787684333,0.38566970523117416,0.06306279646992952,-1.2144113648037358
2024-03-26 04:00:00,9,-1.2988762381212755,-0.3002744845514084,-0.1724942663296022,-0.2103185176148843,0.5418172240955883
2024-03-26 08:00:00,9,1.7730496490793293,0.7872046842528715,0.4125143024813778,0.4450473087555391,-1.2988762381212755
2024-03-26 12:00:00,9,-1.1994099291464533,-0.17283671961260527,-0.5638041360055286,-0.4495692177161459,1.7730496490793293
2024-03-26 16:00:00,9,1.2634897434075167,0.8600503824384398,0.3809019540634119,0.1556095177951926,-1.1994099291464533
2024-03-26 20:00:00,9,-0.797281774143821,-0.053671045114671675,-0.40185598045468085,-0.48190156716893817,1.2634897434075167
2024-03-27 00:00:00,9,-0.7530210213867754,0.21743957119570556,0.25309772089502475,-0.0796221094142755,-0.797281774143821
2024-03-27 04:00:00,9,-0.15503648786870095,0.41414149886983237,0.23903078353886584,0.30032497828459626,-0.7530210213867754
2024-03-27 08:00:00,9,0.06578154312995643,0.7644421703530105,0.0489795429030717,0.37855076532078424,-0.15503648786870095
2024-03-27 12:00:00,9,1.5045683727220265,0.8053242741471688,-0.02120076844904392,0.34535978521967614,0.06578154312995643
2024-03-27 16:00:00,9,1.1320116490732541,0.056409066374491765,-0.4784755082582615,-0.41379082973499415,1.5045683727220265
2024-03-27 20:00:00,9,-1.3930067783266171,-0.8854325525194013,-0.3600696573241323,-0.984962838339074,1.1320116490732541
2024-03-28 00:00:00,9,-0.7142733497228324,-0.31271352370267513,0.4424308386875805,-0.28210215644831305,-1.3930067783266171
2024-03-28 04:00:00,9,0.22693913246840047,0.35754118156184517,0.22671601173673162,0.07829426189910382,-0.7142733497228324
2024-03-28 08:00:00,9,-0.8332813665240373,-0.018389919407831468,-0.072419818566365,-0.03621099096552971,0.22693913246840047
2024-03-28 12:00:00,9,0.3640579994386606,0.8950978599647297,0.26453909907581374,0.38423255503466525,-0.8332813665240373
2024-03-28 16:00:00,9,0.8934529170678172,0.9120025723070797,-0.11599889013358083,0.20054209658576383,0.3640579994386606
2024-03-28 20:00:00,9,-1.2957460840950983,0.14841516952835204,-0.2842510024244821,-0.25026183078775777,0.8934529170678172
2024-03-29 00:00:00,9,0.031552295126330066,0.8583092257409342,0.41151947799560684,0.40352463342342126,-1.2957460840950983
2024-04-01 04:00:00,9,-1.3592266528161936,0.9564537703901776,-0.010322040514648531,0.38760449002372344,0.031552295126330066
2024-04-01 08:00:00,9,3.125613700021413,1.4948920419407234,0.4316948507109035,1.073420946128926,-1.3592266528161936
2024-04-01 12:00:00,9,-2.089508791591829,-0.6103472382764557,-0.993675581690919,-0.5036503292622809,3.125613700021413
2024-04-01 16:00:00,9,1.7069513973144836,0.955747915851907,0.6637928711595806,0.5506399993455986,-2.089508791591829
2024-04-01 20:00:00,9,-0.6351429828519084,0.08127641956712481,-0.5427968121574339,-0.31062574733804116,1.7069513973144836
2024-04-02 00:00:00,9,-0.602694294827895,0.04854460423069444,0.20156682550726857,0.009844358745501047,-0.6351429828519084
2024-04-02 04:00:00,9,2.7640962385210166,0.5402607479088277,0.19125399453873787,0.3139420340944161,-0.602694294827895
2024-04-02 08:00:00,9,-2.3029978403009235,-1.3441425314656021,-0.8787782252903515,-1.0807206461205165,2.7640962385210166
2024-04-02 12:00:00,9,0.6383418062676878,0.38398283651040216,0.7316438878583136,0.08128851105770085,-2.3029978403009235
2024-04-02 16:00:00,9,1.1019505900217155,-0.19897082091216373,-0.20317167613773512,-0.24079560526774646,0.6383418062676878
2024-04-02 20:00:00,9,-1.9103637302775986,-0.7708064112810137,-0.35051566178187454,-0.7967998940932448,1.1019505900217155
2024-04-03 00:00:00,9,-0.4473952783024764,0.16955837606253776,0.6068570488294605,0.16710033597976626,-1.9103637302775986
2024-04-03 04:00:00,9,0.14635573893686882,0.36609658471891154,0.1418969140361158,0.39283976185688463,-0.4473952783024764
2024-04-03 08:00:00,9,0.37054553112434796,0.31886091726301663,-0.046808831898852606,0.31899396579308803,0.14635573893686882
2024-04-03 12:00:00,9,0.36787016708468556,0.3299425998324743,-0.11806075524282558,0.13203013422401622,0.37054553112434796
2024-04-03 16:00:00,9,1.0570989336893692,0.10240589671776969,-0.11721047195556585,-0.05358380571317056,0.36787016708468556
2024-04-03 20:00:00,9,-1.5554404484419297,-0.4101628875539676,-0.33626092365280713,-0.5869575759768333,1.0570989336893692
2024-04-04 00:00:00,9,-0.018504646075189868,0.2529670814304685,0.49405545236248816,0.19786124274109707,-1.5554404484419297
2024-04-04 04:00:00,9,0.07775333558831932,0.11788302983275871,0.005587039477458514,0.20719801579986097,-0.018504646075189868
2024-04-04 08:00:00,9,-0.3953655569218224,-0.1250523777160152,-0.025005639447897837,0.16796650356232767,0.07775333558831932
2024-04-04 12:00:00,9,0.09979039908549936,0.49270208160420076,0.12536084571984535,0.36745361967529533,-0.3953655569218224
2024-04-04 16:00:00,9,0.7112315231682729,0.6425886792466511,-0.03200945145783212,0.31710300470438924,0.09979039908549936
2024-04-04 20:00:00,9,1.070799513376306,0.1460892358421011,-0.2263374611205825,-0.04175861832142935,0.7112315231682729
2024-04-05 00:00:00,9,-1.2309212277459203,-1.0315067352203486,-0.3406152372194359,-0.5820452040364472,1.070799513376306
2024-04-05 04:00:00,9,-0.011877269985937744,-0.36178288948733406,0.3909168642445172,0.0390329895144923,-1.2309212277459203
2024-04-05 08:00:00,9,0.843436712673789,-0.2638018838131449,0.003480729067535021,0.04502582904061825,-0.011877269985937744
2024-04-05 12:00:00,9,-0.061768212689562674,-0.7698725256305003,-0.268354869390648,-0.3805417361895653,0.843436712673789
2024-04-05 16:00:00,9,0.16992518993217942,-0.3720204493396493,0.019337051473617195,-0.3493757370245705,-0.061768212689562674
2024-04-05 20:00:00,9,-1.031754449935626,-0.7107202587921697,-0.05429966678116974,-0.43511382295809486,0.16992518993217942
2024-04-06 00:00:00,9,1.7742429364716443,-0.3649259122452821,0.3276177468014807,0.08547204030433697,-1.031754449935626
2024-04-08 04:00:00,10,-2.3639733332623774,-1.4749677859209478,-0.8142854656947451,-0.7308972132230878,1.7742429364716443
2024-04-08 08:00:00,10,1.5291759034319021,0.6907565164215707,1.1054597008233316,0.501936970266871,-2.3639733332623774
2024-04-08 12:00:00,10,-0.4549754896852658,-0.5710279779951333,-0.7005972914947028,-0.29554255278608554,1.5291759034319021
2024-04-08 16:00:00,10,-0.3074617862078899,-0.13754026244884632,0.21986331237354645,-0.05826858338813068,-0.4549754896852658
2024-04-08 20:00:00,10,-0.3996858899322415,0.05137463143163645,0.15143075573868628,0.10207561120177377,-0.3074617862078899
2024-04-09 00:00:00,10,0.07999600429358722,0.1584006485332709,0.19421411113172504,0.31051553767381357,-0.3996858899322415
2024-04-09 04:00:00,10,-0.5802143666549675,-0.4128400353826634,-0.028313407461559487,0.26879687391052887,0.07999600429358722
2024-04-09 08:00:00,10,1.4635073234118376,0.2923334693013141,0.2779624336014928,0.5713840879452432,-0.5802143666549675
2024-04-09 12:00:00,10,-1.1941313106205822,-0.8188845539964531,-0.6701332144942692,-0.1918486569859592,1.4635073234118376
2024-04-09 16:00:00,10,1.8872427760957873,0.659960165469048,0.562762455881935,0.43090198008534575,-1.1941313106205822
2024-04-09 20:00:00,10,-1.23454262821536,-1.5721531520082979,-0.8667068187115872,-0.5533127630245076,1.8872427760957873
2024-04-10 00:00:00,10,-0.7843420584649685,-0.7502278324559872,0.5815095262544043,0.09051275379679691,-1.23454262821536
2024-04-10 04:00:00,10,0.8336419987058665,-0.04625102828723131,0.37265858386575346,0.49955446658551317,-0.7843420584649685
2024-04-10 08:00:00,10,-0.814386060578304,-0.7571843046617367,-0.37793463572367597,0.06480237427694213,0.8336419987058665
2024-04-10 12:00:00,10,1.7444804260024789,0.5464596744953462,0.3865961898487394,0.48951231491450997,-0.814386060578304
2024-04-10 16:00:00,10,-0.4818793058650339,-2.0351372540715023,-0.8004784454975392,-0.4202505285761955,1.7444804260024789
2024-04-10 20:00:00,10,-0.3270009187780225,-0.36827944778020655,0.2323441658875945,-0.16894596763727154,-0.4818793058650339
2024-04-11 00:00:00,10,0.39606354614913997,0.18777315460658997,0.16049508511745963,0.0015880671717525274,-0.3270009187780225
2024-04-11 04:00:00,10,-1.6318346384522364,-0.5133119271469733,-0.17493917475367024,-0.2049627731683401,0.39606354614913997
2024-04-11 08:00:00,10,0.4118902465072054,1.5087477674890477,0.7658158472958407,0.6460542394942168,-1.6318346384522364
2024-04-11 12:00:00,10,1.35375127209727,1.9687060107902314,-0.18228128293118193,0.4312496270244921,0.4118902465072054
2024-04-11 16:00:00,10,0.5420297427300422,0.15102364361915588,-0.619216675755516,-0.27474431152866075,1.35375127209727
2024-04-11 20:00:00,10,-1.9783045851318946,-0.48233826775713595,-0.24265383297747184,-0.5574178873695841,0.5420297427300422
2024-04-12 00:00:00,10,-0.00392681206679768,1.3410524400480728,0.9265454858956136,0.4742864400813991,-1.9783045851318946
2024-04-12 04:00:00,10,-0.1148094441422085,0.9949673718408242,0.010618927285359922,0.47633430926840425,-0.00392681206679768
2024-04-12 08:00:00,10,-1.0780915108857965,1.4135395181597084,0.06205809409121994,0.5362085072275935,-0.1148094441422085
2024-04-12 12:00:00,10,1.557057367718567,2.9159890973794824,0.5089308458005946,1.0984433044010977,-1.0780915108857965
2024-04-12 16:00:00,10,0.593418057489032,1.4818215520480833,-0.713531682258966,0.28642333718377344,1.557057367718567
2024-04-12 20:00:00,10,1.475133581002444,0.6616713566276958,-0.26649320299677265,-0.023049725003044585,0.593418057489032
2024-04-13 00:00:00,10,0.6528972635961416,-1.3015283798814419,-0.6755267102323969,-0.7923456719095325,1.475133581002444
2024-04-15 04:00:00,10,-2.5792674711798025,-1.5404443348795311,-0.29408598959605675,-1.1328376958857778,0.6528972635961416
2024-04-15 08:00:00,10,0.772220853628589,0.24004799518145845,1.2053360373187216,0.21227439234827195,-2.5792674711798025
2024-04-15 12:00:00,10,-0.5605568101305476,-0.27041088638791727,-0.3494409711352644,-0.19044599885144375,0.772220853628589
2024-04-15 16:00:00,10,1.469851613779527,-0.11985032090766191,0.2688431665879936,0.10188961576537547,-0.5605568101305476
2024-04-15 20:00:00,10,-0.10822972774921347,-1.751889249604415,-0.6730763716360156,-0.6646517358769177,1.469851613779527
2024-04-16 00:00:00,10,-0.9314074844248417,-1.7743579917851766,0.0590057213008235,-0.6082089215009603,-0.10822972774921347
2024-04-16 04:00:00,10,0.6114423931128883,-0.520227691899678,0.44088318167454194,-0.12247121481850964,-0.9314074844248417
2024-04-16 08:00:00,10,-1.5821727121911895,-1.1720866125477243,-0.27485480832094816,-0.4413441364619155,0.6114423931128883
2024-04-16 12:00:00,10,2.3858640070500474,1.2739703523884875,0.7427773600140366,0.38377371758869394,-1.5821727121911895
2024-04-16 16:00:00,10,-0.4210127422193306,-1.2544212234167837,-1.098020417531607,-0.8604766568393512,2.3858640070500474
2024-04-16 20:00:00,10,-1.0530138162928733,-1.3097491871699205,0.20410777519530376,-0.6409145776104186,-0.4210127422193306
2024-04-17 00:00:00,10,0.5470828470267328,-0.05061572755459619,0.49729714184599805,-0.09175803250611558,-1.0530138162928733
2024-04-17 04:00:00,10,-1.1664322431533378,-0.9657240039481061,-0.24499800058911458,-0.3770668494565923,0.5470828470267328
2024-04-17 08:00:00,10,0.09565036351410328,0.22237853524775844,0.5499126801763461,0.2312384650960828,-1.1664322431533378
2024-04-17 12:00:00,10,0.28080244958673184,0.5630695270935806,-0.03557556547594837,0.18135590671684287,0.09565036351410328
2024-04-17 16:00:00,10,1.7710486848209221,-0.16170606693811973,-0.121468810086751,0.03491480529354796,0.28080244958673184
2024-04-17 20:00:00,10,-0.7836573242496669,-1.5530317174460244,-0.8128036317915813,-0.8887036334385741,1.7710486848209221
2024-04-18 00:00:00,10,-0.5470135160681053,-1.2008727144805258,0.3723409312554274,-0.4800190159416493,-0.7836573242496669
2024-04-18 04:00:00,10,-0.5349582845694343,-1.1468687026513946,0.26256034529001987,-0.19474635573396082,-0.5470135160681053
2024-04-18 08:00:00,10,0.5219642314364279,-0.843593980201589,0.25696784579450227,0.08423938859683044,-0.5349582845694343
2024-04-18 12:00:00,10,0.43401438415021865,-1.2102292418340197,-0.23334531312041135,-0.1879698356019226,0.5219642314364279
2024-04-18 16:00:00,10,0.01134019509057893,-1.4254963426266858,-0.19254481280374827,-0.4143123925919019,0.43401438415021865
2024-04-18 20:00:00,10,-0.279733828541362,-1.046355587915178,0.00353646438656744,-0.42022641030030705,0.01134019509057893
2024-04-19 00:00:00,10,-0.02512182922911066,-1.0406421077038766,0.13856757768367464,-0.2743426047379227,-0.279733828541362
2024-04-19 04:00:00,10,1.8756864101941186,-1.23496181310995,0.020451432185891197,-0.2612413360435326,-0.02512182922911066
2024-04-19 08:00:00,10,-0.35616439050909143,-2.150476666936518,-0.8613457461778724,-1.2394293263469844,1.8756864101941186
2024-04-19 12:00:00,10,-1.2280514190446183,-2.08260594900604,0.1740242073878635,-1.0536862685115942,-0.35616439050909143
2024-04-19 16:00:00,10,-0.020873286394962776,-0.9689362776759691,0.5784982125341599,-0.4132459779300586,-1.2280514190446183
2024-04-19 20:00:00,10,-0.33239532555907125,-1.0390798508630754,0.018480505815935036,-0.40236036402426567,-0.020873286394962776
2024-04-20 00:00:00,10,0.685203571663278,-0.9877875905706391,0.16299758514866663,-0.22901309567078876,-0.33239532555907125
2024-04-22 04:00:00,10,-1.6609602237344365,-1.6290569001832391,-0.30907309387417975,-0.5863531611909538,0.685203571663278
2024-04-22 08:00:00,10,-0.24131582931410023,0.2823317391831817,0.7793273937987274,0.2798531163608544,-1.6609602237344365
2024-04-22 12:00:00,10,-1.1022841439619953,0.5631282179131846,0.12074522053350778,0.4057015763285001,-0.24131582931410023
2024-04-22 16:00:00,10,1.810598335178856,1.7969119435426912,0.5201539640201658,0.980553057719761,-1.1022841439619953
2024-04-22 20:00:00,10,-0.386052182055197,-0.38788467921506553,-0.8311509691860581,0.03630910675351906,1.810598335178856
2024-04-23 00:00:00,10,0.10918121076490728,-0.2758856243266357,0.18788934628313536,0.23763892716723767,-0.386052182055197
2024-04-23 04:00:00,10,-0.5815752933481999,-0.4226474580235439,-0.04185261261787915,0.18069990550744475,0.10918121076490728
2024-04-23 08:00:00,10,-0.26751462663607484,-0.4753616163894797,0.27859377625519277,0.4839968555298855,-0.5815752933481999
2024-04-23 12:00:00,10,0.309375639958823,0.2503225503989063,0.1328990112609992,0.623508233116099,-0.26751462663607484
2024-04-23 16:00:00,10,0.7800567892684303,-0.14374898492967023,-0.13472409703489993,0.4621659459110399,0.309375639958823
2024-04-23 20:00:00,10,-1.339492463534457,-0.9440776908432993,-0.35307611212094775,0.05535904105209788,0.7800567892684303
2024-04-24 00:00:00,10,0.275022662062014,-1.0360883901426436,0.6301964304537477,0.7539168776980372,-1.339492463534457
2024-04-24 04:00:00,10,-0.09033702722273418,-1.8087954589677049,-0.1187875294477399,0.610489989478217,0.275022662062014
2024-04-24 08:00:00,10,-0.35337684239663325,-1.816909535281363,0.05070518234569736,0.657601593330936,-0.09033702722273418
2024-04-24 12:00:00,10,0.409232797135358,-0.8666488004398438,0.17273104587417776,0.8418909187773833,-0.35337684239663325
2024-04-24 16:00:00,10,2.0604415623567256,-1.1855654821574853,-0.18104847506075167,0.6284721909876634,0.409232797135358
2024-04-24 20:00:00,10,-0.7771798873815161,-3.3836549426092195,-0.9470548505926287,-0.44606733761661044,2.0604415623567256
2024-04-25 00:00:00,10,-0.40979436896263266,-2.5154008836083244,0.36933600659501137,-0.040760763974958536,-0.7771798873815161
2024-04-25 04:00:00,10,-0.028322026286536683,-2.191190351862375,0.19890349962535492,0.1729508287703041,-0.40979436896263266
2024-04-25 08:00:00,10,-0.11124905045526745,-2.10273688705617,0.021936024201497442,0.18772103013444497,-0.028322026286536683
2024-04-25 12:00:00,10,0.7503658837203471,-2.126520954871961,0.06040640454048367,0.24573844951572799,-0.11124905045526745
2024-04-25 16:00:00,10,-0.5446838598729062,-2.190446722128079,-0.33930230990757504,-0.14558437065265917,0.7503658837203471
2024-04-25 20:00:00,10,-0.09778788137345273,-1.5270002150397834,0.2614796027843437,0.1384733520797159,-0.5446838598729062
2024-04-26 00:00:00,10,-0.3961675788249117,-2.7252236397954555,0.05416168154968712,0.18947064599668284,-0.09778788137345273
2024-04-26 04:00:00,10,-0.14566529267337458,-2.3407964241668413,0.1925819439605691,0.3960757403493256,-0.3961675788249117
2024-04-26 08:00:00,10,-0.11988819099365244,-1.8437254066811417,0.07637232085354603,0.47204155165057937,-0.14566529267337458
2024-04-26 12:00:00,10,-0.004293003518739624,-1.1494783533633268,0.06441415744908187,0.5345643635512429,-0.11988819099365244
2024-04-26 16:00:00,10,2.2232904728662657,-1.1260843654264765,0.010788805857204348,0.5368032050023182,-0.004293003518739624
2024-04-26 20:00:00,10,-2.491372631345632,-3.1568918804416737,-1.022601508487219,-0.6226635521774124,2.2232904728662657
2024-04-27 00:00:00,10,1.0697711874965847,-0.6068552787830482,1.1645610553131593,0.6766105557481197,-2.491372631345632
2024-04-29 04:00:00,10,0.08634421633597,-1.9422056453528749,-0.48747648644090574,0.11871488497150828,1.0697711874965847
2024-04-29 08:00:00,10,-1.4430841887907864,-2.196616375688482,-0.03125838389344121,0.07368556930713321,0.08634421633597
2024-04-29 12:00:00,10,0.3780627837429744,-0.38908088143327735,0.6782532986523954,0.826267458689089,-1.4430841887907864
2024-04-29 16:00:00,10,1.7008537531915575,-0.49854676118988933,-0.1665885051969296,0.6291041841522782,0.3780627837429744
2024-04-29 20:00:00,10,-0.8685036071477228,-2.355332073275708,-0.7802397511420567,-0.2579069417972608,1.7008537531915575
2024-04-30 00:00:00,10,0.4310643287674303,-1.5833999351949768,0.4117016680738144,0.19502580507869816,-0.8685036071477228
2024-04-30 04:00:00,10,-0.1919630013671867,-2.118516677411095,-0.19117626312124641,-0.029778270462308853,0.4310643287674303
2024-04-30 08:00:00,10,0.20466317422263458,-1.7513369791875772,0.09785012594939241,0.07033222855258447,-0.1919630013671867
2024-04-30 12:00:00,10,-0.8762382948636045,-1.776991920819891,-0.08614731011308982,-0.03640152928343099,0.20466317422263458
2024-04-30 16:00:00,10,1.6583820791907105,-0.5699510420035896,0.4152898394958085,0.42056492951329716,-0.8762382948636045
2024-04-30 20:00:00,10,0.48716275143243415,-2.075256761094257,-0.7605368681696552,-0.44429682156743766,1.6583820791907105
2024-05-01 00:00:00,10,-0.8108500781351342,-2.238218557205246,-0.21720068251858043,-0.698356748741018,0.48716275143243415
2024-05-01 04:00:00,10,-0.11910845194262265,-1.6981041159188723,0.3849558248311314,-0.2754908559896183,-0.8108500781351342
2024-05-01 08:00:00,10,0.8166292700309761,-1.5679600666334212,0.06405243148388576,-0.2133746852903533,-0.11910845194262265
2024-05-01 12:00:00,10,-0.7396562432468414,-2.001346813278402,-0.3700423213751551,-0.6392544806192033,0.8166292700309761
2024-05-01 16:00:00,10,0.043321305368943186,-1.5898599196825656,0.35192854652953826,-0.25351683803418723,-0.7396562432468414
2024-05-01 20:00:00,10,1.2222109488781694,-1.4545576599439523,-0.011299778543944618,-0.27610930360085106,0.043321305368943186
2024-05-02 00:00:00,10,-1.0666955567042944,-2.2844076813743346,-0.5581942730480991,-0.9135037344141983,1.2222109488781694
2024-05-02 04:00:00,10,-0.5067448314031306,-1.9017951319300634,0.5036441892964854,-0.35721203383605715,-1.0666955567042944
2024-05-02 08:00:00,10,-1.2594757324547619,-1.2475424893035039,0.24387944325185876,-0.09293986897263995,-0.5067448314031306
2024-05-02 12:00:00,10,1.0208578745274384,0.7302895613457026,0.5930761538132292,0.5638884946973768,-1.2594757324547619
2024-05-02 16:00:00,10,0.6002099940246897,-0.026133477675433097,-0.4647852856842715,0.031501573705556396,1.0208578745274384
2024-05-02 20:00:00,10,-0.638997369855824,-1.1252521217385094,-0.26964402607747756,-0.28151354685198804,0.6002099940246897
2024-05-03 00:00:00,10,0.23450370412694532,-1.0801430833790069,0.30523224719089087,0.05172955265086099,-0.638997369855824
2024-05-03 04:00:00,10,-0.2407203278774972,-1.2743504013368716,-0.09999052402849512,-0.07056632037564992,0.23450370412694532
2024-05-03 08:00:00,10,-1.244403854492937,-1.042982465985026,0.1204689635836392,0.054971580028132294,-0.2407203278774972
2024-05-03 12:00:00,10,2.9192242224873084,0.5271345120145751,0.5860842126043607,0.7039398185016088,-1.244403854492937
2024-05-03 16:00:00,10,-1.8257447071435138,-0.9671082133938524,-1.345449654878966,-0.8184628922716124,2.9192242224873084
2024-05-03 20:00:00,10,0.5109980637711864,-0.038270224223066404,0.8557719764212994,0.13368003320975852,-1.8257447071435138
2024-05-04 00:00:00,10,0.6563077223140272,-1.5178271076651646,-0.2282580373478652,-0.13281023207800935,0.5109980637711864
2024-05-06 04:00:00,11,-1.869682795962584,-0.8274131016061056,-0.29782010234601564,-0.45279425817272934,0.6563077223140272
2024-05-06 08:00:00,11,1.5929383548628326,0.49834072719442396,0.8480069189832429,0.7052224651206904,-1.869682795962584
2024-05-06 12:00:00,11,-0.1258096455437574,-0.5667125741373422,-0.7226897445770374,-0.2813883429212014,1.5929383548628326
2024-05-06 16:00:00,11,-0.04861508272968962,-0.4735997680833713,0.0569600155753253,-0.20346620885338318,-0.1258096455437574
2024-05-06 20:00:00,11,-0.36361965876631785,-0.3853823307720679,0.021943409086871472,-0.1733557115396991,-0.04861508272968962
2024-05-07 00:00:00,11,-0.43220316422596383,-0.24305538670005228,0.16483418894276422,0.05185770256397859,-0.36361965876631785
2024-05-07 04:00:00,11,0.6505473404785462,0.09800364684382318,0.1959446912208015,0.31954936294336544,-0.43220316422596383
2024-05-07 08:00:00,11,-0.7895000234483902,-0.2796041047310142,-0.29520710712195936,-0.08337711271068482,0.6505473404785462
2024-05-07 12:00:00,11,0.10010676331856949,0.3248576208376047,0.35801988230760373,0.40561183887406216,-0.7895000234483902
2024-05-07 16:00:00,11,0.6134514259014736,0.20315144443612584,-0.045519041239477864,0.3436091792314695,0.10010676331856949
2024-05-07 20:00:00,11,-1.2342233594395555,-0.1495042469041125,-0.27837984629267815,-0.03634137262477033,0.6134514259014736
2024-05-08 00:00:00,11,0.7169696478484529,0.7510885358378218,0.5597530288524422,0.728093799799522,-1.2342233594395555
2024-05-08 04:00:00,11,-0.7082922571746426,0.1341669470108077,-0.3253372576719315,0.2840276490625193,0.7169696478484529
2024-05-08 08:00:00,11,0.7412919122110786,0.6189916713906842,0.32118282679809396,0.7227193247620871,-0.7082922571746426
2024-05-08 12:00:00,11,0.010719259921774693,0.34940239222221825,-0.3363702000068158,0.2635888064536944,0.7412919122110786
2024-05-08 16:00:00,11,0.741257230358336,0.4708960650386665,-0.004971534817685162,0.25694966837233135,0.010719259921774693
2024-05-08 20:00:00,11,-0.827081089761899,-0.1542446596938574,-0.33635446780048533,-0.20215936919849664,0.741257230358336
2024-05-09 00:00:00,11,0.1289398684784686,0.34612172604100605,0.3750672152096149,0.31010599235494674,-0.827081089761899
2024-05-09 04:00:00,11,-1.3411852715464416,0.23941158408776228,-0.0585981683232885,0.23024510669040943,0.1289398684784686
2024-05-09 08:00:00,11,0.38479515412063137,1.1852337409519422,0.6082725495150665,1.0609287803271474,-1.3411852715464416
2024-05-09 12:00:00,11,0.8983495442121896,1.0449672369253815,-0.1746579467419035,0.8225999983133239,0.38479515412063137
2024-05-09 16:00:00,11,0.7954875311742917,0.37573092272314973,-0.40761388732502485,0.2661934261358505,0.8983495442121896
2024-05-09 20:00:00,11,-1.6762867606766587,-0.39618429534529476,-0.36095414210651994,-0.22650398021588458,0.7954875311742917
2024-05-10 00:00:00,11,0.7773647320697599,0.6618489417522939,0.7602795892703237,0.8117299416508121,-1.6762867606766587
2024-05-10 04:00:00,11,-0.7241062558094704,0.10613656869732449,-0.35273336979330405,0.33025716895418356,0.7773647320697599
2024-05-10 08:00:00,11,0.30125868705265546,0.6330112094218749,0.32835629273945166,0.7787434873176382,-0.7241062558094704
2024-05-10 12:00:00,11,0.18210696005735372,0.48372865710675167,-0.136764557776147,0.5921542977515086,0.30125868705265546
2024-05-10 16:00:00,11,1.5871879051301914,0.41880203477116273,-0.08271555504180139,0.4793635582581972,0.18210696005735372
2024-05-10 20:00:00,11,-1.2157697417480229,-0.4223940997546104,-0.7200812547031517,-0.503685620521642,1.5871879051301914
2024-05-11 00:00:00,11,0.6185470959347885,0.18048658597084372,0.5513821922878362,0.24932002068045378,-1.2157697417480229
2024-05-13 04:00:00,11,-1.0016565671788715,-0.3302135574182801,-0.2806913183167036,-0.13378661258580138,0.6185470959347885
2024-05-13 08:00:00,11,0.8697822652511178,0.36423908975816327,0.454257258813697,0.4866047491438943,-1.0016565671788715
2024-05-13 12:00:00,11,-1.1689663485253838,-0.1330883994516595,-0.3946553429747557,-0.052108240546034246,0.8697822652511178
2024-05-13 16:00:00,11,0.6512929088171262,0.5701676032327397,0.5301514741769119,0.6719090010324829,-1.1689663485253838
2024-05-13 20:00:00,11,-0.4180681468931837,0.3434906641759722,-0.2955453080543901,0.26852074618984645,0.6512929088171262
2024-05-14 00:00:00,11,-0.559735395183397,0.5078542584821153,0.18953283627135895,0.5274576667327491,-0.4180681468931837
2024-05-14 04:00:00,11,-0.036510902040124193,0.7926342018569815,0.25379521570381885,0.874138370882843,-0.559735395183397
2024-05-14 08:00:00,11,2.1113792996755922,0.783002921402166,0.0164527719665792,0.8967519581909649,-0.036510902040124193
2024-05-14 12:00:00,11,-1.5688163529586863,-0.3307618411728579,-0.9578622993557563,-0.41096320264790887,2.1113792996755922
2024-05-14 16:00:00,11,0.9901451307980338,0.6832033956265589,0.711529407404819,0.560707273448565,-1.5688163529586863
2024-05-14 20:00:00,11,-1.1523568468334453,0.011140068673929832,-0.4492537362428235,-0.05255430355672441,0.9901451307980338
2024-05-15 00:00:00,11,-0.3126066639050329,0.49719560820381903,0.5226171561690905,0.6611755883353272,-1.1523568468334453
2024-05-15 04:00:00,11,-0.5731542272860608,0.7491532159435452,0.14169393266386474,0.8547933214592067,-0.3126066639050329
2024-05-15 08:00:00,11,0.128634116030776,1.186256222599636,0.25988219833762655,1.2097851851362034,-0.5731542272860608
2024-05-15 12:00:00,11,2.5748702478887395,1.2076090080148916,-0.058459474447017434,1.1301136719408262,0.128634116030776
2024-05-15 16:00:00,11,-0.3484570456026397,-0.6398432773778387,-1.1681087150732945,-0.46467171828934895,2.5748702478887395
2024-05-15 20:00:00,11,-0.22857396155903587,-0.5192065360106249,0.15795620117867767,-0.2488495012648153,-0.3484570456026397
2024-05-16 00:00:00,11,-1.117468623110419,-0.4070117529886113,0.10357544396539767,-0.10727871152103052,-0.22857396155903587
2024-05-16 04:00:00,11,-1.0027107478870967,0.357343942537808,0.5067913368800704,0.5848426237728059,-1.117468623110419
2024-05-16 08:00:00,11,-0.07006438750279997,1.123111336179166,0.4547354509257056,1.2058869084967831,-1.0027107478870967
2024-05-16 12:00:00,11,1.536229451033277,1.2436840054291884,0.03167313404820053,1.2492823617847737,-0.07006438750279997
2024-05-16 16:00:00,11,0.451974027561576,0.2865092923726882,-0.6969657389294629,0.29779508332558535,1.536229451033277
2024-05-16 20:00:00,11,0.19771978061273643,-0.05117976196288342,-0.20513128695998564,0.01785803542590525,0.451974027561576
2024-05-17 00:00:00,11,-1.2669443447918027,-0.1315312174048343,-0.08979776360200128,-0.10460274400142833,0.19771978061273643
2024-05-17 04:00:00,11,0.19598392092438033,0.6224108503260879,0.5745957564517141,0.6800986726875937,-1.2669443447918027
2024-05-17 08:00:00,11,0.17771139800986013,0.5071818575071627,-0.0890103517246552,0.558713024588819,0.19598392092438033
2024-05-17 12:00:00,11,-0.5674116717087241,0.4509289592827341,-0.08072166245530674,0.448644743883845,0.17771139800986013
2024-05-17 16:00:00,11,1.6591390257191954,0.7588372709022727,0.25727728937047545,0.8000798676649854,-0.5674116717087241
2024-05-17 20:00:00,11,-0.9420962369592676,-0.29839931716843915,-0.7527193574946256,-0.22753334148497473,1.6591390257191954
2024-05-18 00:00:00,11,0.24828358922523286,0.1877839247262641,0.42723980357341473,0.35596841598237283,-0.9420962369592676
2024-05-20 04:00:00,11,-0.8377245934776898,0.01061869653644932,-0.1127342622904635,0.20219016596958994,0.24828358922523286
2024-05-20 08:00:00,11,0.9154656616423011,0.5460853773642753,0.3798952674413755,0.7210477448360111,-0.8377245934776898
2024-05-20 12:00:00,11,-1.3092314694582825,0.104714605614821,-0.41537801379729966,0.15404004274242222,0.9154656616423011
2024-05-20 16:00:00,11,1.1817556910297728,1.02025256790018,0.5937778277012253,0.964932638838734,-1.3092314694582825
2024-05-20 20:00:00,11,0.5077631535909664,0.10646094492770572,-0.536171147807518,0.23299412177327827,1.1817556910297728
2024-05-21 00:00:00,11,0.895015548825242,-0.1550756276418333,-0.23043806766177244,-0.08149677721786386,0.5077631535909664
2024-05-21 04:00:00,11,-2.121363562562948,-0.8878537614263007,-0.40610153722881076,-0.6358383882041636,0.895015548825242
2024-05-21 08:00:00,11,-0.2357681085047325,0.6507226616841619,0.9621730732237236,0.6780606790268964,-2.121363562562948
2024-05-21 12:00:00,11,0.5308013499188782,0.9053063603027055,0.10683881645478319,0.824087274050024,-0.2357681085047325
2024-05-21 16:00:00,11,0.8142521995370693,0.550593286962801,-0.24088853756029766,0.4953273147242374,0.5308013499188782
2024-05-21 20:00:00,11,-0.24474496620072905,-0.007269845175181636,-0.36946607590072206,-0.0089922768548929,0.8142521995370693
2024-05-22 00:00:00,11,-1.2677204940729006,0.016647203260484987,0.1109108531628695,0.14259427270011482,-0.24474496620072905
2024-05-22 04:00:00,11,0.9345652118509093,0.8163118782670173,0.5749478293563559,0.927776409353628,-1.2677204940729006
2024-05-22 08:00:00,11,-1.1672742595259837,0.27703630492435416,-0.42404185499777625,0.3489391078238606,0.9345652118509093
2024-05-22 12:00:00,11,1.0609368929643495,1.2628224539451147,0.529383917337732,1.0719083281215287,-1.1672742595259837
2024-05-22 16:00:00,11,0.29779934487954307,0.4536777883443359,-0.481365936740322,0.41480078717143076,1.0609368929643495
2024-05-22 20:00:00,11,-0.04436228295536182,0.18039357679796897,-0.13519534850584441,0.2303541942514853,0.29779934487954307
2024-05-23 00:00:00,11,-0.6836003665520778,0.24510381830719646,0.020014275599445554,0.2578306547808955,-0.04436228295536182
2024-05-23 04:00:00,11,-1.1216473113041747,0.4637159605762554,0.309982216471835,0.6812290292143848,-0.6836003665520778
2024-05-23 08:00:00,11,0.500794862839733,1.2844948014783226,0.508686852247793,1.3759384991480896,-1.1216473113041747
2024-05-23 12:00:00,11,0.9425552448596939,1.1123901676204573,-0.22727714691505108,1.0657635179372917,0.500794862839733
2024-05-23 16:00:00,11,1.402266700333934,0.41083217106969083,-0.4276662532908563,0.48197746688497656,0.9425552448596939
2024-05-23 20:00:00,11,0.19457237286983364,-0.25441579592107105,-0.6361982346604333,-0.3865379267479625,1.402266700333934
2024-05-24 00:00:00,11,-0.5592980140377293,-0.3909768657866464,-0.08837005244755901,-0.5070493109039838,0.19457237286983364
2024-05-24 04:00:00,11,-1.8865053822547981,-0.2793771647214817,0.25359681308445037,-0.16063950547651284,-0.5592980140377293
2024-05-24 08:00:00,11,1.9844874820553553,0.9668016946299256,0.8556378953478784,1.007796544719577,-1.8865053822547981
2024-05-24 12:00:00,11,-1.7522159100406718,-0.3578177393910175,-0.9003022759261949,-0.22132622217384057,1.9844874820553553
2024-05-24 16:00:00,11,1.416089441814023,0.8294528234904578,0.7947221853206008,0.8639355832134417,-1.7522159100406718
2024-05-24 20:00:00,11,-1.1421847108406116,-0.19112138831013287,-0.6424684366196793,-0.013141137415857429,1.416089441814023
2024-05-25 00:00:00,11,0.24261112159191356,0.5264909446082799,0.5180029233757003,0.6942884859938854,-1.1421847108406116
2024-05-27 04:00:00,11,-0.4850455877680986,0.4119396777477147,-0.11016114626138697,0.5440235658335828,0.24261112159191356
2024-05-27 08:00:00,11,0.47342606257446995,0.6739840049060918,0.21991480366936808,0.8444439919123106,-0.4850455877680986
2024-05-27 12:00:00,11,-0.6737236952429164,0.5338083603421284,-0.21486225039885298,0.5512202970224287,0.47342606257446995
2024-05-27 16:00:00,11,1.395401700594432,1.0322702840252926,0.3055020108713224,0.9685014035582924,-0.6737236952429164
2024-05-27 20:00:00,11,-0.04275337245083044,0.013689703602904182,-0.6330841682591444,0.10423795283295068,1.395401700594432
2024-05-28 04:00:00,11,0.3568228044823236,0.01647978360835097,0.019284449767696065,0.13071790995838573,-0.04275337245083044
2024-05-28 08:00:00,11,-1.2936275293050112,-0.14617203668826448,-0.16196927121690183,-0.09028576817101275,0.3568228044823236
2024-05-28 12:00:00,11,0.594447140671658,0.7381336265802777,0.5866996474240399,0.7109422882045626,-1.2936275293050112
2024-05-28 16:00:00,11,0.8986634135672951,0.4407201848394927,-0.26975921870923497,0.3427623319583839,0.594447140671658
2024-05-28 20:00:00,11,-0.12083698765787432,-0.10170365024291511,-0.4077562631517134,-0.21383864001938058,0.8986634135672951
2024-05-29 00:00:00,11,-1.4772205923497683,-0.16067601692765576,0.05470434369839432,-0.13899639790088347,-0.12083698765787432
2024-05-29 04:00:00,11,0.7098141147097738,0.8765162890266363,0.6699802025342838,0.7759428386522007,-1.4772205923497683
2024-05-29 08:00:00,11,-0.5075042748301701,0.44414091281470014,-0.32209140098205397,0.3363085771407732,0.7098141147097738
2024-05-29 12:00:00,11,0.0026257426185498645,0.9235054594109356,0.23010239951072403,0.6506391355998442,-0.5075042748301701
2024-05-29 16:00:00,11,0.5210016979645715,0.9321915510488649,-0.0013001945032495945,0.6490128416263898,0.0026257426185498645
2024-05-29 20:00:00,11,-0.23478002283782295,0.5231282095810357,-0.2364432690893267,0.3263224470792103,0.5210016979645715
2024-05-30 00:00:00,11,-1.0551398812319501,0.7194896201673204,0.10639060604055504,0.4717370560858871,-0.23478002283782295
2024-05-30 04:00:00,11,0.3974196012339615,1.332648280678116,0.47851808876885743,1.1252541288850555,-1.0551398812319501
2024-05-30 08:00:00,11,1.1603077342808223,1.0939507117832052,-0.18038458448148814,0.8791062018744782,0.3974196012339615
2024-05-30 12:00:00,11,-0.6018267006219098,0.2887286394423375,-0.5264420343300786,0.1604518058638833,1.1603077342808223
2024-05-30 16:00:00,11,0.33066349602887257,0.6138521728317008,0.27288846042722986,0.5332024057782769,-0.6018267006219098
2024-05-30 20:00:00,11,0.6785991650819749,0.27211081167088097,-0.1501030182486598,0.32840089666081074,0.33066349602887257
2024-05-31 00:00:00,11,-1.5298741933419446,-0.10223709525567884,-0.3079318336779906,-0.0918999069165709,0.6785991650819749
2024-05-31 04:00:00,11,-0.519976978981278,0.8994204313467012,0.6938646622543808,0.8556511451927289,-1.5298741933419446
2024-05-31 08:00:00,11,0.30826184203158213,1.262242255907475,0.23576020437656955,1.1777068643169475,-0.519976978981278
2024-05-31 12:00:00,11,0.9355690714630676,1.141433468250769,-0.1399412934571999,0.986780163276185,0.30826184203158213
2024-05-31 16:00:00,11,0.7717878532369031,0.3396495093453172,-0.42449722070913165,0.40732110589498216,0.9355690714630676
2024-05-31 20:00:00,11,-1.2502715330363632,0.08639895359819735,-0.3502036142716063,-0.07069754133920192,0.7717878532369031
2024-06-01 00:00:00,11,0.15661942568389264,0.30837837480102687,0.567032720053639,0.7036773136042589,-1.2502715330363632
2024-06-03 04:00:00,12,-0.19788248923787677,-0.14605634841332452,-0.07009906143552717,0.42756575271704556,0.15661942568389264
2024-06-03 08:00:00,12,0.35265589544790643,0.24093585165431688,0.0901925429837154,0.5718742420440588,-0.19788248923787677
2024-06-03 12:00:00,12,-0.10092833735562401,0.3443604264513778,-0.1587389218720849,0.3146951469136354,0.35265589544790643
2024-06-03 16:00:00,12,1.5057288522715666,0.24306554645418338,0.04635374859034024,0.3882985059080184,-0.10092833735562401
2024-06-03 20:00:00,12,-1.5972835729891646,-0.5535116677121562,-0.6801124504254973,-0.7097746831057083,1.5057288522715666
2024-06-04 00:00:00,12,-0.19707758804104358,0.10420112797406063,0.7229458103109778,0.4550660278266996,-1.5972835729891646
2024-06-04 04:00:00,12,-0.49565251489814344,0.32351683918304003,0.08982859881639595,0.5987875320383562,-0.19707758804104358
2024-06-04 08:00:00,12,-0.03496261153032876,0.7986009962700596,0.22483225338295576,0.9602488514889291,-0.49565251489814344
2024-06-04 12:00:00,12,0.20236547220129708,1.2669079813568291,0.01652668254600074,0.9857458101753753,-0.03496261153032876
2024-06-04 16:00:00,12,1.1267038142330712,0.9222690971111979,-0.0907835962249379,0.8381680447157347,0.20236547220129708
2024-06-04 20:00:00,12,-0.5208335133141624,-0.05118509282115292,-0.5087324693733158,0.016504005733967375,1.1267038142330712
2024-06-05 00:00:00,12,-0.4212647338083322,-0.14855213358694888,0.2362180949456813,0.39632890983094704,-0.5208335133141624
2024-06-05 04:00:00,12,0.5896967460837601,0.2727620715749686,0.19119707038907957,0.7035419309363604,-0.4212647338083322
2024-06-05 08:00:00,12,-0.30651738953045893,-0.23842282156429775,-0.2659193253113944,0.2734975802909325,0.5896967460837601
2024-06-05 12:00:00,12,-0.482944361378415,0.34157184556974085,0.1393129051901231,0.49702954416484424,-0.30651738953045893
2024-06-05 16:00:00,12,1.7771019737865341,0.7417750495678143,0.2190861340218436,0.8492232702895457,-0.482944361378415
2024-06-05 20:00:00,12,-1.0036060214384896,-0.6026686411525454,-0.8028165352637736,-0.4467524484558787,1.7771019737865341
2024-06-06 00:00:00,12,0.026539611891157833,-0.16149192447702115,0.45450853750599085,0.28514085544926715,-1.0036060214384896
2024-06-06 04:00:00,12,-1.2958234118311118,-0.04299982813850583,-0.011282166017641877,0.2657864834980721,0.026539611891157833
2024-06-06 08:00:00,12,0.14146797608906247,1.191686248123877,0.5866375680517754,1.2107832829426801,-1.2958234118311118
2024-06-06 12:00:00,12,0.12658053200559394,1.076838741731279,-0.06324818119312126,1.1076158425279719,0.14146797608906247
2024-06-06 16:00:00,12,1.4373898632265387,1.2336170929952144,-0.0565166736965608,1.0153052726423333,0.12658053200559394
2024-06-06 20:00:00,12,-0.4591307375244362,-0.0521040960650455,-0.6492122895594159,-0.032930781669854525,1.4373898632265387
2024-06-07 00:00:00,12,-1.5417811786689928,0.11463710833941983,0.2083185646127109,0.3018965362546826,-0.4591307375244362
2024-06-07 04:00:00,12,0.4663702842943849,1.3915941878682572,0.6978498447880467,1.426261373302422,-1.5417811786689928
2024-06-07 08:00:00,12,-0.16960823490962973,1.045999234943847,-0.21015602588907745,1.086154517699704,0.4663702842943849
2024-06-07 12:00:00,12,2.3353605887112074,1.596475957614966,0.07740805466569724,1.2098436235498298,-0.16960823490962973
2024-06-07 16:00:00,12,-1.0604477172544478,-0.27507323475540707,-1.0552387798287632,-0.49324976227086204,2.3353605887112074
2024-06-07 20:00:00,12,2.143012177258621,0.2591500081194211,0.4802100816634071,0.28009611930085043,-1.0604477172544478
2024-06-08 00:00:00,12,-2.1556596699777426,-1.6149024423855949,-0.9682665120314746,-1.2827245784812034,2.143012177258621
2024-06-10 04:00:00,12,-1.9146215981860966,0.6107721059008948,0.975421175572136,0.2893194749150858,-2.1556596699777426
2024-06-10 08:00:00,12,0.23666276761930405,1.9995078414965706,0.8664333884056556,1.6855832450507613,-1.9146215981860966
2024-06-10 12:00:00,12,0.7908215789975284,1.9579438818056483,-0.1062914631175787,1.5129937117038406,0.23666276761930405
2024-06-10 16:00:00,12,0.3239892911895499,1.246186873075329,-0.35685994029626505,0.9362763486270609,0.7908215789975284
2024-06-10 20:00:00,12,0.33182033950524925,0.877932186452319,-0.1457770285891178,0.7000027634818373,0.3239892911895499
2024-06-11 00:00:00,12,-0.8128688327682418,0.3010369372793315,-0.1493179158057216,0.4580182801331496,0.33182033950524925
2024-06-11 04:00:00,12,1.9874446005129158,0.9546362886078694,0.3682648002863578,1.050813902068077,-0.8128688327682418
2024-06-11 08:00:00,12,-1.3868177735833935,-0.7020463609922573,-0.8979250683817681,-0.39855703027540734,1.9874446005129158
2024-06-11 12:00:00,12,0.9980425320716577,0.9178015069057133,0.627781583427819,0.6127986417117963,-1.3868177735833935
2024-06-11 16:00:00,12,0.7722540315050441,0.15642705233129126,-0.4505569772921491,-0.11503741211019936,0.9980425320716577
2024-06-11 20:00:00,12,-1.1106079775552917,-0.7507268046432327,-0.3484644370495264,-0.6782141393304784,0.7722540315050441
2024-06-12 00:00:00,12,-0.37909225369610233,-0.09634688888717172,0.502890547588347,0.1317117924323501,-1.1106079775552917
2024-06-12 04:00:00,12,-0.17764183998472127,0.1487140429660592,0.17212835957261,0.4081699603943214,-0.37909225369610233
2024-06-12 08:00:00,12,-1.0748502209361863,0.3903551307225703,0.08104052995723739,0.5377176817121487,-0.17764183998472127
2024-06-12 12:00:00,12,3.305778034585611,1.5849331255505592,0.48672231848252095,1.3215667844473042,-1.0748502209361863
2024-06-12 16:00:00,12,-1.0891558374197547,-1.4374161650755195,-1.4940227829841708,-1.089216686383244,3.305778034585611
2024-06-12 20:00:00,12,0.7060130318128124,-0.39577014298431246,0.49319074678103547,-0.29493501878807216,-1.0891558374197547
2024-06-13 00:00:00,12,-1.2399157448896023,-0.7829987422587306,-0.31851290315909453,-0.8098045984991753,0.7060130318128124
2024-06-13 04:00:00,12,0.34579528959536354,-0.0734989861299094,0.5613583544391527,0.09442077650459524,-1.2399157448896023
2024-06-13 08:00:00,12,-1.7350452520591197,-0.2811037505428157,-0.1556368299704521,-0.1577551287515675,0.34579528959536354
2024-06-13 12:00:00,12,1.1205820407441038,1.3853096988216382,0.7852361383349742,1.1075501552226719,-1.7350452520591197
2024-06-13 16:00:00,12,1.1475076000270104,0.6538421204226845,-0.5059644479518961,0.2903505025926094,1.1205820407441038
2024-06-13 20:00:00,12,-1.4797412845577593,-0.23752853710624708,-0.5181391102475708,-0.5464849793590165,1.1475076000270104
2024-06-14 00:00:00,12,-0.24377641404919537,0.5690947778377886,0.6697978830171658,0.5326364234076966,-1.4797412845577593
2024-06-14 04:00:00,12,-0.39489527671510594,0.6633393323197713,0.11094394243024798,0.7104136799021159,-0.24377641404919537
2024-06-14 08:00:00,12,0.559084842445996,1.107579796588682,0.17927385528861847,0.9983964167506798,-0.39489527671510594
2024-06-14 12:00:00,12,-0.6729316012627446,1.0167253993623377,-0.25207784535914285,0.5906762120486526,0.559084842445996
2024-06-14 16:00:00,12,2.266018555943333,1.6554518183528668,0.30499077435915484,1.0814207098192412,-0.6729316012627446
2024-06-14 20:00:00,12,-0.6599811085968081,-0.34156933693825653,-1.023885082660422,-0.5711040580598841,2.266018555943333
2024-06-15 00:00:00,12,0.8065991838178537,-0.18450778166779155,0.2991350789169999,-0.08980388272459194,-0.6599811085968081
2024-06-17 04:00:00,12,-2.1646598680744376,-0.9745920810264136,-0.3639939429182278,-0.678027278121812,0.8065991838178537
2024-06-17 08:00:00,12,0.49255341799903896,0.9244901928833287,0.9794907056149529,0.900580291813915,-2.1646598680744376
2024-06-17 12:00:00,12,0.44010462496705394,0.936097917755171,-0.22199499299640243,0.5413790308127275,0.49255341799903896
2024-06-17 16:00:00,12,0.6684502902081437,0.45838133135036113,-0.19827974399188034,0.22042676353818003,0.44010462496705394
2024-06-17 20:00:00,12,0.4332233651312922,-0.3208049564978979,-0.30152853194765417,-0.2670496773619675,0.6684502902081437
2024-06-18 00:00:00,12,-0.830913468642736,-0.8855508097659872,-0.19516831318411348,-0.5829836925648433,0.4332233651312922
2024-06-18 04:00:00,12,1.2411211683529384,-0.06325363430068798,0.3764238637885168,0.022971224836465964,-0.830913468642736
2024-06-18 08:00:00,12,-2.5115197716826074,-1.3066649708649036,-0.560467426205144,-0.8821332215781377,1.2411211683529384
2024-06-18 12:00:00,12,0.7647007186345327,1.1747846438521377,1.1363268977983625,0.9494266378228655,-2.5115197716826074
2024-06-18 16:00:00,12,1.1295987435168975,0.8918233752136874,-0.3450491307063661,0.3917582664654802,0.7647007186345327
2024-06-18 20:00:00,12,-0.3545733822848671,-0.21057125521057105,-0.5100414407499223,-0.43201693896293136,1.1295987435168975
2024-06-19 00:00:00,12,-0.630182932016373,-0.2066373618352506,0.16104190539104854,-0.173439490548132,-0.3545733822848671
2024-06-19 04:00:00,12,0.16898048105386287,-0.01170505907000926,0.2856615338336119,0.2861299603375951,-0.630182932016373
2024-06-19 08:00:00,12,-0.9589524338373767,0.0032924975742985025,-0.07568823687906424,0.16289865250155167,0.16898048105386287
2024-06-19 12:00:00,12,0.9386635042843352,1.1141851231289719,0.43431796899739167,0.8622277219735945,-0.9589524338373767
2024-06-19 16:00:00,12,-0.7622458400650451,0.3389813412479109,-0.4237081529776595,0.17769462957429738,0.9386635042843352
2024-06-19 20:00:00,12,-0.0025063318788109967,0.8642925601025309,0.345375105254133,0.7335727474372558,-0.7622458400650451
2024-06-20 04:00:00,12,-0.3987185881180668,0.6435388341064122,0.0018512494387650142,0.7354005239554127,-0.0025063318788109967
2024-06-20 08:00:00,12,0.2102703638978909,1.1342593168364647,0.1810026039728399,1.026171462503445,-0.3987185881180668
2024-06-20 12:00:00,12,0.9759418177125987,1.1598412889268732,-0.09435787246851471,0.8728289475532236,0.2102703638978909
2024-06-20 16:00:00,12,0.7131661978346067,0.35118920373911433,-0.4405639171299586,0.16111013944855834,0.9759418177125987
2024-06-20 20:00:00,12,-1.5914718010799742,0.024081199251707156,-0.3217472790821798,-0.3589759836084774,0.7131661978346067
2024-06-21 00:00:00,12,-0.6125066843839662,0.9730818346107322,0.7203179592201074,0.8016264138290943,-1.5914718010799742
2024-06-21 04:00:00,12,0.7608503683359675,1.3938105927949054,0.27766904077829063,1.2483052213707477,-0.6125066843839662
2024-06-21 08:00:00,12,1.234280614029501,0.5977063253376088,-0.343308156113692,0.6934447701942013,0.7608503683359675
2024-06-21 12:00:00,12,-0.5066500521366901,0.18627388102509942,-0.5573744008039618,-0.20667110919571563,1.234280614029501
2024-06-21 16:00:00,12,0.5660580557704193,0.38926845525354464,0.22980490039676957,0.16281031345511643,-0.5066500521366901
2024-06-21 20:00:00,12,-0.9246871336665823,0.07676033822000608,-0.25523085386115935,-0.2499952016474314,0.5660580557704193
2024-06-22 00:00:00,12,0.2284744767951583,0.30504924160271824,0.41882456907740634,0.42434543290534066,-0.9246871336665823
2024-06-24 04:00:00,12,-0.28636184848985025,0.26917306652356776,-0.10258904510964403,0.2577273217067546,0.2284744767951583
2024-06-24 08:00:00,12,0.8791255452319913,0.4655649210322517,0.13019937469748805,0.46656058388987454,-0.28636184848985025
2024-06-24 12:00:00,12,1.2180014503987486,-0.08021175994641681,-0.3967874662940533,-0.17455364430598586,0.8791255452319913
2024-06-24 16:00:00,12,-0.989065424962579,-0.9859293938763422,-0.5500136133240054,-1.0627977228098882,1.2180014503987486
2024-06-24 20:00:00,12,0.8275488362870504,-0.08046614049054743,0.44793386064183105,-0.341508346111409,-0.989065424962579
2024-06-25 00:00:00,12,-0.4829140436054935,-0.8940153572187346,-0.37346653887600745,-0.9450095597299333,0.8275488362870504
2024-06-25 04:00:00,12,-0.4851486453137781,-0.6912686943875153,0.2190724255360514,-0.5928379432523609,-0.4829140436054935
2024-06-25 08:00:00,12,-0.7446763687937352,-0.2935989836465261,0.22008282316151406,-0.23903671316919883,-0.4851486453137781
2024-06-25 12:00:00,12,0.3188658432098155,0.5689983905899695,0.3374308922038381,0.3040286294593155,-0.7446763687937352
2024-06-25 16:00:00,12,1.2738802191476513,0.30174215101216834,-0.1434604100822435,0.07149138824704337,0.3188658432098155
2024-06-25 20:00:00,12,-0.5243741302115286,-0.7046998731184259,-0.5752797603283455,-0.8575030402987691,1.2738802191476513
2024-06-26 00:00:00,12,-1.1935987218965192,-0.7224960972001097,0.23781902046744596,-0.4750960933049537,-0.5243741302115286
2024-06-26 04:00:00,12,-0.21128695649630558,0.3751240842805368,0.5404156468965923,0.39535196444351683,-1.1935987218965192
2024-06-26 08:00:00,12,-0.5656458205573394,0.6224767506447565,0.09625350760139008,0.5494358433350506,-0.21128695649630558
2024-06-26 12:00:00,12,0.47688673100616796,1.330156129460842,0.2564804301359497,0.9619407303169609,-0.5656458205573394
2024-06-26 16:00:00,12,1.2449700358575555,1.176350482520669,-0.2149111429851111,0.6141646133060679,0.47688673100616796
2024-06-26 20:00:00,12,-0.2709003025165444,-0.054826028204609155,-0.5622077303376288,-0.2937466719417756,1.2449700358575555
2024-06-27 00:00:00,12,-1.7911307400395788,-0.19946871616037515,0.12320828126034827,-0.09618895187792731,-0.2709003025165444
2024-06-27 04:00:00,12,0.2188416068390815,1.2356839871460201,0.8105957555178823,1.2100174349417436,-1.7911307400395788
2024-06-27 08:00:00,12,0.004695329108724167,1.1373566921253877,-0.09823344612575077,1.0504242248175242,0.2188416068390815
2024-06-27 12:00:00,12,1.1581090728298307,1.2349556870154172,-0.0014050539705698006,1.0470000923782017,0.004695329108724167
2024-06-27 16:00:00,12,0.6023542035201448,0.4093774628377833,-0.5229326727453814,0.20243334258823076,1.1581090728298307
2024-06-27 20:00:00,12,-0.9548573479813083,-0.2356326606175306,-0.2716425219288065,-0.23684163057665586,0.6023542035201448
2024-06-28 00:00:00,12,-1.292810273855327,0.13794286783405055,0.432466334762218,0.4595010419896788,-0.9548573479813083
2024-06-28 04:00:00,12,1.5848762266401124,1.5922983916100142,0.5852751474268214,1.4023004696956676,-1.292810273855327
2024-06-28 08:00:00,12,-1.2693518553863274,0.1025779922966967,-0.7158997313655856,0.24650798437980903,1.5848762266401124
2024-06-28 12:00:00,12,0.8184335486393195,1.2621446627574628,0.574668187703166,1.1722000422305854,-1.2693518553863274
2024-06-28 16:00:00,12,1.1098190342894085,0.7588791304945498,-0.36934496993576593,0.5753462757676502,0.8184335486393195
2024-06-28 20:00:00,12,-0.440837588399015,0.007746915369028029,-0.5010978463895929,-0.23400430841741837,1.1098190342894085
2024-06-29 00:00:00,12,2.589460930918225,0.14542203635295112,0.20004713334599597,0.08748248238170042,-0.440837588399015
2024-07-01 04:00:00,13,-3.501529412094902,-2.3991466645502846,-1.036291865319954,-1.988106597915003,2.589460930918225
2024-07-01 08:00:00,13,-0.21281367247981464,0.4994596832996828,1.427291265623821,0.5780467981871631,-3.501529412094902
2024-07-01 12:00:00,13,-0.8481454606598238,0.8857795111966679,0.09712586355932648,0.734010796800078,-0.21281367247981464
2024-07-01 16:00:00,13,1.7452006257722488,1.525198791175749,0.3540943674920278,1.355588141472074,-0.8481454606598238
2024-07-01 20:00:00,13,-0.08521764177833724,0.23093909564793894,-0.6948194070244167,0.07658917112622632,1.7452006257722488
2024-07-02 00:00:00,13,-0.4692585455446796,-0.10648222159568915,0.0455179293631868,0.13904232091326918,-0.08521764177833724
2024-07-02 04:00:00,13,-0.5642860226437847,0.019734119775909862,0.20084844851208636,0.4829461608010508,-0.4692585455446796
2024-07-02 08:00:00,13,0.42656306837171876,0.6996863904385769,0.2392835922857163,0.8964924495680471,-0.5642860226437847
2024-07-02 12:00:00,13,-0.4186286136478792,0.6256066255931609,-0.16147867599416083,0.5838786920560253,0.42656306837171876
2024-07-02 16:00:00,13,1.5098816578303733,0.8709100782753655,0.18037049022983975,0.8906775539782892,-0.4186286136478792
2024-07-02 20:00:00,13,-1.1596730436091391,-0.05981697900006304,-0.5996414791070461,-0.21586404197982922,1.5098816578303733
2024-07-03 00:00:00,13,-0.8239342258925575,0.3862832577803259,0.48009589679308434,0.6340214134861313,-1.1596730436091391
2024-07-03 04:00:00,13,2.483785937433659,0.912967137720856,0.3443018073018157,1.2378551567172131,-0.8239342258925575
2024-07-03 08:00:00,13,-1.1006242173816503,-0.9881231559529545,-0.9935501900503814,-0.5824282018974642,2.483785937433659
2024-07-03 12:00:00,13,0.35915590429712196,0.1990934877762953,0.45621280323951463,0.22418235048297142,-1.1006242173816503
2024-07-03 16:00:00,13,0.230251449065765,0.03330314666490944,-0.13421494005515638,-0.03903095863808481,0.35915590429712196
2024-07-03 20:00:00,13,-0.07999560502659264,0.12548877775300207,-0.08207779592460565,-0.20777451850555906,0.230251449065765
2024-07-04 00:00:00,13,-0.6075282825945383,0.191885306679254,0.0434058062228959,-0.1491484242042631,-0.07999560502659264
2024-07-04 04:00:00,13,2.201813786920086,0.28273970301954565,0.2567735070876273,0.29608866568651315,-0.6075282825945383
2024-07-04 08:00:00,13,-1.0386728920092096,-1.5732481738149424,-0.8795027537089312,-1.3175467666970588,2.201813786920086
2024-07-04 12:00:00,13,-0.38311073705043697,-0.5079231415482227,0.4311557547905339,-0.5563382616186932,-1.0386728920092096
2024-07-04 16:00:00,13,1.0825035521331028,-0.43422553875221215,0.16600480637470566,-0.2755692594879928,-0.38311073705043697
2024-07-04 20:00:00,13,0.06897841527152693,-1.3170448170803442,-0.4267826445928453,-1.0688997844305401,1.0825035521331028
2024-07-05 04:00:00,13,0.6477553295246459,-1.3356583507982114,-0.016848743971279636,-1.1194517500931314,0.06897841527152693
2024-07-05 08:00:00,13,-1.394549894170881,-1.6052585679769986,-0.25094286696874285,-1.5941698926742784,0.6477553295246459
2024-07-05 12:00:00,13,0.8523767892741532,-0.3366614252458034,0.5750950043777574,-0.5721510758111936,-1.394549894170881
2024-07-05 16:00:00,13,-0.44155748606290857,-0.8809265106569002,-0.3337047739952782,-1.1968294192228202,0.8523767892741532
2024-07-05 20:00:00,13,-0.09454050757908838,-0.349682052605001,0.18964438168462164,-0.8732267561919969,-0.44155748606290857
2024-07-06 00:00:00,13,0.5863428226698595,-0.6305455909776204,0.04928868807816801,-0.8039411909314857,-0.09454050757908838
2024-07-08 04:00:00,13,-0.935471552172416,-1.0729456966856854,-0.2261037509307461,-1.2336521682196029,0.5863428226698595
2024-07-08 08:00:00,13,0.6655656565590427,-0.3576439821993128,0.3894145820755975,-0.5480764617091172,-0.935471552172416
2024-07-08 12:00:00,13,-0.10948268808172479,-0.7813874977161607,-0.25814649376300675,-1.035847195265835,0.6655656565590427
2024-07-08 16:00:00,13,1.382403835294598,-0.7159607174122421,0.055332254354387385,-0.955611007368951,-0.10948268808172479
2024-07-08 20:00:00,13,-2.6578285060324944,-1.466083209916638,-0.5480813557965857,-1.9687283852988173,1.382403835294598
2024-07-09 00:00:00,13,1.0997955516908853,0.35697902266081327,1.086045063826511,-0.020895068961795715,-2.6578285060324944
2024-07-09 04:00:00,13,-0.4315096484057612,-0.6991221096326362,-0.4337766268538263,-0.8268983200671816,1.0997955516908853
2024-07-09 08:00:00,13,-0.3245372992569653,-0.1722591547982988,0.18558039833206152,-0.5106593800535926,-0.4315096484057612
2024-07-09 12:00:00,13,-0.7730311188144974,0.04160832782792048,0.14231399007996204,-0.2728168847789849,-0.3245372992569653
2024-07-09 16:00:00,13,1.6527323174787991,0.7988276318290343,0.32371335963599684,0.29371167956389144,-0.7730311188144974
2024-07-09 20:00:00,13,-0.800513616452454,-0.29094912764004166,-0.6574193535634946,-0.9175203708356534,1.6527323174787991
2024-07-10 00:00:00,13,-0.23663560617778678,-0.16835326995670277,0.334829026180229,-0.3308508062762989,-0.800513616452454
2024-07-10 04:00:00,13,0.6849302401613109,-0.3243985594699609,0.10676096568555207,-0.1574285119113572,-0.23663560617778678
2024-07-10 08:00:00,13,-1.3164553397675327,-0.5917265540027896,-0.26597876057246267,-0.6593908989219681,0.6849302401613109
2024-07-10 12:00:00,13,0.8534255889300884,0.5630292357892089,0.5435086093890755,0.30539503984304517,-1.3164553397675327
2024-07-10 16:00:00,13,0.1582993431904498,-0.11577038498344236,-0.3341289751505247,-0.3200519336390908,0.8534255889300884
2024-07-10 20:00:00,13,-0.7899144813869405,0.0028865947290422113,-0.05297579702328758,-0.43606420979640603,0.1582993431904498
2024-07-11 00:00:00,13,0.5396262930524589,0.3386820164176121,0.33054206316116164,0.14283760437645832,-0.7899144813869405
2024-07-11 04:00:00,13,0.5418791605463902,-0.42304598201640353,-0.20720862094031997,-0.2526363961443927,0.5396262930524589
2024-07-11 08:00:00,13,-1.716647675602962,-0.6711505916016686,-0.20811982355955697,-0.6497614476461511,0.5418791605463902
2024-07-11 12:00:00,13,0.7531978574716831,0.9698748080809806,0.7053717929070181,0.6083120237469934,-1.716647675602962
2024-07-11 16:00:00,13,1.016383878687197,0.9814084901367925,-0.2935905184187837,0.056318591045407373,0.7531978574716831
2024-07-11 20:00:00,13,-0.9535345055683884,-0.12264046457323172,-0.40003965158979543,-0.6885550441802373,1.016383878687197
2024-07-12 00:00:00,13,0.42697483301664185,0.1951091044716601,0.3967203870063812,0.010258394688172245,-0.9535345055683884
2024-07-12 04:00:00,13,0.3222953107005342,-0.009170775268841327,-0.1616452197540463,-0.3026571313134454,0.42697483301664185
2024-07-12 08:00:00,13,-0.8644504758373479,-0.6122340792630273,-0.11930617621426581,-0.538856548415346,0.3222953107005342
2024-07-12 12:00:00,13,0.1228689967829002,0.2437805298039977,0.3606891506190783,0.09467019469002302,-0.8644504758373479
2024-07-12 16:00:00,13,0.35049536911502166,0.4480058598448343,-0.03864551593307743,0.004623630385578892,0.1228689967829002
2024-07-12 20:00:00,13,-0.112122959522587,-0.010588334698928916,-0.13071206988494813,-0.2522426631448482,0.35049536911502166
2024-07-13 00:00:00,13,3.4694915084814504,-0.30300660645664046,0.05640014772090404,-0.17007150891548228,-0.112122959522587
2024-07-15 04:00:00,13,-3.039387113630415,-2.814229012733279,-1.3922320923614202,-2.712745400639455,3.4694915084814504
2024-07-15 08:00:00,13,-0.9672892082217857,-0.7383787616899827,1.2403715848368244,-0.48528058575859667,-3.039387113630415
2024-07-15 12:00:00,13,-0.4643209072690073,0.3338192779289299,0.40228366186314185,0.2236132130817925,-0.9672892082217857
2024-07-15 16:00:00,13,0.7951655798748423,0.6840316301086636,0.1988513541682081,0.5638984235826339,-0.4643209072690073
2024-07-15 20:00:00,13,0.6930877071060557,0.22353662354093914,-0.31056492933295504,-0.01885174444710458,0.7951655798748423
2024-07-16 00:00:00,13,-0.7459482002386917,-0.6320217098877938,-0.2692781580143511,-0.5267924652199696,0.6930877071060557
2024-07-16 04:00:00,13,-0.5765297545501298,-0.3076264833100347,0.31275930822847603,0.019887936991354493,-0.7459482002386917
2024-07-16 08:00:00,13,1.9183613623915985,0.3391788861233568,0.24423573466086715,0.44240724597743153,-0.5765297545501298
2024-07-16 12:00:00,13,-1.049839555285292,-1.0615604302821113,-0.7648566005928762,-0.9634954170269481,1.9183613623915985
2024-07-16 16:00:00,13,0.7600793996278199,0.11264757231366035,0.4356722622427977,-0.1941032391825992,-1.049839555285292
2024-07-16 20:00:00,13,-0.669942958058245,-0.6146677151356916,-0.29637385088460905,-0.7511399231884273,0.7600793996278199
2024-07-17 00:00:00,13,0.3214307963067977,-0.44078091550780374,0.2820179637254708,-0.2601612122635508,-0.669942958058245
2024-07-17 04:00:00,13,-0.8953462887691774,-0.5316306039754861,-0.11895651171688071,-0.4957270557790636,0.3214307963067977
2024-07-17 08:00:00,13,0.19672132705287915,0.29604701594143945,0.3731853785342907,0.1604421917720753,-0.8953462887691774
2024-07-17 12:00:00,13,-1.0070706974290449,0.22934284261433008,-0.06851608619965327,0.016271733069446626,0.19672132705287915
2024-07-17 16:00:00,13,2.0427992706825737,0.9931236204313204,0.41837382129792827,0.7543200502978831,-1.0070706974290449
2024-07-17 20:00:00,13,-1.1250922108620074,-0.38549749719444615,-0.8151871896188838,-0.7427789796031217,2.0427992706825737
2024-07-18 00:00:00,13,0.18219740411854168,-0.03143570874168786,0.46610921295150753,0.081763344062324,-1.1250922108620074
2024-07-18 04:00:00,13,-0.8074416862443261,-0.26164703381498927,-0.06264168983368221,-0.051763018939171346,0.18219740411854168
2024-07-18 08:00:00,13,0.0777353527464495,0.42741967950218007,0.33763117737536846,0.5399838954672074,-0.8074416862443261
2024-07-18 12:00:00,13,-0.138456720750602,0.5210094434971506,-0.020390605348008815,0.4830142642088031,0.0777353527464495
2024-07-18 16:00:00,13,1.3620601583490153,0.5349077643469636,0.06705119234290981,0.5844845482909697,-0.138456720750602
2024-07-18 20:00:00,13,-0.6442948342449295,-0.3267746825885006,-0.5398530814894368,-0.41372363153169545,1.3620601583490153
2024-07-19 00:00:00,13,-0.15611390804469139,0.1223826931269112,0.2716442343959995,0.05845843019187846,-0.6442948342449295
2024-07-19 04:00:00,13,-0.07279810575572476,0.2701162178862282,0.07419287970538141,0.17286907427325637,-0.15611390804469139
2024-07-19 08:00:00,13,0.7046093999511687,0.23575797146574629,0.04049468064394471,0.22622036290432668,-0.07279810575572476
2024-07-19 12:00:00,13,-0.5862698815054586,-0.23947320292678856,-0.2739382619604517,-0.29016421989100216,0.7046093999511687
2024-07-19 16:00:00,13,1.2492084959414296,0.23582929221230767,0.24817526027313866,0.13949330126560433,-0.5862698815054586
2024-07-19 20:00:00,13,-1.3073073071818726,-0.7598894195485558,-0.4942087057558253,-0.7760096824382767,1.2492084959414296
2024-07-20 00:00:00,13,1.5537609541064548,-0.0963384885815268,0.5398085643241203,0.1820719702492717,-1.3073073071818726
2024-07-22 04:00:00,13,-2.134223512600011,-1.1026458591000459,-0.6173890518359109,-0.9566272893767547,1.5537609541064548
2024-07-22 08:00:00,13,0.6874008348293099,0.4628178476414696,0.8742659677427571,0.607473499262051,-2.134223512600011
2024-07-22 12:00:00,13,-1.026873232356234,-0.03678898265040276,-0.26697802588150454,0.10370049633150025,0.6874008348293099
2024-07-22 16:00:00,13,1.3540554994611398,0.8893342274933386,0.42638322342290597,0.85626142684238,-1.026873232356234
2024-07-22 20:00:00,13,-0.31006944588484764,-0.1414812073969177,-0.5366154893255041,-0.13608040711472924,1.3540554994611398
2024-07-23 00:00:00,13,0.302706796967664,-0.2320606080319836,0.13646227180406587,0.09115908395922112,-0.31006944588484764
2024-07-23 04:00:00,13,-0.457220795061156,-0.5462883825228588,-0.11138333784563906,-0.13068456881108048,0.302706796967664
2024-07-23 08:00:00,13,0.16334384659762335,-0.01707766258510784,0.19597961809935438,0.20439720772974646,-0.457220795061156
2024-07-23 12:00:00,13,-0.4574652529321437,0.15289550620470105,-0.05501611440979543,0.08468798431696989,0.16334384659762335
2024-07-23 16:00:00,13,1.8882078695883777,0.4722147746764392,0.19607849237977126,0.41994891582752736,-0.4574652529321437
2024-07-23 20:00:00,13,-1.243785733229231,-1.1678589571955755,-0.7526606140577373,-0.9638552642413512,1.8882078695883777
2024-07-24 00:00:00,13,-0.48883690486364983,-0.35560624922791223,0.5141164076750405,-0.052326441343344854,-1.243785733229231
2024-07-24 04:00:00,13,-0.016160427713078462,0.009004265539406284,0.20876717979116285,0.3059257210468669,-0.48883690486364983
2024-07-24 08:00:00,13,-0.6048677524253048,0.23933118195892888,0.017586808468159288,0.3177691561798497,-0.016160427713078462
2024-07-24 12:00:00,13,0.04617068995639073,0.8316230069860531,0.2556974198053992,0.7610564327959946,-0.6048677524253048
2024-07-24 16:00:00,13,1.3712775224092635,0.807729606935695,-0.0076238520937178915,0.7272194835981054,0.04617068995639073
2024-07-24 20:00:00,13,0.1115570948216753,-0.13953376560742678,-0.5435811686036517,-0.27774379301301266,1.3712775224092635
2024-07-25 00:00:00,13,0.9387786856651719,-0.4446390739069653,-0.03407026473726325,-0.35950024399329017,0.1115570948216753
2024-07-25 04:00:00,13,-1.6607851215612968,-1.3010145055904216,-0.36865118540678726,-1.0474996376544485,0.9387786856651719
2024-07-25 08:00:00,13,-0.3258721767094137,0.3898060327580931,0.6827774300795765,0.16963404260805603,-1.6607851215612968
2024-07-25 12:00:00,13,0.5331070284462633,0.7342988150989497,0.14285389925540531,0.4084548247695743,-0.3258721767094137
2024-07-25 16:00:00,13,1.3045889552903258,0.28761459346085605,-0.20457181651188985,0.01775857449451479,0.5331070284462633
2024-07-25 20:00:00,13,-1.10343690278674,-0.8437303247353709,-0.5166080788877102,-0.9383308893185944,1.3045889552903258
2024-07-26 00:00:00,13,0.5798958635240385,-0.036591160656213734,0.4573504317574418,-0.1296590141974434,-1.10343690278674
2024-07-26 04:00:00,13,-0.7960353202239876,-0.9191415970686531,-0.2234961914202066,-0.5546452314851358,0.5798958635240385
2024-07-26 08:00:00,13,-0.9718091827183688,0.007314035656515189,0.3330177189177779,0.02874234005832932,-0.7960353202239876
2024-07-26 12:00:00,13,0.2949313879376909,0.7487582956201119,0.40411182646282007,0.7409486765186042,-0.9718091827183688
2024-07-26 16:00:00,13,1.3210955924778798,0.5216181776492058,-0.10823846887627639,0.5248033600865405,0.2949313879376909
2024-07-26 20:00:00,13,-0.17245597338877516,-0.4143270202777775,-0.5232844107539253,-0.4433832641647335,1.3210955924778798
2024-07-27 00:00:00,13,0.3012556245134306,-0.49052597849455926,0.08080264827161254,-0.3169960688263007,-0.17245597338877516
2024-07-29 04:00:00,14,-0.8528012630601207,-0.7995484761605067,-0.1355155013671889,-0.5270298986029509,0.3012556245134306
2024-07-29 08:00:00,14,-0.4426336447506145,-0.30455771245754903,0.37499865170495356,0.09042470256834712,-0.8528012630601207
2024-07-29 12:00:00,14,0.21709562832602636,0.1941996774453742,0.19355493213307073,0.4109052088984857,-0.4426336447506145
2024-07-29 16:00:00,14,1.6282119384167846,-0.036777241900369545,-0.09828608084312557,0.25372123132899027,0.21709562832602636
2024-07-29 20:00:00,14,-1.107832594350473,-0.9329090903050928,-0.7225142759080395,-0.9251547818818482,1.6282119384167846
2024-07-30 00:00:00,14,0.6504444941323761,-0.2858098864292954,0.4878155375122898,-0.12304957596939836,-1.107832594350473
2024-07-30 04:00:00,14,-0.22072216711596582,-0.9383347100420388,-0.28998436850470544,-0.5939915915422098,0.6504444941323761
2024-07-30 08:00:00,14,-1.4060807275150804,-0.7328781465033513,0.0953891040170628,-0.4341818872539953,-0.22072216711596582
2024-07-30 12:00:00,14,1.2312253810772127,0.5069278871055469,0.6197500155673615,0.5838642302049877,-1.4060807275150804
2024-07-30 16:00:00,14,-0.05082826823070263,-0.5835696677759089,-0.5469013938365562,-0.30758118569071513,1.2312253810772127
2024-07-30 20:00:00,14,-0.42808806449922265,-0.2510067442940201,0.020234022118202244,-0.2707799408426492,-0.05082826823070263
2024-07-31 00:00:00,14,-0.37748575896223535,-0.1628308859635398,0.18712047932321396,0.03916911362178688,-0.42808806449922265
2024-07-31 04:00:00,14,0.37351949081719305,0.17688400166999832,0.16473580016842107,0.31248052724646413,-0.37748575896223535
2024-07-31 08:00:00,14,-0.11758789504828648,-0.032217330597483246,-0.16748249268366558,0.042040814945080385,0.37351949081719305
2024-07-31 12:00:00,14,-0.9699477133720933,0.15864539395323882,0.04976613159319464,0.12717810306198807,-0.11758789504828648
2024-07-31 16:00:00,14,1.4767893495247275,0.8829354841963178,0.4268201186624158,0.8294503726504967,-0.9699477133720933
2024-07-31 20:00:00,14,0.6075255449981007,-0.2621320056441139,-0.6555302515011032,-0.2397909832461913,1.4767893495247275
2024-08-01 00:00:00,14,-0.8088668124949514,-0.5080221773975481,-0.2709985358269948,-0.6796583466482229,0.6075255449981007
2024-08-01 04:00:00,14,-0.04738465719357343,-0.1998347980116992,0.35556359693211176,-0.0940136522236088,-0.8088668124949514
2024-08-01 08:00:00,14,-0.5497729564238476,-0.05367325674047449,0.018710689784190368,-0.05970568871976667,-0.04738465719357343
2024-08-01 12:00:00,14,-0.5001642856412474,0.3487718598411485,0.2409495931316231,0.33834700684656305,-0.5497729564238476
2024-08-01 16:00:00,14,1.930387031594531,0.8880568330989375,0.21900446302381477,0.7004814839961035,-0.5001642856412474
2024-08-01 20:00:00,14,0.7929546199994899,-0.6066287539580248,-0.8561859028739166,-0.6971786817762116,1.930387031594531
2024-08-02 00:00:00,14,-0.3347122739446533,-1.4813601299684531,-0.35302583292005235,-1.271302454625511,0.7929546199994899
2024-08-02 04:00:00,14,-0.5218851879654878,-1.3616637248366503,0.14581431569670938,-1.0289603726332324,-0.3347122739446533
2024-08-02 08:00:00,14,-0.4045077240332162,-0.8343065309448194,0.22861302580215145,-0.6510992875826105,-0.5218851879654878
2024-08-02 12:00:00,14,-0.2103733151853504,-0.381417839606636,0.17668936654898446,-0.3582231319852287,-0.4045077240332162
2024-08-02 16:00:00,14,2.0744066850977294,0.16943040822616315,0.09081113612352563,-0.20590631791444913,-0.2103733151853504
2024-08-02 20:00:00,14,-1.8568691100699546,-1.2430421957015356,-0.9198951291916209,-1.7078411858554183,2.0744066850977294
2024-08-03 00:00:00,14,3.429586026383186,-0.004090965990405522,0.8191629317006622,-0.36341027862220443,-1.8568691100699546
2024-08-05 04:00:00,14,-0.9470713648657583,-1.39220337484239,-1.5193787778112526,-2.846537079471937,3.429586026383186
2024-08-05 08:00:00,14,0.6396757092357319,-0.6292970084188282,0.4167004271560034,-2.1608279967067556,-0.9470713648657583
2024-08-05 12:00:00,14,-0.4810882937619585,-0.6793139599453734,-0.28522063704543105,-2.6239730775522467,0.6396757092357319
2024-08-05 16:00:00,14,0.41371645416066016,0.08652532837059436,0.21056591554567275,-2.2756502109947316,-0.4810882937619585
2024-08-05 20:00:00,14,-1.509648483138113,-0.9241424115871565,-0.1852642146406382,-2.575193773213594,0.41371645416066016
2024-08-06 00:00:00,14,0.1529685739633173,0.19420898399667866,0.6655647458608067,-1.4821613840258863,-1.509648483138113
2024-08-06 04:00:00,14,-2.0914813143278064,-0.07194633548904182,-0.06991852877572093,-1.5929153825475835,0.1529685739633173
2024-08-06 08:00:00,14,1.240937069172782,1.4618586326670289,0.9229471143061772,-0.07861795273191241,-2.0914813143278064
2024-08-06 12:00:00,14,-0.4418170950265594,0.4943079847127926,-0.5511975028727708,-0.9770949324391323,1.240937069172782
2024-08-06 16:00:00,14,1.1168196516791546,0.8109281994061398,0.19319371927146411,-0.6572056334700083,-0.4418170950265594
2024-08-06 20:00:00,14,-1.1155969453942678,-0.15838900942944142,-0.496292325358961,-1.4658177480128156,1.1168196516791546
2024-08-07 00:00:00,14,0.5586567723704903,0.5597405579035143,0.4912502131681942,-0.6580909107956714,-1.1155969453942678
2024-08-07 04:00:00,14,-0.08654476202597294,0.04753700698294562,-0.24938071062418857,-1.062575765025242,0.5586567723704903
2024-08-07 08:00:00,14,-1.3956524682440516,0.01139550026587423,0.03603374202536909,-0.9999146693691898,-0.08654476202597294
2024-08-07 12:00:00,14,-0.009103593615552796,1.1896708524682187,0.6151369206609576,0.010581064491628211,-1.3956524682440516
2024-08-07 16:00:00,14,0.8440994265679507,1.129875776917011,0.00177649445840881,0.01717234901311926,-0.009103593615552796
2024-08-07 20:00:00,14,-0.14349731324893966,0.4803991820603365,-0.3756504954392752,-0.593981852271984,0.8440994265679507
2024-08-08 00:00:00,14,0.49613695113795586,0.607797882667327,0.061227546391479794,-0.490085340670511,-0.14349731324893966
2024-08-08 04:00:00,14,1.5378692254589428,0.03867885317016241,-0.22172414193123938,-0.8493039025567555,0.49613695113795586
2024-08-08 08:00:00,14,-3.084527504652904,-1.383994950396178,-0.6825498390691555,-1.9627689856782657,1.5378692254589428
2024-08-08 12:00:00,14,1.6829789761940184,1.2475365251661341,1.3622358012627156,0.27052472844360587,-3.084527504652904
2024-08-08 16:00:00,14,0.4066204750874558,-0.15678003592078002,-0.7467412860391432,-0.948004321099206,1.6829789761940184
2024-08-08 20:00:00,14,-1.1972583612476235,-0.5003057192529549,-0.1821252032229331,-1.2424101740787048,0.4066204750874558
2024-08-09 00:00:00,14,1.8827452833144065,0.22581409727783444,0.5273743496834238,-0.3755579355038208,-1.1972583612476235
2024-08-09 04:00:00,14,-2.3038793737654046,-1.441154153963105,-0.8351108700605503,-1.7387239958407719,1.8827452833144065
2024-08-09 08:00:00,14,0.23626510887468832,0.4685991043182338,1.0169045410114887,-0.07064377423020396,-2.3038793737654046
2024-08-09 12:00:00,14,-0.28429547942934263,0.30034619425832165,-0.10676598441851093,-0.2417070510919661,0.23626510887468832
2024-08-09 16:00:00,14,1.7901722235876036,0.5553244470241595,0.12351170008933478,-0.03586829419806037,-0.28429547942934263
2024-08-09 20:00:00,14,-1.6598777411869872,-0.7933013684465465,-0.7941598063022539,-1.332008584113761,1.7901722235876036
2024-08-10 00:00:00,14,2.7345096131445494,0.3166255117241671,0.7320208826988528,-0.13020554620541525,-1.6598777411869872
2024-08-12 04:00:00,14,-2.8910173266263364,-1.5235774714954682,-1.2119014339768226,-2.110075435849585,2.7345096131445494
2024-08-12 08:00:00,14,0.7593489755316369,0.5817546213678197,1.2766337085844406,-0.01688910075203154,-2.8910173266263364
2024-08-12 12:00:00,14,0.05473916648993793,0.23623922403943445,-0.3381598784695564,-0.566681343266179,0.7593489755316369
2024-08-12 16:00:00,14,1.760017409167597,0.09085536119378258,-0.0264652958345895,-0.6063141999205097,0.05473916648993793
2024-08-12 20:00:00,14,-1.255591504301874,-1.1972379620237434,-0.7808203776220571,-1.8806214676332562,1.760017409167597
2024-08-13 00:00:00,14,-0.4188202462185906,-0.34621962779963744,0.5531788792894038,-0.9715342217480094,-1.255591504301874
2024-08-13 04:00:00,14,-0.6363724637927923,-0.04336727738131051,0.18302072267229944,-0.6682953555631528,-0.4188202462185906
2024-08-13 08:00:00,14,-0.4035614602126305,0.32827585656083724,0.27925816755023375,-0.20754192701215146,-0.6363724637927923
2024-08-13 12:00:00,14,-0.07587966420910952,0.9175538581080014,0.1762707727360184,0.08464910418960514,-0.4035614602126305
2024-08-13 16:00:00,14,1.308753458799126,1.062410494850909,0.03131587808119625,0.13958833778445978,-0.07587966420910952
2024-08-13 20:00:00,14,-0.7154413095072556,-0.13726738391852397,-0.581197087024377,-0.8079898142865964,1.308753458799126
2024-08-14 00:00:00,14,-1.316203754832248,0.41544194301069703,0.3142354422746901,-0.289988085679715,-0.7154413095072556
2024-08-14 04:00:00,14,0.9326583456323352,1.3062897867026988,0.5799916058356402,0.6629843121142329,-1.316203754832248
2024-08-14 08:00:00,14,-0.6921507150243382,0.4883294499810572,-0.4148258446356182,-0.012289297079398409,0.9326583456323352
2024-08-14 12:00:00,14,1.5963082991202437,1.3358661488859618,0.30393250292653295,0.4888493177512565,-0.6921507150243382
2024-08-14 16:00:00,14,1.0322529746464237,-0.09919150234352313,-0.708401228647746,-0.6669274697301653,1.5963082991202437
2024-08-14 20:00:00,14,-1.8388172477737115,-0.7712567063047263,-0.4588830035409856,-1.4143106835883517,1.0322529746464237
2024-08-15 00:00:00,14,0.027546994488025334,0.4564852518308202,0.8111774231085183,-0.08294988532112413,-1.8388172477737115
2024-08-15 04:00:00,14,0.5615579843289105,0.3307952589535405,-0.014436435897766242,-0.10289476489838734,0.027546994488025334
2024-08-15 08:00:00,14,-0.45866586269055176,-0.04602574268896119,-0.2506641046940855,-0.5094801866931036,0.5615579843289105
2024-08-15 12:00:00,14,0.5111865099437232,0.43979820388848345,0.2006470211380449,-0.17739185663804058,-0.45866586269055176
2024-08-15 16:00:00,14,-0.4191706547377816,0.07886045751246397,-0.22838153711735495,-0.5475067665161664,0.5111865099437232
2024-08-15 20:00:00,14,1.421671624140254,0.37775217552493,0.1831757310694853,-0.24401419368025756,-0.4191706547377816
2024-08-16 00:00:00,14,0.19463307480586778,-0.6849273957930884,-0.6311481095140826,-1.2733486045255065,1.421671624140254
2024-08-16 04:00:00,14,-1.2420415801221303,-1.1605963067853133,-0.08834943767617373,-1.4142689956935106,0.19463307480586778
2024-08-16 08:00:00,14,-1.5017634953129821,-0.0600754594517252,0.547184869686153,-0.5149923157545242,-1.2420415801221303
2024-08-16 12:00:00,14,1.291899227680604,1.22058064502147,0.6620767047383328,0.5723310973520093,-1.5017634953129821
2024-08-16 16:00:00,14,0.48967787594388845,0.25839681312832297,-0.5737413683177841,-0.36304406792234367,1.291899227680604
2024-08-16 20:00:00,14,-0.5723619327574898,-0.10285103021877338,-0.21886687437551114,-0.7175860587589895,0.48967787594388845
2024-08-17 00:00:00,14,0.16667736432979474,0.16965668242580115,0.25094216130214236,-0.30317824274770544,-0.5723619327574898
2024-08-19 04:00:00,14,-1.2506934408434454,0.09252023465705746,-0.07598281518910602,-0.423857831269002,0.16667736432979474
2024-08-19 08:00:00,14,-0.11267307394099646,0.9868867599477552,0.5510121483898285,0.4816830645459085,-1.2506934408434454
2024-08-19 12:00:00,14,1.5268463727467925,1.187749536694027,0.047591987699504346,0.5632618695342373,-0.11267307394099646
2024-08-19 16:00:00,14,-0.16092620278272562,-0.062341765448618344,-0.6776737169495483,-0.5422223258705614,1.5268463727467925
2024-08-19 20:00:00,14,-0.46465931899852286,0.2392363224706168,0.0689374737573971,-0.4257067569317119,-0.16092620278272562
2024-08-20 00:00:00,14,1.1805739070100731,0.3377274740632591,0.20329831528479358,-0.08927897836200138,-0.46465931899852286
2024-08-20 04:00:00,14,-1.4905221654984526,-0.7028030680116993,-0.5244949642543808,-0.9440511538750167,1.1805739070100731
2024-08-20 08:00:00,14,-0.31655186377756905,0.335058898767864,0.657103936037359,0.1351331873071171,-1.4905221654984526
2024-08-20 12:00:00,14,0.11091381563964653,0.8262216224998488,0.13778078934656152,0.36432656830358745,-0.31655186377756905
2024-08-20 16:00:00,14,1.601890539654729,0.8683821998139029,-0.051314983699703956,0.28402152096533406,0.11091381563964653
2024-08-20 20:00:00,14,-1.2795971259969825,-0.28621436870131245,-0.7108706154079599,-0.8757969820389899,1.601890539654729
2024-08-21 00:00:00,14,-0.4793219082166562,0.48669875227367065,0.5637981215127361,0.05067107953177086,-1.2795971259969825
2024-08-21 04:00:00,14,-0.4258220471584,0.7763563372260315,0.2097845287437146,0.3977150280932271,-0.4793219082166562
2024-08-21 08:00:00,14,0.7085453940815825,0.9816795840585111,0.18611807299814176,0.7060234156238394,-0.4258220471584
2024-08-21 12:00:00,14,-0.4541987748363798,0.6665478697660651,-0.31568616193419785,0.19301454396183537,0.7085453940815825
2024-08-21 16:00:00,14,2.4724285377482094,0.9708024959074176,0.1986709386787423,0.5218685636694946,-0.4541987748363798
2024-08-21 20:00:00,14,-1.007431988482077,-0.8585420185452161,-1.0959659894741602,-1.2682464875464117,2.4724285377482094
2024-08-22 00:00:00,14,-1.1101719675023496,-0.09811037992449366,0.4434018428108079,-0.5388344385734527,-1.007431988482077
2024-08-22 04:00:00,14,0.5450183002632194,0.5889691443877934,0.48885039386660784,0.2649645461583443,-1.1101719675023496
2024-08-22 08:00:00,14,-1.3706342047730207,0.04809238895550756,-0.24334753053401065,-0.12964563067527202,0.5450183002632194
2024-08-22 12:00:00,14,1.258229349293254,1.4260062959066049,0.6040697213532155,0.8627361034031438,-1.3706342047730207
2024-08-22 16:00:00,14,0.455653849856386,0.38009767056497024,-0.5588469990418462,-0.04826102418333278,1.258229349293254
2024-08-22 20:00:00,14,-0.6789926852756487,0.04167795038321094,-0.20381584262032068,-0.37816856339790306,0.455653849856386
2024-08-23 00:00:00,14,-0.5133837210945273,0.3532194186629536,0.29811185362788895,0.11344322922622219,-0.6789926852756487
2024-08-23 04:00:00,14,-0.450187139844207,0.7010267836800205,0.22485227604515767,0.4851489882195832,-0.5133837210945273
2024-08-23 08:00:00,14,0.6295003721015338,0.9910047688562924,0.19689633253712507,0.8110984595976021,-0.450187139844207
2024-08-23 12:00:00,14,-0.028777787514753683,0.6240266630623906,-0.28071942599143296,0.3553206388678323,0.6295003721015338
2024-08-23 16:00:00,14,2.382573600677796,0.6694906922854877,0.010479665458016508,0.3761566508230132,-0.028777787514753683
2024-08-23 20:00:00,14,-0.9091740872018619,-0.7292521483480673,-1.0562173275218878,-1.3489006351956423,2.382573600677796
2024-08-24 00:00:00,14,0.5380940811712431,-0.44557857796070044,0.3999360052122967,-0.690630358491175,-0.9091740872018619
2024-08-26 04:00:00,15,-2.9524908779690833,-0.8003786353127795,-0.236011109385377,-0.6813364548652263,0.5380940811712431
2024-08-26 08:00:00,15,0.4678213833900653,1.3841237485178448,1.3848392429101728,1.1190723596024563,-2.9524908779690833
2024-08-26 12:00:00,15,0.6581652235577806,1.184038567691761,-0.20338003800660362,0.8337980684821042,0.4678213833900653
2024-08-26 16:00:00,15,0.6099408720688366,0.7538076133233282,-0.2917660489487674,0.4324534009298642,0.6581652235577806
2024-08-26 20:00:00,15,-0.5467790540694377,0.30154007814325173,-0.2693731096520457,0.060515614238982884,0.6099408720688366
2024-08-27 00:00:00,15,0.5838611126107871,0.6355656222202792,0.26774886896618966,0.393937754797828,-0.5467790540694377
2024-08-27 04:00:00,15,-0.9519011523420744,0.16043398106911588,-0.2572629940696496,0.037903227675953666,0.5838611126107871
2024-08-27 08:00:00,15,-0.04406852996043398,0.8309886918187319,0.45586699340503317,0.6183660626221155,-0.9519011523420744
2024-08-27 12:00:00,15,0.2922950049934627,1.0650617414117771,0.034315636530146756,0.6452387518396936,-0.04406852996043398
2024-08-27 16:00:00,15,0.8947514179523601,0.8640633716145942,-0.12187450366448484,0.4669992499526989,0.2922950049934627
2024-08-27 20:00:00,15,-0.7507557733418153,0.24857348085019948,-0.4016246603338231,-0.07861406647081548,0.8947514179523601
2024-08-28 00:00:00,15,4.157336839725662,0.8099394140271972,0.3624652964884548,0.3791916872820531,-0.7507557733418153
2024-08-28 04:00:00,15,-4.195896259969455,-2.222541801652182,-1.916603608612443,-2.1559239829488783,4.157336839725662
2024-08-28 08:00:00,15,0.3796707229491858,0.8332403842885248,1.9622135440811257,0.40270495894216474,-4.195896259969455
2024-08-28 12:00:00,15,0.9751064279413271,0.631990147509792,-0.16244734887192241,0.1711843397613766,0.3796707229491858
2024-08-28 16:00:00,15,0.6156856751371205,-0.3280014597837389,-0.4389374453752754,-0.42342891408795413,0.9751064279413271
2024-08-28 20:00:00,15,-0.36987237349056556,-0.6885288124000036,-0.2720407043922091,-0.7988698425357486,0.6156856751371205
2024-08-29 00:00:00,15,-1.0631878881078638,-0.44808178426700224,0.1856023924024677,-0.5733241900734587,-0.36987237349056556
2024-08-29 04:00:00,15,-2.0671588897139177,0.29265874487636584,0.5075429007338226,0.07500053785978178,-1.0631878881078638
2024-08-29 08:00:00,15,0.7002459261626406,1.9150095515685457,0.9737360376137976,1.3355399399344856,-2.0671588897139177
2024-08-29 12:00:00,15,0.725153812612298,1.449840298078672,-0.31130618976766605,0.9085347467379146,0.7002459261626406
2024-08-29 16:00:00,15,0.9829209519813134,0.5827619191695981,-0.32287214704973943,0.46634089414586555,0.725153812612298
2024-08-29 20:00:00,15,0.6160664352618159,-0.09672432421481754,-0.44256611340413016,-0.13303760320258728,0.9829209519813134
2024-08-30 00:00:00,15,-1.3546754885820356,-0.49587251016906525,-0.2722175100535745,-0.5087107165793228,0.6160664352618159
2024-08-30 04:00:00,15,-0.40229096529562014,0.3674774303432014,0.6428949364094431,0.3173611634679734,-1.3546754885820356
2024-08-30 08:00:00,15,0.4663605890363076,0.7001014585855452,0.2006559397486092,0.5626754522616979,-0.40229096529562014
2024-08-30 12:00:00,15,-0.8432186867499425,0.4010334864517828,-0.20270171930912587,0.27829194358211584,0.4663605890363076
2024-08-30 16:00:00,15,2.418740480505795,1.0680913630777829,0.4054003768621312,0.7924809517435003,-0.8432186867499425
2024-08-30 20:00:00,15,-0.8971171119858141,-0.8157200153110559,-1.1092877706288546,-0.6824505081660028,2.418740480505795
2024-08-31 00:00:00,15,0.9332679992323332,-0.24730451362294098,0.4304280677948434,-0.13539460764444833,-0.8971171119858141
2024-09-02 04:00:00,15,-1.8694346300617077,-0.9136695315170337,-0.41950980424742085,-0.7044950728199098,0.9332679992323332
2024-09-02 08:00:00,15,0.5162347943550625,0.4453608836349643,0.8819229347481993,0.43547342332305305,-1.8694346300617077
2024-09-02 12:00:00,15,0.011453800419285898,0.1678814682893534,-0.22586076692081145,0.12067696416139384,0.5162347943550625
2024-09-02 16:00:00,15,-0.2820588767517478,0.05222504712850492,0.008533886534179674,0.11369251472992925,0.011453800419285898
2024-09-02 20:00:00,15,0.8584104932540253,0.32272845838300135,0.14482626496494186,0.2856900953802075,-0.2820588767517478
2024-09-03 04:00:00,15,-0.5085440250615765,-0.49964246930209427,-0.38474978082521805,-0.23776277284649705,0.8584104932540253
2024-09-03 08:00:00,15,-0.8292221048143844,-0.1796998659805898,0.24999446362643668,0.07234390761699583,-0.5085440250615765
2024-09-03 12:00:00,15,-0.10398522709196811,0.8223060872777732,0.39890107516148726,0.5779978955088074,-0.8292221048143844
2024-09-03 16:00:00,15,1.6793433206801964,0.7052883457831376,0.062137907235728124,0.6414073782705572,-0.10398522709196811
2024-09-03 20:00:00,15,-0.7257871340059907,-0.29029152985991324,-0.7659492869596851,-0.3826447329928042,1.6793433206801964
2024-09-04 00:00:00,15,1.368922663272249,0.18890693044736592,0.3508711286519616,0.05993531466866919,-0.7257871340059907
2024-09-04 04:00:00,15,-1.4175583143613402,-0.6669181279406976,-0.6218057013403269,-0.7748243954020557,1.368922663272249
2024-09-04 08:00:00,15,0.25164450885615963,0.33243206882114024,0.6720945265958477,0.08959300322295416,-1.4175583143613402
2024-09-04 12:00:00,15,-1.2407463053646737,-0.09512896189691782,-0.10299847808241051,-0.06385810317594753,0.25164450885615963
2024-09-04 16:00:00,15,1.9244654334493791,0.9723895582578655,0.5899920107061006,0.6927405374380955,-1.2407463053646737
2024-09-04 20:00:00,15,-1.2637210034368156,-0.5592930162285512,-0.8797715452596834,-0.4807853675441969,1.9244654334493791
2024-09-05 00:00:00,15,0.22399293131101672,0.4791127653707394,0.6006602935011099,0.28982308736850015,-1.2637210034368156
2024-09-05 04:00:00,15,0.21877122469809684,0.14710957669429117,-0.09015849002017731,0.15323372449527373,0.22399293131101672
2024-09-05 08:00:00,15,-0.6702666876828971,0.10662724593003398,-0.08773379470343028,0.019828522725682696,0.21877122469809684
2024-09-05 12:00:00,15,-0.09731931184312259,0.763332260526515,0.3250902535161919,0.42855258062300283,-0.6702666876828971
2024-09-05 16:00:00,15,1.5754344112678709,0.8757831730617203,0.059042594786400296,0.48789723369803983,-0.09731931184312259
2024-09-05 20:00:00,15,-0.796630694911677,-0.38312015879055517,-0.7176992674359965,-0.4727919328044692,1.5754344112678709
2024-09-06 00:00:00,15,-1.087605953664763,0.30664911239018533,0.38376727986901515,0.012988035457812686,-0.796630694911677
2024-09-06 04:00:00,15,0.5952843816383204,1.0801882722012932,0.518881410073536,0.6762027333445353,-1.087605953664763
2024-09-06 08:00:00,15,0.9236447615329091,0.3684885817174068,-0.26256737996610524,0.31320237462579836,0.5952843816383204
2024-09-06 12:00:00,15,-0.042666848773015076,-0.03596798292265017,-0.41504126146793874,-0.250029905788435,0.9236447615329091
2024-09-06 16:00:00,15,0.8843560753953295,0.09452832881556784,0.03366476698448942,-0.22401195220568404,-0.042666848773015076
2024-09-06 20:00:00,15,-0.06302394675783951,-0.3706134322077423,-0.3967975912771955,-0.7632862595881402,0.8843560753953295
2024-09-07 00:00:00,15,1.5093138354864823,-0.17861607743731517,0.04311756925879477,-0.724854686399536,-0.06302394675783951
2024-09-09 04:00:00,15,-3.2012421317023136,-1.862184795158761,-0.6869962306087128,-1.6452239764401817,1.5093138354864823
2024-09-09 08:00:00,15,-0.5295275686572563,0.45877863496251514,1.5003466899332543,0.3068716571716328,-3.2012421317023136
2024-09-09 12:00:00,15,0.39660109293196477,0.8637157774160832,0.2597381554223937,0.6297739595048926,-0.5295275686572563
2024-09-09 16:00:00,15,1.3990472393454283,0.7192157830759127,-0.17030895272122099,0.38792931609878245,0.39660109293196477
2024-09-09 20:00:00,15,-1.1807893741029964,-0.5648762708408955,-0.6357940243041066,-0.46520015514511215,1.3990472393454283
2024-09-10 00:00:00,15,0.6168159704577754,0.2041496652190195,0.5621510573141557,0.254837157426417,-1.1807893741029964
2024-09-10 04:00:00,15,-0.9281779220174062,-0.17592243124288376,-0.2725655561262671,-0.12129301740430343,0.6168159704577754
2024-09-10 08:00:00,15,-0.12597226704291486,0.5032650327995221,0.4448511302533175,0.4447035533772894,-0.9281779220174062
2024-09-10 12:00:00,15,0.5303391325644995,0.788273663054517,0.07234757176691471,0.5215205832468452,-0.12597226704291486
2024-09-10 16:00:00,15,1.0278193414971835,0.3119013206228367,-0.23241010516161217,0.19812339477422114,0.5303391325644995
2024-09-10 20:00:00,15,-0.012922937722397165,-0.6220049484837403,-0.4634146449013334,-0.4286338344927456,1.0278193414971835
2024-09-11 00:00:00,15,-1.429473098597354,-0.7204255825313206,0.01985320552147465,-0.4207535151468571,-0.012922937722397165
2024-09-11 04:00:00,15,1.0705878940762492,0.48475003263440347,0.6776271471888227,0.45092943769919014,-1.429473098597354
2024-09-11 08:00:00,15,-0.8041288607778068,-0.06554672107956429,-0.483274188309216,-0.20190776343828887,1.0705878940762492
2024-09-11 12:00:00,15,0.2546988794166065,0.5103180807897764,0.38724904723120535,0.28844453526486014,-0.8041288607778068
2024-09-11 16:00:00,15,1.7061284305986693,0.2086181491942416,-0.10441677262527155,0.13313089451548432,0.2546988794166065
2024-09-11 20:00:00,15,-1.7577348386735228,-1.1356482151590146,-0.778386931467935,-0.9072545942202828,1.7061284305986693
2024-09-12 00:00:00,15,-0.06747922051946809,-0.0175490247355974,0.8300552253693482,0.16460013043227573,-1.7577348386735228
2024-09-12 04:00:00,15,0.3495573815624624,-0.07745318687791279,0.045186372090022034,0.20574849919547678,-0.06747922051946809
2024-09-12 08:00:00,15,-1.1891864165747705,-0.279614038484031,-0.14846424272587183,-0.00740920964737235,0.3495573815624624
2024-09-12 12:00:00,15,0.3473352153226461,0.7349955630683874,0.566050217313965,0.7177485621927868,-1.1891864165747705
2024-09-12 16:00:00,15,1.6758454836656522,0.4903056204447536,-0.14743238159805885,0.5059459151776409,0.3473352153226461
2024-09-12 20:00:00,15,-1.5531240689061772,-0.8022955621477303,-0.764325069121225,-0.5159732389140155,1.6758454836656522
2024-09-13 00:00:00,15,-0.028231441845061767,0.5401719193472325,0.7350443770035362,0.43111123287410535,-1.5531240689061772
2024-09-13 04:00:00,15,-0.5064296579451941,0.5132407537430949,0.02696169724729982,0.44832657369776463,-0.028231441845061767
2024-09-13 08:00:00,15,-0.23567286845592683,0.936797519662066,0.24901265893593733,0.7571439275043117,-0.5064296579451941
2024-09-13 12:00:00,15,0.678234808206204,1.0979904292461955,0.12328695886927173,0.900855636443036,-0.23567286845592683
2024-09-13 16:00:00,15,1.3850417652157319,0.7329581576296695,-0.3010853446337617,0.48727267295791243,0.678234808206204
2024-09-13 20:00:00,15,-0.9947023293602744,-0.6165253903416342,-0.6292905935201799,-0.35731635561702824,1.3850417652157319
2024-09-14 00:00:00,15,1.22397536283626,-0.0013940234578324676,0.47574168594530564,0.249246345360274,-0.9947023293602744
2024-09-16 04:00:00,15,-1.5223277968232232,-0.7028594368288184,-0.5544995375522885,-0.4971254888035288,1.22397536283626
2024-09-16 08:00:00,15,-0.3997686093424413,0.4781426061389636,0.7207441525313207,0.4311796261626544,-1.5223277968232232
2024-09-16 12:00:00,15,0.0007830699407467279,0.7810373491741771,0.19948468576591527,0.6749557994874333,-0.3997686093424413
2024-09-16 16:00:00,15,1.795759778583859,0.9482967681312218,0.013488831753347382,0.6744782887746368,0.0007830699407467279
2024-09-16 20:00:00,15,-0.05615918389166197,-0.5539625328063127,-0.8200071766873208,-0.42056378507348136,1.795759778583859
2024-09-17 00:00:00,15,-0.27076443707827913,-0.4617434261206489,0.03992992207635529,-0.38631829749337765,-0.05615918389166197
2024-09-17 04:00:00,15,-1.7934434695776371,-0.3057060835255773,0.1395817008766834,-0.2212079891778984,-0.27076443707827913
2024-09-17 08:00:00,15,0.41863743098394046,0.8362928239751173,0.8466364997570027,0.8724216152251989,-1.7934434695776371
2024-09-17 12:00:00,15,-0.15483494670587383,0.6891057018242116,-0.18054150878645003,0.6171393630652702,0.41863743098394046
2024-09-17 16:00:00,15,2.5493734671553074,0.6396216265713381,0.08574993413526179,0.7115566582775896,-0.15483494670587383
2024-09-17 20:00:00,15,-1.3853895431381709,-1.437967399245182,-1.1699470941837322,-0.8430339065520966,2.5493734671553074
2024-09-18 00:00:00,15,-0.45841311678752383,-0.2000601339972207,0.657156983238407,0.0017671946296422547,-1.3853895431381709
2024-09-18 04:00:00,15,0.04452430752968617,0.059065379904760414,0.22671621620142463,0.2813043888984952,-0.45841311678752383
2024-09-18 08:00:00,15,-0.6356856304705243,-0.12088591816150589,-0.006822377166012899,0.2541537696255727,0.04452430752968617
2024-09-18 12:00:00,15,0.42567007812748336,0.791291280835227,0.309032567076372,0.6417905345245165,-0.6356856304705243
2024-09-18 16:00:00,15,0.7688100636843433,0.5777857813684176,-0.18380711289968987,0.38221982206797733,0.42567007812748336
2024-09-18 20:00:00,15,0.658974628352798,-0.11408784416495849,-0.3431438925475069,-0.08659531488542704,0.7688100636843433
2024-09-19 00:00:00,15,-0.49817576390789675,-0.3687866877150655,-0.2921418954222126,-0.4884335519651106,0.658974628352798
2024-09-19 04:00:00,15,-1.1909057859308358,-0.3574102276623153,0.24517996979793724,-0.18464936648748775,-0.49817576390789675
2024-09-19 08:00:00,15,-0.007847677480619097,0.6137811370820795,0.5668486051083107,0.5415568650675118,-1.1909057859308358
2024-09-19 12:00:00,15,0.658007462613126,0.7335504365988285,0.017496512460806798,0.5463423253087729,-0.007847677480619097
2024-09-19 16:00:00,15,0.3044287464345121,0.23218112441406702,-0.2916927927794677,0.14509385930535235,0.658007462613126
2024-09-19 20:00:00,15,-0.2179283619148844,-0.0034756296775196958,-0.1275087968616433,-0.04054471541399085,0.3044287464345121
2024-09-20 00:00:00,15,-1.0300293834760446,0.07126641390079667,0.11504731135602433,0.09234651437499064,-0.2179283619148844
2024-09-20 04:00:00,15,0.47067187758232976,0.9387897250048912,0.4921457754544784,0.7204514121779644,-1.0300293834760446
2024-09-20 08:00:00,15,-0.3446190318907689,0.33309718675448696,-0.20470366271989127,0.4334389091269202,0.47067187758232976
2024-09-20 12:00:00,15,0.8325690191985196,1.014948855306898,0.17387602329591226,0.6435852459976541,-0.3446190318907689
2024-09-20 16:00:00,15,0.7999221180996159,0.3054843221147873,-0.37275031288016097,0.13589033252553762,0.8325690191985196
2024-09-20 20:00:00,15,-1.329053932060642,-0.11054658835145455,-0.3575907502948262,-0.35189672316381415,0.7999221180996159
2024-09-21 00:00:00,15,1.7330536312313995,0.7633558438187014,0.6309975869966131,0.4585513063423319,-1.329053932060642
2024-09-23 04:00:00,16,-0.7250789450989004,-1.425276377747779,-0.7633292791415771,-0.6770471172766674,1.7330536312313995
2024-09-23 08:00:00,16,-1.1000704149099647,-0.7134430631452993,0.3269356017589165,-0.18541538756431208,-0.7250789450989004
2024-09-23 12:00:00,16,-0.06599452398654648,0.7647504064865825,0.493256993090303,0.5604751455193746,-1.1000704149099647
2024-09-23 16:00:00,16,1.0444489992819133,0.7312288344963122,0.034609384366614204,0.6052219999113788,-0.06599452398654648
2024-09-23 20:00:00,16,-1.571876891876009,-0.31947419240673436,-0.4579098504788918,-0.10295504975218162,1.0444489992819133
2024-09-24 00:00:00,16,0.737648233940357,0.7394845461223614,0.7025191123798147,0.9628386275728129,-1.571876891876009
2024-09-24 04:00:00,16,-0.3899542406617833,0.21515706128456522,-0.32183334138162734,0.46268443109163293,0.737648233940357
2024-09-24 08:00:00,16,-0.2651363561037776,0.5991234862804358,0.1782964683418704,0.7270885751384171,-0.3899542406617833
2024-09-24 12:00:00,16,-0.09090786468659928,1.081776693924596,0.12293551777628145,0.906861338148591,-0.2651363561037776
2024-09-24 16:00:00,16,1.4364715103695591,1.025480769297744,0.045659293021958716,0.9685004066423453,-0.09090786468659928
2024-09-24 20:00:00,16,-0.2391626189071978,0.02701313347213869,-0.6317850842546692,-0.005483154870642437,1.4364715103695591
2024-09-25 00:00:00,16,-0.152877758794995,-0.37505857671615317,0.11141528743400853,0.15667840396464427,-0.2391626189071978
2024-09-25 04:00:00,16,-0.2131244913786663,-0.11679766199169832,0.07314503560154353,0.2603354712384416,-0.152877758794995
2024-09-25 08:00:00,16,-1.3525258772223268,0.04680915061443639,0.09986649780316328,0.4048421667490505,-0.2131244913786663
2024-09-25 12:00:00,16,0.3690192173295248,1.409874149897211,0.6052295234578766,1.3219073235766796,-1.3525258772223268
2024-09-25 16:00:00,16,1.1632473261837628,1.2236408337069191,-0.15833391309136452,1.0716979397032187,0.3690192173295248
2024-09-25 20:00:00,16,-0.561347692077554,0.25208080458693954,-0.5106009237668034,0.28297100324943614,1.1632473261837628
2024-09-26 00:00:00,16,0.5235364024559157,0.6730671527991555,0.25431525703304264,0.6635865744111165,-0.561347692077554
2024-09-26 04:00:00,16,-1.0446611698579442,0.07228981880333103,-0.22686750727626476,0.30860852843892417,0.5235364024559157
2024-09-26 08:00:00,16,-0.12279044517219084,0.8968526478887275,0.46868112011293356,1.016929438006283,-1.0446611698579442
2024-09-26 12:00:00,16,0.8733303446439624,1.0381944785438635,0.059800295078006126,1.1001861362736989,-0.12279044517219084
2024-09-26 16:00:00,16,1.0129657825731098,0.46791073593039706,-0.38201294344663683,0.5080341908203163,0.8733303446439624
2024-09-26 20:00:00,16,-0.4529481908083852,-0.20409172477274262,-0.4439459797560884,-0.1787960132451465,1.0129657825731098
2024-09-27 00:00:00,16,-0.2654608457953245,-0.10426447615792045,0.20623641438683427,0.12832047941047087,-0.4529481908083852
2024-09-27 04:00:00,16,-0.5839022264230191,-0.12078788785232013,0.12307943992202508,0.3083132590538771,-0.2654608457953245
2024-09-27 08:00:00,16,-0.06415186498321468,0.52224599720992,0.26431895534399186,0.7042216818533973,-0.5839022264230191
2024-09-27 12:00:00,16,0.22613311940506264,0.6692274182614557,0.033792102817948935,0.7477191417633229,-0.06415186498321468
2024-09-27 16:00:00,16,0.9457110812601677,0.810781905141531,-0.09495909920377649,0.5943920904265934,0.22613311940506264
2024-09-27 20:00:00,16,-0.5298651557512493,-0.25806735563528405,-0.4141162465582072,-0.04683680999977646,0.9457110812601677
2024-09-28 00:00:00,16,-0.6578205768718508,0.04560168798957826,0.24035168808287385,0.3124323768896069,-0.5298651557512493
2024-09-30 04:00:00,16,0.4904991317136389,0.5654089985600755,0.2971042421606893,0.7584603166524637,-0.6578205768718508
2024-09-30 08:00:00,16,-0.03418715461637589,0.21026164939212527,-0.2122143610635904,0.425882825364404,0.4904991317136389
2024-09-30 12:00:00,16,0.5899604490151109,0.6869532962298344,0.020501740982343256,0.4490630460446514,-0.03418715461637589
2024-09-30 16:00:00,16,-1.0931506778971762,0.10066131130062476,-0.25632881701526344,0.04904691266814609,0.5899604490151109
2024-09-30 20:00:00,16,0.7000371707034532,1.237011283324585,0.4901878558424767,0.790245594885457,-1.0931506778971762
2024-10-01 00:00:00,16,0.49780214342971263,0.5507627668057749,-0.3051515636063452,0.31559316231628465,0.7000371707034532
2024-10-01 04:00:00,16,-0.7865042527960373,-0.47300283893190664,-0.21545349359676186,-0.02193605499602569,0.49780214342971263
2024-10-01 08:00:00,16,-0.7092889939292508,0.3687222040345517,0.35417980185843806,0.5113444227256085,-0.7865042527960373
2024-10-01 12:00:00,16,-0.2907443542940982,1.3075079108853618,0.31993222472499633,0.9922699513296838,-0.7092889939292508
2024-10-01 16:00:00,16,2.8788210751661207,1.436740914254347,0.1342935305075355,1.1894059332415736,-0.2907443542940982
2024-10-01 20:00:00,16,-0.007369150798641755,-0.4316634806552432,-1.2715158667283395,-0.7625467393370728,2.8788210751661207
2024-10-02 00:00:00,16,-0.5483771185451438,-0.5816483889532543,0.008607049857920324,-0.757550168442088,-0.007369150798641755
2024-10-02 04:00:00,16,-1.8260556981986227,-0.4928759803548238,0.24856236927438655,-0.385729150679321,-0.5483771185451438
2024-10-02 08:00:00,16,0.17129679915518103,1.1671589151573363,0.8152560040638526,0.8524076446651385,-1.8260556981986227
2024-10-02 12:00:00,16,0.9367776781634802,1.083590325230498,-0.07063733774064496,0.7362617515426102,0.17129679915518103
2024-10-02 16:00:00,16,1.0357998664701693,0.272983935721102,-0.4101539803415549,0.1010900459173456,0.9367776781634802
2024-10-02 20:00:00,16,0.19242196286986868,-0.6922020399941606,-0.4540736677417645,-0.6012225552561699,1.0357998664701693
2024-10-03 00:00:00,16,-1.0285776412301217,-1.1005883357639108,-0.08000706186503756,-0.7316921311276037,0.19242196286986868
2024-10-03 04:00:00,16,-0.9786855293672314,-0.2870294211004827,0.4615475315535847,-0.03427647960507052,-1.0285776412301217
2024-10-03 08:00:00,16,0.41191570485902496,1.170793239888004,0.4394186936211431,0.6293103793150099,-0.9786855293672314
2024-10-03 12:00:00,16,0.23361710686065607,0.8363858479086044,-0.17735995518435035,0.350015508260789,0.41191570485902496
2024-10-03 16:00:00,16,0.7695195925872831,0.41427263755987453,-0.09827850059428836,0.1916140223086149,0.23361710686065607
2024-10-03 20:00:00,16,-1.1143682345276034,-0.14017735057757974,-0.3359693661729357,-0.33015019510309074,0.7695195925872831
2024-10-04 00:00:00,16,-0.8563168059715061,0.4035020822107965,0.4995985593478208,0.4254348158540022,-1.1143682345276034
2024-10-04 04:00:00,16,1.4085074241311695,0.9992409938437583,0.38514402881109544,1.0060509202757189,-0.8563168059715061
2024-10-04 08:00:00,16,-1.2242823039464916,-0.32057452350426924,-0.6193820668398378,0.051028097010798135,1.4085074241311695
2024-10-04 12:00:00,16,1.5280256038783424,1.137159890625281,0.5483491641598578,0.8811391225948384,-1.2242823039464916
2024-10-04 16:00:00,16,0.4056448988981618,0.4244299038976633,-0.6723924191952129,-0.15492167569107718,1.5280256038783424
2024-10-04 20:00:00,16,-1.333151746546859,-0.31666987402479935,-0.17457864079150456,-0.42996469637497725,0.4056448988981618
2024-10-05 00:00:00,16,0.6310874902255303,0.48723140407590115,0.596636441670167,0.4739640462179846,-1.333151746546859
2024-10-07 04:00:00,16,-0.9289388144895181,-0.39085753244984944,-0.27457004985959094,0.046062179094969125,0.6310874902255303
2024-10-07 08:00:00,16,-0.3268032373673062,0.49055204866176255,0.417354344165952,0.6759188302243633,-0.9289388144895181
2024-10-07 12:00:00,16,0.8595318506149567,1.2425001845197017,0.15028686391752868,0.897504137518828,-0.3268032373673062
2024-10-07 16:00:00,16,0.5924479685007835,0.47592487007869316,-0.3758928449645611,0.31470810776643354,0.8595318506149567
2024-10-07 20:00:00,16,0.2604792041878614,-0.21274543383791505,-0.25743211598371585,-0.08699466058368444,0.5924479685007835
2024-10-08 00:00:00,16,0.037376484331705484,-0.46042661211515346,-0.110192748680494,-0.2636096934357415,0.2604792041878614
2024-10-08 04:00:00,16,-1.1493941185091234,-0.6734774406714984,-0.011239151696039219,-0.28895240372511033,0.037376484331705484
2024-10-08 08:00:00,16,-0.12188686315602126,0.38778703077554655,0.5151337227459464,0.4903815190476326,-1.1493941185091234
2024-10-08 12:00:00,16,-0.6388595359982361,0.8941140647378769,0.059399525913344686,0.5730255535595372,-0.12188686315602126
2024-10-08 16:00:00,16,2.15395071279287,1.2282674856793894,0.28869437966227085,1.0061971700422152,-0.6388595359982361
2024-10-08 20:00:00,16,-1.009031574853939,-0.7616600664136695,-0.9500113608643821,-0.454265200025751,2.15395071279287
2024-10-09 00:00:00,16,-1.057914575610388,0.04468305940856584,0.452878190471292,0.22989745816888352,-1.009031574853939
2024-10-09 04:00:00,16,-0.41659595092790447,0.9327013781186246,0.47455945352072143,0.9472046923822646,-1.057914575610388
2024-10-09 08:00:00,16,0.04982329212509384,1.2734343792643574,0.19011296731754448,1.2296729523286523,-0.41659595092790447
2024-10-09 12:00:00,16,0.3923504648117859,1.6676001727514274,-0.01675973164649444,1.1958908221854543,0.04982329212509384
2024-10-09 16:00:00,16,1.030637030251805,0.9202601729779281,-0.16868210993088656,0.9298619449539487,0.3923504648117859
2024-10-09 20:00:00,16,0.6820599359881214,0.16301469472073177,-0.45178377537838077,0.23104994756628727,1.030637030251805
2024-10-10 00:00:00,16,0.12124526666248059,-0.3303751471192758,-0.2971780523911398,-0.23141322056722036,0.6820599359881214
2024-10-10 04:00:00,16,-2.1987866827681675,-0.6181283706794339,-0.048437791370568,-0.3136222276989624,0.12124526666248059
2024-10-10 08:00:00,16,0.32925482567625686,1.1668158682317462,0.9805747937876798,1.1772406740921824,-2.1987866827681675
2024-10-10 12:00:00,16,0.8621356637574671,1.0970336412370882,-0.14069706138231117,0.9539930945596122,0.32925482567625686
2024-10-10 16:00:00,16,0.4405807493554246,0.6161207820080263,-0.37704772410047177,0.3694315782105466,0.8621356637574671
2024-10-10 20:00:00,16,0.95826440341291,0.5421725589071329,-0.19007387127854683,0.07070069194266715,0.4405807493554246
2024-10-11 00:00:00,16,-1.2457919553925159,-0.5539282402278647,-0.4196840692271527,-0.5790398492164863,0.95826440341291
2024-10-11 04:00:00,16,-0.1833613119282962,-0.12336820643121231,0.5578894215885359,0.2656555567545418,-1.2457919553925159
2024-10-11 08:00:00,16,-0.665214124302441,0.191000513906423,0.08666552174062664,0.38998165883621283,-0.1833613119282962
2024-10-11 12:00:00,16,-0.0037963083930954156,0.9423392695758332,0.3003835303432977,0.8410227113595212,-0.665214124302441
2024-10-11 16:00:00,16,1.3082474845112007,0.8908306674370681,0.00702237349128818,0.8435967561231088,-0.0037963083930954156
2024-10-11 20:00:00,16,-0.05475655535130208,-0.37438623409228106,-0.5749133948969913,-0.043445928055717786,1.3082474845112007
2024-10-12 00:00:00,16,-0.9659790980899121,-0.6570877260780845,0.02962496544078086,-0.006318853545534964,-0.05475655535130208
2024-10-14 04:00:00,16,1.7092335090852409,0.3520070070365663,0.433782961880458,0.6486525506994862,-0.9659790980899121
2024-10-14 08:00:00,16,-1.0635207036567227,-1.4600639522412628,-0.7527642498649677,-0.510274256145359,1.7092335090852409
2024-10-14 12:00:00,16,-0.9236576620829311,-0.30112442176322796,0.4770459607927884,0.21083415095690228,-1.0635207036567227
2024-10-14 16:00:00,16,1.4745777751971545,0.716578137808895,0.4150119745740805,0.8371099753224325,-0.9236576620829311
2024-10-14 20:00:00,16,-0.7145244650417766,-0.6477340955763348,-0.6486865006729179,-0.16271111604395916,1.4745777751971545
2024-10-15 00:00:00,16,0.6441853375141093,-0.3207797058983831,0.3222543331189534,0.3217642656296462,-0.7145244650417766
2024-10-15 04:00:00,16,-1.734546345330843,-0.832055186738686,-0.28037938783087885,-0.1150184514498056,0.6441853375141093
2024-10-15 08:00:00,16,0.384612863305966,0.7835705766016146,0.7746685131097987,1.0610714430166972,-1.734546345330843
2024-10-15 12:00:00,16,0.3255957913297074,0.8095047071853501,-0.16525022213710766,0.8002889605920522,0.384612863305966
2024-10-15 16:00:00,16,3.1094688720256656,0.5743937352664074,-0.13907415597661205,0.5795223486796708,0.3255957913297074
2024-10-15 20:00:00,16,-2.350674877559003,-2.358673527687648,-1.3738159603825408,-1.5288185021668408,3.1094688720256656
2024-10-16 00:00:00,16,-0.4411196018264061,-0.45676678657148806,1.0479423419005809,0.06503050401010846,-2.350674877559003
2024-10-16 04:00:00,16,0.6227499415430771,-0.07353478853363542,0.20099003537463672,0.36412675321420274,-0.4411196018264061
2024-10-16 08:00:00,16,-0.729220496727141,-0.7451268647337606,-0.27087206521514695,-0.05812193157877665,0.6227499415430771
2024-10-16 12:00:00,16,0.3120206468275093,0.8519207906604235,0.328772519887819,0.43631793124025364,-0.729220496727141
2024-10-16 16:00:00,16,1.0565261909075474,0.0623645727995256,-0.1330531205587456,0.22475579536158286,0.3120206468275093
2024-10-16 20:00:00,16,-1.6075206602036598,-0.9635557024272429,-0.46326649316615964,-0.491610060016324,1.0565261909075474
2024-10-17 00:00:00,16,-0.3461101717110022,0.18861563922763955,0.7183283283695421,0.5983514787461566,-1.6075206602036598
2024-10-17 04:00:00,16,0.41786942115500736,0.45361668983638065,0.1588501418609047,0.833027638548467,-0.3461101717110022
2024-10-17 08:00:00,16,-0.2214108750134347,0.31361157190824085,-0.18000062959339508,0.5496959162512276,0.41786942115500736
2024-10-17 12:00:00,16,-0.052045861437898466,0.6077930506347763,0.10354178901961336,0.6998211021992677,-0.2214108750134347
2024-10-17 16:00:00,16,0.7540720995627552,0.948727928741741,0.02842268107047781,0.7351102207925457,-0.052045861437898466
2024-10-17 20:00:00,16,0.1446975268608881,0.08179459521394851,-0.32911788090124183,0.22382000454540396,0.7540720995627552
2024-10-18 00:00:00,16,-0.27049118855902243,-0.4193831907344631,-0.05883966143985283,0.12570945272678102,0.1446975268608881
2024-10-18 04:00:00,16,0.14225837682284315,-0.053015704334466056,0.1253105669600709,0.30911300043989876,-0.27049118855902243
2024-10-18 08:00:00,16,-0.7459183984086195,-0.3417347377850649,-0.057757815956279455,0.21265628722786722,0.14225837682284315
2024-10-18 12:00:00,16,-0.019989914912898143,0.8701694084078466,0.3361786036618779,0.7184179769206782,-0.7459183984086195
2024-10-18 16:00:00,16,0.9968604740353602,0.5152066251151025,0.014204785316292132,0.731971916821788,-0.019989914912898143
2024-10-18 20:00:00,16,-0.9578978989654754,-0.22360812786351672,-0.4368027310705399,0.056061738427303,0.9968604740353602
2024-10-19 00:00:00,16,0.843885277501915,0.3108271229857575,0.4301986769294443,0.7055537753143941,-0.9578978989654754
2024-10-21 04:00:00,17,-0.6213382816245812,-0.3934363037709837,-0.2878948463065766,-0.10937275951520853,0.843885277501915
2024-10-21 08:00:00,17,0.33958298063646275,0.10072890831384856,0.19556493137189174,0.38651105856346746,-0.6213382816245812
2024-10-21 12:00:00,17,-0.6170587023489951,-0.03934788566226184,-0.1214971148432212,0.11549330547692627,0.33958298063646275
2024-10-21 16:00:00,17,1.2770633898703707,0.5879021531143057,0.19415285713090308,0.6079616344835319,-0.6170587023489951
2024-10-21 20:00:00,17,-0.8457041348828316,-0.4643448075466719,-0.43082470338973855,-0.41124978130373435,1.2770633898703707
2024-10-22 00:00:00,17,0.1469309481967862,0.0018584414152926672,0.2695958632793338,0.26369816214844555,-0.8457041348828316
2024-10-22 04:00:00,17,-0.42431005561838475,-0.1677587600257392,-0.05793035863564501,0.14643405378667218,0.1469309481967862
2024-10-22 08:00:00,17,0.18574391863572792,0.0843773068187015,0.13055422242715853,0.48507163117700536,-0.42431005561838475
2024-10-22 12:00:00,17,0.20341530601857727,0.39100788455731844,-0.07073694363939578,0.33683128242986093,0.18574391863572792
2024-10-22 16:00:00,17,1.0761766350331605,0.3352532716520369,-0.07656772963936677,0.17448757757975208,0.20341530601857727
2024-10-22 20:00:00,17,-1.7100417693561045,-0.40704070430069916,-0.36454084846042956,-0.6843981445617793,1.0761766350331605
2024-10-23 00:00:00,17,-0.2553691720414477,0.4188925635571984,0.5547895308249877,0.6803689504981723,-1.7100417693561045
2024-10-23 04:00:00,17,0.288290688569397,0.5781374974586903,0.07481110970816718,0.884176512009434,-0.2553691720414477
2024-10-23 08:00:00,17,0.5135721334545611,0.513749400585384,-0.10457289876376774,0.6540946200800697,0.288290688569397
2024-10-23 12:00:00,17,-0.45506825651803773,0.35357538519634213,-0.17890593591763096,0.24421787833098385,0.5135721334545611
2024-10-23 16:00:00,17,1.0571554570058161,0.7165010179335611,0.14070308529256384,0.607403265747557,-0.45506825651803773
2024-10-23 20:00:00,17,0.1837110792444765,0.06519430299152594,-0.3582646905028243,-0.2363018459865618,1.0571554570058161
2024-10-24 00:00:00,17,0.012552863262806468,-0.35372577883309486,-0.07006619542897502,-0.3829198061111381,0.1837110792444765
2024-10-24 04:00:00,17,-0.8077829533060363,-0.5122901286132006,-0.013591459863248553,-0.39293811972011916,0.012552863262806468
2024-10-24 08:00:00,17,-0.3956640455573357,-0.10684750983436524,0.2570835296492686,0.25174531104633324,-0.8077829533060363
2024-10-24 12:00:00,17,-0.6836310088554622,0.8914993118166442,0.12110229028395286,0.5675207966230857,-0.3956640455573357
2024-10-24 16:00:00,17,1.808680525162881,1.1061290914678454,0.21611881058741644,1.1131198122540784,-0.6836310088554622
2024-10-24 20:00:00,17,-0.7635010849039485,-0.09932617095161243,-0.6062351384989058,-0.3303698793149792,1.808680525162881
2024-10-25 00:00:00,17,-0.16983022395898395,0.25516037820993975,0.24247244718372093,0.27897263874049116,-0.7635010849039485
2024-10-25 04:00:00,17,-0.35860729278418013,-0.0649767668060418,0.046586992940994915,0.4145124282119248,-0.16983022395898395
2024-10-25 08:00:00,17,0.33452822309992136,0.41933424717772955,0.10887518040327625,0.7007132930157489,-0.35860729278418013
2024-10-25 12:00:00,17,-0.47434137636036056,0.4467898444755167,-0.11982926563371782,0.4337296909558077,0.33452822309992136
2024-10-25 16:00:00,17,2.0227515544340307,0.8935238374865895,0.14706237304500397,0.8122967610021892,-0.47434137636036056
2024-10-25 20:00:00,17,-0.02425013206665838,-0.6334080376388249,-0.6768692281394859,-0.8020408607112248,2.0227515544340307
2024-10-26 00:00:00,17,0.885651050280222,-0.8083317600382268,-0.0014480788555802943,-0.7826870748046417,-0.02425013206665838
2024-10-28 04:00:00,17,-3.2934441354724058,-1.5565662847517936,-0.3016757271122382,-1.48951624868082,0.885651050280222
2024-10-28 08:00:00,17,1.253708325339943,0.8094685308294142,1.077243153093055,1.1389483105231122,-3.2934441354724058
2024-10-28 12:00:00,17,-0.45936618618481795,0.15096949097749351,-0.42311855217805716,0.13837633626605594,1.253708325339943
2024-10-28 16:00:00,17,0.8412996599796383,0.572706475114761,0.14212121436115321,0.504991858016897,-0.45936618618481795
2024-10-28 20:00:00,17,0.08590947076462285,-0.13837642805300598,-0.2870417054567074,-0.16644091842204745,0.8412996599796383
2024-10-29 00:00:00,17,-0.521850283330652,-0.4648545472991713,-0.03779593632909074,-0.2350044008788057,0.08590947076462285
2024-10-29 04:00:00,17,0.9891566641532172,-0.1114106467563528,0.16273823729011416,0.18147904882403765,-0.521850283330652
2024-10-29 08:00:00,17,-1.3886562386140344,-0.8692667258279361,-0.3358280588569884,-0.6079569119150321,0.9891566641532172
2024-10-29 12:00:00,17,0.15913647515814766,0.3090108819831044,0.44874634289381166,0.5003156313479113,-1.3886562386140344
2024-10-29 16:00:00,17,0.21991576225836162,0.3403859276221325,-0.06195764942989501,0.3733104149774107,0.15913647515814766
2024-10-29 20:00:00,17,1.2336918703767648,0.4182547140936621,-0.08201215950509673,0.197797862364002,0.21991576225836162
2024-10-30 00:00:00,17,-0.7219991006682758,-0.7556873489818675,-0.4165139963025166,-0.7867991809977823,1.2336918703767648
2024-10-30 04:00:00,17,-1.2842728088823279,-0.4493902373135295,0.2287786050755888,-0.210578978127554,-0.7219991006682758
2024-10-30 08:00:00,17,0.40915284910190053,0.5031128489891133,0.41430437025620803,0.8143862022860162,-1.2842728088823279
2024-10-30 12:00:00,17,-0.4123552928190044,0.5569659537534636,-0.14445213282114133,0.48784543859779284,0.40915284910190053
2024-10-30 16:00:00,17,2.0080754015927074,1.0265722025653754,0.12660967285369085,0.8169420403288079,-0.4123552928190044
2024-10-30 20:00:00,17,-0.8122090741951844,-0.393718121707936,-0.67202673871482,-0.7856826917705408,2.0080754015927074
2024-10-31 00:00:00,17,0.13140140081648255,-0.20299468325589892,0.25854395622220827,-0.13746681854770237,-0.8122090741951844
2024-10-31 04:00:00,17,-1.664017713243581,-0.39384330616828594,-0.05280628628698257,-0.2423369517179843,0.13140140081648255
2024-10-31 08:00:00,17,-0.4433365763292194,0.8043649817994784,0.5396036025088427,1.0856988081844534,-1.664017713243581
2024-10-31 12:00:00,17,0.9040863257298621,1.4436592871805052,0.13683214323696224,1.4395212599240264,-0.4433365763292194
2024-10-31 16:00:00,17,1.1590629326714517,0.7730991578492423,-0.30775856280977354,0.7179790785804876,0.9040863257298621
2024-10-31 20:00:00,17,0.3691168449979543,0.26167653930305235,-0.39188970644131604,-0.20705736202605607,1.1590629326714517
2024-11-01 00:00:00,17,-0.6934720282799045,-0.4878885250793815,-0.1312420001266007,-0.5016457944917931,0.3691168449979543
2024-11-01 04:00:00,17,0.7654892856703555,-0.2669712098746439,0.21936591716950465,0.05180723952225996,-0.6934720282799045
2024-11-01 08:00:00,17,-1.2323645486485262,-0.5649473944351882,-0.26202759311801604,-0.5591220415193501,0.7654892856703555
2024-11-01 12:00:00,17,0.47992432049201383,0.45942689726549985,0.3971769115854843,0.4244156797535119,-1.2323645486485262
2024-11-01 16:00:00,17,1.933432356986863,0.4382303919342732,-0.16780362728157702,0.04139291828428071,0.47992432049201383
2024-11-01 20:00:00,17,-1.6709734839772974,-1.2569263410959612,-0.6473977941925937,-1.5016599524847418,1.933432356986863
2024-11-02 00:00:00,17,-0.09447849131994346,-0.18226409341020805,0.541898703042518,-0.168072862089522,-1.6709734839772974
2024-11-04 04:00:00,17,-0.39945760263459995,0.305831492248769,0.021724212321308705,-0.0926705307225415,-0.09447849131994346
2024-11-04 08:00:00,17,-0.13761620432017985,0.14412918248774292,0.12235399842757438,0.2261325545099968,-0.39945760263459995
2024-11-04 12:00:00,17,-0.2248449178521028,0.4356766504475893,0.035957773477726995,0.33596265969739747,-0.13761620432017985
2024-11-04 16:00:00,17,1.345609519332248,0.708040312453871,0.06473943903903094,0.5154091216932066,-0.2248449178521028
2024-11-04 20:00:00,17,-0.3926807039393445,-0.2265356366147697,-0.45344193221051654,-0.5585082689185903,1.345609519332248
2024-11-05 00:00:00,17,0.820940180990986,-0.21076801167549256,0.12011791785396492,-0.2451137582083689,-0.3926807039393445
2024-11-05 04:00:00,17,-1.7850488794953225,-1.114968888297639,-0.28032396663508263,-0.9002978397357637,0.820940180990986
2024-11-05 08:00:00,17,0.36462372251856756,0.19469679022200892,0.5795386010718715,0.5243316736861008,-1.7850488794953225
2024-11-05 12:00:00,17,-0.8937202223939682,0.17683765503672752,-0.12975946595532284,0.2333291569703917,0.36462372251856756
2024-11-05 16:00:00,17,2.456489535557658,0.967844319976333,0.2854390749507071,0.9465982557551662,-0.8937202223939682
2024-11-05 20:00:00,17,0.15887545456454788,-0.7659987537364704,-0.8199838174583662,-1.0139012756396433,2.456489535557658
2024-11-06 00:00:00,17,0.2475981572182313,-1.2158557412131366,-0.06187152403465056,-1.140698174106065,0.15887545456454788
2024-11-06 04:00:00,17,0.057851109323417305,-0.9270680725850535,-0.09114614075290352,-1.3383037670362068,0.2475981572182313
2024-11-06 08:00:00,17,-0.8100267088926927,-1.1394576093594015,-0.028537902563598824,-1.384474154118065,0.057851109323417305
2024-11-06 12:00:00,17,-0.5191857052362252,-0.4916215500124351,0.25782387099194837,-0.7380000046399999,-0.8100267088926927
2024-11-06 16:00:00,17,0.9322816264153175,-0.22334978218860707,0.16185904290021064,-0.3236431278493832,-0.5191857052362252
2024-11-06 20:00:00,17,-0.9509087964017304,-0.9038336346033928,-0.3170617805447479,-1.0676876943980051,0.9322816264153175
2024-11-07 00:00:00,17,-0.5571706146584567,-0.3186951430921643,0.30430880653762216,-0.30877697128695303,-0.9509087964017304
2024-11-07 04:00:00,17,-0.095522628964682,0.06223567308633425,0.1743924039358172,0.13589527874031582,-0.5571706146584567
2024-11-07 08:00:00,17,-0.04343830809467164,-0.0902326145400608,0.022068732139084467,0.21213092583430715,-0.095522628964682
2024-11-07 12:00:00,17,-0.6003120067526435,0.30816132817898134,0.004883181148243957,0.24679860156892275,-0.04343830809467164
2024-11-07 16:00:00,17,1.3450899434154913,0.8710548968937591,0.18862717903254667,0.7259015616643989,-0.6003120067526435
2024-11-07 20:00:00,17,-0.12464723878454542,-0.21098955265108643,-0.45327049485159776,-0.34760116064672886,1.3450899434154913
2024-11-08 00:00:00,17,-0.45464047893305093,-0.10836500868984751,0.031678581298811015,-0.24812145609700664,-0.12464723878454542
2024-11-08 04:00:00,17,-1.5614710726651477,-0.20935721382557615,0.1405619373736368,0.11472252634194824,-0.45464047893305093
2024-11-08 08:00:00,17,1.287575350109643,1.040129042330338,0.5057676900660486,1.3609168462992773,-1.5614710726651477
2024-11-08 12:00:00,17,-0.030896844433538462,0.3584522679521638,-0.4342931911359179,0.33331594102922324,1.287575350109643
2024-11-08 16:00:00,17,1.0984248498929556,0.4079419846574506,0.0007450459158370257,0.3579744010620196,-0.030896844433538462
2024-11-08 20:00:00,17,-0.9497651624789913,-0.3451455705153802,-0.37188178762487456,-0.5186673970471212,1.0984248498929556
2024-11-09 00:00:00,17,3.7534418637966454,0.14192575585553563,0.3039314572938231,0.23933060336059242,-0.9497651624789913
2024-11-11 04:00:00,17,-2.976272781658098,-3.6573861471366316,-1.2479214385568134,-2.7562535050082912,3.7534418637966454
2024-11-11 08:00:00,17,-0.5006005653902754,-1.0495663577070298,0.9725904594846759,-0.3809202054836902,-2.976272781658098
2024-11-11 12:00:00,17,-0.016750942195487895,-0.2787865936251914,0.1557267584975474,0.018604058575839133,-0.5006005653902754
2024-11-11 16:00:00,17,1.4482176016186497,-0.08939701617057406,-0.003922483969599965,0.031972816654924685,-0.016750942195487895
2024-11-11 20:00:00,17,0.1675921055034184,-1.4910099989211838,-0.48729811773333964,-1.1238350499096406,1.4482176016186497
2024-11-12 00:00:00,17,0.867332342495196,-2.007489437076879,-0.06474763812574492,-1.257588619606949,0.1675921055034184
2024-11-12 04:00:00,17,-1.5436223974054037,-2.5284685725267684,-0.2956313536526788,-1.9497978174936303,0.867332342495196
2024-11-12 08:00:00,17,0.6383007765338284,-1.2011364562513127,0.49987840681013695,-0.7178483453063542,-1.5436223974054037
2024-11-12 12:00:00,17,0.4659789197875508,-1.3039192575237581,-0.22006094033838206,-1.2272697595520405,0.6383007765338284
2024-11-12 16:00:00,17,-0.051069881958103025,-1.7134805041159054,-0.16320225414488232,-1.5991628373200122,0.4659789197875508
2024-11-12 20:00:00,17,-0.3402197854469762,-1.7673484458939417,0.0074012671975502535,-1.558404479428404,-0.051069881958103025
2024-11-13 00:00:00,17,-0.6548278848437494,-1.7097961565456132,0.10280810609646845,-1.2868784988430164,-0.3402197854469762
2024-11-13 04:00:00,17,0.15928125793923975,-1.0826058329501713,0.20661503770278605,-0.7642669660855663,-0.6548278848437494
2024-11-13 08:00:00,17,-0.9839512009224105,-1.1861345880885243,-0.062005421423951795,-0.8913877321339196,0.15928125793923975
2024-11-13 12:00:00,17,0.6439840919858675,-0.16959709775528256,0.3152113568303935,-0.10610619911659036,-0.9839512009224105
2024-11-13 16:00:00,17,1.2125999833722467,-0.7023473626578923,-0.22193618620636238,-0.6200634101239615,0.6439840919858675
2024-11-13 20:00:00,17,0.4555644536238219,-1.5201036310209597,-0.409554594825173,-1.5878272311210484,1.2125999833722467
2024-11-14 00:00:00,17,-0.7799415032562695,-2.1106321218361934,-0.15976593518536605,-1.951408628444967,0.4555644536238219
2024-11-14 04:00:00,17,-1.5952956676891201,-1.749272694559427,0.24789706716887358,-1.3289451782588628,-0.7799415032562695
2024-11-14 08:00:00,17,1.025288188193759,-0.2993580749809929,0.5169283290610309,-0.05575579004081632,-1.5952956676891201
2024-11-14 12:00:00,17,-0.9916401648096258,-1.072537372362013,-0.34774988366728454,-0.8740279558297015,1.025288188193759
2024-11-14 16:00:00,17,2.2012797164737457,0.02682004674110443,0.317748379080914,-0.08260993825601659,-0.9916401648096258
2024-11-14 20:00:00,17,-0.6647493046598179,-1.7581407838565526,-0.735775724005906,-1.8394290861283373,2.2012797164737457
2024-11-15 00:00:00,17,0.13178582295205388,-1.0958311554701117,0.2098886729024485,-1.3088993682458856,-0.6647493046598179
2024-11-15 04:00:00,17,-1.7833661688748812,-1.454658237737446,-0.05293312880124626,-1.4140763048467289,0.13178582295205388
2024-11-15 08:00:00,17,0.9008533691780389,-0.3102744304293381,0.5789833800631807,0.009210254194465861,-1.7833661688748812
2024-11-15 12:00:00,17,0.2829084847640928,-0.6979678664328017,-0.3066918283540975,-0.7097517371205289,0.9008533691780389
2024-11-15 16:00:00,17,0.1720454572234562,-0.7648446707575135,-0.10279700658750228,-0.9355381464575867,0.2829084847640928
2024-11-15 20:00:00,17,-0.5066478733671822,-0.9761368054380026,-0.06621704968351229,-1.0728458912628671,0.1720454572234562
2024-11-16 00:00:00,17,1.3656882269641901,-0.7986567130616562,0.15772210600056702,-0.668495331677418,-0.5066478733671822
2024-11-18 04:00:00,18,-3.1062707333772597,-1.4014773167027035,-0.4392896952614283,-1.3195881599792454,1.3656882269641901
2024-11-18 08:00:00,18,1.6122929854897894,0.9360441988467315,1.0345311834711177,0.588936487207464,-3.1062707333772597
2024-11-18 12:00:00,18,0.6504315378623424,0.06658229644391246,-0.5205630801768559,-0.4016728850631761,1.6122929854897894
2024-11-18 16:00:00,18,0.218481320457931,-0.5904942652856795,-0.20356296981515368,-0.8013047033651741,0.6504315378623424
2024-11-18 20:00:00,18,0.013019214119493583,-0.6339415318650453,-0.061205391261911324,-0.9355418709640544,0.218481320457931
2024-11-19 00:00:00,18,-0.8718750455247388,-0.7750923793516394,0.00650863402217462,-0.943541009856574,0.013019214119493583
2024-11-19 04:00:00,18,-1.016795079553905,-0.25307547914793216,0.29814271360564865,-0.40785202570874457,-0.8718750455247388
2024-11-19 08:00:00,18,0.5701315561505815,0.41613410670725676,0.34590392380300433,0.21687731601122984,-1.016795079553905
2024-11-19 12:00:00,18,0.7419628717230342,0.9058981729081638,-0.1770985521721978,-0.1334173686601421,0.5701315561505815
2024-11-19 16:00:00,18,-0.37349344805633145,-0.06880023652271901,-0.23372889756593668,-0.5892869787250863,0.7419628717230342
2024-11-19 20:00:00,18,0.015433618228653856,0.11903519511833165,0.1338913842801813,-0.3598087675959327,-0.37349344805633145
2024-11-20 00:00:00,18,-0.5022934592864026,-0.17165036346000223,0.005712920282997915,-0.36929134117464724,0.015433618228653856
2024-11-20 04:00:00,18,-0.6173424550921105,-0.008004557898710277,0.1763399280649774,-0.06067708007110717,-0.5022934592864026
2024-11-20 08:00:00,18,-0.4757128857321682,0.3203590576965265,0.21425655780138242,0.31862446587529103,-0.6173424550921105
2024-11-20 12:00:00,18,1.1246016839925783,1.4049398645404714,0.1675797841056228,0.6109073495430142,-0.4757128857321682
2024-11-20 16:00:00,18,0.7260146804797838,0.22379401712481387,-0.3598349453936248,-0.08005947736776875,1.1246016839925783
2024-11-20 20:00:00,18,-0.27145698417665365,0.04425338132649386,-0.22847286157795718,-0.5261303549079734,0.7260146804797838
2024-11-21 00:00:00,18,-0.7651542354244221,-0.1998295575654411,0.10026328702089293,-0.3593443953374642,-0.27145698417665365
2024-11-21 04:00:00,18,1.7884402952061578,0.25620988867779443,0.26297079912343513,0.11077422681466764,-0.7651542354244221
2024-11-21 08:00:00,18,-1.8572528601088365,-1.4782552134792701,-0.5786158452167055,-0.9880618619868295,1.7884402952061578
2024-11-21 12:00:00,18,0.534091979057143,0.69507537094227,0.6228930991644206,0.15305337355539983,-1.8572528601088365
2024-11-21 16:00:00,18,0.357954117694101,0.23075901996561443,-0.16522100999167982,-0.17509822473977898,0.534091979057143
2024-11-21 20:00:00,18,0.11862193012882827,0.1454401348428473,-0.10717135884006711,-0.3950289116694403,0.357954117694101
2024-11-22 00:00:00,18,-0.48789968387985283,-0.6495244987679839,-0.028294790849492258,-0.4679114440627412,0.11862193012882827
2024-11-22 04:00:00,18,-0.9912185767993442,-0.42888235152552373,0.1715961799881077,-0.1681408664264188,-0.48789968387985283
2024-11-22 08:00:00,18,0.2971567991640143,0.784621813600616,0.3374746908652866,0.4408740092711927,-0.9912185767993442
2024-11-22 12:00:00,18,0.4919406681272225,1.1777182874684562,-0.08713442240678791,0.25829781937578566,0.2971567991640143
2024-11-22 16:00:00,18,0.6407447854400932,0.24680501914355016,-0.151329227293003,-0.04395558049239412,0.4919406681272225
2024-11-22 20:00:00,18,-1.1389226561447146,-0.20459113925303993,-0.20037051252884308,-0.43763575860076465,0.6407447854400932
2024-11-23 00:00:00,18,1.1219348414011936,0.1952672387520209,0.38615343723655343,0.2621300207098658,-1.1389226561447146
2024-11-25 04:00:00,18,-1.7853693196121991,-0.1143072074373798,-0.3589560356526517,-0.4271982707181161,1.1219348414011936
2024-11-25 08:00:00,18,0.2624017888213288,0.3843015062309468,0.5992024830919799,0.6697509791324165,-1.7853693196121991
2024-11-25 12:00:00,18,0.2582133776528419,0.5474926914404235,-0.0756802341331763,0.5085286246060612,0.2624017888213288
2024-11-25 16:00:00,18,2.2835316025101253,0.6124934215464521,-0.07429986193307873,0.34987967292631517,0.2582133776528419
2024-11-25 20:00:00,18,-0.8452879401075268,-0.8565579680139644,-0.7417827955520155,-1.0531456008179196,2.2835316025101253
2024-11-26 00:00:00,18,0.7835532271744654,-0.7054160086890957,0.2893804169440625,-0.5337920073496178,-0.8452879401075268
2024-11-26 04:00:00,18,-2.3778482558943796,-0.8376056900697756,-0.24743580649820182,-1.0152151590332652,0.7835532271744654
2024-11-26 08:00:00,18,1.7392689325646238,0.48292339789624833,0.7944654169081826,0.4457592354008808,-2.3778482558943796
2024-11-26 12:00:00,18,0.07452637340628243,-0.6306765056535056,-0.5624104682131363,-0.6228654630898003,1.7392689325646238
2024-11-26 16:00:00,18,0.4986743272515497,-0.618630246743785,-0.013762244210902084,-0.6686552324692023,0.07452637340628243
2024-11-26 20:00:00,18,-0.8377016631891081,-1.1223095742192517,-0.15354843536170665,-0.9750458616736548,0.4986743272515497
2024-11-27 00:00:00,18,-0.17111932789676665,-0.689223212389633,0.28688021213150344,-0.4603533546726757,-0.8377016631891081
2024-11-27 04:00:00,18,-0.3225689991584062,-0.9024880788604807,0.06719506478096968,-0.35521588182080777,-0.17111932789676665
2024-11-27 08:00:00,18,-0.8612945590349987,-0.5482088290263635,0.11710824367238373,-0.15702617520665552,-0.3225689991584062
2024-11-27 12:00:00,18,0.7193989513547816,0.5655989409026032,0.2946557089094929,0.3721620493557598,-0.8612945590349987
2024-11-27 16:00:00,18,0.6556120921071162,0.01574805094346733,-0.22629251962962169,-0.0698440562511724,0.7193989513547816
2024-11-27 20:00:00,18,-0.5350276762305413,-0.23218012562563226,-0.2052703220241219,-0.47265886029745907,0.6556120921071162
2024-11-28 00:00:00,18,-0.23990485331839473,-0.264062987035277,0.18712812464931025,-0.1439323600471658,-0.5350276762305413
2024-11-28 04:00:00,18,-0.12986000791081587,-0.2511555594231466,0.08986466985114752,0.003467646210518538,-0.23990485331839473
2024-11-28 08:00:00,18,-0.1333987835421695,-0.46133608497594236,0.05359725501194659,0.08325496903417662,-0.12986000791081587
2024-11-28 12:00:00,18,-0.20975778033677095,-0.008626635758968612,0.05476352721097426,0.16521655195716622,-0.1333987835421695
2024-11-28 16:00:00,18,0.5802346288400404,0.081576912531699,0.0799291167776465,0.2940938868946299,-0.20975778033677095
2024-11-28 20:00:00,18,0.3525348324546833,-0.26113325837554807,-0.18042821588358843,-0.062408229419117056,0.5802346288400404
2024-11-29 04:00:00,18,-1.3927104207110546,-0.34326162531360593,-0.10538532819790507,-0.279009251829061,0.3525348324546833
2024-11-29 08:00:00,18,0.5791530229057607,0.351294354098836,0.4697941212190765,0.5766863370196642,-1.3927104207110546
2024-11-29 12:00:00,18,-0.011036000511374766,0.5410241665103889,-0.1800717516533396,0.22084877050253926,0.5791530229057607
2024-11-29 16:00:00,18,1.0573569045131759,0.5764546605737443,0.014436496929632836,0.22762940258203024,-0.011036000511374766
2024-11-29 20:00:00,18,-0.02017574497366148,-0.1921057989140958,-0.3376731230554918,-0.4220215410568713,1.0573569045131759
2024-11-30 00:00:00,18,-0.5376742633736917,-0.20467105170465816,0.017448677124991742,-0.40962535609339223,-0.02017574497366148
2024-12-02 04:00:00,18,0.014027316400841983,0.21563387377882282,0.1880003588141476,-0.07927276551576323,-0.5376742633736917
2024-12-02 08:00:00,18,0.3832527318048147,-0.36580713906307233,0.006176394347498415,-0.0878912928054909,0.014027316400841983
2024-12-02 12:00:00,18,-0.7026141030345308,-0.5030096112954099,-0.11550900818122312,-0.32336570812017484,0.3832527318048147
2024-12-02 16:00:00,18,1.9388249016121861,0.21635328764488795,0.24235948455361594,0.10832761425950199,-0.7026141030345308
2024-12-02 20:00:00,18,-1.1690463556257722,-1.1720307624428687,-0.6281780113114179,-1.0829063215163082,1.9388249016121861
2024-12-03 00:00:00,18,-1.3076128428272895,-0.32806595054847304,0.3960812871192495,-0.3646322318043058,-1.1690463556257722
2024-12-03 04:00:00,18,-0.23868567357856385,0.5214393880137019,0.44174856263347495,0.43877853104328235,-1.3076128428272895
2024-12-03 08:00:00,18,0.37578012892469914,0.4820887742266411,0.08946286550289087,0.5854294607450132,-0.23868567357856385
2024-12-03 12:00:00,18,1.5635386417842234,0.34961317738046566,-0.11304626685446677,0.35454628940082245,0.37578012892469914
2024-12-03 16:00:00,18,-0.05303426088855723,-0.7742434297263121,-0.5044951398582177,-0.6061079132770111,1.5635386417842234
2024-12-03 20:00:00,18,-1.5041246368133088,-0.3856159911467049,0.02827783884785366,-0.5735231186023073,-0.05303426088855723
2024-12-04 00:00:00,18,1.3780355628939773,0.46605176057868025,0.5065128387509978,0.3506265091018639,-1.5041246368133088
2024-12-04 04:00:00,18,-1.9835883378158066,-0.9727753414437851,-0.44335899948613783,-0.4960526963592491,1.3780355628939773
2024-12-04 08:00:00,18,0.11737265970272936,0.740105492876831,0.6645294080886344,0.7226843544443007,-1.9835883378158066
2024-12-04 12:00:00,18,-0.7881804827983778,0.9112251003979706,-0.027883069531498075,0.6505693866336983,0.11737265970272936
2024-12-04 16:00:00,18,2.595892252909982,1.4889317639643345,0.27055954589851855,1.1348355717053167,-0.7881804827983778
2024-12-04 20:00:00,18,0.5527853358837529,-0.4200388445562618,-0.844727310995117,-0.46010729431241604,2.595892252909982
2024-12-05 00:00:00,18,-0.17372270352380426,-1.0087940817232117,-0.17138176858293303,-0.7997442830659631,0.5527853358837529
2024-12-05 04:00:00,18,1.3647783592185956,-1.3954578052167856,0.06805305775191109,-0.6930072694861424,-0.17372270352380426
2024-12-05 08:00:00,18,-2.2493040628306247,-2.317006853147679,-0.4389898306847999,-1.5315411128268925,1.3647783592185956
2024-12-05 12:00:00,18,-0.8236817988576135,-0.10935759106025274,0.752101182965677,-0.14954559105790288,-2.2493040628306247
2024-12-05 16:00:00,18,1.983339840780749,0.6319188861931525,0.2822596937072519,0.35653296728130535,-0.8236817988576135
2024-12-05 20:00:00,18,-0.027507846212579068,-0.6702862121597153,-0.6428487735755528,-0.8620514043912646,1.983339840780749
2024-12-06 00:00:00,18,1.1469042268096228,-0.8450854191443128,0.019865113408671864,-0.8451503011089212,-0.027507846212579068
2024-12-06 04:00:00,18,-2.5035042355829624,-2.2613029631663366,-0.3671851812844472,-1.5498200394253008,1.1469042268096228
2024-12-06 08:00:00,18,-0.2628542233815736,-0.15146506555334766,0.8358777840709809,-0.011641320292349988,-2.5035042355829624
2024-12-06 12:00:00,18,0.5730242449184679,0.2916053625573382,0.0974280802162306,0.14985901467537044,-0.2628542233815736
2024-12-06 16:00:00,18,1.1074501256825666,0.4123464978731704,-0.17805189390444406,-0.20221296768960872,0.5730242449184679
2024-12-06 20:00:00,18,-0.5288382389176416,-0.5351244059895433,-0.354182316430732,-0.8826417009884642,1.1074501256825666
2024-12-07 00:00:00,18,-0.2900591023539718,-0.507509400632534,0.18508827544222778,-0.5577180546030833,-0.5288382389176416
2024-12-09 04:00:00,18,-1.4615846274619564,-0.4921391520347071,0.10639397614427622,-0.37950276253756243,-0.2900591023539718
2024-12-09 08:00:00,18,1.553829859724873,0.5047995076947335,0.49249295294267326,0.5185098464366487,-1.4615846274619564
2024-12-09 12:00:00,18,-0.41114826660333925,-0.4870161479125084,-0.5012954222773922,-0.4361791808122266,1.553829859724873
2024-12-09 16:00:00,18,1.2724334452238146,-0.12461057100506003,0.1463012606345091,-0.18356546236553406,-0.41114826660333925
2024-12-09 20:00:00,18,-0.570441963853602,-1.0544504444373117,-0.4085557718087592,-0.9653616419516,1.2724334452238146
2024-12-10 00:00:00,18,-1.321936505626427,-0.8511890334132456,0.19879959054762908,-0.6148762395988863,-0.570441963853602
2024-12-10 04:00:00,18,1.5126808751277228,-0.026380789512846232,0.44646920373964505,0.19733512880970672,-1.321936505626427
2024-12-10 08:00:00,18,-1.3113189584237919,-1.4431482717165274,-0.4877339756774231,-0.7320715396072384,1.5126808751277228
2024-12-10 12:00:00,18,-0.16913967708011945,0.1781898872230857,0.4429699849661845,0.0736162987332376,-1.3113189584237919
2024-12-10 16:00:00,18,2.4253349310737775,0.2779952083981966,0.06654263242815761,0.17753745378775587,-0.16913967708011945
2024-12-10 20:00:00,18,-1.964176802158466,-1.5621082130235906,-0.788516834966126,-1.312613241674824,2.4253349310737775
2024-12-11 00:00:00,18,0.3370190239653841,-0.12170346952356316,0.6581319597234406,-0.10580283778060462,-1.964176802158466
2024-12-11 04:00:00,18,-0.03865700813224748,-0.9067861248334577,-0.10027179233929359,-0.3128707880714092,0.3370190239653841
2024-12-11 08:00:00,18,-0.48004554947973155,-0.6793397458379221,0.023539536131084886,-0.2891195251778891,-0.03865700813224748
2024-12-11 12:00:00,18,-0.8592631353305578,0.17557019896510898,0.16900769754318237,0.005825391602835239,-0.48004554947973155
2024-12-11 16:00:00,18,1.8228944687346331,1.2235882749726055,0.2939862137965662,0.5337654885738115,-0.8592631353305578
2024-12-11 20:00:00,18,-0.8299583696671764,-0.44448601278413885,-0.5899708868787747,-0.5862395983677953,1.8228944687346331
2024-12-12 00:00:00,18,-0.8296348055624545,-0.0783590994864306,0.2843282594494721,-0.07630465044826185,-0.8299583696671764
2024-12-12 04:00:00,18,1.3800308411207531,0.3554588273445557,0.28422162261819156,0.4334314963615773,-0.8296348055624545
2024-12-12 08:00:00,18,-1.7516278557983114,-1.0588983204233133,-0.444016582155295,-0.41447362853819847,1.3800308411207531
2024-12-12 12:00:00,18,0.6876711644706646,0.7894108546559228,0.5880823287504674,0.6617445193420455,-1.7516278557983114
2024-12-12 16:00:00,18,1.6028634500888401,0.6189276226645075,-0.21583601160696803,0.2392322919146208,0.6876711644706646
2024-12-12 20:00:00,18,-0.24895810334099977,-0.3179683058723468,-0.5174553937526483,-0.7455834769424925,1.6028634500888401
2024-12-13 00:00:00,18,-0.9187655814990396,-0.6669379620172206,0.09284834412500143,-0.5926210608730598,-0.24895810334099977
2024-12-13 04:00:00,18,-1.629055445544326,-0.044559093447640676,0.31359639990884486,-0.0281220497481387,-0.9187655814990396
2024-12-13 08:00:00,18,0.9230637516557252,1.1530024413871456,0.5476862117487359,0.9727863501693221,-1.629055445544326
2024-12-13 12:00:00,18,-0.3156426053545953,0.6730105811611519,-0.29341420782228494,0.4056464991479647,0.9230637516557252
2024-12-13 16:00:00,18,1.8505002788271803,1.0103444523937843,0.11482551614896282,0.5995805582589373,-0.3156426053545953
2024-12-13 20:00:00,18,-1.5215583743135443,-0.3452232633837266,-0.5990689174397741,-0.5373858219791812,1.8505002788271803
2024-12-14 00:00:00,18,2.7890618317254905,0.6654305479947562,0.5122584653432928,0.3974752731300244,-1.5215583743135443
2024-12-16 04:00:00,19,-2.5416404967608077,-1.5955814247414402,-1.1564309780310802,-1.3389227919829354,2.7890618317254905
2024-12-16 08:00:00,19,-0.7495626561291537,0.3275112247547596,1.0643691890215292,0.42293294572772844,-2.5416404967608077
2024-12-16 12:00:00,19,1.1238712604731056,1.2933337000233918,0.31777961740383015,0.942526990659676,-0.7495626561291537
2024-12-16 16:00:00,19,0.3342509910493501,0.318730432014885,-0.4627033468613571,0.1634636135864067,1.1238712604731056
2024-12-16 20:00:00,19,0.3857657630515643,0.21119683064991734,-0.13374316147011048,-0.06823793002934053,0.3342509910493501
2024-12-17 00:00:00,19,-1.3607768481422085,-0.2581702210392686,-0.15520450131211222,-0.33564932196731334,0.3857657630515643
2024-12-17 04:00:00,19,-0.24299336320203935,0.6999205628026574,0.5724148410729333,0.6076361272135067,-1.3607768481422085
2024-12-17 08:00:00,19,0.2622152504700761,0.7185528867581278,0.10674003930836577,0.7760782226745846,-0.24299336320203935
2024-12-17 12:00:00,19,0.17121147377422474,0.9730687007539119,-0.10373267225983844,0.5943115864627675,0.2622152504700761
2024-12-17 16:00:00,19,1.9877410351071703,0.8368061558712718,-0.06581999396066326,0.4756284297317297,0.17121147377422474
2024-12-17 20:00:00,19,-1.073049103192087,-0.9055631896044278,-0.8225962880910733,-0.9022662616102473,1.9877410351071703
2024-12-18 00:00:00,19,-0.05654292723880694,-0.06444313263570367,0.4525458660907294,-0.15843261491092875,-1.073049103192087
2024-12-18 04:00:00,19,-0.33517992268110675,-0.20039220759145768,0.029063753179712798,-0.11923726808292123,-0.05654292723880694
2024-12-18 08:00:00,19,-0.13062678009188744,-0.006080368349194863,0.14514547147761103,0.11310820748442829,-0.33517992268110675
2024-12-18 12:00:00,19,-0.41244655946944775,0.3005514481872658,0.05992749732705119,0.20365820552579983,-0.13062678009188744
2024-12-18 16:00:00,19,0.6919418376540598,0.8606908366880922,0.17733518107181878,0.4895646262908038,-0.41244655946944775
2024-12-18 20:00:00,19,1.5983302228591665,0.22492081256420998,-0.2827591527866795,0.00991311838221165,0.6919418376540598
2024-12-19 00:00:00,19,-0.8489901936399136,-0.49032477497399585,-0.6603655830916388,-1.098043446478031,1.5983302228591665
2024-12-19 04:00:00,19,0.12075416527072669,-0.41008014046339436,0.35920168119710627,-0.5095266024039429,-0.8489901936399136
2024-12-19 08:00:00,19,-1.5069616531950825,-0.6190088425593088,-0.04479919927948421,-0.5932329405764074,0.12075416527072669
2024-12-19 12:00:00,19,0.4897689345183842,0.7645033714232082,0.633316241953474,0.45138727167447,-1.5069616531950825
2024-12-19 16:00:00,19,1.6354171060568508,0.41349736790942404,-0.19853279959904752,0.11188126815690858,0.4897689345183842
2024-12-19 20:00:00,19,0.44589736372584987,-0.7992116813578213,-0.675816184405606,-1.021783786176539,1.6354171060568508
2024-12-20 00:00:00,19,-0.8289596771887862,-1.3857176673281006,-0.1802556597887316,-1.3308781800184937,0.44589736372584987
2024-12-20 04:00:00,19,-0.49500477679049304,-1.030427762574593,0.35085685690573654,-0.7562464154368449,-0.8289596771887862
2024-12-20 08:00:00,19,0.6071944457042804,-0.5849299795760314,0.21172939247589198,-0.41311094553305683,-0.49500477679049304
2024-12-20 12:00:00,19,0.668280227413188,-0.8674769971315482,-0.24745291908580314,-0.8340158765937336,0.6071944457042804
2024-12-20 16:00:00,19,-0.8146715483333615,-1.2897873189255529,-0.27290159467564856,-1.2972652443021353,0.668280227413188
2024-12-20 20:00:00,19,-0.3313446933806201,-0.5413058859333462,0.3449043431479468,-0.7325379574926822,-0.8146715483333615
2024-12-21 00:00:00,19,0.3615133475555883,-0.43941798535595944,0.14354769367154388,-0.5028510486097675,-0.3313446933806201
2024-12-23 04:00:00,19,-0.41868356415727703,-0.9736155566465293,-0.14510081045376583,-0.7534507563424473,0.3615133475555883
2024-12-23 08:00:00,19,-0.7419794007863683,-1.0850979558391498,0.17993355183032486,-0.4632208671288627,-0.41868356415727703
2024-12-23 12:00:00,19,0.12962500503168606,-0.0136745720313352,0.3146203911528977,0.051116493408404295,-0.7419794007863683
2024-12-23 16:00:00,19,1.1886880470818664,0.10983588150367657,-0.04849484034309423,-0.038739077887736784,0.12962500503168606
2024-12-23 20:00:00,19,-0.3255673928806164,-0.8417534972682948,-0.4897063797936844,-0.8627332103263505,1.1886880470818664
2024-12-24 00:00:00,19,-0.2533655734427782,-0.7306813085439061,0.1411408382283204,-0.6370511046590686,-0.3255673928806164
2024-12-24 04:00:00,19,-1.429674465168647,-0.7337598631276303,0.11106115964409433,-0.46141903164267717,-0.2533655734427782
2024-12-24 08:00:00,19,0.11011375824648795,0.34470845805754896,0.6011179705994492,0.529625989368748,-1.429674465168647
2024-12-24 12:00:00,19,0.7846082339111398,0.4476563431739133,-0.040366346675679725,0.45329554176425546,0.11011375824648795
2024-12-24 16:00:00,19,0.050524911013535956,-0.08412360912843088,-0.3213644876199835,-0.09059196732018293,0.7846082339111398
2024-12-24 20:00:00,19,0.5833950385481632,-0.007088811991725978,-0.015541302294146993,-0.12561564768724054,0.050524911013535956
2024-12-25 00:00:00,19,0.16378336558188877,-0.5431406515147983,-0.23753795401532504,-0.5300229182386698,0.5833950385481632
2024-12-26 04:00:00,19,-2.038747817036782,-0.7612262784708641,-0.06272540287343051,-0.643556938002587,0.16378336558188877
2024-12-26 08:00:00,19,1.4049804200094123,0.6089005348047327,0.8548613083858865,0.7696954648329601,-2.038747817036782
2024-12-26 12:00:00,19,-0.6388086239320678,-0.439235175506841,-0.5798149824374371,-0.20423173593341737,1.4049804200094123
2024-12-26 16:00:00,19,0.9710065559943093,0.22984727650386724,0.2716388730800176,0.23858802587323602,-0.6388086239320678
2024-12-26 20:00:00,19,-0.6343671228549255,-0.39750845847020294,-0.3990190628170523,-0.4345101066964716,0.9710065559943093
2024-12-27 00:00:00,19,-0.15420231440016252,0.08367437896896365,0.2697885190879419,0.005230823085438985,-0.6343671228549255
2024-12-27 04:00:00,19,-0.9228971197595204,0.01022331514903713,0.06974919572697647,0.1121232938107184,-0.15420231440016252
2024-12-27 08:00:00,19,2.738863687570216,0.5752741971798061,0.3899917166856147,0.7518721441446772,-0.9228971197595204
2024-12-27 12:00:00,19,-2.518448030267969,-1.3905761535454586,-1.1355181526553253,-1.1466979757848748,2.738863687570216
2024-12-27 16:00:00,19,1.9712673510907486,0.8822777482943555,1.054707078798938,0.5990808304265673,-2.518448030267969
2024-12-27 20:00:00,19,-1.7634376750694667,-0.5460016223825751,-0.8157332599268221,-0.7673943644356536,1.9712673510907486
2024-12-28 00:00:00,19,1.8112797996831347,0.6759436125176792,0.7401655757044657,0.4550140721138547,-1.7634376750694667
2024-12-30 04:00:00,19,-1.7692542723063873,-0.9903525959082224,-0.7490815583313857,-0.8005583472500142,1.8112797996831347
2024-12-30 08:00:00,19,-0.9552314576798615,0.24346934405271758,0.7425888023863239,0.4258821328669775,-1.7692542723063873
2024-12-30 12:00:00,19,1.3418370725124475,1.4141982213529578,0.4034623812678968,1.0880450259668688,-0.9552314576798615
2024-12-30 16:00:00,19,1.6930950947602685,0.6123325606792019,-0.5535091135240364,0.15788855879856278,1.3418370725124475
2024-12-30 20:00:00,19,-0.4307770413334513,-0.8579294075392424,-0.6998451545214784,-1.0157586627478477,1.6930950947602685
2024-12-31 00:00:00,19,1.1135885850020397,-0.7603867319426227,0.18497176152167732,-0.7171456201422437,-0.4307770413334513
2024-12-31 16:00:00,19,-1.716633317356946,-1.6201801281110286,-0.4584195272074513,-1.4890810848294755,1.1135885850020397
2024-12-31 20:00:00,19,-0.4716492633321252,-0.10247553912437034,0.7206666205909334,-0.29911725493884056,-1.716633317356946
2025-01-01 00:00:00,19,0.26105337872602163,0.18532128956319463,0.20199935598280738,0.02782825991573823,-0.4716492633321252
2025-01-02 04:00:00,19,-0.4185190607856981,-0.23929247336028042,-0.10324863004470643,-0.15313297112514412,0.26105337872602163
2025-01-02 08:00:00,19,-0.8470674866594479,-0.01404013982109911,0.17986501881299038,0.13698288496319755,-0.4185190607856981
2025-01-02 12:00:00,19,-0.3743933356266371,0.966348245096185,0.35840067080104765,0.7241669157107022,-0.8470674866594479
2025-01-02 16:00:00,19,2.075538670935291,1.3430730128365307,0.16148199688342288,0.983694983261989,-0.3743933356266371
2025-01-02 20:00:00,19,-1.3323826266157663,-0.38414474369762075,-0.859173270315718,-0.4550607026377733,2.075538670935291
2025-01-03 00:00:00,19,-0.14055637912798424,0.4909842866315125,0.5605856508417922,0.4685419778045308,-1.3323826266157663
2025-01-03 04:00:00,19,-1.2011142659617136,0.3343288854880715,0.06406422337913052,0.5659751369606276,-0.14055637912798424
2025-01-03 08:00:00,19,0.6640413604035462,1.216661709612808,0.5058985234605823,1.3985830781024813,-1.2011142659617136
2025-01-03 12:00:00,19,-0.20280685266108556,1.0037259859320238,-0.2711356591603936,0.9382720772370092,0.6640413604035462
2025-01-03 16:00:00,19,1.0380749776935865,1.1818934539486017,0.08999811604514092,1.0788570330808263,-0.20280685266108556
2025-01-03 20:00:00,19,-0.22934036882554487,0.516814846376658,-0.42696013942111843,0.35926732007688145,1.0380749776935865
2025-01-04 00:00:00,19,0.001966445658746707,0.38833509638439606,0.10105212609849479,0.5182452106239221,-0.22934036882554487
2025-01-06 04:00:00,19,-0.3082034738889927,0.43329354881243093,0.0046884237956900466,0.5168820778082566,0.001966445658746707
2025-01-06 08:00:00,19,-0.056174331334338135,0.44591271454953596,0.1339069332339975,0.7305275794225565,-0.3082034738889927
2025-01-06 12:00:00,19,0.6188711966771585,0.8920323393126194,0.028910194080784143,0.7694674169407243,-0.056174331334338135
2025-01-06 16:00:00,19,1.5313669117471278,0.6899616229781338,-0.2523175183286881,0.3404682055419741,0.6188711966771585
2025-01-06 20:00:00,19,-1.8343903064939795,-0.6424820770658153,-0.6324682961414145,-0.7210696411521047,1.5313669117471278
2025-01-07 00:00:00,19,0.5096993248807813,0.574777616304664,0.7697248356313138,0.550522895564308,-1.8343903064939795
2025-01-07 04:00:00,19,-2.0328111103114903,0.008052552143528709,-0.20683591080631006,0.19720121958655668,0.5096993248807813
2025-01-07 08:00:00,19,0.31917398375691697,1.709477363481062,0.8523880434247544,1.6063383194040757,-2.0328111103114903
2025-01-07 12:00:00,19,1.745741751516242,1.734134452941311,-0.12746199657842974,1.3850881011585106,0.31917398375691697
2025-01-07 16:00:00,19,1.59218940114277,0.12687589134998695,-0.7217780438320746,0.17494641298906366,1.745741751516242
2025-01-07 20:00:00,19,-1.3947066008048985,-0.8645269021611814,-0.6578072826926957,-0.9287533571006046,1.59218940114277
2025-01-08 00:00:00,19,-0.6506902504645513,-0.05920935101330241,0.5865501642889179,0.038052070410767413,-1.3947066008048985
2025-01-08 04:00:00,19,-0.5672018387461257,0.20292820185535454,0.27658882461777096,0.48910813153129773,-0.6506902504645513
2025-01-08 08:00:00,19,1.424292162569735,0.701147162239012,0.2418070890666347,0.8822903362170074,-0.5672018387461257
2025-01-08 12:00:00,19,0.31788570955844797,-0.29278665373811846,-0.5878603615378342,-0.10502369265446987,1.424292162569735
2025-01-08 16:00:00,19,0.7561478059198254,-0.19063425580575585,-0.12692529439945402,-0.3253808840179042,0.31788570955844797
2025-01-08 20:00:00,19,-0.4229585659593731,-0.9168036769431511,-0.3095077154082349,-0.8495397302886589,0.7561478059198254
2025-01-09 00:00:00,19,-0.30197629706540496,-0.6402153559744206,0.1817145413006075,-0.5563464257284334,-0.4229585659593731
2025-01-09 04:00:00,19,-0.7763407679518579,-0.7623502394306878,0.13131265681826357,-0.3470175799237811,-0.30197629706540496
2025-01-09 08:00:00,19,0.29083127485083615,-0.03221860058985999,0.3289355273655296,0.19113895251181567,-0.7763407679518579
2025-01-09 12:00:00,19,0.2396182979810888,-0.0809090744751391,-0.11565426679074506,-0.010464205352045397,0.29083127485083615
2025-01-09 16:00:00,19,-0.025280008603765225,-0.2867840058844873,-0.09431865647541686,-0.17656671815685954,0.2396182979810888
2025-01-09 20:00:00,19,-0.6011822240372329,-0.3197029930684941,0.01603944781637661,-0.1590427102317875,-0.025280008603765225
2025-01-10 04:00:00,19,-0.3081396396266136,-0.022664069739725047,0.2559635061165493,0.2576945711341452,-0.6011822240372329
2025-01-10 08:00:00,19,0.07846529698770333,0.09084457757764595,0.1338803395261107,0.47129582307522,-0.3081396396266136
2025-01-10 12:00:00,19,1.6132380980412808,0.23026994861127667,-0.02718142211613768,0.41690397108626165,0.07846529698770333
2025-01-10 16:00:00,19,1.2104242432774281,-0.604814015924577,-0.6665762866077439,-0.7013866773944448,1.6132380980412808
2025-01-10 20:00:00,19,-2.4606571828986468,-1.738720892024634,-0.4987617997304227,-1.5404482601793852,1.2104242432774281
2025-01-11 00:00:00,19,0.775492212586192,-0.033211678933387064,1.030631091136662,0.1652701456117125,-2.4606571828986468
2025-01-13 04:00:00,20,-1.4768413408081678,-0.6008743144564259,-0.30647785579455755,-0.26155884271142416,0.775492212586192
2025-01-13 08:00:00,20,-0.3514201624889459,0.7506084459422545,0.5930058831687469,0.7652026132505814,-1.4768413408081678
2025-01-13 12:00:00,20,1.7366083274946238,1.3101650643467384,0.14356177314450716,1.009524510072687,-0.3514201624889459
2025-01-13 16:00:00,20,0.6664770131665776,-0.10589864441995225,-0.6903056930670927,-0.19783774713387992,1.7366083274946238
2025-01-13 20:00:00,20,-0.47372229304254354,-0.6486630980373423,-0.26294194210628147,-0.6612002556817842,0.6664770131665776
2025-01-14 00:00:00,20,-0.5650466936943648,-0.3911006688878347,0.19240390734249946,-0.3318488366188195,-0.47372229304254354
2025-01-14 04:00:00,20,-0.6039017258340262,0.1506655364254568,0.2288748879541799,0.060995099877878545,-0.5650466936943648
2025-01-14 08:00:00,20,0.8995359551289486,0.3797388658685035,0.244391892322317,0.4808526689624486,-0.6039017258340262
2025-01-14 12:00:00,20,-1.3665542145206402,-0.12326438258372849,-0.35601551382447566,-0.1445420985438215,0.8995359551289486
2025-01-14 16:00:00,20,1.764673352258523,1.0755357575482647,0.5489620173909083,0.8055431653101799,-1.3665542145206402
2025-01-14 20:00:00,20,-1.1628814510393362,-0.22287818660753686,-0.7015136393194077,-0.42133106308241963,1.764673352258523
2025-01-15 00:00:00,20,-0.1235712292600315,0.350140423436804,0.46762400307013346,0.38715243395116694,-1.1628814510393362
2025-01-15 04:00:00,20,-0.4151536636900488,0.16645665682797126,0.052568851571820244,0.4730642863378378,-0.1235712292600315
2025-01-15 08:00:00,20,0.6625225098193734,0.3418884760808006,0.16901415246514365,0.761696361023052,-0.4151536636900488
2025-01-15 12:00:00,20,1.0230081757054421,0.24767344108636022,-0.261362686027125,0.30108318749319274,0.6625225098193734
2025-01-15 16:00:00,20,-0.2550867582018963,-0.3690175789462127,-0.40532493091985766,-0.4101545974496048,1.0230081757054421
2025-01-15 20:00:00,20,-0.7553195899604273,-0.35165751483282676,0.10509041505254366,-0.23280768548905506,-0.2550867582018963
2025-01-16 00:00:00,20,-0.12468678562947844,-0.12741102083490802,0.3048615800224345,0.2923218734383788,-0.7553195899604273
2025-01-16 04:00:00,20,-0.9734021499722623,0.012244680071054838,0.05301435610763922,0.3790093069592242,-0.12468678562947844
2025-01-16 08:00:00,20,0.6199655056822149,0.7124672091878248,0.39195423829523374,1.0557589219145722,-0.9734021499722623
2025-01-16 12:00:00,20,0.49117188345175755,0.37295127216962537,-0.24436727558150978,0.6247331457048197,0.6199655056822149
2025-01-16 16:00:00,20,1.553467109264803,-0.008038157360113705,-0.19293272286888347,0.28325004644071683,0.49117188345175755
2025-01-16 20:00:00,20,-1.670297370021455,-1.1148864381452785,-0.6171670820103977,-0.7967848271936893,1.553467109264803
2025-01-17 00:00:00,20,1.1418304389148783,0.0766775221467319,0.6702637796377315,0.36447529746820884,-1.670297370021455
2025-01-17 04:00:00,20,-1.3269418136847424,-1.12229213470495,-0.45277735794721113,-0.42937266136561814,1.1418304389148783
2025-01-17 08:00:00,20,-0.5723708037550281,0.07952842326565845,0.533142553013845,0.4931724157177726,-1.3269418136847424
2025-01-17 12:00:00,20,0.17980162023507518,0.8645278746153169,0.23179981791937798,0.8911083778110704,-0.5723708037550281
2025-01-17 16:00:00,20,1.6883330796546794,0.6866720020069499,-0.06858502661490327,0.7661028215094934,0.17980162023507518
2025-01-17 20:00:00,20,-0.8176852435505939,-0.5497204859820652,-0.6710266656064338,-0.40769647778857987,1.6883330796546794
2025-01-18 00:00:00,20,2.668079445042146,-0.2639319358122059,0.32976770069431854,0.16079227451518463,-0.8176852435505939
2025-01-20 04:00:00,20,-2.4691955090725735,-2.1085887761671938,-1.062294611975355,-1.6941674018672845,2.668079445042146
2025-01-20 08:00:00,20,2.4502024013624055,-0.4504519883498626,0.9893088358557914,0.022519899534250598,-2.4691955090725735
2025-01-20 12:00:00,20,-1.8058892646040174,-1.9737210815621136,-0.9752840279577353,-1.680962604312617,2.4502024013624055
2025-01-20 16:00:00,20,2.533579002393582,-0.2299384028846897,0.7244132656800802,-0.4254333613295511,-1.8058892646040174
2025-01-20 20:00:00,20,-0.031010034993173008,-2.2701984909819957,-1.0085810042091223,-2.186882742120077,2.533579002393582
2025-01-21 04:00:00,20,-3.2133813448877238,-2.056670616600849,0.015603949558710114,-2.1653232774712894,-0.031010034993173008
2025-01-21 08:00:00,20,-0.03318429000039025,-0.11264089493616873,1.2865041855737562,0.06875293442061015,-3.2133813448877238
2025-01-21 12:00:00,20,-0.49529917152097447,0.006614803703512697,0.016472252133346146,0.09182403148051499,-0.03318429000039025
2025-01-21 16:00:00,20,2.5439359208941994,0.37418652807663016,0.2010207710835236,0.4361765928798018,-0.49529917152097447
2025-01-21 20:00:00,20,-1.3429632187941074,-1.601016756142416,-1.012717105526369,-1.3324733479337487,2.5439359208941994
2025-01-22 00:00:00,20,-0.2815552692811014,-0.9103874867764747,0.5395408031085077,-0.39878952440407645,-1.3429632187941074
2025-01-22 04:00:00,20,-1.3281261071604238,-0.4787759522076054,0.11566078340426289,-0.20304060389874934,-0.2815552692811014
2025-01-22 08:00:00,20,0.15947659385302337,0.2961238881445624,0.5336155081504989,0.7203278432107751,-1.3281261071604238
2025-01-22 12:00:00,20,0.4645413390512161,0.34393837276709227,-0.06046809797566865,0.6094530896595334,0.15947659385302337
2025-01-22 16:00:00,20,0.894507863400948,0.1194293251507963,-0.1822976454790679,0.2864846512369237,0.4645413390512161
2025-01-22 20:00:00,20,-0.8322196303303997,-0.6622244802034396,-0.3540075133928626,-0.3354143780064076,0.894507863400948
2025-01-23 00:00:00,20,-0.3973210522431536,-0.11470586612901817,0.33557210055531445,0.24317928382229148,-0.8322196303303997
2025-01-23 04:00:00,20,0.648210015085942,0.2100408682349325,0.16189258559261716,0.5194133861682424,-0.3973210522431536
2025-01-23 08:00:00,20,-0.36659534623084866,-0.5008344052685482,-0.25564690016702535,0.06875085359410527,0.648210015085942
2025-01-23 12:00:00,20,0.5850490476760957,0.07109760325157743,0.14962207935050892,0.323623168611304,-0.36659534623084866
2025-01-23 16:00:00,20,2.2812437398056584,-0.21958854714130913,-0.23042316585967573,-0.08312723537750344,0.5850490476760957
2025-01-23 20:00:00,20,-0.6470807518561905,-1.9657515747061645,-0.9078093111697777,-1.6691426582700526,2.2812437398056584
2025-01-24 00:00:00,20,-1.5852566852781926,-1.6068620509496725,0.2616357111664125,-1.2192652364088294,-0.6470807518561905
2025-01-24 04:00:00,20,-0.35833647175072336,-0.5297655268266444,0.6363022409652772,-0.11712892882210646,-1.5852566852781926
2025-01-24 08:00:00,20,-0.8808360867099019,-0.1378122609838737,0.14632384526532366,0.13200147353900427,-0.35833647175072336
2025-01-24 12:00:00,20,-0.48430240775264366,0.5669803054188871,0.35498739181778244,0.7443953156285108,-0.8808360867099019
2025-01-24 16:00:00,20,1.767314777760113,0.9161317695721453,0.1966291434864798,1.0811024699920893,-0.48430240775264366
2025-01-24 20:00:00,20,-0.4147172128600225,-0.31343159789492286,-0.7025685094041617,-0.1476081871480588,1.767314777760113
2025-01-25 00:00:00,20,1.3867830401358212,-0.15142238779898104,0.16883985304849017,0.14072044878763634,-0.4147172128600225
2025-01-27 04:00:00,20,-1.5460977759636272,-0.9616738452448153,-0.5506007381845447,-0.8234287350468827,1.3867830401358212
2025-01-27 08:00:00,20,1.835739322365015,0.1581196015390422,0.6206638813133917,0.25148267191530493,-1.5460977759636272
2025-01-27 12:00:00,20,-0.3261977285473634,-1.086694945669653,-0.7298942867630813,-1.0247995713531264,1.835739322365015
2025-01-27 16:00:00,20,-0.448112932683312,-0.8176731172814672,0.13348903362804473,-0.79801335848106,-0.3261977285473634
2025-01-27 20:00:00,20,0.39644996606493166,-0.3969480706625464,0.18217664629865218,-0.48646663068866225,-0.448112932683312
2025-01-28 00:00:00,20,-0.29714591687455183,-0.9117747680242251,-0.15510492232643086,-0.7620951177339688,0.39644996606493166
2025-01-28 04:00:00,20,-1.6310665116300225,-0.4609433946535751,0.1218870077434963,-0.5555069313033787,-0.29714591687455183
2025-01-28 08:00:00,20,0.26390337526115637,0.46677421689691706,0.6545966866640973,0.578478270746599,-1.6310665116300225
2025-01-28 12:00:00,20,-0.024111324693757652,0.439759803669197,-0.10217159772921736,0.39500168031735683,0.26390337526115637
2025-01-28 16:00:00,20,1.3214093693257531,0.38618256010205704,0.012848905695517129,0.4117648749569298,-0.024111324693757652
2025-01-28 20:00:00,20,-0.41153883882033426,-0.6916180181549576,-0.5244933466921174,-0.5069338169609727,1.3214093693257531
2025-01-29 00:00:00,20,0.23979287334586274,-0.47591660482168124,0.16757054914777164,-0.220814918704205,-0.41153883882033426
2025-01-29 04:00:00,20,-2.598115072868831,-0.8246560932685879,-0.09254291534406751,-0.38752888652364526,0.23979287334586274
2025-01-29 08:00:00,20,0.7766829790771261,1.2449553241868498,1.0407936841342438,1.4187886516323651,-2.598115072868831
2025-01-29 12:00:00,20,-0.034637984288972135,0.7405278851602103,-0.3069533959710485,0.8788063770423662,0.7766829790771261
2025-01-29 16:00:00,20,0.17776320980508942,0.9195998641100639,0.017052794199166135,0.9028881427658746,-0.034637984288972135
2025-01-29 20:00:00,20,2.6324984040964203,0.903895100309152,-0.06777097443673358,0.7792997740816183,0.17776320980508942
2025-01-30 00:00:00,20,-2.1774739129188614,-1.0487990498156843,-1.0480850968270168,-1.0509224844099867,2.6324984040964203
2025-01-30 04:00:00,20,-0.4584681974535929,0.2484934222274671,0.8728079598424504,0.46294784368117625,-2.1774739129188614
2025-01-30 08:00:00,20,-0.09850069559550789,0.4781717312375027,0.18631208718816436,0.7816939817545627,-0.4584681974535929
2025-01-30 12:00:00,20,-0.3757727657331529,0.6490697513235312,0.04255677439773273,0.8501757575745508,-0.09850069559550789
2025-01-30 16:00:00,20,1.996490993243432,1.1219516063860815,0.1532871402361521,1.1114285959084942,-0.3757727657331529
2025-01-30 20:00:00,20,-0.5440285971372223,-0.5619007216237869,-0.794091489592302,-0.27661488743270457,1.996490993243432
2025-01-31 00:00:00,20,-1.0869910745864253,0.20634844214469608,0.2204811773296505,0.10161639513411913,-0.5440285971372223
2025-01-31 04:00:00,20,0.2950856428020767,0.5264140363660241,0.43731669824828634,0.8573377495683836,-1.0869910745864253
2025-01-31 08:00:00,20,-0.4218664497429234,0.1547146841414096,-0.11462443472345017,0.6521819512677052,0.2950856428020767
2025-01-31 12:00:00,20,0.08446186241698861,0.7054183765836868,0.17169494629721208,0.9454810337016593,-0.4218664497429234
2025-01-31 16:00:00,20,1.1245751391542846,0.6620212010091904,-0.030510487564135342,0.8867596379550626,0.08446186241698861
2025-01-31 20:00:00,20,0.472168464568977,-0.03913965594753775,-0.44588634417076545,0.10490828039158906,1.1245751391542846
2025-02-01 00:00:00,20,2.638095753030459,-0.19515414393853245,-0.1853435865955242,-0.22336285256226596,0.472168464568977
2025-02-03 04:00:00,20,-2.0123858239030596,-1.764843476524153,-1.0503204337467567,-2.0574766205764146,2.638095753030459
2025-02-03 08:00:00,20,-0.3806991809416509,-0.7134592012030824,0.8068789808320133,-0.6583823906049666,-2.0123858239030596
2025-02-03 12:00:00,20,0.22317614383757878,-0.39144150098109276,0.15525453550260693,-0.39370450374862553,-0.3806991809416509
2025-02-03 16:00:00,20,0.7469655355646161,-0.6606597739676335,-0.08590691866190285,-0.5488658308667178,0.22317614383757878
2025-02-03 20:00:00,20,-1.0279196783843965,-1.0372964892666723,-0.29508554577506857,-1.0681873041063987,0.7469655355646161
2025-02-04 00:00:00,20,-0.36978190540481926,-0.4947284132653717,0.4137261602298348,-0.35353483845128686,-1.0279196783843965
2025-02-04 04:00:00,20,-0.12126205669530421,-0.24019961951912258,0.15089465203669536,-0.09644709510975247,-0.36978190540481926
2025-02-04 08:00:00,20,0.28156366641372976,-0.15607810952614717,0.05164666881194342,-0.012140675425371228,-0.12126205669530421
2025-02-04 12:00:00,20,-0.6774378202426163,-0.4319351729626985,-0.10922434739551687,-0.20789543396616317,0.28156366641372976
2025-02-04 16:00:00,20,1.3906071030875076,-0.017968308910965344,0.27375899962652367,0.2630874830311374,-0.6774378202426163
2025-02-04 20:00:00,20,0.38622945645500195,-1.1154699307830804,-0.5521279020615957,-0.7037203482392762,1.3906071030875076
2025-02-05 00:00:00,20,-0.1872595512671804,-1.5413407177762424,-0.15102329676782056,-0.9722431123895134,0.38622945645500195
2025-02-05 04:00:00,20,-1.4424010260905433,-1.410383534333631,0.07800318829381948,-0.8420524925923552,-0.1872595512671804
2025-02-05 08:00:00,20,-0.674225547336464,-0.4801587260095381,0.5792519242994685,0.16076462574438644,-1.4424010260905433
2025-02-05 12:00:00,20,0.6035497367032132,0.3705085108967001,0.27247615799774183,0.6295142371624536,-0.674225547336464
2025-02-05 16:00:00,20,0.5968708353207735,-0.23620242582852582,-0.23781153376567718,0.20990138554512505,0.6035497367032132
2025-02-05 20:00:00,20,0.21031248177144057,-0.5997051840311202,-0.23514427199239743,-0.205068016354101,0.5968708353207735
2025-02-06 00:00:00,20,-0.7344603321983616,-0.9240855218347143,-0.08076973334822096,-0.35128599117897785,0.21031248177144057
2025-02-06 04:00:00,20,-1.1270598640708869,-0.4355120273603647,0.29653130268160893,0.15934134514792575,-0.7344603321983616
2025-02-06 08:00:00,20,0.6715942948463667,0.3928616914148962,0.4533184243367253,0.9429201867020893,-1.1270598640708869
2025-02-06 12:00:00,20,-0.1337141144355929,0.1515616210523182,-0.26498556111276844,0.475999931331339,0.6715942948463667
2025-02-06 16:00:00,20,0.7474752174429184,0.5073942346564857,0.05661947731854419,0.5689635388813752,-0.1337141144355929
2025-02-06 20:00:00,20,-0.0742254024879454,0.0034782407761995587,-0.2952890904769119,0.049287713625005836,0.7474752174429184
2025-02-07 00:00:00,20,-0.2541109673490354,-0.13464555474499137,0.032862281601177865,0.10089229715202386,-0.0742254024879454
2025-02-07 04:00:00,20,-1.1916380864972176,-0.15389238603335972,0.10470072676527609,0.27756079877213224,-0.2541109673490354
2025-02-07 08:00:00,20,0.6203804624207656,0.6817154089732294,0.47910814845467414,1.1060371034793874,-1.1916380864972176
2025-02-07 12:00:00,20,1.1602029667965787,0.37713455873654317,-0.24453299119593871,0.6747228321054894,0.6203804624207656
2025-02-07 16:00:00,20,0.679219122738612,-0.428018316292105,-0.4601145438841406,-0.13189847140407274,1.1602029667965787
2025-02-07 20:00:00,20,-0.8323674348659988,-0.610917422330006,-0.2680305846578524,-0.604119823901355,0.679219122738612
2025-02-08 00:00:00,20,0.00790129063695666,-0.17097139147537477,0.33563112723727107,-0.02542340221892303,-0.8323674348659988
2025-02-10 04:00:00,21,-0.28673700618672093,-0.025153571557660813,-0.012505126203294322,-0.07687472611765234,0.00790129063695666
2025-02-10 08:00:00,21,-1.193980112705269,-0.23148624077630228,0.09818975627770397,0.11643995956632658,-0.28673700618672093
2025-02-10 12:00:00,21,1.0754519226087904,0.6859812608474397,0.4390387570369834,0.9214071776805977,-1.193980112705269
2025-02-10 16:00:00,21,-0.05283518966423273,0.09075342754938848,-0.4135812694697493,0.1963502582679535,1.0754519226087904
2025-02-10 20:00:00,21,-0.7710381992062825,0.0954390235122179,0.010313419863964028,0.23197111592712716,-0.05283518966423273
2025-02-11 00:00:00,21,-0.42096599489584285,0.39038210181509714,0.280140521757419,0.751795916751199,-0.7710381992062825
2025-02-11 04:00:00,21,0.43729331146082195,0.7431347378110384,0.14861925675635815,1.0356061931755107,-0.42096599489584285
2025-02-11 08:00:00,21,-0.9541180727731575,0.44580525287857603,-0.1738266509194813,0.7407882337464926,0.43729331146082195
2025-02-11 12:00:00,21,1.4057217962220445,1.5223528717321926,0.34892317936709555,1.3840433119676732,-0.9541180727731575
2025-02-11 16:00:00,21,0.0866963826305387,0.578927251892068,-0.5376628475970886,0.43632236443562533,1.4057217962220445
2025-02-11 20:00:00,21,0.4750524365281148,0.5304402799647459,-0.04210824820860752,0.377872692448582,0.0866963826305387
2025-02-12 00:00:00,21,-0.11322745623211361,0.023531306895070193,-0.18801266121403107,0.05759797914199716,0.4750524365281148
2025-02-12 04:00:00,21,-0.11627528506988405,-0.14035963380735447,0.0330026456793485,0.133934585997876,-0.11322745623211361
2025-02-12 08:00:00,21,-1.5549004708815026,-0.014561039708099886,0.03414770746750123,0.21232600287506287,-0.11627528506988405
2025-02-12 12:00:00,21,3.430467163270377,1.3790562451259822,0.5746356467285728,1.260621441945764,-1.5549004708815026
2025-02-12 16:00:00,21,-0.2800724821919349,-1.0958702515438814,-1.2983546954510963,-1.0521587960712848,3.430467163270377
2025-02-12 20:00:00,21,-1.283452326740278,-0.7734819659591827,0.09568591102626296,-0.8633372533492807,-0.2800724821919349
2025-02-13 00:00:00,21,-0.3664115371081227,-0.26369575499755443,0.4726532474976279,0.0019510693327227102,-1.283452326740278
2025-02-13 04:00:00,21,-1.5484180155162957,0.01083532833809601,0.12812328132231549,0.24898137793863206,-0.3664115371081227
2025-02-13 08:00:00,21,0.45263445094856714,1.2856978242466504,0.5722002042128658,1.2929064225560651,-1.5484180155162957
2025-02-13 12:00:00,21,-0.14368498573313815,1.226926150506529,-0.1795902792428449,0.987745649000793,0.45263445094856714
2025-02-13 16:00:00,21,1.476809005832484,1.4586550125676223,0.04444546450203221,1.084616360681519,-0.14368498573313815
2025-02-13 20:00:00,21,-0.15569374519588308,0.46023743576226084,-0.5643701371740399,0.0889692603143395,1.476809005832484
2025-02-14 00:00:00,21,-0.567697132849581,0.4392567889604301,0.04895712585699393,0.1939361350675206,-0.15569374519588308
2025-02-14 04:00:00,21,-0.3219360838011873,0.39423093476657656,0.20374578391590195,0.576670802838473,-0.567697132849581
2025-02-14 08:00:00,21,-0.6607492719138239,0.4126833055028559,0.1114139630491157,0.793716288797933,-0.3219360838011873
2025-02-14 12:00:00,21,0.276486774932863,1.3888219527246608,0.23870524339338467,1.2391856040936347,-0.6607492719138239
2025-02-14 16:00:00,21,2.395650564451591,1.2595035022503103,-0.11341203118051632,1.052781502639366,0.276486774932863
2025-02-14 20:00:00,21,-1.0822999143118768,-0.41484594128133606,-0.9095766478228134,-0.5623376688777819,2.395650564451591
2025-02-15 00:00:00,21,0.5058085206398655,0.07836839454762774,0.3970807815467529,0.16733608524780585,-1.0822999143118768
2025-02-17 04:00:00,21,-1.6814618606571337,-0.12386227560102413,-0.19956764626868384,-0.17367401485800205,0.5058085206398655
2025-02-17 08:00:00,21,-0.12854904059510375,0.9006384742627997,0.6221844491716891,0.959947610775,-1.6814618606571337
2025-02-17 12:00:00,21,0.5615275772627264,1.1137651149874852,0.038758927190502,1.0466138479241636,-0.12854904059510375
2025-02-17 16:00:00,21,0.8854751014348281,0.6038852257310708,-0.22050115861691305,0.6680386212903819,0.5615275772627264
2025-02-17 20:00:00,21,-0.6296519311202502,-0.028758012382954078,-0.34220744562990346,0.0710618194771051,0.8854751014348281
2025-02-18 04:00:00,21,-0.8147000704152028,0.32426141448845036,0.22702204904381848,0.4955656767697967,-0.6296519311202502
2025-02-18 08:00:00,21,0.283770041104626,0.8365932160624747,0.2965441792400858,1.0448267928479602,-0.8147000704152028
2025-02-18 12:00:00,21,-0.29954508618050824,0.9775245149249927,-0.11614833634400838,0.853512399801156,0.283770041104626
2025-02-18 16:00:00,21,1.4885335923898673,1.0041328392000464,0.10300172038761046,1.0554621409707927,-0.29954508618050824
2025-02-18 20:00:00,21,0.7468206023514821,0.16738730963173662,-0.5687750354683186,0.05191046353050588,1.4885335923898673
2025-02-19 00:00:00,21,-1.2829552005524452,-0.6764631890374266,-0.29011529180280715,-0.45158712098386466,0.7468206023514821
2025-02-19 04:00:00,21,-0.9729210688941929,0.15093824906415632,0.4724664784131823,0.41336604512374286,-1.2829552005524452
2025-02-19 08:00:00,21,0.3227797296147319,0.757810457398835,0.35598741870172035,1.0692978801172508,-0.9729210688941929
2025-02-19 12:00:00,21,-0.7659318796008137,0.6811622291943028,-0.1308041802441334,0.851683618165314,0.3227797296147319
2025-02-19 16:00:00,21,1.9111504814793285,1.394220468067026,0.27822209005749626,1.3680657989290719,-0.7659318796008137
2025-02-19 20:00:00,21,-0.3776902895323637,0.16662880890839257,-0.7275511598776951,0.07959083179708415,1.9111504814793285
2025-02-20 00:00:00,21,-0.7628783885084367,0.20333260412158133,0.13236068083077376,0.3342251413960824,-0.3776902895323637
2025-02-20 04:00:00,21,-0.36914695081986615,0.5940392437957019,0.2770749009742329,0.8485486947136938,-0.7628783885084367
2025-02-20 08:00:00,21,-0.6172898499049335,0.865462564017457,0.12915096951703633,1.0974231867716568,-0.36914695081986615
2025-02-20 12:00:00,21,0.44379122622463285,1.4658599370813294,0.2223776455765769,1.5135926756606306,-0.6172898499049335
2025-02-20 16:00:00,21,2.1089671297390495,1.3189468619438687,-0.17626790149317043,1.2143938992353256,0.44379122622463285
2025-02-20 20:00:00,21,-1.9130019180669269,-0.18511603351768266,-0.8018703874457221,-0.20744670384978203,2.1089671297390495
2025-02-21 00:00:00,21,-0.057064573865705626,0.964788577703417,0.7091734785033336,1.0822764798509539,-1.9130019180669269
2025-02-21 04:00:00,21,-0.9500331953413337,1.091228174244417,0.011902389092323383,1.1207487381312653,-0.057064573865705626
2025-02-21 08:00:00,21,0.37166636050596047,1.670738681022134,0.34738850097620183,1.7612498404799464,-0.9500331953413337
2025-02-21 12:00:00,21,1.1782564018695947,1.6326658849540392,-0.1491707670718971,1.5106767923198117,0.37166636050596047
2025-02-21 16:00:00,21,2.006722321535312,0.6240240842734459,-0.4522046591410015,0.7163103133930182,1.1782564018695947
2025-02-21 20:00:00,21,-0.5691592091711559,-0.5763312689666494,-0.7634572648122512,-0.6365980537606966,2.006722321535312
2025-02-22 00:00:00,21,-0.22700398380277953,-0.42731174054366844,0.2042950823891138,-0.2528776714902099,-0.5691592091711559
2025-02-24 04:00:00,21,-1.1772153961436533,0.0705830306311485,0.07574820687863797,-0.09983428040008757,-0.22700398380277953
2025-02-24 08:00:00,21,-0.06419090820734219,0.5531809836924406,0.4327402943129545,0.693830364824171,-1.1772153961436533
2025-02-24 12:00:00,21,-0.1051104111573764,0.8560275161708161,0.014579735353728899,0.7371071131201017,-0.06419090820734219
2025-02-24 16:00:00,21,1.5896726735384235,0.818550647685078,0.02995309183544101,0.8079713045449441,-0.1051104111573764
2025-02-24 20:00:00,21,-0.40313102181523774,-0.2149568830633265,-0.6067727391703444,-0.26376714077234187,1.5896726735384235
2025-02-25 00:00:00,21,1.4393915727995363,-0.15653111782153756,0.14191870129397435,0.008019008521989335,-0.40313102181523774
2025-02-25 04:00:00,21,-1.955222175165364,-1.225942442429572,-0.550312499735274,-0.9624017026809151,1.4393915727995363
2025-02-25 08:00:00,21,1.704576013935105,0.1737112734106091,0.7250355251151013,0.35578587715418664,-1.955222175165364
2025-02-25 12:00:00,21,-0.27147996222876536,-0.40237903707636175,-0.6499416411732515,-0.7934190362281219,1.704576013935105
2025-02-25 16:00:00,21,0.6221996272054362,-0.3575579522202861,0.09245772243777174,-0.6103904684625201,-0.27147996222876536
2025-02-25 20:00:00,21,-0.38808414478858566,-0.635332534265231,-0.2432954983571698,-1.0298700709229767,0.6221996272054362
2025-02-26 00:00:00,21,-1.3872571189450529,-0.9052696379904982,0.1362656266525334,-0.7682283474968532,-0.38808414478858566
2025-02-26 04:00:00,21,0.13921265824449236,0.10551163362365125,0.5116524522783575,0.16704393381129812,-1.3872571189450529
2025-02-26 08:00:00,21,-0.2280624812778136,-0.05727303454192089,-0.06183848361960435,0.07318841223191619,0.13921265824449236
2025-02-26 12:00:00,21,0.29707695208922935,0.3788749832304061,0.07614588177313902,0.22694542975416532,-0.2280624812778136
2025-02-26 16:00:00,21,1.7347412990294941,0.6077871899600714,-0.12114771002864272,0.02665967528937152,0.29707695208922935
2025-02-26 20:00:00,21,0.020025391638911927,-0.7695532923719219,-0.6612746644921023,-1.1428823152080971,1.7347412990294941
2025-02-27 00:00:00,21,-1.0052599063433085,-1.0843659830474184,-0.017060121090474042,-1.1563831965273845,0.020025391638911927
2025-02-27 04:00:00,21,-0.3983889752974399,-0.42482514746190986,0.3681370402872137,-0.478648901223643,-1.0052599063433085
2025-02-27 08:00:00,21,-0.8511806594483069,-0.23443353889059843,0.14013712609595727,-0.21005978339824694,-0.3983889752974399
2025-02-27 12:00:00,21,0.7647974954665067,0.6324853954378443,0.31024984669537137,0.36379611274087864,-0.8511806594483069
2025-02-27 16:00:00,21,0.735469910438546,0.38169576116926734,-0.29686916627260146,-0.1518212797059295,0.7647974954665067
2025-02-27 20:00:00,21,-0.011002058457870945,-0.44435829903808505,-0.28585086480561883,-0.6476663624779331,0.735469910438546
2025-02-28 00:00:00,21,0.5475237452668047,-0.6766607511377599,-0.005403184503565252,-0.6402489052723039,-0.011002058457870945
2025-02-28 04:00:00,21,0.5573461199937437,-0.9058339613268566,-0.21523995342470456,-1.0093829146154922,0.5475237452668047
2025-02-28 08:00:00,21,-0.6254091683654686,-1.0939966517342914,-0.21893019541905576,-1.3851390523970721,0.5573461199937437
2025-02-28 12:00:00,21,-0.8528316879150211,-0.7062118946566991,0.22542805352592973,-0.9634956153873446,-0.6254091683654686
2025-02-28 16:00:00,21,1.2822381477965035,-0.08804759502812952,0.3108701340241604,-0.38852661545550404,-0.8528316879150211
2025-02-28 20:00:00,21,-1.4273353081357278,-1.1287692854974136,-0.4912703449993349,-1.2529963531072692,1.2822381477965035
2025-03-01 00:00:00,21,4.353960720444094,-0.33351728430874455,0.5267097292526672,-0.290703832419438,-1.4273353081357278
2025-03-03 04:00:00,21,-4.483238909134645,-3.9404697141077665,-1.6453089504998877,-3.2260924637875776,4.353960720444094
2025-03-03 08:00:00,21,0.10530625369065127,-0.6106871130187362,1.6748051860638014,-0.20354601228012292,-4.483238909134645
2025-03-03 12:00:00,21,-0.5126445876573165,0.021032239007379577,-0.04909993093347232,-0.2745422384160303,0.10530625369065127
2025-03-03 16:00:00,21,2.704766984197027,0.10646792897464691,0.18306267827066242,0.07107665692122644,-0.5126445876573165
2025-03-03 20:00:00,21,-0.5716819651840304,-1.737025702593975,-1.0257109254287726,-1.7524451352326604,2.704766984197027
2025-03-04 00:00:00,21,0.279182659946251,-1.4410492727063082,0.2052428756101033,-1.367023940806213,-0.5716819651840304
2025-03-04 04:00:00,21,-1.828830171476774,-1.5468994796469027,-0.11442486854061638,-1.5552455759333563,0.279182659946251
2025-03-04 08:00:00,21,-0.18810927455741755,-0.31562003370936853,0.6775503606077221,-0.3222699845714727,-1.828830171476774
2025-03-04 12:00:00,21,0.7307103647121682,0.24903916736988865,0.06113556040510612,-0.19544894473112429,-0.18810927455741755
2025-03-04 16:00:00,21,0.9715018637177586,-0.3988737782161217,-0.28406271519803533,-0.6880851982755036,0.7307103647121682
2025-03-04 20:00:00,21,0.38159035709653466,-1.6645824219480698,-0.37452748835275596,-1.3430602219866037,0.9715018637177586
2025-03-05 00:00:00,21,-0.7049786338174364,-2.4018906514349894,-0.15289918815014153,-1.6003239108392284,0.38159035709653466
2025-03-05 04:00:00,21,-1.8311436364816558,-1.639289074015373,0.2553221057324303,-1.1250356847998182,-0.7049786338174364
2025-03-05 08:00:00,21,-0.5133856962504968,-0.01233435580533374,0.678419523712451,0.10949961720495516,-1.8311436364816558
2025-03-05 12:00:00,21,1.8500420426728077,0.5622618020768906,0.18334111094391686,0.45561815915795023,-0.5133856962504968
2025-03-05 16:00:00,21,0.26656462545223647,-0.5005147232524387,-0.7045928699160438,-0.7916582239558005,1.8500420426728077
2025-03-05 20:00:00,21,-1.106602892596614,-1.1994384563400469,-0.10968430405693017,-0.9713729300171794,0.26656462545223647
2025-03-06 00:00:00,21,-0.25526036179398304,-0.7447619121822135,0.40621135063491587,-0.2253143964353974,-1.106602892596614
2025-03-06 04:00:00,21,0.04115222714770539,-0.6194983901392345,0.08636405850008129,-0.053220890738232995,-0.25526036179398304
2025-03-06 08:00:00,21,-0.8193011542507893,-0.4179629607952774,-0.024997421159924274,-0.08096523375852005,0.04115222714770539
2025-03-06 12:00:00,21,1.101825130437387,0.7428837977758019,0.2982727951055592,0.47139787842161596,-0.8193011542507893
2025-03-06 16:00:00,21,0.9066132536796001,0.011234733316243395,-0.4234896186989756,-0.2714395446297653,1.101825130437387
2025-03-06 20:00:00,21,-0.737521125741532,-0.8748493136705235,-0.3501489973691899,-0.8826674377530948,0.9066132536796001
2025-03-07 00:00:00,21,2.4070342241296068,-0.5270348955971944,0.2675482398026131,-0.385439449974025,-0.737521125741532
2025-03-07 04:00:00,21,-2.4201987659308397,-2.196346411351713,-0.9138534607281491,-2.008233349709392,2.4070342241296068
2025-03-07 08:00:00,21,-0.4983499606374462,-0.6928870781919045,0.8997260851206169,-0.37656407216938437,-2.4201987659308397
2025-03-07 12:00:00,21,1.0655465555391608,-0.13175434104566636,0.17769222210412688,-0.040582444675805185,-0.4983499606374462
2025-03-07 16:00:00,21,0.6295593737607703,-0.7051040624668896,-0.40985984745664295,-0.7589612831978272,1.0655465555391608
2025-03-07 20:00:00,21,-0.4352865766272682,-1.5236664546439231,-0.2460605370124135,-1.1834027394175148,0.6295593737607703
2025-03-08 00:00:00,21,2.012530589270094,-1.240453267015913,0.1539994640441036,-0.8899376967911046,-0.4352865766272682
2025-03-10 04:00:00,22,-2.9379413904267846,-1.2457160057286623,-0.6414639987402427,-1.628252543635118,2.012530589270094
2025-03-10 08:00:00,22,-0.8708649032397737,0.14869018838932518,0.9807945156026607,-0.1880734187630102,-2.9379413904267846
2025-03-10 12:00:00,22,2.28551570401374,0.8421942175618525,0.30341820787079166,0.23882463247670405,-0.8708649032397737
2025-03-10 16:00:00,22,-0.23286859581642716,-0.4720677625572527,-0.7309206058068017,-0.8815353642248693,2.28551570401374
2025-03-10 20:00:00,22,-0.19699786370688166,-0.13633833553698374,0.09434825533260355,-0.7673831583211355,-0.23286859581642716
2025-03-11 00:00:00,22,-0.6537024178222879,-0.07048667513139169,0.08259349723699533,-0.6708147884143969,-0.19699786370688166
2025-03-11 04:00:00,22,1.4130400904370433,0.17255378449369813,0.2322545506661398,-0.35036980639611315,-0.6537024178222879
2025-03-11 08:00:00,22,-2.183950711245286,-0.937617364478617,-0.44501231292358256,-1.0430421815108541,1.4130400904370433
2025-03-11 12:00:00,22,-0.10730765562543532,0.6531852431654791,0.7337134687744207,0.02753064691039242,-2.183950711245286
2025-03-11 16:00:00,22,2.0552112434989596,0.6477540199410424,0.05320221812057011,0.08013286902220518,-0.10730765562543532
2025-03-11 20:00:00,22,-0.5395715563197303,-0.562531035904655,-0.6554503529716108,-0.9273318611233057,2.0552112434989596
2025-03-12 00:00:00,22,-1.4056557285193154,-0.5221597755701777,0.19485412448836115,-0.6628338373306848,-0.5395715563197303
2025-03-12 04:00:00,22,-0.2979358437562034,0.23166728623641153,0.4786679564322059,0.026218722930340554,-1.4056557285193154
2025-03-12 08:00:00,22,0.37456662524795625,0.42734145867969975,0.11567064588608489,0.17226689942800455,-0.2979358437562034
2025-03-12 12:00:00,22,-0.5393563793452891,0.21583496515926298,-0.10470689805982059,-0.011345692815551978,0.37456662524795625
2025-03-12 16:00:00,22,1.8874065512588292,0.7123708988319337,0.19478361147863008,0.2530468512055011,-0.5393563793452891
2025-03-12 20:00:00,22,-0.5426851774016601,-0.41241122821820464,-0.6004611333881661,-0.6721600042229392,1.8874065512588292
2025-03-13 00:00:00,22,-1.2214613396636302,-0.33313634172155604,0.1958744511019273,-0.40613568310540593,-0.5426851774016601
2025-03-13 04:00:00,22,-0.020639778298393807,0.07099008038474744,0.4183078701937985,0.19262477173346326,-1.2214613396636302
2025-03-13 08:00:00,22,-0.25390061438586464,0.19492701126200515,0.02480134998305805,0.20274239284877638,-0.020639778298393807
2025-03-13 12:00:00,22,0.2839697752745991,0.6474977919337322,0.10124040043271118,0.32720449608277136,-0.25390061438586464
2025-03-13 16:00:00,22,1.0205764996270723,0.4493795391539851,-0.07501851443807864,0.18800248756833593,0.2839697752745991
2025-03-13 20:00:00,22,-0.4745739956839845,-0.05601921561881053,-0.3164028784348636,-0.3122842012292377,1.0205764996270723
2025-03-14 00:00:00,22,-0.137727430190818,-0.09665019462574893,0.17355457030740523,-0.07964798730805622,-0.4745739956839845
2025-03-14 04:00:00,22,-0.282281271920656,-0.33074228569407316,0.06317070970995295,-0.012133989061044126,-0.137727430190818
2025-03-14 08:00:00,22,-0.5657842004501195,-0.1532459015599483,0.11054067796529596,0.12624031496256993,-0.282281271920656
2025-03-14 12:00:00,22,-0.6046256156341236,0.37469784005554857,0.2034439489128533,0.40358777918558886,-0.5657842004501195
2025-03-14 16:00:00,22,2.3585028436350886,0.6328653232808252,0.21617219315901845,0.6999753085068319,-0.6046256156341236
2025-03-14 20:00:00,22,-1.0137081834375579,-0.8143015849357323,-0.7548383270208338,-0.4561629903791573,2.3585028436350886
2025-03-15 00:00:00,22,1.8232648024125968,-0.2146823702043923,0.3502276289659724,0.04075684922551126,-1.0137081834375579
2025-03-17 04:00:00,22,-2.3908615415602092,-1.4991940518553868,-0.5794420268024915,-0.8530077153450719,1.8232648024125968
2025-03-17 08:00:00,22,-0.25123229394664115,0.15843089366838747,0.8015176816989218,0.318992820075537,-2.3908615415602092
2025-03-17 12:00:00,22,0.08318891149597185,0.2609737863161117,0.10036599783649841,0.4421469123983677,-0.25123229394664115
2025-03-17 16:00:00,22,1.270179458362147,0.4904964940385468,-0.009223077736718956,0.4013677007545553,0.08318891149597185
2025-03-17 20:00:00,22,-0.9250155316529085,-0.5600060820760835,-0.39819720565736594,-0.22127438010356304,1.270179458362147
2025-03-18 00:00:00,22,-0.8128850197084336,-0.10429914566289249,0.32116324680051517,0.2321683138895505,-0.9250155316529085
2025-03-18 04:00:00,22,0.36073805286206095,0.22747379361275225,0.2844183306661366,0.6306446211841878,-0.8128850197084336
2025-03-18 08:00:00,22,0.6261891746017625,-0.016503435067284727,-0.10017530604470945,0.45381079632579535,0.36073805286206095
2025-03-18 12:00:00,22,-1.5397417811157936,-0.032788673533941534,-0.18716304057794747,0.14685280852490568,0.6261891746017625
2025-03-18 16:00:00,22,2.602960093755284,0.8806474734155374,0.5226076537724554,0.9016343634197899,-1.5397417811157936
2025-03-18 20:00:00,22,-1.3738962287798326,-0.5014642310287749,-0.8349464171235116,-0.37433690071660664,2.602960093755284
2025-03-19 00:00:00,22,-0.43385796542988686,-0.1059265283503292,0.46826043992166866,0.2991471500124643,-1.3738962287798326
2025-03-19 04:00:00,22,-0.12506726646066824,0.04034989330441386,0.1602120189262746,0.5118243623651724,-0.43385796542988686
2025-03-19 08:00:00,22,-0.6669685803183576,0.1890868621919404,0.0590220025789072,0.5731323472515921,-0.12506726646066824
2025-03-19 12:00:00,22,0.5689219089688464,1.0462620684826889,0.23660184222746347,0.9000804032781788,-0.6669685803183576
2025-03-19 16:00:00,22,0.6636491106438669,0.48476789356757655,-0.16839668665307922,0.6211948340666371,0.5689219089688464
2025-03-19 20:00:00,22,1.7287924779858326,-0.018250359478649242,-0.19943857722178188,0.29587398236292195,0.6636491106438669
2025-03-20 00:00:00,22,-0.3248719816250638,-0.8257260440996972,-0.5484836589338044,-0.5515802405647303,1.7287924779858326
2025-03-20 04:00:00,22,-1.3747450433716253,-1.1330452978904033,0.12449755757864409,-0.3923279669432054,-0.3248719816250638
2025-03-20 08:00:00,22,-0.5300998084633477,-0.11122362295657469,0.4685385945510215,0.2815721727725178,-1.3747450433716253
2025-03-20 12:00:00,22,0.19456569648935051,0.40039737596733743,0.1917502540556541,0.5414271449429169,-0.5300998084633477
2025-03-20 16:00:00,22,1.6468140782745522,0.5527412700178924,-0.045720999247368686,0.44605102361754945,0.19456569648935051
2025-03-20 20:00:00,22,-0.5796656635116619,-0.3831000707840868,-0.5216195220455933,-0.36121738064833053,1.6468140782745522
2025-03-21 00:00:00,22,-0.9662416868958523,-0.4566501100127581,0.20799287308321146,-0.07706522202635036,-0.5796656635116619
2025-03-21 04:00:00,22,-0.1831959540512571,0.0824094262719592,0.3346729649911801,0.39658653684909506,-0.9662416868958523
2025-03-21 08:00:00,22,-0.0036352699917436837,0.2565431317684489,0.07807064253852283,0.48638920944336483,-0.1831959540512571
2025-03-21 12:00:00,22,0.6250909070742754,0.5631584334885815,0.019229010922093018,0.48817121910919514,-0.0036352699917436837
2025-03-21 16:00:00,22,0.10809747434653083,0.23168089621589275,-0.18680314078358456,0.1817516021457113,0.6250909070742754
2025-03-21 20:00:00,22,-0.6390576907579479,0.2907538843911547,-0.017385557663903366,0.12876221082818784,0.10809747434653083
2025-03-22 00:00:00,22,1.7628464842373912,0.446202480874099,0.22745550660169725,0.4420283463670165,-0.6390576907579479
2025-03-24 04:00:00,22,-2.093859525033835,-0.7847218446927211,-0.5596430800588301,-0.4221191533841857,1.7628464842373912
2025-03-24 08:00:00,22,0.2899610219369908,0.4315923781201403,0.704190790028196,0.6042909677279651,-2.093859525033835
2025-03-24 12:00:00,22,-0.029497494521683265,0.4826770755524977,-0.07698183247107729,0.4621520495790312,0.2899610219369908
2025-03-24 16:00:00,22,1.1932827231466732,0.4974361844228554,0.027704003633012543,0.47661172395666895,-0.029497494521683265
2025-03-24 20:00:00,22,-0.5233473114836222,0.0997314806057542,-0.3729983187754503,-0.10833557061707833,1.1932827231466732
2025-03-25 00:00:00,22,-0.4636323011868413,0.20632047592081523,0.18953747600876067,0.14820932694711875,-0.5233473114836222
2025-03-25 04:00:00,22,-0.349153054923077,0.16658631164669055,0.16996900167230788,0.37548192127505065,-0.4636323011868413
2025-03-25 08:00:00,22,-0.5419623868778274,0.49785018856239893,0.132454410593192,0.5466367791371036,-0.349153054923077
2025-03-25 12:00:00,22,0.670200381945703,0.9184510423235728,0.19563759427571295,0.8123067882770494,-0.5419623868778274
2025-03-25 16:00:00,22,1.0081573407912963,0.4687333782082419,-0.20158541406739203,0.4837745028119187,0.670200381945703
2025-03-25 20:00:00,22,-0.3632673933020172,-0.13914308768092853,-0.3123331480647205,-0.010424313245226635,1.0081573407912963
2025-03-26 00:00:00,22,-0.20161945576833595,-0.04100277978859661,0.1370796474803937,0.1676493945166131,-0.3632673933020172
2025-03-26 04:00:00,22,-0.8679206205528729,-0.17322601924015796,0.08410798254309595,0.2664832692534578,-0.20161945576833595
2025-03-26 08:00:00,22,0.10332464629068383,0.6171377860887884,0.3024533730677574,0.6919380328642175,-0.8679206205528729
2025-03-26 12:00:00,22,-0.3533378776840106,0.5858120883728024,-0.01582151266317465,0.6412882822743935,0.10332464629068383
2025-03-26 16:00:00,22,2.220790060974366,0.8428654259522357,0.13382576758355236,0.8144945406174857,-0.3533378776840106
2025-03-26 20:00:00,22,-0.7781887645038115,-0.21423465562284894,-0.7097101584095471,-0.27413694024201707,2.220790060974366
2025-03-27 00:00:00,22,-0.593909915338056,0.07350676256987507,0.2730484460061775,0.10733125973647262,-0.7781887645038115
2025-03-27 04:00:00,22,-1.1345429505719586,0.3613964580132914,0.21266068231444907,0.3984659518414695,-0.593909915338056
2025-03-27 08:00:00,22,-0.47667425247738393,0.856513316238835,0.3898249099154197,0.9546190047950498,-1.1345429505719586
2025-03-27 12:00:00,22,0.5551304015354983,1.354207469963314,0.17424281972672775,1.1882847647788521,-0.47667425247738393
2025-03-27 16:00:00,22,2.0389819503997604,1.0856973063770357,-0.16387724073941054,0.9161597937095154,0.5551304015354983
2025-03-27 20:00:00,22,-0.9780971649820458,-0.057037367308505796,-0.6501320501875691,-0.08334933554856505,2.0389819503997604
2025-03-28 00:00:00,22,-0.1645860452135235,0.11953521704463042,0.33855797844965657,0.39611397971488405,-0.9780971649820458
2025-03-28 04:00:00,22,0.3470407232075452,0.051289635249783305,0.07197221734048602,0.47679407337983637,-0.1645860452135235
2025-03-28 08:00:00,22,-0.34665915847023143,-0.19053625483703246,-0.09568672197698178,0.30667468070828185,0.3470407232075452
2025-03-28 12:00:00,22,0.46508643755116275,0.3339027353512741,0.13163716634433836,0.4766070303124499,-0.34665915847023143
2025-03-28 16:00:00,22,0.018523195716957375,0.04138159921469516,-0.1343700366106199,0.24862161821237372,0.46508643755116275
2025-03-28 20:00:00,22,-0.4554685712001465,0.18725949153561158,0.011967731632331925,0.2395415460623962,0.018523195716957375
2025-03-29 00:00:00,22,2.738837121581769,0.23412419733260603,0.1672937657485358,0.4628122792414837,-0.4554685712001465
2025-03-31 04:00:00,22,-2.0713060660910223,-1.0769852057672307,-0.8794730130115708,-0.8797659157421416,2.738837121581769
2025-03-31 08:00:00,22,-0.8025124048256256,-0.25287242491209777,0.6968000723455354,0.13558849783651716,-2.0713060660910223
2025-03-31 12:00:00,22,0.6073644191082757,0.3594497595236566,0.2810192481385216,0.5289801484143002,-0.8025124048256256
2025-03-31 16:00:00,22,1.5457042859472683,-0.048561458101481936,-0.18099421061486945,0.23125005739204685,0.6073644191082757
2025-03-31 20:00:00,22,-0.7508962463574314,-0.8897144661726184,-0.4884860709001082,-0.5264543178893222,1.5457042859472683
2025-04-01 00:00:00,22,-1.2510662103526649,-0.8136441334742069,0.2641047492995992,-0.15836491267770203,-0.7508962463574314
2025-04-01 04:00:00,22,-0.7174190232142195,-0.1606007074258032,0.42800931961887895,0.4549078523453707,-1.2510662103526649
2025-04-01 08:00:00,22,0.3956409958906324,0.3048043166149267,0.25313433869968743,0.8065867198632715,-0.7174190232142195
2025-04-01 12:00:00,22,0.15608931091211176,0.35786864328822277,-0.11161292183890939,0.6126434692994716,0.3956409958906324
2025-04-01 16:00:00,22,2.318342955353149,0.4196402677620604,-0.033112374380929586,0.5361284755273727,0.15608931091211176
2025-04-01 20:00:00,22,-2.5415399351732457,-0.7338893247039735,-0.7416780221109925,-0.6003234426332185,2.318342955353149
2025-04-02 00:00:00,22,-0.049359373817678076,0.33219702415645774,0.8508946518077855,0.6455396544293146,-2.5415399351732457
2025-04-02 04:00:00,22,0.7284224249216873,0.42871606798513234,0.03421269672953453,0.6697356237636969,-0.049359373817678076
2025-04-02 08:00:00,22,0.43475171309195737,0.025811575294820664,-0.22066464637647226,0.31266288777268336,0.7284224249216873
2025-04-02 12:00:00,22,-0.4088464126896749,-0.30575449324636966,-0.12442941574941363,0.09954756023836886,0.43475171309195737
2025-04-02 16:00:00,22,1.292993037178519,0.1819015373520783,0.15201578944428693,0.2999641072645103,-0.4088464126896749
2025-04-02 20:00:00,22,1.262166539691858,-0.6058950919551588,-0.4056731640365422,-0.3338611919117209,1.292993037178519
2025-04-03 00:00:00,22,0.33485074150979877,-0.9647996415176855,-0.3955713902622024,-0.9525753393414007,1.262166539691858
2025-04-03 04:00:00,22,-2.5683835793565457,-1.0155861044075163,-0.09169209243863538,-1.116719201925502,0.33485074150979877
2025-04-03 08:00:00,22,-0.8503020846879323,0.13668630727971856,0.8596912535279746,0.14230265184819402,-2.5683835793565457
2025-04-03 12:00:00,22,0.7970533847720915,0.9946275963754322,0.2966798185593435,0.5591208076470418,-0.8503020846879323
2025-04-03 16:00:00,22,0.9160116300697965,1.2045540103478263,-0.24315485729403039,0.16840516917384907,0.7970533847720915
2025-04-03 20:00:00,22,-0.4365635864025901,0.15863709559250738,-0.28213720626539246,-0.2806238114808517,0.9160116300697965
2025-04-04 00:00:00,22,-0.24434521619865457,0.04908823237724824,0.16109864482327063,-0.06662030349222636,-0.4365635864025901
2025-04-04 04:00:00,22,-0.7621196951847065,0.1812852363977352,0.09810911797505603,0.05315774272010643,-0.24434521619865457
2025-04-04 08:00:00,22,0.25493819163619946,0.7555628796636978,0.2677826481938888,0.42674888352209006,-0.7621196951847065
2025-04-04 12:00:00,22,1.7892223429845906,0.6970011975899452,-0.06550492988787668,0.3017781598298228,0.25493819163619946
2025-04-04 16:00:00,22,0.45559963906070067,0.056954008977869675,-0.5682863895455288,-0.5752987881711196,1.7892223429845906
2025-04-04 20:00:00,22,-1.1822158354594112,-0.13426177950985116,-0.13126123411903406,-0.7986337708268394,0.45559963906070067
2025-04-05 00:00:00,22,3.340734074025871,0.560051712165368,0.40544720688612074,-0.21911146555901695,-1.1822158354594112
2025-04-07 04:00:00,23,-2.7056020201450917,-1.9570529976929234,-0.964814398285887,-1.8626896558326917,3.340734074025871
2025-04-07 08:00:00,23,0.487792292339039,-0.02154221807468605,0.8150803684156392,-0.5525654225255359,-2.7056020201450917
2025-04-07 12:00:00,23,-0.3931505029115705,0.457326426690273,-0.12497750072672532,-0.7887673835883655,0.487792292339039
2025-04-07 16:00:00,23,1.9117058394360562,1.273105007592322,0.13435070177620995,-0.5983934862574776,-0.3931505029115705
2025-04-07 20:00:00,23,-2.2496715584356384,2.0854354945470095,-0.5441431295042456,-1.5240921398479514,1.9117058394360562
2025-04-08 00:00:00,23,-0.10542085994308259,2.64076091687475,0.6808654934670221,-0.4347415244420869,-2.2496715584356384
2025-04-08 04:00:00,23,-0.0322941060018227,1.5852428300057566,0.04965007022543766,-0.3836939489749067,-0.10542085994308259
2025-04-08 08:00:00,23,-0.9710164027339108,1.232535481199378,0.028123326654004563,-0.3680562866169703,-0.0322941060018227
2025-04-08 12:00:00,23,-0.05807289292756579,2.324951000398078,0.304460413662823,0.10213560069253713,-0.9710164027339108
2025-04-08 16:00:00,23,0.9475078681363929,1.936718448853286,0.03571197657792764,0.13025603516744066,-0.05807289292756579
2025-04-08 20:00:00,23,0.323032977113872,1.8658379972455836,-0.2603066215014913,-0.3285523963949073,0.9475078681363929
2025-04-09 00:00:00,23,0.21026899407029553,1.7042880081691119,-0.07647635253264513,-0.4849735286690269,0.323032977113872
2025-04-09 04:00:00,23,0.44182074358409196,1.2325662581787253,-0.04328136962635644,-0.5867913505783404,0.21026899407029553
2025-04-09 08:00:00,23,-0.7857270726590819,0.7298977486141192,-0.11144459124705249,-0.8007326688644145,0.44182074358409196
2025-04-09 12:00:00,23,-0.17522009617130863,1.4594562090357648,0.24991572679968907,-0.42026278785769033,-0.7857270726590819
2025-04-09 16:00:00,23,0.3673277566399413,1.3107309314165128,0.07019727325011793,-0.3354165715822708,-0.17522009617130863
2025-04-09 20:00:00,23,1.24431142273313,0.6073780044643019,-0.08951566180072491,-0.5132864105153949,0.3673277566399413
2025-04-10 00:00:00,23,-1.8981346795166,0.8468898044757873,-0.34767839265963724,-1.1158149925335872,1.24431142273313
2025-04-10 04:00:00,23,-0.8776903599245749,0.8532138007474188,0.5773815585111409,-0.19668785439593428,-1.8981346795166
2025-04-10 08:00:00,23,-0.2814270561653025,0.7134449541099515,0.27698748913362914,0.2283130885792639,-0.8776903599245749
2025-04-10 12:00:00,23,0.6838887556307061,1.430677976763767,0.10146202753045498,0.3645875308088291,-0.2814270561653025
2025-04-10 16:00:00,23,1.6164649556415007,0.6371173319929087,-0.18270354561496818,0.03343046300400321,0.6838887556307061
2025-04-10 20:00:00,23,-0.8657607794781743,-0.4571903043241585,-0.45723137074692577,-0.7493047267650157,1.6164649556415007
2025-04-11 00:00:00,23,-0.6776930157981216,0.4793950812322876,0.27347570985527186,-0.3300804029376616,-0.8657607794781743
2025-04-11 04:00:00,23,0.383899025028656,0.29797894823355103,0.2181131194954512,-0.0019234766309184081,-0.6776930157981216
2025-04-11 08:00:00,23,-0.5507399931719199,-0.23264130057977356,-0.09439384148231998,-0.18781756308124553,0.383899025028656
2025-04-11 12:00:00,23,0.29721387412003075,0.11391698835664686,0.18074122731645723,0.07886534369277332,-0.5507399931719199
2025-04-11 16:00:00,23,1.3917396297558806,-0.07463469288946463,-0.0688758345356437,-0.06505349435528363,0.29721387412003075
2025-04-11 20:00:00,23,-1.0491839956595257,-0.9796101188432051,-0.39107768275152593,-0.7389707230611258,1.3917396297558806
2025-04-12 00:00:00,23,0.052792809544298436,-0.3660794602248818,0.32747105802777765,-0.23092801475554037,-1.0491839956595257
2025-04-14 04:00:00,23,-0.21372175195506138,-0.38106278980534697,0.0030758014525327643,-0.25649169286243545,0.052792809544298436
2025-04-14 08:00:00,23,-0.8072076408806037,-0.7823995891933276,0.08153122732933478,-0.15300195404040018,-0.21372175195506138
2025-04-14 12:00:00,23,-0.10018922130578645,0.13234329354088784,0.2562390853374522,0.23786938762560972,-0.8072076408806037
2025-04-14 16:00:00,23,1.6205207333042377,0.5084651732962482,0.04811000263958612,0.28638366495522494,-0.10018922130578645
2025-04-14 20:00:00,23,-2.3331259519170633,-0.7336911606489082,-0.4584252933678945,-0.4983154398912122,1.6205207333042377
2025-04-15 00:00:00,23,0.6967477105648872,0.8237204811757488,0.7054324437493658,0.631446005511779,-2.3331259519170633
2025-04-15 04:00:00,23,-0.00905044535194044,0.1500597859913383,-0.18648891021199493,0.2940622907910946,0.6967477105648872
2025-04-15 08:00:00,23,-0.6153907005882271,-0.10777281052075656,0.02128095644742672,0.29844475639006784,-0.00905044535194044
2025-04-15 12:00:00,23,0.48726965789347076,0.7228042208485764,0.1997728282730717,0.5964332498157452,-0.6153907005882271
2025-04-15 16:00:00,23,1.1954917433290486,0.476137968488036,-0.12482364981601236,0.36048436220836155,0.48726965789347076
2025-04-15 20:00:00,23,-1.2794890295558439,-0.13977197048138057,-0.33330706256319387,-0.2184044366586697,1.1954917433290486
2025-04-16 00:00:00,23,-0.23886925704699102,0.3909366901750806,0.3952672767944223,0.40115807526681824,-1.2794890295558439
2025-04-16 04:00:00,23,0.03303551672478022,0.5155554043512603,0.08893404318534993,0.5168249028043572,-0.23886925704699102
2025-04-16 08:00:00,23,0.8682275030189714,-0.22374490429176885,0.008891869488769154,0.5008282297169249,0.03303551672478022
2025-04-16 12:00:00,23,-0.9606386786588548,-0.07722773811645726,-0.23696840397985466,0.08040945294948365,0.8682275030189714
2025-04-16 16:00:00,23,0.9509032038173437,0.14863993257710162,0.3014054632790241,0.5455761711113958,-0.9606386786588548
2025-04-16 20:00:00,23,1.8625458016470322,-0.4641464102133879,-0.26130612601390923,0.08512362798988082,0.9509032038173437
2025-04-17 00:00:00,23,-2.931455806625806,-1.8991800567475905,-0.5296716061504764,-0.8167704318953284,1.8625458016470322
2025-04-17 04:00:00,23,0.20355265316214677,0.015964746488136047,0.8815662478533198,0.6027181930146606,-2.931455806625806
2025-04-17 08:00:00,23,-0.1425353059846266,-0.1886695882221422,-0.04130424168513562,0.504152601447208,0.20355265316214677
2025-04-17 12:00:00,23,0.08411281028328155,0.29668512759625276,0.06057566338623732,0.5731719757239526,-0.1425353059846266
2025-04-17 16:00:00,23,0.9653372815360193,0.48562478183927027,-0.006144047484106206,0.5324423228543909,0.08411281028328155
2025-04-17 20:00:00,23,-0.44481342680523817,-0.014724286491892918,-0.2655551685734854,0.065000416602647,0.9653372815360193
2025-04-18 00:00:00,23,0.9348296418959627,-0.1670047200199956,0.1495590141225064,0.28039087145109853,-0.44481342680523817
2025-04-21 04:00:00,23,-1.5845689214287866,-1.0091450071734498,-0.25657445905055604,-0.17227842682066807,0.9348296418959627
2025-04-21 08:00:00,23,-0.8136431266286159,0.017672709233367598,0.4850754010060442,0.5950118575050025,-1.5845689214287866
2025-04-21 12:00:00,23,1.4629486730042185,0.5429567857229168,0.25813353632821207,0.9889994319978648,-0.8136431266286159
2025-04-21 16:00:00,23,1.497948661854096,-0.5796669790712574,-0.41203989878541936,0.2806008965456366,1.4629486730042185
2025-04-21 20:00:00,23,-1.462148884689265,-1.28923707360217,-0.42234304700911246,-0.4447455614821543,1.497948661854096
2025-04-22 00:00:00,23,-0.3438590292616386,-0.438918588348351,0.44903790998033905,0.263265695262735,-1.462148884689265
2025-04-22 04:00:00,23,0.9349681093652542,-0.5687456807315932,0.11984048689134758,0.4297713541596737,-0.3438590292616386
2025-04-22 08:00:00,23,-1.2714902644613275,-1.5026263442946912,-0.25661522051669217,-0.022964993731989125,0.9349681093652542
2025-04-22 12:00:00,23,1.0827260050203709,0.2561590774545898,0.3929126342621407,0.5927243040589616,-1.2714902644613275
2025-04-22 16:00:00,23,0.8156356343999072,-1.0541520114970584,-0.3001115629494117,0.0684396655026358,1.0827260050203709
2025-04-22 20:00:00,23,-1.0813224113603521,-1.4259049044949654,-0.22148663282651593,-0.3265127340815681,0.8156356343999072
2025-04-23 00:00:00,23,1.7632327950324012,-0.4453230117570096,0.33693182848860703,0.19709224721030516,-1.0813224113603521
2025-04-23 04:00:00,23,-1.5135905922318251,-1.306519467710288,-0.5004362646170823,-0.6567118217303207,1.7632327950324012
2025-04-23 08:00:00,23,-0.771934731281041,-0.7137760123648917,0.4641811015957478,0.07620887370969154,-1.5135905922318251
2025-04-23 12:00:00,23,0.3709364507131916,-0.015657403540359757,0.24585559586138367,0.4500001373370397,-0.771934731281041
2025-04-23 16:00:00,23,1.308075145453211,-0.01113887214471855,-0.09057797385145547,0.27038287305430675,0.3709364507131916
2025-04-23 20:00:00,23,-1.2261989302362224,-0.306596439713702,-0.36644888682457344,-0.3630217941085059,1.308075145453211
2025-04-24 00:00:00,23,0.027228268298282288,0.26878367802148107,0.37957996344982664,0.2307362388159513,-1.2261989302362224
2025-04-24 04:00:00,23,-0.020387229531410256,-0.032859300241753556,0.010601382642234798,0.2175515893874822,0.027228268298282288
2025-04-24 08:00:00,23,-0.3476000615979089,-0.25751467216202634,0.02461823087577285,0.22742362646471115,-0.020387229531410256
2025-04-24 12:00:00,23,-1.01430029534529,0.3562874658229399,0.12094175611847639,0.3957407924069729,-0.3476000615979089
2025-04-24 16:00:00,23,1.085264737667643,1.3902595979734205,0.3172021423298312,0.8868918881291767,-1.01430029534529
2025-04-24 20:00:00,23,0.2540854610909449,0.5853889823798584,-0.30085890429507234,0.3613779279141909,1.085264737667643
2025-04-25 00:00:00,23,-0.5731568784922363,0.08745494686110772,-0.05617987528842007,0.23834301094276622,0.2540854610909449
2025-04-25 04:00:00,23,0.8093903079439126,0.2363600557333046,0.1873402149092649,0.5158807679404109,-0.5731568784922363
2025-04-25 08:00:00,23,-1.4488156802257368,-0.021638253906616847,-0.21964816012135424,0.12395252101206289,0.8093903079439126
2025-04-25 12:00:00,23,1.4910621564143103,1.2719158569356876,0.44511293781895456,0.8255074866449394,-1.4488156802257368
2025-04-25 16:00:00,23,1.012096929873767,0.24805286344111444,-0.4203158267550229,0.10349565713689657,1.4910621564143103
2025-04-25 20:00:00,23,-0.9091275576408773,-0.6231395996272501,-0.2793200754646847,-0.3865885106049234,1.012096929873767
2025-04-26 00:00:00,23,0.42781618408483446,-0.2727550368298266,0.2862418380192215,0.05363515701666888,-0.9091275576408773
2025-04-28 04:00:00,23,-1.2661902505300482,-0.48566720297162425,-0.10732198843859804,-0.15352478224907706,0.42781618408483446
2025-04-28 08:00:00,23,-0.7824546666387935,0.27152699021991333,0.39135243864734126,0.4595981082740881,-1.2661902505300482
2025-04-28 12:00:00,23,1.4623385509356073,1.3402130050133767,0.24895240979922506,0.8384834035226421,-0.7824546666387935
2025-04-28 16:00:00,23,0.8173295180552138,-0.05369711600990139,-0.41186029363941745,0.13038030535254563,1.4623385509356073
2025-04-28 20:00:00,23,-1.0512030899266112,-0.3776905736210401,-0.22198527111035005,-0.26539231760845094,0.8173295180552138
2025-04-29 00:00:00,23,-0.8572881886335963,-0.4007182747705822,0.32806543043174097,0.2436280896746421,-1.0512030899266112
2025-04-29 04:00:00,23,0.6480389443005219,0.18248551761679244,0.2709815845089806,0.6587497603764705,-0.8572881886335963
2025-04-29 08:00:00,23,-0.7544853259492452,0.57494274560056,-0.1721502302550517,0.3449521217239937,0.6480389443005219
2025-04-29 12:00:00,23,0.3003142109441779,1.0676965747333715,0.24071891395214298,0.7102939206437577,-0.7544853259492452
2025-04-29 16:00:00,23,0.831275361604213,0.8271650309933315,-0.06978849853618305,0.5648738173044698,0.3003142109441779
2025-04-29 20:00:00,23,-1.3041363104285395,0.31363343465844606,-0.22609058936648072,0.1623482471430293,0.831275361604213
2025-04-30 00:00:00,23,1.1889326049067215,0.9327388492386794,0.40252283876707323,0.79384562595434,-1.3041363104285395
2025-04-30 04:00:00,23,-0.8129709557183791,-0.1602242932370358,-0.3313762112227886,0.2181329358175379,1.1889326049067215
2025-04-30 08:00:00,23,-0.5870206529843323,0.7275738260273015,0.2579356655074661,0.6117950273340167,-0.8129709557183791
2025-04-30 12:00:00,23,1.0054453939428267,1.4642531455671493,0.19142137402461756,0.8960459915188093,-0.5870206529843323
2025-04-30 16:00:00,23,1.7919122118339406,0.583210865255051,-0.27736202453770736,0.4091826738306752,1.0054453939428267
2025-04-30 20:00:00,23,-1.2635217937021732,-0.3096859490933921,-0.508878789657383,-0.4585087291188161,1.7919122118339406
2025-05-01 00:00:00,23,-1.3473596809580197,0.6346618596675226,0.39056690964777363,0.15332202385799132,-1.2635217937021732
2025-05-01 04:00:00,23,-0.2794611401797944,1.2220113010462452,0.4152467512003882,0.8057493046852864,-1.3473596809580197
2025-05-01 08:00:00,23,-0.12337411460178771,1.5917098250242407,0.10088330952340373,0.9410717982712296,-0.2794611401797944
2025-05-01 12:00:00,23,1.4858088936009217,1.9880595996613328,0.05493507316185986,1.000812815648925,-0.12337411460178771
2025-05-01 16:00:00,23,1.0055826173604867,0.5488287928970355,-0.4187693935359578,0.2813447552778463,1.4858088936009217
2025-05-01 20:00:00,23,-0.8418859289253167,0.08421688039042095,-0.27740241978520236,-0.20558500962740123,1.0055826173604867
2025-05-02 00:00:00,23,-0.7680275711096769,0.5840762168621745,0.2664475326429962,0.20207847855487593,-0.8418859289253167
2025-05-02 04:00:00,23,-0.10110448362698143,1.0315956961773325,0.24470542262698808,0.5739777916345075,-0.7680275711096769
2025-05-02 08:00:00,23,-0.10206967421338398,0.7692305499621324,0.04837943367852962,0.6229352632469114,-0.10110448362698143
2025-05-02 12:00:00,23,0.38037725459529703,1.1318429154570797,0.04866356238835501,0.6723601057318929,-0.10206967421338398
2025-05-02 16:00:00,23,0.9599635878018979,1.0868314845957592,-0.09335711764391098,0.4881713539000847,0.38037725459529703
2025-05-02 20:00:00,23,-0.7674226525054912,0.6680234576471022,-0.26397328341092546,0.023331532630176177,0.9599635878018979
2025-05-03 00:00:00,23,2.152101589161118,0.7129979002572194,0.2445273492547671,0.39493792808311223,-0.7674226525054912
2025-05-05 04:00:00,24,-2.3072961895886,-1.4695947053907872,-0.7384585415764939,-0.7120003886052579,2.152101589161118
2025-05-05 08:00:00,24,-0.7293952729200157,0.4251208505296058,0.7853534972921732,0.5107950011721112,-2.3072961895886
2025-05-05 12:00:00,24,0.23270612122732892,0.8551858784973502,0.24617208037098018,0.8973518641689813,-0.7293952729200157
2025-05-05 16:00:00,24,0.9774598160768626,0.7273866077114766,-0.08258569360474537,0.7740248403157981,0.23270612122732892
2025-05-05 20:00:00,24,-0.41439129310257705,-0.14491940385518573,-0.3370740129943252,0.2560014663836734,0.9774598160768626
2025-05-06 00:00:00,24,0.5872176470033299,0.10867306566729908,0.13853269035631877,0.47561599400964916,-0.41439129310257705
2025-05-06 04:00:00,24,-0.6642914089097172,-0.3744247742558634,-0.20372512939794085,0.1644088612662724,0.5872176470033299
2025-05-06 08:00:00,24,-0.3773410794547303,0.12910438904075497,0.22392556712461625,0.516462696378075,-0.6642914089097172
2025-05-06 12:00:00,24,-0.23102630343977815,0.7201162521007568,0.12587233476564208,0.7164417603634101,-0.3773410794547303
2025-05-06 16:00:00,24,1.3668113829152482,0.7447712434998289,0.07587540060148085,0.8388785329105186,-0.23102630343977815
2025-05-06 20:00:00,24,-0.6386688755783361,-0.09329447775070177,-0.4701185706536452,0.11451090934069796,1.3668113829152482
2025-05-07 00:00:00,24,0.6242114654497879,0.2904292895951903,0.2151701416851707,0.45298559680192696,-0.6386688755783361
2025-05-07 04:00:00,24,-1.1532778568703588,-0.10518879945645605,-0.2163662142953369,0.12217288812481897,0.6242114654497879
2025-05-07 08:00:00,24,-0.3980671248352614,0.6529724005654605,0.3910161639304843,0.7333743684015435,-1.1532778568703588
2025-05-07 12:00:00,24,-0.4331845308859723,0.8973976106092888,0.13295459094370532,0.9443375933515572,-0.3980671248352614
2025-05-07 16:00:00,24,2.0233289135153996,1.2937323805232332,0.1449544906541357,1.1739119538868152,-0.4331845308859723
2025-05-07 20:00:00,24,0.15093539468707462,-0.07894871966274851,-0.6944558840065984,0.10161040950164058,2.0233289135153996
2025-05-08 00:00:00,24,0.07748754682115333,-0.01574283173658637,-0.05464397956370457,0.021619333535580765,0.15093539468707462
2025-05-08 04:00:00,24,-0.7059501437384537,-0.5953191350440177,-0.029546260015020483,-0.019446661998767212,0.07748754682115333
2025-05-08 08:00:00,24,-1.158361609388649,0.3115017935615719,0.23816069141843155,0.35468500998651376,-0.7059501437384537
2025-05-08 12:00:00,24,-0.026978288159520858,1.1191770221462696,0.3927533229986694,0.9685807213594391,-1.158361609388649
2025-05-08 16:00:00,24,2.3452969226159226,1.3503299827908677,0.0061505548671562625,0.9828783770026144,-0.026978288159520858
2025-05-08 20:00:00,24,-0.673545703096444,-0.5073659806677459,-0.8044749387623527,-0.2600562221938345,2.3452969226159226
2025-05-09 00:00:00,24,0.010106298271196579,-0.19108486933598798,0.2270878337786846,0.09690210169502045,-0.673545703096444
2025-05-09 04:00:00,24,-0.944933403674936,-0.45299825460283555,-0.006521546179509402,0.0915460771891512,0.010106298271196579
2025-05-09 08:00:00,24,1.3229131433277495,0.3734182180735641,0.3198231908515709,0.5923314617766291,-0.944933403674936
2025-05-09 12:00:00,24,-1.4386783546273811,-0.6597884422546973,-0.4551181895960652,-0.1087714568848428,1.3229131433277495
2025-05-09 16:00:00,24,1.5345220211743094,0.3851089430172137,0.4885398063500203,0.6536834318065505,-1.4386783546273811
2025-05-09 20:00:00,24,-1.7109866433000906,-0.5830387416449584,-0.5274266427981213,-0.15956562632081805,1.5345220211743094
2025-05-10 00:00:00,24,1.4404146798484518,0.5047779000095057,0.5815897357688615,0.7472042061951587,-1.7109866433000906
2025-05-12 04:00:00,24,-1.2201750265963156,-0.30972208668532153,-0.49526940839718614,-0.016170880988764402,1.4404146798484518
2025-05-12 08:00:00,24,1.9135214092395554,0.20657861561494414,0.4138754641437149,0.6304840235597009,-1.2201750265963156
2025-05-12 12:00:00,24,-1.5206085728649583,-0.23801430506522334,-0.6569337778219899,-0.38362295066263563,1.9135214092395554
2025-05-12 16:00:00,24,1.6672596518597018,0.47467904656798976,0.5165360199850733,0.42225241156675875,-1.5206085728649583
2025-05-12 20:00:00,24,-0.5682303967333162,-0.7996784546312348,-0.5727841573515806,-0.461343472245356,1.6672596518597018
2025-05-13 00:00:00,24,-0.9356333964811476,-0.687239238742911,0.19110074770217178,-0.1601989930093568,-0.5682303967333162
2025-05-13 04:00:00,24,0.5014314076927704,-0.12893563728039356,0.3166453036958229,0.33565767632570687,-0.9356333964811476
2025-05-13 08:00:00,24,-0.5009126095847964,-0.6974847185184734,-0.17441128239069997,0.0699145886445276,0.5014314076927704
2025-05-13 12:00:00,24,-0.7413425928282358,-0.08404456848537183,0.16809771913725352,0.33538272942573055,-0.5009126095847964
2025-05-13 16:00:00,24,1.7294349551003059,0.6010878219324701,0.25025457554445746,0.7282713012729376,-0.7413425928282358
2025-05-13 20:00:00,24,-1.2871113219866785,-0.6902379866749199,-0.5940299578607484,-0.18827556408358692,1.7294349551003059
2025-05-14 00:00:00,24,-0.630995439522259,-0.01904088838162486,0.4367481339107303,0.4938535001247635,-1.2871113219866785
2025-05-14 04:00:00,24,-0.1212604090746261,0.5757077301813477,0.21254806695179326,0.828261504567374,-0.630995439522259
2025-05-14 08:00:00,24,0.6362573657903816,0.5919534768816027,0.03836751285756657,0.8925257589132407,-0.1212604090746261
2025-05-14 12:00:00,24,-0.20535246760272408,0.46132872126253577,-0.220482395194354,0.5553290968153872,0.6362573657903816
2025-05-14 16:00:00,24,0.8217263138493394,0.7181421813601332,0.06710244468378528,0.6641595329757273,-0.20535246760272408
2025-05-14 20:00:00,24,-0.6827340247065123,0.16064094009823232,-0.28385862443214704,0.22867008313058879,0.8217263138493394
2025-05-15 00:00:00,24,-0.930140086705558,0.6064346029014126,0.2302275570734172,0.5904979323778621,-0.6827340247065123
2025-05-15 04:00:00,24,0.4224489292825968,1.0630949363629716,0.3147681956232559,1.0834433179780856,-0.930140086705558
2025-05-15 08:00:00,24,0.8006054215250078,0.727916808203403,-0.14742233513090858,0.8595584931887501,0.4224489292825968
2025-05-15 12:00:00,24,0.060623754359530935,0.557974077519748,-0.2766414458819777,0.43526246093720733,0.8006054215250078
2025-05-15 16:00:00,24,0.8042714603788532,0.2838372941591856,-0.023783766680952487,0.40313375215836267,0.060623754359530935
2025-05-15 20:00:00,24,0.008632801430564996,-0.32086290575859705,-0.27789416080395,-0.02310516693599496,0.8042714603788532
2025-05-16 00:00:00,24,-0.7526430589603113,-0.6703548873640698,-0.0060180404739432845,-0.027680283835936237,0.008632801430564996
2025-05-16 04:00:00,24,-0.7574070564765822,-0.18867538860006006,0.2541160355870985,0.37119718443080707,-0.7526430589603113
2025-05-16 08:00:00,24,0.04223270597245232,0.35221677018488395,0.2557439318028224,0.7725994235640279,-0.7574070564765822
2025-05-16 12:00:00,24,-0.7342499147537342,0.4762151589567776,-0.017499397730240986,0.7502173997935353,0.04223270597245232
2025-05-16 16:00:00,24,2.2622372035142337,1.2473161946172588,0.24783095047803078,1.1393470723326216,-0.7342499147537342
2025-05-16 20:00:00,24,-1.4094111489595367,-0.2429661251764701,-0.776092765609885,-0.05956845291396018,2.2622372035142337
2025-05-17 00:00:00,24,2.252227734628592,0.3878686988831406,0.47853896709920773,0.6873757248752979,-1.4094111489595367
2025-05-19 04:00:00,24,-1.334984826074951,-1.0999187198401712,-0.7726724496956368,-0.5062350924353396,2.252227734628592
2025-05-19 08:00:00,24,0.24792457794146117,-0.26549139879941164,0.4531068947775375,0.20126544352240305,-1.334984826074951
2025-05-19 12:00:00,24,-1.2025940640659005,-0.2212096899889315,-0.08778596249856407,0.06987310980846662,0.24792457794146117
2025-05-19 16:00:00,24,1.4328250026838187,0.654787272694951,0.40786790803683254,0.7072106497172959,-1.2025940640659005
2025-05-19 20:00:00,24,-0.5303701639863423,-0.5275473968811777,-0.4926759547497663,-0.052142144061607,1.4328250026838187
2025-05-20 00:00:00,24,0.10793792847564632,-0.3120958486373181,0.17816360207925236,0.2289375865444594,-0.5303701639863423
2025-05-20 04:00:00,24,-0.04378955352946434,-0.4166364560897187,-0.03995140000373693,0.171733833546595,0.10793792847564632
2025-05-20 08:00:00,24,-0.3450735832212519,-0.2688914704579357,0.01189509927210013,0.19494093821649283,-0.04378955352946434
2025-05-20 12:00:00,24,-1.004450907966902,0.15662862467143154,0.11484627213022737,0.3778192303928174,-0.3450735832212519
2025-05-20 16:00:00,24,1.7859684189967222,0.9211835777421171,0.34016080011255573,0.9101470455480181,-1.004450907966902
2025-05-20 20:00:00,24,0.5493958619899306,-0.4354573725672765,-0.6133478965507702,-0.03636080155528809,1.7859684189967222
2025-05-21 00:00:00,24,-1.0844860781704302,-1.2695763733534045,-0.19080112167439595,-0.3275235617745711,0.5493958619899306
2025-05-21 04:00:00,24,0.06736426734657996,-0.4335130679060588,0.3675094606133538,0.24722041026006814,-1.0844860781704302
2025-05-21 08:00:00,24,-0.02047826991330126,-0.39330646704111527,-0.026087054108407694,0.2115194387424868,0.06736426734657996
2025-05-21 12:00:00,24,-0.8355347340456536,0.030577765969540222,0.0039294464242955246,0.22237228639750128,-0.02047826991330126
2025-05-21 16:00:00,24,1.8630764592754403,0.8767644717201459,0.2824407867494513,0.6651797704995124,-0.8355347340456536
2025-05-21 20:00:00,24,1.1120370901087977,-1.0000291354157957,-0.6396963332455616,-0.3221929454459671,1.8630764592754403
2025-05-22 00:00:00,24,-1.555616360010001,-1.643220626937748,-0.383060148455308,-0.9115380989561173,1.1120370901087977
2025-05-22 04:00:00,24,-0.4400077229222674,-0.787433664790379,0.528498462034978,-0.08710969576023153,-1.555616360010001
2025-05-22 08:00:00,24,-0.4753844795356432,-0.5006565000008272,0.1472860301767962,0.14608074484450118,-0.4400077229222674
2025-05-22 12:00:00,24,0.10065398227792954,0.2696507546339668,0.15937455205759213,0.39801976878557,-0.4753844795356432
2025-05-22 16:00:00,24,0.4563549572556109,0.2252107930059645,-0.0374624170833426,0.3446762812664703,0.10065398227792954
2025-05-22 20:00:00,24,-0.4245299523296122,-0.16361538635572054,-0.15900829722240478,0.10282231368647388,0.4563549572556109
2025-05-23 00:00:00,24,-0.46440834775583184,0.047783269064341626,0.14199715164787788,0.32781001612081795,-0.4245299523296122
2025-05-23 04:00:00,24,-0.29605376340882295,0.02203777406564435,0.1556239196681723,0.5739320307856159,-0.46440834775583184
2025-05-23 08:00:00,24,-0.09310028127770309,0.296325053611009,0.09809580597327133,0.7308313394465884,-0.29605376340882295
2025-05-23 12:00:00,24,2.3344537102588383,0.7712574400722566,0.028744971007294055,0.7801715998115357,-0.09310028127770309
2025-05-23 16:00:00,24,-0.426017655523804,-0.5779559619480527,-0.800769726007287,-0.4570164332784685,2.3344537102588383
2025-05-23 20:00:00,24,-0.762821065747854,-0.6629910564487198,0.1425055117785609,-0.23124029431160498,-0.426017655523804
2025-05-24 00:00:00,24,0.1953455801040036,-0.25983140374410957,0.25759394225612253,0.17303120174970132,-0.762821065747854
2025-05-26 04:00:00,24,-1.111704143046076,-0.33302156295892094,-0.06981929662314831,0.06950410547033226,0.1953455801040036
2025-05-26 08:00:00,24,-0.017984474066173206,0.4004546998142646,0.37681009199677923,0.6586728073679096,-1.111704143046076
2025-05-26 12:00:00,24,-1.014799289263987,0.5648903982656007,0.0030772963531709337,0.6682040206013564,-0.017984474066173206
2025-05-26 16:00:00,24,1.9091174333328382,1.0842814265703038,0.34369692511993793,1.206016156754803,-1.014799289263987
2025-05-26 20:00:00,24,0.16950077555986987,-0.3291850991811509,-0.6554289038819432,0.19424315311661733,1.9091174333328382
2025-05-27 04:00:00,24,-0.2249938686063917,-0.5278896575393429,-0.06098791932502346,0.10441300133395792,0.16950077555986987
2025-05-27 08:00:00,24,-0.6153830400016673,-0.1595424706136857,0.0738140691664138,0.22365277059354582,-0.2249938686063917
2025-05-27 12:00:00,24,0.7254865055234472,0.6707400308581252,0.2072131846368599,0.5497866877112223,-0.6153830400016673
2025-05-27 16:00:00,24,0.22081262112289224,-0.3449082849199398,-0.2509727089293313,0.16530135015343728,0.7254865055234472
2025-05-27 20:00:00,24,-1.5763964808514093,-0.18632197932679836,-0.07852158909050137,0.04827751232450517,0.22081262112289224
2025-05-28 00:00:00,24,1.349178044185809,0.6802558495228764,0.535599196232357,0.8837187348014819,-1.5763964808514093
2025-05-28 04:00:00,24,-0.6531002075842984,-0.3399091341571313,-0.46409311717887086,0.1686962336316542,1.349178044185809
2025-05-28 08:00:00,24,-0.20476954774749956,0.3641429679314037,0.22010144374402443,0.5148190792811835,-0.6531002075842984
2025-05-28 12:00:00,24,-0.5473096617230073,0.6500437003624426,0.06690325628724449,0.6233405860050718,-0.20476954774749956
2025-05-28 16:00:00,24,1.3503173269729611,0.9530774973633338,0.18395196451386697,0.9133977248134331,-0.5473096617230073
2025-05-28 20:00:00,24,-0.17777057285261755,0.17621897356349528,-0.46448241925795675,0.19777143911604078,1.3503173269729611
2025-05-29 00:00:00,24,0.26617652627069965,0.02942386601357407,0.05767748970997608,0.2919843268688789,-0.17777057285261755
2025-05-29 04:00:00,24,-0.6791593214768312,0.4406701303983538,-0.09402279984226035,0.1509190268612537,0.26617652627069965
2025-05-29 08:00:00,24,-1.0651736094288395,0.4159745870070633,0.22900605226782927,0.5108523943125611,-0.6791593214768312
2025-05-29 12:00:00,24,0.3453935101149259,1.3167140139745395,0.36091023492665997,1.0753613571407552,-1.0651736094288395
2025-05-29 16:00:00,24,1.3629025250838769,1.1418865272381424,-0.12109187949241453,0.8923135136374638,0.3453935101149259
2025-05-29 20:00:00,24,-0.07953151837270589,0.14291511611704547,-0.468782882536731,0.17001746343436785,1.3629025250838769
2025-05-30 00:00:00,24,0.8404796817543385,0.0995949950789262,0.024108415738392626,0.21216670047076214,-0.07953151837270589
2025-05-30 04:00:00,24,-1.909445554976605,-0.7200104802635748,-0.2902668008722813,-0.23326145248518948,0.8404796817543385
2025-05-30 08:00:00,24,0.5861862428897577,0.7606318125215003,0.6494047399101235,0.7786854454432452,-1.909445554976605
2025-05-30 12:00:00,24,0.9426809104921343,0.6823610791087324,-0.20337269032809843,0.46802492487769154,0.5861862428897577
2025-05-30 16:00:00,24,0.006843308744761245,-0.19249771422148848,-0.32518978161195583,-0.03156670821317942,0.9426809104921343
2025-05-30 20:00:00,24,-0.9271733971150553,0.10492350660390083,-0.005406556450004136,-0.03519344951396164,0.006843308744761245
2025-05-31 00:00:00,24,1.3447028659628195,0.5569090973138222,0.31375445396173907,0.4561796826536355,-0.9271733971150553
2025-06-02 04:00:00,25,-2.0954880342573485,-0.9067012813692268,-0.48025472300282357,-0.5191169711534869,1.3447028659628195
2025-06-02 08:00:00,25,0.9437841151978965,0.940564785888493,0.7612122412275405,0.7550104820997472,-2.0954880342573485
2025-06-02 12:00:00,25,-1.0451920956217027,0.28334450675026956,-0.3355745587760927,0.18115788477669703,0.9437841151978965
2025-06-02 16:00:00,25,1.2465342764420289,1.032257144589357,0.38219033567048916,0.8166699569927776,-1.0451920956217027
2025-06-02 20:00:00,25,0.04682942963123082,0.1048852007976651,-0.444828473602724,0.05873504299131227,1.2465342764420289
2025-06-03 00:00:00,25,-0.25727858074132826,-0.2218405463475683,-0.011889146297563106,0.030261169154810474,0.04682942963123082
2025-06-03 04:00:00,25,-0.2339006732687281,-0.03895640353188948,0.09785477762572699,0.18669523009791256,-0.25727858074132826
2025-06-03 08:00:00,25,-1.006457545325313,0.12627927690905827,0.08941835631602298,0.32891473422966566,-0.2339006732687281
2025-06-03 12:00:00,25,-0.48209869676812467,1.2034480046383227,0.36821213912209133,0.94087489246904,-1.006457545325313
2025-06-03 16:00:00,25,2.367231916574351,1.5690198474091737,0.17898595756223654,1.234007172247276,-0.48209869676812467
2025-06-03 20:00:00,25,-0.6859094032161739,-0.5492387481501271,-0.8492563491099131,-0.2053497335503689,2.367231916574351
2025-06-04 00:00:00,25,-0.36922212126503773,0.04826654648371487,0.25253543965507974,0.21170633491436774,-0.6859094032161739
2025-06-04 04:00:00,25,-1.0328048470041082,0.17497378628184548,0.13825201471227186,0.4362058468950716,-0.36922212126503773
2025-06-04 08:00:00,25,-0.7524886473839967,1.0985608130340492,0.3777201302712866,1.0641860538482977,-1.0328048470041082
2025-06-04 12:00:00,25,1.5973030570597953,1.8829544589406224,0.2765619935688435,1.5217245499977796,-0.7524886473839967
2025-06-04 16:00:00,25,0.35635281132584495,0.6111873668455978,-0.5714109412188251,0.5505103779796254,1.5973030570597953
2025-06-04 20:00:00,25,-1.0021192977705198,0.4337525907225107,-0.12358732357200927,0.33383584081618967,0.35635281132584495
2025-06-05 00:00:00,25,0.3245011916684355,1.1168869475835195,0.3666465890761377,0.9431581981145865,-1.0021192977705198
2025-06-05 04:00:00,25,-0.08259003988816715,0.6431524873372375,-0.11209298075534359,0.7458505207817154,0.3245011916684355
2025-06-05 08:00:00,25,-0.18483424541921067,0.7166186861968804,0.034814656077551735,0.7960680526723642,-0.08259003988816715
2025-06-05 12:00:00,25,0.3906853307690259,1.0760172585262604,0.071711679275493,0.9084535125461191,-0.18483424541921067
2025-06-05 16:00:00,25,1.8087631386156406,0.7848180643064997,-0.13597695249776975,0.6709036447452501,0.3906853307690259
2025-06-05 20:00:00,25,-0.12776378826537815,-0.6968546023827792,-0.6477208650338784,-0.4288853942121742,1.8087631386156406
2025-06-06 00:00:00,25,0.047785569869366995,-0.6668608550509162,0.05111657590914402,-0.3512006985712164,-0.12776378826537815
2025-06-06 04:00:00,25,-1.7234417293859607,-0.8990469431653259,-0.012234190091133235,-0.38025593794484003,0.047785569869366995
2025-06-06 08:00:00,25,-0.053634713293549297,0.577007881643911,0.6269513208140116,0.6676548043711446,-1.7234417293859607
2025-06-06 12:00:00,25,-0.3603463800782585,0.6568868053024923,0.024365502978687833,0.7002665203711818,-0.053634713293549297
2025-06-06 16:00:00,25,1.7629346941360442,1.204518903213865,0.13504901238302902,0.9193692821299013,-0.3603463800782585
2025-06-06 20:00:00,25,-0.7146199575731664,-0.2698484867104409,-0.6311826840161205,-0.15255451574918943,1.7629346941360442
2025-06-07 00:00:00,25,1.450060467660217,0.10750675619038333,0.26289626142129785,0.2819585388239547,-0.7146199575731664
2025-06-09 04:00:00,25,-2.8634244850860124,-1.219494289056137,-0.5182752822483844,-0.5997271690010919,1.450060467660217
2025-06-09 08:00:00,25,0.03092702780514145,1.2408316326392124,1.0383386455416406,1.1413315663013943,-2.8634244850860124
2025-06-09 12:00:00,25,1.815565281837502,1.2385776823320105,-0.006150422171020276,1.1225268895245009,0.03092702780514145
2025-06-09 16:00:00,25,0.2705387084501272,-0.3666511873433357,-0.6501755648865418,0.018601917897337117,1.815565281837502
2025-06-09 20:00:00,25,-0.8444534837150606,-0.536498904821993,-0.09261945670786187,-0.145894748258117,0.2705387084501272
2025-06-10 00:00:00,25,1.4054149489122878,0.19054075239978513,0.30974948504455235,0.36756147244419335,-0.8444534837150606
2025-06-10 04:00:00,25,-2.525750633857884,-1.1110251443532246,-0.5021639854529262,-0.4869782530743363,1.4054149489122878
2025-06-10 08:00:00,25,0.44806001137371254,1.211386408089449,0.9164817651698763,1.0487633832698702,-2.525750633857884
2025-06-10 12:00:00,25,-0.06145347046626348,1.0915459747404306,-0.15668184144722558,0.7763277731097169,0.44806001137371254
2025-06-10 16:00:00,25,1.6871848195902999,0.9551082294004821,0.027187069866340098,0.8136935573750996,-0.06145347046626348
2025-06-10 20:00:00,25,-0.4450305957662746,-0.5883936328533266,-0.6038467106586195,-0.2121717600157318,1.6871848195902999
2025-06-11 00:00:00,25,-0.5832147474517697,-0.09877956377655077,0.1656091351255496,0.05842186320407805,-0.4450305957662746
2025-06-11 04:00:00,25,-1.0781876707502214,0.2688686461668342,0.215475861790852,0.41303611473990554,-0.5832147474517697
2025-06-11 08:00:00,25,-0.007368320946211426,1.1401963465171374,0.39409749945178263,1.0686106103245958,-1.0781876707502214
2025-06-11 12:00:00,25,0.9794558434870595,1.2028414032464485,0.007669279042491585,1.073090798160779,-0.007368320946211426
2025-06-11 16:00:00,25,0.16828661955903534,0.8848721493895441,-0.34844747005120924,0.4775485860199957,0.9794558434870595
2025-06-11 20:00:00,25,0.11723737327395689,0.5248298396008518,-0.05571958862969419,0.37522464119664,0.16828661955903534
2025-06-12 00:00:00,25,-0.5099726466461849,0.43340992649621857,-0.03729736886051553,0.3039403611656235,0.11723737327395689
2025-06-12 04:00:00,25,0.08714634429644086,0.7203211962546671,0.18904487258756553,0.6140209432913988,-0.5099726466461849
2025-06-12 08:00:00,25,-0.6292330953783178,0.5382924366085556,-0.026438373101619148,0.5610330245328434,0.08714634429644086
2025-06-12 12:00:00,25,1.165839037847217,1.2652077654023368,0.23208257355664735,0.94362798485251,-0.6292330953783178
2025-06-12 16:00:00,25,0.4587133532813521,0.4813228148552403,-0.41570785913922587,0.23475849960063222,1.165839037847217
2025-06-12 20:00:00,25,0.7456610674364264,-0.12685293513269483,-0.1605263292737991,-0.04415470201865368,0.4587133532813521
2025-06-13 00:00:00,25,0.6857525016091497,-1.0326291133753986,-0.264077590793078,-0.49754179911060614,0.7456610674364264
2025-06-13 04:00:00,25,-1.0995280034573458,-1.3554057245460103,-0.2424582947987121,-0.9145024661024159,0.6857525016091497
2025-06-13 08:00:00,25,0.12992568432008866,-0.3401294641098357,0.40179861803211614,-0.2459523279374798,-1.0995280034573458
2025-06-13 12:00:00,25,-1.8781613648947584,-0.4886378111066525,-0.04187621911985541,-0.32495152934957794,0.12992568432008866
2025-06-13 16:00:00,25,2.1660336363881196,1.1849008828275882,0.6827852328767527,0.8170339735645786,-1.8781613648947584
2025-06-13 20:00:00,25,-0.7977905060932571,-0.6510901269552372,-0.7766496172872154,-0.49998758689025014,2.1660336363881196
2025-06-14 00:00:00,25,-0.8647006770892336,0.06412946898539161,0.29291014477236504,-0.014904031584500821,-0.7977905060932571
2025-06-16 04:00:00,25,-0.036254371693596354,0.7019022855750924,0.31705612075794,0.5108631660871925,-0.8647006770892336
2025-06-16 08:00:00,25,0.13818861587263598,0.5150080699631858,0.018093432460159525,0.5329070477606219,-0.036254371693596354
2025-06-16 12:00:00,25,-0.7387293174635285,0.5151871019627674,-0.044858075896910335,0.44888370506814557,0.13818861587263598
2025-06-16 16:00:00,25,1.0121767188563773,1.1216979974350556,0.27159664308637044,0.898056064211147,-0.7387293174635285
2025-06-16 20:00:00,25,-0.4588930337918278,0.26561824640848886,-0.3602555025092648,0.28261845542721264,1.0121767188563773
2025-06-17 00:00:00,25,2.1514356808251094,0.6260088858918336,0.17061169438797708,0.5616409088615733,-0.4588930337918278
2025-06-17 04:00:00,25,-1.538669726269859,-1.2924447870625424,-0.7713816306834429,-0.7465046018902113,2.1514356808251094
2025-06-17 08:00:00,25,-0.7735788732916529,0.04517488708228492,0.5602723647803131,0.18905852597315675,-1.538669726269859
2025-06-17 12:00:00,25,0.13177355207421648,0.7430496553395971,0.28417285572502055,0.6594205913270219,-0.7735788732916529
2025-06-17 16:00:00,25,1.2429434016506526,0.7181215043165445,-0.04254306198920589,0.5792978239498492,0.13177355207421648
2025-06-17 20:00:00,25,-0.2277000708858523,-0.1453450958983588,-0.44353262911168256,-0.17645371697666246,1.2429434016506526
2025-06-18 00:00:00,25,-0.3521161142148692,0.04152865237403641,0.08718073542813105,-0.03800438838090603,-0.2277000708858523
2025-06-18 04:00:00,25,-1.1594755277206996,0.31015538640890983,0.13207894372329948,0.176094093938997,-0.3521161142148692
2025-06-18 08:00:00,25,0.528083401993479,1.1688061276402366,0.42343197301703545,0.8810943502481638,-1.1594755277206996
2025-06-18 12:00:00,25,0.5087306810308849,0.6721264553418096,-0.18556000510197626,0.560001817583947,0.528083401993479
2025-06-18 16:00:00,25,0.8543590036576223,0.29623441429893427,-0.17857615901904772,0.2506763924719939,0.5087306810308849
2025-06-18 20:00:00,25,0.6721059082557961,-0.27376752116578007,-0.3033035816792226,-0.268802718693653,0.8543590036576223
2025-06-19 00:00:00,25,-0.9449900416927743,-0.7089365458514032,-0.23753362773404718,-0.6774657963169535,0.6721059082557961
2025-06-19 04:00:00,25,-0.8586361592095191,-0.11604345763878748,0.34603026685197313,-0.10287995498171654,-0.9449900416927743
2025-06-19 08:00:00,25,-0.7421189883641564,0.5692658362517655,0.3148676088933315,0.41919981112512605,-0.8586361592095191
2025-06-19 12:00:00,25,-0.45972917735873864,1.3366458345916745,0.272819878820897,0.8704332045863286,-0.7421189883641564
2025-06-19 16:00:00,25,1.432215782481757,1.9394816450292607,0.1709134347988383,1.1499640615314917,-0.45972917735873864
2025-06-19 20:00:00,25,0.04730719287106311,0.6472126974194601,-0.511835643350807,0.2791285246016457,1.432215782481757
2025-06-20 04:00:00,25,-1.0850271951710209,0.8951736501491524,-0.012061557450367879,0.25036415458951655,0.04730719287106311
2025-06-20 08:00:00,25,1.44308433247034,1.247561632927211,0.396565689115015,0.910097311874619,-1.0850271951710209
2025-06-20 12:00:00,25,-1.8944804944104288,0.07301348294641309,-0.5157577936474805,0.032653329708567824,1.44308433247034
2025-06-20 16:00:00,25,2.550457886810019,1.6842489925826065,0.6886743421635092,1.1845614141832908,-1.8944804944104288
2025-06-20 20:00:00,25,-0.6472441421863184,-0.5225895105735145,-0.9153773858878664,-0.3662030658928499,2.550457886810019
2025-06-21 00:00:00,25,2.814471321236889,0.020191155751598647,0.23858224763052172,0.02734321880793278,-0.6472441421863184
2025-06-23 04:00:00,25,-3.466324396684362,-2.5515483099924063,-1.0106523187216756,-1.683950340571763,2.814471321236889
2025-06-23 08:00:00,25,-0.38507579860056396,0.4288121180928281,1.2559080609304365,0.4236918904955411,-3.466324396684362
2025-06-23 12:00:00,25,0.6681602997695073,0.877426518933441,0.1439731555572069,0.6578309734010066,-0.38507579860056396
2025-06-23 16:00:00,25,1.7564974951653571,0.4159541529544013,-0.23610976995068958,0.2515669589123952,0.6681602997695073
2025-06-23 20:00:00,25,-0.6827722010837487,-0.7380117683977717,-0.6288596821548651,-0.8164428047195313,1.7564974951653571
2025-06-24 00:00:00,25,0.9763294485730434,-0.44346690825454593,0.25140331271198785,-0.40129426104042043,-0.6827722010837487
2025-06-24 04:00:00,25,-1.870624135103057,-1.5630482452994494,-0.34731924312559287,-0.9949355195491449,0.9763294485730434
2025-06-24 08:00:00,25,-0.33644387613403026,-0.16121441875401538,0.680065261206689,0.14246709324963636,-1.870624135103057
2025-06-24 12:00:00,25,-0.650194452724211,0.3077453867214107,0.12642327914036325,0.3470363258356972,-0.33644387613403026
2025-06-24 16:00:00,25,1.2194277549448493,0.7666809418828232,0.23964693071737594,0.7423764989245303,-0.650194452724211
2025-06-24 20:00:00,25,-0.11347233069066931,-0.2593171815575125,-0.43504650163372804,0.0009232649122301595,1.2194277549448493
2025-06-25 00:00:00,25,0.018040376835852356,-0.27834834316262963,0.04595919570429395,0.06991827197217315,-0.11347233069066931
2025-06-25 04:00:00,25,-0.5277795166012478,-0.5166345321050663,-0.001499996679540796,0.05894911394415292,0.018040376835852356
2025-06-25 08:00:00,25,-0.4978782352856719,-0.03532367289385144,0.19547086504750197,0.3798568740329351,-0.5277795166012478
2025-06-25 12:00:00,25,0.5361280971444025,0.48032897063412944,0.18468034381826717,0.6825836458322154,-0.4978782352856719
2025-06-25 16:00:00,25,0.6213446815168524,0.03316432320528487,-0.1884631065742046,0.3565996669858791,0.5361280971444025
2025-06-25 20:00:00,25,-0.5093844383371593,-0.42943495416486965,-0.2192153460200375,-0.021198871450577528,0.6213446815168524
2025-06-26 00:00:00,25,-0.9066040403100271,-0.0041688496014501706,0.18883260495332047,0.2885240601696788,-0.5093844383371593
2025-06-26 04:00:00,25,-0.3886380845854749,0.6707697138074742,0.3321778516843928,0.8397699170321786,-0.9066040403100271
2025-06-26 08:00:00,25,1.1259764586107064,0.9450698466976755,0.14525868316183044,1.0760749900533177,-0.3886380845854749
2025-06-26 12:00:00,25,-1.0207067630014812,0.036605107518611596,-0.4013225890578545,0.391443298447788,1.1259764586107064
2025-06-26 16:00:00,25,1.4952395412815207,1.1211574072070267,0.3733542761499981,1.0120674619841523,-1.0207067630014812
2025-06-26 20:00:00,25,-0.47665647337337447,-0.2492051530242004,-0.5345791238089764,0.10291135248064887,1.4952395412815207
2025-06-27 00:00:00,25,0.8004630381298394,0.1349744472361483,0.17702201406244075,0.392734576745025,-0.47665647337337447
2025-06-27 04:00:00,25,-2.6803784213559183,-0.6855551989728543,-0.2838540619726974,-0.0939739682441969,0.8004630381298394
2025-06-27 08:00:00,25,1.771882038697008,1.5909007818243384,0.9722825319001636,1.5357865820075176,-2.6803784213559183
2025-06-27 12:00:00,25,-0.24529156804890562,0.11001225949984936,-0.6344115259647787,0.4584224966381285,1.771882038697008
2025-06-27 16:00:00,25,0.31937069905224114,0.4311940152347492,0.09352900597843254,0.6075680492699327,-0.24529156804890562
2025-06-27 20:00:00,25,-0.222065093815214,0.20621227626244173,-0.11024153201951166,0.41337988461579744,0.31937069905224114
2025-06-28 00:00:00,25,0.6716777275050649,0.5099345431038986,0.08514723261381184,0.5484029569567923,-0.222065093815214
2025-06-30 04:00:00,26,-1.56116147628477,-0.3483224405033087,-0.26863416750537455,-0.13463066173240712,0.6716777275050649
2025-06-30 08:00:00,26,0.5411299538668057,0.9360809739892167,0.6261153475194325,1.1009520361179188,-1.56116147628477
2025-06-30 12:00:00,26,-0.707770977272002,0.48458354558613465,-0.21632070178328344,0.672674232416588,0.5411299538668057
2025-06-30 16:00:00,26,2.0017465616706644,1.0464149856173663,0.2841423412131875,1.232840228594668,-0.707770977272002
2025-06-30 20:00:00,26,-1.1588973932919089,-0.36082367331935633,-0.801623037594784,-0.3514439435767027,2.0017465616706644
2025-07-01 00:00:00,26,0.0661212109764584,0.5792230988985394,0.4649189691331817,0.5657664728262013,-1.1588973932919089
2025-07-01 04:00:00,26,-1.1335123222263004,0.36011681244140625,-0.025973881639540668,0.5134347790940144,0.0661212109764584
2025-07-01 08:00:00,26,0.9036621596368217,1.243767359467223,0.4547465930900381,1.4105541574660485,-1.1335123222263004
2025-07-01 12:00:00,26,-0.4831251746378875,0.6022652213741636,-0.36159561219466796,0.6953499033830788,0.9036621596368217
2025-07-01 16:00:00,26,2.2050402313620676,1.033834256929619,0.19412165247838348,1.0777197707840376,-0.4831251746378875
2025-07-01 20:00:00,26,-1.3476542005578658,-0.6274661477608631,-0.8830874404300888,-0.6674613647501282,2.2050402313620676
2025-07-02 00:00:00,26,-0.04672994883773107,0.3879081085785127,0.5405581201621433,0.3991408017709688,-1.3476542005578658
2025-07-02 04:00:00,26,-0.7897122804502033,0.05223612853229366,0.019248147937129697,0.4361252631046799,-0.04672994883773107
2025-07-02 08:00:00,26,0.4861651541235066,0.9285446463231989,0.31697808735861266,1.0611437796557546,-0.7897122804502033
2025-07-02 12:00:00,26,-0.15274504484962925,0.4676101074864219,-0.19429505487137014,0.6763679176723603,0.4861651541235066
2025-07-02 16:00:00,26,1.4091919155007844,1.2168171943615511,0.061730811077830544,0.7972581250375264,-0.15274504484962925
2025-07-02 20:00:00,26,-0.7861072893442493,-0.24060015263983775,-0.5641728972594211,-0.3180481230303851,1.4091919155007844
2025-07-03 00:00:00,26,-0.3737076074071126,0.22968717203055708,0.3155334853298386,0.304117219967484,-0.7861072893442493
2025-07-03 04:00:00,26,0.1454776332612795,0.3713662018780157,0.15027554163942985,0.5998884523361756,-0.3737076074071126
2025-07-03 08:00:00,26,-0.20069647033900573,0.286469263578184,-0.05777380714825217,0.48475004461065474,0.1454776332612795
2025-07-03 12:00:00,26,1.3292773869251775,0.4049583244625839,0.0809460392181038,0.6435914521379775,-0.20069647033900573
2025-07-03 16:00:00,26,0.16917770907620877,-0.27284161096858356,-0.5321493258508323,-0.40846636819530424,1.3292773869251775
2025-07-03 20:00:00,26,-1.4898478404110733,-0.36940680990173985,-0.06727096722384851,-0.5423622228982854,0.16917770907620877
2025-07-04 04:00:00,26,-0.45716877652620624,0.6212074613628282,0.5975383496754572,0.6367792317207304,-1.4898478404110733
2025-07-04 08:00:00,26,0.40138308380333676,0.7977331964793087,0.18372033267765697,0.9986058837704928,-0.45716877652620624
2025-07-04 12:00:00,26,-0.9396693727788641,0.6333526971027896,-0.16032094864239727,0.6809308699484475,0.40138308380333676
2025-07-04 16:00:00,26,1.5388682094564246,1.2600659756033354,0.3770693090676653,1.424633066257094,-0.9396693727788641
2025-07-04 20:00:00,26,1.9811872779171598,-0.038854665036724634,-0.6161371412274091,0.20669439510746201,1.5388682094564246
2025-07-07 04:00:00,26,-2.243888964685894,-1.564459025314335,-0.7933844644201089,-1.361318112875475,1.9811872779171598
2025-07-07 08:00:00,26,-0.49482069675522133,0.19005710114646432,0.899699799146836,0.4146098886667815,-2.243888964685894
2025-07-07 12:00:00,26,-1.031277234806721,0.5745160375225082,0.1988083145204529,0.8062361878911108,-0.49482069675522133
2025-07-07 16:00:00,26,2.1232956085686006,1.6175886157399382,0.4137786654703843,1.6224415115367474,-1.031277234806721
2025-07-07 20:00:00,26,-0.13561733013124133,0.06925362348352525,-0.8503305085936192,-0.05804276649727491,2.1232956085686006
2025-07-08 00:00:00,26,-0.8798715523179563,0.24321215732410348,0.0548673457589892,0.049291695173909744,-0.13561733013124133
2025-07-08 04:00:00,26,0.11187355090035744,0.741639845200873,0.35310696069697906,0.74566685103669,-0.8798715523179563
2025-07-08 08:00:00,26,-1.1496130112750844,0.5292283398306317,-0.044307886116296505,0.6571244254520447,0.11187355090035744
2025-07-08 12:00:00,26,1.0745630418792071,1.4478529807327298,0.46119850583570876,1.5669867090996359,-1.1496130112750844
2025-07-08 16:00:00,26,1.0570136517738078,0.6377718158547937,-0.4300794874527445,0.7165227933136578,1.0745630418792071
2025-07-08 20:00:00,26,-0.6238517950124365,-0.09335137727922183,-0.42304704720396374,-0.12005164140232871,1.0570136517738078
2025-07-09 00:00:00,26,-0.6632918727595651,0.23277120659120085,0.2505140138797285,0.37369644017000425,-0.6238517950124365
2025-07-09 04:00:00,26,-0.12243397703596948,0.6916158620220854,0.2663185511598369,0.8986594078425192,-0.6632918727595651
2025-07-09 08:00:00,26,0.3854754543818686,0.7112176543571059,0.04958447596327169,0.9955598924833886,-0.12243397703596948
2025-07-09 12:00:00,26,0.02192561063689169,0.5331642888446599,-0.15394639928573312,0.6904749867158628,0.3854754543818686
2025-07-09 16:00:00,26,0.6462484415356844,0.4544313455605272,-0.00826369816419733,0.6731219418487697,0.02192561063689169
2025-07-09 20:00:00,26,1.527821068174994,0.24568547059927856,-0.2584440735434307,0.16164801362036307,0.6462484415356844
2025-07-10 00:00:00,26,-1.127034735464294,-1.3237839626526167,-0.6117103001511716,-1.0475473873196233,1.527821068174994
2025-07-10 04:00:00,26,-1.6008937779144397,-0.46839256416722663,0.45215087656732617,-0.15555470099613267,-1.127034735464294
2025-07-10 08:00:00,26,0.21558902852750883,0.8947303579369952,0.642036985563778,1.111474163817153,-1.6008937779144397
2025-07-10 12:00:00,26,-0.5048245435295531,0.6428154527704939,-0.08586903980347202,0.9408460273037704,0.21558902852750883
2025-07-10 16:00:00,26,2.7439574751235583,1.1612659118026443,0.2028170837298627,1.3403898803328005,-0.5048245435295531
2025-07-10 20:00:00,26,-0.37035719021322144,-1.067354029927929,-1.0990438521930406,-0.8313178074383121,2.7439574751235583
2025-07-11 00:00:00,26,1.6301567568857287,-0.7884747840394921,0.1489329531743596,-0.5381982658640965,-0.37035719021322144
2025-07-11 04:00:00,26,-2.598256682826163,-1.9598029639309604,-0.6527185409990772,-1.8283873425156383,1.6301567568857287
2025-07-11 08:00:00,26,0.5833308926531853,-0.08605879431723241,1.0417030134438103,0.22800531810391433,-2.598256682826163
2025-07-11 12:00:00,26,0.0007901228951290307,-0.37472777429277926,-0.2332315789519641,-0.23367245772687184,0.5833308926531853
2025-07-11 16:00:00,26,0.2682666859123888,-0.3267011570841885,0.00020577306985167698,-0.23429780122479116,0.0007901228951290307
2025-07-11 20:00:00,26,-1.0121380351117146,-0.4364245541397585,-0.10697817668971271,-0.44661771851599497,0.2682666859123888
2025-07-12 00:00:00,26,0.9326055595160909,0.22721183766710665,0.4061091523160095,0.3544398677859508,-1.0121380351117146
2025-07-14 04:00:00,26,0.5654428015168218,-0.45243282226172044,-0.37319389162347305,-0.38367166696659716,0.9326055595160909
2025-07-14 08:00:00,26,-0.29771773537166446,-1.3986981745434564,-0.22606341348719863,-0.831191896482407,0.5654428015168218
2025-07-14 12:00:00,26,-1.3216677321600798,-0.8155703600147465,0.11982466947850101,-0.5955629187908578,-0.29771773537166446
2025-07-14 16:00:00,26,1.539610023184844,0.1679118704094004,0.5301447505130161,0.4504722332232287,-1.3216677321600798
2025-07-14 20:00:00,26,-0.8901335125758774,-0.9213404553691962,-0.6164344028809199,-0.76805354708954,1.539610023184844
2025-07-15 00:00:00,26,-0.19060996429688082,-0.40934998486251484,0.3572191618570062,-0.06355655326616017,-0.8901335125758774
2025-07-15 04:00:00,26,0.9470481658931682,-0.27583125539947767,0.07690414655777791,0.08730187970232883,-0.19060996429688082
2025-07-15 08:00:00,26,-1.2019314929359144,-0.7965176478406268,-0.3789813728848422,-0.6622402692579463,0.9470481658931682
2025-07-15 12:00:00,26,1.4310645316494917,-0.03346604302173935,0.4821637128301969,0.2890295252076527,-1.2019314929359144
2025-07-15 16:00:00,26,0.683959850560468,-1.2342214954493742,-0.572937752631972,-0.8435878251905429,1.4310645316494917
2025-07-15 20:00:00,26,-1.4294571362398365,-1.5381902564171674,-0.273555893901366,-1.3849084830560816,0.683959850560468
2025-07-16 00:00:00,26,0.567811712809009,-0.3427615872159932,0.5733384193009335,-0.25356330724516774,-1.4294571362398365
2025-07-16 04:00:00,26,-1.106338604252164,-0.9987489692431052,-0.22701269018666884,-0.7029584137995375,0.567811712809009
2025-07-16 08:00:00,26,0.14225739323882003,-0.20412365446585662,0.4438574654996987,0.17265430028751183,-1.106338604252164
2025-07-16 12:00:00,26,-0.13794046838180307,-0.21822272743686236,-0.056483383640160506,0.06006455451344195,0.14225739323882003
2025-07-16 16:00:00,26,0.9449599825229811,0.07544123505614385,0.05579828015833942,0.16923766610695168,-0.13794046838180307
2025-07-16 20:00:00,26,-0.06159529955192511,-0.08433869014193668,-0.37814459025643504,-0.5786517881889122,0.9449599825229811
2025-07-17 00:00:00,26,-0.28151293034748726,-0.4910259112394529,0.025205032481087533,-0.5299021312499121,-0.06159529955192511
2025-07-17 04:00:00,26,-0.3925206330970248,-0.48482589410524346,0.11333103509056823,-0.3070984615191765,-0.28151293034748726
2025-07-17 08:00:00,26,0.27885887779902063,-0.38623991066972563,0.1578143494423506,0.003562357474459432,-0.3925206330970248
2025-07-17 12:00:00,26,0.08671700627705725,-0.4194374385675414,-0.11122270918337704,-0.21714075990606396,0.27885887779902063
2025-07-17 16:00:00,26,0.292851986129282,-0.5760967829834235,-0.034227085822574874,-0.2857730149244837,0.08671700627705725
2025-07-17 20:00:00,26,0.0005688501195209028,-0.5923444204586094,-0.11683006634144734,-0.5175509908668285,0.292851986129282
2025-07-18 00:00:00,26,0.3994550434768307,-0.7807477053081862,0.00029444210984682056,-0.518001207821337,0.0005688501195209028
2025-07-18 04:00:00,26,-1.352693848324762,-1.247153979856349,-0.15954833897835988,-0.8341502723393699,0.3994550434768307
2025-07-18 08:00:00,26,0.8233234902153015,-0.20697658635954497,0.5425776217848632,0.23644052807939175,-1.352693848324762
2025-07-18 12:00:00,26,-0.37858467630260506,-0.8400830957966972,-0.3294020778906145,-0.4151796116032038,0.8233234902153015
2025-07-18 16:00:00,26,0.8905157799903289,-0.43738448721321377,0.15222989420614302,-0.11554841853535791,-0.37858467630260506
2025-07-18 20:00:00,26,-0.5543582641879006,-0.9713371566635364,-0.3563275585018331,-0.8203479582583277,0.8905157799903289
2025-07-19 00:00:00,26,0.14832389880549357,-0.6757719029024033,0.2226663735762633,-0.38160059608861907,-0.5543582641879006
2025-07-21 04:00:00,26,-0.5696633495626919,-0.8983397986694567,-0.0589143705667889,-0.49899168331804944,0.14832389880549357
2025-07-21 08:00:00,26,-0.13142100363955578,-0.6088810943274657,0.22879946981233099,-0.048131097138215395,-0.5696633495626919
2025-07-21 12:00:00,26,-0.40395365999754773,-0.23283004420885547,0.05318578217530233,0.055882178040462804,-0.13142100363955578
2025-07-21 16:00:00,26,0.5657304103465659,0.009681818150320227,0.16239582367352023,0.37559167677475,-0.40395365999754773
2025-07-21 20:00:00,26,0.44079864350446485,-0.24255697979062232,-0.22617866489468627,-0.07215618101602139,0.5657304103465659
2025-07-22 00:00:00,26,-0.47130504945703855,-0.6899195677208197,-0.17611566098314993,-0.4210266761080117,0.44079864350446485
2025-07-22 04:00:00,26,0.5753418453981265,-0.5813566789926059,0.18938505915131085,-0.04801185774057082,-0.47130504945703855
2025-07-22 08:00:00,26,-0.167028009559818,-1.1188282134466971,-0.23003018579080797,-0.5033666947142255,0.5753418453981265
2025-07-22 12:00:00,26,-1.4486842266584326,-0.746857517977944,0.06745432028792801,-0.3711722216866029,-0.167028009559818
2025-07-22 16:00:00,26,2.26459929322235,0.39094836581140147,0.5810431522696924,0.7753902526626746,-1.4486842266584326
2025-07-22 20:00:00,26,-0.9897506835996115,-1.1814367601503741,-0.9069541127925094,-1.0169289576015252,2.26459929322235
2025-07-23 00:00:00,26,-0.7602257851022056,-0.45386072171229397,0.39713803076182635,-0.233589861410465,-0.9897506835996115
2025-07-23 04:00:00,26,0.006869716580361285,0.14967029306913793,0.3051621772081541,0.3680915410587726,-0.7602257851022056
2025-07-23 08:00:00,26,-0.782053774834198,-0.05175777305244615,-0.0022304585639249617,0.3626544975019268,0.006869716580361285
2025-07-23 12:00:00,26,1.3650050309828217,0.6053836524063773,0.31390914975929757,0.9816116826825638,-0.782053774834198
2025-07-23 16:00:00,26,0.6593568389846958,-0.5889711281467553,-0.5464662064122705,-0.0987228146653436,1.3650050309828217
2025-07-23 20:00:00,26,-1.0907933257040483,-0.8086866623131882,-0.2636969069048066,-0.6205713962083372,0.6593568389846958
2025-07-24 00:00:00,26,0.3381947146501414,0.09647487607997575,0.4376281183894169,0.24273799275886354,-1.0907933257040483
2025-07-24 04:00:00,26,0.07292385830675485,-0.29783365022856284,-0.1349999302013615,-0.024926527711228275,0.3381947146501414
2025-07-24 08:00:00,26,0.023187685903316435,-0.6882403054301538,-0.028699857334224168,-0.08264218298011272,0.07292385830675485
2025-07-24 12:00:00,26,-0.7889974617160984,-0.5711364922163645,-0.008769440463347964,-0.10099409848696084,0.023187685903316435
2025-07-24 16:00:00,26,1.2626266403849868,0.23740854662062325,0.3166916432140521,0.5234586741142575,-0.7889974617160984
2025-07-24 20:00:00,26,-0.9658984921215694,-0.5771675732620043,-0.5054408539457993,-0.4758483510739584,1.2626266403849868
2025-07-25 00:00:00,26,-1.1142839035836758,0.18837881144380844,0.38757991447605294,0.2886129060570344,-0.9658984921215694
2025-07-25 04:00:00,26,2.2826484734750814,0.8892299152081675,0.44704132787166473,1.1705139346665643,-1.1142839035836758
2025-07-25 08:00:00,26,-0.5159251189070986,-1.1369091315043178,-0.9141868303345142,-0.6360903160431182,2.2826484734750814
2025-07-25 12:00:00,26,0.0996710896269768,-0.7279021952504516,0.20726533706521127,-0.2277609023395346,-0.5159251189070986
2025-07-25 16:00:00,26,0.6036449187727957,-0.6890604219273437,-0.03941808201041429,-0.306645678635741,0.0996710896269768
2025-07-25 20:00:00,26,-0.8090929042405506,-1.1257114581632526,-0.24137187180774716,-0.7844010092732248,0.6036449187727957
2025-07-26 00:00:00,26,2.265422071248464,-0.5496836358423779,0.3247443446456841,-0.1440436800543612,-0.8090929042405506
2025-07-28 04:00:00,27,-3.180541196430678,-1.6336694202791282,-0.9093839131203991,-1.8825902124280605,2.265422071248464
2025-07-28 08:00:00,27,0.48782091099373837,0.41797657754698303,1.3012339422576285,0.48367029835084985,-3.180541196430678
2025-07-28 12:00:00,27,-0.6190819971769219,0.10876469043757214,-0.18782251590692933,0.1207410713022945,0.48782091099373837
2025-07-28 16:00:00,27,0.7952049103825267,0.5096362629633815,0.2614899771636891,0.5813259819765744,-0.6190819971769219
2025-07-28 20:00:00,27,0.47524874663624317,0.009716573369250693,-0.3125954025584297,-0.010290935146628044,0.7952049103825267
2025-07-29 00:00:00,27,-0.2819027917231445,-0.29315226961426644,-0.18271924039011336,-0.3638667175400574,0.47524874663624317
2025-07-29 04:00:00,27,-0.5594352357210948,-0.11278926807435138,0.12462266179599907,-0.15413654813322708,-0.2819027917231445
2025-07-29 08:00:00,27,-0.763622744489636,0.24734116408702775,0.2372782464911248,0.2620723373579281,-0.5594352357210948
2025-07-29 12:00:00,27,0.7803263067860033,0.7369219792724336,0.3201617568166096,0.8301927400888349,-0.763622744489636
2025-07-29 16:00:00,27,0.4372224877733579,0.24164626992169808,-0.30655590042502967,0.24964521335287237,0.7803263067860033
2025-07-29 20:00:00,27,0.04920636050838034,-0.041370311214791095,-0.16728367413971063,-0.07563977537912692,0.4372224877733579
2025-07-30 00:00:00,27,-0.30430101053200254,-0.06938497820806785,-0.009780705987643993,-0.11224834623518021,0.04920636050838034
2025-07-30 04:00:00,27,-0.41047827914465884,0.11985943154132522,0.13371451570573475,0.11414566036346585,-0.30430101053200254
2025-07-30 08:00:00,27,-0.4258779463145981,0.3865711567065669,0.17681384529971392,0.41953348038683735,-0.41047827914465884
2025-07-30 12:00:00,27,0.6821284826537486,0.6572130266915518,0.18306485683605395,0.7363783519158638,-0.4258779463145981
2025-07-30 16:00:00,27,0.5255671840042613,0.2309692060933405,-0.2666955758660387,0.22888808780845338,0.6821284826537486
2025-07-30 20:00:00,27,0.643541753607435,-0.10854157524838166,-0.20314443068851684,-0.16212362889755916,0.5255671840042613
2025-07-31 00:00:00,27,-1.932804940391792,-0.5181826803208909,-0.2510325043362216,-0.6409061204771724,0.643541753607435
2025-07-31 04:00:00,27,-0.05120855245430178,0.7173325722945557,0.7947545719739655,0.7970629932761906,-1.932804940391792
2025-07-31 08:00:00,27,-0.1899325933059366,0.744469804339007,0.030979576194012086,0.8351611558224725,-0.05120855245430178
2025-07-31 12:00:00,27,0.3181662716117586,0.8694600604363346,0.08729024642875716,0.9764672944614059,-0.1899325933059366
2025-07-31 16:00:00,27,0.8530819581467828,0.6733289401528683,-0.11895654002138999,0.7397578045099618,0.3181662716117586
2025-07-31 20:00:00,27,0.2839645044278516,0.12917490527446832,-0.33608877350412764,0.10508149461463745,0.8530819581467828
2025-08-01 00:00:00,27,0.6864512187327598,-0.03711606862280213,-0.10507340612826553,-0.10618254876407995,0.2839645044278516
2025-08-01 04:00:00,27,-0.7985508966777743,-0.47943028264009513,-0.2684502548990505,-0.6168888440594404,0.6864512187327598
2025-08-01 08:00:00,27,0.1492915086989175,0.03465948979373604,0.334339743903064,-0.022782578504299877,-0.7985508966777743
2025-08-01 12:00:00,27,-0.22067774989397826,-0.04332724344585204,-0.05040713051041634,-0.13385254421494608,0.1492915086989175
2025-08-01 16:00:00,27,1.711431599153121,0.07692307854221131,0.09977027774356305,0.03032739024641984,-0.22067774989397826
2025-08-01 20:00:00,27,-1.5597402592332728,-1.0005643383225524,-0.6845088691421515,-1.2429442826751416,1.711431599153121
2025-08-02 00:00:00,27,0.023645815439371276,-0.010160538122988205,0.6433206740858899,-0.0825280030062423,-1.5597402592332728
2025-08-04 04:00:00,27,-0.9796484428980481,-0.03392169116024634,0.0005947950110666185,-0.10012002771642159,0.023645815439371276
2025-08-04 08:00:00,27,-0.3750384751581919,0.5928405941943281,0.4078506086596478,0.6287192740593781,-0.9796484428980481
2025-08-04 12:00:00,27,1.117127249665744,0.8291761344643138,0.16242816922500758,0.9077405723168823,-0.3750384751581919
2025-08-04 16:00:00,27,0.506871606797981,0.09389929668735765,-0.44326967197336464,0.07661972427830399,1.117127249665744
2025-08-04 20:00:00,27,-0.45365030285609187,-0.22995434631180944,-0.1955555479220684,-0.3004828482483841,0.506871606797981
2025-08-05 00:00:00,27,0.04290550749909272,0.054424076217408364,0.19433817327961395,0.03702411394909788,-0.45365030285609187
2025-08-05 04:00:00,27,-0.9967390192587082,0.02745628314890581,-0.007223072474192205,0.005103254629945653,0.04290550749909272
2025-08-05 08:00:00,27,0.394966990058391,0.6684469766577882,0.41478799170918085,0.7466576113134025,-0.9967390192587082
2025-08-05 12:00:00,27,1.1474031469453685,0.4120151793490287,-0.1501313811209589,0.45280988732063854,0.394966990058391
2025-08-05 16:00:00,27,0.05543331622452996,-0.31882461625606806,-0.4555592222006197,-0.4008356367830004,1.1474031469453685
2025-08-05 20:00:00,27,-0.9955411962972356,-0.3563000395547607,-0.012308343214370075,-0.44207694103361916,0.05543331622452996
2025-08-06 00:00:00,27,0.2519830624362065,0.2896197394263752,0.41430177307419147,0.2985862587687951,-0.9955411962972356
2025-08-06 04:00:00,27,-0.10626768274988407,0.12373923196210485,-0.09209154355731279,0.11111578339904504,0.2519830624362065
2025-08-06 08:00:00,27,-0.4444505985552585,0.18655072218637353,0.05332910198963311,0.19017686317541305,-0.10626768274988407
2025-08-06 12:00:00,27,-0.05276594171627558,0.4734466652950576,0.19060384207097045,0.5208394251109727,-0.4444505985552585
2025-08-06 16:00:00,27,1.4587360487714989,0.5045114405276271,0.03161174948293705,0.5600962548408965,-0.05276594171627558
2025-08-06 20:00:00,27,-1.6660699418925748,-0.44770805210373743,-0.58193504185186,-0.5251748655996558,1.4587360487714989
2025-08-07 00:00:00,27,-1.5326187377441602,0.6266058880411554,0.686481871378266,0.7143486205669038,-1.6660699418925748
2025-08-07 04:00:00,27,1.415938624753478,1.609023641185846,0.6323115437040022,1.8545870181307222,-1.5326187377441602
2025-08-07 08:00:00,27,-0.30125738515243405,0.6963314619558666,-0.5645627708598928,0.8011563450110692,1.415938624753478
2025-08-07 12:00:00,27,1.67532426182086,0.8825726644764321,0.1324790515135528,1.0252859537917107,-0.30125738515243405
2025-08-07 16:00:00,27,-0.11863587812725918,-0.20637448996562432,-0.6698522288576735,-0.2211225655965503,1.67532426182086
2025-08-07 20:00:00,27,-0.16312665947648952,-0.11122115011243286,0.05834958270096945,-0.13285979010125182,-0.11863587812725918
2025-08-08 00:00:00,27,-0.07250917130602375,-0.015084902340115674,0.07640921895192092,-0.01149674251435684,-0.16312665947648952
2025-08-08 04:00:00,27,-1.4601589232623944,0.02961022265670462,0.039625893851656754,0.04244866429983496,-0.07250917130602375
2025-08-08 08:00:00,27,0.5662585019385542,0.9737071950136371,0.6028987563204703,1.1287783755624083,-1.4601589232623944
2025-08-08 12:00:00,27,-0.19945155047840224,0.6081787604447584,-0.21966179402041214,0.7074931133140439,0.5662585019385542
2025-08-08 16:00:00,27,0.8690760004179605,0.7388084006059664,0.0911541683202096,0.855881170114035,-0.19945155047840224
2025-08-08 20:00:00,27,-0.4463689761290155,0.1696169170342976,-0.3425810529570892,0.209305605250254,0.8690760004179605
2025-08-09 00:00:00,27,2.5810845686646307,0.4535456857443245,0.19138254723467812,0.5413954026206635,-0.4463689761290155
2025-08-11 04:00:00,27,-0.7849779886172428,-1.208103580382463,-1.0375171962078515,-1.3788810888978293,2.5810845686646307
2025-08-11 08:00:00,27,-1.5681705730091213,-0.703824748257426,0.3288302478904693,-0.7948728017609898,-0.7849779886172428
2025-08-11 12:00:00,27,0.4708790040487383,0.30989525093705056,0.6467426953598733,0.37181546665109977,-1.5681705730091213
2025-08-11 16:00:00,27,0.6870306356532279,0.013375640829969927,-0.18094548054037776,0.021490687369556838,0.4708790040487383
2025-08-11 20:00:00,27,-1.0490205055998523,-0.4260548753306349,-0.2686854510116825,-0.4896466827943584,0.6870306356532279
2025-08-12 00:00:00,27,-0.26301349001198204,0.2532232161487487,0.436010020123759,0.29080407828489996,-1.0490205055998523
2025-08-12 04:00:00,27,-0.7888782061136084,0.42168381836881247,0.11695514264724917,0.48648097626563747,-0.26301349001198204
2025-08-12 08:00:00,27,1.2238212842547238,0.9291524137860704,0.33041341876650016,1.0733909490198368,-0.7888782061136084
2025-08-12 12:00:00,27,0.07504230159196368,0.13711493408604025,-0.48657876649563336,0.16289182376638855,1.2238212842547238
2025-08-12 16:00:00,27,0.3636260182941591,0.08058558521884118,-0.02026799535458157,0.107061817510127,0.07504230159196368
2025-08-12 20:00:00,27,-0.15342325437899262,-0.1673802047028293,-0.1374094973363047,-0.16346883580976979,0.3636260182941591
2025-08-13 00:00:00,27,-0.30173892330763685,-0.06782110893240675,0.07247042621459233,-0.04932493203653365,-0.15342325437899262
2025-08-13 04:00:00,27,-0.31160894932894934,0.12750385099255404,0.13267451681355855,0.17516293172359454,-0.30173892330763685
2025-08-13 08:00:00,27,0.2951346095152889,0.3294823377742569,0.13668094408515807,0.40699390200936847,-0.31160894932894934
2025-08-13 12:00:00,27,-0.2917929838010629,0.12732586712995456,-0.10960755969101275,0.18741951867991702,0.2951346095152889
2025-08-13 16:00:00,27,2.4462015364674574,0.3166388841514288,0.12863727484532322,0.4045077977645146,-0.2917929838010629
2025-08-13 20:00:00,27,-1.9649171803354282,-1.2539557440819356,-0.9827656628781618,-1.4154183530570936,2.4462015364674574
2025-08-14 00:00:00,27,0.8795635948238996,0.008989418751455433,0.8077895278681572,0.04644163982607097,-1.9649171803354282
2025-08-14 04:00:00,27,-1.4605772131387553,-0.5590488390501174,-0.34683816273073104,-0.6079364903758648,0.8795635948238996
2025-08-14 08:00:00,27,0.7888170590387933,0.3869383329924175,0.6030685479668619,0.4787044203824422,-1.4605772131387553
2025-08-14 12:00:00,27,1.4544253420658002,-0.12101943022424624,-0.3100024548017373,-0.1081600601427457,0.7888170590387933
2025-08-14 16:00:00,27,-0.12427443896750567,-1.0455519471581256,-0.580185245765377,-1.1902240990140704,1.4544253420658002
2025-08-14 20:00:00,27,-1.1434409135461134,-0.9666359410711253,0.060638379495846884,-1.097766344416197,-0.12427443896750567
2025-08-15 00:00:00,27,-0.6795051939302432,-0.22899340643521474,0.4743370211442844,-0.24706864455004052,-1.1434409135461134
2025-08-15 04:00:00,27,-0.4292431461298367,0.2080233087695619,0.2860168773751985,0.25846994399920575,-0.6795051939302432
2025-08-15 08:00:00,27,0.1637084781515039,0.4810774745167551,0.18443085407709883,0.5778184584436641,-0.4292431461298367
2025-08-15 12:00:00,27,-0.00399634676120364,0.3777745893898923,-0.05625924675245428,0.4560225491297576,0.1637084781515039
2025-08-15 16:00:00,27,0.9473368416714969,0.38065460674009,0.011815263148356793,0.45899575304204276,-0.00399634676120364
2025-08-15 20:00:00,27,-0.7097470817878726,-0.222774400970987,-0.37434858508106195,-0.245804348704457,0.9473368416714969
2025-08-16 00:00:00,27,0.27793506192619155,0.23980663244481643,0.2982926225450526,0.2822336135643386,-0.7097470817878726
2025-08-18 04:00:00,27,0.411371505331811,0.056834086275919515,-0.1026259431915893,0.07545535760749189,0.27793506192619155
2025-08-18 08:00:00,27,0.011109067373569204,-0.20818804512552244,-0.15679027920561273,-0.23059700524784077,0.411371505331811
2025-08-18 12:00:00,27,-0.6390889543914628,-0.20791314608160155,0.00568369439588539,-0.23886193433197356,0.011109067373569204
2025-08-18 16:00:00,27,1.0086562839867508,0.20556618024348708,0.2696111734840412,0.23660776162688002,-0.6390889543914628
2025-08-18 20:00:00,27,-0.7611913252234253,-0.43993037201175983,-0.3992392880478653,-0.5138128071823971,1.0086562839867508
2025-08-19 00:00:00,27,0.7333480262444088,0.05258889973532463,0.3191747984807547,0.0524986671179537,-0.7611913252234253
2025-08-19 04:00:00,27,-0.9152949819970733,-0.418920881969038,-0.287486541952389,-0.49309793672645164,0.7333480262444088
2025-08-19 08:00:00,27,-0.37184107662764276,0.17264794354053434,0.38172834107709525,0.18786364743549555,-0.9152949819970733
2025-08-19 12:00:00,27,-1.0004890122211432,0.40808972158870754,0.16113028564868234,0.4645061436549849,-0.37184107662764276
2025-08-19 16:00:00,27,2.3806130380427835,1.057460260657732,0.416310183650779,1.2088504218375462,-1.0004890122211432
2025-08-19 20:00:00,27,-0.41210274980826433,-0.46550169439533523,-0.9561420705771422,-0.5622791675819485,2.3806130380427835
2025-08-20 00:00:00,27,-0.5149672477677161,-0.2018195897194577,0.17747324817813884,-0.25568277312271626,-0.41210274980826433
2025-08-20 04:00:00,27,-0.07865865010094097,0.13497877212514114,0.21922786250380014,0.12744279811803594,-0.5149672477677161
2025-08-20 08:00:00,27,-0.7689313157131998,0.1895909179230873,0.04212208175398645,0.1859632970110887,-0.07865865010094097
2025-08-20 12:00:00,27,1.1602526743471664,0.6764654620566084,0.32231660468402046,0.7580331730168819,-0.7689313157131998
2025-08-20 16:00:00,27,1.1328777738351796,-0.06827573197895749,-0.4607750845396415,-0.10517214842790246,1.1602526743471664
2025-08-20 20:00:00,27,-0.5862274128542335,-0.7880913804029487,-0.4496631028962573,-0.9480110787249441,1.1328777738351796
2025-08-21 00:00:00,27,-1.2810923831053866,-0.4151113078969788,0.24815368986887784,-0.5118693368950353,-0.5862274128542335
2025-08-21 04:00:00,27,0.7578284924097751,0.4134507645053296,0.5302123147278257,0.4412383669774602,-1.2810923831053866
2025-08-21 08:00:00,27,-0.764451274209307,-0.07584561921063473,-0.2974236188207387,-0.12257122541039678,0.7578284924097751
2025-08-21 12:00:00,27,-0.3982605911125727,0.41324218073105534,0.3204980724511432,0.44616558724466593,-0.764451274209307
2025-08-21 16:00:00,27,1.6504998959817563,0.677955764944794,0.17185445832120458,0.742463686073485,-0.3982605911125727
2025-08-21 20:00:00,27,-1.0618486813702752,-0.3790165433785505,-0.6597755567107926,-0.4854759901329544,1.6504998959817563
2025-08-22 00:00:00,27,-0.06298109661684492,0.30278038270830887,0.4412172154381905,0.30451868309086194,-1.0618486813702752
2025-08-22 04:00:00,27,0.5988579554727433,0.3414608267059681,0.035758270990467245,0.3513753884896911,-0.06298109661684492
2025-08-22 08:00:00,27,-0.8455899492527088,-0.04073418461789348,-0.23289451897945435,-0.09416323028098184,0.5988579554727433
2025-08-22 12:00:00,27,0.11060933121358474,0.4959245398194684,0.35343377087517946,0.5349391713711942,-0.8455899492527088
2025-08-22 16:00:00,27,3.3029454232111792,0.42198685013047305,-0.034705314682631626,0.4526479899621645,0.11060933121358474
2025-08-22 20:00:00,27,-2.1390654385302135,-1.7484518791357448,-1.330533952973288,-2.0046788740864887,3.3029454232111792
2025-08-23 00:00:00,27,2.8423145779045864,-0.36689308593935077,0.8784795472689741,-0.4132559795029138,-2.1390654385302135
2025-08-25 04:00:00,28,-3.2838243161765366,-2.248245042849019,-1.2416407328029617,-2.5810608931181322,2.8423145779045864
2025-08-25 08:00:00,28,-0.9833344632631782,0.012095591798219377,1.462519133317211,-0.11402608017729854,-3.2838243161765366
2025-08-25 12:00:00,28,0.9925131028802276,0.6865633872576568,0.44705206013749127,0.6247224398590383,-0.9833344632631782
2025-08-25 16:00:00,28,1.1157947545645381,-0.008202989510827532,-0.4251135538511929,-0.12092170591438567,0.9925131028802276
2025-08-25 20:00:00,28,-0.05193471280282047,-0.7729091612923266,-0.4795317282474368,-0.9591835124450565,1.1157947545645381
2025-08-26 00:00:00,28,0.052837020751667296,-0.733503516925107,0.03591971918735627,-0.9201665821380711,-0.05193471280282047
2025-08-26 04:00:00,28,-1.4940080596166094,-0.7195796725434921,-0.010327929107986196,-0.9598613882713707,0.052837020751667296
2025-08-26 08:00:00,28,-0.08485096947931403,0.29175268342078536,0.6724702342635177,0.16254028094454576,-1.4940080596166094
2025-08-26 12:00:00,28,1.0579541586086165,0.3438698902832072,0.05044939632763193,0.2262861685019466,-0.08485096947931403
2025-08-26 16:00:00,28,-0.21075176272170637,-0.3989135477037293,-0.4540001134863685,-0.5685218018653302,1.0579541586086165
2025-08-26 20:00:00,28,0.05350617942694491,-0.25300180746725953,0.1060236949331873,-0.4101905741678422,-0.21075176272170637
2025-08-27 00:00:00,28,-0.025492894821233847,-0.29344002854074674,-0.010623304721408895,-0.4503880983482542,0.05350617942694491
2025-08-27 04:00:00,28,-1.0268584446507152,-0.27804639536952064,0.024247946116369413,-0.43123608138534664,-0.025492894821233847
2025-08-27 08:00:00,28,-0.7065736569718073,0.4327437645136041,0.4662641292264981,0.34021064870805695,-1.0268584446507152
2025-08-27 12:00:00,28,0.8563076617739434,0.9099816878304646,0.32488612857311394,0.8710374048988268,-0.7065736569718073
2025-08-27 16:00:00,28,0.6390991707608329,0.3128759953247601,-0.3649906454818334,0.22772015988738126,0.8563076617739434
2025-08-27 20:00:00,28,-0.16501123778976634,-0.19463901817056764,-0.2691119045434469,-0.25241511879414524,0.6390991707608329
2025-08-28 00:00:00,28,1.1807196592798608,-0.08925069072029454,0.08583321379738965,-0.128447321202648,-0.16501123778976634
2025-08-28 04:00:00,28,-1.645335077450417,-0.9014191512902234,-0.508190451903291,-1.0154851841656125,1.1807196592798608
2025-08-28 08:00:00,28,-0.6629508624334974,0.2401084655122406,0.7392680093974119,0.220603754888538,-1.645335077450417
2025-08-28 12:00:00,28,0.034961196699573094,0.6952749763187069,0.3056304420341627,0.7186580657832469,-0.6629508624334974
2025-08-28 16:00:00,28,1.493874908777908,0.6710686179760742,-0.0024373006368944797,0.6923928088585569,0.034961196699573094
2025-08-28 20:00:00,28,-0.6721196262874454,-0.3734229216341807,-0.6464213787886806,-0.4299088282841357,1.493874908777908
2025-08-29 00:00:00,28,-0.025966903551582377,0.08564637762183494,0.30967765736252134,0.07503368899478424,-0.6721196262874454
2025-08-29 04:00:00,28,-0.4624277728594066,0.1015066747894702,0.024457179926924623,0.09454181393632233,-0.025966903551582377
2025-08-29 08:00:00,28,0.9595494395270521,0.42021827542836376,0.21711686106057787,0.44194938032012665,-0.4624277728594066
2025-08-29 12:00:00,28,-1.45454124127847,-0.2432198156575805,-0.4105629507680541,-0.27893019304491773,0.9595494395270521
2025-08-29 16:00:00,28,2.1015458512098935,0.7701520162466401,0.6550490513555418,0.8138212862029892,-1.45454124127847
2025-08-29 20:00:00,28,-0.5703144938690947,-0.6748387266484207,-0.91465548231507,-0.7650045816688849,2.1015458512098935
2025-08-30 00:00:00,28,1.0444886608917212,-0.28252092116835187,0.2647395065940598,-0.3365450859008572,-0.5703144938690947
2025-09-01 04:00:00,28,-2.109820147660182,-1.0011621759516962,-0.4480562622069693,-1.121236847712911,1.0444886608917212
2025-09-01 08:00:00,28,0.8730000444767327,0.4990739040733145,0.9442979486445948,0.46380524107397925,-2.109820147660182
2025-09-01 12:00:00,28,0.2086457446525234,-0.11867723854783582,-0.3723588870700895,-0.19205247056226504,0.8730000444767327
2025-09-01 16:00:00,28,-0.5383130435182384,-0.2717032570321004,-0.0791039894044922,-0.34880151255397074,0.2086457446525234
2025-09-01 20:00:00,28,1.098327042059985,0.09093466223913442,0.25061363723448127,0.05561629143071656,-0.5383130435182384
2025-09-02 04:00:00,28,-0.8951772831497244,-0.6606089170946645,-0.47182124568665523,-0.7695225673713288,1.098327042059985
2025-09-02 08:00:00,28,-0.6642461529103105,-0.03962011350404527,0.4081382985504899,-0.09700378784797259,-0.8951772831497244
2025-09-02 12:00:00,28,1.017348472621748,0.41819921982783326,0.30620220062190046,0.40202363439237665,-0.6642461529103105
2025-09-02 16:00:00,28,1.003301380558753,-0.2712906810609911,-0.4360762191247736,-0.3622785502544321,1.017348472621748
2025-09-02 20:00:00,28,-1.6655961177056575,-0.9389285727666103,-0.4298756443011849,-1.1160275926489938,1.003301380558753
2025-09-03 00:00:00,28,-0.23638739918189167,0.20165925698330495,0.7482115042889499,0.13528283417167586,-1.6655961177056575
2025-09-03 04:00:00,28,0.015376348374402937,0.36224108666323857,0.11733960866884513,0.3128733161744641,-0.23638739918189167
2025-09-03 08:00:00,28,-0.9372754683614062,0.3382675755047164,0.0062077140682315814,0.3013215451041642,0.015376348374402937
2025-09-03 12:00:00,28,0.7084142830690006,0.9773081574431203,0.4267210020859765,1.0054673784766663,-0.9372754683614062
2025-09-03 16:00:00,28,1.915764311753744,0.5005632356071822,-0.2997085247083043,0.47325781729324845,0.7084142830690006
2025-09-03 20:00:00,28,-1.1194310404684735,-0.8285035435140234,-0.8326490192639748,-0.9659961730021447,1.915764311753744
2025-09-04 00:00:00,28,-0.8106262248134346,-0.06975714490333658,0.5071269145209694,-0.1250025382580624,-1.1194310404684735
2025-09-04 04:00:00,28,0.16790682490633024,0.47825080844423185,0.37081632747799514,0.4839956675978545,-0.8106262248134346
2025-09-04 08:00:00,28,-0.27490314385790704,0.37499245849786217,-0.061121283874719844,0.3578525056955204,0.16790682490633024
2025-09-04 12:00:00,28,0.8495050542650002,0.5465440720215944,0.13434097490741367,0.5643786656802252,-0.27490314385790704
2025-09-04 16:00:00,28,0.3678788019807353,-0.04724562312402632,-0.36198788329692366,-0.07382799242781424,0.8495050542650002
2025-09-04 20:00:00,28,-0.49791532543016004,-0.3067673397836802,-0.1493915963999175,-0.3502038652047581,0.3678788019807353
2025-09-05 00:00:00,28,0.6828784634969693,0.023936081644366954,0.232781542692491,0.02386439285698927,-0.49791532543016004
2025-09-05 04:00:00,28,-1.6900966439345808,-0.43972793029938223,-0.28843667148573215,-0.48916090333671924,0.6828784634969693
2025-09-05 08:00:00,28,0.8776928606230445,0.725185291121791,0.7590263651454496,0.7805560048673712,-1.6900966439345808
2025-09-05 12:00:00,28,0.14948801116180732,0.09221146637842728,-0.3744303590529069,0.12117272679121349,0.8776928606230445
2025-09-05 16:00:00,28,1.4803103364450827,0.1270387214757482,-0.05299097247130002,0.008867045321974132,0.14948801116180732
2025-09-05 20:00:00,28,-1.580659316206079,-0.9217256301465738,-0.6404337946451102,-1.1032439515958803,1.4803103364450827
2025-09-06 00:00:00,28,-0.00992327557364625,0.12140670039049742,0.7107192610109386,0.08425610474696832,-1.580659316206079
2025-09-08 04:00:00,28,-1.029478847528308,0.11069386570587886,0.01737530737473448,0.09171115225909965,-0.00992327557364625
2025-09-08 08:00:00,28,0.7899118655728525,0.8062404082287213,0.4674208101991576,0.8651265093253606,-1.029478847528308
2025-09-08 12:00:00,28,-0.2301256772307081,0.26674146172222807,-0.3356826505978855,0.2716903556543109,0.7899118655728525
2025-09-08 16:00:00,28,0.46205782419168706,0.4188546833383331,0.11457560062300173,0.4445766012074124,-0.2301256772307081
2025-09-08 20:00:00,28,-0.690440824400671,0.09690609627128488,-0.1909634798482923,0.09744696572197142,0.46205782419168706
2025-09-09 00:00:00,28,0.6858901336051737,0.557926305404843,0.31776487991715335,0.6161536278540325,-0.690440824400671
2025-09-09 04:00:00,28,-0.9145269257548971,0.07964478959526723,-0.28976606306130814,0.10086575781755336,0.6858901336051737
2025-09-09 08:00:00,28,0.9115471536855662,0.7142372866746177,0.4166794902964412,0.7879213204720195,-0.9145269257548971
2025-09-09 12:00:00,28,-0.46440734372557024,0.09714862431432612,-0.3893740980340769,0.10310436765835895,0.9115471536855662
2025-09-09 16:00:00,28,1.2936567690078817,0.409662398299378,0.21799067018912902,0.45199912390717856,-0.46440734372557024
2025-09-09 20:00:00,28,-1.6847219308711612,-0.4910901640899286,-0.5580424067483227,-0.5198848680034978,1.2936567690078817
2025-09-10 00:00:00,28,0.46689794133433615,0.6607974126530096,0.7566538947184318,0.7457941858696788,-1.6847219308711612
2025-09-10 04:00:00,28,-0.388335845215936,0.345225428727064,-0.19309997246636165,0.39502832129889853,0.46689794133433615
2025-09-10 08:00:00,28,0.6551342287849025,0.6097913125848514,0.1844116905443607,0.6867729327694647,-0.388335845215936
2025-09-10 12:00:00,28,0.3147884812704316,0.14240030830596184,-0.27618999420306783,0.19459101499764486,0.6551342287849025
2025-09-10 16:00:00,28,-0.6061065752263808,-0.09452083724688992,-0.12595681683869017,-0.041899755285443874,0.3147884812704316
2025-09-10 20:00:00,28,0.8416375568653596,0.32143264692527146,0.280538611316415,0.4134492151420712,-0.6061065752263808
2025-09-11 00:00:00,28,-0.7276159902072479,-0.25570383145807324,-0.3585150644329132,-0.2188468374929471,0.8416375568653596
2025-09-11 04:00:00,28,-0.47617734042490767,0.2507422854348279,0.334174496664112,0.32778836751818297,-0.7276159902072479
2025-09-11 08:00:00,28,-0.218967700023871,0.5756242298823375,0.2231861045808413,0.685525555276639,-0.47617734042490767
2025-09-11 12:00:00,28,1.3565005892889488,0.7305507788899268,0.10965031984313489,0.8500291604809043,-0.218967700023871
2025-09-11 16:00:00,28,0.38421110241651846,-0.17674089217271394,-0.5857825118252613,-0.1690674340187286,1.3565005892889488
2025-09-11 20:00:00,28,-1.917187906376581,-0.4473740074342401,-0.15660089284641707,-0.457713254841309,0.38421110241651846
2025-09-12 00:00:00,28,1.0161123877238243,0.8634628014668982,0.8592674939314024,0.9826102377038719,-1.917187906376581
2025-09-12 04:00:00,28,-1.052515406560211,0.1649035338073817,-0.4355305946735695,0.2192366850974281,1.0161123877238243
2025-09-12 08:00:00,28,-0.34649233593548523,0.8868909088507864,0.47758945630147936,1.0099586906412306,-1.052515406560211
2025-09-12 12:00:00,28,0.6923705122064945,1.118983321989489,0.16594140438040428,1.2702675783485091,-0.34649233593548523
2025-09-12 16:00:00,28,0.9141963467972101,0.6383933846027409,-0.2926265890849487,0.7501112019392213,0.6923705122064945
2025-09-12 20:00:00,28,0.09853114211971103,0.0014722211975453318,-0.3905434874021552,0.06330399294759204,0.9141963467972101
2025-09-13 00:00:00,28,-0.36073062388124555,-0.06777294873067463,-0.030497927088357128,-0.010719381741091993,0.09853114211971103
2025-09-15 04:00:00,28,-0.3086107832570253,0.1857841083639604,0.17222637563079296,0.260286287723309,-0.36073062388124555
2025-09-15 08:00:00,28,0.8896219533571355,0.40438138002606183,0.14921997899477019,0.49213594612113987,-0.3086107832570253
2025-09-15 12:00:00,28,-0.9621376887007358,-0.21104890747813798,-0.3796960205680125,-0.17620928735465036,0.8896219533571355
2025-09-15 16:00:00,28,1.1987782160301936,0.4611374773884192,0.43769551957352626,0.5466147569081201,-0.9621376887007358
2025-09-15 20:00:00,28,-0.6111314069509763,-0.3381082430459838,-0.5161617410380321,-0.3539899366416943,1.1987782160301936
2025-09-16 00:00:00,28,-0.774022934359941,0.06928465356508307,0.28275663942818163,0.10513403317682979,-0.6111314069509763
2025-09-16 04:00:00,28,0.5131838822178114,0.5980579755211756,0.35465914418136607,0.6866333282743007,-0.774022934359941
2025-09-16 08:00:00,28,-0.7083351378397698,0.23700683735594105,-0.21353120751779586,0.3010942796002336,0.5131838822178114
2025-09-16 12:00:00,28,-0.9743755641359169,0.7237325809050267,0.3256636698516319,0.8332443814408261,-0.7083351378397698
2025-09-16 16:00:00,28,2.6079933821068035,1.3858181118339197,0.4430974819140093,1.5652623599181332,-0.9743755641359169
2025-09-16 20:00:00,28,-0.5646019261904804,-0.4095308858208185,-1.1382082144723937,-0.394041745932487,2.6079933821068035
2025-09-17 00:00:00,28,-1.2539262530298103,-0.022392525289343372,0.26221790260889244,0.030126075867174862,-0.5646019261904804
2025-09-17 04:00:00,28,0.24031805391045147,0.8433929887458609,0.5664949050745398,0.9721617699955498,-1.2539262530298103
2025-09-17 08:00:00,28,0.4634700870286821,0.6767897269232123,-0.0930845714715075,0.7916183096603824,0.24031805391045147
2025-09-17 12:00:00,28,-1.553800528154559,0.3572841180580763,-0.19158687160454266,0.4434276851425132,0.4634700870286821
2025-09-17 16:00:00,28,2.309975183997773,1.4353272637681498,0.6988634317590552,1.6107495715296523,-1.553800528154559
2025-09-17 20:00:00,28,1.270166795070054,-0.16801160449310903,-1.0066589850746543,-0.12466275484814915,2.309975183997773
2025-09-18 00:00:00,28,-1.0502846023903132,-1.0159384967970677,-0.5476736172257322,-1.0788994618007912,1.270166795070054
2025-09-18 04:00:00,28,-0.17581232817780013,-0.2864833775304592,0.4766047494233445,-0.2898533898691742,-1.0502846023903132
2025-09-18 08:00:00,28,-1.331027060776469,-0.17396353891962918,0.09060095994919123,-0.1577710698674082,-0.17581232817780013
2025-09-18 12:00:00,28,0.08016323554337212,0.7567018263971674,0.6005282356207017,0.8421880569732068,-1.331027060776469
2025-09-18 16:00:00,28,0.7007208206196776,0.6873260968951188,-0.022390086791694942,0.7819639177495397,0.08016323554337212
2025-09-18 20:00:00,28,-0.363383205739213,0.19881191195766637,-0.2963125272053645,0.25553421500770845,0.7007208206196776
2025-09-19 00:00:00,28,0.2753992904736169,0.43814048312382514,0.1733972608369453,0.5285326865095215,-0.363383205739213
2025-09-19 04:00:00,28,-0.5501015053061877,0.2558713165602777,-0.10856989976852591,0.3216337870432149,0.2753992904736169
2025-09-19 08:00:00,28,-0.7287377598098796,0.6425738993956914,0.255817222363944,0.7349078947828342,-0.5501015053061877
2025-09-19 12:00:00,28,0.41370097214854695,1.1419233460792155,0.33466966081088007,1.2823858503175423,-0.7287377598098796
2025-09-19 16:00:00,28,0.9620670567793024,0.8453710716813826,-0.16961811683778147,0.971585209914748,0.41370097214854695
2025-09-19 20:00:00,28,-0.42768706111965216,0.18978873252909245,-0.4116742607872188,0.24881422921211716,0.9620670567793024
2025-09-20 00:00:00,28,0.5880345398633295,0.4855072434050041,0.20178184498742613,0.5701221821464095,-0.42768706111965216
2025-09-22 04:00:00,29,-0.4061314295596894,-0.16950463649533706,-0.24483741026658948,0.06370087933500024,0.5880345398633295
2025-09-22 08:00:00,29,1.307359132894664,0.1933983480532111,0.157013964521795,0.3750153787497492,-0.4061314295596894
2025-09-22 12:00:00,29,-1.2593186853247822,-0.7231339468915186,-0.5355952771814053,-0.6271229055333816,1.307359132894664
2025-09-22 16:00:00,29,0.9484116272611711,0.221907988610029,0.5018803975180007,0.3381906299163653,-1.2593186853247822
2025-09-22 20:00:00,29,-0.21283843186148665,-0.512711141066391,-0.3905052690217066,-0.38880134728677973,0.9484116272611711
2025-09-23 00:00:00,29,-0.8359204351979059,-0.48438419545572,0.07888308974736388,-0.225652954799612,-0.21283843186148665
2025-09-23 04:00:00,29,1.0298755341901238,0.15456151678858066,0.33073878321065636,0.41511043580113594,-0.8359204351979059
2025-09-23 08:00:00,29,-2.023591220287104,-0.5021400408299092,-0.42343375782728476,-0.3743265864295573,1.0298755341901238
2025-09-23 12:00:00,29,1.0104490357107547,1.1384508247092053,0.8108066516180653,1.1768296204337023,-2.023591220287104
2025-09-23 16:00:00,29,0.6038903485862175,0.2910100107009544,-0.4155813817036184,0.4022837152387986,1.0104490357107547
2025-09-23 20:00:00,29,-0.06333525421436192,-0.18873085320515573,-0.2512464795061774,-0.060620182091525976,0.6038903485862175
2025-09-24 00:00:00,29,-0.31126648149422564,-0.26538705648125077,0.018452478239311097,-0.01207140815786012,-0.06333525421436192
2025-09-24 04:00:00,29,0.7248351182526385,-0.10627421114128993,0.1186686469673631,0.2265256612096156,-0.31126648149422564
2025-09-24 08:00:00,29,-1.664828051370721,-0.6054011680444394,-0.30013350990022986,-0.3290867971556306,0.7248351182526385
2025-09-24 12:00:00,29,-0.22841263943265844,0.7413200574104786,0.665791154119034,0.9470644034200326,-1.664828051370721
2025-09-24 16:00:00,29,1.7465929643035398,0.9586971560705615,0.08517833311336573,1.1221509919711146,-0.22841263943265844
2025-09-24 20:00:00,29,-1.6486055710641132,-0.35747984472958205,-0.7131377846036467,-0.21667598567249868,1.7465929643035398
2025-09-25 00:00:00,29,0.915473782325833,0.8574029856788683,0.6592338727251926,1.047040094229562,-1.6486055710641132
2025-09-25 04:00:00,29,0.47382142645679437,0.05073875208244308,-0.37719147768612704,0.34529617211774877,0.915473782325833
2025-09-25 08:00:00,29,-0.4184423070963028,-0.24636428400006832,-0.19867137959073083,-0.017905169746633476,0.47382142645679437
2025-09-25 12:00:00,29,0.6169172767873441,0.18153821791532768,0.16199013873726398,0.30284606467240316,-0.4184423070963028
2025-09-25 16:00:00,29,1.3751245116098794,-0.28500815847310107,-0.25651208823540245,-0.17004344651755865,0.6169172767873441
2025-09-25 20:00:00,29,-0.35296045732943604,-1.439537814697923,-0.5629866901218111,-1.224126356153251,1.3751245116098794
2025-09-26 00:00:00,29,-0.3353242258162741,-1.1463048612136473,0.13552174999551936,-0.9535693391653197,-0.35296045732943604
2025-09-26 04:00:00,29,-2.0790658453756166,-0.9500078679912997,0.12839301686883275,-0.6965311345259781,-0.3353242258162741
2025-09-26 08:00:00,29,1.4302079052732015,0.6012255156621944,0.8332300246194837,0.8971483883937967,-2.0790658453756166
2025-09-26 12:00:00,29,0.19941888128264296,-0.409414532322035,-0.5852519236466143,-0.1991579441938054,1.4302079052732015
2025-09-26 16:00:00,29,0.13144667860082038,-0.48354478875284473,-0.08775525148421254,-0.35201976350107245,0.19941888128264296
2025-09-26 20:00:00,29,-0.4613478439298504,-0.5996034716689504,-0.060280238322237514,-0.45277841936947283,0.13144667860082038
2025-09-27 00:00:00,29,2.09033604174852,-0.3907525665056656,0.1793329662860698,-0.09913853179710053,-0.4613478439298504
2025-09-29 04:00:00,29,-2.9625889647190835,-1.8030047832030829,-0.8520820177535942,-1.701457069791232,2.09033604174852
2025-09-29 08:00:00,29,-0.3320926006305509,0.36785009589845996,1.1903585032492146,0.5694750309897785,-2.9625889647190835
2025-09-29 12:00:00,29,0.46807161743754655,0.7124345299347614,0.12708676312084208,0.8240360774882678,-0.3320926006305509
2025-09-29 16:00:00,29,1.809452236914181,0.38184802059725076,-0.19634725189956037,0.4652421731829488,0.46807161743754655
2025-09-29 20:00:00,29,-2.478930918569146,-0.9643543845956029,-0.7385461026246751,-0.9217687211980934,1.809452236914181
2025-09-30 00:00:00,29,0.4969731202913259,0.8112275472125148,0.9948593041712018,0.9784219112648298,-2.478930918569146
2025-09-30 04:00:00,29,-0.8184120622879867,0.477782930380974,-0.208029515236317,0.5974739547527843,0.4969731202913259
2025-09-30 08:00:00,29,0.7461711043638477,1.082932866172252,0.32366173175189233,1.2248165412706573,-0.8184120622879867
2025-09-30 12:00:00,29,0.08205039477857135,0.527082869764137,-0.3087577191519621,0.6528492742097818,0.7461711043638477
2025-09-30 16:00:00,29,1.1164623970882914,0.47682921280013413,-0.04031378888228306,0.5899546649327636,0.08205039477857135
2025-09-30 20:00:00,29,-0.7607155506700778,-0.3373469563995472,-0.45843299433749835,-0.2658543342420945,1.1164623970882914
2025-10-01 00:00:00,29,0.5417599798721948,0.1067928840113464,0.30034025100596945,0.31726177945199474,-0.7607155506700778
2025-10-01 04:00:00,29,-0.47605211469921294,-0.35375539576639226,-0.22613279139801437,-0.09801693246574139,0.5417599798721948
2025-10-01 08:00:00,29,0.7937167425447686,0.0457545821969296,0.1852765728926793,0.26689431299879196,-0.47605211469921294
2025-10-01 12:00:00,29,-1.2490779574632676,-0.427963512034246,-0.32797611995809994,-0.34151841351764745,0.7937167425447686
2025-10-01 16:00:00,29,0.9900248297641223,0.537336878609479,0.4977409975621044,0.6159452318822076,-1.2490779574632676
2025-10-01 20:00:00,29,-0.12755542407909282,-0.24325041087794513,-0.40732572269793077,-0.14294477724694943,0.9900248297641223
2025-10-02 00:00:00,29,0.48028423692959343,-0.3097491628429234,0.04441088392107387,-0.04516890937612139,-0.12755542407909282
2025-10-02 04:00:00,29,-0.9148022937706379,-0.6598996236293289,-0.2012837092754799,-0.41332423032390686,0.48028423692959343
2025-10-02 08:00:00,29,-0.5780520009000654,0.037256536733536794,0.36262358342335343,0.2879049714087163,-0.9148022937706379
2025-10-02 12:00:00,29,0.3891423381765602,0.5790098158521866,0.22650590054896574,0.7310028362821601,-0.5780520009000654
2025-10-02 16:00:00,29,1.350650370622688,0.24780351539596873,-0.16444328379201018,0.43271109278951236,0.3891423381765602
2025-10-02 20:00:00,29,-0.32047015369902354,-0.7497555980425538,-0.5530940087135192,-0.6026114983987902,1.350650370622688
2025-10-03 00:00:00,29,-0.7323277815931917,-0.6824943108349557,0.12238885912745762,-0.35695947982848963,-0.32047015369902354
2025-10-03 04:00:00,29,-0.4427060966356873,-0.10551640392454512,0.28886564376574925,0.2043963772677433,-0.7323277815931917
2025-10-03 08:00:00,29,-0.3250315914783162,0.2960279311730445,0.17179779408241375,0.5437466881053368,-0.4427060966356873
2025-10-03 12:00:00,29,-0.27580267642140477,0.6118938156456647,0.12423263581967758,0.7928952144943278,-0.3250315914783162
2025-10-03 16:00:00,29,3.072546453160058,0.8138373022329652,0.10433383843231409,1.0043079885326858,-0.27580267642140477
2025-10-03 20:00:00,29,-0.6351531884441819,-1.5379013214843802,-1.2491008418703193,-1.350910522950441,3.072546453160058
2025-10-04 00:00:00,29,-0.9763874848974883,-1.0778564132207782,0.24958674562151417,-0.8640425227896174,-0.6351531884441819
2025-10-06 04:00:00,29,-0.3745534203184846,-0.1357880633745224,0.387516905546714,-0.11560603407651371,-0.9763874848974883
2025-10-06 08:00:00,29,-0.007303102410118001,-0.021876082399669566,0.14424983175428224,0.17150277372235045,-0.3745534203184846
2025-10-06 12:00:00,29,0.23757748003233736,0.10781477486836584,-0.004196252382553549,0.1771008671115908,-0.007303102410118001
2025-10-06 16:00:00,29,0.23871030880905586,-0.14355919061649164,-0.10317932134697644,-0.00501090480586619,0.23757748003233736
2025-10-06 20:00:00,29,0.19461641186551937,-0.346899226684538,-0.10363722155209848,-0.1879910311472308,0.23871030880905586
2025-10-07 00:00:00,29,-1.2746243847925722,-0.5705763597422513,-0.08581404750318078,-0.3371715831264126,0.19461641186551937
2025-10-07 04:00:00,29,0.4196554281072089,0.37781149818171755,0.5080671073455347,0.6398743271685259,-1.2746243847925722
2025-10-07 08:00:00,29,-0.10402651464491797,0.05238093889481926,-0.17677696600886286,0.31819319141028757,0.4196554281072089
2025-10-07 12:00:00,29,-0.2941231048457116,0.24656651865110968,0.03490027412934865,0.39793329516845866,-0.10402651464491797
2025-10-07 16:00:00,29,2.5007055280987522,0.4720110843265582,0.11173913048158088,0.6233893433512474,-0.2941231048457116
2025-10-07 20:00:00,29,-1.1323088518799231,-1.484750524672643,-1.0179572813745676,-1.2934923185969094,2.5007055280987522
2025-10-08 00:00:00,29,-0.9067756530985758,-0.6660550625660442,0.4505418104498056,-0.4255364359702991,-1.1323088518799231
2025-10-08 04:00:00,29,0.3020796354174031,-0.030592686120252482,0.3593791386443066,0.26954005400220815,-0.9067756530985758
2025-10-08 08:00:00,29,0.9981238765235485,-0.1725646305335096,-0.12925170826779,0.03798503599900904,0.3020796354174031
2025-10-08 12:00:00,29,-1.5598530604272547,-0.8894957345378016,-0.4105994347086524,-0.7271131867874381,0.9981238765235485
2025-10-08 16:00:00,29,1.7213138354227997,0.3401333481885079,0.6233592607265127,0.46857086847995966,-1.5598530604272547
2025-10-08 20:00:00,29,-0.4465901966737764,-0.9520019167425239,-0.7029197194046601,-0.8508787382429137,1.7213138354227997
2025-10-09 00:00:00,29,-0.3252163477771184,-0.7187316790075515,0.17336778439401895,-0.5085511235794495,-0.4465901966737764
2025-10-09 04:00:00,29,-0.2279537513623957,-0.5099008094743602,0.12430731607927004,-0.2592609747734542,-0.3252163477771184
2025-10-09 08:00:00,29,0.0023247185680830285,-0.3378805029905543,0.08499284617498654,-0.08452614060404251,-0.2279537513623957
2025-10-09 12:00:00,29,0.21177378191106122,-0.23774309105486152,-0.008087909525627903,-0.0863081218658408,0.0023247185680830285
2025-10-09 16:00:00,29,1.162799136034506,-0.4096786976254051,-0.09274922025361751,-0.24864042147704524,0.21177378191106122
2025-10-09 20:00:00,29,-1.3266092804080376,-1.4057552725337112,-0.4771627465332545,-1.1399682149131412,1.162799136034506
2025-10-10 00:00:00,29,-0.9352410570455874,-0.4900165760824127,0.5290798983822561,-0.12307399301817945,-1.3266092804080376
2025-10-10 04:00:00,29,1.069110778453016,0.1848390073029444,0.3708851266401058,0.5938222635013535,-0.9352410570455874
2025-10-10 08:00:00,29,-0.49021866874204,-0.6759644345331428,-0.4392930180837506,-0.225689999250271,1.069110778453016
2025-10-10 12:00:00,29,-0.35928287540830084,-0.17742655191973286,0.1910028292655744,0.15008042469512084,-0.49021866874204
2025-10-10 16:00:00,29,2.2418656656196436,0.10208547088001668,0.13807733173450534,0.42548380489470183,-0.35928287540830084
2025-10-10 20:00:00,29,1.094580086444351,-1.7013002957296444,-0.9133317381691076,-1.2929876963238893,2.2418656656196436
2025-10-11 00:00:00,29,0.05323306532448058,-2.826852428051755,-0.44958795549462044,-2.1320231091955595,1.094580086444351
2025-10-13 04:00:00,29,-2.7507355719712336,-3.0292539694255862,-0.028665549237169286,-2.17282818823554,0.05323306532448058
2025-10-13 08:00:00,29,-0.22508333686818105,-0.7353540945153296,1.1047253396249197,-0.06428941166515756,-2.7507355719712336
2025-10-13 12:00:00,29,1.039042150818,-0.3858580616374875,0.08383259723648975,0.10824514548469821,-0.22508333686818105
2025-10-13 16:00:00,29,0.5935921254455003,-1.200691869463197,-0.4271389917694685,-0.6882184215025244,1.039042150818
2025-10-13 20:00:00,29,-0.9921181315176923,-1.6303261840230938,-0.24708383940959824,-1.1432283565620889,0.5935921254455003
2025-10-14 00:00:00,29,-1.1544456834445516,-0.9199049607547971,0.3938753830696451,-0.3827337555690544,-0.9921181315176923
2025-10-14 04:00:00,29,0.7142674250003509,0.02970155948069253,0.45948972907839,0.5021908128956412,-1.1544456834445516
2025-10-14 08:00:00,29,0.5854953326044186,-0.5202200770242439,-0.29586194741229005,-0.04532112456588777,0.7142674250003509
2025-10-14 12:00:00,29,0.35880867841635045,-1.0117448018912256,-0.24381103845418653,-0.49412457367848006,0.5854953326044186
2025-10-14 16:00:00,29,0.540248559154044,-1.3779039541001947,-0.15218212896282424,-0.7691644646515989,0.35880867841635045
2025-10-14 20:00:00,29,0.12262214497611623,-1.8374892964582266,-0.22552186071626407,-1.1832846176644356,0.540248559154044
2025-10-15 00:00:00,29,-1.2612739252674885,-2.0770145870773877,-0.05671327759533619,-1.2772789478293998,0.12262214497611623
2025-10-15 04:00:00,29,0.43798591941880183,-1.051018462817645,0.5026707241668537,-0.31046664991091255,-1.2612739252674885
2025-10-15 08:00:00,29,-0.5522124849777832,-1.3322795680390414,-0.18418632557322737,-0.6461987733823698,0.43798591941880183
2025-10-15 12:00:00,29,-0.2971229980705079,-0.7980233735589948,0.21606132155853644,-0.22290783646125334,-0.5522124849777832
2025-10-15 16:00:00,29,1.1645291783869407,-0.6434077996758951,0.11295171595893574,0.004847738893287712,-0.2971229980705079
2025-10-15 20:00:00,29,-0.3209370229962367,-1.5451400999178189,-0.47786204616646516,-0.8878061948750098,1.1645291783869407
2025-10-16 00:00:00,29,0.07906458821834583,-1.3442780454512646,0.1225775721539561,-0.6417963040225487,-0.3209370229962367
2025-10-16 04:00:00,29,-0.5645487926186625,-1.364048968755243,-0.03910689736921392,-0.7024021840681112,0.07906458821834583
2025-10-16 08:00:00,29,0.5888709872363034,-0.9367407894205096,0.22104777486489627,-0.2696550190436682,-0.5645487926186625
2025-10-16 12:00:00,29,-0.6661968498248303,-1.3445748357682423,-0.24517551027916862,-0.7210460301015686,0.5888709872363034
2025-10-16 16:00:00,29,2.1970580416389787,-0.690886269607795,0.26213488988309924,-0.21038193537797056,-0.6661968498248303
2025-10-16 20:00:00,29,-1.1662256166722837,-2.380772139952096,-0.8952200688388032,-1.8945067645238591,2.1970580416389787
2025-10-17 00:00:00,29,-1.2290502484200942,-1.573531220533129,0.46425129053600744,-1.0005524491619422,-1.1662256166722837
2025-10-17 04:00:00,29,-0.08314482477265095,-0.6966291260579113,0.4896456063896105,-0.0584407705427914,-1.2290502484200942
2025-10-17 08:00:00,29,1.1186940996539594,-0.6981378278812452,0.026459695753943954,0.005292759095846478,-0.08314482477265095
2025-10-17 12:00:00,29,0.7741959674614822,-1.5528041482940833,-0.4593350698175643,-0.8522269211947933,1.1186940996539594
2025-10-17 16:00:00,29,-0.3485514334481685,-2.2191867832114838,-0.32008563633119996,-1.4456762642325653,0.7741959674614822
2025-10-17 20:00:00,29,-1.1227775143967094,-2.2330528961606917,0.13373958045576892,-1.1784989242718265,-0.3485514334481685
2025-10-18 00:00:00,29,2.0068369860495334,-1.4155759255506422,0.44668915285640154,-0.31784915819117465,-1.1227775143967094
2025-10-20 04:00:00,30,-1.3593414680060913,-1.492417524452138,-0.7500687469653178,-1.6614866407127629,2.0068369860495334
2025-10-20 08:00:00,30,-1.6236950948740958,-0.4730526504974725,0.5240867040254487,-0.7001756508051589,-1.3593414680060913
2025-10-20 12:00:00,30,0.26957458723767935,1.155197066483689,0.6241490207624689,0.4480832493305531,-1.6236950948740958
2025-10-20 16:00:00,30,0.7146892264134177,1.1976884078684955,-0.0924855601379801,0.25744313467892965,0.26957458723767935
2025-10-20 20:00:00,30,-0.19544069312440904,0.49935603014079366,-0.2609689758458579,-0.24797704405477994,0.7146892264134177
2025-10-21 00:00:00,30,-0.01915712377642187,0.5138622131803646,0.08353058468449627,-0.10976358511334183,-0.19544069312440904
2025-10-21 04:00:00,30,0.3152811478354458,0.5218866335526159,0.016804273566251852,-0.09621588274808701,-0.01915712377642187
2025-10-21 08:00:00,30,-0.27273329908238964,0.3074364723062584,-0.10978626600564399,-0.3191791627320839,0.3152811478354458
2025-10-21 12:00:00,30,0.7722894074555757,0.740682750389506,0.11278714269139242,-0.12630524260792875,-0.27273329908238964
2025-10-21 16:00:00,30,1.7033840930328257,0.19864541743356473,-0.2827716181165008,-0.6724596212169018,0.7722894074555757
2025-10-21 20:00:00,30,-1.8577191481992514,-1.6867379880760422,-0.6352066970076519,-1.8770736841338103,1.7033840930328257
2025-10-22 00:00:00,30,0.5256943769334708,0.22994315424749562,0.7127310811841157,-0.5633156068898,-1.8577191481992514
2025-10-22 04:00:00,30,-1.2597745509408576,0.3042979541514475,-0.18943123031013812,-0.935080754774269,0.5256943769334708
2025-10-22 08:00:00,30,0.2824475583926507,1.4353745601887753,0.4863989427113788,-0.044182368218216084,-1.2597745509408576
2025-10-22 12:00:00,30,-0.1270761144913024,1.4144574062736426,-0.09735819734109452,-0.2439261032149087,0.2824475583926507
2025-10-22 16:00:00,30,1.6925548952899128,1.6483982288848968,0.05765343595071132,-0.1540593049964798,-0.1270761144913024
2025-10-22 20:00:00,30,-2.162833816667531,0.10008733298556048,-0.6311076625915277,-1.3510150811273505,1.6925548952899128
2025-10-23 00:00:00,30,0.910821464242467,1.8685610495602745,0.828222141242952,0.1785166562925724,-2.162833816667531
2025-10-23 04:00:00,30,-0.8515062582666459,0.8852126647284634,-0.33520834353113715,-0.46560603401594847,0.910821464242467
2025-10-23 08:00:00,30,1.3447170299676756,1.5425910152485802,0.3318624920514922,0.1365696100828906,-0.8515062582666459
2025-10-23 12:00:00,30,-1.3091141229070988,0.3762474094893827,-0.49944515027660663,-0.8143991418084102,1.3447170299676756
2025-10-23 16:00:00,30,0.9728928940327268,1.5362479863836123,0.5050748047990216,0.11139163483860237,-1.3091141229070988
2025-10-23 20:00:00,30,0.15614480157116262,0.4917499864365723,-0.35870342904057084,-0.5766272721462062,0.9728928940327268
2025-10-24 00:00:00,30,-1.2605981060255473,0.27863449163126236,-0.04955046870289055,-0.687051118766199,0.15614480157116262
2025-10-24 04:00:00,30,0.030518755463642577,1.3036472552023266,0.48671067223334885,0.20442967667852585,-1.2605981060255473
2025-10-24 08:00:00,30,0.2114831942315174,1.1890509462340322,-0.001998886509895806,0.18284715623314085,0.030518755463642577
2025-10-24 12:00:00,30,0.2867985237010462,1.3167049922267713,-0.07049698583489443,0.03328862103026076,0.2114831942315174
2025-10-24 16:00:00,30,0.8124999504855612,1.9991119060889495,-0.0990051112645333,-0.16953206767240658,0.2867985237010462
2025-10-24 20:00:00,30,-1.531825222221288,0.7076639427481822,-0.2979919884231394,-0.7441228898348733,0.8124999504855612
2025-10-25 00:00:00,30,3.7714435552196317,1.6224792071151735,0.5893747208790593,0.33916667014519675,-1.531825222221288
2025-10-27 04:00:00,30,-3.8100351572633695,-3.120369346781428,-1.4180021645336314,-2.3279557731705633,3.7714435552196317
2025-10-27 08:00:00,30,0.491114372323711,0.6372917075297051,1.4517156950296888,0.3664582168506776,-3.8100351572633695
2025-10-27 12:00:00,30,-1.2241360584372494,0.5382415840597704,-0.17634211398128552,0.01914765910769667,0.491114372323711
2025-10-27 16:00:00,30,1.2401370829898521,1.741987672144409,0.4729091708206888,0.8848429047945832,-1.2241360584372494
2025-10-27 20:00:00,30,-0.2849897127620249,0.6572119611846613,-0.45985987239403453,0.007831914598879663,1.2401370829898521
2025-10-28 00:00:00,30,-0.4248196800894899,0.92860364254883,0.11742640246702611,0.20937343255948448,-0.2849897127620249
2025-10-28 04:00:00,30,0.12077362436033034,1.3905105833866451,0.17035440896278817,0.5098011299489311,-0.4248196800894899
2025-10-28 08:00:00,30,-0.24967956411637005,1.2577604119346144,-0.036161880169551436,0.4243913818310734,0.12077362436033034
2025-10-28 12:00:00,30,0.09903823587837302,1.3510900884626378,0.10406091427731057,0.600961960004101,-0.24967956411637005
2025-10-28 16:00:00,30,2.240094029218014,1.3853378259118134,-0.027934668186680663,0.5309232340388057,0.09903823587837302
2025-10-28 20:00:00,30,-0.06755254662766319,-0.5008502619232946,-0.8383604810761549,-1.0532460563105666,2.240094029218014
2025-10-29 00:00:00,30,-1.6462446792004712,-0.4370841101378531,0.03512275925277846,-1.005473655484252,-0.06755254662766319
2025-10-29 04:00:00,30,-0.001238388084530584,0.99006150016231,0.6326844196366466,0.15873205694328973,-1.6462446792004712
2025-10-29 08:00:00,30,0.016121669088533963,0.857188292313218,0.010021729185938733,0.15960783106145549,-0.001238388084530584
2025-10-29 12:00:00,30,-0.7660768713831398,0.9563134232003692,0.0034506540696086,0.14820676809440414,0.016121669088533963
2025-10-29 16:00:00,30,1.3679696173291553,1.5764318940004713,0.2995260249098664,0.6899677111007776,-0.7660768713831398
2025-10-29 20:00:00,30,2.104242093627356,0.49281094777379225,-0.5082466476840222,-0.2774450089180931,1.3679696173291553
2025-10-30 00:00:00,30,-1.6514593787149838,-0.9754269243099948,-0.7869382268424454,-1.7655413391192836,2.104242093627356
2025-10-30 04:00:00,30,1.256797346257569,0.27698897071196876,0.6346582715587542,-0.5976478498745461,-1.6514593787149838
2025-10-30 08:00:00,30,-0.8424516016244414,-0.8056153817159336,-0.4661660636869908,-1.4864407907801782,1.256797346257569
2025-10-30 12:00:00,30,-0.9623004134243072,-0.15755873846190077,0.32843515144106955,-0.8906684979693402,-0.8424516016244414
2025-10-30 16:00:00,30,1.1762878824321596,0.7770321877166723,0.3737999527829541,-0.21014047407676628,-0.9623004134243072
2025-10-30 20:00:00,30,-0.5663544777177361,0.004263148634583946,-0.4356918705954459,-1.0419980281141825,1.1762878824321596
2025-10-31 00:00:00,30,-0.4578639882267428,0.2362897409761382,0.22392772254799978,-0.6414785144911335,-0.5663544777177361
2025-10-31 04:00:00,30,0.5787752882427064,0.32120948972092506,0.18286223821544476,-0.3176822542248203,-0.4578639882267428
2025-10-31 08:00:00,30,-0.7678840090635024,-0.24182444711512968,-0.20952325258742835,-0.7269856252834312,0.5787752882427064
2025-10-31 12:00:00,30,0.6506662344809797,0.42240000938337785,0.3002100570720207,-0.18394669484469084,-0.7678840090635024
2025-10-31 16:00:00,30,0.5611235457492842,-0.05103120463196599,-0.23673519107393926,-0.6440905341155165,0.6506662344809797
2025-10-31 20:00:00,30,-1.0914655960544497,-0.09607531451760641,-0.20284176964632591,-1.0409107915126032,0.5611235457492842
2025-11-01 00:00:00,30,0.845929827750604,0.5852510882050269,0.42269115797979373,-0.2690386039214747,-1.0914655960544497
2025-11-03 04:00:00,30,-0.43159728666910624,-0.3128216046370409,-0.3106457621088118,-0.8672706591092876,0.845929827750604
2025-11-03 08:00:00,30,-0.3906251249809696,0.1377885914319929,0.17291984763039195,-0.5620499146131337,-0.43159728666910624
2025-11-03 12:00:00,30,0.15902608449529332,0.5077376608945987,0.15741119178627974,-0.28580422181524767,-0.3906251249809696
2025-11-03 16:00:00,30,1.5575323525159668,0.3386884392379818,-0.050641082998518466,-0.3982656792969639,0.15902608449529332
2025-11-03 20:00:00,30,-1.700053674877477,-0.7082758616198562,-0.5799993475600471,-1.4997350325467202,1.5575323525159668
2025-11-04 00:00:00,30,0.9586541091523717,0.5200676483206498,0.6530520341555952,-0.2974762038730674,-1.700053674877477
2025-11-04 04:00:00,30,0.3398434524512357,-0.41766261486242634,-0.353313808252959,-0.9754256024153101,0.9586541091523717
2025-11-04 08:00:00,30,-0.9234662137014258,-0.6601208900805621,-0.11908351353492998,-1.2157590678312644,0.3398434524512357
2025-11-04 12:00:00,30,-0.27154343923657187,0.3914256788191685,0.3591005516854994,-0.5626941529929805,-0.9234662137014258
2025-11-04 16:00:00,30,1.1922254567849908,0.5256725946726013,0.11233676062485724,-0.3706616883626488,-0.27154343923657187
2025-11-04 20:00:00,30,0.15613433726477055,-0.2855046242621851,-0.44172451191687206,-1.213790115641591,1.1922254567849908
2025-11-05 00:00:00,30,0.9302421829441645,-0.6541201123732622,-0.04954650778601931,-1.324206562021856,0.15613433726477055
2025-11-05 04:00:00,30,-1.9401262014695657,-1.7286373806612467,-0.3425594138720791,-1.9820633660606317,0.9302421829441645
2025-11-05 08:00:00,30,-0.7324026630734242,0.03403474813050962,0.743923543959805,-0.61002794804598,-1.9401262014695657
2025-11-05 12:00:00,30,0.38794518632235686,0.9157271593118975,0.28677976779330483,-0.09208102623036218,-0.7324026630734242
2025-11-05 16:00:00,30,0.3160052858851028,0.5549100012405908,-0.13729083297759176,-0.36643149656543095,0.38794518632235686
2025-11-05 20:00:00,30,-0.26566742346610184,0.12530983656860337,-0.11006036449918305,-0.589906878829634,0.3160052858851028
2025-11-06 00:00:00,30,0.2810324689369992,0.26942859293646293,0.11011258932014471,-0.40202986643111416,-0.26566742346610184
2025-11-06 04:00:00,30,-0.43232886793427205,-0.007396098024564413,-0.09682256205967157,-0.600772866088354,0.2810324689369992
2025-11-06 08:00:00,30,-0.7915024306934839,0.3113798866511186,0.1731967635068306,-0.2950347555537398,-0.43232886793427205
2025-11-06 12:00:00,30,1.1874218113336816,1.3556229724469058,0.3091500289345885,0.2647068568906299,-0.7915024306934839
2025-11-06 16:00:00,30,1.0957136600536508,0.43215388141128136,-0.4399062509066638,-0.575024486379144,1.1874218113336816
2025-11-06 20:00:00,30,-1.231625464002219,-0.2649334446982859,-0.40519316529679245,-1.3499008570283024,1.0957136600536508
2025-11-07 00:00:00,30,0.4042063602641566,0.41582621180350626,0.47574403743739757,-0.4789091880019285,-1.231625464002219
2025-11-07 04:00:00,30,-0.13993893028856697,-0.1293055011200699,-0.14344596221397857,-0.764759377566472,0.4042063602641566
2025-11-07 08:00:00,30,-1.421716782443374,-0.24557459945235588,0.06252222917925473,-0.6657961407576689,-0.13993893028856697
2025-11-07 12:00:00,30,1.5288007678669224,1.122990144092903,0.5476968150110303,0.339625969629072,-1.421716782443374
2025-11-07 16:00:00,30,0.5840018679754202,-0.015102514809019852,-0.5691239570554005,-0.7415247302648798,1.5288007678669224
2025-11-07 20:00:00,30,-1.0033817277364285,-0.7456027149180835,-0.21150160137296337,-1.1545242796973154,0.5840018679754202
2025-11-08 00:00:00,30,0.838743341029403,-0.18391030227773958,0.3893499247404983,-0.44494401259905203,-1.0033817277364285
2025-11-10 04:00:00,30,-1.6650827047886807,-1.1008274279959658,-0.30792555539539207,-1.0380938652450347,0.838743341029403
2025-11-10 08:00:00,30,0.4148584110237028,0.3933876357690929,0.6398149307835531,0.13943388689977532,-1.6650827047886807
2025-11-10 12:00:00,30,-0.5506479364813881,0.2765560657896213,-0.14747794350218207,-0.15394931309755222,0.4148584110237028
2025-11-10 16:00:00,30,1.6156891585459476,0.7276299968513695,0.217982531166838,0.23546271130420138,-0.5506479364813881
2025-11-10 20:00:00,30,-0.7678513642101841,-0.6675377805189305,-0.6020126817984726,-0.9071344807486721,1.6156891585459476
2025-11-11 00:00:00,30,0.35057009465805855,-0.17559050673032928,0.3001977004431699,-0.36411863638285524,-0.7678513642101841
2025-11-11 04:00:00,30,-0.3490649895977995,-0.5934118990595657,-0.1231437289469157,-0.612037862463751,0.35057009465805855
2025-11-11 08:00:00,30,-0.7520891781638639,-0.27701427709285836,0.14167997795874768,-0.3651830297449692,-0.3490649895977995
2025-11-11 12:00:00,30,-0.12159403481277309,0.47636660795094,0.2942314465607435,0.16668597401609375,-0.7520891781638639
2025-11-11 16:00:00,30,1.3253206980763501,0.9192237988092581,0.05557837611639144,0.2526759071740834,-0.12159403481277309
2025-11-11 20:00:00,30,-1.0229633510145408,-0.43529923133720144,-0.49210331075565594,-0.6845759770648403,1.3253206980763501
2025-11-12 00:00:00,30,-0.023628051375691683,0.340786342865567,0.39676190018374735,0.03885219366950565,-1.0229633510145408
2025-11-12 04:00:00,30,-0.48187237571166897,0.226280966295337,0.018496595244780593,0.0555616857229424,-0.023628051375691683
2025-11-12 08:00:00,30,1.33800797769638,0.5538025925629039,0.19194981874658426,0.39633640745933363,-0.48187237571166897
2025-11-12 12:00:00,30,-1.0560147902454204,-0.5624680537316664,-0.49690566057363084,-0.5498877781606808,1.33800797769638
2025-11-12 16:00:00,30,1.5306645581690148,0.5265283862481365,0.4092724286758947,0.1969139984797028,-1.0560147902454204
2025-11-12 20:00:00,30,-0.9274581584119694,-0.4946168963589899,-0.5698294331926069,-0.8855547529432091,1.5306645581690148
2025-11-13 00:00:00,30,0.6457485331447366,0.02390479019872242,0.3606115702433138,-0.22966677972579852,-0.9274581584119694
2025-11-13 04:00:00,30,0.5727613372940183,-0.7101176565423603,-0.23487375798313875,-0.6863328759490681,0.6457485331447366
2025-11-13 08:00:00,30,-0.45824340705368805,-1.376902236820629,-0.20724687048592988,-1.091383248569974,0.5727613372940183
2025-11-13 12:00:00,30,-1.1072175930486488,-0.06493624556491111,0.18300585465561844,-0.7673186675787314,-0.45824340705368805
2025-11-13 16:00:00,30,1.7139947736940453,0.7423467355306129,0.42865355513374365,0.015693155034144368,-1.1072175930486488
2025-11-13 20:00:00,30,-0.49676353242901605,-0.7360180867881712,-0.6392230190142664,-1.1964246618475372,1.7139947736940453
2025-11-14 00:00:00,30,0.693676440067641,-0.49303781815469166,0.19758637330301482,-0.8451190816464074,-0.49676353242901605
2025-11-14 04:00:00,30,-0.04546148821134466,-1.1718556921709335,-0.2530152809873103,-1.3356792543270348,0.693676440067641
2025-11-14 08:00:00,30,-0.5306513390004444,-1.0425702916486508,0.026760920187058335,-1.3035294014286132,-0.04546148821134466
2025-11-14 12:00:00,30,0.3763772110292454,2.5475540956062277,0.21041348097256934,-0.9282587457496039,-0.5306513390004444
2025-11-14 16:00:00,30,0.19731866230888961,1.0048280602421737,-0.132912158769489,-1.1944284741283795,0.3763772110292454
2025-11-14 20:00:00,30,-0.011979643474344215,-0.03794012514697852,-0.0651354710470481,-1.333970011744852,0.19731866230888961
2025-11-15 00:00:00,30,0.1616632578515933,-0.6178306745543471,0.014087475934726174,-1.3254981426831698,-0.011979643474344215
2025-11-17 04:00:00,31,-1.594345651762282,-0.270521640991855,-0.05255741164053957,-1.037166146115882,0.1616632578515933
2025-11-17 08:00:00,31,-0.3655761065689447,1.1900872561883562,0.6598853502429504,-0.08938152309869274,-1.594345651762282
2025-11-17 12:00:00,31,0.7490220660854696,1.441202826880134,0.1613525901282213,0.1279411208120269,-0.3655761065689447
2025-11-17 16:00:00,31,1.3129213124276493,1.024914153724108,-0.2908588970508568,-0.31732719083148986,0.7490220660854696
2025-11-17 20:00:00,31,-1.1382009452481956,-0.1473313906049407,-0.519642438118641,-1.0978145523863905,1.3129213124276493
2025-11-18 00:00:00,31,0.5112433137213088,0.9975812121127635,0.4748196636463556,-0.4211925459742485,-1.1382009452481956
2025-11-18 04:00:00,31,0.18876978260541222,0.4604501362317592,-0.19438800210033919,-0.7251094229888544,0.5112433137213088
2025-11-18 08:00:00,31,-0.5444639022948579,0.3145180002004709,-0.063554991012116,-0.8373266809253304,0.18876978260541222
2025-11-18 12:00:00,31,-0.23432746213218536,0.7735549814818654,0.23393041963493108,-0.5136612864027503,-0.5444639022948579
2025-11-18 16:00:00,31,0.8927978151691587,0.920802174692276,0.10810277674512746,-0.3743615272106062,-0.23432746213218536
2025-11-18 20:00:00,31,-1.191955441206547,-0.38107080147561795,-0.3491911704284302,-0.9050996640414501,0.8927978151691587
2025-11-19 00:00:00,31,0.4305858750730902,0.9074402938107676,0.49662877939431826,-0.19652242594472913,-1.191955441206547
2025-11-19 04:00:00,31,-0.6657620687630974,0.49862496838538745,-0.16166390369606595,-0.45249118079508843,0.4305858750730902
2025-11-19 08:00:00,31,0.08702283030278402,0.9877930376526424,0.2831431544091744,-0.05671812451691416,-0.6657620687630974
2025-11-19 12:00:00,31,-0.1316260894011112,0.9715989248163571,-0.022274517254353803,-0.10845025695710753,0.08702283030278402
2025-11-19 16:00:00,31,1.7327402729911316,1.2003072080374495,0.06643507834270812,-0.03020299395967374,-0.1316260894011112
2025-11-19 20:00:00,31,-0.4941721732741815,-0.0682206371221183,-0.68997015007807,-1.0602585434626004,1.7327402729911316
2025-11-20 00:00:00,31,-0.44246703227891615,0.05264730822074097,0.21352620748815712,-0.7664898826740494,-0.4941721732741815
2025-11-20 04:00:00,31,-0.5420520736865502,0.21555764787462686,0.1925485499987415,-0.503458181284536,-0.44246703227891615
2025-11-20 08:00:00,31,0.18745043530451255,0.6110049633254854,0.23295189963683485,-0.18122653738295824,-0.5420520736865502
2025-11-20 12:00:00,31,0.3680537442973151,0.6420082220187648,-0.06301970931178386,-0.2926594879248432,0.18745043530451255
2025-11-20 16:00:00,31,1.4254448492269525,0.5551938606304395,-0.13629355180750466,-0.5114550037549996,0.3680537442973151
2025-11-20 20:00:00,31,-0.35216650564983887,-0.21282165820161866,-0.5652951559922773,-1.3588338061891134,1.4254448492269525
2025-11-21 00:00:00,31,-0.6251868391550719,0.14880421827977167,0.15591208634588924,-1.1494827169647177,-0.35216650564983887
2025-11-21 04:00:00,31,-0.3394473411272436,0.6143279363610045,0.2666810917808277,-0.7778302638037982,-0.6251868391550719
2025-11-21 08:00:00,31,0.3130773249104557,0.8334489607645887,0.15075170438443278,-0.5760402881552551,-0.3394473411272436
2025-11-21 12:00:00,31,1.7412638152821334,1.18092217902317,-0.11398868088572127,-0.7621541801067906,0.3130773249104557
2025-11-21 16:00:00,31,-0.17952714993891838,-1.103958989958287,-0.6934282965473652,-1.7972766875232162,1.7412638152821334
2025-11-21 20:00:00,31,-0.6551495497070245,-1.0347385688873236,0.08586935551514435,-1.6905538624331031,-0.17952714993891838
2025-11-22 00:00:00,31,0.5197330345183744,-0.7037417848599484,0.27883747444055046,-1.301089590176578,-0.6551495497070245
2025-11-24 04:00:00,31,-1.219161598413077,-1.9293280823661985,-0.19783242661274733,-1.6100533193692375,0.5197330345183744
2025-11-24 08:00:00,31,-0.7240608101922756,-0.679153146620325,0.5076667813511071,-0.8853029400071737,-1.219161598413077
2025-11-24 12:00:00,31,-0.3452632071014836,0.4183162686813168,0.30679594804293114,-0.45487325164501247,-0.7240608101922756
2025-11-24 16:00:00,31,1.1073500910035552,0.5094306134382188,0.15311130039487833,-0.24962594017106543,-0.3452632071014836
2025-11-24 20:00:00,31,-1.662723236073047,-0.8961298669420871,-0.43623868774282526,-0.9079081560693405,1.1073500910035552
2025-11-25 00:00:00,31,-0.10366069025092095,0.5885615583601682,0.6876273023199444,0.0805246305986671,-1.662723236073047
2025-11-25 04:00:00,31,0.299031869709534,0.7028017875427767,0.055089038981144325,0.14214740864718678,-0.10366069025092095
2025-11-25 08:00:00,31,0.30882800672613264,0.38012655896361786,-0.10829020017729718,-0.03561693473061478,0.299031869709534
2025-11-25 12:00:00,31,-0.13785118877882496,0.1582596744041387,-0.1122646600297983,-0.21920475059008293,0.30882800672613264
2025-11-25 16:00:00,31,0.8752052689825405,0.49113777995670954,0.06896070732407404,-0.137256876335341,-0.13785118877882496
2025-11-25 20:00:00,31,-0.23797312352724553,-0.4586512682004504,-0.3420535744144594,-0.6575368388443454,0.8752052689825405
2025-11-26 00:00:00,31,0.06770677576490414,-0.24904539817602808,0.10958188374678829,-0.5160698571260536,-0.23797312352724553
2025-11-26 04:00:00,31,-0.5836891284720771,-0.6339112251498252,-0.014437664509292696,-0.5563192477604604,0.06770677576490414
2025-11-26 08:00:00,31,-0.873782551564183,-0.2192231233541553,0.24984476284822807,-0.2093357815486918,-0.5836891284720771
2025-11-26 12:00:00,31,0.6603927229673072,0.9512300916011941,0.3675406118957258,0.3100984235233808,-0.873782551564183
2025-11-26 16:00:00,31,1.3132264506213716,1.1152754478687372,-0.25490046104901015,-0.08248273808923745,0.6603927229673072
2025-11-26 20:00:00,31,-0.5111273486219385,-0.4926104539404503,-0.519766237887709,-0.8631514939908316,1.3132264506213716
2025-11-27 00:00:00,31,-0.6194224697177404,-0.1330202805596796,0.220405211282979,-0.5593035543097757,-0.5111273486219385
2025-11-27 04:00:00,31,0.45157459327136884,0.23981797039887445,0.264342388793636,-0.19107782402294227,-0.6194224697177404
2025-11-27 08:00:00,31,-1.6310728510258041,-0.19280627535268716,-0.17017938461402093,-0.4595236627121668,0.45157459327136884
2025-11-27 12:00:00,31,-0.4050901010118295,1.5990760254869536,0.6747862013356152,0.5100940393929712,-1.6310728510258041
2025-11-27 16:00:00,31,0.6708521377632142,1.979476555863542,0.17738409155159843,0.7509064179704215,-0.4050901010118295
2025-11-27 20:00:00,31,-0.0688999463741844,1.2473235033539394,-0.25914402400822056,0.3521074876460055,0.6708521377632142
2025-11-28 04:00:00,31,0.39725836082307886,1.4175881467824807,0.04098601237513905,0.3930661778948732,-0.0688999463741844
2025-11-28 08:00:00,31,0.9557989544730212,0.9735661265162132,-0.14814236279214738,0.15690950425452854,0.39725836082307886
2025-11-28 16:00:00,31,1.198173015978961,-0.03759791508504408,-0.37475180707538197,-0.4112806813204273,0.9557989544730212
2025-11-28 20:00:00,31,-0.17177941248250939,-0.8875228541118911,-0.4730870973138468,-1.123554057550833,1.198173015978961
2025-11-29 00:00:00,31,0.3700614809404801,-0.746534967059849,0.08272596629794161,-1.021437000611586,-0.17177941248250939
2025-12-01 04:00:00,31,-1.5282943958724289,-0.8288648530221775,-0.13710812480389437,-1.2414260480422188,0.3700614809404801
2025-12-01 08:00:00,31,-0.7641221117881418,0.4415921069871931,0.6330872292798925,-0.3329066650275232,-1.5282943958724289
2025-12-01 12:00:00,31,0.9696880872596534,0.9408027111409499,0.3230495013121354,0.1213381136123628,-0.7641221117881418
2025-12-01 16:00:00,31,1.4975897580748132,0.0251709740848534,-0.3803868651143817,-0.45510869214257976,0.9696880872596534
2025-12-01 20:00:00,31,-0.9375933401387773,-1.428084164863471,-0.5945655758825185,-1.3453752053810604,1.4975897580748132
2025-12-02 00:00:00,31,-0.8929185307438736,-0.797003373087341,0.3934297370596999,-0.7880076424284352,-0.9375933401387773
2025-12-02 04:00:00,31,-0.15439194059352346,-0.18575263205122497,0.3753044049969359,-0.25719774426694997,-0.8929185307438736
2025-12-02 08:00:00,31,-0.35978370413232064,-0.19683203941650554,0.07567157242388972,-0.16541695190829042,-0.15439194059352346
2025-12-02 12:00:00,31,0.5722047772393584,0.32153586533930917,0.15900251367513743,0.0484623044573933,-0.35978370413232064
2025-12-02 16:00:00,31,1.5244932392417407,-0.4805768270703172,-0.21912110749603386,-0.2916941029596476,0.5722047772393584
2025-12-02 20:00:00,31,-1.5044037201739133,-2.054123464646673,-0.6054807770081556,-1.1979538267842154,1.5244932392417407
2025-12-03 00:00:00,31,-0.06670071051324378,-0.6798503116165083,0.6233943747136501,-0.30363664329602447,-1.5044037201739133
2025-12-03 04:00:00,31,-0.802580676854701,-0.921552479568306,0.0400937448802399,-0.26398532446256073,-0.06670071051324378
2025-12-03 08:00:00,31,0.7226830619390192,-0.27553136274924495,0.33865279703807805,0.2131217717388285,-0.802580676854701
2025-12-03 12:00:00,31,0.7360825764344359,-0.691699292021173,-0.2801727138791074,-0.21648889183571463,0.7226830619390192
2025-12-03 16:00:00,31,0.8675949769029767,-1.084267740923592,-0.28560912542733335,-0.6540651140584801,0.7360825764344359
2025-12-03 20:00:00,31,-1.4257307282439005,-2.041606455236719,-0.3389659491306579,-1.169821015049389,0.8675949769029767
2025-12-04 00:00:00,31,0.3911363330153659,-0.715034903668832,0.5914754001860205,-0.32227226719847835,-1.4257307282439005
2025-12-04 04:00:00,31,-1.9357494499108423,-1.1272949708516862,-0.1456585517045296,-0.5547896021474799,0.3911363330153659
2025-12-04 08:00:00,31,0.20124411702078504,0.7448130663173148,0.7983986935060875,0.5959480441160849,-1.9357494499108423
2025-12-04 12:00:00,31,0.7116682413927471,0.5768424743554752,-0.068616041223701,0.4763152158306099,0.20124411702078504
2025-12-04 16:00:00,31,1.4288220504382263,0.1216531598366709,-0.27570381333499644,0.0532524909213814,0.7116682413927471
2025-12-04 20:00:00,31,-0.20309780996892712,-1.143097828003083,-0.5666653441190137,-0.796133943529882,1.4288220504382263
2025-12-05 00:00:00,31,-1.9207972623529272,-0.9607867686517633,0.09543237426707582,-0.6753991574160629,-0.20309780996892712
2025-12-05 04:00:00,31,0.4294442552985611,0.7272504846571145,0.7923323360168745,0.46644991852261874,-1.9207972623529272
2025-12-05 08:00:00,31,0.4585619574557338,0.25972094280247443,-0.16120072908417565,0.21115981805716988,0.4294442552985611
2025-12-05 12:00:00,31,0.016856844332252763,0.07583817952660178,-0.1730142774272296,-0.06143977256284927,0.4585619574557338
2025-12-05 16:00:00,31,1.8387794401940631,0.17067066433581932,0.006193019875691574,-0.07146059698887264,0.016856844332252763
2025-12-05 20:00:00,31,-1.7378966654112986,-1.4054804424472258,-0.7329920486209958,-1.1645528487284817,1.8387794401940631
2025-12-06 00:00:00,31,0.7574437031805417,0.14449781195511954,0.7181264446220036,-0.13143199814691187,-1.7378966654112986
2025-12-08 04:00:00,31,-1.5191709848144548,-0.8953570122009861,-0.294275698844256,-0.58170668850794,0.7574437031805417
2025-12-08 08:00:00,31,-0.29618649211121983,0.39341462125783605,0.62938570582158,0.32138913487860776,-1.5191709848144548
2025-12-08 12:00:00,31,-0.2867697267469289,0.8674346946480218,0.1332000401612838,0.4974619974088412,-0.29618649211121983
2025-12-08 16:00:00,31,2.280519902370777,1.2114989286364328,0.12937949785798797,0.6679369110871605,-0.2867697267469289
2025-12-08 20:00:00,31,-0.8971862975932279,-0.6734623474888211,-0.9122136876376619,-0.6877551206642796,2.280519902370777
2025-12-09 00:00:00,31,-0.13464320038515076,-0.03451735845508479,0.3770359107908885,-0.15440817930267592,-0.8971862975932279
2025-12-09 04:00:00,31,0.0890485842415405,0.07792116881526794,0.06765917172321996,-0.07436734576208615,-0.13464320038515076
2025-12-09 08:00:00,31,-1.1624559730450557,-0.1239491138017106,-0.023096400174834754,-0.12730372047624794,0.0890485842415405
2025-12-09 12:00:00,31,0.9327041606449331,1.0317545344767862,0.48466034207261455,0.5637370804747732,-1.1624559730450557
2025-12-09 16:00:00,31,1.6684338393900866,0.24188195629914178,-0.365381855357067,0.009275969544215279,0.9327041606449331
2025-12-09 20:00:00,31,-1.356247879828505,-1.6005370700201003,-0.6638799332740564,-0.9825515778559195,1.6684338393900866
2025-12-10 00:00:00,31,-0.23018287265569803,-0.3116776695896352,0.5632850236124294,-0.1763080358233049,-1.356247879828505
2025-12-10 04:00:00,31,-1.342185307830544,-0.1597575655903478,0.10642124611203338,-0.039472095044810196,-0.23018287265569803
2025-12-10 08:00:00,31,0.4325332157804809,1.036491278758905,0.5575795983275339,0.7584117230565433,-1.342185307830544
2025-12-10 12:00:00,31,0.8686493949532608,0.6597259631840091,-0.16245397303131018,0.501285339948975,0.4325332157804809
2025-12-10 16:00:00,31,-0.497499679995391,0.05584283255971299,-0.33939374451587007,-0.015097376947999841,0.8686493949532608
2025-12-10 20:00:00,31,2.749930604239365,0.46157864647132246,0.21487623371277673,0.2806493741623477,-0.497499679995391
2025-12-11 00:00:00,31,-1.9568212788059807,-1.670578023047652,-1.102661614789957,-1.3540914602241996,2.749930604239365
2025-12-11 04:00:00,31,-0.11325688377865539,-0.10295202312997086,0.8069478938511414,-0.1908273236204847,-1.9568212788059807
2025-12-11 08:00:00,31,-0.9574760207955837,-0.1962900255062133,0.05898237835034543,-0.12349993273908755,-0.11325688377865539
2025-12-11 12:00:00,31,-0.5458315971783207,0.5659419866208538,0.40149647968454083,0.44568721210285567,-0.9574760207955837
2025-12-11 16:00:00,31,2.6684005363286047,0.9884372392795736,0.23448531677403642,0.7701656550243783,-0.5458315971783207
2025-12-11 20:00:00,31,0.46289695995391256,-1.731352618763967,-1.0695834758119134,-0.8161083085842087,2.6684005363286047
2025-12-12 00:00:00,31,-0.5134687132214708,-2.5721830138774315,-0.17477306187055763,-1.091284911725932,0.46289695995391256
2025-12-12 04:00:00,31,-1.8133387792121152,-1.946522521173703,0.22135514283101074,-0.786045109896377,-0.5134687132214708
2025-12-12 08:00:00,31,-0.13378556654020812,-0.3350763606960146,0.7487345967927126,0.29192352843391145,-1.8133387792121152
2025-12-12 12:00:00,31,-0.21362043273200726,-0.10923508462040445,0.06731121504610375,0.37145452762991216,-0.13378556654020812
2025-12-12 16:00:00,31,2.8460176167401983,0.28357978617266927,0.09970158177652709,0.49844465745645383,-0.21362043273200726
2025-12-12 20:00:00,31,-2.2492450837684554,-1.9998201640570468,-1.1416457544446241,-1.1934166594423319,2.8460176167401983
2025-12-13 00:00:00,31,2.6830993370346015,0.05396506917442255,0.9255892185661481,0.14368354930876492,-2.2492450837684554
2025-12-15 04:00:00,32,-2.6883931273069077,-1.5109078438585892,-0.9491081214436883,-1.3069263142767582,2.6830993370346015
2025-12-15 08:00:00,32,-1.1842024886483564,0.3699104929320724,0.9770317861057762,0.49341492610018634,-2.6883931273069077
2025-12-15 12:00:00,32,0.6585986221974025,1.3726442409237973,0.4376506668142443,1.286442015633904,-1.1842024886483564
2025-12-15 16:00:00,32,2.3553697973259844,0.7871254028741593,-0.22315129555277033,0.8453970477853243,0.6585986221974025
2025-12-15 20:00:00,32,-0.8490295223741668,-0.5449281025002498,-0.8315890241897803,-0.7319278379958476,2.3553697973259844
2025-12-16 00:00:00,32,-0.30694347654236687,-0.09920898423802944,0.31746246389705185,-0.1633566540042537,-0.8490295223741668
2025-12-16 04:00:00,32,-0.8670352802260126,0.11152699592650146,0.12307820791349287,0.04219475649107984,-0.30694347654236687
2025-12-16 08:00:00,32,0.04060012315505013,0.5620869228950224,0.3239190695786841,0.6228238899304888,-0.8670352802260126
2025-12-16 12:00:00,32,1.4859946688117063,0.8355616273621996,-0.0015459261487811363,0.595635129723517,0.04060012315505013
2025-12-16 16:00:00,32,-0.2155151670119686,-0.21622455336164856,-0.5198436125041703,-0.39949369205039087,1.4859946688117063
2025-12-16 20:00:00,32,-0.26087993235565676,-0.052688539184163156,0.09029333167372444,-0.2551692481447301,-0.2155151670119686
2025-12-17 00:00:00,32,-0.8278391136235062,0.05334346961729743,0.1065604837744035,-0.08046529720987117,-0.26087993235565676
2025-12-17 04:00:00,32,-0.11670647999933692,0.4938349369149853,0.3098638882269031,0.4739152662259869,-0.8278391136235062
2025-12-17 08:00:00,32,0.20156110739623578,0.4585012022499087,0.05486195826474665,0.5520703123864106,-0.11670647999933692
2025-12-17 12:00:00,32,0.040256203765538956,0.6269280792763254,-0.059264219037309857,0.4170905096129207,0.20156110739623578
2025-12-17 16:00:00,32,3.203330782458167,0.4676838265357159,-0.001422601604343052,0.39013206254505484,0.040256203765538956
2025-12-17 20:00:00,32,-2.199423878302163,-1.7907797668848289,-1.1356556321857163,-1.755048437899668,3.203330782458167
2025-12-18 00:00:00,32,-1.2025226762216334,-0.3876518865544167,0.8016944491691993,-0.2821561466060123,-2.199423878302163
2025-12-18 04:00:00,32,0.2217101712366656,0.41410479723316446,0.4442200224696667,0.5231394571135937,-1.2025226762216334
2025-12-18 08:00:00,32,-0.2729645826003111,0.25558686416274284,-0.06648938340651492,0.37466639317288397,0.2217101712366656
2025-12-18 12:00:00,32,2.0520014696735824,0.5068556802844579,0.11089386546664787,0.5574630943792691,-0.2729645826003111
2025-12-18 16:00:00,32,0.7796465949798819,-0.7679204723614982,-0.7228055070468467,-0.816704557532641,2.0520014696735824
2025-12-18 20:00:00,32,-0.6730658350754872,-1.3395240273140323,-0.26655735683873316,-1.3388119471121653,0.7796465949798819
2025-12-19 00:00:00,32,-1.6479410162378034,-1.0540362494884497,0.25436441756532513,-0.8880786938289988,-0.6730658350754872
2025-12-19 04:00:00,32,1.106378506734913,0.14321184559803815,0.6039406300950105,0.21550104051351937,-1.6479410162378034
2025-12-19 08:00:00,32,-0.6930319979544883,-0.9376977138928633,-0.38371871906330907,-0.5254095178827018,1.106378506734913
2025-12-19 12:00:00,32,-1.0908540492562686,-0.18937652630581345,0.26152399628151557,-0.06130548706033068,-0.6930319979544883
2025-12-19 16:00:00,32,2.0602167524045534,0.646823350521082,0.40417725963473616,0.6692087789375094,-1.0908540492562686
2025-12-19 20:00:00,32,-1.3022440429423963,-0.7960907073328302,-0.7257513892248393,-0.7104604166852866,2.0602167524045534
2025-12-20 00:00:00,32,1.4261704511120428,0.01407472965093646,0.47997866968947306,0.16161578070217786,-1.3022440429423963
2025-12-22 04:00:00,32,-2.773983287477815,-1.2706874189459547,-0.49839150884504785,-0.7934504456112652,1.4261704511120428
2025-12-22 08:00:00,32,1.5890914709388948,0.7732323788015553,1.0077231859900997,1.064208116983549,-2.773983287477815
2025-12-22 12:00:00,32,-0.9809829274822501,-0.2452830663692883,-0.5568126422917328,3.826741676959955e-05,1.5890914709388948
2025-12-22 16:00:00,32,1.1701844028415138,0.44270531030877164,0.36477905629720114,0.6569749343473212,-0.9809829274822501
2025-12-22 20:00:00,32,-0.3956607672948138,-0.3322517214225507,-0.40659859530696774,-0.12666463751539236,1.1701844028415138
2025-12-23 00:00:00,32,-0.5301170507195732,-0.09950002173020811,0.1548909518282152,0.13829824656756529,-0.3956607672948138
2025-12-23 04:00:00,32,0.21413757689547808,0.31204203428846283,0.20310504037892102,0.49330272078056936,-0.5301170507195732
2025-12-23 08:00:00,32,-0.5978551651140673,0.18265161467230964,-0.06377396003748435,0.34990081021791575,0.21413757689547808
2025-12-23 12:00:00,32,-0.38834738072161556,0.9018147627039749,0.22739495352010622,0.7502675938532573,-0.5978551651140673
2025-12-23 16:00:00,32,2.1036308121166485,1.1784006428306515,0.15226847663505666,1.010332908707662,-0.38834738072161556
2025-12-23 20:00:00,32,-0.38573663615316534,-0.4550784541863461,-0.7413190463546446,-0.3984094612652589,2.1036308121166485
2025-12-24 00:00:00,32,-0.9769454703285394,-0.2506319009694184,0.15133230119869656,-0.140092488595978,-0.38573663615316534
2025-12-24 04:00:00,32,0.01981983041646984,0.5382545833415429,0.36333128225666983,0.5141404068711477,-0.9769454703285394
2025-12-24 08:00:00,32,-0.456868090516684,0.4104430859824887,0.005905587820576466,0.5008676240650889,0.01981983041646984
2025-12-24 12:00:00,32,-0.5261417978430885,0.8459893335454163,0.17683901722615777,0.8068193304635525,-0.456868090516684
2025-12-24 16:00:00,32,1.5290000815248312,1.1882934140876455,0.20167957189714839,1.1591616896674957,-0.5261417978430885
2025-12-24 20:00:00,32,0.6029728737548989,0.027528108620007055,-0.5352647347001482,0.13523335294153505,1.5290000815248312
2025-12-26 04:00:00,32,-0.1653459592006712,-0.48465067372760934,-0.20320470255768025,-0.26856061618566596,0.6029728737548989
2025-12-26 08:00:00,32,-0.283601976581334,-0.4677122967296046,0.07230337563506722,-0.1578330792584861,-0.1653459592006712
2025-12-26 12:00:00,32,-1.762636420744336,-0.1217771124833482,0.11470828188725928,0.0320871854177085,-0.283601976581334
2025-12-26 16:00:00,32,2.913434292119586,1.2334341797206514,0.6450687518040379,1.2124752052440098,-1.762636420744336
2025-12-26 20:00:00,32,-3.359288386935493,-0.7769660790896871,-1.031702922057858,-0.738569771755186,2.913434292119586
2025-12-27 00:00:00,32,2.416211241206428,1.5348012599921075,1.2176051727268802,1.5110511485964988,-3.359288386935493
2025-12-29 04:00:00,32,-0.6306425030733038,-0.4432224202592854,-0.8534058905205086,-0.10701754039911116,2.416211241206428
2025-12-29 08:00:00,32,0.8675966719341339,0.0014420156891269357,0.23915202113675765,0.31530600100748707,-0.6306425030733038
2025-12-29 12:00:00,32,-0.7308730708850639,-0.388854541355403,-0.2980949889248276,-0.2656990806642954,0.8675966719341339
2025-12-29 16:00:00,32,0.7199702210588157,0.4338969519197462,0.27509326054092403,0.22374605205460973,-0.7308730708850639
2025-12-29 20:00:00,32,-1.8253079001954067,-0.3953271608038697,-0.24515826783129824,-0.2583977488834428,0.7199702210588157
2025-12-30 00:00:00,32,-0.5116761888992762,0.9267759559590623,0.6675418425580937,0.9639595974915487,-1.8253079001954067
2025-12-30 04:00:00,32,0.8810604608787767,1.3038978490234174,0.1964924126748936,1.3066147453705614,-0.5116761888992762
2025-12-30 08:00:00,32,-0.08026621751346319,0.48911482732376604,-0.3029229099105231,0.7165933430414455,0.8810604608787767
2025-12-30 12:00:00,32,-0.5056649962788917,0.7143220786751117,0.04179500447460975,0.7703453706488492,-0.08026621751346319
2025-12-30 16:00:00,32,2.3527114444331687,1.0455998080192483,0.1943368854960039,1.1089749919527474,-0.5056649962788917
2025-12-30 20:00:00,32,-1.7979904516627165,-0.5345570201598016,-0.8306357770933368,-0.4665696696879147,2.3527114444331687
2025-12-31 00:00:00,32,-0.26377500001319376,0.5072225065190124,0.6577461985838089,0.7374939499713911,-1.7979904516627165
2025-12-31 04:00:00,32,-0.6219957821174784,0.5001053489451368,0.107598613379398,0.914136646264808,-0.26377500001319376
2025-12-31 08:00:00,32,0.027031142522485396,1.071894039892695,0.23605143141927748,1.330669721919696,-0.6219957821174784
2025-12-31 12:00:00,32,-0.037103483887554134,1.3678629363594568,0.0033197150626047365,1.3125677262839286,0.027031142522485396
2025-12-31 16:00:00,32,1.7849282794942525,1.3929980379327633,0.02631746926299098,1.3374148855501549,-0.037103483887554134
2025-12-31 20:00:00,32,-0.8468749554879107,0.39600140691317537,-0.6270369039526567,0.14209863509251974,1.7849282794942525
2026-01-01 00:00:00,32,1.2068690582576558,0.6890590677631343,0.3166898672136064,0.7092269662583579,-0.8468749554879107
2026-01-02 04:00:00,32,-1.407394861639693,-0.46588601048242895,-0.4197531848853399,-0.09897928722686622,1.2068690582576558
2026-01-02 08:00:00,32,0.1259706059686625,0.5833684109647087,0.5176842402639243,0.8435134550614478,-1.407394861639693
2026-01-02 12:00:00,32,-0.16692261979780199,0.5666001064164573,-0.03215855289370623,0.7591544843822433,0.1259706059686625
2026-01-02 16:00:00,32,1.932605544328032,0.8085423531085018,0.07286874343869994,0.8709378665525396,-0.16692261979780199
2026-01-02 20:00:00,32,-1.3160826308595013,-0.6412151316338431,-0.6799918462005303,-0.42327369331717435,1.932605544328032
2026-01-03 00:00:00,32,1.5941935391855306,0.09767518276339592,0.484940988193728,0.4580698170546462,-1.3160826308595013
2026-01-05 04:00:00,32,-1.9833082954644912,-1.2776595063279899,-0.5586421705515459,-0.609516744072037,1.5941935391855306
2026-01-05 08:00:00,32,-0.21210143616768917,0.3606377981457669,0.7241985108410085,0.7186490217299681,-1.9833082954644912
2026-01-05 12:00:00,32,0.2311915898083896,0.6574995385024875,0.08906921691298537,0.8606873861333142,-0.21210143616768917
2026-01-05 16:00:00,32,1.1774546509893629,0.682106398852739,-0.0698892836786299,0.7058648829314453,0.2311915898083896
2026-01-05 20:00:00,32,-0.06140859022790224,-0.6153580541747624,-0.4092056016815129,-0.08264336957004659,1.1774546509893629
2026-01-06 00:00:00,32,-1.024536250551689,-0.6662674066530511,0.03503293067155819,-0.04151976440317462,-0.06140859022790224
2026-01-06 04:00:00,32,-0.9605313062301999,0.18887310185684988,0.3803966512630958,0.6445833376297898,-1.024536250551689
2026-01-06 08:00:00,32,0.5872933379691663,0.9620835462690343,0.35744539919367396,1.2878241292069035,-0.9605313062301999
2026-01-06 12:00:00,32,-0.0014012624526991146,0.5988045412077435,-0.19758224663705148,0.8945303040572679,0.5872933379691663
2026-01-06 16:00:00,32,2.0626954267842894,0.579344104507134,0.013515166374109917,0.8954686900978217,-0.0014012624526991146
2026-01-06 20:00:00,32,-0.6674314768286926,-0.6676329551061951,-0.7266402061918784,-0.4858604040204657,2.0626954267842894
2026-01-07 00:00:00,32,0.29785069906596107,-0.588801784345843,0.25234401777055193,-0.03890032193452164,-0.6674314768286926
2026-01-07 04:00:00,32,-1.9489603788414875,-0.7876136908502157,-0.09379228110347097,-0.23836255517595273,0.29785069906596107
2026-01-07 08:00:00,32,0.9769635545524871,0.6880989535755372,0.7118818421706263,1.066801377229993,-1.9489603788414875
2026-01-07 12:00:00,32,-0.2897152670329177,0.2651167818603562,-0.33731237935661557,0.4125563712668825,0.9769635545524871
2026-01-07 16:00:00,32,0.9398120817471494,0.48625059630397954,0.11690041987933593,0.6065705345632608,-0.2897152670329177
2026-01-07 20:00:00,32,-1.1917573225679252,-0.07624451866331115,-0.3239903957794922,-0.022795175305533988,0.9398120817471494
2026-01-08 00:00:00,32,-0.31646556373830137,0.43247201475704306,0.4403597215516363,0.7752911739515636,-1.1917573225679252
2026-01-08 04:00:00,32,0.7433084804977206,0.5344670691890386,0.12649269136907074,0.9872192583414936,-0.31646556373830137
2026-01-08 08:00:00,32,0.5908186088297747,0.2664474533534877,-0.2535270318529245,0.4894464816708002,0.7433084804977206
2026-01-08 12:00:00,32,-0.6075984655743039,-0.061766044621590625,-0.19884635804270184,0.09379188180805187,0.5908186088297747
2026-01-08 16:00:00,32,1.0088179761528195,0.46123060141753935,0.23088876086923507,0.5006834796373347,-0.6075984655743039
2026-01-08 20:00:00,32,-0.7651987733869561,-0.42495584362177513,-0.34873491659065553,-0.17489353625874404,1.0088179761528195
2026-01-09 00:00:00,32,0.28671100836989716,0.11466854975198985,0.2874019635471136,0.33753855368429697,-0.7651987733869561
2026-01-09 04:00:00,32,-1.2659153631758588,-0.1524789377824423,-0.0897977483083707,0.14553625789080016,0.28671100836989716
2026-01-09 08:00:00,32,0.794478246977004,0.7466516665005085,0.4669517278569314,0.9932841605330456,-1.2659153631758588
2026-01-09 12:00:00,32,-0.9496686811878003,0.3798833829426184,-0.2718757738329278,0.4612444308942809,0.794478246977004
2026-01-09 16:00:00,32,3.072205381614234,1.3253093937709992,0.35355021815529253,1.0972108280965749,-0.9496686811878003
2026-01-09 20:00:00,32,-1.431149497470603,-1.207608088864598,-1.0886359502005754,-0.9601586805692879,3.072205381614234
2026-01-10 00:00:00,32,-0.2676052169988328,-0.3246522109929674,0.5262023108685023,-0.0017581269932094301,-1.431149497470603
2026-01-12 04:00:00,33,-0.2621553712452833,0.13244140234851565,0.10775743098154687,0.08376485527758959,-0.2676052169988328
2026-01-12 08:00:00,33,0.7195600964869708,0.002186640374606306,0.10552222402547325,0.26071590787166343,-0.2621553712452833
2026-01-12 12:00:00,33,-1.7133976547016019,-0.381635016842116,-0.29711985826301224,-0.22497666395411464,0.7195600964869708
2026-01-12 16:00:00,33,1.8819955975273661,1.2532402875696946,0.7007366564370799,0.9315417665913799,-1.7133976547016019
2026-01-12 20:00:00,33,-1.1331309917264214,-0.6383229930627321,-0.773882694389187,-0.3387778167075357,1.8819955975273661
2026-01-13 00:00:00,33,-0.24114242631763538,0.159330954369304,0.4627453186794897,0.4260690783246215,-1.1331309917264214
2026-01-13 04:00:00,33,-0.041457227446544564,0.48580224470783173,0.09690394695969012,0.5888366995230836,-0.24114242631763538
2026-01-13 08:00:00,33,0.3595882941258992,0.19910023821933687,0.015004794997286184,0.6168197234811714,-0.041457227446544564
2026-01-13 12:00:00,33,-0.8405283397701329,0.08479625379076736,-0.14948054643408745,0.37410286880131416,0.3595882941258992
2026-01-13 16:00:00,33,1.914529176419295,1.1543605570994884,0.34273687943287007,0.9414472407703869,-0.8405283397701329
2026-01-13 20:00:00,33,-1.2754510027945223,-0.7975958843640947,-0.7872260595289889,-0.3508320338452968,1.914529176419295
2026-01-14 00:00:00,33,2.2306991486905066,0.1805593456348345,0.5211166365320563,0.5100787932134061,-1.2754510027945223
2026-01-14 04:00:00,33,-2.577706144925454,-2.0982169202509873,-0.9169004307461827,-0.9956106019970772,2.2306991486905066
2026-01-14 08:00:00,33,0.05079271030916743,0.22689744113802995,1.0552252854562791,0.744303455289204,-2.577706144925454
2026-01-14 12:00:00,33,0.5958306424380151,0.38909386841725835,-0.022830716665522166,0.7100191165376479,0.05079271030916743
2026-01-14 16:00:00,33,1.3236134150756165,0.05299391318205346,-0.2463732960908084,0.3078421218555025,0.5958306424380151
2026-01-14 20:00:00,33,-0.21887904691949522,-1.2342658344424708,-0.544867086461046,-0.5855776311432885,1.3236134150756165
2026-01-15 00:00:00,33,-1.4341799415571277,-1.2340924046218607,0.08777281504388888,-0.4378374663730069,-0.21887904691949522
2026-01-15 04:00:00,33,-0.1630014756357525,-0.17353488418985424,0.5862179337240524,0.5302130796155957,-1.4341799415571277
2026-01-15 08:00:00,33,0.4203448923532296,0.10052619647575523,0.06485511394371068,0.6402366986287156,-0.1630014756357525
2026-01-15 12:00:00,33,-0.4767050677032234,0.04357113197726066,-0.17439933810753097,0.35651002615533933,0.4203448923532296
2026-01-15 16:00:00,33,2.3193981319411776,0.23984372109087196,0.1935179207172442,0.6782789950928105,-0.4767050677032234
2026-01-15 20:00:00,33,-1.9435043582036862,-1.5170144257062288,-0.9532795492247987,-0.8872809203197756,2.3193981319411776
2026-01-16 00:00:00,33,-0.7556975168193283,-0.07860455155608292,0.7951129246043115,0.424556179456987,-1.9435043582036862
2026-01-16 04:00:00,33,0.33394855514791644,0.43803294658726105,0.3079442533432979,0.9346409830172124,-0.7556975168193283
2026-01-16 08:00:00,33,-1.0509812432137817,0.22048320668746973,-0.13896462992797834,0.7092305782446751,0.33394855514791644
2026-01-16 12:00:00,33,-0.026365492434679894,1.4674919159300326,0.4290523120112625,1.4186275910157917,-1.0509812432137817
2026-01-16 16:00:00,33,2.799611322425477,1.654144362619596,0.008815050809431022,1.4364239139227628,-0.026365492434679894
2026-01-16 20:00:00,33,-1.5146999463613078,-0.7726671364684428,-1.1502348232469553,-0.45327290214577065,2.799611322425477
2026-01-17 00:00:00,33,2.091348153541251,0.22560965645630499,0.6192425151489792,0.5691274728671196,-1.5146999463613078
2026-01-19 04:00:00,33,-3.0588741696383615,-1.001607679387247,-0.8597468290152466,-0.8425020327650525,2.091348153541251
2026-01-19 08:00:00,33,0.5141641667753571,1.2397943093404709,1.2525721764537034,1.2221934243571955,-3.0588741696383615
2026-01-19 12:00:00,33,-0.28427113880477606,1.259048407413829,-0.21287849958940233,0.875140109809891,0.5141641667753571
2026-01-19 16:00:00,33,0.05427292078911705,1.1409909494955714,0.11459281422624912,1.067018982993675,-0.28427113880477606
2026-01-19 20:00:00,33,1.7299325408081607,1.0323285761226024,-0.024258094801557908,1.03038555291986,0.05427292078911705
2026-01-20 04:00:00,33,-0.2629457065120615,-0.4259096335845118,-0.7115153508879114,-0.1372936846202819,1.7299325408081607
2026-01-20 08:00:00,33,-0.44036062080788163,-0.13918296164690902,0.10584637317864558,0.040190832753454586,-0.2629457065120615
2026-01-20 12:00:00,33,-0.3753969628302958,0.778431987759463,0.17861156112675353,0.33742783004551846,-0.44036062080788163
2026-01-20 16:00:00,33,1.4582974661988093,0.7715271703301632,0.15196728039478688,0.5908153055639502,-0.3753969628302958
2026-01-20 20:00:00,33,-0.7833549564636471,-0.2713009711347144,-0.6001065815874295,-0.3935142178533333,1.4582974661988093
2026-01-21 00:00:00,33,1.3437487728680413,0.05791088698908883,0.3192877122732877,0.135238954139977,-0.7833549564636471
2026-01-21 04:00:00,33,-1.8872463244606053,-1.1802571030400897,-0.5531254287767613,-0.7717718717359521,1.3437487728680413
2026-01-21 08:00:00,33,0.49820064384307017,0.34398068742321286,0.7720391801271104,0.5020918756718551,-1.8872463244606053
2026-01-21 12:00:00,33,1.0777466105288713,0.09576526055210985,-0.20633119914911935,0.16581370630872172,0.49820064384307017
2026-01-21 16:00:00,33,0.8427002539285482,-0.5778824722619795,-0.44402694957596933,-0.5616495390822909,1.0777466105288713
2026-01-21 20:00:00,33,-0.5018812336977536,-0.9629246300714359,-0.3476247255441002,-1.1304599214353974,0.8427002539285482
2026-01-22 00:00:00,33,-1.5330176944120257,-0.7359837344065929,0.2038437067858843,-0.791697407594179,-0.5018812336977536
2026-01-22 04:00:00,33,-0.9983205906763235,0.18321691606051907,0.6267553805976761,0.24306718022629425,-1.5330176944120257
2026-01-22 08:00:00,33,-0.3096490660190554,1.0052110135014412,0.4074540022267258,0.9169190204818527,-0.9983205906763235
2026-01-22 12:00:00,33,1.078456170760509,1.5157852961694924,0.12500135090880435,1.1259276244504424,-0.3096490660190554
2026-01-22 16:00:00,33,1.1030902493366117,0.5862341844147052,-0.4443179695492368,0.39798543625054883,1.078456170760509
2026-01-22 20:00:00,33,-0.683811234892584,-0.23028337170622404,-0.4544214231660493,-0.34658439575088096,1.1030902493366117
2026-01-23 00:00:00,33,-1.334129138346773,0.21078486665439025,0.2784607184553098,0.11497821582224965,-0.683811234892584
2026-01-23 04:00:00,33,0.3093936632435419,1.268877513053481,0.5451829647708694,1.0154959286788916,-1.334129138346773
2026-01-23 08:00:00,33,0.02564395956817833,0.4777962993490372,-0.12889365403759695,0.806659717859251,0.3093936632435419
2026-01-23 12:00:00,33,-0.5786157423787053,1.2096337243885036,-0.012516174725282896,0.7893504191150971,0.02564395956817833
2026-01-23 16:00:00,33,2.9543578013880207,1.4544167260428251,0.23531569981666817,1.179907607301093,-0.5786157423787053
2026-01-23 20:00:00,33,-1.2674038555746776,-0.8409307934260645,-1.2137027491014993,-0.8142408254082776,2.9543578013880207
2026-01-24 00:00:00,33,2.7818265910948856,0.2810468867526535,0.5178161689122837,0.04123829462810846,-1.2674038555746776
2026-01-26 04:00:00,33,-2.8322284613264657,-1.752600785054707,-1.14294056998187,-1.8364540871459756,2.7818265910948856
2026-01-26 08:00:00,33,-0.6024427974094735,0.09411700408085119,1.159615405438113,0.07525882202689083,-2.8322284613264657
2026-01-26 12:00:00,33,-0.6746451651311958,0.8651262032475989,0.24508815972763634,0.4818989248900998,-0.6024427974094735
2026-01-26 16:00:00,33,2.5666896613063965,1.3451401928539557,0.2747013344622551,0.9372745730425542,-0.6746451651311958
2026-01-26 20:00:00,33,-1.3904303203526194,-0.9341305103914884,-1.0547040246340749,-0.7952035184536017,2.5666896613063965
2026-01-27 00:00:00,33,-0.49933607779865774,0.03917468427029311,0.5682744061337139,0.14331667122013414,-1.3904303203526194
2026-01-27 04:00:00,33,-0.5957340547770276,0.2247552819886101,0.20279983317418696,0.4803612419453227,-0.49933607779865774
2026-01-27 08:00:00,33,-0.19660987521786666,0.9632101826404709,0.24233662713815263,0.8824730413648343,-0.5957340547770276
2026-01-27 12:00:00,33,0.6325700696360794,1.3966186168534456,0.07863930746506259,1.015181839986548,-0.19660987521786666
2026-01-27 16:00:00,33,1.8777690558590212,0.7617298793104308,-0.26144165342583753,0.588206267714634,0.6325700696360794
2026-01-27 20:00:00,33,-0.7668938628678195,-0.3665434817744697,-0.7721492149909734,-0.6792604615935609,1.8777690558590212
2026-01-28 00:00:00,33,-0.9475337323265798,0.3559590153221994,0.31253633754199206,-0.16161828772626485,-0.7668938628678195
2026-01-28 04:00:00,33,-0.4340031852510986,0.9560147870267318,0.38662421287231347,0.47795316376500985,-0.9475337323265798
2026-01-28 08:00:00,33,0.30825257744706924,0.8945200211018909,0.17600411408661368,0.7708989847663581,-0.4340031852510986
2026-01-28 12:00:00,33,0.5911764764061989,0.803584979309953,-0.1284256475975814,0.5628329902189488,0.30825257744706924
2026-01-28 16:00:00,33,0.8232227869885271,0.28980536331408907,-0.2444644302697415,0.16379748973684727,0.5911764764061989
2026-01-28 20:00:00,33,-0.26013437442157716,-0.19388114036552612,-0.3396362114540134,-0.3918658864705096,0.8232227869885271
2026-01-29 00:00:00,33,-1.07579446214746,0.03598480464072147,0.10469332971124268,-0.21627897726035883,-0.26013437442157716
2026-01-29 04:00:00,33,0.3512060722890986,0.7792870706141609,0.43922923849161527,0.5098665964412668,-1.07579446214746
2026-01-29 08:00:00,33,0.23431248653538006,0.2702405108244784,-0.14604265086708607,0.2728076192637978,0.3512060722890986
2026-01-29 12:00:00,33,-1.3208845356672025,0.10749574801648379,-0.09809976077209023,0.1146501078177451,0.23431248653538006
2026-01-29 16:00:00,33,3.528103011108744,1.563568893775207,0.539750805884441,1.0062279070109472,-1.3208845356672025
2026-01-29 20:00:00,33,-1.3163192010411038,-1.1590675047421404,-1.4490193693831723,-1.375190175366976,3.528103011108744
2026-01-30 00:00:00,33,1.1647809626742323,-0.672186458298691,0.5378783734937786,-0.48669391047038246,-1.3163192010411038
2026-01-30 04:00:00,33,-1.4198545098384177,-1.5319651022506484,-0.4797233340481299,-1.2729040743426312,1.1647809626742323
2026-01-30 08:00:00,33,-0.08210528163794173,-0.27819488850916346,0.5803424821838755,-0.3145229858572218,-1.4198545098384177
2026-01-30 12:00:00,33,-0.5446491514456735,-0.22497554081093885,0.031676241784618524,-0.2591031180881451,-0.08210528163794173
2026-01-30 16:00:00,33,1.7717657649669132,0.21687250292160482,0.22138459722020065,0.108527116550869,-0.5446491514456735
2026-01-30 20:00:00,33,-0.6929760907966074,-1.248875022593019,-0.7286728848554976,-1.0873889372449623,1.7717657649669132
2026-01-31 00:00:00,33,3.8354864445887342,-0.8773223269631327,0.2822196045952971,-0.6196401815871759,-0.6929760907966074
2026-02-02 04:00:00,33,-2.1442865149831123,-3.689749783326146,-1.5750900179421317,-3.2085375990094054,3.8354864445887342
2026-02-02 08:00:00,33,-1.9664259126497061,-2.0676340182264297,0.8774619843362397,-1.7611754714010148,-2.1442865149831123
2026-02-02 12:00:00,33,-0.39964297677408034,-0.4333748453697499,0.8045140013060503,-0.43386665663688095,-1.9664259126497061
2026-02-02 16:00:00,33,0.9953015016987479,-0.31693516985906456,0.16191157266928083,-0.16411347528460318,-0.39964297677408034
2026-02-02 20:00:00,33,-1.2443505225040443,-0.8374658802972579,-0.41021280343590333,-0.8359274745074963,0.9953015016987479
2026-02-03 00:00:00,33,0.2534470168593792,-0.06541083679168935,0.5083610443508956,0.003990981891623946,-1.2443505225040443
2026-02-03 04:00:00,33,0.6257903447230042,-0.5758044705651826,-0.10594762238423752,-0.16708205848538782,0.2534470168593792
2026-02-03 08:00:00,33,0.024910129999552666,-1.018299013277274,-0.25866100806975534,-0.5894814153093106,0.6257903447230042
2026-02-03 12:00:00,33,-1.509210680801699,-1.074295892804964,-0.012215200893996697,-0.6062953897960357,0.024910129999552666
2026-02-03 16:00:00,33,2.532534543943946,0.40556649515561594,0.616991140501434,0.4123998110137581,-1.509210680801699
2026-02-03 20:00:00,33,0.4400466245508863,-1.4028916597360168,-1.0406955995581288,-1.2970240743448285,2.532534543943946
2026-02-04 00:00:00,33,-1.3293631866055406,-2.1622059012797705,-0.18247983264743986,-1.5940491287424106,0.4400466245508863
2026-02-04 04:00:00,33,-0.4434383374175148,-1.05186102301663,0.5432282510108742,-0.6967483638095029,-1.3293631866055406
2026-02-04 08:00:00,33,-0.7395037904691186,-0.8117527465660017,0.17987385989368562,-0.3974339526880968,-0.4434383374175148
2026-02-04 12:00:00,33,1.047715915954436,0.0537517696064993,0.3013025369682671,0.10172032173790413,-0.7395037904691186
2026-02-04 16:00:00,33,1.3228449488274734,-0.8006472406929963,-0.43171012072539455,-0.6054726427512334,1.047715915954436
2026-02-04 20:00:00,33,-0.6278147034871306,-1.6215764502078145,-0.5445519066961437,-1.498373692239027,1.3228449488274734
2026-02-05 00:00:00,33,-0.2979393636990757,-1.162236446561335,0.25549422689324197,-1.0746079227704248,-0.6278147034871306
2026-02-05 04:00:00,33,0.45921267397351606,-0.9105656766276442,0.12019871808894458,-0.873503197105916,-0.2979393636990757
2026-02-05 08:00:00,33,-0.5021973128319459,-1.3398679138615854,-0.19034062154444886,-1.1834650553663932,0.45921267397351606
2026-02-05 12:00:00,33,0.09674093748929913,-0.64828801530675,0.20397334390065147,-0.8444891927189584,-0.5021973128319459
2026-02-05 16:00:00,33,1.7985032344087521,-0.2037851280860583,-0.0416759834229146,-0.9097879147567847,0.09674093748929913
2026-02-05 20:00:00,33,-0.9659457023804379,-1.390184037939103,-0.7396390259880757,-2.1237513705149,1.7985032344087521
2026-02-06 00:00:00,33,1.868869971477075,-0.913058397092348,0.39417572265818207,-1.4717521077379558,-0.9659457023804379
2026-02-06 04:00:00,33,-2.2371611216530205,-2.5140066945248973,-0.7684993327350843,-2.7332120848631645,1.868869971477075
2026-02-06 08:00:00,33,-0.3575926727428005,-0.8932883254801297,0.9155536985349354,-1.22316095213756,-2.2371611216530205
2026-02-06 12:00:00,33,-0.9955766552014396,-0.4666887566191573,0.14466500527523818,-0.9817911127892636,-0.3575926727428005
2026-02-06 16:00:00,33,1.7051198481722594,0.1847030618564982,0.4063286008965169,-0.3097913889646007,-0.9955766552014396
2026-02-06 20:00:00,33,-0.6735064633202192,-1.2489797444441573,-0.7013386402640259,-1.460722420817559,1.7051198481722594
2026-02-07 00:00:00,33,0.36275361233427894,-1.2396674045203926,0.2742343057932087,-1.0061153797818925,-0.6735064633202192
2026-02-09 04:00:00,34,-1.3525890986623423,-0.3442057358027512,-0.15207707168199314,-1.2350183497980254,0.36275361233427894
2026-02-09 08:00:00,34,-0.034510179669133834,0.5210730094517882,0.6267176782032957,-0.3588890996395744,-1.3525890986623423
2026-02-09 12:00:00,34,0.3430416347976539,0.9109154680281156,0.02828744297060603,-0.33653539453707637,-0.034510179669133834
2026-02-09 16:00:00,34,0.7939009663156984,0.6168328892341245,-0.14312749879666517,-0.5587379914422481,0.3430416347976539
2026-02-09 20:00:00,34,-0.8580964950827923,-0.18182342377616606,-0.34782529945892343,-1.0729812741998304,0.7939009663156984
2026-02-10 00:00:00,34,-0.2700087901509445,0.3282124983884865,0.40220963030357804,-0.5171558283611892,-0.8580964950827923
2026-02-10 04:00:00,34,-0.3589405088297841,0.4395252651692556,0.13520781536776721,-0.3422596983501691,-0.2700087901509445
2026-02-10 08:00:00,34,-0.7605101473302369,0.5944492114011614,0.1755843273973171,-0.10975872731355629,-0.3589405088297841
2026-02-10 12:00:00,34,0.4250433296696592,1.421795862166458,0.357903769554612,0.3828559076685547,-0.7605101473302369
2026-02-10 16:00:00,34,1.8352092660200032,1.1168629884282189,-0.18035766221450997,0.10753733968910595,0.4250433296696592
2026-02-10 20:00:00,34,-0.8193386140707677,-0.5117805232436848,-0.8205969687135852,-1.0812054349732634,1.8352092660200032
2026-02-11 00:00:00,34,-0.6917979728071622,-0.01121269811110959,0.3846128934793045,-0.5504851103147193,-0.8193386140707677
2026-02-11 04:00:00,34,0.34594592102129695,0.43424468766328894,0.32670727428359925,-0.1023782611791697,-0.6917979728071622
2026-02-11 08:00:00,34,-0.6040130312776775,-0.02838202190657869,-0.14444609411213027,-0.32646208728682513,0.34594592102129695
2026-02-11 12:00:00,34,1.3741881875755304,0.782696914029219,0.2868514185739093,0.06478273695624814,-0.6040130312776775
2026-02-11 16:00:00,34,0.8445914213319163,-0.12840264982070143,-0.6112855622072987,-0.8253371579533191,1.3741881875755304
2026-02-11 20:00:00,34,-0.8940834876657711,-0.884984920880953,-0.3708396277228016,-1.3724147954957147,0.8445914213319163
2026-02-12 00:00:00,34,-0.21027446595464028,-0.33422707512966116,0.41854833667876135,-0.7932790502776363,-0.8940834876657711
2026-02-12 04:00:00,34,-0.7438843776530497,-0.3436476855854145,0.10808741675949218,-0.6570753721861147,-0.21027446595464028
2026-02-12 08:00:00,34,-0.3444290086146591,0.18817945478653503,0.350355387499884,-0.17522995243351058,-0.7438843776530497
2026-02-12 12:00:00,34,0.6209443505292569,0.7967518588319339,0.1689958596188098,0.047871305257249475,-0.3444290086146591
2026-02-12 16:00:00,34,1.0839571804246546,0.14889072613511833,-0.2693000558041742,-0.3543406516166794,0.6209443505292569
2026-02-12 20:00:00,34,-0.9055515263687699,-0.19159544373096377,-0.47951575132694274,-1.0564656300218163,1.0839571804246546
2026-02-13 00:00:00,34,-0.11923895429927178,0.2773484340811271,0.4237550211949929,-0.46990155038970016,-0.9055515263687699
2026-02-13 04:00:00,34,-1.0674806917433788,0.15447919115129582,0.06675574695624337,-0.3926654291439986,-0.11923895429927178
2026-02-13 08:00:00,34,0.5457876686300462,1.0854581959935543,0.4972736149072558,0.2987870296557045,-1.0674806917433788
2026-02-13 12:00:00,34,-0.3168460640329087,0.7310310016255032,-0.23517764463428217,-0.054742760977291915,0.5457876686300462
2026-02-13 16:00:00,34,1.2858833730211803,1.0899847919447347,0.15647273389650837,0.15049185519057673,-0.3168460640329087
2026-02-13 20:00:00,34,-1.622088151694868,-0.005661580412157818,-0.5711936753070037,-0.6824292710483011,1.2858833730211803
2026-02-14 00:00:00,34,0.23150938508007002,1.2181687473868357,0.7490748294916492,0.36826593079888426,-1.622088151694868
2026-02-16 04:00:00,34,0.5363494449946469,0.7259208692857388,-0.09248996148933439,0.2183074961527378,0.23150938508007002
2026-02-16 08:00:00,34,-1.471163576870321,0.0854882123535932,-0.2308925306635459,-0.12910875726138826,0.5363494449946469
2026-02-16 12:00:00,34,2.878244695590894,1.6985177966118898,0.6805525069560343,0.8238262048335443,-1.471163576870321
2026-02-16 16:00:00,34,-0.7340769946959504,-1.084651153441717,-1.2941527842871394,-1.040534796903394,2.878244695590894
2026-02-16 20:00:00,34,0.12505973905740397,-0.40107412547615345,0.3459026689217605,-0.5650420344986262,-0.7340769946959504
2026-02-17 04:00:00,34,-1.5450337585244132,-0.6749198320046658,-0.04416001265862343,-0.6460485245803032,0.12505973905740397
2026-02-17 08:00:00,34,-0.7506608898068325,0.8933991191712354,0.7140908251454382,0.35473528305513646,-1.5450337585244132
2026-02-17 12:00:00,34,1.1204935405180567,2.111196325024066,0.3534320392115607,0.8409701367591573,-0.7506608898068325
2026-02-17 16:00:00,34,1.7924668753906339,0.9215427820637705,-0.4961038798905508,0.11517901036878975,1.1204935405180567
2026-02-17 20:00:00,34,-1.1259894651962412,-0.37795422255531497,-0.8011911967903997,-1.0458777074644043,1.7924668753906339
2026-02-18 00:00:00,34,-0.8659753335341502,0.40752727438816677,0.5238375926448839,-0.3165266378717835,-1.1259894651962412
2026-02-18 04:00:00,34,-0.5867420089279989,1.0348048998675379,0.4057867568927871,0.24440226535190845,-0.8659753335341502
2026-02-18 08:00:00,34,0.3750152158751838,1.2005758117445522,0.2790100808372267,0.6244599168788483,-0.5867420089279989
2026-02-18 12:00:00,34,0.6344027868106714,1.0124107785342469,-0.15764404812443444,0.3815466772204257,0.3750152158751838
2026-02-18 16:00:00,34,1.3432613760824665,0.5807584609487934,-0.27541041465575417,-0.02938287888537694,0.6344027868106714
2026-02-18 20:00:00,34,-1.1310355498419273,-0.6119436107527378,-0.5972442640649022,-0.8994701680390591,1.3432613760824665
2026-02-19 00:00:00,34,-0.9887493015117119,0.4116420053432199,0.5261286008523657,-0.1668505356868888,-1.1310355498419273
2026-02-19 04:00:00,34,0.23751309878622706,1.2558012610724896,0.46152822538799904,0.473604266872778,-0.9887493015117119
2026-02-19 08:00:00,34,-0.23262393452814045,0.601566874833203,-0.09521574956899626,0.31975697256278934,0.23751309878622706
2026-02-19 12:00:00,34,0.25445161632306856,1.3000951237979146,0.11823445541024405,0.47043734809487603,-0.23262393452814045
2026-02-19 16:00:00,34,1.3590131035985813,1.1743768471553893,-0.10290612446840494,0.30561825851977353,0.25445161632306856
2026-02-19 20:00:00,34,-1.1221851690058564,-0.2053166669233032,-0.6043958161206698,-0.574672091734314,1.3590131035985813
2026-02-20 00:00:00,34,-0.41583316590786445,0.8024484890060356,0.522110377505258,0.15221477407908068,-1.1221851690058564
2026-02-20 04:00:00,34,0.688765648949488,1.020212692245824,0.20141456082844886,0.42156752887961346,-0.41583316590786445
2026-02-20 08:00:00,34,-0.989487504835104,0.0839085224854776,-0.30009207818050243,-0.024575155654661174,0.688765648949488
2026-02-20 12:00:00,34,1.791424728440031,1.3730862412397322,0.4618633822455296,0.6163578124652833,-0.989487504835104
2026-02-20 16:00:00,34,0.6849435398123944,-0.17319958793302315,-0.800718044359381,-0.5440238626462968,1.791424728440031
2026-02-20 20:00:00,34,-2.013356488912722,-0.5941662597323779,-0.29835677566026864,-0.987690805201269,0.6849435398123944
2026-02-21 00:00:00,34,2.450707814504362,0.9869792712333749,0.9267173057549314,0.31644547142349566,-2.013356488912722
2026-02-23 04:00:00,34,-1.8371016262549489,-1.2724812624056618,-1.1000437725788792,-1.2709817834631485,2.450707814504362
2026-02-23 08:00:00,34,0.11374261098290894,0.052224406274680404,0.8466946019537336,-0.08101324692282752,-1.8371016262549489
2026-02-23 12:00:00,34,-0.5147154979314248,-0.0011470074888309638,-0.039021844133060785,-0.1546891537965953,0.11374261098290894
2026-02-23 16:00:00,34,1.3056340687670378,0.6911307944573218,0.24630882046687422,0.17871387576616726,-0.5147154979314248
2026-02-23 20:00:00,34,-0.6632815951265698,-0.26268177278589555,-0.5801608269174936,-0.6670006126778603,1.3056340687670378
2026-02-24 00:00:00,34,0.3187194561558577,0.03547722757036493,0.3137603540670041,-0.23736502922029157,-0.6632815951265698
2026-02-24 04:00:00,34,0.6011524713267722,-0.32482471605799074,-0.13208481624082907,-0.44381312081654745,0.3187194561558577
2026-02-24 08:00:00,34,-1.6258707164868156,-1.1115006684494586,-0.2603142062042984,-0.8332050392160806,0.6011524713267722
2026-02-24 12:00:00,34,-0.48046285603807704,0.6921834038199195,0.7507921782069727,0.21994029006309646,-1.6258707164868156
2026-02-24 16:00:00,34,1.4977318245981923,1.0529173194575552,0.23075753878699265,0.5311564326491407,-0.48046285603807704
2026-02-24 20:00:00,34,-0.4612993597714983,-0.037628204786350775,-0.6673764735325822,-0.4389879088374089,1.4977318245981923
2026-02-25 00:00:00,34,1.7040131306810125,0.08636167465254595,0.22205698572189309,-0.14018477448206568,-0.4612993597714983
2026-02-25 04:00:00,34,-2.089681316345743,-1.7661877297643316,-0.7610316930679495,-1.2439462552748388,1.7040131306810125
2026-02-25 08:00:00,34,-0.31761321763785233,0.18784947300471183,0.9613700748544671,0.10962884493167557,-2.089681316345743
2026-02-25 12:00:00,34,0.3547659270174801,0.5628194490531971,0.1568210346739889,0.3153603789834172,-0.31761321763785233
2026-02-25 16:00:00,34,1.114759360053604,0.39158696955280514,-0.1484505267655872,0.08556346140735371,0.3547659270174801
2026-02-25 20:00:00,34,0.16061651329626692,-0.8040707676731558,-0.49350046448441554,-0.636513393416311,1.114759360053604
2026-02-26 00:00:00,34,0.06540625483675377,-1.2120513351788076,-0.060303392592301,-0.7405515122333934,0.16061651329626692
2026-02-26 04:00:00,34,-1.3100042493185953,-1.1597707078872757,-0.01707631677349321,-0.7829179138719029,0.06540625483675377
2026-02-26 08:00:00,34,0.2814936040209961,-0.01100200103286,0.6073834327018255,0.0656273256209694,-1.3100042493185953
2026-02-26 12:00:00,34,-0.6171586876977884,-0.115675435060502,-0.11518364656973037,-0.11670800479032639,0.2814936040209961
2026-02-26 16:00:00,34,1.5697761231319038,0.44471105976298564,0.29281977005151577,0.28305181792019063,-0.6171586876977884
2026-02-26 20:00:00,34,-1.3844578218023358,-0.19076703772841452,-0.7000858097471653,-0.733758667271756,1.5697761231319038
2026-02-27 00:00:00,34,-0.3219205408910195,0.6434719486434205,0.6411866202449444,0.1630133047123863,-1.3844578218023358
2026-02-27 04:00:00,34,0.5761366273164246,0.9297262160572829,0.15877663265106975,0.37153487447838707,-0.3219205408910195
2026-02-27 08:00:00,34,0.5181924045225941,0.13217654481176302,-0.2489565877795296,-0.0016532221717744378,0.5761366273164246
2026-02-27 12:00:00,34,-0.18415763941277774,-0.0004729006130619988,-0.22264892563789263,-0.33730839140327085,0.5181924045225941
2026-02-27 16:00:00,34,0.06834579141884767,0.1669310501658008,0.09622993354982508,-0.21802168808055988,-0.18415763941277774
2026-02-27 20:00:00,34,-1.0163402038302944,0.35167250275534295,-0.018410916350915487,-0.26229215207180445,0.06834579141884767
2026-02-28 00:00:00,34,1.8437781501600163,1.0792338254089746,0.4740549640580958,0.39603444657396203,-1.0163402038302944
2026-03-02 04:00:00,34,-1.024883486682917,0.2936228880493481,-0.8244873877755231,-0.7982587572939286,1.8437781501600163
2026-03-02 08:00:00,34,0.5761302543131226,0.7166538194653156,0.4779337597003624,-0.1343983124808652,-1.024883486682917
2026-03-02 12:00:00,34,-0.9784154929644764,0.6015419628244282,-0.24895369432769585,-0.50758228106685,0.5761302543131226
2026-03-02 16:00:00,34,2.760821809390025,1.3705910830328805,0.45683650064325054,0.12617887599269828,-0.9784154929644764
2026-03-02 20:00:00,34,-2.3731221813088794,-0.9852968146709161,-1.2408407978815292,-1.6621223487281833,2.760821809390025
2026-03-03 00:00:00,34,-0.13768062923177382,1.396839900850721,1.0900570457560332,-0.12495059471896841,-2.3731221813088794
2026-03-03 04:00:00,34,-0.44927351742958344,1.0478940529436203,0.0751285808654388,-0.03576901949448086,-0.13768062923177382
2026-03-03 08:00:00,34,0.9126405155012058,1.5821280146087673,0.21659704887149542,0.25524446740328166,-0.44927351742958344
2026-03-03 12:00:00,34,0.5652855202345695,0.9769461425598761,-0.4017350732414998,-0.33591145075475826,0.9126405155012058
2026-03-03 16:00:00,34,1.2236428569773299,0.4670662698081567,-0.2440300007065114,-0.7020708257329682,0.5652855202345695
2026-03-03 20:00:00,34,-1.8901218026208149,-0.5775661372310201,-0.5429354229972136,-1.4946761334391496,1.2236428569773299
2026-03-04 00:00:00,34,0.753248436090951,1.0516836066482664,0.8707666633132608,-0.27036418291698094,-1.8901218026208149
2026-03-04 04:00:00,34,-0.6441148325248545,0.286556518526867,-0.32936835968495154,-0.7582750999486567,0.753248436090951
2026-03-04 08:00:00,34,1.1488419338041833,0.7957842624101695,0.3050583180302281,-0.34105464046540757,-0.6441148325248545
2026-03-04 12:00:00,34,-1.1599754245751903,-0.28439119162333626,-0.5089745323364936,-1.0852082219262265,1.1488419338041833
2026-03-04 16:00:00,34,1.3059103935325176,1.0634449005649387,0.5392677959298953,-0.3338430069172027,-1.1599754245751903
2026-03-04 20:00:00,34,-1.2941212673972213,-0.17891304112375928,-0.5802862830582632,-1.1797364826159855,1.3059103935325176
2026-03-05 00:00:00,34,0.21978204851316363,0.6508249293276713,0.600172288914878,-0.34147932326128405,-1.2941212673972213
2026-03-05 04:00:00,34,-0.5541495802137959,0.5101307882986248,-0.08716555133508712,-0.48384146528398553,0.21978204851316363
2026-03-05 08:00:00,34,0.13299020074275347,1.070696671429097,0.2642125641626234,-0.1248953103367949,-0.5541495802137959
2026-03-05 12:00:00,34,-0.1893771657711305,1.1885475202401665,-0.04776057707360744,-0.21103869635875938,0.13299020074275347
2026-03-05 16:00:00,34,1.6455976063244666,1.1753297132888227,0.09859968724319126,-0.08837108473281852,-0.1893771657711305
2026-03-05 20:00:00,34,-1.2816522478736623,0.07708383169895593,-0.7345100520051894,-1.1542943561220653,1.6455976063244666
2026-03-06 00:00:00,34,0.41232940477870095,1.1619987939299607,0.5945111420904495,-0.32411390885693336,-1.2816522478736623
2026-03-06 04:00:00,34,-1.1434053008125087,0.26630173278476343,-0.17458532419013853,-0.5911971291670115,0.41232940477870095
2026-03-06 08:00:00,34,0.17118026036515843,1.2795393560039863,0.5317446780662771,0.14943491482829607,-1.1434053008125087
2026-03-06 12:00:00,34,1.0743417291762647,1.5378494432917862,-0.0650995133346038,0.038554209591225685,0.17118026036515843
2026-03-06 16:00:00,34,-0.14784825179720862,0.9756068342525327,-0.4751501730072184,-0.6573424337633647,1.0743417291762647
2026-03-06 20:00:00,34,-0.4371360223712184,1.050489348274654,0.07974485434945597,-0.5615748587382292,-0.14784825179720862
2026-03-07 00:00:00,34,2.337037285630519,1.3380941575792835,0.211086419789846,-0.27842334149171055,-0.4371360223712184
2026-03-09 04:00:00,35,-1.2041359014366115,-0.20721497125363414,-1.0447443596026964,-1.5543570391954873,2.337037285630519
2026-03-09 08:00:00,35,-1.0850906415281951,0.19544704683231687,0.5549384830205805,-0.8113432049646789,-1.2041359014366115
2026-03-09 12:00:00,35,0.0701150339707155,1.1868669760124948,0.5011612036526532,-0.14178642396683827,-1.0850906415281951
2026-03-09 16:00:00,35,0.30939068650987345,0.9460389123461684,-0.020689211781887963,-0.1850510091068127,0.0701150339707155
2026-03-09 20:00:00,35,0.5142358735912147,0.6466276191472456,-0.1287791401204094,-0.37596098860724947,0.30939068650987345
2026-03-10 00:00:00,35,-1.1689332210833392,0.09311700790654333,-0.22131551545633982,-0.6932709929682073,0.5142358735912147
2026-03-10 04:00:00,35,1.1154319784508822,0.9740154791808859,0.5390360911293437,0.02802097542230797,-1.1689332210833392
2026-03-10 08:00:00,35,-0.9332825865491365,-0.28508525361140175,-0.4928987007996335,-0.6602579722809017,1.1154319784508822
2026-03-10 12:00:00,35,-0.4247310505075639,0.6118691049972366,0.43258372153206254,-0.08437457554354033,-0.9332825865491365
2026-03-10 16:00:00,35,2.092813867098185,0.9791126442008798,0.2028516175597089,0.17770634570296995,-0.4247310505075639
2026-03-10 20:00:00,35,-1.7807243459296362,-0.8923244433320748,-0.9344193368617026,-1.1136675381491976,2.092813867098185
2026-03-11 00:00:00,35,0.11762223355342272,0.903514131543359,0.815405450656877,-0.014868953704716859,-1.7807243459296362
2026-03-11 04:00:00,35,-0.5078352978138376,0.43085426727574777,-0.042150023795004495,-0.08744792642619537,0.11762223355342272
2026-03-11 08:00:00,35,0.13799238675903247,0.7693091547884189,0.24039297223010042,0.22591259320969215,-0.5078352978138376
2026-03-11 12:00:00,35,0.3547328921152939,0.9043764142218946,-0.051351998073932564,0.14076418740419783,0.13799238675903247
2026-03-11 16:00:00,35,0.6088815918762531,0.7126473517621378,-0.14926194187057215,-0.0781242669504234,0.3547328921152939
2026-03-11 20:00:00,35,-0.5041109735430727,0.11186400024681988,-0.264070592282652,-0.45383555139330234,0.6088815918762531
2026-03-12 00:00:00,35,-0.7074890541547845,0.35504974107778664,0.23871055306515623,-0.1427731315425298,-0.5041109735430727
2026-03-12 04:00:00,35,-0.4856121702936189,1.0850566403072206,0.33058418051393473,0.2937840329575163,-0.7074890541547845
2026-03-12 08:00:00,35,-0.24290121907477413,1.4568363738570493,0.2303539388573875,0.593431738975192,-0.4856121702936189
2026-03-12 12:00:00,35,1.5216817337788786,1.5356775367546132,0.1207121552249055,0.7433142945146143,-0.24290121907477413
2026-03-12 16:00:00,35,0.5159730574969306,0.3033163128417685,-0.6764171928608297,-0.19564166398235727,1.5216817337788786
2026-03-12 20:00:00,35,-1.3900465438973626,-0.07654824388420965,-0.22210026761096588,-0.5140236002348981,0.5159730574969306
2026-03-13 00:00:00,35,0.7588881935308152,0.9708426969012767,0.6389214031702286,0.3437066701675011,-1.3900465438973626
2026-03-13 04:00:00,35,-1.0408811727322167,0.12278528955037162,-0.33183428930357334,-0.12456640910461036,0.7588881935308152
2026-03-13 08:00:00,35,0.40193010839818477,0.9249498366756108,0.4811901022750929,0.5177108539582393,-1.0408811727322167
2026-03-13 12:00:00,35,0.008821170995959804,0.9574699446523505,-0.17058272261720703,0.26969928767453055,0.40193010839818477
2026-03-13 16:00:00,35,1.756608159579466,0.7761167753374794,0.006999561339097507,0.2642561710991558,0.008821170995959804
2026-03-13 20:00:00,35,-1.0522093324822706,-0.5512509724569422,-0.7825424097817398,-0.8196614849835955,1.756608159579466
2026-03-14 00:00:00,35,0.4446902161536279,0.29195857596017416,0.4863074636221287,-0.17039416423653808,-1.0522093324822706
2026-03-16 04:00:00,35,0.06232506994422593,-0.07548932954802932,-0.1898990923940146,-0.4447909180871896,0.4446902161536279
2026-03-16 08:00:00,35,-0.4381753128845922,-0.6017406191409649,-0.01717018824377382,-0.48324869443345886,0.06232506994422593
2026-03-16 12:00:00,35,-0.41595322936608703,0.009852039795801694,0.20892490308406644,-0.2128719712552538,-0.4381753128845922
2026-03-16 16:00:00,35,0.9902995388967426,0.24740984344332445,0.19888634132670263,0.04379258250753626,-0.41595322936608703
2026-03-16 20:00:00,35,-1.2453267627788147,-0.5541528970935561,-0.43637161047222195,-0.5672732087829697,0.9902995388967426
2026-03-17 00:00:00,35,1.2084013076803917,0.4233078369151542,0.5735459644063101,0.20115750720065861,-1.2453267627788147
2026-03-17 04:00:00,35,-0.627886276707958,-1.0618194255875262,-0.5348964888213527,-0.5444883022448757,1.2084013076803917
2026-03-17 08:00:00,35,-0.467490863204846,-0.32773446743019724,0.2946245731804363,-0.15705014899233394,-0.627886276707958
2026-03-17 12:00:00,35,-0.1072641268473582,0.37544988645083016,0.22216785404750383,0.13141577775504576,-0.467490863204846
2026-03-17 16:00:00,35,0.008216783508387948,0.4560198748992113,0.059439713071571455,0.19760326545405782,-0.1072641268473582
2026-03-17 20:00:00,35,-0.3601842335348202,0.22515789491509824,0.007272586193599365,0.19253308706943617,0.008216783508387948
2026-03-18 00:00:00,35,0.2914100897250034,0.4249669099428491,0.17369336118457795,0.4147852996883783,-0.3601842335348202
2026-03-18 04:00:00,35,-0.41038646126827416,0.10563424871190168,-0.12065661951567552,0.23497027395764913,0.2914100897250034
2026-03-18 08:00:00,35,-0.14314213321758906,0.33383091523526515,0.19637162009040263,0.4881998452540133,-0.41038646126827416
2026-03-18 12:00:00,35,0.9559946384669278,0.7558598084843599,0.07564717545369837,0.5765259097082724,-0.14314213321758906
2026-03-18 16:00:00,35,-0.3722583866379292,0.4057700203269485,-0.42087477997664124,-0.013371992168046631,0.9559946384669278
2026-03-18 20:00:00,35,0.7740602845203579,0.6821936942283435,0.17914771615055095,0.21633059443403813,-0.3722583866379292
2026-03-19 00:00:00,35,-1.109324962580546,0.15407155935464079,-0.3386881008401935,-0.2613044459638818,0.7740602845203579
2026-03-19 04:00:00,35,0.37863532595604354,0.8846413058290135,0.5121087697676495,0.42320615858793253,-1.109324962580546
2026-03-19 08:00:00,35,0.3924117393650164,0.4396424241431637,-0.16005958188762348,0.18956867217283158,0.37863532595604354
2026-03-19 12:00:00,35,-0.41200037408396284,0.2922232955466356,-0.16628291268762632,-0.05256957045818922,0.3924117393650164
2026-03-19 16:00:00,35,1.396933082200972,0.8992206136833558,0.19710068599719757,0.2016558681218159,-0.41200037408396284
2026-03-19 20:00:00,35,-0.6591910083344565,-0.3673288401554221,-0.620063474184098,-0.6603237508993214,1.396933082200972
2026-03-20 00:00:00,35,-0.7265640091394658,-0.009855637850287329,0.308766113125087,-0.25356896681829877,-0.6591910083344565
2026-03-20 04:00:00,35,0.003721533913921604,0.16472459311712973,0.3392010644111266,0.19475842679296207,-0.7265640091394658
2026-03-20 08:00:00,35,0.47995998544841,0.07980034866899784,0.00930326169849687,0.19246204880165418,0.003721533913921604
2026-03-20 12:00:00,35,-0.3644364007129557,0.02253657499855473,-0.20583179091613144,-0.1036979682196133,0.47995998544841
2026-03-20 16:00:00,35,0.1594161573675592,0.5808937628552397,0.17561422710089955,0.12117805042907026,-0.3644364007129557
2026-03-20 20:00:00,35,-0.02907995295149135,0.7417571140640897,-0.06102993147519079,0.022810075366873406,0.1594161573675592
2026-03-21 00:00:00,35,2.4039043873555883,0.5708647970548355,0.024120943008964543,0.04075390323211803,-0.02907995295149135
2026-03-23 04:00:00,35,-2.4846514158373303,-1.1143957628768,-1.07495077700024,-1.4425788450418633,2.4039043873555883
2026-03-23 08:00:00,35,1.1669945096926444,0.6700755949697259,1.1333961268265558,0.09057897626862843,-2.4846514158373303
2026-03-23 12:00:00,35,1.5649973392252825,0.03550405434797084,-0.5161914606259295,-0.6295167073984196,1.1669945096926444
2026-03-23 16:00:00,35,-1.6537981254959213,-1.8173529677184175,-0.6959845021083731,-1.5952006241319685,1.5649973392252825
2026-03-23 20:00:00,35,-1.214839883887164,-0.05842049563332315,0.758068041165477,-0.5747220512379814,-1.6537981254959213
2026-03-24 00:00:00,35,-0.42266781857464863,0.8548058210366224,0.5597738797011,0.17489669115363693,-1.214839883887164
2026-03-24 04:00:00,35,0.514902962598697,1.3959159893398672,0.20191957708919736,0.43570449209241957,-0.42266781857464863
2026-03-24 08:00:00,35,-0.046118792852350765,0.9287146114573143,-0.22161686497623034,0.11798285947535625,0.514902962598697
2026-03-24 12:00:00,35,-0.3608086711535403,1.127251711472854,0.031818036149496395,0.14644052863582058,-0.046118792852350765
2026-03-24 16:00:00,35,0.178179372417695,1.3838406051481034,0.173975443447203,0.36907805140851746,-0.3608086711535403
2026-03-24 20:00:00,35,0.7672098563478791,1.3995919683934948,-0.06950599056706827,0.25913220682157245,0.178179372417695
2026-03-25 00:00:00,35,0.11891034751500129,0.5409371285847492,-0.3355935014424121,-0.21427576676729032,0.7672098563478791
2026-03-25 04:00:00,35,-1.1973803291174452,0.21446334018582486,-0.04273191394689152,-0.2876495721088883,0.11891034751500129
2026-03-25 08:00:00,35,0.6342561422622648,1.0333153533955053,0.5518867336256231,0.4511957262570734,-1.1973803291174452
2026-03-25 12:00:00,35,-0.03363742589608876,0.7421711592604021,-0.2755332434288958,0.059827038067907345,0.6342561422622648
2026-03-25 16:00:00,35,0.5809195183781473,0.7209844481015745,0.026179727171743775,0.08058306133645132,-0.03363742589608876
2026-03-25 20:00:00,35,-1.2784792974914492,0.30910688037984246,-0.25143905836545954,-0.2778741844069055,0.5809195183781473
2026-03-26 00:00:00,35,0.02233676051886313,1.2798683872556678,0.5885222274038274,0.511013352025242,-1.2784792974914492
2026-03-26 04:00:00,35,0.09911348318579094,1.0038997941225523,0.0008940546254781068,0.4972304209975942,0.02233676051886313
2026-03-26 08:00:00,35,0.07838445480550682,0.9793419547861939,-0.03378891609498267,0.43607229999315855,0.09911348318579094
2026-03-26 12:00:00,35,0.3758968524980517,1.1149629713388876,-0.024424824226983652,0.3877050565286577,0.07838445480550682
2026-03-26 16:00:00,35,0.08990225222837722,0.8799003935408757,-0.15882250909442386,0.15575734920039697,0.3758968524980517
2026-03-26 20:00:00,35,0.8762969430705194,0.8930687158035738,-0.0296278521357757,0.10028303184593845,0.08990225222837722
2026-03-27 00:00:00,35,-1.7406106475510512,0.1772672086205207,-0.384872294589068,-0.4404372895220714,0.8762969430705194
2026-03-27 04:00:00,35,0.551277278443477,1.4369706852370212,0.7972845648203009,0.6336090781652386,-1.7406106475510512
2026-03-27 08:00:00,35,0.4245104094577137,0.6178784472774297,-0.2380485292567471,0.2934426202995386,0.551277278443477
2026-03-27 12:00:00,35,0.8466274456881564,0.5101919787818291,-0.1807831048854668,0.031497845938311286,0.4245104094577137
2026-03-27 16:00:00,35,-0.03556492283592405,-0.11198656577832271,-0.3714694522527599,-0.4909148683037339,0.8466274456881564
2026-03-27 20:00:00,35,-1.0284944430595662,0.16531187560453708,0.02705045097455702,-0.4689694802051676,-0.03556492283592405
2026-03-28 00:00:00,35,1.4053876081783958,0.9411440666773345,0.4755945445639032,0.1656645330412152,-1.0284944430595662
2026-03-30 04:00:00,35,-1.6637982790832826,-0.21295341023510467,-0.6238827056743824,-0.7015319637057633,1.4053876081783958
2026-03-30 08:00:00,35,0.010822821949430406,0.8523697522649745,0.7625854915335424,0.3251172187107674,-1.6637982790832826
2026-03-30 12:00:00,35,-1.225820116868972,0.8811797843497593,0.006095339343155136,0.31843898046187125,0.010822821949430406
2026-03-30 16:00:00,35,2.4170529591370578,1.97389411789323,0.5647340692713684,1.074833091812116,-1.225820116868972
2026-03-30 20:00:00,35,-0.9573567451989078,0.33090384385339633,-1.0808904878171621,-0.4166130020753904,2.4170529591370578
2026-03-31 00:00:00,35,-0.41813930271898947,0.8950103915626735,0.4434589361878375,0.17412538976917258,-0.9573567451989078
2026-03-31 04:00:00,35,0.6472095656201358,1.2558868291732599,0.1998738739467184,0.4321388633190999,-0.41813930271898947
2026-03-31 08:00:00,35,-0.19869440436591468,0.5690347378644914,-0.2813847982679811,0.03277724613905786,0.6472095656201358
2026-03-31 12:00:00,35,0.487744801454971,0.7812124685969928,0.1007422527996141,0.1553819214518608,-0.19869440436591468
2026-03-31 16:00:00,35,1.5170032615979885,0.2804295651177456,-0.20934848889751106,-0.14558172776982126,0.487744801454971
2026-03-31 20:00:00,35,-0.7828144281449383,-0.7875877744983124,-0.6743037487331058,-1.08165082810625,1.5170032615979885
2026-04-01 00:00:00,35,-1.7108078274262262,-0.3978623672550325,0.3646115217426275,-0.5986140304713388,-0.7828144281449383
2026-04-01 04:00:00,35,0.3037473727350566,0.9453725539502281,0.7838214955218021,0.4570424630951022,-1.7108078274262262
2026-04-01 08:00:00,35,0.5447981390739844,0.5976055331323176,-0.12622984028551743,0.269614698684002,0.3037473727350566
2026-04-01 12:00:00,35,-0.8682906462776785,0.3522718657743278,-0.23512165515688802,-0.06655379667621908,0.5447981390739844
2026-04-01 16:00:00,35,0.9952562786295154,1.1656188040517972,0.40322438600429206,0.4692262274454899,-0.8682906462776785
2026-04-01 20:00:00,35,-1.0740516987658513,0.08294533737375855,-0.43861075865475774,-0.14489812740892738,0.9952562786295154
2026-04-02 00:00:00,35,0.6502265976759531,1.0756572927492736,0.4961744926377516,0.5178470576736034,-1.0740516987658513
2026-04-02 04:00:00,35,0.7455840578557247,0.5518553883576057,-0.28274770659253345,0.11662377641302424,0.6502265976759531
2026-04-02 08:00:00,35,-1.478477192807409,0.3512613440706971,-0.3258243043491235,-0.3434399663155281,0.7455840578557247
2026-04-02 12:00:00,35,0.044688278763967304,1.5220304024282278,0.6788688963739159,0.5688565664429577,-1.478477192807409
2026-04-02 16:00:00,35,1.7495669324540444,1.467843785513761,-0.00920297772918274,0.5412815981109151,0.044688278763967304
2026-04-02 20:00:00,35,-1.234636473883846,-0.17244798028097916,-0.7793616192277258,-0.5382912583874138,1.7495669324540444
2026-04-03 00:00:00,35,1.0374151822756552,0.5967045592095201,0.5687167536265542,0.22354299906407604,-1.234636473883846
2026-04-06 04:00:00,36,-1.4686006390638813,-0.4516072571180584,-0.447612002559201,-0.2924260920157673,1.0374151822756552
2026-04-06 08:00:00,36,0.8513745044792405,0.5543889505664955,0.6211261855937131,0.7215791104404339,-1.4686006390638813
2026-04-06 12:00:00,36,-0.9204039074436281,-0.130914252404336,-0.3682714113235875,0.13374184970574987,0.8513745044792405
2026-04-06 16:00:00,36,1.0785478449108457,0.5652502584438999,0.3873372459093619,0.7692409266391191,-0.9204039074436281
2026-04-06 20:00:00,36,-0.26811965554343864,-0.15494047181108508,-0.46515381014249896,0.024550302961712234,1.0785478449108457
2026-04-07 00:00:00,36,0.05285123215255716,-0.04412053750151534,0.10915820027035374,0.2096753249521086,-0.26811965554343864
2026-04-07 04:00:00,36,-0.8011662728456663,-0.23677361804770342,-0.02772594948042066,0.17318383575251595,0.05285123215255716
2026-04-07 08:00:00,36,-0.6123567601781144,0.4864941398355904,0.33648608508478745,0.7263544847968912,-0.8011662728456663
2026-04-07 12:00:00,36,1.1251109091560334,1.261759281815148,0.2559646714703703,1.1491603341635575,-0.6123567601781144
2026-04-07 16:00:00,36,0.3118892517435121,0.13329062312472964,-0.48501151594487074,0.37231992916982115,1.1251109091560334
2026-04-07 20:00:00,36,0.17250810490999768,-0.04632814666477503,-0.1381976477685725,0.1569738946892123,0.3118892517435121
2026-04-08 00:00:00,36,1.7774869066449934,-0.28223699594926027,-0.07875590240484964,0.03786451178979,0.17250810490999768
2026-04-08 04:00:00,36,-2.3265050991119214,-1.878118791509902,-0.7632296882380201,-1.1894132945066058,1.7774869066449934
2026-04-08 08:00:00,36,-1.763320010221456,-0.1387310866263677,0.9869958861887997,0.4169378204868508,-2.3265050991119214
2026-04-08 12:00:00,36,2.040694064157572,1.5387910497903436,0.7468148760091423,1.6344339977317421,-1.763320010221456
2026-04-08 16:00:00,36,0.7310295404425577,-0.30197383599585376,-0.8754793948174898,0.22542303679666453,2.040694064157572
2026-04-08 20:00:00,36,-0.7992191096060441,-0.8320865696208646,-0.31694800876456364,-0.2793212329800525,0.7310295404425577
2026-04-09 00:00:00,36,-0.8038722423466513,-0.07769027046355305,0.33565568022659326,0.27250498409113,-0.7992191096060441
2026-04-09 04:00:00,36,-0.2985102873402887,0.40599437030887375,0.33764009732886574,0.8275439880025122,-0.8038722423466513
2026-04-09 08:00:00,36,0.3530473400820249,0.7688250284551952,0.1221188641603473,1.033652426401865,-0.2985102873402887
2026-04-09 12:00:00,36,-0.11924883062994951,0.497545551646845,-0.15575029862742754,0.7898885126229036,0.3530473400820249
2026-04-09 16:00:00,36,1.6021293609834366,0.6462922827654829,0.045669400905221834,0.8722246708875918,-0.11924883062994951
2026-04-09 20:00:00,36,-0.4151714783011986,-0.7654480610871277,-0.6884451222215543,-0.2339763369511152,1.6021293609834366
2026-04-10 00:00:00,36,-0.5980815971404887,-0.46906604165331606,0.17187125151306512,0.05268160647535147,-0.4151714783011986
2026-04-10 04:00:00,36,0.052970098611128336,-0.12379443288174677,0.2498767562423393,0.4656310733776259,-0.5980815971404887
2026-04-10 08:00:00,36,-0.7909182385707965,-0.15338851433006404,-0.027776642346157482,0.4290575120311342,0.052970098611128336
2026-04-10 12:00:00,36,-0.3380330202290782,0.7189336746627905,0.3321156156369134,0.975152336788593,-0.7909182385707965
2026-04-10 16:00:00,36,1.7708782715365707,0.8922639692614807,0.13897408653314072,1.2085495123017083,-0.3380330202290782
2026-04-10 20:00:00,36,-1.0940697671213258,-0.4761416760345044,-0.7604113098974699,-0.014165317374066788,1.7708782715365707
2026-04-11 00:00:00,36,3.2856896349242,0.27030290588423506,0.46140036021035247,0.741242522035714,-1.0940697671213258
2026-04-13 04:00:00,36,-3.664386378276445,-1.9305932208414687,-1.4064314739022497,-1.527384015940778,3.2856896349242
2026-04-13 08:00:00,36,0.03653801112436739,0.7073408002024995,1.5575608451497147,1.002716239054637,-3.664386378276445
2026-04-13 12:00:00,36,-0.3925785469135441,0.8103147350160536,-0.020768865596055446,0.9774883231856037,0.03653801112436739
2026-04-13 16:00:00,36,2.226154731092059,1.2111655975470572,0.16223606551356162,1.2485468249691607,-0.3925785469135441
2026-04-13 20:00:00,36,-0.4710742691767198,-0.8620324310726374,-0.9545726293714706,-0.2885167025523234,2.226154731092059
2026-04-14 00:00:00,36,0.20969359640322693,-0.5408140093486639,0.19571206166447916,0.036739699346647114,-0.4710742691767198
2026-04-14 04:00:00,36,-2.215306114309108,-0.9825906139630692,-0.09461436365862036,-0.1080446566033526,0.20969359640322693
2026-04-14 08:00:00,36,0.5686681481093139,0.9531074165474857,0.9395729607105889,1.42152837039351,-2.215306114309108
2026-04-14 12:00:00,36,-0.1183109854311084,0.5547948503077392,-0.24770589991967087,1.0288876174781798,0.5686681481093139
2026-04-14 16:00:00,36,2.5615083527984837,0.7762041772176679,0.045269438953648204,1.1105762342088212,-0.1183109854311084
2026-04-14 20:00:00,36,-1.5547348457372525,-1.460282140665309,-1.097590570040921,-0.658034460069719,2.5615083527984837
2026-04-15 00:00:00,36,0.28117503135694655,-0.303205380134056,0.6578597589391844,0.4154426855090918,-1.5547348457372525
2026-04-15 04:00:00,36,-1.7356409481966732,-0.4663680187850864,-0.1250989833599331,0.22130349135862026,0.28117503135694655
2026-04-15 08:00:00,36,0.805699826888242,1.026021139322832,0.7350106127055187,1.4196884738064508,-1.7356409481966732
2026-04-15 12:00:00,36,0.13124505863581604,0.4718479001360512,-0.3487925749342069,0.8633876018393103,0.805699826888242
2026-04-15 16:00:00,36,1.365120688833997,0.41473947748238404,-0.061158490234815385,0.7727685671518287,0.13124505863581604
2026-04-15 20:00:00,36,-0.8082474883233957,-0.7571448149026678,-0.5873682588224541,-0.1697882067173504,1.365120688833997
2026-04-16 00:00:00,36,-0.3125079293161761,-0.28103382418991407,0.3395060043267751,0.38827171524652115,-0.8082474883233957
2026-04-16 04:00:00,36,0.12338427328662682,0.019304334246827953,0.12808842524465305,0.6040449198240481,-0.3125079293161761
2026-04-16 08:00:00,36,-0.8551582400406126,-0.023368315767746388,-0.057806108569858135,0.5188534173243173,0.12338427328662682
2026-04-16 12:00:00,36,0.24776448134075046,0.7787288017347358,0.3595119880752539,1.1093031837612983,-0.8551582400406126
2026-04-16 16:00:00,36,2.011113815646514,0.5906094527518728,-0.11085041781400003,0.9382325288938684,0.24776448134075046
2026-04-16 20:00:00,36,-0.8585365739278892,-0.8674829555861405,-0.8628643343180222,-0.45035455022996285,2.011113815646514
2026-04-17 00:00:00,36,-1.0308160577208358,-0.5558140046030292,0.36095274292082136,0.14242780959300205,-0.8585365739278892
2026-04-17 04:00:00,36,-0.5864749953946404,0.4588762539281177,0.4344246108144466,0.8541616993253314,-1.0308160577208358
2026-04-17 08:00:00,36,0.6174120355875541,0.8263904450459253,0.24492689981492066,1.259097309880227,-0.5864749953946404
2026-04-17 12:00:00,36,1.8273930945646697,0.4672835582805146,-0.26849365933580177,0.832801011559182,0.6174120355875541
2026-04-17 16:00:00,36,-0.03606724924169491,-0.9804129267190933,-0.7845131328199396,-0.42893485831096,1.8273930945646697
2026-04-17 20:00:00,36,-0.9269082425306081,-1.0672446796031487,0.01019503086191613,-0.40403198315446076,-0.03606724924169491
2026-04-18 00:00:00,36,3.059564204100573,-0.20807808725353735,0.3901111435187883,0.23595805574725048,-0.9269082425306081
2026-04-20 04:00:00,36,-3.5232718207968254,-2.560059378108839,-1.309995976098983,-1.8765386555331531,3.059564204100573
2026-04-20 08:00:00,36,0.6567493670358004,0.1829536808475042,1.4973798537934213,0.5561281028257294,-3.5232718207968254
2026-04-20 12:00:00,36,-0.8917012991989477,-0.21847457394153308,-0.2852698137322641,0.10267107906424577,0.6567493670358004
2026-04-20 16:00:00,36,1.5649906444911945,0.5419491351793959,0.37509647182107797,0.7183522468193129,-0.8917012991989477
2026-04-20 20:00:00,36,-1.219529350466443,-0.890676861860906,-0.6726066090580471,-0.3622060840832848,1.5649906444911945
2026-04-21 00:00:00,36,-0.603582996233877,0.044891788200651164,0.5149049896101018,0.4798261696335917,-1.219529350466443
2026-04-21 04:00:00,36,-0.29377126906871887,0.4343681120847311,0.25222293269075097,0.8965741145925286,-0.603582996233877
2026-04-21 08:00:00,36,0.17002508320094023,0.715779455563868,0.12009781953722364,1.0994104659083774,-0.29377126906871887
2026-04-21 12:00:00,36,1.3895145055887799,0.9650661008945693,-0.0776969704939314,0.9820155020714445,0.17002508320094023
2026-04-21 16:00:00,36,0.39278265600240836,-0.4008423883041,-0.5977714666947433,0.022615853128426622,1.3895145055887799
2026-04-21 20:00:00,36,0.4595188680926938,-0.4058266149739133,-0.1726961810838817,-0.2485835771502387,0.39278265600240836
2026-04-22 00:00:00,36,-1.7891425372205045,-0.6549669641020389,-0.20115711009566897,-0.5658614745436283,0.4595188680926938
2026-04-22 04:00:00,36,0.694487897191145,0.45904685637633363,0.7578273845829075,0.6694640403858028,-1.7891425372205045
2026-04-22 08:00:00,36,0.15093735449060652,-0.3186539910677403,-0.30136412885922054,0.18995019430469817,0.694487897191145
2026-04-22 12:00:00,36,-1.3441826591839394,-0.3104765389398131,-0.06955664495243816,0.08573448131412675,0.15093735449060652
2026-04-22 16:00:00,36,1.137964987034092,0.7433438682425122,0.5680657678348745,1.0138344515910962,-1.3441826591839394
2026-04-22 20:00:00,36,-0.8643255761029849,-0.04679249637762407,-0.49049338233405804,0.22811886195258424,1.137964987034092
2026-04-23 00:00:00,36,1.1331688861749196,0.5268403051528737,0.3634215731824428,0.8248982773170201,-0.8643255761029849
2026-04-23 04:00:00,36,-1.007699750545461,-0.2718505699724992,-0.4884479937539929,0.042494187819080764,1.1331688861749196
2026-04-23 08:00:00,36,0.04081326951611963,0.4268799063181704,0.4245662212396391,0.7382672675708655,-1.007699750545461
2026-04-23 12:00:00,36,0.18488220228809737,0.6240083175181916,-0.022592130983519962,0.71008747075083,0.04081326951611963
2026-04-23 16:00:00,36,0.20603609002897727,0.5414732070523388,-0.08403307196590573,0.5824343089755573,0.18488220228809737
2026-04-23 20:00:00,36,0.9073024954537825,0.428980038619137,-0.09305455038757568,0.44017530293543494,0.20603609002897727
2026-04-24 00:00:00,36,-1.2782048931763423,-0.29626825256398553,-0.3921229685373064,-0.18627781584984948,0.9073024954537825
2026-04-24 04:00:00,36,0.5411847109919261,0.2334661750278573,0.5399282926039141,0.6962673615184176,-1.2782048931763423
2026-04-24 08:00:00,36,-0.7890031917173665,-0.01817014642289476,-0.23598506458458068,0.3226027328652794,0.5411847109919261
2026-04-24 12:00:00,36,0.2807930467354627,0.7730302719118285,0.33129890742344786,0.8673753006246994,-0.7890031917173665
2026-04-24 16:00:00,36,0.2813426391357794,0.46844281419902706,-0.12493607874105934,0.673499850328847,0.2807930467354627
2026-04-24 20:00:00,36,-1.43639574300963,0.21267711198487596,-0.12517046289024764,0.4792449302586217,0.2813426391357794
2026-04-25 00:00:00,36,2.630914889742664,1.467045712333327,0.6073917941483008,1.4710140453300404,-1.43639574300963
2026-04-27 04:00:00,36,-1.0200022175625296,-0.8647938963598968,-1.1271903099579828,-0.3455188598435788,2.630914889742664
2026-04-27 08:00:00,36,-0.14573671775569075,-0.11911813407576251,0.42981284266863107,0.3587485411188407,-1.0200022175625296
2026-04-27 12:00:00,36,-1.5783061682096946,0.1137553332886427,0.05696566498053474,0.45937343944883047,-0.14573671775569075
2026-04-27 16:00:00,36,2.353394514877561,1.6189215885102266,0.6679121984557475,1.5491255633846333,-1.5783061682096946
2026-04-27 20:00:00,36,-1.6256320169546008,-0.4554162949084909,-1.008836459162935,-0.07579152982788884,2.353394514877561
2026-04-28 00:00:00,36,-0.4534582541153416,0.8372261177192809,0.6880952082395381,1.0466370451195246,-1.6256320169546008
2026-04-28 04:00:00,36,0.7353342164280381,1.1100766175327383,0.18819937644563312,1.3597303507732352,-0.4534582541153416
2026-04-28 08:00:00,36,0.32789071266739356,0.6490700934698758,-0.31878381984529675,0.852013888469795,0.7353342164280381
2026-04-28 12:00:00,36,-0.8341850971479587,0.46127761177013765,-0.1450217756172337,0.6256195375223914,0.32789071266739356
2026-04-28 16:00:00,36,0.4150426611642466,1.2610250566660646,0.35056759173741053,1.2015882561923217,-0.8341850971479587
2026-04-28 20:00:00,36,-0.6574867865574987,0.6920758960019061,-0.18218938435193652,0.915019255425662,0.4150426611642466
2026-04-29 00:00:00,36,-0.15974503412606111,1.2276449802294191,0.2752112309746175,1.368985435462518,-0.6574867865574987
2026-04-29 04:00:00,36,1.172130074107388,1.478191519887629,0.06293977836372157,1.479282470178246,-0.15974503412606111
2026-04-29 08:00:00,36,-1.5821896093593004,0.40245209387328573,-0.5050637345823863,0.669977366063712,1.172130074107388
2026-04-29 12:00:00,36,2.0162580153510614,1.7963984538294888,0.6695683659159393,1.7624108380967378,-1.5821896093593004
2026-04-29 16:00:00,36,0.10018917953683548,0.04750408074015755,-0.8650581762821947,0.370271911640053,2.0162580153510614
2026-04-29 20:00:00,36,0.9872694578624035,0.28928107884498505,-0.04791411895945803,0.3010956178418116,0.10018917953683548
2026-04-30 00:00:00,36,-1.3055942792531905,-0.6219004722790515,-0.4262264030762787,-0.38057122872630167,0.9872694578624035
2026-04-30 04:00:00,36,0.31774039748609795,0.26905211221285663,0.551609018081036,0.5208851347297703,-1.3055942792531905
2026-04-30 08:00:00,36,-0.8746453681664246,0.07943799918529722,-0.14069298033842326,0.30149913726297406,0.31774039748609795
2026-04-30 12:00:00,36,-0.14913961311681234,0.8672417458789236,0.36782264510628243,0.9054039225627406,-0.8746453681664246
2026-04-30 16:00:00,36,0.6266190052783838,1.139799411692667,0.05841689453453455,1.0083783729137554,-0.14913961311681234
2026-04-30 20:00:00,36,-1.9348087241650287,0.6844929278985308,-0.2724201469588913,0.5757250603595505,0.6266190052783838
2026-05-01 00:00:00,36,0.6184006632202088,2.0068574323843063,0.8199495050358501,1.9116267751453684,-1.9348087241650287
2026-05-01 04:00:00,36,1.2579735649912749,1.2170247665051244,-0.2689152784237118,1.4846478722168222,0.6184006632202088
2026-05-01 08:00:00,36,-1.139038232021182,0.22817891818063513,-0.5416733266411176,0.6160715516545352,1.2579735649912749
2026-05-01 12:00:00,36,1.1275091601476603,1.3759527986150701,0.4805780187438094,1.402528170522828,-1.139038232021182
2026-05-01 16:00:00,36,0.6167430836747254,0.42817673958168845,-0.48603429576840645,0.6240318769793944,1.1275091601476603
2026-05-01 20:00:00,36,-1.0887236931652833,-0.03745867214526779,-0.2682083720486306,0.1981974610120396,0.6167430836747254
2026-05-02 00:00:00,36,2.522765623608091,0.7600940620681473,0.4591204251258013,0.9499140676523723,-1.0887236931652833
2026-05-04 04:00:00,37,-0.5754217032730917,-1.5011854405390663,-1.2424128656738298,-1.1949399032497183,2.522765623608091
2026-05-04 08:00:00,37,-2.333256019540249,-1.0947308990176914,0.29207468107281565,-0.7473965793850894,-0.5754217032730917
2026-05-04 12:00:00,37,2.4340244380583353,0.9523221480109388,1.1627046924192224,1.0673301653178466,-2.333256019540249
2026-05-04 16:00:00,37,-0.09943644128857443,-1.0026289335289786,-1.1984606349845666,-0.825770809463032,2.4340244380583353
2026-05-04 20:00:00,37,-1.62017160401963,-0.8600089213046073,0.056326038434916084,-0.7484325457263257,-0.09943644128857443
2026-05-05 00:00:00,37,0.3378993465504667,0.42283109202770713,0.8095242549738837,0.5116815249970479,-1.62017160401963
2026-05-05 04:00:00,37,-0.4582098255597291,-0.03484510118728676,-0.1602800764900961,0.24887496795081177,0.3378993465504667
2026-05-05 08:00:00,37,-0.5023163755699862,0.43202642526236085,0.23402132673836248,0.6052549014708166,-0.4582098255597291
2026-05-05 12:00:00,37,0.02891714802562184,0.9343426146731145,0.2558666655057989,0.995939401334967,-0.5023163755699862
2026-05-05 16:00:00,37,1.1277030485381108,0.9489654390291141,-0.007245645134371497,0.9734486324424179,0.02891714802562184
2026-05-05 20:00:00,37,-1.0270933051539561,-0.12180646470399101,-0.5514584712111321,0.09635976387136935,1.1277030485381108
2026-05-06 00:00:00,37,1.1302352040000585,0.5960054741069449,0.5157811181535569,0.8951978144576422,-1.0270933051539561
2026-05-06 04:00:00,37,-1.0369624591915017,-0.14302335451446183,-0.5527126113301212,0.016139521957089897,1.1302352040000585
2026-05-06 08:00:00,37,0.0987160656293895,0.6575113528961585,0.5206691679613079,0.8226534630712514,-1.0369624591915017
2026-05-06 12:00:00,37,0.5866965048325916,0.6185388739295948,-0.04181604341535455,0.7458754828885183,0.0987160656293895
2026-05-06 16:00:00,37,0.3592996157950328,0.14970285186028678,-0.28350572451254574,0.2895630039205095,0.5866965048325916
2026-05-06 20:00:00,37,-1.202765389968187,-0.15590588874217653,-0.1708793215286035,0.010112049252786193,0.3592996157950328
2026-05-07 00:00:00,37,0.42740204661058456,0.7601146744247266,0.6027889708161716,0.9455818401797185,-1.202765389968187
2026-05-07 04:00:00,37,-0.3903469876654704,0.35806266329292413,-0.20460947434503676,0.6131631436331535,0.42740204661058456
2026-05-07 08:00:00,37,0.5240328169005153,0.6160376082422516,0.20040984084397842,0.9167616824554532,-0.3903469876654704
2026-05-07 12:00:00,37,0.14570641539480178,0.3639050928480286,-0.2524693026891481,0.509186877133077,0.5240328169005153
2026-05-07 16:00:00,37,0.2893437445512195,0.11751168332802393,-0.06508968665399,0.3958614097701574,0.14570641539480178
2026-05-07 20:00:00,37,-0.4990074250689638,-0.004637002952764884,-0.136231186370971,0.17081973956670637,0.2893437445512195
2026-05-08 00:00:00,37,-0.8517501340936029,0.5116967192402905,0.2542277899954109,0.558930650883001,-0.4990074250689638
2026-05-08 04:00:00,37,0.09216647041618486,1.095549448805436,0.42893617173450604,1.221392778998947,-0.8517501340936029
2026-05-08 08:00:00,37,0.3517655148236667,0.9427003677202416,-0.0385721232676948,1.149708850005128,0.09216647041618486
2026-05-08 12:00:00,37,0.5295583420291727,0.7142105299922578,-0.16714778986291462,0.8761176614391655,0.3517655148236667
2026-05-08 16:00:00,37,0.31594462688333813,0.23202782828691298,-0.25520601567793166,0.46424529162085193,0.5295583420291727
2026-05-08 20:00:00,37,-1.321208525733665,-0.007518285185241698,-0.14940622014538113,0.21851436477495945,0.31594462688333813
2026-05-09 00:00:00,37,2.8668853245949535,1.0823612837846621,0.6614521495248353,1.2461051764557354,-1.321208525733665
2026-05-11 04:00:00,37,-1.5858097058460512,-1.1664400696551422,-1.4128503957653635,-0.9836601938973892,2.8668853245949535
2026-05-11 08:00:00,37,-0.8700432306543355,-0.04314316588562247,0.792505301867839,0.24972836745533122,-1.5858097058460512
2026-05-11 12:00:00,37,0.2112390811736482,0.791057505845475,0.4379964789084223,0.9264182405311878,-0.8700432306543355
2026-05-11 16:00:00,37,1.0215059291440536,0.7123367361714908,-0.09754707187090604,0.7621237066600912,0.2112390811736482
2026-05-11 20:00:00,37,-1.1455571062533227,-0.329931251785125,-0.49886056798021594,-0.03236867392984699,1.0215059291440536
2026-05-12 00:00:00,37,-0.5855060427733871,0.5735282103598516,0.5744545321043658,0.8586064702003018,-1.1455571062533227
2026-05-12 04:00:00,37,0.8051519499581001,1.015093471364185,0.2970693091400429,1.3139930484873297,-0.5855060427733871
2026-05-12 08:00:00,37,-1.3022443214339692,0.5047850040595024,-0.39170355914817356,0.6877733945350002,0.8051519499581001
2026-05-12 12:00:00,37,0.27783955789767845,1.9047608555958988,0.6520594523566056,1.7006144966054908,-1.3022443214339692
2026-05-12 16:00:00,37,1.9386268982462855,1.5673249426213631,-0.13053332846478743,1.4845203893875834,0.27783955789767845
2026-05-12 20:00:00,37,-1.3385270911539067,-0.038132378952368574,-0.9530973708155924,-0.02327731938731681,1.9386268982462855
2026-05-13 00:00:00,37,0.05446370638565057,0.8647741337680861,0.6700297854651482,1.017783280257058,-1.3385270911539067
2026-05-13 04:00:00,37,-0.7522242212275305,0.7394145956283252,-0.01989848743527988,0.9754232718542237,0.05446370638565057
2026-05-13 08:00:00,37,-0.18858815752046,1.4188988851350544,0.3796424209833795,1.5604775483000282,-0.7522242212275305
2026-05-13 12:00:00,37,1.2869185306232716,1.746995702980447,0.10048159905643354,1.7071549683175995,-0.18858815752046
2026-05-13 16:00:00,37,0.8344566133015494,0.6607481252015714,-0.6303156056358874,0.706233742263704,1.2869185306232716
2026-05-13 20:00:00,37,-1.4724868257059,-0.08911209635162107,-0.40621773670353556,0.05722192325597142,0.8344566133015494
2026-05-14 00:00:00,37,0.627856544951424,0.9044025345434754,0.7363781120017648,1.2024718235895655,-1.4724868257059
2026-05-14 04:00:00,37,-0.08433571876647683,0.4260772932165029,-0.3038916993817673,0.7141464729130309,0.627856544951424
2026-05-14 08:00:00,37,-0.25045831738674806,0.5517735002740755,0.04884686812910971,0.7797399110516476,-0.08433571876647683
2026-05-14 12:00:00,37,0.42412438461965785,0.8818284396525253,0.13112499786137743,0.9745378257205175,-0.25045831738674806
2026-05-14 16:00:00,37,1.003760172850816,0.5813655403074822,-0.20298609558291883,0.6446683825885859,0.42412438461965785
2026-05-14 20:00:00,37,-0.585745345182394,-0.17947785160645388,-0.49007135055513984,-0.13602195558482144,1.003760172850816
2026-05-15 00:00:00,37,-0.0992701211803908,0.2476180321295376,0.29718783217554223,0.31955074393282246,-0.585745345182394
2026-05-15 04:00:00,37,-0.03393491281298644,0.3655028641746438,0.05624366248154265,0.3967596495768131,-0.0992701211803908
2026-05-15 08:00:00,37,-0.11412044828744783,0.39439728662773466,0.023884075075702067,0.42315306433505384,-0.03393491281298644
2026-05-15 12:00:00,37,-0.2410775255462987,0.7109152594071313,0.06359881554578055,0.5119120465857581,-0.11412044828744783
2026-05-15 16:00:00,37,1.7970984618380133,0.8552156385605837,0.12647882681390799,0.6994139021437586,-0.2410775255462987
2026-05-15 20:00:00,37,-2.413823257417338,-0.7273183013651855,-0.8830003752934921,-0.6983078284550785,1.7970984618380133
2026-05-16 00:00:00,37,2.507082416716667,1.14966440028068,1.2026084845900529,1.1790813588165072,-2.413823257417338
2026-05-18 04:00:00,37,-1.6113195640124065,-0.9928887100769587,-1.2346451992518748,-0.7708416134969571,2.507082416716667
2026-05-18 08:00:00,37,-0.8415588259615472,0.38536450869008865,0.8051399670915685,0.48238764321039795,-1.6113195640124065
2026-05-18 12:00:00,37,1.647611483844873,1.2235820460423643,0.4238885636450882,1.136923320360026,-0.8415588259615472
2026-05-18 16:00:00,37,-0.09422448054779586,-0.17872749596095644,-0.8089616287848435,-0.14453255056584524,1.647611483844873
2026-05-18 20:00:00,37,-0.3653607215659207,-0.04711251936081321,0.05374462936985865,-0.07124797166673247,-0.09422448054779586
2026-05-19 00:00:00,37,-0.8934137639706794,0.15095341313108643,0.18803450322743304,0.21291710380590523,-0.3653607215659207
2026-05-19 04:00:00,37,0.6973698643846014,0.7348054893070812,0.4495715673556589,0.9077837785237417,-0.8934137639706794
2026-05-19 08:00:00,37,-1.1444444396928635,0.1936187013295904,-0.3383206450035319,0.365393345047881,0.6973698643846014
2026-05-19 12:00:00,37,0.9531812378486268,1.3221326926968904,0.573903444387399,1.2555030951757011,-1.1444444396928635
2026-05-19 16:00:00,37,0.2648275107965574,0.5545562129560039,-0.46502033275025556,0.5141513230655033,0.9531812378486268
2026-05-19 20:00:00,37,-0.4994512472884196,0.28314433815751194,-0.12408864900299041,0.3081775411269412,0.2648275107965574
2026-05-20 00:00:00,37,0.0482126320322287,0.6864861600299892,0.25444760874646427,0.696633642188722,-0.4994512472884196
2026-05-20 04:00:00,37,0.6652296394727664,0.55950030329181,-0.016802420368615685,0.65913550565819,0.0482126320322287
2026-05-20 08:00:00,37,-1.5305483822143913,-0.022047109667705705,-0.32240205465589966,0.1417426400616435,0.6652296394727664
2026-05-20 12:00:00,37,-0.14402988048052023,1.4228700696619367,0.7651351644349677,1.3321508335926548,-1.5305483822143913
2026-05-20 16:00:00,37,1.918725874169267,1.4338499324775245,0.07841252639932474,1.4441723494295111,-0.14402988048052023
2026-05-20 20:00:00,37,-1.7302817020783117,-0.08750697332140328,-0.9432406803086206,-0.048147023347500095,1.918725874169267
2026-05-21 00:00:00,37,0.8793547689202725,1.1663815601187686,0.864060200162255,1.2976069163553294,-1.7302817020783117
2026-05-21 04:00:00,37,-0.5113455359346553,0.3512994128162593,-0.42845514632401127,0.613674847230687,0.8793547689202725
2026-05-21 08:00:00,37,0.09981363114381558,0.816935931454009,0.2603386785493454,1.011381919268123,-0.5113455359346553
2026-05-21 12:00:00,37,0.12128358474924106,0.9793168684774418,-0.042359651801785074,0.9337502901602779,0.09981363114381558
2026-05-21 16:00:00,37,1.2939211029584001,0.8806674730086772,-0.052993410500268415,0.839420065317972,0.12128358474924106
2026-05-21 20:00:00,37,-0.1916199224513626,-0.3082361158119948,-0.6337838788258964,-0.1669475220404042,1.2939211029584001
2026-05-22 00:00:00,37,-1.7613511866862783,-0.11365054319355143,0.10198318854741388,-0.01791209893286627,-0.1916199224513626
2026-05-22 04:00:00,37,-0.4093081719144216,1.1163030101501763,0.8794484682637693,1.3520066234556278,-1.7613511866862783
2026-05-22 08:00:00,37,0.24492432789278062,1.4538702571223303,0.20980104222458495,1.6703525229960174,-0.4093081719144216
2026-05-22 12:00:00,37,-0.4265213725940722,1.5068144487611193,-0.11423088926022794,1.4798587561169754,0.24492432789278062
2026-05-22 16:00:00,37,1.5461750388164752,1.8306858654993148,0.2183264925268958,1.8115924945287532,-0.4265213725940722
2026-05-22 20:00:00,37,0.5548639092331928,0.4980685770224709,-0.7587216189791689,0.609030421856918,1.5461750388164752
2026-05-23 00:00:00,37,1.54747188138146,-0.07049257196409212,-0.26773949853128093,0.177476247208606,0.5548639092331928
2026-05-25 12:00:00,37,-3.672301457634026,-1.2262973716305607,-0.7593639264177134,-1.026094465263851,1.54747188138146
2026-05-25 16:00:00,37,0.7219572199677398,1.728301475869209,1.8259146059886635,1.8300960316080612,-3.672301457634026
2026-05-25 20:00:00,37,0.968664276704315,0.9811738139205421,-0.35049840798848914,1.2685823937411822,0.7219572199677398
2026-05-26 04:00:00,37,-1.2871110350821002,0.08011923896138695,-0.47268885882797484,0.5151884434621987,0.968664276704315
2026-05-26 08:00:00,37,0.3831118854181703,1.2936203240110897,0.6445641536550676,1.5162593929013486,-1.2871110350821002
2026-05-26 12:00:00,37,1.3700056762340918,0.9563887028247272,-0.18267319560440412,1.2182880691976976,0.3831118854181703
2026-05-26 16:00:00,37,1.62584748024587,-0.12993359202334878,-0.6714674718023771,0.15274450250983662,1.3700056762340918
2026-05-26 20:00:00,37,-2.0058299356192872,-1.5343554136167428,-0.7981822313609832,-1.1117840706518134,1.62584748024587
2026-05-27 00:00:00,37,-0.5587451024543402,0.12070196358423052,1.000535270351863,0.44828186253769253,-2.0058299356192872
2026-05-27 04:00:00,37,0.08048158978851028,0.5503470582797244,0.28381500095069745,0.8828546965533395,-0.5587451024543402
2026-05-27 08:00:00,37,-0.7434288514574323,0.47410422901633054,-0.032784770239420204,0.8202588681391916,0.08048158978851028
2026-05-27 12:00:00,37,1.2773882321170724,1.2452529354341364,0.37528620105305216,1.3984724067415346,-0.7434288514574323
2026-05-27 16:00:00,37,0.5645905681647054,0.28264252635018017,-0.6255953860908472,0.4049635209706466,1.2773882321170724
2026-05-27 20:00:00,37,-0.6794919447837735,-0.08682494806677413,-0.27255697256597167,-0.03415571638479875,0.5645905681647054
2026-05-28 00:00:00,37,1.216395436893718,0.27638106971713605,0.34361917233048755,0.494329882573302,-0.6794919447837735
2026-05-28 04:00:00,37,-0.7431111016937297,-0.8697078698288231,-0.5953865333531654,-0.45174089276347296,1.216395436893718
2026-05-28 08:00:00,37,-0.72155639514774,-0.010092243852097059,0.3751288241729801,0.126225510938335,-0.7431111016937297
2026-05-28 12:00:00,37,-0.24357785320759007,0.5681763920225821,0.36445308856408926,0.6874274009666976,-0.72155639514774
2026-05-28 16:00:00,37,1.4799217812283239,0.7821593467978515,0.12771720308178203,0.8768739258792273,-0.24357785320759007
2026-05-28 20:00:00,37,-1.326009787186205,-0.4730558402570435,-0.7259073350208268,-0.27415862861628604,1.4799217812283239
2026-05-29 00:00:00,37,-0.03620505803082352,0.4683915575721737,0.6638301451494621,0.7571664400398337,-1.326009787186205
2026-05-29 04:00:00,37,0.291688640489701,0.5287457423431227,0.02500844529562165,0.7853254961193308,-0.03620505803082352
2026-05-29 08:00:00,37,0.27740318903121164,0.23895938025393543,-0.13739257954587591,0.5584600460402598,0.291688640489701
2026-05-29 12:00:00,37,-1.7161889701600685,0.12273913283270538,-0.13031720125208746,0.34270533160475836,0.27740318903121164
2026-05-29 16:00:00,37,3.027891916293175,1.5439587492114726,0.8570802730801983,1.677498426332244,-1.7161889701600685
2026-05-29 20:00:00,37,-0.6626586706883728,-0.8685245218568922,-1.4925946409765627,-0.6774923653125402,3.027891916293175
2026-05-30 00:00:00,37,-0.6641087650854622,-0.40392068697630207,0.3352818941916709,-0.16209911132044752,-0.6626586706883728
2026-06-01 04:00:00,38,-0.01684205505145009,-0.16671599698270084,0.3045644154784521,-0.011983473121466304,-0.6641087650854622
2026-06-01 08:00:00,38,-0.5191527141516374,-0.3488845658027845,0.008231004640128124,0.0020514453975017943,-0.01684205505145009
2026-06-01 12:00:00,38,0.7854866038440758,0.27478998989204645,0.23820024082065616,0.43467478143103655,-0.5191527141516374
2026-06-01 16:00:00,38,0.4881173330986712,-0.33598853838358966,-0.35909329061268325,-0.21989144870027566,0.7854866038440758
2026-06-01 20:00:00,38,-1.522472796493446,-0.7714204992331155,-0.22295087989939283,-0.6266522018748404,0.4881173330986712
2026-06-02 00:00:00,38,1.5731748962583296,0.5463463846283212,0.697542977831359,0.6420636158121216,-1.522472796493446
2026-06-02 04:00:00,38,0.2020598086027814,-1.0009720388835406,-0.7197148933462233,-0.668903568276793,1.5731748962583296
2026-06-02 08:00:00,38,-0.935725222906207,-1.2755242220380039,-0.09198724371087313,-0.8372852141647122,0.2020598086027814
2026-06-02 12:00:00,38,-0.24527785316116457,-0.30553246471205575,0.4289166031286026,-0.05752127089817449,-0.935725222906207
2026-06-02 16:00:00,38,1.7779386766791863,-0.1271260024791621,0.11281410487074148,0.146875085312983,-0.24527785316116457
2026-06-02 20:00:00,38,-0.2079603154931089,-1.5760990702046103,-0.8134604058646618,-1.3347270340651942,1.7779386766791863
2026-06-03 00:00:00,38,0.327925023451062,-1.5282404673699752,0.09572928797867317,-1.161428343720802,-0.2079603154931089
2026-06-03 04:00:00,38,0.195148426081861,-1.8001057982275652,-0.1496111997149283,-1.4346967168739795,0.327925023451062
2026-06-03 08:00:00,38,-1.655185186774478,-2.0721109199057652,-0.08882305571188723,-1.5973189295906955,0.195148426081861
2026-06-03 12:00:00,38,-0.08224125620708023,-0.33525010929276244,0.7583017263701469,-0.2180104568885568,-1.655185186774478
2026-06-03 16:00:00,38,1.1231751723034336,-0.32592096476519705,0.038172245312819555,-0.14947669861275337,-0.08224125620708023
2026-06-03 20:00:00,38,-0.3829508646040196,-1.1896341156631238,-0.5136947921906249,-1.0854475155736072,1.1231751723034336
2026-06-04 00:00:00,38,0.8263902002519963,-0.9841523258315625,0.17584393852169666,-0.7663246908906043,-0.3829508646040196
2026-06-04 04:00:00,38,0.6195767514027875,-1.6731510183540033,-0.3778198866992893,-1.454976942054632,0.8263902002519963
2026-06-04 08:00:00,38,-0.8954160084128926,-2.245393691777716,-0.28313598938978163,-1.9712862164050744,0.6195767514027875
2026-06-04 12:00:00,38,0.7262128245495489,-1.2446581000545085,0.41046212859153,-1.2251129804037113,-0.8954160084128926
2026-06-04 16:00:00,38,-0.4381668492275672,-1.9689371868678198,-0.3319564072857126,-1.830284842676198,0.7262128245495489
2026-06-04 20:00:00,38,0.12765510790476675,-1.5370838552570072,0.20112307122331902,-1.4651491150090497,-0.4381668492275672
2026-06-05 00:00:00,38,-0.7527379904521592,-1.7261107668471878,-0.05792308067197885,-1.5715274062864601,0.12765510790476675
2026-06-05 04:00:00,38,0.45297480854696737,-1.0585070155326477,0.3451408892036213,-0.944251439674689,-0.7527379904521592
2026-06-05 08:00:00,38,1.2777571834065213,-1.4518061838000287,-0.20686183344537587,-1.321727021465641,0.45297480854696737
2026-06-05 12:00:00,38,-2.169900587561642,-2.3803734042603217,-0.5844659501913485,-2.3865150120850664,1.2777571834065213
2026-06-05 16:00:00,38,1.9122274092056077,-0.26175218558978747,0.993950135228159,-0.5782809309321166,-2.169900587561642
2026-06-05 20:00:00,38,-0.2622066592187462,-1.9879053358768406,-0.8749408397102689,-2.1717893119432183,1.9122274092056077
2026-06-06 00:00:00,38,0.8985348826934807,-1.8100105859700544,0.12056449703937322,-1.9532857453639831,-0.2622066592187462
2026-06-08 04:00:00,38,-2.909071676365757,-2.464456733564169,-0.4108493620149739,-2.70205801968135,0.8985348826934807
2026-06-08 08:00:00,38,0.04229698424137851,0.23548579993649058,1.3323594594569472,-0.27785362069900543,-2.909071676365757
2026-06-08 12:00:00,38,1.4271082122286973,0.26314261654082677,-0.018844191651713724,-0.3131007877230001,0.04229698424137851
2026-06-08 16:00:00,38,-1.2524664997768582,-1.0390401077123124,-0.6528422456148573,-1.5023468396561874,1.4271082122286973
2026-06-08 20:00:00,38,-0.09198555043772139,0.0015367373759922886,0.5739279585302017,-0.45863422748356975,-1.2524664997768582
2026-06-09 00:00:00,38,0.3116786862727121,0.05567999961943208,0.04263340467852579,-0.381980297700542,-0.09198555043772139
2026-06-09 04:00:00,38,-0.4086966536161185,-0.35512896500221686,-0.14217325731026345,-0.6417101793909339,0.3116786862727121
2026-06-09 08:00:00,38,-0.2983673750596143,0.03729498153635895,0.18763094587802773,-0.3011327252172027,-0.4086966536161185
2026-06-09 12:00:00,38,-0.06467115866499284,0.3385027552616289,0.13711969460687484,-0.0524955022128033,-0.2983673750596143
2026-06-09 16:00:00,38,1.1978689919955237,0.32576698102289453,0.030128255327400388,0.001396640973856833,-0.06467115866499284
2026-06-09 20:00:00,38,-1.2870582201014678,-0.9042437685318099,-0.5478913204760618,-0.996818460906292,1.1978689919955237
2026-06-10 00:00:00,38,0.9157904106714856,0.23576939317023252,0.5897648342904556,0.07572032329246348,-1.2870582201014678
2026-06-10 04:00:00,38,-0.8856041948391145,-0.5811788675875939,-0.4187493349044643,-0.6874314271893738,0.9157904106714856
2026-06-10 08:00:00,38,0.08323986196201894,0.2404188073635636,0.4059700573359657,0.050565371696055905,-0.8856041948391145
2026-06-10 12:00:00,38,0.8069203566277672,0.280588148278932,-0.03758877161606297,-0.018800550490881918,0.08323986196201894
2026-06-10 16:00:00,38,0.9649122638411605,-0.3845517675009761,-0.3689061497803097,-0.6912280791962591,0.8069203566277672
2026-06-10 20:00:00,38,-1.3268146724882648,-1.2714192879301263,-0.44123843571995996,-1.4953143358669774,0.9649122638411605
2026-06-11 00:00:00,38,0.8483846023732369,-0.12585945579053595,0.6079662417720669,-0.38964547531190163,-1.3268146724882648
2026-06-11 04:00:00,38,-1.2588868596410308,-0.9280445001537585,-0.38788942387600334,-1.0966262285917345,0.8483846023732369
2026-06-11 08:00:00,38,-0.14394667646768156,0.09910125953379416,0.5768673451970361,-0.0475633650821603,-1.2588868596410308
2026-06-11 12:00:00,38,0.6811323368421807,0.28093211663316886,0.06642238914004553,0.07239111013647204,-0.14394667646768156
2026-06-11 16:00:00,38,-0.26583488030604663,-0.16137544652811567,-0.3113175354304342,-0.49521401993882286,0.6811323368421807
2026-06-11 20:00:00,38,0.7220877726167689,-0.07409182916396508,0.12222557911482675,-0.27368696322293395,-0.26583488030604663
2026-06-12 00:00:00,38,-0.9093638956606291,-0.6776433962919436,-0.33006786475729843,-0.875421313411163,0.7220877726167689
2026-06-12 04:00:00,38,0.11997350970558607,-0.1201698920830614,0.41684778837912034,-0.11762494350863939,-0.9093638956606291
2026-06-12 08:00:00,38,-0.1870277930341775,-0.05169553307090392,-0.05440627043013415,-0.21760196104056106,0.11997350970558607
2026-06-12 12:00:00,38,-0.27588729579028204,0.25441194507876985,0.08614590344561258,-0.06174688112316673,-0.1870277930341775
2026-06-12 16:00:00,38,1.614695887670175,0.46589966428690294,0.126827803393364,0.16815711248130505,-0.27588729579028204
2026-06-12 20:00:00,38,-2.457011191671194,-1.1319484793863284,-0.738724146897691,-1.1774105838082747,1.614695887670175
2026-06-13 00:00:00,38,3.631712726946178,0.9265044065245204,1.1253958951980554,0.8700801630128012,-2.457011191671194
2026-06-15 04:00:00,38,-2.2147489512137692,-2.02170828292742,-1.6621602983870598,-2.1563196469436754,3.631712726946178
2026-06-15 08:00:00,38,-0.6937717331961153,-0.29756395268763636,1.014482735415266,-0.3107122685509438,-2.2147489512137692
2026-06-15 12:00:00,38,0.07684909289987729,0.4243254825162079,0.3181447964551848,0.26742559624196716,-0.6937717331961153
2026-06-15 16:00:00,38,0.8919442468903309,0.4512504824012368,-0.03466293229093384,0.20338526661405432,0.07684909289987729
2026-06-15 20:00:00,38,-0.6165646173598098,-0.3147047724710056,-0.4078320191532687,-0.5398948610381442,0.8919442468903309
2026-06-16 00:00:00,38,-0.2677993750889307,0.18833075578051575,0.2827976240730925,-0.026095675612850755,-0.6165646173598098
2026-06-16 04:00:00,38,0.6096414891788111,0.2867878460480565,0.12312496947518614,0.19706844523354228,-0.2677993750889307
2026-06-16 08:00:00,38,-0.8455262429636168,-0.2549335496848023,-0.27858740053643344,-0.3109615190593029,0.6096414891788111
2026-06-16 12:00:00,38,0.12496366768273326,0.5202098291856594,0.38762146008143306,0.39363728966035794,-0.8455262429636168
2026-06-16 16:00:00,38,0.8029774913365806,0.4378184057966729,-0.056690878167665396,0.2895018448823503,0.12496366768273326
2026-06-16 20:00:00,38,-0.617452726623755,-0.16712020642971032,-0.3671010164371289,-0.37963999256242786,0.8029774913365806
2026-06-17 00:00:00,38,-1.1108876118389066,0.15972085758325802,0.2832042206789463,0.13489927720039496,-0.617452726623755
2026-06-17 04:00:00,38,1.29550058636128,1.0926323655790244,0.5091099258475917,1.0606305533576066,-1.1108876118389066
2026-06-17 08:00:00,38,0.014170894760626496,-0.10491026258717259,-0.5925892833335491,-0.018943472217678448,1.29550058636128
2026-06-17 12:00:00,38,-0.18337022391446212,0.0316954370583309,-0.005967428641706333,-0.030752444026562742,0.014170894760626496
2026-06-17 16:00:00,38,1.0095459812990946,0.17700533158656598,0.08447138517390164,0.12205468928242347,-0.18337022391446212
2026-06-17 20:00:00,38,1.4728594582538115,-0.720964404347641,-0.4616727660009173,-0.7192259944227075,1.0095459812990946
2026-06-18 00:00:00,38,-1.7071078535237039,-1.9111721752261492,-0.6737882058728983,-1.9465977387456963,1.4728594582538115
2026-06-18 04:00:00,38,-0.7280426453788884,-0.5408289948390371,0.7820731032988495,-0.5240207697177421,-1.7071078535237039
2026-06-18 08:00:00,38,-0.7241650070151007,0.12270747021149538,0.3338347989568246,0.0826759294090138,-0.7280426453788884
2026-06-18 12:00:00,38,0.436436174144772,1.05072645226226,0.33205952798347516,0.6861412925547672,-0.7241650070151007
2026-06-18 16:00:00,38,1.6561951882422346,0.6406981602128545,-0.19929007072834526,0.32244778103616234,0.436436174144772
2026-06-18 20:00:00,38,-1.3898407191174798,-0.8516609226950416,-0.7577234698897185,-1.0577023519182855,1.6561951882422346
2026-06-19 00:00:00,38,-0.5331843784782002,0.3393911148723048,0.6368209983658505,0.10048773756707341,-1.3898407191174798
2026-06-19 04:00:00,38,0.8168391956295356,0.7762428477088718,0.2446242556590066,0.5448040211006138,-0.5331843784782002
2026-06-19 08:00:00,38,-0.6669288523705887,-0.0564879127645526,-0.3734472197092665,-0.13588913176804418,0.8168391956295356
2026-06-19 12:00:00,38,0.3710370322553569,0.627199345206153,0.3058555155321215,0.4198798686523322,-0.6669288523705887
2026-06-19 16:00:00,38,0.5806047777650871,0.23515713635568675,-0.16934885718907408,0.11068514750249925,0.3710370322553569
2026-06-19 20:00:00,38,0.8387744878091361,-0.26513511930657463,-0.26529373410902707,-0.3731477768504199,0.5806047777650871
2026-06-22 04:00:00,38,0.12686670313065562,-0.9331272892935677,-0.38348969501125546,-1.0721201739971633,0.8387744878091361
2026-06-22 08:00:00,38,-1.9687022699804544,-1.2375540832796317,-0.05756213104764039,-1.177841467257954,0.12686670313065562
2026-06-22 12:00:00,38,0.09517137320047553,0.7333428411675361,0.9018369726330477,0.46272887067726565,-1.9687022699804544
2026-06-22 16:00:00,38,1.3474437898568041,0.6261518720832548,-0.0430512886387009,0.3834201126826837,0.09517137320047553
2026-06-22 20:00:00,38,-1.262357546374643,-0.5647354443304704,-0.6163700624514632,-0.739439523018369,1.3474437898568041
2026-06-23 00:00:00,38,0.5510803023769846,0.4346393751220727,0.5784563044649531,0.3125155531910391,-1.262357546374643
2026-06-23 04:00:00,38,-0.6190170343603008,-0.03680618300319567,-0.2517767582483207,-0.1467138649317068,0.5510803023769846
2026-06-23 08:00:00,38,1.7930832984328848,0.3385262337800694,0.2839203963140983,0.36912898278249706,-0.6190170343603008
2026-06-23 12:00:00,38,-1.9289603938886408,-1.0894860651020573,-0.8203939579082915,-1.125093540202272,1.7930832984328848
2026-06-23 16:00:00,38,1.4011564098233489,0.6226429352625243,0.8836422385105679,0.4823588681788902,-1.9289603938886408
2026-06-23 20:00:00,38,-0.8008908921861213,-0.6710535901374225,-0.6409609206448538,-0.6852608779937057,1.4011564098233489
2026-06-24 00:00:00,38,-0.2013130907218521,-0.009044530175607088,0.36718638202965864,-0.017857857395741306,-0.8008908921861213
2026-06-24 04:00:00,38,-0.711851545488388,0.017300086189408995,0.09268603740122262,0.1499015292379795,-0.2013130907218521
2026-06-24 08:00:00,38,-0.42049323911089864,0.8106208245607595,0.3264221454379624,0.743105767557461,-0.711851545488388
2026-06-24 12:00:00,38,2.3681478327790177,1.2955004291332448,0.19303169082863766,1.0935136204393974,-0.42049323911089864
2026-06-24 16:00:00,38,-0.18576879012684522,-0.9200543160101741,-1.083671571716033,-0.8799249992770335,2.3681478327790177
2026-06-24 20:00:00,38,0.5502056559159545,-0.7022548086618233,0.08556950330019875,-0.7251190789286817,-0.18576879012684522
2026-06-25 00:00:00,38,-2.0874641785503822,-1.3420275794171956,-0.25137632521962205,-1.1836196316145209,0.5502056559159545
2026-06-25 04:00:00,38,1.2791139821388366,0.4969557633083853,0.9562088735799489,0.5559180654015279,-2.0874641785503822
2026-06-25 08:00:00,38,-1.6282172299859887,-0.723768437645571,-0.585087123488129,-0.5100005805682422,1.2791139821388366
2026-06-25 12:00:00,38,1.0784408765613307,0.8873240220526153,0.7459551828285308,0.8468347987380369,-1.6282172299859887
2026-06-25 16:00:00,38,3.4206338605228446,0.06718198821207717,-0.49321441488524614,-0.05185777671215597,1.0784408765613307
2026-06-25 20:00:00,38,-2.5154971471789658,-3.0561986456707184,-1.5655235959683202,-2.902360127464428,3.4206338605228446
2026-06-26 00:00:00,38,-0.33640416682107954,-0.8538385658090921,1.152172094889904,-0.8061315266494109,-2.5154971471789658
2026-06-26 04:00:00,38,1.3950991498628742,-0.5209329849339029,0.1545338023700097,-0.5257972648059717,-0.33640416682107954
2026-06-26 08:00:00,38,-1.2280405096397153,-1.6943009534549582,-0.6381877693664147,-1.6883693401489808,1.3950991498628742
2026-06-26 12:00:00,38,0.3347669102135402,-0.4599410607224557,0.5627451850950247,-0.6650115350514287,-1.2280405096397153
2026-06-26 16:00:00,38,0.8630123216716132,-0.8363022891680825,-0.15274357097620977,-0.9439814287692894,0.3347669102135402
2026-06-26 20:00:00,38,-1.512961303286497,-1.4347721906811397,-0.3945863262275018,-1.6631518375183543,0.8630123216716132
2026-06-27 00:00:00,38,0.738463194962808,-0.33278011219096476,0.6931884000653673,-0.40236219224594905,-1.512961303286497
2026-06-29 04:00:00,39,0.35093677068926965,-0.7360558777139671,-0.34430490238241673,-0.743504903657688,0.738463194962808
2026-06-29 08:00:00,39,-1.7594266573126376,-0.9000506461030668,-0.16156699409993086,-0.9793295709524585,0.35093677068926965
2026-06-29 12:00:00,39,1.8428946384146272,0.5310717577462062,0.8335739160247314,0.20298086427315631,-1.7594266573126376
2026-06-29 16:00:00,39,0.449395171567863,-0.9287487642828075,-0.8650990448621947,-1.0354189024707319,1.8428946384146272
2026-06-29 20:00:00,39,-1.003792428526797,-1.5099504850020697,-0.20799500804277565,-1.337406256519488,0.449395171567863
2026-06-30 00:00:00,39,-1.3794628255998838,-0.553887859867905,0.4772549407346568,-0.6628715959725033,-1.003792428526797
2026-06-30 04:00:00,39,0.41393961915273536,0.6815245861559643,0.6544021448084885,0.26410838749761467,-1.3794628255998838
2026-06-30 08:00:00,39,-0.521959750615947,0.3181032242553327,-0.19127595850315723,-0.014053324582567583,0.41393961915273536
2026-06-30 12:00:00,39,0.7241776135655886,0.8081739862612418,0.2500469616435914,0.33669642526127497,-0.521959750615947
2026-06-30 16:00:00,39,0.40843986902196505,0.3614289850963091,-0.33756854300248346,-0.14994093806204312,0.7241776135655886
2026-06-30 20:00:00,39,-1.2014615136740314,-0.20199911837625695,-0.18868255384215302,-0.4244068939458998,0.40843986902196505
2026-07-01 00:00:00,39,0.873803471648781,0.8403632120591467,0.5704657075091607,0.38295866416634006,-1.2014615136740314
2026-07-01 04:00:00,39,0.5266743164630387,0.23179857583108107,-0.408124548008725,-0.20422521108805647,0.873803471648781
2026-07-01 08:00:00,39,-0.8893301529934998,-0.29743669796158756,-0.24443595350469224,-0.5581430841244206,0.5266743164630387
2026-07-01 12:00:00,39,-0.175599625800686,0.43099244731641306,0.4232803070115016,0.03947450673953945,-0.8893301529934998
2026-07-01 16:00:00,39,1.6479271284374644,0.5749145049305034,0.0867210030593437,0.15747503216239167,-0.175599625800686
2026-07-01 20:00:00,39,-1.6430271865161163,-1.0001351419494005,-0.7731622046246289,-0.9499092582512478,1.6479271284374644
2026-07-02 00:00:00,39,1.4464230317006894,0.42757405460719516,0.7786857987604218,0.15418233880598997,-1.6430271865161163
2026-07-02 04:00:00,39,-1.2773888922477692,-0.8031643463903179,-0.6781430398875204,-0.8177939791738957,1.4464230317006894
2026-07-02 08:00:00,39,-0.12631212226260224,0.13818882274261993,0.606269228179905,0.040593729611092755,-1.2773888922477692
2026-07-02 12:00:00,39,0.19965009374913656,0.2938789161036131,0.06347950328833041,0.12547373277909735,-0.12631212226260224
2026-07-02 16:00:00,39,1.3165171576360066,-0.01628266600783556,-0.09022783072062514,-0.008688375230519796,0.19965009374913656
2026-07-02 20:00:00,39,-1.719676438939862,-0.8673311009039372,-0.6168859843339822,-0.8933697384219101,1.3165171576360066
2026-07-03 00:00:00,39,0.4844595826578857,0.30944545470869517,0.8148297187152705,0.2622290985740783,-1.719676438939862
2026-07-03 04:00:00,39,-0.5404555007136871,-0.17008628874773463,-0.22452961506927635,-0.06332105587017445,0.4844595826578857
2026-07-03 08:00:00,39,-0.013158206907167624,0.33697187842153176,0.2587686241503806,0.2998575828148109,-0.5404555007136871
2026-07-03 12:00:00,39,0.4301882770801395,0.3825731535529933,0.01012182620917925,0.30869971628513326,-0.013158206907167624
2026-07-03 16:00:00,39,0.2815802913837988,0.014040186802661744,-0.19893800572385362,0.019619130294444176,0.4301882770801395
2026-07-03 20:00:00,39,1.681933814807417,-0.22182951227331163,-0.128861977976506,-0.16959893996341613,0.2815802913837988
2026-07-06 04:00:00,39,-2.675955174428376,-1.729351743903351,-0.7891980420427175,-1.2998352543563056,1.681933814807417
2026-07-06 08:00:00,39,-0.011151428437216282,0.49357500629260004,1.2657625194546704,0.49836969711071255,-2.675955174428376
2026-07-06 12:00:00,39,1.6768916893195236,0.5099396088955938,0.00917553073868925,0.5058633031409467,-0.011151428437216282
2026-07-06 16:00:00,39,0.3713768218668516,-0.6572854085742997,-0.7868204300729461,-0.620984772500826,1.6768916893195236
2026-07-06 20:00:00,39,-1.6637006952445983,-1.2954299477886435,-0.17120549089245357,-0.8705448721328057,0.3713768218668516
2026-07-07 00:00:00,39,1.1253452877372716,0.061963630246279745,0.7884343823543908,0.2474390375143436,-1.6637006952445983
2026-07-07 04:00:00,39,-1.0616071353107532,-0.7697140811541026,-0.526738976440947,-0.5087774671031182,1.1253452877372716
2026-07-07 08:00:00,39,-0.09225703722556311,0.26615408793351786,0.5045174392996787,0.20460787861228624,-1.0616071353107532
2026-07-07 12:00:00,39,0.6961603181581903,0.211859173993528,0.047420843500893414,0.2666033345646177,-0.09225703722556311
2026-07-07 16:00:00,39,0.6731309869866298,-0.33516312205238286,-0.3243570001558811,-0.20120679285813559,0.6961603181581903
2026-07-07 20:00:00,39,-0.7065783627257343,-0.9427023047942619,-0.3134975295653927,-0.6535415275174348,0.6731309869866298
2026-07-08 00:00:00,39,-0.44291679558609687,-0.31098752647712175,0.3371037838208186,-0.17873061790483824,-0.7065783627257343
2026-07-08 04:00:00,39,0.04677018030511171,-0.023895440660831886,0.21277429231865808,0.11890335687987097,-0.44291679558609687
2026-07-08 08:00:00,39,1.1042788257765164,0.08076077100678135,-0.018137377395953037,0.08747444110080771,0.04677018030511171
2026-07-08 12:00:00,39,-1.1954735591444212,-0.4126809564051323,-0.516805095929863,-0.6545856917770516,1.1042788257765164
2026-07-08 16:00:00,39,0.06918821335889369,0.19192686667559591,0.5676420902869729,0.14875604351961869,-1.1954735591444212
2026-07-08 20:00:00,39,0.03347520078551014,0.025412580754399394,-0.028708590638341164,0.1022625188768913,0.06918821335889369
2026-07-09 00:00:00,39,-0.5287655388743477,0.048642811189138505,-0.011868135878745937,0.07976764587636964,0.03347520078551014
2026-07-09 04:00:00,39,0.8898552965842335,0.3990435857960556,0.2532562279868738,0.43509079151616525,-0.5287655388743477
2026-07-09 08:00:00,39,-0.2524847105268897,-0.34912148219346734,-0.4156937787220112,-0.16287968859426272,0.8898552965842335
2026-07-09 12:00:00,39,-0.08370481714732314,-0.09205963336899659,0.12297612962865088,0.006786552820321035,-0.2524847105268897
2026-07-09 16:00:00,39,-0.18176793991083962,-0.038827863951047405,0.04338804803101359,0.06303503489293583,-0.08370481714732314
2026-07-09 20:00:00,39,-0.15389218088892065,-0.018302447023626156,0.08962966875931977,0.1851805822806849,-0.18176793991083962
2026-07-10 00:00:00,39,-0.7085535663979545,0.12847114252745076,0.07648486733061385,0.28859400426583726,-0.15389218088892065
2026-07-10 04:00:00,39,1.239014493723058,0.7766950185699506,0.3380351902098669,0.764732223490153,-0.7085535663979545
2026-07-10 08:00:00,39,-0.35344156056890697,-0.27833762208379503,-0.5803396385813738,-0.06786841901804586,1.239014493723058
2026-07-10 12:00:00,39,-0.3321950031744709,-0.04200879857517858,0.17058228613281928,0.1696394325120174,-0.35344156056890697
2026-07-10 16:00:00,39,0.9501170999784474,0.1968333184182214,0.16056348170227935,0.39286989065619693,-0.3321950031744709
2026-07-10 20:00:00,39,-1.0420894678956518,-0.6037511778073198,-0.4441102045753772,-0.24559568977703705,0.9501170999784474
