timestamp,fold,y,pred,pred_ar1,pred_level,last_diff
2023-07-03 04:00:00,0,-2.3162870600805867,-1.2960966554481272,0.0016850840755379911,-0.08016787649672352,-0.019684615551415874
2023-07-03 08:00:00,0,1.0232043190240283,1.3916401206920916,0.27267553331908356,1.4214898891312284,-2.3162870600805867
2023-07-03 12:00:00,0,0.6134726504404053,1.3046055812824573,-0.12137188713205861,0.7581426132400289,1.0232043190240283
2023-07-03 16:00:00,0,-0.05294868164156519,1.2066444259005527,-0.07302509154134566,0.36042594616071355,0.6134726504404053
2023-07-03 20:00:00,0,-0.11995286231095825,0.7535054084488474,0.005610118743558024,0.3947527791069092,-0.05294868164156519
2023-07-04 00:00:00,0,-0.7505966517477578,0.7998495102182768,0.013516360010542744,0.47251867881032616,-0.11995286231095825
2023-07-04 04:00:00,0,-0.4976263003007695,-0.09960704872801457,0.08792995484896779,0.959133360719461,-0.7505966517477578
2023-07-04 08:00:00,0,0.669571498786766,0.8038296274573448,0.05808040498576932,1.2817463956519095,-0.4976263003007695
2023-07-04 12:00:00,0,-0.11281617843414438,0.9883858473337696,-0.07964454461718808,0.8476606304957919,0.669571498786766
2023-07-04 16:00:00,0,-0.331965006120047,1.2852748417827071,0.012674258159395647,0.9207997907293297,-0.11281617843414438
2023-07-04 20:00:00,0,-0.6552335183346436,1.143625197176988,0.03853299544641188,1.1360139746481206,-0.331965006120047
2023-07-05 04:00:00,0,0.2524537279967731,1.9464901158910444,0.07667746383710267,1.560804372204764,-0.6552335183346436
2023-07-05 08:00:00,0,1.5594514414762273,1.5868134456398262,-0.030426216750686203,1.397137654188004,0.2524537279967731
2023-07-05 12:00:00,0,0.7799416857477439,1.2691880022420796,-0.1846470303615921,0.3861393165592446,1.5594514414762273
2023-07-05 16:00:00,0,0.9139932077635873,0.4484051176646225,-0.09266781149513535,-0.11949986319739025,0.7799416857477439
2023-07-05 20:00:00,0,-0.9718404789788941,-0.16129168482867406,-0.1084853868266385,-0.7120451577005866,0.9139932077635873
2023-07-06 00:00:00,0,-1.323356297190573,-0.27309431872800677,0.11403589420148748,-0.0819972558833264,-0.9718404789788941
2023-07-06 04:00:00,0,0.17154789583739216,0.6985661554931323,0.1555134384409408,0.7759396961539302,-1.323356297190573
2023-07-06 08:00:00,0,0.8215524940780394,1.0814465218005318,-0.020879632902218538,0.6647245387578558,0.17154789583739216
2023-07-06 12:00:00,0,0.8157090298245695,0.41945357300403546,-0.09757773034925622,0.13210891271348402,0.8215524940780394
2023-07-06 16:00:00,0,0.39476603864288506,1.0098001126837444,-0.09688822354891358,-0.39671837309205493,0.8157090298245695
2023-07-06 20:00:00,0,-0.7700490210746462,0.6158481274616393,-0.04721853406565936,-0.6526467067389419,0.39476603864288506
2023-07-07 00:00:00,0,-1.0304721964546406,-0.5528275612622632,0.09022526125487278,-0.15342097934973253,-0.7700490210746462
2023-07-07 04:00:00,0,-0.2146920009975375,0.30026679315871146,0.12095421630661375,0.5146380892943601,-1.0304721964546406
2023-07-07 08:00:00,0,0.5518073257766627,0.7648836559016408,0.024695221991979852,0.653823735180989,-0.2146920009975375
2023-07-07 12:00:00,0,-0.17108034467696065,0.43486691519317694,-0.06574881519966365,0.2960849340782925,0.5518073257766627
2023-07-07 16:00:00,0,1.875830164944201,1.4265550194476004,0.019549210601666662,0.4069969762677115,-0.17108034467696065
2023-07-07 20:00:00,0,-0.06819046831953557,0.037810473950567074,-0.22197852959774414,-0.8091108985868054,1.875830164944201
2023-07-08 00:00:00,0,-1.0206392655202698,-1.5584656891409652,0.007408592235988819,-0.7649027570059967,-0.06819046831953557
2023-07-10 04:00:00,0,-0.12180998078814653,-0.19860609192956627,0.11979396744524315,-0.1032184151179063,-1.0206392655202698
2023-07-10 08:00:00,0,0.9143157713568026,-0.3299803079667161,0.013735493004862495,-0.024248538398417452,-0.12180998078814653
2023-07-10 12:00:00,0,-1.0539205240042246,-0.5040807326655525,-0.108523448117239,-0.617002952113566,0.9143157713568026
2023-07-10 16:00:00,0,1.4940277282414076,0.8319220565108734,0.123721030751059,0.06625775701916226,-1.0539205240042246
2023-07-10 20:00:00,0,-0.8436455757178667,-0.8216358461088841,-0.1769272783065866,-0.9023261369387576,1.4940277282414076
2023-07-11 00:00:00,0,-1.9447536224905662,-1.2240416520499984,0.09890937785200206,-0.3553874815156597,-0.8436455757178667
2023-07-11 04:00:00,0,-0.20731380796159726,-0.10629557533890593,0.2288359852939749,0.9054037346406165,-1.9447536224905662
2023-07-11 08:00:00,0,1.3802955328714361,1.1074570266222619,0.023824622968549418,1.0398060697452323,-0.20731380796159726
2023-07-11 12:00:00,0,-0.5178189460345575,1.107901815631069,-0.1635073070833644,0.14495519330600004,1.3802955328714361
2023-07-11 16:00:00,0,2.226286934006387,1.1443671695523197,0.06046306122296444,0.4806591977462027,-0.5178189460345575
2023-07-11 20:00:00,0,-1.1486631014233417,-0.8358696845608864,-0.26333111002142,-0.9626511417116461,2.226286934006387
2023-07-12 00:00:00,0,-1.2877961559053546,-0.9344051351534629,0.13490029848999996,-0.21796845705224221,-1.1486631014233417
2023-07-12 04:00:00,0,-0.5786641721793764,0.34529416957766507,0.15131747553713012,0.6169147192988866,-1.2877961559053546
2023-07-12 08:00:00,0,0.5049160445907468,1.2398537969824213,0.06764256902440716,0.992064916707319,-0.5786641721793764
2023-07-12 12:00:00,0,2.5581182816186754,0.7862598559959444,-0.060215820412321666,0.6647259126533633,0.5049160445907468
2023-07-12 16:00:00,0,-0.3955791239178854,0.677843697670898,-0.30248596077791673,-0.9937119594011765,2.5581182816186754
2023-07-12 20:00:00,0,-0.7690452300339725,0.11991982134592777,0.046039222047072934,-0.7372564994587769,-0.3955791239178854
2023-07-13 00:00:00,0,-1.3856921703040328,-0.537219541443659,0.09010681768806965,-0.23868153364280786,-0.7690452300339725
2023-07-13 04:00:00,0,-0.29307084520657867,0.4238578071776831,0.16286883697726354,0.6596680034972486,-1.3856921703040328
2023-07-13 08:00:00,0,-0.34427886926425444,1.1033760565438993,0.03394363076816765,0.8496669540454143,-0.29307084520657867
2023-07-13 12:00:00,0,0.5328892458346601,2.189406864706258,0.03998598497593248,1.0728642625665312,-0.34427886926425444
2023-07-13 16:00:00,0,1.1504492751230533,1.4972489077492366,-0.06351655293131986,0.7273901250909294,0.5328892458346601
2023-07-13 20:00:00,0,0.6808632764410287,0.5601750948949021,-0.13638631328987771,-0.0184505428137971,1.1504492751230533
2023-07-14 00:00:00,0,-1.5596313874741625,-1.7045908890943873,-0.08097693190371046,-0.4598568106375236,0.6808632764410287
2023-07-14 04:00:00,0,-1.073646198411602,-0.2777440507993178,0.18339301029001445,0.5512581866703616,-1.5596313874741625
2023-07-14 08:00:00,0,1.7099603678814272,1.2044322967099492,0.12604858612836023,1.2473071260128012,-1.073646198411602
2023-07-14 12:00:00,0,-0.616208891881163,0.3961510391112617,-0.20240651750263733,0.13873327538832925,1.7099603678814272
2023-07-14 16:00:00,0,1.3549486035772063,1.1082401267535023,0.07207270471591383,0.5382238582654573,-0.616208891881163
2023-07-14 20:00:00,0,-0.2751672331452415,0.21425258996380775,-0.1605164647750885,-0.34019450690801456,1.3549486035772063
2023-07-15 00:00:00,0,-1.527633269292087,-0.8284010447825648,0.03183107189358256,-0.16180253657747556,-0.2751672331452415
2023-07-17 04:00:00,0,-0.7286386191086969,0.2498083881742597,0.17961735271298598,0.8285679582541388,-1.527633269292087
2023-07-17 08:00:00,0,0.5695722404098191,1.378987867056454,0.08533898959786902,1.3009471635685852,-0.7286386191086969
2023-07-17 12:00:00,0,0.8141303161072777,1.6204452132480194,-0.06784500829946645,0.9316913003217575,0.5695722404098191
2023-07-17 16:00:00,0,0.1728472015885547,1.074453085212103,-0.09670194126897655,0.4038875006609768,0.8141303161072777
2023-07-17 20:00:00,0,0.5926060590275988,0.9259829686010069,-0.021032946093211175,0.2918299983738972,0.1728472015885547
2023-07-18 00:00:00,0,-1.813141057779303,-0.564090180844199,-0.07056291224923174,-0.09235877763472544,0.5926060590275988
2023-07-18 04:00:00,0,0.7767389960549771,0.8016733705598659,0.21330619774969997,1.0831075091295936,-1.813141057779303
2023-07-18 08:00:00,0,-0.33561390792628387,1.2548270882194763,-0.09228990615906031,0.5795446453576769,0.7767389960549771
2023-07-18 12:00:00,0,0.6981628093366155,1.2440453184315492,0.038963552133344445,0.7971244262820303,-0.33561390792628387
2023-07-18 16:00:00,0,0.9094810456413125,1.7624165159346576,-0.08301821170912302,0.34450280507568465,0.6981628093366155
2023-07-18 20:00:00,0,-0.06212123238651657,0.4354008199570886,-0.10795296866977042,-0.24511723745530922,0.9094810456413125
2023-07-19 00:00:00,0,-1.9126175503887684,-0.9902844245848647,0.006692445226752717,-0.2048438047572283,-0.06212123238651657
2023-07-19 04:00:00,0,-1.2372335170082494,0.6368569880058084,0.22504404967336533,1.0351134728686624,-1.9126175503887684
2023-07-19 08:00:00,0,2.0117265297633615,2.268278101888712,0.14535127435054437,1.837216696916368,-1.2372335170082494
2023-07-19 12:00:00,0,0.2959247218362826,1.830909824723911,-0.23801378944022808,0.5330066886655693,2.0117265297633615
2023-07-19 16:00:00,0,1.6078973307889637,0.7700252419807964,-0.03555563049736849,0.3411575589764002,0.2959247218362826
2023-07-19 20:00:00,0,-0.7694487688763552,-0.21273423624785842,-0.19036346305987437,-0.7012484340993019,1.6078973307889637
2023-07-20 00:00:00,0,-0.1703027278669591,-0.8628406231018902,0.09015443375346442,-0.20241185250744742,-0.7694487688763552
2023-07-20 04:00:00,0,-2.1551577400722515,-0.8050756449853869,0.01945745474327522,-0.09200394227194231,-0.1703027278669591
2023-07-20 08:00:00,0,1.2634263439286002,1.6614168497699824,0.25366287968397977,1.3051930685424633,-2.1551577400722515
2023-07-20 12:00:00,0,0.2614187940465591,0.9954118118825724,-0.14971718241908422,0.4861089345606828,1.2634263439286002
2023-07-20 16:00:00,0,1.8007287091734074,1.1462588035372074,-0.03148406082035392,0.31663012991396755,0.2614187940465591
2023-07-20 20:00:00,0,-0.3010788208223403,-0.31827798292061865,-0.2131168403286012,-0.8507891837463024,1.8007287091734074
2023-07-21 00:00:00,0,-1.9703572838357974,-1.2343065564934994,0.03488854176694153,-0.6555986319594069,-0.3010788208223403
2023-07-21 04:00:00,0,-0.9362292288424179,0.15802586694450055,0.2318571210185109,0.62179153583382,-1.9703572838357974
2023-07-21 08:00:00,0,1.091936011712594,0.8161815684776449,0.10983390064548637,1.2287525279010865,-0.9362292288424179
2023-07-21 12:00:00,0,0.8794000402464253,1.086122426781435,-0.12948196831886247,0.5208462325993359,1.091936011712594
2023-07-21 16:00:00,0,1.5361407344455138,0.40153796175304174,-0.10440352318995896,-0.0492721790122328,0.8794000402464253
2023-07-21 20:00:00,0,-0.5842772802889797,-0.9184661232351342,-0.18189645462068157,-1.0451580960614244,1.5361407344455138
2023-07-22 00:00:00,0,-2.809343090375391,-1.423780843058915,0.06830489466631244,-0.6663688991838139,-0.5842772802889797
2023-07-24 04:00:00,0,0.7543874142677502,0.5579341100136737,0.33085429014750817,1.1549389778410042,-2.809343090375391
2023-07-24 08:00:00,0,0.950288905909547,0.8607780899636494,-0.08965250358890577,0.6658667300826693,0.7543874142677502
2023-07-24 12:00:00,0,-0.693494117775499,1.0433167627206128,-0.11276814267304629,0.049790795565506585,0.950288905909547
2023-07-24 16:00:00,0,2.0418144769209388,0.7190392506164368,0.08119207064486923,0.49938568616540024,-0.693494117775499
2023-07-24 20:00:00,0,-0.7511037875695763,-0.36264681313759045,-0.24156405402192388,-0.82433045337614,2.0418144769209388
2023-07-25 00:00:00,0,-2.1337282980167362,-0.4146877375760958,0.08798979496823156,-0.3373869933728795,-0.7511037875695763
2023-07-25 04:00:00,0,-1.3594809718043628,1.1159593651472162,0.25113428613332145,1.0459172281450986,-2.1337282980167362
2023-07-25 08:00:00,0,2.191053195680741,2.420259815135078,0.15977601415389783,1.9272739449858989,-1.3594809718043628
2023-07-25 12:00:00,0,0.07598525663782851,1.0611463380350443,-0.25917366143899734,0.5068057729263202,2.191053195680741
2023-07-25 16:00:00,0,0.9241952014426342,1.59130789691375,-0.009603600958040366,0.4575442402476124,0.07598525663782851
2023-07-25 20:00:00,0,0.6062035320943693,0.3580440347519912,-0.10968918370356447,-0.14161504580138562,0.9241952014426342
2023-07-26 00:00:00,0,-0.5985496178505088,-1.210191630207425,-0.07216736292101379,-0.5346191156375895,0.6062035320943693
2023-07-26 04:00:00,0,-2.0402921808056735,-0.6214254812926495,0.06998897680981428,-0.14657710769769672,-0.5985496178505088
2023-07-26 08:00:00,0,0.9359701286125208,0.9306530200105619,0.24010917578437313,1.1761521214463944,-2.0402921808056735
2023-07-26 12:00:00,0,0.14116081083853338,0.9918741074655936,-0.11107858081544979,0.5693591050497631,0.9359701286125208
2023-07-26 16:00:00,0,0.9313312040988606,1.0585612032459357,-0.017294071180528944,0.47784401115175257,0.14116081083853338
2023-07-26 20:00:00,0,2.3489454683092568,0.5450606339630933,-0.1105312051732448,-0.12594157272921436,0.9313312040988606
2023-07-27 00:00:00,0,-3.3109950248936233,-0.9021431667294385,-0.2778043556601984,-1.648771909397615,2.3489454683092568
2023-07-27 04:00:00,0,-0.6514205107955249,0.3782434480994025,0.3900473313387794,0.49775883662919185,-3.3109950248936233
2023-07-27 08:00:00,0,0.9069754290713199,1.5626064030607658,0.07622754329101239,0.9200772468056027,-0.6514205107955249
2023-07-27 12:00:00,0,0.26050378190859114,1.0299085603776676,-0.10765731533997804,0.3320816050860884,0.9069754290713199
2023-07-27 16:00:00,0,1.4409616074605118,1.5277517054879028,-0.03137609283010732,0.1631960063102298,0.26050378190859114
2023-07-27 20:00:00,0,0.9750616948894137,0.30507751098257746,-0.17066567567515017,-0.7709849184580211,1.4409616074605118
2023-07-28 00:00:00,0,-2.8884917555912377,-1.3898988502371346,-0.11569123858399136,-1.4031211468778686,0.9750616948894137
2023-07-28 04:00:00,0,1.9006051880830164,-0.020077892926413772,0.340193534906636,0.4694991127133523,-2.8884917555912377
2023-07-28 08:00:00,0,-0.4679590959265507,-0.5060057113034563,-0.2249018891310408,-0.7626705044576454,1.9006051880830164
2023-07-28 12:00:00,0,-1.1423871111298656,-0.1284911036231694,0.05457978646978676,-0.45929083165927764,-0.4679590959265507
2023-07-28 16:00:00,0,1.1275355109662097,1.083333511270652,0.13415975524398513,0.28132310447425013,-1.1423871111298656
2023-07-28 20:00:00,0,0.3986543700531602,0.1659192992066939,-0.13368257531488975,-0.4496624824351638,1.1275355109662097
2023-07-29 00:00:00,0,-1.0190763126769333,-1.0354527832701257,-0.04767734254519761,-0.7081116362162234,0.3986543700531602
2023-07-31 04:00:00,1,-0.5482438164214045,-0.3231317523631873,0.13057194961730392,-0.18993364924332923,-1.0190763126769333
2023-07-31 08:00:00,1,0.2959866027199105,0.23279166340355573,0.07256090154169739,0.15925980529650552,-0.5482438164214045
2023-07-31 12:00:00,1,-0.7536865674009743,0.314429686770425,-0.031456327135562095,-0.029263222607252004,0.2959866027199105
2023-07-31 16:00:00,1,1.8341718602314998,1.0923983306170817,0.09787340524236084,0.4507830783777873,-0.7536865674009743
2023-07-31 20:00:00,1,0.25482793925506364,-0.12238222245215434,-0.22097540160969614,-0.7174577460689946,1.8341718602314998
2023-08-01 00:00:00,1,-2.4811325940499227,-1.2954879402266772,-0.026385187772889226,-0.8797655473727595,0.25482793925506364
2023-08-01 04:00:00,1,-0.7959903425399233,0.3388299891192145,0.310711209125722,0.7005445915412807,-2.4811325940499227
2023-08-01 08:00:00,1,1.2230485251487337,1.1467502660026367,0.10308563327012497,1.2075354761921595,-0.7959903425399233
2023-08-01 12:00:00,1,0.7885394403481563,0.80816337982951,-0.14567918596282417,0.4285380178090392,1.2230485251487337
2023-08-01 16:00:00,1,0.8256455804117291,0.6941021543846988,-0.09214352814796047,-0.07370715663435412,0.7885394403481563
2023-08-01 20:00:00,1,-1.2425080837695042,0.08416757417785044,-0.09671535802853837,-0.5995863800999786,0.8256455804117291
2023-08-02 00:00:00,1,2.082187800933877,0.22281822313363311,0.1581008719358573,0.19180547343193055,-1.2425080837695042
2023-08-02 04:00:00,1,-2.6801719606023635,-0.7144356747480975,-0.25153332778094734,-1.1344043796125955,2.082187800933877
2023-08-02 08:00:00,1,2.0542143192262987,0.8719124143557188,0.33523475487466586,0.5726800920235906,-2.6801719606023635
2023-08-02 12:00:00,1,-0.4191120462628106,-0.7380405062763318,-0.2480867283956328,-0.7357125847566657,2.0542143192262987
2023-08-02 16:00:00,1,0.8743495502981045,-0.036286751294906675,0.05665063751715813,-0.4687671511919813,-0.4191120462628106
2023-08-02 20:00:00,1,-0.34817670719026417,-0.5036959321560837,-0.10271615100910196,-1.0256674404407793,0.8743495502981045
2023-08-03 00:00:00,1,-1.2030967485736248,-0.9868978606938237,0.04791072810579999,-0.8039029197432583,-0.34817670719026417
2023-08-03 04:00:00,1,-0.4739475568132363,-0.3086361530520898,0.15324502005869378,-0.037613365357936246,-1.2030967485736248
2023-08-03 08:00:00,1,2.0224308507146276,0.7072690655552522,0.06340689470860049,0.26425850200685375,-0.4739475568132363
2023-08-03 12:00:00,1,-1.4110360364875536,-0.6077051996246587,-0.24417070234708366,-1.0238902999964967,2.0224308507146276
2023-08-03 16:00:00,1,1.5700917691314924,1.1262138135062822,0.17886512088842843,-0.12515777752595625,-1.4110360364875536
2023-08-03 20:00:00,1,0.49289291565192883,-0.33976733333051806,-0.18843821910328967,-1.1251978188096405,1.5700917691314924
2023-08-04 00:00:00,1,-0.9390637367039432,-2.343568637707706,-0.055717060361780237,-1.4391365715677988,0.49289291565192883
2023-08-04 04:00:00,1,-1.8097608869978004,-1.4953363123918584,0.12071363816187887,-0.8410178141267011,-0.9390637367039432
2023-08-04 08:00:00,1,1.7741356757726248,0.42287919645172956,0.22799182020472977,0.31167490596060965,-1.8097608869978004
2023-08-04 12:00:00,1,-0.5605180462909569,-0.6232957950770142,-0.21357837185788897,-0.8183270145156243,1.7741356757726248
2023-08-04 16:00:00,1,1.2156929988295193,0.6969133605526452,0.07407320356994826,-0.46131572309083957,-0.5605180462909569
2023-08-04 20:00:00,1,-0.04316889625251896,-0.6657598946053713,-0.14477291506113654,-1.2356282191115362,1.2156929988295193
2023-08-05 00:00:00,1,-1.5619086760185805,-1.9849056994102023,0.010330860691248592,-1.2081326130334151,-0.04316889625251896
2023-08-07 04:00:00,1,-1.569282446366234,-0.2449667156060913,0.19745406709484756,-0.21330463701582225,-1.5619086760185805
2023-08-07 08:00:00,1,1.8351556009122536,0.98567945354382,0.19836258583460772,0.7862199215505505,-1.569282446366234
2023-08-07 12:00:00,1,0.2154431305222495,0.26495381562147136,-0.22109660783139704,-0.382647477782065,1.8351556009122536
2023-08-07 16:00:00,1,0.32219875482142335,0.132278471269547,-0.021532604208631855,-0.5198698754645488,0.2154431305222495
2023-08-07 20:00:00,1,-0.4934190611348175,0.10792670285003765,-0.034685913937278344,-0.7250882342942386,0.32219875482142335
2023-08-08 00:00:00,1,-1.9442648682942316,-0.48276640242016344,0.0658059695012006,-0.41081436319409903,-0.4934190611348175
2023-08-08 04:00:00,1,0.7409331057508837,0.6718095141472951,0.2445639918101346,0.8275481054091891,-1.9442648682942316
2023-08-08 08:00:00,1,1.2011125402843454,0.8792078457354409,-0.08627797428965801,0.35562487886210015,0.7409331057508837
2023-08-08 12:00:00,1,0.21625640891349995,0.17519300075705949,-0.14297646369391948,-0.4094008718535669,1.2011125402843454
2023-08-08 16:00:00,1,1.0758405961573043,0.2771900047971205,-0.02163280785266427,-0.547141271713981,0.21625640891349995
2023-08-08 20:00:00,1,-1.4998935468960646,-0.6167895961256695,-0.12754176700014141,-1.2323774441136024,1.0758405961573043
2023-08-09 00:00:00,1,-1.3029474888826513,-0.37719817129653294,0.18981321251163127,-0.2770488231701389,-1.4998935468960646
2023-08-09 04:00:00,1,-0.6920557590549734,0.4100663484472028,0.1655475823128254,0.5528387580464944,-1.3029474888826513
2023-08-09 08:00:00,1,0.6787470408103999,1.1063831805106688,0.09027990263935022,0.9936304897544943,-0.6920557590549734
2023-08-09 12:00:00,1,1.2631743794355756,0.9183399975311144,-0.0786160587855562,0.5613154925943729,0.6787470408103999
2023-08-09 16:00:00,1,1.5863986988829453,0.19324502635754776,-0.15062307339757222,-0.24323936425836123,1.2631743794355756
2023-08-09 20:00:00,1,0.15908145587568612,-0.877452155427329,-0.19044738816723566,-1.2536657937917433,1.5863986988829453
2023-08-10 00:00:00,1,-3.500203159224629,-1.9127911642306172,-0.01458830906429455,-1.3549896965273067,0.15908145587568612
2023-08-10 04:00:00,1,0.9887640765921386,0.48409860099707774,0.43627040909373227,0.8743980250505974,-3.500203159224629
2023-08-10 08:00:00,1,0.9843875054814006,0.4830353203867416,-0.11681311041223709,0.2446235829350325,0.9887640765921386
2023-08-10 12:00:00,1,1.1966471587376262,0.12710076852756577,-0.11627387516587988,-0.38236328558750365,0.9843875054814006
2023-08-10 16:00:00,1,1.0443866818227239,-0.7563396009180641,-0.14242628615595687,-1.1445448965948266,1.1966471587376262
2023-08-10 20:00:00,1,-0.1835593871158725,-2.102980299952755,-0.12366634516511354,-1.80974709747246,1.0443866818227239
2023-08-11 00:00:00,1,-3.8301469473568783,-2.757569991370863,0.027628306342519025,-1.6928324427507775,-0.1835593871158725
2023-08-11 04:00:00,1,0.9557954294166287,-0.12434607281165648,0.476922626406277,0.7467066890772358,-3.8301469473568783
2023-08-11 08:00:00,1,0.5808284188090749,-0.2043477198292763,-0.11275105906383516,0.13793099871024062,0.9557954294166287
2023-08-11 12:00:00,1,0.7204245224383783,0.02702825317347053,-0.0665515519097751,-0.23201659756680293,0.5808284188090749
2023-08-11 16:00:00,1,1.0007909604895424,0.14529610221352895,-0.08375112148751275,-0.6908772726721679,0.7204245224383783
2023-08-11 20:00:00,1,-0.914159599542895,-1.0306952088473251,-0.11829493706082377,-1.3283120093677923,1.0007909604895424
2023-08-12 00:00:00,1,-0.9239550243749388,-1.1560228619514463,0.11764521125927402,-0.7460554676546618,-0.914159599542895
2023-08-14 04:00:00,1,0.12085329497224961,-0.19600905173435867,0.11885210089703659,-0.15755991670269864,-0.9239550243749388
2023-08-14 08:00:00,1,1.3940201048999032,-0.4006733346157793,-0.009878235529336761,-0.23453512061716175,0.12085329497224961
2023-08-14 12:00:00,1,-1.100721705438371,-0.811254335509713,-0.16674451304068308,-1.1224296696252942,1.3940201048999032
2023-08-14 16:00:00,1,0.7648585563337047,0.3974230853482999,0.14063143965315106,-0.4213459486671667,-1.100721705438371
2023-08-14 20:00:00,1,-0.8910134524403865,-0.16296453235731595,-0.08922581768413204,-0.9085080351707084,0.7648585563337047
2023-08-15 00:00:00,1,-1.1439653656618063,-0.4452454524196521,0.11479338547620412,-0.3409939909083839,-0.8910134524403865
2023-08-15 04:00:00,1,0.6113337021229537,0.49395785072446213,0.1459594704754447,0.3876329556148477,-1.1439653656618063
2023-08-15 08:00:00,1,1.1695375601892515,-0.04415524491589666,-0.07031009336762938,-0.0017443997274604328,0.6113337021229537
2023-08-15 12:00:00,1,-0.10448958520646556,-0.636276302908382,-0.13908612540408163,-0.7466590683913452,1.1695375601892515
2023-08-15 16:00:00,1,0.8385256704531336,-0.18294611941658856,0.017886153631364848,-0.6801064176750184,-0.10448958520646556
2023-08-15 20:00:00,1,-0.2867979735113302,-0.8285777969195266,-0.09830230780059605,-1.2141893691201027,0.8385256704531336
2023-08-16 00:00:00,1,-1.9998491726170133,-1.6172067032336184,0.04034828350270687,-1.0315188635425852,-0.2867979735113302
2023-08-16 04:00:00,1,-0.2892911749650864,-0.14457640155075485,0.2514125075263651,0.2422469687891997,-1.9998491726170133
2023-08-16 08:00:00,1,0.795316029117421,0.6421991160164238,0.04065546966879836,0.42650547153590246,-0.2892911749650864
2023-08-16 12:00:00,1,0.607464066817192,0.4498016612056731,-0.09297846842928947,-0.08005592202653489,0.795316029117421
2023-08-16 16:00:00,1,0.939694669961197,0.05680013210730384,-0.06983331744085525,-0.46696858687940335,0.607464066817192
2023-08-16 20:00:00,1,0.6936594652861814,-0.5383114831280903,-0.11076729214406862,-1.0654892052391016,0.939694669961197
2023-08-17 00:00:00,1,-2.8763415890516466,-1.7135721706899318,-0.08045341151729908,-1.5073023870796316,0.6936594652861814
2023-08-17 04:00:00,1,-0.79319289667432,0.44063961524969825,0.35940472155591446,0.3247285922639005,-2.8763415890516466
2023-08-17 08:00:00,1,1.5885723227272326,1.0538302076409698,0.10274096129465804,0.8299376970634817,-0.79319289667432
2023-08-17 12:00:00,1,-0.4000825417186835,0.5980651244080646,-0.19071519932796063,-0.18187318076885362,1.5885723227272326
2023-08-17 16:00:00,1,1.4159661173133777,0.6942711582235234,0.05430602130705437,0.07295177239840811,-0.4000825417186835
2023-08-17 20:00:00,1,0.16864480555571504,-0.07853065072748212,-0.16944847079914455,-0.8289208711335387,1.4159661173133777
2023-08-18 00:00:00,1,-1.7331367064964738,-0.8209032765437869,-0.015766604832883353,-0.9363359672610123,0.16864480555571504
2023-08-18 04:00:00,1,-0.022349088111747406,-1.409952284936632,0.2185509913448543,0.1675524407864586,-1.7331367064964738
2023-08-18 08:00:00,1,1.3327753505555542,-0.1937334122193835,0.007765662025938709,0.18178726669748713,-0.022349088111747406
2023-08-18 12:00:00,1,-0.3139112458758273,-0.9253405150582783,-0.15919857596772338,-0.6670986027754271,1.3327753505555542
2023-08-18 16:00:00,1,1.6729730740978965,0.26041509138260516,0.04368889690372036,-0.4671588148872807,-0.3139112458758273
2023-08-18 20:00:00,1,-1.5096682901556324,-1.9257994655321253,-0.20111417578842072,-1.5327271434269605,1.6729730740978965
2023-08-19 00:00:00,1,-0.34528392560953236,-0.762821708358973,0.19101755398267908,-0.5711726859782562,-1.5096682901556324
2023-08-21 04:00:00,1,-1.2883307029602857,-0.600408770833044,0.047554309862185416,-0.3512506673995883,-0.34528392560953236
2023-08-21 08:00:00,1,1.5629807226808143,0.7465689789188954,0.16374665506673106,0.46932703048116586,-1.2883307029602857
2023-08-21 12:00:00,1,-0.7669459387475577,-0.20436394813523073,-0.18756207045000242,-0.526183765234892,1.5629807226808143
2023-08-21 16:00:00,1,2.030654300230726,0.5230450320947596,0.09950708608375611,-0.03769216026856448,-0.7669459387475577
2023-08-21 20:00:00,1,-0.7211937035169136,-1.2747431942733507,-0.24518390965333295,-1.3310787317802042,2.030654300230726
2023-08-22 00:00:00,1,-1.743867854768336,-1.8738608276306414,0.09386997492715721,-0.8717281414401654,-0.7211937035169136
2023-08-22 04:00:00,1,-0.6206708203488933,-0.5028043323882168,0.21987317102288487,0.2389952670651141,-1.743867854768336
2023-08-22 08:00:00,1,1.5888582320450482,0.8779273973616082,0.0814845982708404,0.6343197219844772,-0.6206708203488933
2023-08-22 12:00:00,1,-0.6718187426236923,-0.06437748995756408,-0.1907504260791152,-0.37767326034111903,1.5888582320450482
2023-08-22 16:00:00,1,2.0067501258737526,0.5339793970419031,0.08778650946356409,0.0502288892766618,-0.6718187426236923
2023-08-22 20:00:00,1,-0.13653258518125178,-1.002228099391216,-0.24223868769253298,-1.227932373765256,2.0067501258737526
2023-08-23 00:00:00,1,-2.8063569511070305,-2.1238867890924538,0.021834156428128373,-1.1409705446507985,-0.13653258518125178
2023-08-23 04:00:00,1,-0.18335661191404284,-0.06782129775519667,0.35078194757865766,0.6464850527976527,-2.8063569511070305
2023-08-23 08:00:00,1,1.9032226412572228,0.5761486874042829,0.02760332250628123,0.7632705537175042,-0.18335661191404284
2023-08-23 12:00:00,1,0.6714347860537657,0.24389542056890923,-0.22948311551984102,-0.44895085025032877,1.9032226412572228
2023-08-23 16:00:00,1,-0.1985818846558427,-0.27286636733747593,-0.07771511935252699,-0.8766084460454664,0.6714347860537657
2023-08-23 20:00:00,1,0.6102558369833879,-0.03676211171792147,0.029479221124182543,-0.7501254977020899,-0.1985818846558427
2023-08-24 00:00:00,1,-0.09098355336661612,-2.017706139736238,-0.07017729011609587,-1.1388163273776417,0.6102558369833879
2023-08-24 04:00:00,1,-2.4141682820204355,-1.7928994980168713,0.016222081867832704,-1.080866086344777,-0.09098355336661612
2023-08-24 08:00:00,1,0.5004993036990886,-0.13199955940472263,0.30246056806889865,0.45679240972704527,-2.4141682820204355
2023-08-24 12:00:00,1,0.669688137395859,0.17607257123089132,-0.05665423981773271,0.13800891300789608,0.5004993036990886
2023-08-24 16:00:00,1,2.2658593864112877,0.18995725943665923,-0.07749991560157342,-0.2885361881991546,0.669688137395859
2023-08-24 20:00:00,1,-1.1536033579764542,-2.5718102777623644,-0.27416341652798726,-1.7317321585743084,2.2658593864112877
2023-08-25 00:00:00,1,-1.4381013575731991,-2.0806373682327175,0.14714696292756704,-0.996966476455027,-1.1536033579764542
2023-08-25 04:00:00,1,-0.7450091644137125,-1.0279703928288622,0.182199826235166,-0.08099521332742654,-1.4381013575731991
2023-08-25 08:00:00,1,1.5482316805450118,0.16155461689156386,0.09680426654469486,0.3935241811339161,-0.7450091644137125
2023-08-25 12:00:00,1,-0.574582830211007,-0.18054260068191122,-0.18574484797871227,-0.5925924931706632,1.5482316805450118
2023-08-25 16:00:00,1,2.9051579786669723,0.25929590411223774,0.07580611891170544,-0.2266229055694513,-0.574582830211007
2023-08-25 20:00:00,1,-1.3858857268571558,-2.5637207934968824,-0.35293109221935387,-2.0770079353112587,2.9051579786669723
2023-08-26 00:00:00,1,-0.9791889664654772,-2.2435785179007617,0.1757663631928815,-1.1942944234333233,-1.3858857268571558
2023-08-28 04:00:00,2,-1.501464068947703,-0.9722906144984027,0.1352809846883585,-0.39624446276192593,-0.9791889664654772
2023-08-28 08:00:00,2,0.8908483259081734,0.3225138608333045,0.20266548410336177,0.5140252739697502,-1.501464068947703
2023-08-28 12:00:00,2,-0.5767408858080252,0.29799966584887777,-0.10599325227045761,-0.02605576284161515,0.8908483259081734
2023-08-28 16:00:00,2,1.9970390431662537,0.12095493908837568,0.08335669741763958,0.32359614368372824,-0.5767408858080252
2023-08-28 20:00:00,2,-0.4220155151505782,-0.6308914994577765,-0.24871517676138413,-0.8871182794325403,1.9970390431662537
2023-08-29 00:00:00,2,-2.6919082935044667,-1.2165363679615706,0.06339386250745407,-0.6312693651511427,-0.4220155151505782
2023-08-29 04:00:00,2,0.9396246196019948,0.6477640097759713,0.3562578873636133,1.0007128476176632,-2.6919082935044667
2023-08-29 08:00:00,2,1.5441714074512394,0.33254555718608175,-0.11228642251398686,0.4310609506454277,0.9396246196019948
2023-08-29 12:00:00,2,-0.5042407862248304,-0.16578958750465742,-0.1902857038861175,-0.5051003132830125,1.5441714074512394
2023-08-29 16:00:00,2,1.2546270043549406,0.4025904076438175,0.07400265604225595,-0.1994019371321034,-0.5042407862248304
2023-08-29 20:00:00,2,-1.53161909573938,-0.4542490360179479,-0.15292837138389662,-0.9600255288448416,1.2546270043549406
2023-08-30 00:00:00,2,-1.519482838718993,-0.457164281891491,0.2065561183218909,-0.03147416362368993,-1.53161909573938
2023-08-30 04:00:00,2,0.01105591894852509,-0.04100643308199092,0.20499028529595525,0.8897195380267302,-1.519482838718993
2023-08-30 08:00:00,2,1.2480162489950164,0.10743474057675051,0.007518517006566859,0.8830168345530112,0.01105591894852509
2023-08-30 12:00:00,2,-0.4232719729330938,0.10865959037007442,-0.15207544456704017,0.12640104473545577,1.2480162489950164
2023-08-30 16:00:00,2,2.9528138312854413,0.9033038645710587,0.06355597205146356,0.3830116925265372,-0.4232719729330938
2023-08-30 20:00:00,2,-1.4302049511625867,-2.0772588427671668,-0.37203027515454196,-1.4071457440784076,2.9528138312854413
2023-08-31 00:00:00,2,-2.7391347548908875,-1.6428426840435897,0.193471555543713,-0.5400771866006906,-1.4302049511625867
2023-08-31 04:00:00,2,0.010057310565166233,0.5978757971171856,0.36235109656416914,1.1205362931175227,-2.7391347548908875
2023-08-31 08:00:00,2,1.3106361411242045,0.6488745912275682,0.007647358541812266,1.1144390007282343,0.010057310565166233
2023-08-31 12:00:00,2,0.7255593025562987,0.17611462765655525,-0.16015473087514145,0.3198596033216212,1.3106361411242045
2023-08-31 16:00:00,2,0.5138976619929672,0.04433702046546614,-0.08466748344780939,-0.12001417653114643,0.7255593025562987
2023-08-31 20:00:00,2,0.7449211798814197,-0.39911210112795825,-0.05735866932488489,-0.431567079570117,0.5138976619929672
2023-09-01 00:00:00,2,-3.60093494021932,-1.882046785598429,-0.08716557383176059,-0.8831790896875074,0.7449211798814197
2023-09-01 04:00:00,2,-0.17133340393840513,1.2184229558820734,0.4735414899183876,1.2999048533858595,-3.60093494021932
2023-09-01 08:00:00,2,2.163987689278386,1.2396243164979461,0.031050584997105335,1.4037765448380952,-0.17133340393840513
2023-09-01 12:00:00,2,0.1662528545470483,0.36048161656305033,-0.2702550719101509,0.09184871056726784,2.163987689278386
2023-09-01 16:00:00,2,1.485836101590106,0.17566024479525658,-0.012505159723083277,-0.008942873639934845,0.1662528545470483
2023-09-01 20:00:00,2,-1.6141921285667422,-0.6664110537538211,-0.1827592195390921,-0.9097380807931437,1.485836101590106
2023-09-02 00:00:00,2,-1.7924209903904806,-0.4815829755623333,0.21720978045475087,0.06887357851521614,-1.6141921285667422
2023-09-04 04:00:00,2,0.026518385180285264,0.48417154340508667,0.24020506125258886,1.1555373334318197,-1.7924209903904806
2023-09-04 08:00:00,2,1.005998792070912,0.9133640849375324,0.00552353286545703,1.1394604362247325,0.026518385180285264
2023-09-04 12:00:00,2,-0.5156281510969478,0.3312105122850387,-0.12085009013790023,0.5295688813421968,1.005998792070912
2023-09-04 16:00:00,2,0.9441001550180452,0.9635547108559174,0.07547186619207301,0.8421709016352352,-0.5156281510969478
2023-09-04 20:00:00,2,-0.7795968484634059,0.0341955081313587,-0.11286386094096021,0.2698056900195436,0.9441001550180452
2023-09-05 04:00:00,2,-0.5544988613438342,0.0776649849004275,0.10952939343917092,0.7424399892239073,-0.7795968484634059
2023-09-05 08:00:00,2,2.0319467695221576,1.1784415874815803,0.08048700733022675,1.0786075625759715,-0.5544988613438342
2023-09-05 12:00:00,2,0.07177665408627298,0.4087254774078556,-0.25321900942548964,-0.15326983575698705,2.0319467695221576
2023-09-05 16:00:00,2,0.9605299011998962,0.4157433172142109,-0.0003157380094615716,-0.19678477385629378,0.07177665408627298
2023-09-05 20:00:00,2,-0.09148747485684794,-0.40871013260100536,-0.11498364458892238,-0.7791105972780379,0.9605299011998962
2023-09-06 00:00:00,2,-3.302221154844659,-1.4914149682613607,0.020748776743341815,-0.7236458802898014,-0.09148747485684794
2023-09-06 04:00:00,2,1.2139038109410478,0.9402954793096726,0.43500111378296336,1.2783414089277851,-3.302221154844659
2023-09-06 08:00:00,2,1.1701933691681194,0.1849230182191925,-0.14767422086105236,0.5424064470093768,1.2139038109410478
2023-09-06 12:00:00,2,-0.8521638357728687,0.29835389803264406,-0.1420346523193418,-0.1670288515817866,1.1701933691681194
2023-09-06 16:00:00,2,1.827585893984951,0.9794005701502745,0.11889206474144587,0.34959952899935587,-0.8521638357728687
2023-09-06 20:00:00,2,-1.5235984268735372,0.1001323607741168,-0.2268521479139262,-0.7583831160586332,1.827585893984951
2023-09-07 00:00:00,2,-1.4310819760108675,-0.1978626066471955,0.20552128293737876,0.16530568049509675,-1.5235984268735372
2023-09-07 04:00:00,2,0.38643810715525007,0.8340035941340083,0.19358471023957166,1.032905938460532,-1.4310819760108675
2023-09-07 08:00:00,2,1.8669449782849394,1.08483084042044,-0.04091369950423176,0.7986259970765008,0.38643810715525007
2023-09-07 12:00:00,2,0.36329121988855384,0.22302326811438306,-0.2319302996013846,-0.3332182801342043,1.8669449782849394
2023-09-07 16:00:00,2,0.8100658384332728,0.02452015693445109,-0.037927263037954066,-0.5534653109650165,0.36329121988855384
2023-09-07 20:00:00,2,-1.3738523616110108,-0.6852921707597508,-0.0955706082383688,-1.0445715803296718,0.8100658384332728
2023-09-08 00:00:00,2,-1.2197694146319318,-0.5688924158905099,0.18620088340248966,-0.2116670484294776,-1.3738523616110108
2023-09-08 04:00:00,2,-0.7289189396829308,0.24749324359128366,0.16632093469111667,0.5278239636388449,-1.2197694146319318
2023-09-08 08:00:00,2,2.01499030395539,1.0920904078085403,0.10299087475746192,0.9697345394869465,-0.7289189396829308
2023-09-08 12:00:00,2,-0.6681593984101379,0.07748078082099111,-0.251031267871979,-0.25186292090638496,2.01499030395539
2023-09-08 16:00:00,2,1.5052366923702731,0.6460323989720238,0.09515161293185784,0.15321189391209522,-0.6681593984101379
2023-09-08 20:00:00,2,-0.6347211444809986,-0.03241520389785918,-0.18526230477494512,-0.7593450137220845,1.5052366923702731
2023-09-09 00:00:00,2,-2.089672072269348,-0.8268665655266573,0.09083737319188574,-0.37454229946887274,-0.6347211444809986
2023-09-11 04:00:00,2,0.18069988154585204,0.7718723565046494,0.27855671779868524,0.8923313383487024,-2.089672072269348
2023-09-11 08:00:00,2,1.038594271244179,0.932202777206929,-0.014369130794502591,0.7827811752752254,0.18069988154585204
2023-09-11 12:00:00,2,-0.16878774610273695,0.5983752845817717,-0.12505559416603357,0.1531284560336328,1.038594271244179
2023-09-11 16:00:00,2,1.8420061992914238,0.5859712311379409,0.0307221414658646,0.25545683030911803,-0.16878774610273695
2023-09-11 20:00:00,2,-2.4154550868332674,-0.8754960503643852,-0.22871267132365786,-0.8612681934620117,1.8420061992914238
2023-09-12 00:00:00,2,-0.7763642969254008,0.17792155840321588,0.32058959520364927,0.6031129472201417,-2.4154550868332674
2023-09-12 04:00:00,2,0.229293771172685,0.9193724243309023,0.1091123261384583,1.073787496672029,-0.7763642969254008
2023-09-12 08:00:00,2,1.3565760682816368,0.6965503040023456,-0.020638767067741363,0.9347770567712903,0.229293771172685
2023-09-12 12:00:00,2,-0.049510619838544656,0.5495909111820333,-0.16608195003598714,0.11234635991375086,1.3565760682816368
2023-09-12 16:00:00,2,1.1384366248866407,0.45099158252091004,0.015332877442415831,0.14236240879425388,-0.049510619838544656
2023-09-12 20:00:00,2,0.005926347249960884,-0.400479355341584,-0.13793736277540736,-0.5478202124572409,1.1384366248866407
2023-09-13 00:00:00,2,-3.0570087454562707,-1.057752981473114,0.008180339903117591,-0.5514130886789026,0.005926347249960884
2023-09-13 04:00:00,2,1.5492051202994261,1.1695787535995474,0.40336354312632705,1.3019130104685512,-3.0570087454562707
2023-09-13 08:00:00,2,0.47531792084268787,0.2698998267291751,-0.1909351589699648,0.3627000341722528,1.5492051202994261
2023-09-13 12:00:00,2,1.1802176422538793,0.5475136425446367,-0.05238106933473325,0.07453628279287194,0.47531792084268787
2023-09-13 16:00:00,2,0.6604328776303916,-0.3728826056923174,-0.14332799489047499,-0.6409762790584761,1.1802176422538793
2023-09-13 20:00:00,2,-0.8299967926162051,-0.9286565402250416,-0.07626480156337015,-1.0413668538864762,0.6604328776303916
2023-09-14 00:00:00,2,-2.165255409092099,-1.356438053372129,0.11603204882354486,-0.5381773487041155,-0.8299967926162051
2023-09-14 04:00:00,2,0.08764823803595334,0.2590516868780838,0.28830856178226855,0.7745190467364012,-2.165255409092099
2023-09-14 08:00:00,2,0.3947866273765399,0.4925402085804928,-0.0023635069616658524,0.7213818853403922,0.08764823803595334
2023-09-14 12:00:00,2,1.1566391117374337,0.4718262859345016,-0.0419908346257299,0.482040613844573,0.3947866273765399
2023-09-14 16:00:00,2,0.6578791911469573,0.505205751669086,-0.14028586734458814,-0.2191773516793578,1.1566391117374337
2023-09-14 20:00:00,2,-0.5743657202342032,0.20608863193997512,-0.07593532216729854,-0.6180197419246944,0.6578791911469573
2023-09-15 00:00:00,2,-1.6915800276032886,-0.8230527350007124,0.08305025098268783,-0.2698077908310452,-0.5743657202342032
2023-09-15 04:00:00,2,-0.6184611583779436,0.37122976691917575,0.2271944510097367,0.7557206505296374,-1.6915800276032886
2023-09-15 08:00:00,2,0.31360712846456096,1.2109567297302968,0.08873949217316236,1.1306656708323946,-0.6184611583779436
2023-09-15 12:00:00,2,1.2585986824055055,1.2923837096068962,-0.03151696774801355,0.9405398568562529,0.31360712846456096
2023-09-15 16:00:00,2,1.799593365339053,0.6759980165696512,-0.1534408015878311,0.17750841642556026,1.2585986824055055
2023-09-15 20:00:00,2,-0.09796753920337764,-0.6471652580229293,-0.22324052154843585,-0.9135036249343891,1.799593365339053
2023-09-16 00:00:00,2,-2.3888715696240155,-1.4249190166972212,0.021584841664094523,-0.8541103380997548,-0.09796753920337764
2023-09-18 04:00:00,2,-1.4762542086601975,0.03391354875550226,0.31715976101986,0.5941544187728116,-2.3888715696240155
2023-09-18 08:00:00,2,1.3679602885203188,1.7145780491769351,0.19941288062346768,1.4891405577404502,-1.4762542086601975
2023-09-18 12:00:00,2,1.304850158555121,1.0977752355056587,-0.1675507544617923,0.6598081231897641,1.3679602885203188
2023-09-18 16:00:00,2,0.09650916016448541,0.29171571116075584,-0.15940821713709688,-0.13126349475091637,1.304850158555121
2023-09-18 20:00:00,2,-0.3252414130774284,0.09962250815566946,-0.003506752732235165,-0.18977263235331598,0.09650916016448541
2023-09-19 00:00:00,2,-1.802010849531296,-0.35704153857513116,0.05090796303887361,0.007406522032789908,-0.3252414130774284
2023-09-19 04:00:00,2,-0.21105960436019444,0.7975976313614427,0.2414423552660178,1.0998841746882313,-1.802010849531296
2023-09-19 08:00:00,2,1.1176405883304632,0.6079540330496364,0.036176102404233634,1.2278400641889995,-0.21105960436019444
2023-09-19 12:00:00,2,1.2673126894095859,0.8536201069008038,-0.13525423561408184,0.5502651390606115,1.1176405883304632
2023-09-19 16:00:00,2,0.7669744453094669,0.18226339169084432,-0.1545650922099152,-0.21804920958315677,1.2673126894095859
2023-09-19 20:00:00,2,0.03935395945173603,-0.5105605341713686,-0.09001091002387925,-0.6830311168099286,0.7669744453094669
2023-09-20 00:00:00,2,-3.1001489644955775,-1.3790783608639798,0.0038674731703364114,-0.7068896419990036,0.03935395945173603
2023-09-20 04:00:00,2,-0.7424355461039447,0.813398744798945,0.4089295409133194,1.17259042022995,-3.1001489644955775
2023-09-20 08:00:00,2,2.4247791120227884,1.3080665141265306,0.10473480195816673,1.622695503041502,-0.7424355461039447
2023-09-20 12:00:00,2,-0.8274922606020656,0.8014586522970342,-0.3039026637441042,0.1526616277184889,2.4247791120227884
2023-09-20 16:00:00,2,1.5019126241594485,0.9722172592350994,0.11570891139034244,0.6543327484491037,-0.8274922606020656
2023-09-20 20:00:00,2,1.7703559041091115,0.575542871133078,-0.18483342989398072,-0.2562089270142067,1.5019126241594485
2023-09-21 00:00:00,2,-2.820630871615151,-1.2694788274949833,-0.2194682726325262,-1.329495618372853,1.7703559041091115
2023-09-21 04:00:00,2,-0.5407070007351873,0.3144163446197119,0.3728658138149653,0.3805252699204065,-2.820630871615151
2023-09-21 08:00:00,2,1.2889549375043359,0.9644099643793117,0.07870756653609699,0.7083314621479317,-0.5407070007351873
2023-09-21 12:00:00,2,-0.35096776530440543,0.7379400223741733,-0.15735739850050595,-0.07310360239102032,1.2889549375043359
2023-09-21 16:00:00,2,1.735925678709627,1.4494546552994494,0.05422720486822714,0.13967227545522576,-0.35096776530440543
2023-09-21 20:00:00,2,-0.24323568338354917,-0.1506722799666258,-0.2150260476590144,-0.9127409279138163,1.735925678709627
2023-09-22 00:00:00,2,-1.3808369611052704,-0.6675828318455537,0.040327494970759686,-0.7652781373906521,-0.24323568338354917
2023-09-22 04:00:00,2,-0.7157040186111399,0.36787471659532195,0.18710204399448052,0.0718608411901549,-1.3808369611052704
2023-09-22 08:00:00,2,0.16634185102906152,1.1680622537232617,0.10128587132727886,0.5057598082533872,-0.7157040186111399
2023-09-22 12:00:00,2,0.4638575690248832,1.3720955430677841,-0.012516642145587538,0.4049142695054613,0.16634185102906152
2023-09-22 16:00:00,2,1.7075518688938391,1.2113245103568038,-0.05090244233012915,0.12369841095135037,0.4638575690248832
2023-09-22 20:00:00,2,0.8434880020189439,-0.25274777357381917,-0.2113652279840071,-0.911513035196025,1.7075518688938391
2023-09-23 00:00:00,2,-1.8119288178400055,-2.090770973157415,-0.09988277198479865,-1.4228816502786517,0.8434880020189439
2023-09-25 04:00:00,3,-2.038060537678488,-1.1327228261012314,0.20944747656684293,-0.3232401060863648,-1.8119288178400055
2023-09-25 08:00:00,3,3.1838367419456937,0.7529260332747943,0.23483200847200109,1.0340021748777257,-2.038060537678488
2023-09-25 12:00:00,3,-0.8425233384561324,-1.1001901375803826,-0.3513547423065181,-1.0862674451689305,3.1838367419456937
2023-09-25 16:00:00,3,1.1155727782286142,-0.30744991343227035,0.10062636850632163,-0.5251907369401216,-0.8425233384561324
2023-09-25 20:00:00,3,-0.6713847861257296,-1.0555547547818405,-0.11918071288346688,-1.2681041657184124,1.1155727782286142
2023-09-26 00:00:00,3,-1.54743351612729,-1.4073077881462979,0.08141512275567403,-0.8209968292681236,-0.6713847861257296
2023-09-26 04:00:00,3,0.1476785703949357,-0.12657248707418567,0.17975642115061707,0.20951338190608837,-1.54743351612729
2023-09-26 08:00:00,3,1.1329618533718708,-0.17513237445901944,-0.01052925338401729,0.11116713751010465,0.1476785703949357
2023-09-26 12:00:00,3,-0.298939224923803,-0.041420219465264134,-0.1211327324103624,-0.6433265105869772,1.1329618533718708
2023-09-26 16:00:00,3,1.167695009691677,0.48828509612745025,0.03960605573041226,-0.4442485401320937,-0.298939224923803
2023-09-26 20:00:00,3,-0.35521961592506557,-1.323532066787647,-0.12503172064340073,-1.2218726632258967,1.167695009691677
2023-09-27 00:00:00,3,-2.5227624149597023,-1.5807002868730877,0.045923839816726014,-0.9853148805456549,-0.35521961592506557
2023-09-27 04:00:00,3,-0.12516047635570615,0.3909773669910849,0.2892424656919048,0.6947136324005747,-2.5227624149597023
2023-09-27 08:00:00,3,0.2921346168695358,1.4120964391089692,0.02009843340031135,0.7780639977479495,-0.12516047635570615
2023-09-27 12:00:00,3,1.559538092092323,1.529983372224414,-0.02674524078837904,0.5835175422240031,0.2921346168695358
2023-09-27 16:00:00,3,1.418432398437826,0.046838386706029835,-0.16901826633508565,-0.45505368676060165,1.559538092092323
2023-09-27 20:00:00,3,0.4662657556021337,-0.9791437138013757,-0.15317837450066957,-1.3996558652817672,1.418432398437826
2023-09-28 00:00:00,3,-3.3993614803746457,-2.039947504243666,-0.046292420856687715,-1.7101645994284649,0.4662657556021337
2023-09-28 04:00:00,3,1.1999051966219216,0.5077216959093058,0.3876455422702426,0.5536332829939017,-3.3993614803746457
2023-09-28 08:00:00,3,0.169976911336839,-0.23024663874891393,-0.1286474916567991,-0.24544114874935907,1.1999051966219216
2023-09-28 12:00:00,3,0.848663655017825,0.4001030877596476,-0.013032365054844076,-0.35863692806454495,0.169976911336839
2023-09-28 16:00:00,3,0.8460366728424695,-0.23689441603762107,-0.08921869270000278,-0.9238027676522904,0.848663655017825
2023-09-28 20:00:00,3,-0.4449031533010004,-0.9089297872536827,-0.08892379947187794,-1.4872191737890592,0.8460366728424695
2023-09-29 00:00:00,3,-2.0712377592810967,-1.7268493793296675,0.05599131118922047,-1.1909368213118405,-0.4449031533010004
2023-09-29 04:00:00,3,-0.47085068677072783,0.42240979485862873,0.23855633445730495,0.1883997630801879,-2.0712377592810967
2023-09-29 08:00:00,3,1.052825543932066,0.6985388448210532,0.058904064834277056,0.5019618228383091,-0.47085068677072783
2023-09-29 12:00:00,3,0.3553040806199057,0.260920265176362,-0.11213698999444074,-0.19916521253979091,1.052825543932066
2023-09-29 16:00:00,3,0.9963693108870686,0.44246292299276335,-0.03383636126076714,-0.43577924431222925,0.3553040806199057
2023-09-29 20:00:00,3,0.625679152215314,-0.3284581737224592,-0.10579946666954232,-1.0993093658126316,0.9963693108870686
2023-09-30 00:00:00,3,-1.0559178334637753,-1.7275193966965416,-0.06418745325341321,-1.5159791280718515,0.625679152215314
2023-10-02 04:00:00,3,-2.7358131849051457,-1.3932226832978438,0.1245810767214085,-0.8127927887526614,-1.0559178334637753
2023-10-02 08:00:00,3,1.856870769037572,0.59378892819219,0.31315858887427606,1.0091164522760057,-2.7358131849051457
2023-10-02 12:00:00,3,0.23333739031475886,0.8102447567131673,-0.20239549810846869,-0.2274628697959642,1.856870769037572
2023-10-02 16:00:00,3,1.6954541326924737,0.4983280380324539,-0.020144928039329005,-0.38285343156296214,0.23333739031475886
2023-10-02 20:00:00,3,0.07091490270047807,-0.9886250607233378,-0.18427559101072877,-1.511937672086411,1.6954541326924737
2023-10-03 00:00:00,3,-1.9395506989024387,-2.4775125198033816,-0.0019121085927481345,-1.5591633076924936,0.07091490270047807
2023-10-03 04:00:00,3,-0.6453304273937075,0.050348451961361736,0.22377373612007842,-0.26752345403907896,-1.9395506989024387
2023-10-03 08:00:00,3,0.5922161728112432,0.7755083181220659,0.07849037738614406,0.16223303506357034,-0.6453304273937075
2023-10-03 12:00:00,3,0.4923249668977281,0.9840463516184789,-0.060431049379905295,-0.23215212393947127,0.5922161728112432
2023-10-03 16:00:00,3,1.9221058797636523,0.07977109905721703,-0.049217710953224185,-0.5600149369886758,0.4923249668977281
2023-10-03 20:00:00,3,-1.627932188800358,-1.4628337327136975,-0.20971849883895222,-1.8400374487225495,1.9221058797636523
2023-10-04 00:00:00,3,-1.4044014818629105,-0.7329734244450649,0.18879284083668282,-0.7559193097692027,-1.627932188800358
2023-10-04 04:00:00,3,0.8087406411564206,0.8045245117706977,0.16370028696547417,0.17933900831990535,-1.4044014818629105
2023-10-04 08:00:00,3,0.663574103546777,0.4627430432538822,-0.08473711435337036,-0.35924018116865497,0.8087406411564206
2023-10-04 12:00:00,3,-0.6518329852747797,0.31130621514693513,-0.06844137040313913,-0.8011460093990674,0.663574103546777
2023-10-04 16:00:00,3,2.0253599320665945,0.9783564284298438,0.07922032534795638,-0.36705915506562725,-0.6518329852747797
2023-10-04 20:00:00,3,-1.3818319334383364,-1.2305386041947504,-0.22130933530759547,-1.7158434934850142,2.0253599320665945
2023-10-05 00:00:00,3,-1.5575680994695524,-0.5636006945929638,0.1611667307599236,-0.7956153203880625,-1.3818319334383364
2023-10-05 04:00:00,3,0.14531306871299066,0.9725592436103959,0.18089408398881107,0.24164399600543796,-1.5575680994695524
2023-10-05 08:00:00,3,0.8638412724835938,0.530232687986076,-0.010263712782460249,0.14487305265624606,0.14531306871299066
2023-10-05 12:00:00,3,0.8695314082600376,0.28284934619604274,-0.09092246391387442,-0.43040029049579864,0.8638412724835938
2023-10-05 16:00:00,3,0.30693102784837833,0.007983695575232826,-0.09156121301667604,-1.0094629680260105,0.8695314082600376
2023-10-05 20:00:00,3,-0.7158263897457129,-0.5871690526986749,-0.02840621947302592,-1.2138630634275458,0.30693102784837833
2023-10-06 00:00:00,3,-2.0923485704172453,-1.0789420479217047,0.08640393770748016,-0.7371599311940784,-0.7158263897457129
2023-10-06 04:00:00,3,0.09798296310781751,0.976652276121488,0.24092613936221657,0.6562353550518552,-2.0923485704172453
2023-10-06 08:00:00,3,0.7772032756646023,0.7933634557800439,-0.004950647562476188,0.5909837995236966,0.09798296310781751
2023-10-06 12:00:00,3,3.0198832525385875,1.1092452249545401,-0.08119687125477498,0.07340685461245933,0.7772032756646023
2023-10-06 16:00:00,3,-0.610624449433173,-2.727424755394987,-0.3329500594703845,-1.9376782717349101,3.0198832525385875
2023-10-06 20:00:00,3,-0.9095930951517879,-1.8574634530030059,0.0745944400737309,-1.5310341582557534,-0.610624449433173
2023-10-07 00:00:00,3,1.6362015360514377,-1.7619925756108148,0.10815531835877099,-0.9252924816030887,-0.9095930951517879
2023-10-09 04:00:00,3,-3.8619357556798715,-2.627463822366895,-0.1776241604596669,-2.01491757558434,1.6362015360514377
2023-10-09 08:00:00,3,2.026903030968631,0.17430366615577642,0.43957205420929274,0.5569307071689806,-3.8619357556798715
2023-10-09 12:00:00,3,-0.08827650361635087,-0.47992662714381695,-0.2214825566643319,-0.7928812548341195,2.026903030968631
2023-10-09 16:00:00,3,0.3710719340395965,-0.27492241348515234,0.015958004169684622,-0.7340936963152416,-0.08827650361635087
2023-10-09 20:00:00,3,0.13846289266370526,-0.6311215744127494,-0.03560638971362589,-0.9812082980882284,0.3710719340395965
2023-10-10 00:00:00,3,-2.7484175778184063,-0.45710802208726087,-0.00949474276532494,-1.0734173805926357,0.13846289266370526
2023-10-10 04:00:00,3,0.023875679195509036,1.0231950071011782,0.3145735014494794,0.7568857303292429,-2.7484175778184063
2023-10-10 08:00:00,3,1.5253661418780542,0.9330887398097364,0.003368303508254897,0.7409857701996039,0.023875679195509036
2023-10-10 12:00:00,3,-0.069750940040052,0.6372501326919058,-0.1651822765805516,-0.27482871785588436,1.5253661418780542
2023-10-10 16:00:00,3,1.7523368631704166,0.6139990898328171,0.013878407552281785,-0.22837822082247072,-0.069750940040052
2023-10-10 20:00:00,3,-0.3589056279410219,-1.4820759815700597,-0.19066099102316933,-1.3953434003239593,1.7523368631704166
2023-10-11 00:00:00,3,-3.1147629843070312,-1.0936542442537034,0.04633761498143387,-1.1563309254185814,-0.3589056279410219
2023-10-11 04:00:00,3,-0.8074022008434376,0.9954921400515094,0.3556977924864065,0.9179391658412381,-3.1147629843070312
2023-10-11 08:00:00,3,2.1816048497955656,1.628964554243261,0.09668382723474908,1.4556270237183266,-0.8074022008434376
2023-10-11 12:00:00,3,0.46482223260850475,0.9825826010237112,-0.23884868848610039,0.002791699272258086,2.1816048497955656
2023-10-11 16:00:00,3,0.44027240077600993,0.2222829221449778,-0.046130377444495135,-0.30675572366494563,0.46482223260850475
2023-10-11 20:00:00,3,0.006809616778459926,0.300277765139109,-0.0433745235118255,-0.5999542358913939,0.44027240077600993
2023-10-12 00:00:00,3,-2.281009516399097,-0.6838771762874112,0.00528406307630856,-0.6044890863720447,0.006809616778459926
2023-10-12 04:00:00,3,-0.6754784748747511,0.7289534708927058,0.26210437037710593,0.9145445741612974,-2.281009516399097
2023-10-12 08:00:00,3,1.6741870994376526,1.5724416340135479,0.08187466188062982,1.3643780943301564,-0.6754784748747511
2023-10-12 12:00:00,3,1.185949416903794,0.9477628919361808,-0.1818882493119584,0.2494565914636535,1.6741870994376526
2023-10-12 16:00:00,3,1.673390344954301,0.5503030287582941,-0.1270808784644119,-0.5403240170849148,1.185949416903794
2023-10-12 20:00:00,3,-0.1027318072122867,-2.524333869691033,-0.18179880922979008,-1.654714922919407,1.673390344954301
2023-10-13 00:00:00,3,-3.61426654477037,-2.3789630369900814,0.017580691670544175,-1.586300884292669,-0.1027318072122867
2023-10-13 04:00:00,3,-0.028598069891845768,0.7253137058444163,0.41176982022483394,0.8206125898399588,-3.61426654477037
2023-10-13 08:00:00,3,1.6560438070008843,0.4286102380723761,0.00925877105894895,0.8396574164746919,-0.028598069891845768
2023-10-13 12:00:00,3,0.6977422155719886,0.4573607480965546,-0.1798515647369031,-0.263181597596299,1.6560438070008843
2023-10-13 16:00:00,3,1.3636005735299026,0.43945960578300325,-0.07227692929979684,-0.7278416107216081,0.6977422155719886
2023-10-13 20:00:00,3,-0.26877464049831623,-1.8085348499037885,-0.14702319994228652,-1.6359286466689316,1.3636005735299026
2023-10-14 00:00:00,3,-0.9905981853510788,-2.3632811271183796,0.03621991487276732,-1.4569387200248674,-0.26877464049831623
2023-10-16 04:00:00,3,-2.341896702507139,-0.4180556310275826,0.11724858620333889,-0.7972518678687184,-0.9905981853510788
2023-10-16 08:00:00,3,1.859055768419422,0.40516156402248515,0.2689392926050837,0.7623294907466924,-2.341896702507139
2023-10-16 12:00:00,3,0.049746342790482956,0.2863099812229474,-0.20264077633197902,-0.47570492723145996,1.859055768419422
2023-10-16 16:00:00,3,0.5003046906539321,0.5606334802385331,0.00046417893031733357,-0.5088334033048376,0.049746342790482956
2023-10-16 20:00:00,3,0.20423319208728152,-1.4159599969062147,-0.05011347892610474,-0.8420102972030197,0.5003046906539321
2023-10-17 00:00:00,3,-2.6542915709371044,-1.8904419302738105,-0.016877821376861925,-0.9780189771968253,0.20423319208728152
2023-10-17 04:00:00,3,-0.8723997290016534,1.100391993496756,0.3040073383897805,0.7896011103723026,-2.6542915709371044
2023-10-17 08:00:00,3,2.8230179344240494,1.7613241623996847,0.10398015801252376,1.370573940282151,-0.8723997290016534
2023-10-17 12:00:00,3,-0.5123654848580284,-0.4886302577248739,-0.31085084246417677,-0.5094091267981984,2.8230179344240494
2023-10-17 16:00:00,3,1.9124029221037464,0.949750790767401,0.06356432973358438,-0.16820037146451128,-0.5123654848580284
2023-10-17 20:00:00,3,-0.5005459409772026,-1.0095382270941637,-0.2086292883625617,-1.4417612182267323,1.9124029221037464
2023-10-18 00:00:00,3,-2.0030519677916487,-1.3683844277677708,0.06223752078806563,-1.108423664165132,-0.5005459409772026
2023-10-18 04:00:00,3,-0.4596079538983098,0.23595261993682956,0.2309021035480869,0.22550473069593302,-2.0030519677916487
2023-10-18 08:00:00,3,0.7691358302141413,1.2222621741006903,0.057642006103618165,0.5315797153029838,-0.4596079538983098
2023-10-18 12:00:00,3,0.3208442712636632,1.021454896435976,-0.08029125603822498,0.019375269325074385,0.7691358302141413
2023-10-18 16:00:00,3,1.602994706432849,0.6795947102330975,-0.02996805773097485,-0.19429032230655707,0.3208442712636632
2023-10-18 20:00:00,3,0.3811188175759863,-0.20130525108155573,-0.17389651081138094,-1.2618013954616867,1.602994706432849
2023-10-19 00:00:00,3,-2.7680729124527925,-1.209810424639799,-0.036734207765242256,-1.5156066989461348,0.3811188175759863
2023-10-19 04:00:00,3,-0.10958208626974475,0.968362995012248,0.3167799210950271,0.32778584220565854,-2.7680729124527925
2023-10-19 08:00:00,3,0.9292753085329171,0.6014167364327655,0.01834967325091461,0.4007618102752666,-0.10958208626974475
2023-10-19 12:00:00,3,0.3190171155658028,1.0815061117566331,-0.09826779510829381,-0.21808719645418506,0.9292753085329171
2023-10-19 16:00:00,3,2.278670446798486,0.36334158278803363,-0.029762949433292607,-0.43053599745512017,0.3190171155658028
2023-10-19 20:00:00,3,-0.4906912799758256,-2.067363193785817,-0.24974483673886996,-1.9480119593326215,2.278670446798486
2023-10-20 00:00:00,3,-2.3966405607868513,-2.3506842835021526,0.06113128077546302,-1.6212370967752072,-0.4906912799758256
2023-10-20 04:00:00,3,-1.16641167139605,0.008289855784558826,0.275084592424611,-0.025199176783573307,-2.3966405607868513
2023-10-20 08:00:00,3,1.8043176311911893,0.8016009710644418,0.13698461902992934,0.7515703097754436,-1.16641167139605
2023-10-20 12:00:00,3,0.4070371693379755,0.46697609155844577,-0.19649611873201264,-0.4500113567491155,1.8043176311911893
2023-10-20 16:00:00,3,1.2465319920610831,0.5283365582048972,-0.03964368560276659,-0.7210769340153931,0.4070371693379755
2023-10-20 20:00:00,3,-0.8664660262275952,-0.6980268379800055,-0.1338816064342663,-1.551202385601263,1.2465319920610831
2023-10-21 00:00:00,3,-0.13656926123621105,-0.3046819160556994,0.10331406717178991,-0.9741810930175827,-0.8664660262275952
2023-10-23 04:00:00,4,-1.7709134493723084,-0.41302863723831856,0.016483912567186634,-0.6633404266013887,-0.13656926123621105
2023-10-23 08:00:00,4,1.4253759529394827,0.6760251868037428,0.13101146629855603,0.41528359164161266,-1.7709134493723084
2023-10-23 12:00:00,4,0.3273090606408484,0.010916695393776538,-0.09297024387092198,-0.45288121811319115,1.4253759529394827
2023-10-23 16:00:00,4,1.5282575647728613,0.5221872247225424,-0.01602261195760235,-0.6522378915411942,0.3273090606408484
2023-10-23 20:00:00,4,-1.1108860482963454,-1.3782593359672368,-0.10017972851482367,-1.5830656042167277,1.5282575647728613
2023-10-24 00:00:00,4,-2.311730481988617,-1.2915205958770475,0.08475968886413919,-0.9064496049152382,-1.1108860482963454
2023-10-24 04:00:00,4,0.49823132646065815,0.7539003017066939,0.1689095126289574,0.5015740466422081,-2.311730481988617
2023-10-24 08:00:00,4,-0.04984059340976188,0.5120328442800236,-0.028000082263224143,0.19811242035436472,0.49823132646065815
2023-10-24 12:00:00,4,0.19713079946044054,0.906084016948829,0.010406354218922356,0.22846921794619846,-0.04984059340976188
2023-10-24 16:00:00,4,1.7559516864242166,1.0796772509306025,-0.006900299833741523,0.10840122980773792,0.19713079946044054
2023-10-24 20:00:00,4,-0.9026807573197893,-0.4566538365444024,-0.11613551735112906,-0.9611099111928478,1.7559516864242166
2023-10-25 00:00:00,4,-0.8370745661003696,-0.7296787789908162,0.07016959038759524,-0.41130712664907954,-0.9026807573197893
2023-10-25 04:00:00,4,-1.6225603360543968,-0.337025872708876,0.06557220102216318,0.09853638511386009,-0.8370745661003696
2023-10-25 08:00:00,4,1.982843063664573,1.4691074230098349,0.12061554157225339,1.0868018196200087,-1.6225603360543968
2023-10-25 12:00:00,4,0.27231833900378355,0.6266390460041118,-0.13203505343827024,-0.12090381592825139,1.982843063664573
2023-10-25 16:00:00,4,1.423420523611778,0.3190959271879536,-0.012169107369809078,-0.2867668631379452,0.27231833900378355
2023-10-25 20:00:00,4,-0.8171463665254244,-0.3650285386082695,-0.09283321610221679,-1.1537406643544212,1.423420523611778
2023-10-26 00:00:00,4,0.03280354139484665,-0.6417874760756676,0.06417572164887285,-0.6560349759896251,-0.8171463665254244
2023-10-26 04:00:00,4,-1.5488432937092966,-0.9504828007759086,0.0046150217333142795,-0.6760148838978584,0.03280354139484665
2023-10-26 08:00:00,4,0.771234023613351,0.4203287382325737,0.11544977992340233,0.26735113869437477,-1.5488432937092966
2023-10-26 12:00:00,4,0.748220459792158,0.4482346315981277,-0.04713089405545854,-0.202390362139786,0.771234023613351
2023-10-26 16:00:00,4,1.167039952888988,0.06137419180563435,-0.04551820611235894,-0.6581148127947287,0.748220459792158
2023-10-26 20:00:00,4,-0.04788830952166556,-0.8311957742792301,-0.07486720881790028,-1.3689329071976015,1.167039952888988
2023-10-27 00:00:00,4,-1.2059232719299668,-1.9116758075816422,0.010269546868600491,-1.3397652023267437,-0.04788830952166556
2023-10-27 04:00:00,4,-1.9037106071282999,-1.2145800608265018,0.09141947375840491,-0.6052641425923522,-1.2059232719299668
2023-10-27 08:00:00,4,0.8671482966227497,0.6123084175871145,0.14031729901768333,0.5542436726316851,-1.9037106071282999
2023-10-27 12:00:00,4,0.2810962983562284,0.7672794010569888,-0.05385213865952011,0.026082920084842698,0.8671482966227497
2023-10-27 16:00:00,4,1.8046860003013148,1.114211916401685,-0.012784227623355807,-0.14512658705041304,0.2810962983562284
2023-10-27 20:00:00,4,0.1805781320347748,-0.5362450368463375,-0.11955060077825352,-1.2443207153698115,1.8046860003013148
2023-10-28 00:00:00,4,-1.4795767979045173,-0.9390786618990702,-0.005740362703147,-1.3543068417111082,0.1805781320347748
2023-10-30 04:00:00,4,-1.5601866554659232,-0.6028453090152112,0.11059589273265537,-0.45312950206159286,-1.4795767979045173
2023-10-30 08:00:00,4,0.34316642956536825,0.3358516252147397,0.11624467213919562,0.4971455100369617,-1.5601866554659232
2023-10-30 12:00:00,4,-0.2613328422247658,1.1533210888418242,-0.01713382566933114,0.28813046567378287,0.34316642956536825
2023-10-30 16:00:00,4,2.6690498686773996,1.9656504978031373,0.025226788045381122,0.4473024909804142,-0.2613328422247658
2023-10-30 20:00:00,4,-0.5157591813791846,-0.8024127878067303,-0.1801213667757111,-1.1783564565329065,2.6690498686773996
2023-10-31 00:00:00,4,-2.185851224398064,-0.8521367171666403,0.04305585149462613,-0.8642190034224129,-0.5157591813791846
2023-10-31 04:00:00,4,0.5466285124029984,0.5445696215986263,0.16008845550890943,0.467134390374051,-2.185851224398064
2023-10-31 08:00:00,4,0.21344544971384494,0.69476450198967,-0.031391541267817166,0.13419511389879446,0.5466285124029984
2023-10-31 12:00:00,4,0.6033800723817215,-0.04100820750899182,-0.00804355778213989,0.004190234932160308,0.21344544971384494
2023-10-31 16:00:00,4,1.1796749018898147,0.4260835410476885,-0.035368437555627144,-0.3633151552554885,0.6033800723817215
2023-10-31 20:00:00,4,-1.0868950595456024,-0.4149406841589555,-0.07575260970902811,-1.0818289162457937,1.1796749018898147
2023-11-01 00:00:00,4,-1.556291968130866,-0.1091881795129177,0.08307850733997509,-0.41982529492196363,-1.0868950595456024
2023-11-01 04:00:00,4,-0.32587583979482027,0.629761173932116,0.11597174981581322,0.5280775496917105,-1.556291968130866
2023-11-01 08:00:00,4,1.7155972755294169,1.1834309367395912,0.029749673540276952,0.7265612801599541,-0.32587583979482027
2023-11-01 12:00:00,4,0.29132525327470127,0.2957118196547344,-0.1133076601619266,-0.3183708861603023,1.7155972755294169
2023-11-01 16:00:00,4,0.5296343024765484,-0.5020510954945805,-0.013501027176684412,-0.49581062236773654,0.29132525327470127
2023-11-01 20:00:00,4,0.337271963304028,-0.023853923036201853,-0.03020066280745237,-0.8183991033231823,0.5296343024765484
2023-11-02 00:00:00,4,-2.5629089853016165,-0.6048658962277607,-0.016720767755114618,-1.0238239593084604,0.337271963304028
2023-11-02 04:00:00,4,-1.6201430321433605,0.6939369674219541,0.18651098222340795,0.5371869354345638,-2.5629089853016165
2023-11-02 08:00:00,4,2.057844324576834,1.7192281968093843,0.1204461476920867,1.5239800438602025,-1.6201430321433605
2023-11-02 12:00:00,4,0.6582409731756407,0.28793499628523017,-0.1372908073984233,0.270592807414312,2.057844324576834
2023-11-02 16:00:00,4,1.0870533415598675,-0.07156738466336426,-0.03921284487755882,-0.13032713800173745,0.6582409731756407
2023-11-02 20:00:00,4,-1.2888006492547586,-0.8982402510763583,-0.06926210372848005,-0.792427165382172,1.0870533415598675
2023-11-03 00:00:00,4,-1.475521489355998,-0.33056300641971237,0.09722715083988002,-0.007447337313172042,-1.2888006492547586
2023-11-03 04:00:00,4,-0.9030996649972352,0.2438508969393349,0.11031171479078775,0.8912600040406229,-1.475521489355998
2023-11-03 08:00:00,4,0.9146332964336636,1.0783815518914575,0.07019894556986679,1.4413179359392672,-0.9030996649972352
2023-11-03 12:00:00,4,3.1435102328817663,0.6282293735412562,-0.05717967572714399,0.8842351255016379,0.9146332964336636
2023-11-03 16:00:00,4,-0.6492783238906448,0.6111169012577221,-0.21336943364514568,-1.0304070835688997,3.1435102328817663
2023-11-03 20:00:00,4,-0.5173337761640653,0.42174417369345146,0.05241227768633737,-0.6349460886110503,-0.6492783238906448
2023-11-04 00:00:00,4,-1.856781559114431,-1.0308642134031751,0.0431661920765792,-0.3198495848170957,-0.5173337761640653
2023-11-06 04:00:00,4,-1.1176582859931514,0.5897738465521773,0.13702872057320037,0.8110747903980702,-1.856781559114431
2023-11-06 08:00:00,4,1.1411532314175368,1.6359922885514997,0.08523425708687513,1.4918156091477464,-1.1176582859931514
2023-11-06 12:00:00,4,0.5131952749515474,1.0845215329549591,-0.07305318279708284,0.7967645413844711,1.1411532314175368
2023-11-06 16:00:00,4,1.2350810355212047,0.5535248616622558,-0.029048689054415575,0.4841887066886752,0.5131952749515474
2023-11-06 20:00:00,4,0.35616194680314095,-0.4638468540599597,-0.07963522451720585,-0.2680716987319265,1.2350810355212047
2023-11-07 00:00:00,4,-2.5698858618665295,-1.5386810849889514,-0.01804449357485559,-0.485002023780968,0.35616194680314095
2023-11-07 04:00:00,4,-0.4623014622783721,0.7214585374583659,0.18699989062560718,1.080258331396104,-2.5698858618665295
2023-11-07 08:00:00,4,1.2296196917157314,0.9498386778535792,0.03930977288944745,1.3618358760576221,-0.4623014622783721
2023-11-07 12:00:00,4,1.142706834630319,0.5682152228732946,-0.07925251789355386,0.6129018537544759,1.2296196917157314
2023-11-07 16:00:00,4,0.8547609705305224,0.3291617517398702,-0.07316205238325739,-0.08309547919229665,1.142706834630319
2023-11-07 20:00:00,4,-1.1095000649656868,-0.5469682583889702,-0.052984090077762364,-0.6037113867611872,0.8547609705305224
2023-11-08 00:00:00,4,-1.8949878613554265,-0.4560885109942169,0.08466256533194502,0.07206044090116137,-1.1095000649656868
2023-11-08 04:00:00,4,-0.06970409251147913,0.9967018160732902,0.1397060478856148,1.2262554255636697,-1.8949878613554265
2023-11-08 08:00:00,4,1.1361503240794004,0.5436265576610871,0.011798299671525812,1.2687106389335625,-0.06970409251147913
2023-11-08 12:00:00,4,-0.21031768149064156,0.6824128944625307,-0.07270260135705281,0.5767067308255882,1.1361503240794004
2023-11-08 16:00:00,4,1.7085431261240167,1.3078445198856872,0.021651873040020374,0.7048065556913343,-0.21031768149064156
2023-11-08 20:00:00,4,-0.3175746118406071,-0.014552895594361607,-0.1128133368235988,-0.3358290850253489,1.7085431261240167
2023-11-09 00:00:00,4,-1.504880026301068,-1.085488515731092,0.029167960497538534,-0.14240144798476528,-0.3175746118406071
2023-11-09 04:00:00,4,-0.6086379633683379,0.7349738082769296,0.11236903016037678,0.7741875256422777,-1.504880026301068
2023-11-09 08:00:00,4,2.2116498324138725,0.42390657958906874,0.049564382422189295,1.1448953803577542,-0.6086379633683379
2023-11-09 12:00:00,4,-0.6811252537034882,-0.27496796889925745,-0.14806881162229252,-0.20217137213105474,2.2116498324138725
2023-11-09 16:00:00,4,1.7002295193065926,0.44977706985860666,0.05464396853322026,0.21268687988393964,-0.6811252537034882
2023-11-09 20:00:00,4,-0.20713495143474603,-0.7731983994832817,-0.1122307563253196,-0.8228851277146596,1.7002295193065926
2023-11-10 00:00:00,4,-1.94342563490798,-0.8363108070341816,0.02142884150839133,-0.6967238329804051,-0.20713495143474603
2023-11-10 04:00:00,4,-1.3430232950300809,-0.20960913290976743,0.1431003510889655,0.4869735228807155,-1.94342563490798
2023-11-10 08:00:00,4,1.9537506841649073,0.8562307940748058,0.10102683209586592,1.3049791592333886,-1.3430232950300809
2023-11-10 12:00:00,4,0.08325581492532308,-0.004535128601564865,-0.12999638919575152,0.11499304537451671,1.9537506841649073
2023-11-10 16:00:00,4,1.662448275157212,0.4198577512968809,0.0010795513534665934,0.0642837791093136,0.08325581492532308
2023-11-10 20:00:00,4,-0.9664869711635902,-1.2595611680585472,-0.10958321518877913,-0.9482765124773778,1.662448275157212
2023-11-11 00:00:00,4,-0.9606230840286916,-1.128666056632315,0.07464084536401801,-0.35961078136246627,-0.9664869711635902
2023-11-13 04:00:00,4,-1.3684129887515315,-0.5607597694135372,0.07422993029864082,0.2254833864407484,-0.9606230840286916
2023-11-13 08:00:00,4,0.4023122360310687,0.6574666653581537,0.10280602862803746,1.0589533208783983,-1.3684129887515315
2023-11-13 12:00:00,4,1.3685388260626468,0.5299140443340444,-0.0212785000758348,0.813913880486794,0.4023122360310687
2023-11-13 16:00:00,4,0.13120572590425184,-0.10766417596257814,-0.08898735143640535,-0.019632698659952652,1.3685388260626468
2023-11-13 20:00:00,4,-0.18078449165310673,-0.046834831210421146,-0.0022805646159343015,-0.09954718987435562,0.13120572590425184
2023-11-14 00:00:00,4,-2.586235324311616,-0.8278005173736327,0.01958231877444401,0.010564625523516114,-0.18078449165310673
2023-11-14 04:00:00,4,-0.12346807368829005,1.2920612830708829,0.18814558805718315,1.5857830748609114,-2.586235324311616
2023-11-14 08:00:00,4,1.7796754574329263,0.8703338886450088,0.015565839757474217,1.6609847341026942,-0.12346807368829005
2023-11-14 12:00:00,4,4.091404326785629,0.23681244397241583,-0.1177979734473626,0.5770239715114176,1.7796754574329263
2023-11-14 16:00:00,4,-1.9167097266209137,-1.0934842820209136,-0.2797936254153202,-1.9149594604166138,4.091404326785629
2023-11-14 20:00:00,4,-0.558665774302936,-0.2943418467798052,0.14122821935316585,-0.7475341704533598,-1.9167097266209137
2023-11-15 00:00:00,4,-1.7842962797219712,-1.8679226774356756,0.04606255422112411,-0.407263265318468,-0.558665774302936
2023-11-15 04:00:00,4,-0.2117533888508376,-0.12248544968340322,0.13194927538006707,0.6795119374176739,-1.7842962797219712
2023-11-15 08:00:00,4,1.2597124094751546,0.04597864337217993,0.021752481010502346,0.8084862197236902,-0.2117533888508376
2023-11-15 12:00:00,4,0.8185921624281978,-0.3580743302183503,-0.08136128138115546,0.04122339193260238,1.2597124094751546
2023-11-15 16:00:00,4,0.13970790190881388,-0.017554322459269446,-0.05044954127010715,-0.45736289857949863,0.8185921624281978
2023-11-15 20:00:00,4,-0.3360782687595911,-0.3131183505876238,-0.002876359202083589,-0.542455876212367,0.13970790190881388
2023-11-16 00:00:00,4,-1.4633686096744771,-1.6318584729241772,0.030464614273040137,-0.33775807304072814,-0.3360782687595911
2023-11-16 04:00:00,4,-0.6447687235174726,0.17204124715820665,0.10946009516817717,0.5535472194326125,-1.4633686096744771
2023-11-16 08:00:00,4,0.04485691633738398,0.6741581162677509,0.05209626499892757,0.9462615170423181,-0.6447687235174726
2023-11-16 12:00:00,4,2.042084565490317,1.0096768710350368,0.003770374959154593,0.918940166378361,0.04485691633738398
2023-11-16 16:00:00,4,0.632774688233285,0.18103449337144362,-0.13618643374893336,-0.32484815111501675,2.042084565490317
2023-11-16 20:00:00,4,-1.158949123344577,-0.06644065794777389,-0.037428281174119914,-0.7102571484359004,0.632774688233285
2023-11-17 00:00:00,4,-1.3958097856617666,-0.7852889251414938,0.08812773486695755,-0.004366998466000638,-1.158949123344577
2023-11-17 04:00:00,4,-0.5103609570567897,0.532090785101948,0.10472587400270286,0.8457897159951333,-1.3958097856617666
2023-11-17 08:00:00,4,1.6298616437519247,0.6642110631851272,0.04267756800292042,1.1566392306623001,-0.5103609570567897
2023-11-17 12:00:00,4,0.16352286129180982,0.6970880942676355,-0.1072996893523703,0.16392673193066365,1.6298616437519247
2023-11-17 16:00:00,4,0.9468962400652519,0.6391857517383296,-0.004545205373009808,0.06432859189525963,0.16352286129180982
2023-11-17 20:00:00,4,-0.7199298339216025,-0.8734842547323534,-0.05944051896758335,-0.5124048603693794,0.9468962400652519
2023-11-18 00:00:00,4,-1.0180506541236447,-1.2414633507976016,0.05736322049875742,-0.07391160108967121,-0.7199298339216025
2023-11-20 04:00:00,5,-1.2432919678653125,0.5630326663969264,-0.00948174446880045,0.5728439896206723,-1.0180506541236447
2023-11-20 08:00:00,5,1.2543773285414304,1.9921661310680765,-0.012090307985789021,1.284262720708952,-1.2432919678653125
2023-11-20 12:00:00,5,0.27056338725991225,1.0697601806858836,0.016835686521513748,0.5665008832307858,1.2543773285414304
2023-11-20 16:00:00,5,1.601767335874598,0.22373073743818706,0.005441945683742421,0.4116829751139335,0.27056338725991225
2023-11-20 20:00:00,5,-0.40323876068839404,-0.5513842102637108,0.020858877845708442,-0.5048573991821295,1.601767335874598
2023-11-21 00:00:00,5,-2.085470945827895,-0.6742502033450813,-0.0023614882050439203,-0.27412188824088446,-0.40323876068839404
2023-11-21 04:00:00,5,-1.1470809918857263,1.4759191146886395,-0.021843746731966564,0.919196441121219,-2.085470945827895
2023-11-21 08:00:00,5,1.2990528252976432,2.1287057329812535,-0.01097606993724853,1.57556270487499,-1.1470809918857263
2023-11-21 12:00:00,5,0.03749037280122991,1.2538899383649869,0.01735308214936583,0.8322372942100582,1.2990528252976432
2023-11-21 16:00:00,5,1.6716819557548153,1.8750859591980207,0.0027426817156376393,0.8107850897917572,0.03749037280122991
2023-11-21 20:00:00,5,-0.26180848340774787,0.11881049870722073,0.021668572673420327,-0.14576082740594742,1.6716819557548153
2023-11-22 00:00:00,5,-1.5270602094333672,-0.4086039978532835,-0.0007235566223192627,0.0040474749623857775,-0.26180848340774787
2023-11-22 04:00:00,5,-0.6652895149348979,0.09520831786214495,-0.015376683251222802,0.8778400068611987,-1.5270602094333672
2023-11-22 08:00:00,5,1.0876158055303158,1.1891200426205626,-0.00539634902063466,1.2585224489218199,-0.6652895149348979
2023-11-22 12:00:00,5,0.4522401590598726,1.6710719177779485,0.014904388849084259,0.6361825028105006,1.0876158055303158
2023-11-22 16:00:00,5,2.1144063274878437,1.1741046460814766,0.007545979756928366,0.37740811318909984,0.4522401590598726
2023-11-22 20:00:00,5,-1.279348660799359,-0.5761624179289768,0.02679584983674306,-0.8324672060322875,2.1144063274878437
2023-11-23 00:00:00,5,-2.18348319204393,-1.1758861599194874,-0.012507887568186979,-0.1004166302949816,-1.279348660799359
2023-11-23 04:00:00,5,-0.46883166743404914,0.28980359619504364,-0.022978845641887156,1.148984863469643,-2.18348319204393
2023-11-23 08:00:00,5,0.6858474504560199,1.464608900704314,-0.0031211324313521983,1.4172530084916062,-0.46883166743404914
2023-11-23 12:00:00,5,-0.9609489898700438,1.9773199688582352,0.010251431290288774,1.024807198871116,0.6858474504560199
2023-11-23 16:00:00,5,0.00643328290390599,1.8373876934679185,-0.008820438975341509,1.574667673066644,-0.9609489898700438
2023-11-23 20:00:00,5,0.7527534528904773,2.111811247034645,0.002383003509609637,1.5709865120211912,0.00643328290390599
2023-11-24 04:00:00,5,-1.3951592525363132,0.5580587230757297,0.011026282733475806,1.1402567075029992,0.7527534528904773
2023-11-24 08:00:00,5,1.8739257198560786,2.4110593555469415,-0.013849112583560308,1.9385747621186162,-1.3951592525363132
2023-11-24 12:00:00,5,0.09172777638269736,0.780846326537255,0.02401079708957726,0.8663038135153958,1.8739257198560786
2023-11-24 16:00:00,5,0.47145362118941314,1.2161590075450384,0.003370815648478523,0.8138166584734687,0.09172777638269736
2023-11-24 20:00:00,5,-0.07235588284967065,0.8978959569232915,0.007768494603399399,0.5440482166090703,0.47145362118941314
2023-11-25 00:00:00,5,0.14766957007571158,0.9940770186636538,0.0014705308379466292,0.5854506640583743,-0.07235588284967065
2023-11-27 04:00:00,5,-0.4108862807410141,1.2734889556157254,0.004018688455106994,0.5009532966829617,0.14766957007571158
2023-11-27 08:00:00,5,0.37748793215472176,0.7980552610659425,-0.002450055624019211,0.7360647620680751,-0.4108862807410141
2023-11-27 12:00:00,5,0.09685326286728113,0.4561857487811164,0.006680259660205474,0.5200640215857373,0.37748793215472176
2023-11-27 16:00:00,5,0.6542354974318805,0.7083508696615959,0.003430174905572174,0.46464403404322496,0.09685326286728113
2023-11-27 20:00:00,5,0.0306284062390354,0.21776247393013823,0.00988532710633741,0.09028676363068122,0.6542354974318805
2023-11-28 00:00:00,5,-1.688765989433822,-0.5097367232107631,0.0026632119446103504,0.07276101548381497,0.0306284062390354
2023-11-28 04:00:00,5,-1.1557680133189727,1.2510831672760991,-0.017249429379311707,1.0390825138611,-1.688765989433822
2023-11-28 08:00:00,5,2.6025755819022685,2.0769012280635457,-0.011076676024140981,1.7004195406574318,-1.1557680133189727
2023-11-28 12:00:00,5,-0.4965410350266133,0.05716807744563562,0.03244943303614441,0.21121099922588904,2.6025755819022685
2023-11-28 16:00:00,5,2.0298096239321044,1.418128509498894,-0.0034420400134474137,0.4953346018889153,-0.4965410350266133
2023-11-28 20:00:00,5,-1.0166872669135056,0.16141035682965815,0.025816118938857716,-0.6661340026963218,2.0298096239321044
2023-11-29 00:00:00,5,-2.5423900874626035,-0.041590671353616084,-0.009465954816019539,-0.08437976955100446,-1.0166872669135056
2023-11-29 04:00:00,5,0.2401688279226768,1.9978839813254066,-0.027135416289750455,1.3703902898579265,-2.5423900874626035
2023-11-29 08:00:00,5,1.9376423104543399,1.8017922367476542,0.005089940373149219,1.2329643213615071,0.2401688279226768
2023-11-29 12:00:00,5,-1.2310284343006437,0.30013149478802925,0.024748711333196654,0.12423437744239507,1.9376423104543399
2023-11-29 16:00:00,5,2.593447220447196,0.958338327660555,-0.011948281615427634,0.8286358449170326,-1.2310284343006437
2023-11-29 20:00:00,5,-0.8010104576452637,-0.76707066860872,0.032343715704514484,-0.6553493962028112,2.593447220447196
2023-11-30 00:00:00,5,-2.3473979417285857,-0.3630967376727317,-0.006968159687889094,-0.19700665926318806,-0.8010104576452637
2023-11-30 04:00:00,5,-0.1470389277576416,1.1946683250908692,-0.024877174278054262,1.1461877859893548,-2.3473979417285857
2023-11-30 08:00:00,5,1.5913964609141669,1.5907519461735904,0.0006056119514052886,1.2303242962456924,-0.1470389277576416
2023-11-30 12:00:00,5,-0.4075475857349655,1.2026221258651546,0.02073877072321111,0.3197181955517454,1.5913964609141669
2023-11-30 16:00:00,5,1.610838723599299,1.4418355929981745,-0.0024113895469907356,0.5529192406767063,-0.4075475857349655
2023-11-30 20:00:00,5,0.39233973616878615,0.3027299552867483,0.020963935353472105,-0.3688118332386878,1.610838723599299
2023-12-01 00:00:00,5,-3.6959968563821075,-1.1154771480898535,0.006852261294670216,-0.593310860397966,0.39233973616878615
2023-12-01 04:00:00,5,0.7832871240672397,1.6199364905627114,-0.040495560929138585,1.5215595494770522,-3.6959968563821075
2023-12-01 08:00:00,5,0.7808003646666908,1.1053437294125175,0.011379899125372624,1.0733582047531147,0.7832871240672397
2023-12-01 12:00:00,5,0.2313533446608229,1.205178983442591,0.011351099480493797,0.626579797893319,0.7808003646666908
2023-12-01 16:00:00,5,1.688736179207167,1.1453762010545916,0.004987846544803547,0.4941980990279866,0.2313533446608229
2023-12-01 20:00:00,5,-1.0113720020976213,-0.061750857728865086,0.021866080956289776,-0.4721063417681606,1.688736179207167
2023-12-02 00:00:00,5,-1.4207779042784523,0.10992134073416035,-0.009404397699114463,0.10660646663666995,-1.0113720020976213
2023-12-04 04:00:00,5,-0.9919699584139536,-2.555828887581898,-0.014145807178254536,0.9195836593997608,-1.4207779042784523
2023-12-04 08:00:00,5,1.7751474099434237,-0.7412519587602033,-0.009179698852941502,1.4871945081243947,-0.9919699584139536
2023-12-04 12:00:00,5,0.7431965970633456,-0.11745239557044224,0.022866826246806086,0.4714450699253323,1.7751474099434237
2023-12-04 16:00:00,5,1.0461732779898032,-0.1856017538073522,0.010915602925079874,0.04618375263416219,0.7431965970633456
2023-12-04 20:00:00,5,-1.2387224654723124,-0.9094657927467584,0.014424434867294032,-0.5524425436523419,1.0461732779898032
2023-12-05 00:00:00,5,-1.8317280864148078,-0.7018082666239366,-0.012037387688730004,0.1563614921928611,-1.2387224654723124
2023-12-05 04:00:00,5,-0.05323281934840196,1.166982229306145,-0.018905101264286125,1.204486715082707,-1.8317280864148078
2023-12-05 08:00:00,5,2.0465081841432866,1.3385562387411594,0.0016919987602997972,1.2349468368979508,-0.05323281934840196
2023-12-05 12:00:00,5,-0.17564025763949154,0.674385394854443,0.026009508216470818,0.06392322124251848,2.0465081841432866
2023-12-05 16:00:00,5,1.302246014619092,0.7010796355602491,0.00027437438034086945,0.1644255750319079,-0.17564025763949154
2023-12-05 20:00:00,5,-1.2632763497929194,-0.5292465131890721,0.017390063096725788,-0.5807269967133699,1.302246014619092
2023-12-06 00:00:00,5,-1.2431514024022547,-0.6458426674738087,-0.01232175100456714,0.14212691130839517,-1.2632763497929194
2023-12-06 04:00:00,5,-0.44138163521496665,0.3828492375075177,-0.012088680069788221,0.8534652100397171,-1.2431514024022547
2023-12-06 08:00:00,5,0.929563213471269,1.11429040833598,-0.002803228262719155,1.1060262905954303,-0.44138163521496665
2023-12-06 12:00:00,5,0.2763892546461122,1.2567207098877646,0.013073951001951259,0.5741249360571885,0.929563213471269
2023-12-06 16:00:00,5,1.8823670586801402,0.4399792490176733,0.005509416188446921,0.41597343350676574,0.2763892546461122
2023-12-06 20:00:00,5,-1.4597169402672225,-0.6044474884518031,0.024108557878329547,-0.6611276971535398,1.8823670586801402
2023-12-07 00:00:00,5,-1.4141008518219103,-0.23504058791900878,-0.014596767736864618,0.1741306333382031,-1.4597169402672225
2023-12-07 04:00:00,5,-0.5660014017108033,1.1932226210988854,-0.014068478933494204,0.9832871787321995,-1.4141008518219103
2023-12-07 08:00:00,5,1.0434014099254192,1.0602518560409984,-0.00424647404643675,1.3071563980360494,-0.5660014017108033
2023-12-07 12:00:00,5,0.07277810739319612,1.2594349933098334,0.014392333323458469,0.71011618041174,1.0434014099254192
2023-12-07 16:00:00,5,2.0471360539629337,1.5295267472788492,0.0031513558417322523,0.6684721336786374,0.07277810739319612
2023-12-07 20:00:00,5,-1.2951851434843338,-0.15497696149918974,0.02601677969912088,-0.502910752656514,2.0471360539629337
2023-12-08 00:00:00,5,-1.6034404426564137,-0.22756372881977435,-0.01269129295809172,0.23820154849030395,-1.2951851434843338
2023-12-08 04:00:00,5,-0.7158743402303713,1.2684132867896167,-0.01626125760614435,1.1556992839971336,-1.6034404426564137
2023-12-08 08:00:00,5,1.3055696533710943,1.783441374499357,-0.0059821817330577105,1.5653266506242804,-0.7158743402303713
2023-12-08 12:00:00,5,1.6933135385297433,1.3020098773690123,0.017428554804344163,0.8182722738929993,1.3055696533710943
2023-12-08 16:00:00,5,1.7543066298457894,0.3598380365009066,0.02191909224598024,-0.15065135792598916,1.6933135385297433
2023-12-08 20:00:00,5,-2.5049015264435788,-1.334317884725137,0.022625465114049503,-1.1544755832907683,1.7543066298457894
2023-12-09 00:00:00,5,-0.1342393237516628,-0.7164435791563133,-0.026701253964224392,0.27884330841193794,-2.5049015264435788
2023-12-11 04:00:00,5,-1.7222791041640324,-0.4798260005178618,0.0007538466579395918,0.35565581250100387,-0.1342393237516628
2023-12-11 08:00:00,5,1.726363512328975,0.8731325886431188,-0.017637551287205316,1.3411537056209646,-1.7222791041640324
2023-12-11 12:00:00,5,-0.5349668196932278,0.7358188942979912,0.022301850428562066,0.35331869093257673,1.726363512328975
2023-12-11 16:00:00,5,1.1259817843003557,1.0621405091662608,-0.003887056508547204,0.6594297460003098,-0.5349668196932278
2023-12-11 20:00:00,5,-1.2023832184347079,0.11146179217499082,0.015348712720449468,0.015136568758249425,1.1259817843003557
2023-12-12 00:00:00,5,-0.9867173090484513,0.05319224225878269,-0.011616535792235344,0.703147080890286,-1.2023832184347079
2023-12-12 04:00:00,5,-0.6393007181992516,0.36690189244250354,-0.009118866897760772,1.2677523337910568,-0.9867173090484513
2023-12-12 08:00:00,5,1.2749002867425645,1.725041149541026,-0.005095367704690146,1.6335638386349522,-0.6393007181992516
2023-12-12 12:00:00,5,1.9550835349539692,0.9983649167260272,0.017073366896995665,0.9040586478182338,1.2749002867425645
2023-12-12 16:00:00,5,0.17478954404031732,0.6363003399374193,0.02495070155055758,-0.21465126389835198,1.9550835349539692
2023-12-12 20:00:00,5,-1.455001394530301,-0.13155974554268762,0.004332770154820786,-0.31466683453069777,0.17478954404031732
2023-12-13 00:00:00,5,-0.9420798841047695,-0.05887446481121019,-0.01454215608339978,0.5178932338864417,-1.455001394530301
2023-12-13 04:00:00,5,-1.4933001608668697,0.5124969696560717,-0.008601912186983553,1.0569566985079835,-0.9420798841047695
2023-12-13 08:00:00,5,1.5813589077833363,1.6593961988891657,-0.014985701554484296,1.9114315387193859,-1.4933001608668697
2023-12-13 12:00:00,5,0.20452484530229853,1.6191006190757056,0.02062252386573207,1.0065689829820013,1.5813589077833363
2023-12-13 16:00:00,5,0.9046504888020586,1.140553163183544,0.004677140469263322,0.8895387039472133,0.20452484530229853
2023-12-13 20:00:00,5,2.854025870465602,0.5777310279523834,0.012785431886157887,0.37189255207271366,0.9046504888020586
2023-12-14 00:00:00,5,-3.062982939042257,-1.045264655271599,0.035361527794368235,-1.2611972737595076,2.854025870465602
2023-12-14 04:00:00,5,-0.5197183274259451,0.17816129086785348,-0.03316450348195729,0.491458974458574,-3.062982939042257
2023-12-14 08:00:00,5,1.1554470943878155,0.5885616460223346,-0.003710460750172539,0.788844755576033,-0.5197183274259451
2023-12-14 12:00:00,5,0.12607696110544886,0.4009036251266796,0.01568995621452293,0.1276913604162644,1.1554470943878155
2023-12-14 16:00:00,5,1.576174741892661,0.536628078246194,0.0037686202457685057,0.05554940662957364,0.12607696110544886
2023-12-14 20:00:00,5,-0.7908924930495296,-0.2288193616321699,0.020562485031009492,-0.8463467399175171,1.576174741892661
2023-12-15 00:00:00,5,-1.991156187261442,-0.7319214022922147,-0.006850981569576018,-0.3937935598317477,-0.7908924930495296
2023-12-15 04:00:00,5,-0.5759030621658177,0.6554874708661214,-0.020751469146548972,0.7455573285780535,-1.991156187261442
2023-12-15 08:00:00,5,-0.21885874078079937,1.3440990739472825,-0.004361147104373993,1.0750923342769276,-0.5759030621658177
2023-12-15 12:00:00,5,2.4955806584023463,2.516679840829694,-0.00022614728910429292,1.2003245497807313,-0.21885874078079937
2023-12-15 16:00:00,5,0.15050028434350615,0.4859716302417965,0.03121030399135031,-0.22766088824743846,2.4955806584023463
2023-12-15 20:00:00,5,0.10173823208079469,-0.5050529379661702,0.004051471508283716,-0.3137780064171274,0.15050028434350615
2023-12-16 00:00:00,5,-2.4550101512880484,-0.18586718621517495,0.003486748685312238,-0.37199320111057865,0.10173823208079469
2023-12-18 04:00:00,6,-1.993371279491555,-0.013158856610971072,-0.005099063036608979,0.7339360499132326,-2.4550101512880484
2023-12-18 08:00:00,6,3.2288351719528947,1.6255052306220446,-0.0042965756088737825,1.7839888059449223,-1.993371279491555
2023-12-18 12:00:00,6,-0.023516217930962924,-0.3563615741879326,0.004781418638043186,0.08312790463506303,3.2288351719528947
2023-12-18 16:00:00,6,0.008291081861733218,-0.28202037265926316,-0.0008722887518957104,0.0955155966339909,-0.023516217930962924
2023-12-18 20:00:00,6,-0.3499668779841816,0.41057890340272973,-0.0008169967049012466,0.09114808444548395,0.008291081861733218
2023-12-19 00:00:00,6,-1.8652726677233868,-0.060015019405698915,-0.0014397724853367092,0.2755009385915663,-0.3499668779841816
2023-12-19 04:00:00,6,-0.0039293453156048486,0.7044406068512812,-0.004073896082225074,1.2580748954076348,-1.8652726677233868
2023-12-19 08:00:00,6,0.72660159468413,1.2771896614260836,-0.0008382400181716474,1.2601447656422984,-0.0039293453156048486
2023-12-19 12:00:00,6,0.5297861752712976,1.073933634411903,0.00043167447719996135,0.8773911788495248,0.72660159468413
2023-12-19 16:00:00,6,1.4398384070995096,1.3701908759515238,8.954146086927813e-05,0.5983145014766027,0.5297861752712976
2023-12-19 20:00:00,6,-0.8458976374961598,-0.18087363986260915,0.0016715258197307241,-0.16015247513236996,1.4398384070995096
2023-12-20 00:00:00,6,-1.4962977440195289,-0.8136011310921396,-0.0023018710299995008,0.2854429614588998,-0.8458976374961598
2023-12-20 04:00:00,6,0.3382705429648709,0.46851670134573015,-0.0034324905258220385,1.0736511523346444,-1.4962977440195289
2023-12-20 08:00:00,6,1.0115200565855496,-0.30850842855214594,-0.00024337869930392232,0.8954596033848681,0.3382705429648709
2023-12-20 12:00:00,6,-0.08134505232032652,0.43963916078494303,0.0009269609393554553,0.36261886562230394,1.0115200565855496
2023-12-20 16:00:00,6,0.8160283898554841,1.0791092949774652,-0.0009728151923521867,0.40546918520766795,-0.08134505232032652
2023-12-20 20:00:00,6,2.452956679712914,0.1848070041730234,0.0005871290613176053,-0.02439195936867744,0.8160283898554841
2023-12-21 00:00:00,6,-3.325335403267907,-2.8857761843514615,0.003432674471310183,-1.3165415696589768,2.452956679712914
2023-12-21 04:00:00,6,-1.6363479811395152,-0.5963494267936869,-0.006611988215626819,0.43515297959822874,-3.325335403267907
2023-12-21 08:00:00,6,1.3849629050688925,1.4165694281917447,-0.0036759460955463896,1.2971357547592657,-1.6363479811395152
2023-12-21 12:00:00,6,2.469492961792451,0.5093368950425377,0.001576133288554016,0.5675756720835547,1.3849629050688925
2023-12-21 16:00:00,6,-0.20863004117079775,-1.068476234098457,0.0034614202275301256,-0.7332847934050619,2.469492961792451
2023-12-21 20:00:00,6,-0.23955850633154796,-0.7827557767077122,-0.0011940803620169864,-0.623384268612571,-0.20863004117079775
2023-12-22 00:00:00,6,-2.262770840157577,-1.3921655656570306,-0.0012478446915979442,-0.4971914853652679,-0.23955850633154796
2023-12-22 04:00:00,6,0.23549979146917366,0.7952374349143374,-0.004764884873278995,0.6947734944761468,-2.262770840157577
2023-12-22 08:00:00,6,0.48609993244922123,0.23236004629446874,-0.00042202967748790826,0.5707187297560647,0.23549979146917366
2023-12-22 12:00:00,6,0.37725942131703327,0.26899132533280445,1.3599717719975238e-05,0.31465475460673,0.48609993244922123
2023-12-22 16:00:00,6,1.1640971697910079,0.37575137141084064,-0.00017560259419096256,0.11592494487759986,0.37725942131703327
2023-12-22 20:00:00,6,0.8026852131485906,-0.38801541391999916,0.0011921925361467378,-0.4972891883868895,1.1640971697910079
2023-12-23 00:00:00,6,0.8630861153719884,-1.7866452748582602,0.0005639340224950266,-0.9201215171979822,0.8026852131485906
2023-12-27 04:00:00,6,-5.03124074102219,-1.9443013375969425,0.0006689316031136434,-1.3747713676614675,0.8630861153719884
2023-12-27 08:00:00,6,0.7720991911294313,1.1744529619861173,-0.009577439502531588,1.2755468448678187,-5.03124074102219
2023-12-27 12:00:00,6,0.3061098759007912,1.2095580241341042,0.0005107649770910087,0.86882638495325,0.7720991911294313
2023-12-27 16:00:00,6,2.1904287034987817,1.4930240424379388,-0.00029928502037707204,0.707576184278075,0.3061098759007912
2023-12-27 20:00:00,6,0.6231591210122751,-0.1614653448546237,0.002976310388448722,-0.4462809624881272,2.1904287034987817
2023-12-28 00:00:00,6,-4.085624627538007,-1.4752793285268375,0.00025185581441610687,-0.7745439204214479,0.6231591210122751
2023-12-28 04:00:00,6,0.74341993764126,1.7397677619831373,-0.007933632862978492,1.3776499254493046,-4.085624627538007
2023-12-28 08:00:00,6,0.044934838451879955,1.210080665862924,0.00046091055241588314,0.9860369016034785,0.74341993764126
2023-12-28 12:00:00,6,1.1102773142259643,2.0695931084965675,-0.0007532972294776415,0.9623664737992463,0.044934838451879955
2023-12-28 16:00:00,6,0.3762877032870531,1.6814689486889616,0.001098635082275065,0.3775031491606935,1.1102773142259643
2023-12-28 20:00:00,6,0.016985845968987334,1.0093661554838376,-0.00017729177495541624,0.17928521356457594,0.3762877032870531
2023-12-29 00:00:00,6,-1.8252488385781298,0.32581124282750007,-0.0008018822088969531,0.17033754056619088,0.016985845968987334
2023-12-29 04:00:00,6,-0.713517134723169,0.9488679604220507,-0.004004320876017029,1.131828053202387,-1.8252488385781298
2023-12-29 08:00:00,6,1.2601554782951858,1.5675498413750848,-0.002071748101357952,1.507689109042925,-0.713517134723169
2023-12-29 12:00:00,6,0.4616536902594035,1.6932696663598672,0.001359174975481036,0.8438741205226687,1.2601554782951858
2023-12-29 16:00:00,6,2.2224134578471286,1.7135577322523476,-2.889627473480808e-05,0.6006877483819348,0.4616536902594035
2023-12-29 20:00:00,6,-0.817598434286527,-0.7210596192115655,0.0030319109126070564,-0.5700180807145578,2.2224134578471286
2023-12-30 00:00:00,6,-0.20868541897289283,-0.22167164626540362,-0.002252677263663755,-0.13932988023604853,-0.817598434286527
2024-01-02 04:00:00,6,-2.3020580677496465,-1.39398438834764,-0.0011941766277187545,-0.02940018395186783,-0.20868541897289283
2024-01-02 08:00:00,6,1.6244817304664618,1.3489510264649482,-0.004833179612174175,1.183260218781573,-2.3020580677496465
2024-01-02 12:00:00,6,1.6490705663690477,1.2000746155335513,0.001992499538951111,0.32752825567506605,1.6244817304664618
2024-01-02 16:00:00,6,-0.006611507151717433,-0.23208094366472545,0.00203524340841271,-0.5411564248568199,1.6490705663690477
2024-01-02 20:00:00,6,0.5343713268485288,-0.280053306112216,-0.0008429025396448832,-0.5376736660864845,-0.006611507151717433
2024-01-03 00:00:00,6,-3.790169097280982,-2.0679866846781088,9.751203423254194e-05,-0.8191656742610647,0.5343713268485288
2024-01-03 04:00:00,6,-0.2537151973513936,0.9790733749114816,-0.007420029345225724,1.1773903850000984,-3.790169097280982
2024-01-03 08:00:00,6,1.6922898328524987,2.0371456269177783,-0.0012724538986119626,1.3110405208111793,-0.2537151973513936
2024-01-03 12:00:00,6,0.6706135316393063,0.9460702341650752,0.0021103733857777782,0.41958912825151984,1.6922898328524987
2024-01-03 16:00:00,6,0.820928924737574,-0.11993471089318805,0.0003343479316214441,0.0663285017065185,0.6706135316393063
2024-01-03 20:00:00,6,0.771735154443089,-0.9493698773330941,0.0005956478795374638,-0.36611410885757856,0.820928924737574
2024-01-04 00:00:00,6,-2.948682516058625,-0.5459858969544676,0.0005101321558927264,-0.7726428043328157,0.771735154443089
2024-01-04 04:00:00,6,-0.8516099498860683,0.12925921230571827,-0.005957235713028082,0.7806414405568649,-2.948682516058625
2024-01-04 08:00:00,6,2.065653844342725,1.1504576361859695,-0.0023118009972450198,1.2292459650335932,-0.8516099498860683
2024-01-04 12:00:00,6,0.525467951803174,0.6579324457826883,0.002759408689117158,0.14111675670427992,2.065653844342725
2024-01-04 16:00:00,6,1.327455404363148,-0.4103644255932205,8.203490053601417e-05,-0.1356852001985942,0.525467951803174
2024-01-04 20:00:00,6,-1.022802513255698,-1.1437421716779967,0.001476165436762763,-0.8349519249686148,1.327455404363148
2024-01-05 00:00:00,6,-1.2941360461386662,-1.7654940694183567,-0.0026093926608137035,-0.2961679016559948,-1.022802513255698
2024-01-05 04:00:00,6,-1.0956944347010484,-0.3626905634881503,-0.0030810638353276744,0.38554710844211115,-1.2941360461386662
2024-01-05 08:00:00,6,2.023598128501959,0.6316270236454985,-0.0027361039369151272,0.962728576221604,-1.0956944347010484
2024-01-05 12:00:00,6,0.2994057003286912,0.057971334055387604,0.0026863013636978716,-0.10324684631786507,2.023598128501959
2024-01-05 16:00:00,6,1.562036909292523,-0.45587710480615096,-0.0003109391876030751,-0.260965473066582,0.2994057003286912
2024-01-05 20:00:00,6,-0.5608405415535778,-0.7824579946118693,0.0018839489229160093,-1.0838032346521729,1.562036909292523
2024-01-06 00:00:00,6,-1.6730630200214236,-1.898708029995044,-0.0018063435741108402,-0.7883679776021904,-0.5608405415535778
2024-01-08 04:00:00,6,-1.4837464194587682,-0.859724447830811,-0.0037397694841550706,0.09295526271072418,-1.6730630200214236
2024-01-08 08:00:00,6,1.9902272696188223,0.7633584616986938,-0.0034106719988807573,0.874551763590496,-1.4837464194587682
2024-01-08 12:00:00,6,-0.27185374709827137,-0.2604444915976132,0.0026282913122430886,-0.17384481515710348,1.9902272696188223
2024-01-08 16:00:00,6,0.41440138451663344,-0.21402547106006978,-0.0013039849481368295,-0.030639793937527138,-0.27185374709827137
2024-01-08 20:00:00,6,-0.16544625294021031,-0.8901191496475093,-0.00011103706401129868,-0.24893496071951748,0.41440138451663344
2024-01-09 00:00:00,6,-2.7095214037735147,-1.1152055873333684,-0.0011190120580802623,-0.16178245899425114,-0.16544625294021031
2024-01-09 04:00:00,6,0.10785293391443318,1.2363512849896168,-0.005541491291278924,1.2655183388204616,-2.7095214037735147
2024-01-09 08:00:00,6,1.7989834651825891,1.081758170619348,-0.0006439238996511184,1.2087044017139537,0.10785293391443318
2024-01-09 12:00:00,6,0.03137195190994291,0.8102988967430391,0.002295843682572983,0.2610497599995174,1.7989834651825891
2024-01-09 16:00:00,6,1.057908938086623,0.8502530383693927,-0.0007768741996997277,0.24452388501373257,0.03137195190994291
2024-01-09 20:00:00,6,0.04923887004192373,-0.3097160094797049,0.0010076007997867058,-0.3127532301415341,1.057908938086623
2024-01-10 00:00:00,6,-2.2195447098891847,-1.4652376712224546,-0.0007458153395186264,-0.33869090252768164,0.04923887004192373
2024-01-10 04:00:00,6,-0.06398347776202584,0.06214647073804073,-0.004689742964290619,0.8305037496342411,-2.2195447098891847
2024-01-10 08:00:00,6,1.4675905650428849,0.23546385050076427,-0.0009426347934301794,0.8642084728113737,-0.06398347776202584
2024-01-10 12:00:00,6,-0.03713020004970069,0.4735562631365789,0.0017197686328963753,0.09112242837791484,1.4675905650428849
2024-01-10 16:00:00,6,1.006120500663556,-0.034022058694564726,-0.0008959545438364615,0.1106815889293511,-0.03713020004970069
2024-01-10 20:00:00,6,0.017373921440411166,-0.7431415426445129,0.0009175746506187843,-0.41931481238893475,1.006120500663556
2024-01-11 00:00:00,6,-2.213336619015516,-1.9173648717887783,-0.0008012076000070688,-0.4284669127925458,0.017373921440411166
2024-01-11 04:00:00,6,-1.3538141328203146,-1.0470907163775274,-0.004678951163208165,0.737457489116121,-2.213336619015516
2024-01-11 08:00:00,6,2.2974560435109286,0.7515443006175629,-0.0031848049134716016,1.4506092616676067,-1.3538141328203146
2024-01-11 12:00:00,6,1.8952986888517618,0.12509291454972907,0.0031623607841821883,0.24037307778637107,2.2974560435109286
2024-01-11 16:00:00,6,1.4508584105319358,-0.726548109246298,0.002463272728990217,-0.7580177549739302,1.8952986888517618
2024-01-11 20:00:00,6,-1.819085875548236,-2.875673057998346,0.0016906823828981763,-1.5222897640396003,1.4508584105319358
2024-01-12 00:00:00,6,-1.5693999854331402,-1.4379981563274722,-0.003993607522676917,-0.5640457295589991,-1.819085875548236
2024-01-12 04:00:00,6,-0.7223008062369765,-0.7756842435693657,-0.0035595674104990016,0.26267069651517616,-1.5693999854331402
2024-01-12 08:00:00,6,2.0345782388180993,-0.18099987572683363,-0.0020870171490699778,0.6431587471238434,-0.7223008062369765
2024-01-12 12:00:00,6,-0.024238455162782557,-1.0200205857839635,0.002705388578883105,-0.42860069328405537,2.0345782388180993
2024-01-12 16:00:00,6,0.9389534751184794,-0.6995589881679094,-0.0008735442490684724,-0.41583254672376047,-0.024238455162782557
2024-01-12 20:00:00,6,-1.6719548127344392,-1.2603920500556174,0.0008008152162398395,-0.9104472201052181,0.9389534751184794
2024-01-13 00:00:00,6,-1.2554042352385917,-0.8865802199726803,-0.0037378430380313535,-0.029707752683948208,-1.6719548127344392
2024-01-15 04:00:00,7,-0.12428075364665148,-0.10833394391196906,0.01351133429656396,0.5044524097399847,-1.2554042352385917
2024-01-15 08:00:00,7,1.7432581373547595,0.2503539504008272,-0.0012036314694526921,0.581161961358653,-0.12428075364665148
2024-01-15 12:00:00,7,-1.0882205930866498,-0.09106016300825355,-0.02549874274157844,-0.4948256404889708,1.7432581373547595
2024-01-15 16:00:00,7,-1.373647810163055,0.540541588756204,0.011336415633005262,0.17685449749292204,-1.0882205930866498
2024-01-15 20:00:00,7,1.3534209728304933,1.1700169610239288,0.015049583820494008,1.0247082842438395,-1.373647810163055
2024-01-16 04:00:00,7,-0.9240005803864886,0.6104051745335012,-0.020427288896219198,0.18933906631727737,1.3534209728304933
2024-01-16 08:00:00,7,2.3521789696313125,0.5451530140397268,0.00920005129763073,0.759658026712037,-0.9240005803864886
2024-01-16 12:00:00,7,-0.2808455676759749,-0.2416929488830748,-0.03342029096065812,-0.6921725165776973,2.3521789696313125
2024-01-16 16:00:00,7,1.187695368891264,0.15008966288655112,0.0008331451655454879,-0.5188267897585188,-0.2808455676759749
2024-01-16 20:00:00,7,-0.5933641882364622,-1.2299475234237127,-0.018271338084300724,-1.2519055371424326,1.187695368891264
2024-01-17 00:00:00,7,-2.113863212739206,-1.0561230602392075,0.00489874974155351,-0.8856645908121266,-0.5933641882364622
2024-01-17 04:00:00,7,1.0945846803120531,0.11207591318989828,0.02467916404373947,0.41907081249452993,-2.113863212739206
2024-01-17 08:00:00,7,0.2655617189689732,-0.02845619530097161,-0.017060046287082423,-0.2565374178363271,1.0945846803120531
2024-01-17 12:00:00,7,0.04828460265391854,0.07309241456755504,-0.0062751543686189615,-0.42044952644093314,0.2655617189689732
2024-01-17 16:00:00,7,0.6232116991877934,0.015513362681342947,-0.003448561710658152,-0.4502521315184538,0.04828460265391854
2024-01-17 20:00:00,7,0.3011036829395479,-0.3291111059597448,-0.010927880000067803,-0.8349157950823489,0.6232116991877934
2024-01-18 00:00:00,7,-2.443384195508145,-0.9197756208308316,-0.006737525446220443,-1.020765396338323,0.3011036829395479
2024-01-18 04:00:00,7,0.15757754342986274,0.5802465203550984,0.02896595506129025,0.48735955921561924,-2.443384195508145
2024-01-18 08:00:00,7,0.14797187955571545,0.6405919916769292,-0.004870371007483878,0.3900982991492157,0.15757754342986274
2024-01-18 12:00:00,7,1.5707259867772425,0.9063295960398103,-0.00474540939421332,0.2987659230585251,0.14797187955571545
2024-01-18 16:00:00,7,0.17836696501648674,-0.207906285704764,-0.023254244478919897,-0.6707300175924313,1.5707259867772425
2024-01-18 20:00:00,7,0.2951349619997803,-0.5811037688555204,-0.0051408239084455975,-0.780823089194639,0.17836696501648674
2024-01-19 00:00:00,7,-1.6840078947447576,-1.4208984906162099,-0.006659877403610651,-0.9629886292135179,0.2951349619997803
2024-01-19 04:00:00,7,-1.0389010463003086,-0.23329161302558515,0.019087107657706097,0.07642806836655858,-1.6840078947447576
2024-01-19 08:00:00,7,2.0713765039094802,0.36816154991725414,0.010694809783275161,0.7176668048521861,-1.0389010463003086
2024-01-19 12:00:00,7,-0.20605989233143163,-0.15671106146463942,-0.029767286901106232,-0.5608446153480635,2.0713765039094802
2024-01-19 16:00:00,7,0.9687362278710943,-0.37420815677252217,-0.0001397536119908012,-0.4336586956981403,-0.20605989233143163
2024-01-19 20:00:00,7,-1.0036809128712179,-1.0462789345873564,-0.015422863698698183,-1.0315897469374047,0.9687362278710943
2024-01-20 00:00:00,7,-0.4599419616719924,-1.11658283897041,0.010236625450514066,-0.4120898603060059,-1.0036809128712179
2024-01-22 04:00:00,7,-1.7040205149348981,-0.20660687792140958,0.0031630387177148554,-0.12820083794957426,-0.4599419616719924
2024-01-22 08:00:00,7,0.5425345318623336,0.5734744728888177,0.019347455025415017,0.9235682076526661,-1.7040205149348981
2024-01-22 12:00:00,7,1.0851301025441948,0.783204397753346,-0.009878337863764054,0.5887007446251431,0.5425345318623336
2024-01-22 16:00:00,7,1.0785632763890725,0.026940659828706987,-0.01693705017706411,-0.08107185629379288,1.0851301025441948
2024-01-22 20:00:00,7,-0.3144608441571908,-0.6870017986697998,-0.01685162128832067,-0.746791228734974,1.0785632763890725
2024-01-23 00:00:00,7,-1.8069453566854587,-0.7222155891472108,0.0012704516583256662,-0.5526972145844926,-0.3144608441571908
2024-01-23 04:00:00,7,-0.2972667889156604,0.5076853160105625,0.020686420706421505,0.5625999174626948,-1.8069453566854587
2024-01-23 08:00:00,7,0.6938509324494895,0.9129092594473183,0.001046771451543969,0.7460812805840842,-0.2972667889156604
2024-01-23 12:00:00,7,0.2456921971085695,0.5213755481590164,-0.0118468370512649,0.3178171096914557,0.6938509324494895
2024-01-23 16:00:00,7,0.7842484523570015,0.4821693609410911,-0.006016668589903214,0.16616902482396156,0.2456921971085695
2024-01-23 20:00:00,7,-0.6259650184580146,0.09728100119589737,-0.013022832804531141,-0.31789101965388866,0.7842484523570015
2024-01-24 00:00:00,7,-0.7247111186338007,-0.07280527025326057,0.0053228591411556715,0.06847206944843087,-0.6259650184580146
2024-01-24 04:00:00,7,-1.701384627436635,0.14193955972384098,0.006607462906581292,0.5157840090068149,-0.7247111186338007
2024-01-24 08:00:00,7,1.6990399855378548,1.492854236807167,0.01931316434457315,1.5659261112394969,-1.701384627436635
2024-01-24 12:00:00,7,0.8499032408778397,1.0886572518951394,-0.024923501752587097,0.5172311874595064,1.6990399855378548
2024-01-24 16:00:00,7,1.7763370649592503,0.5220540744803595,-0.013876946419164532,-0.007352825865289958,0.8499032408778397
2024-01-24 20:00:00,7,0.26933108333276046,-0.6082336249187046,-0.025929071786283238,-1.1037576655402717,1.7763370649592503
2024-01-25 00:00:00,7,-1.7391136315898734,-1.4274367558783867,-0.006324190630773744,-1.2699963310875209,0.26933108333276046
2024-01-25 04:00:00,7,-0.8962246292413543,-0.49330329393726396,0.019803986976704737,-0.19656683393090368,-1.7391136315898734
2024-01-25 08:00:00,7,-0.19142124437594532,0.13455001831537153,0.008838709519415705,0.3566080337897546,-0.8962246292413543
2024-01-25 12:00:00,7,1.9841477930841496,0.5952752457843452,-0.000330190117846543,0.47475857114579867,-0.19142124437594532
2024-01-25 16:00:00,7,0.03555956281879169,-0.27865437920657155,-0.02863251469055852,-0.7499128529219075,1.9841477930841496
2024-01-25 20:00:00,7,0.39735939195888825,-0.3341372447744054,-0.0032830196380264735,-0.7718612080738296,0.03555956281879169
2024-01-26 00:00:00,7,-1.7339296060272336,-1.0404485370791867,-0.007989731315918963,-1.0171225208213777,0.39735939195888825
2024-01-26 04:00:00,7,0.17766288730242863,-0.07503601201829237,0.019736547161400896,0.05310725099707092,-1.7339296060272336
2024-01-26 08:00:00,7,-0.20625637905383876,-0.022924744275111347,-0.005131664449175599,-0.0565512441790581,0.17766288730242863
2024-01-26 12:00:00,7,1.4236434034502157,0.4915427786795328,-0.00013719748488288507,0.0707559525627115,-0.20625637905383876
2024-01-26 16:00:00,7,0.24226418215264545,-0.9051375523733904,-0.021340823695374284,-0.8079565104629829,1.4236434034502157
2024-01-26 20:00:00,7,-0.8849567767947857,-0.8673682253492189,-0.0059720729966344565,-0.9574887287743525,0.24226418215264545
2024-01-27 00:00:00,7,-0.7592882891989579,-0.5717519127883657,0.008692124229917136,-0.4112686942319588,-0.8849567767947857
2024-01-29 04:00:00,7,-1.6923386756660648,0.08008658945212134,0.007057282832904384,0.0573852405466706,-0.7592882891989579
2024-01-29 08:00:00,7,0.9992688559287046,0.9160803597813632,0.019195484115322105,1.1019439287436015,-1.6923386756660648
2024-01-29 12:00:00,7,-0.16490983938436088,0.7236309495112256,-0.015820067526508327,0.48516728686125354,0.9992688559287046
2024-01-29 16:00:00,7,0.9886061984765124,1.0497903950300838,-0.0006750812134775188,0.5869542447408858,-0.16490983938436088
2024-01-29 20:00:00,7,1.5124736922012527,-0.026823196286480108,-0.015681355315209387,-0.023241107213445744,0.9886061984765124
2024-01-30 00:00:00,7,-1.8675933673365037,-0.7239293059110374,-0.02249643108858057,-0.956782104990566,1.5124736922012527
2024-01-30 04:00:00,7,-1.346770994494264,-0.02497997502595593,0.021475400349255134,0.19594867279096384,-1.8675933673365037
2024-01-30 08:00:00,7,1.5825016020513427,0.8824819099705827,0.014699939039086781,1.0272133383916184,-1.346770994494264
2024-01-30 12:00:00,7,-0.5749551943226283,0.5208995671256712,-0.023407435336020924,0.050449159166261026,1.5825016020513427
2024-01-30 16:00:00,7,1.4816293206195468,0.8028851872333883,0.004659264203822804,0.40532756039247175,-0.5749551943226283
2024-01-30 20:00:00,7,-0.16199257444430692,-0.013947762374172345,-0.022095171739547947,-0.5091754299332365,1.4816293206195468
2024-01-31 00:00:00,7,-0.6532260290693284,-0.629646630054908,-0.0007130323783343202,-0.40918908943753607,-0.16199257444430692
2024-01-31 04:00:00,7,-2.2394662812839243,-0.07844451090947015,0.00567750197584241,-0.005999743338005459,-0.6532260290693284
2024-01-31 08:00:00,7,2.3486752818163463,1.0888681278172088,0.026313154393883167,1.3762613812672821,-2.2394662812839243
2024-01-31 12:00:00,7,-0.18042560523098494,0.4427039543743253,-0.033374710927097616,-0.07340658806460532,2.3486752818163463
2024-01-31 16:00:00,7,1.310134918748572,0.3258671146625008,-0.0004732341410913325,0.03795713376432275,-0.18042560523098494
2024-01-31 20:00:00,7,1.882564986538096,-0.3865710979992994,-0.019864173715315188,-0.7706947228449259,1.310134918748572
2024-02-01 00:00:00,7,-3.4695356937533557,-2.019198365892408,-0.027311007759558106,-1.93266640207146,1.882564986538096
2024-02-01 04:00:00,7,-0.8087612034935425,-0.21834394355946776,0.04231532355479335,0.20882791288477165,-3.4695356937533557
2024-02-01 08:00:00,7,1.1815773966724343,0.3016542354889537,0.007700883865008603,0.7080179118684509,-0.8087612034935425
2024-02-01 12:00:00,7,0.2176409649096982,0.3761489888155236,-0.0181917484079987,-0.021284652221174483,1.1815773966724343
2024-02-01 16:00:00,7,2.2723823965951357,0.1391869870314989,-0.005651745636557714,-0.15561873326113762,0.2176409649096982
2024-02-01 20:00:00,7,-1.0010775188594874,-1.5924224667330196,-0.032382204615902715,-1.5581966033999297,2.2723823965951357
2024-02-02 00:00:00,7,-0.7506716739518424,-1.3844816682825143,0.01020275748262063,-0.9403036042508397,-1.0010775188594874
2024-02-02 04:00:00,7,-2.4344160289628753,-0.8723631666086864,0.006945187910958469,-0.47696808501671306,-0.7506716739518424
2024-02-02 08:00:00,7,1.1664943659574902,0.8710796829138043,0.028849286752440497,1.0256214677146414,-2.4344160289628753
2024-02-02 12:00:00,7,2.356831645956367,0.7550166113187431,-0.01799553085595406,0.30562857136716204,1.1664943659574902
2024-02-02 16:00:00,7,0.5449781599025965,-0.4768737108284159,-0.03348081836898951,-1.1490737336736832,2.356831645956367
2024-02-02 20:00:00,7,-0.9111624040513213,-1.747627321615391,-0.009910127410654852,-1.4854494721645537,0.5449781599025965
2024-02-03 00:00:00,7,-1.6047428073981393,-1.2467797813988277,0.009033037414226775,-0.9230545927024867,-0.9111624040513213
2024-02-05 04:00:00,7,-1.1794899677791513,-0.16420463883425082,0.01805593549504863,0.06743747953567159,-1.6047428073981393
2024-02-05 08:00:00,7,1.4323768042666298,0.3751179581475755,0.012523753484214695,0.795451624222121,-1.1794899677791513
2024-02-05 12:00:00,7,-0.11889077139732152,0.05426678196399588,-0.021454437899416416,-0.08865133766261657,1.4323768042666298
2024-02-05 16:00:00,7,2.190002605427983,0.15443087419721535,-0.0012737506081400992,-0.015268633600364012,-0.11889077139732152
2024-02-05 20:00:00,7,-0.25173250432322547,-1.377975089477931,-0.0313105127745043,-1.3669993962229068,2.190002605427983
2024-02-06 00:00:00,7,-3.1300279639991864,-1.7105150868240406,0.00045440868137608826,-1.2116230650704534,-0.25173250432322547
2024-02-06 04:00:00,7,-0.09624018555906488,-0.09069674351429692,0.03789861335300397,0.7203175985250905,-3.1300279639991864
2024-02-06 08:00:00,7,0.9523027881256638,0.5077404847603746,-0.0015684156916737544,0.7797197285035011,-0.09624018555906488
2024-02-06 12:00:00,7,0.6712441402479641,0.4949547800523638,-0.015209078460209831,0.19193185516938982,0.9523027881256638
2024-02-06 16:00:00,7,1.3434840970661135,0.133864168644762,-0.011552741686135784,-0.2223787722948991,0.6712441402479641
2024-02-06 20:00:00,7,0.13695328982582744,-1.1139073695329895,-0.020298018494646224,-1.0516146730181948,1.3434840970661135
2024-02-07 00:00:00,7,-1.7874863203087283,-1.31790749020602,-0.004602066803148999,-1.1361460678398707,0.13695328982582744
2024-02-07 04:00:00,7,-1.7976737537243999,-0.9286415295879563,0.020433274998827966,-0.032859596426703774,-1.7874863203087283
2024-02-07 08:00:00,7,0.5989112647486792,0.668779360561715,0.02056580494484606,1.0767148433687854,-1.7976737537243999
2024-02-07 12:00:00,7,1.5539372811692989,0.8697069249907582,-0.010611751772964216,0.7070500865162455,0.5989112647486792
2024-02-07 16:00:00,7,1.2782069791118609,0.004470486188868294,-0.023035837530167552,-0.25208339621862486,1.5539372811692989
2024-02-07 20:00:00,7,-1.8286336585051526,-0.6963738783585969,-0.019448818056645254,-1.0410284369149014,1.2782069791118609
2024-02-08 00:00:00,7,-0.023852363524122566,-0.025614626919008576,0.020968567283690568,0.08765532064864878,-1.8286336585051526
2024-02-08 04:00:00,7,-2.2427709645147385,-0.25318702716550523,-0.002510120413090681,0.10237766547915328,-0.023852363524122566
2024-02-08 08:00:00,7,1.26335083570358,1.3142213882441904,0.026356145545070764,1.4866785328558603,-2.2427709645147385
2024-02-08 12:00:00,7,1.1298704189850124,0.9769142378534665,-0.01925555211775747,0.7069031187203603,1.26335083570358
2024-02-08 16:00:00,7,0.6245941419321959,0.35979050947763186,-0.017519084088923866,0.009515545146769,1.1298704189850124
2024-02-08 20:00:00,7,-1.1473956637583083,-0.16127344076021005,-0.010945864418204655,-0.3760014006828847,0.6245941419321959
2024-02-09 00:00:00,7,-0.633279877960188,0.0967622489606844,0.01210623356473944,0.3322032433470792,-1.1473956637583083
2024-02-09 04:00:00,7,-1.154027621631034,0.5781926627152435,0.005418019315008852,0.7230812679973493,-0.633279877960188
2024-02-09 08:00:00,7,2.0689901936063233,0.6752853384679243,0.012192509762384526,1.435379341619937,-1.154027621631034
2024-02-09 12:00:00,7,0.6338323736960643,0.437637074487344,-0.029736243009798602,0.15834081877512496,2.0689901936063233
2024-02-09 16:00:00,7,0.4488846523809986,0.00821680978936518,-0.011066046048553739,-0.23287822167145045,0.6338323736960643
2024-02-09 20:00:00,7,-0.5929258677589253,-0.32473479254558685,-0.008660031646108703,-0.5099423639645355,0.4488846523809986
2024-02-10 00:00:00,7,-1.7896730672718544,-0.5357953291508357,0.004893047560556947,-0.14397196127280942,-0.5929258677589253
2024-02-12 04:00:00,8,-1.1448044097484278,0.5189298969601973,0.042917779476586065,1.0010235547003319,-1.7896730672718544
2024-02-12 08:00:00,8,1.4237171940175024,1.355040586338741,0.02698559154560317,1.7085595614142992,-1.1448044097484278
2024-02-12 12:00:00,8,-0.8537294472183135,1.3399837025394428,-0.036472553641894584,0.8286440321174471,1.4237171940175024
2024-02-12 16:00:00,8,2.70781725717222,1.8373364327737816,0.019794265139938753,1.3562837920234276,-0.8537294472183135
2024-02-12 20:00:00,8,0.7636720813902453,-0.24043889810645916,-0.06819765500895048,-0.31725816216228075,2.70781725717222
2024-02-13 00:00:00,8,-1.767891823733331,-1.042030778144773,-0.020165414731329358,-0.7892387819998099,0.7636720813902453
2024-02-13 04:00:00,8,-0.971833743017946,-0.14470598368587406,0.04237964994993333,0.3033907629382906,-1.767891823733331
2024-02-13 08:00:00,8,1.2565043920900258,0.5134573208739477,0.02271216138777707,0.9040238141997783,-0.971833743017946
2024-02-13 12:00:00,8,3.2428401754022538,0.5121097179916689,-0.03234137785331473,0.12745264411378798,1.2565043920900258
2024-02-13 16:00:00,8,-1.0599189453961344,-1.1389209195896774,-0.08141598339439249,-1.8767553835439106,3.2428401754022538
2024-02-13 20:00:00,8,0.47188920932359046,-1.6361948114246727,0.024888402986519953,-1.2216820699891002,-1.0599189453961344
2024-02-14 00:00:00,8,-3.7508060837062356,-3.1166771918194467,-0.012956598643630128,-1.5133289259350828,0.47188920932359046
2024-02-14 04:00:00,8,-0.32662594846426884,-0.05827533246768805,0.0913697230017726,0.8048228350344164,-3.7508060837062356
2024-02-14 08:00:00,8,1.8998945460002012,0.2768076164027768,0.006771594704257098,1.0066910470168935,-0.32662594846426884
2024-02-14 12:00:00,8,0.44207343584017167,-0.49378237692445326,-0.048237037729866476,-0.1675215859952619,1.8998945460002012
2024-02-14 16:00:00,8,1.1566506718445417,-0.42553355575714014,-0.012219967236748352,-0.44074107292702003,0.44207343584017167
2024-02-14 20:00:00,8,-0.418368871028596,-1.278314391284533,-0.029874382104647795,-1.1555985547389156,1.1566506718445417
2024-02-15 00:00:00,8,-2.53656873972683,-1.7296803739609485,0.00903820429456638,-0.897029459598853,-0.418368871028596
2024-02-15 04:00:00,8,-0.7605155372547969,-0.12272341573501054,0.06137065678665787,0.670673897917208,-2.53656873972683
2024-02-15 08:00:00,8,1.6690786836277098,0.6083903828562865,0.017491313191515805,1.1407036442137244,-0.7605155372547969
2024-02-15 12:00:00,8,0.4494941516059061,-0.03919414137667039,-0.042534478528287005,0.10914466640993759,1.6690786836277098
2024-02-15 16:00:00,8,0.850935822641194,0.5900931370114334,-0.012403304164016823,-0.16866112675469047,0.4494941516059061
2024-02-15 20:00:00,8,-0.17660965699386288,-0.5879188222523654,-0.022321361231365723,-0.6945743122688164,0.850935822641194
2024-02-16 00:00:00,8,-1.590358548921305,-1.3607266388199848,0.003065277579783131,-0.5854223118113584,-0.17660965699386288
2024-02-16 04:00:00,8,-1.0371231797015064,-0.16959609838913142,0.03799349555196544,0.3974843990340968,-1.590358548921305
2024-02-16 08:00:00,8,1.1685724989751591,0.3791532631010015,0.02432520857655706,1.0384689958681967,-1.0371231797015064
2024-02-16 12:00:00,8,2.111409345420528,0.15537074100235482,-0.030168923928179957,0.3162433366725459,1.1685724989751591
2024-02-16 16:00:00,8,0.18552327841383587,-0.31177868352197435,-0.05346274298819092,-0.9886941042355275,2.111409345420528
2024-02-16 20:00:00,8,0.1340836729602266,-0.7683476309903947,-0.005881614032334565,-1.1033550877569436,0.18552327841383587
2024-02-17 00:00:00,8,-1.0069735044233443,-1.369744652823417,-0.004610742124355779,-1.1862242885776038,0.1340836729602266
2024-02-19 04:00:00,8,-2.937164615006843,-0.820916406366709,0.023580327759377115,-0.5638734257406686,-1.0069735044233443
2024-02-19 08:00:00,8,0.9079334080129122,0.8368430353819274,0.07126781754160726,1.251414587711503,-2.937164615006843
2024-02-19 12:00:00,8,0.021190000518345187,0.5683049319871426,-0.023729549133134645,0.6902745602994607,0.9079334080129122
2024-02-19 16:00:00,8,-0.5417507869968468,0.9304008453162191,-0.001821580045258241,0.6771782722162314,0.021190000518345187
2024-02-19 20:00:00,8,2.3625522415572533,0.626547357431433,0.012086489940887311,1.012002444102615,-0.5417507869968468
2024-02-20 04:00:00,8,-1.7552542159069446,-0.3971570656220942,-0.05966750386794614,-0.44815159130321014,2.3625522415572533
2024-02-20 08:00:00,8,1.5824624200044521,0.29466119899302323,0.042067423978738985,0.6366673944688355,-1.7552542159069446
2024-02-20 12:00:00,8,-0.5641912285337725,0.03694430004563456,-0.04039452867365297,-0.34135918534746246,1.5824624200044521
2024-02-20 16:00:00,8,1.5330226945912795,0.15460722094390475,0.012640905677563964,0.007334098379102372,-0.5641912285337725
2024-02-20 20:00:00,8,-0.033303407350146585,-0.5567298384777374,-0.03917306599695242,-0.9401367064995725,1.5330226945912795
2024-02-21 00:00:00,8,-1.537566224022095,-1.5604190406540261,-0.0004752605970549873,-0.9195538369317742,-0.033303407350146585
2024-02-21 04:00:00,8,-2.198111184454378,-0.4532446346044995,0.03668920322546613,0.03072505519961588,-1.537566224022095
2024-02-21 08:00:00,8,2.3078015900856457,1.3556800059088479,0.0530086914246402,1.389247783203368,-2.198111184454378
2024-02-21 12:00:00,8,0.010167871522424932,0.14564511606816713,-0.05831482893420165,-0.03706810747018707,2.3078015900856457
2024-02-21 16:00:00,8,1.3950775196860032,0.3572841626745505,-0.0015492662515673794,-0.04335226846091622,0.010167871522424932
2024-02-21 20:00:00,8,1.161370450110299,-0.8286011312218563,-0.03576497905533621,-0.9055673061824869,1.3950775196860032
2024-02-22 00:00:00,8,-0.7784320499381643,-3.453897422464718,-0.0299909894066857,-1.6233418042447516,1.161370450110299
2024-02-22 04:00:00,8,-3.4126213802860885,-2.535346116065247,0.017933960300828722,-1.1422389194013505,-0.7784320499381643
2024-02-22 08:00:00,8,2.4130767689833164,0.10307182009155462,0.08301449874422251,0.9669008456742656,-3.4126213802860885
2024-02-22 12:00:00,8,-0.5901032041590089,-0.024540775596457502,-0.06091576776895127,-0.5244794167374494,2.4130767689833164
2024-02-22 16:00:00,8,1.3927968042672365,-0.139305775097477,0.013281089473919918,-0.15977147093950173,-0.5901032041590089
2024-02-22 20:00:00,8,-0.514894859523146,-1.2281023222849603,-0.03570863147781798,-1.0205769331334942,1.3927968042672365
2024-02-23 00:00:00,8,-1.3417225721572272,-1.4417503237863705,0.011422984778122747,-0.7023508242171133,-0.514894859523146
2024-02-23 04:00:00,8,-1.9782634373812797,-0.41425239145662085,0.03185067086666915,0.12688867096506584,-1.3417225721572272
2024-02-23 08:00:00,8,0.9925845569839105,0.7034442111380664,0.047577111549098564,1.3495364881765504,-1.9782634373812797
2024-02-23 12:00:00,8,0.3460203287380814,0.7059887320522792,-0.025820948673560558,0.7360785841065631,0.9925845569839105
2024-02-23 16:00:00,8,2.6772413780280786,0.7632479687074241,-0.009846869806982609,0.5222238508853696,0.3460203287380814
2024-02-23 20:00:00,8,-1.5914458096571522,-1.2820803885203194,-0.06744224435750044,-1.1324209578602993,2.6772413780280786
2024-02-24 00:00:00,8,-0.1794229699625003,-0.6297821186930845,0.03802035752171913,-0.14884227535510242,-1.5914458096571522
2024-02-26 04:00:00,8,-1.3866350405153813,-0.6786542066122416,0.003134783564299636,-0.03795153227356174,-0.1794229699625003
2024-02-26 08:00:00,8,-0.07211035273350319,0.08875430034935866,0.03296028268913618,0.8190457075881454,-1.3866350405153813
2024-02-26 12:00:00,8,1.2987556610171183,0.9770321305802632,0.00048350757947492203,0.8636128586065528,-0.07211035273350319
2024-02-26 16:00:00,8,-0.13767600309291517,0.5347535229868368,-0.0333852418231565,0.06092867406961311,1.2987556610171183
2024-02-26 20:00:00,8,0.7681837938419012,-0.03239350392744106,0.002103378930262845,0.14601808202368183,-0.13767600309291517
2024-02-27 00:00:00,8,-1.3406600966931315,-0.7653710643628412,-0.020276881539076523,-0.3287509608704866,0.7681837938419012
2024-02-27 04:00:00,8,0.04352423965281815,-0.29740375872553565,0.03182442124425605,0.4998318809648872,-1.3406600966931315
2024-02-27 08:00:00,8,0.6954326397706954,-0.16288043864980004,-0.002373371935024584,0.47293211847534167,0.04352423965281815
2024-02-27 12:00:00,8,0.07779647086055697,0.26062642678771186,-0.01847948443295925,0.04312626806807529,0.6954326397706954
2024-02-27 16:00:00,8,1.0439427767772802,-0.1454027371848033,-0.0032201050209723302,-0.004955136808076688,0.07779647086055697
2024-02-27 20:00:00,8,-1.2619250062528753,-0.474707353550247,-0.027089809859481923,-0.650154523907922,1.0439427767772802
2024-02-28 00:00:00,8,-1.555462135097578,-0.04501121906087364,0.029879184422738604,0.1297668077131391,-1.2619250062528753
2024-02-28 04:00:00,8,0.3690604898830827,0.5858521318757762,0.03713134134944588,1.0911061057540756,-1.555462135097578
2024-02-28 08:00:00,8,1.366046258203248,0.7237418385035466,-0.010416102274772307,0.8630116094154747,0.3690604898830827
2024-02-28 12:00:00,8,0.053307685849134145,0.01538747203183736,-0.035047729878437024,0.018739080164754895,1.366046258203248
2024-02-28 16:00:00,8,0.2820071734495819,0.26945609296099526,-0.0026150827106900974,-0.014207252721181618,0.053307685849134145
2024-02-28 20:00:00,8,1.1840377988994515,-0.45466942818778067,-0.00826535455079338,-0.18849923453758421,0.2820071734495819
2024-02-29 00:00:00,8,-2.1644267215317416,-1.5809528356795512,-0.03055101113606056,-0.9202830824141053,1.1840377988994515
2024-02-29 04:00:00,8,-0.6693020483984462,-0.053946573497996926,0.052176479799254806,0.41742126807324276,-2.1644267215317416
2024-02-29 08:00:00,8,1.9947760763947322,0.186593000722204,0.015237783842018461,0.831077342924825,-0.6693020483984462
2024-02-29 12:00:00,8,1.9518032831399843,-0.1319078456030944,-0.05058119007126014,-0.4017759614147671,1.9947760763947322
2024-02-29 16:00:00,8,-0.5298711629983899,-2.7670211421530606,-0.04951950005102677,-1.608070319721394,1.9518032831399843
2024-02-29 20:00:00,8,-1.5148274671119832,-2.5107424830025216,0.011792990792053345,-1.2805882419548063,-0.5298711629983899
2024-03-01 00:00:00,8,-0.28688012973298704,-1.5739412485084718,0.03612741728009216,-0.34436283278069624,-1.5148274671119832
2024-03-01 04:00:00,8,-2.4445038875367366,-1.2759833577262625,0.0057896306312480795,-0.16705916442614566,-0.28688012973298704
2024-03-01 08:00:00,8,2.1978548704845657,0.3566645356240145,0.05909609357162453,1.343744344240097,-2.4445038875367366
2024-03-01 12:00:00,8,0.9858689626978201,0.2524489392322609,-0.05559847455933292,-0.014619971233862827,2.1978548704845657
2024-03-01 16:00:00,8,-0.9414252613740111,-0.43034472216716413,-0.025655032546321364,-0.6239273630212008,0.9858689626978201
2024-03-01 20:00:00,8,0.3966192847695833,0.7586243620899186,0.0219608864752893,-0.04208799868944091,-0.9414252613740111
2024-03-02 00:00:00,8,-1.2223298627438801,-0.5566643602879907,-0.011096972548370908,-0.28721495884265025,0.3966192847695833
2024-03-04 04:00:00,8,-1.8231407312231838,-0.02049426464312786,0.028900942946463053,0.46823495260823833,-1.2223298627438801
2024-03-04 08:00:00,8,0.6869078162447018,1.0502356987023875,0.043744634845447265,1.59501058490223,-1.8231407312231838
2024-03-04 12:00:00,8,1.5085228584681456,1.2914397502494923,-0.01826886931170929,1.1704734245385744,0.6869078162447018
2024-03-04 16:00:00,8,0.4647192661667372,0.6564445238420427,-0.03856777065682671,0.238144521689712,1.5085228584681456
2024-03-04 20:00:00,8,1.1652394771256507,0.24044138912956636,-0.012779457328888372,-0.049071015765209225,0.4647192661667372
2024-03-05 00:00:00,8,-2.461175208701638,-1.5313788805112352,-0.030086577965378204,-0.7692367309655257,1.1652394771256507
2024-03-05 04:00:00,8,-0.7659788066181612,-0.05845739752464071,0.059507976857869266,0.7518703368966957,-2.461175208701638
2024-03-05 08:00:00,8,1.1256524101100993,0.5191493525300196,0.017626289257105625,1.225276607388997,-0.7659788066181612
2024-03-05 12:00:00,8,0.7991545203296511,0.6833859053706902,-0.029108536027737178,0.5295773207551591,1.1256524101100993
2024-03-05 16:00:00,8,1.3015514234701264,0.3361092881265172,-0.021042047327497516,0.035667100592998935,0.7991545203296511
2024-03-05 20:00:00,8,0.7071167601111039,-0.23301722706594746,-0.033454314202922594,-0.7687449796306449,1.3015514234701264
2024-03-06 00:00:00,8,-2.67170109433072,-2.0896482990295584,-0.0187681534493548,-1.2057720948908592,0.7071167601111039
2024-03-06 04:00:00,8,-0.7844511397928251,-0.4379337036571779,0.06470924991564272,0.44544859164676076,-2.67170109433072
2024-03-06 08:00:00,8,0.726206247479702,0.2038207682537041,0.018082668521672042,0.9302715205112673,-0.7844511397928251
2024-03-06 12:00:00,8,0.7862056094792393,0.47259867864447547,-0.019239780185612454,0.481446320313589,0.726206247479702
2024-03-06 16:00:00,8,1.3140448850112616,0.26594511985157376,-0.02072213027343786,-0.004460942665335921,0.7862056094792393
2024-03-06 20:00:00,8,0.4883875666450095,-0.5387210549442901,-0.03376297888193847,-0.8165944937477363,1.3140448850112616
2024-03-07 00:00:00,8,-1.8995807310493493,-1.1320095303788253,-0.013364208668292875,-1.1184380101512907,0.4883875666450095
2024-03-07 04:00:00,8,-0.5363700869458405,-0.11514265369268337,0.04563316893446915,0.055580672370036055,-1.8995807310493493
2024-03-07 08:00:00,8,1.51842309652546,0.40735804231146927,0.011953553840779568,0.387079351277011,-0.5363700869458405
2024-03-07 12:00:00,8,-0.49257981176061527,-0.49129718295720237,-0.03881236690359789,-0.5513683041211443,1.51842309652546
2024-03-07 16:00:00,8,0.46311348331709823,0.41078702343352164,0.010871667032262874,-0.24693380855730318,-0.49257981176061527
2024-03-07 20:00:00,8,0.0565727435862442,0.19550290249598262,-0.012739784701232612,-0.533156906451886,0.46311348331709823
2024-03-08 00:00:00,8,-1.2209892035159218,-1.179305064810421,-0.002695749545504065,-0.5681211787284575,0.0565727435862442
2024-03-08 04:00:00,8,-1.4293703770329138,-0.12931100727971495,0.028867820488855535,0.18650015041750834,-1.2209892035159218
2024-03-08 08:00:00,8,0.7298523087055813,0.9690446892412646,0.03401610608006658,1.069909578324367,-1.4293703770329138
2024-03-08 12:00:00,8,2.767533804197411,0.9343705671243626,-0.019329860129769873,0.6188309629773165,0.7298523087055813
2024-03-08 16:00:00,8,0.8824662853202536,-0.1977198443241127,-0.06967301784244369,-1.0916182627537871,2.767533804197411
2024-03-08 20:00:00,8,-0.548162865347539,-2.2667122206314376,-0.02310035591670654,-1.637018565424186,0.8824662853202536
2024-03-09 00:00:00,8,-1.072975482271751,-2.2261190112249443,0.012244907373832103,-1.2982314665326697,-0.548162865347539
2024-03-11 04:00:00,9,-1.33423786495635,-1.3030370354551024,0.02780498154916445,-0.55815454685915,-1.072975482271751
2024-03-11 08:00:00,9,1.218758386695347,-0.40005547598266983,0.03327204440738831,0.23485643345405371,-1.33423786495635
2024-03-11 12:00:00,9,0.5057166045284873,-1.0389629315381703,-0.020150843500050565,-0.48951873860706563,1.218758386695347
2024-03-11 16:00:00,9,0.6974444223643399,-1.4031118662092896,-0.0052300416471783,-0.7900939440116286,0.5057166045284873
2024-03-11 20:00:00,9,-0.706498478216723,-1.4854991828382635,-0.009242054478907287,-1.2046235414842759,0.6974444223643399
2024-03-12 00:00:00,9,-1.222455133893165,-1.7355211414336542,0.020136243337888438,-0.7847126204141723,-0.706498478216723
2024-03-12 04:00:00,9,-2.0967290728441643,-0.937322552417115,0.030932927650866478,-0.058140268077849555,-1.222455133893165
2024-03-12 08:00:00,9,1.6392461715687663,0.8258808986501099,0.04922760341106668,1.1880611935796193,-2.0967290728441643
2024-03-12 12:00:00,9,2.1705360920691756,-0.07512809082122353,-0.028949787792744597,0.2137669933974493,1.6392461715687663
2024-03-12 16:00:00,9,0.9994228539880705,-0.51767135135418,-0.04006732932884465,-1.0763020410571205,2.1705360920691756
2024-03-12 20:00:00,9,-1.4075630776914032,-2.355092736834371,-0.01556112364818694,-1.670314036972428,0.9994228539880705
2024-03-13 00:00:00,9,-2.0028024574701337,-2.2527472590185256,0.034806415880985084,-0.8337218479707715,-1.4075630776914032
2024-03-13 04:00:00,9,-1.189950945723293,-0.9500448288541373,0.04726213595634339,0.3566538578064318,-2.0028024574701337
2024-03-13 08:00:00,9,1.3334248863039893,0.28963421950210677,0.030252759162566527,1.063907182552633,-1.189950945723293
2024-03-13 12:00:00,9,-0.0022587798801279035,-0.61419979083051,-0.022550304741471384,0.2713794001871239,1.3334248863039893
2024-03-13 16:00:00,9,1.3588960852162106,-0.1735606485240781,0.005399630058544976,0.27272191736048335,-0.0022587798801279035
2024-03-13 20:00:00,9,0.41480999178754985,-0.591759889630633,-0.0230833039589498,-0.5349448000852366,1.3588960852162106
2024-03-14 00:00:00,9,-2.7552168409489344,-1.1540707845844558,-0.0033277694525512685,-0.7814892033516792,0.41480999178754985
2024-03-14 04:00:00,9,-0.21434847953235092,0.35979998508144495,0.06300683172020409,0.856087772540727,-2.7552168409489344
2024-03-14 08:00:00,9,0.7391534933937365,0.4339556490475788,0.009837726762961482,0.9834868685693472,-0.21434847953235092
2024-03-14 12:00:00,9,0.18213300883871852,0.13076456526758024,-0.010114840337831004,0.54416727511944,0.7391534933937365
2024-03-14 16:00:00,9,3.418227417154103,1.00775992699715,0.0015411277777813413,0.4359156059979732,0.18213300883871852
2024-03-14 20:00:00,9,-0.36017095571928337,-2.1961169452719704,-0.06617597471364393,-1.5957250378534313,3.418227417154103
2024-03-15 00:00:00,9,-2.975598402103074,-2.628773319685396,0.012889144403970414,-1.38165562026526,-0.36017095571928337
2024-03-15 04:00:00,9,-0.39713297066111153,-0.8410055116396172,0.06761844030787319,0.3869062440372186,-2.975598402103074
2024-03-15 08:00:00,9,1.1635738476610964,-0.7530849674109384,0.013662595434222753,0.622944220960445,-0.39713297066111153
2024-03-15 12:00:00,9,0.38222427655550817,-0.7123928183415313,-0.018996075865298605,-0.06863174299311758,1.1635738476610964
2024-03-15 16:00:00,9,1.8546489867056337,-0.15181020917214744,-0.0026458949644477953,-0.29580866265032313,0.38222427655550817
2024-03-15 20:00:00,9,-1.3691284509193604,-1.7160184591267198,-0.0334572133091584,-1.39812860852627,1.8546489867056337
2024-03-16 00:00:00,9,-0.6712811344556044,-1.6554998202725935,0.03400214961679504,-0.584380233101637,-1.3691284509193604
2024-03-18 04:00:00,9,-1.8385437699009053,-0.7759228106497471,0.01939930053707909,-0.18540091728240604,-0.6712811344556044
2024-03-18 08:00:00,9,1.6620149798514934,0.8023917194866508,0.04382493018365309,0.9073468120481127,-1.8385437699009053
2024-03-18 12:00:00,9,0.24343563059948004,-0.7002653120085977,-0.029426237960615838,-0.08048014376263524,1.6620149798514934
2024-03-18 16:00:00,9,0.8056538897068357,-0.38651818960137013,0.000258335807899481,-0.22516733420687451,0.24343563059948004
2024-03-18 20:00:00,9,-0.019393216141278202,-0.9661540256047357,-0.011506398674721053,-0.704011772406405,0.8056538897068357
2024-03-19 00:00:00,9,-2.3430177453485186,-1.359038447502608,0.00575817781087496,-0.6924853169312986,-0.019393216141278202
2024-03-19 04:00:00,9,0.7214251887392802,-0.10078379275377165,0.0543813329300817,0.7000990549646726,-2.3430177453485186
2024-03-19 08:00:00,9,0.4868649495749864,0.008801315986748659,-0.00974386555409162,0.27131636848058704,0.7214251887392802
2024-03-19 12:00:00,9,0.9350198008584396,0.0072556560392385006,-0.004835560124223055,-0.018054261062465216,0.4868649495749864
2024-03-19 16:00:00,9,0.5687034147293577,-0.42290090789653295,-0.014213453401505158,-0.573787978689543,0.9350198008584396
2024-03-19 20:00:00,9,-0.8837222943393677,-1.2999977625690056,-0.006548076211009418,-0.9117997112802296,0.5687034147293577
2024-03-20 00:00:00,9,-1.785484034491967,-1.8117527799269495,0.023844751745264,-0.3865549244508433,-0.8837222943393677
2024-03-20 04:00:00,9,-0.8660022465441344,-0.2596688877730195,0.042714625264358284,0.6746564844851264,-1.785484034491967
2024-03-20 08:00:00,9,0.9151302295008428,0.5198620346084412,0.023473949740965422,1.189369271854467,-0.8660022465441344
2024-03-20 12:00:00,9,0.8477545461765263,1.045491112681877,-0.013797252891819151,0.645457020919773,0.9151302295008428
2024-03-20 16:00:00,9,1.3254291783079637,0.25614179701386186,-0.012387378680059782,0.14158984596861401,0.8477545461765263
2024-03-20 20:00:00,9,0.9135081884680556,-0.569579736330095,-0.02238299003752854,-0.6461856471666447,1.3254291783079637
2024-03-21 00:00:00,9,-3.4630409148632744,-0.8529919518624199,-0.013763310767454575,-1.1891338298618574,0.9135081884680556
2024-03-21 04:00:00,9,-0.3889730816883521,1.3264075352286908,0.07781845008213792,0.8691419415653776,-3.4630409148632744
2024-03-21 08:00:00,9,1.5162662720485187,0.6270913807152463,0.013491845150650326,1.1003300474697308,-0.3889730816883521
2024-03-21 12:00:00,9,-0.21382330499383428,0.4444666596282206,-0.026376363964688537,0.19912956860880549,1.5162662720485187
2024-03-21 16:00:00,9,0.5547938659545295,0.6106848800312102,0.009826737189245946,0.32621652451116745,-0.21382330499383428
2024-03-21 20:00:00,9,0.7792336209187063,0.6932885806351894,-0.006257011050001074,-0.0035279978620952335,0.5547938659545295
2024-03-22 00:00:00,9,-2.5534714476650464,-1.345716093452707,-0.010953539634274171,-0.4666694165310723,0.7792336209187063
2024-03-22 04:00:00,9,1.184513109711851,0.24993523530073797,0.05878519546661599,1.050999170981905,-2.5534714476650464
2024-03-22 08:00:00,9,0.0058879830766294106,0.6488260878824198,-0.01943424174536139,0.3469778513972095,1.184513109711851
2024-03-22 12:00:00,9,0.9497749469920649,0.6316291208809787,0.0052291544442679295,0.34347829906527316,0.0058879830766294106
2024-03-22 16:00:00,9,-0.10905415744746705,-0.1989434408508134,-0.014522213164644084,-0.2210252138190203,0.9497749469920649
2024-03-22 20:00:00,9,0.4281958162960571,-0.427660778972232,0.007634383627462845,-0.15620832728321687,-0.10905415744746705
2024-03-23 00:00:00,9,-2.363214282618877,-0.8214240384848445,-0.0036078753876085494,-0.41070866261739525,0.4281958162960571
2024-03-25 04:00:00,9,0.2916878789450408,0.4735206567732528,0.05480395687479557,0.9938796227038793,-2.363214282618877
2024-03-25 08:00:00,9,0.9858055975736981,1.5097820656089647,-0.0007513697304377051,0.8205134659614668,0.2916878789450408
2024-03-25 12:00:00,9,-0.19051004216304435,0.7717187365524816,-0.015276174869840233,0.23459495483021797,0.9858055975736981
2024-03-25 16:00:00,9,0.22300218093366908,0.7281879782227839,0.009338894002574526,0.34782555580717833,-0.19051004216304435
2024-03-25 20:00:00,9,0.3008774364323621,0.773653180571161,0.0006859172782415065,0.21528308886109393,0.22300218093366908
2024-03-26 00:00:00,9,-1.2340908077473358,-0.5753618707840792,-0.0009436664089958954,0.036455072443528636,0.3008774364323621
2024-03-26 04:00:00,9,-0.29482988409098,0.16089070545931367,0.031176410695401585,0.7699431460107142,-1.2340908077473358
2024-03-26 08:00:00,9,0.7523837627305916,1.0925073674979373,0.011521845590628082,0.9451767693019146,-0.29482988409098
2024-03-26 12:00:00,9,0.9060296804203141,0.903022626559935,-0.010391691193099893,0.49799369878229527,0.7523837627305916
2024-03-26 16:00:00,9,-0.8818685820949419,1.132150772183294,-0.013606818764424452,-0.04050959507114271,0.9060296804203141
2024-03-26 20:00:00,9,1.5672375887750682,1.4647042696424617,0.023805961770001584,0.4836334285698509,-0.8818685820949419
2024-03-27 00:00:00,9,-3.001456234879033,-0.43191540692861236,-0.027442967543998657,-0.44786210854629793,1.5672375887750682
2024-03-27 04:00:00,9,0.1801905198579341,1.5638973190510035,0.06815953005723166,1.33606848861635,-3.001456234879033
2024-03-27 08:00:00,9,0.973563534206189,1.9649173181649786,0.0015817754563726212,1.2289713475826858,0.1801905198579341
2024-03-27 12:00:00,9,0.6484319571767152,1.4342989915931064,-0.015020002782390013,0.6503289683369928,0.973563534206189
2024-03-27 16:00:00,9,1.205677302886917,1.3357114839192548,-0.008216440973955321,0.2649301758631051,0.6484319571767152
2024-03-27 20:00:00,9,0.7779830599957833,-0.20609103405855456,-0.019877114436189447,-0.451670188296859,1.205677302886917
2024-03-28 00:00:00,9,-2.402129034562508,-1.6994744601279281,-0.010927370940934525,-0.9140683297965424,0.7779830599957833
2024-03-28 04:00:00,9,-1.9627299607257847,0.9377828254939035,0.05561827002926471,0.5136491339103824,-2.402129034562508
2024-03-28 08:00:00,9,1.6053530816848038,2.147527635732209,0.046423596338292815,1.6802075498613256,-1.9627299607257847
2024-03-28 12:00:00,9,1.1069105402110182,1.608433932489984,-0.02824055575194695,0.7260578779830382,1.6053530816848038
2024-03-28 16:00:00,9,-0.403911936585871,1.3801762805769089,-0.017810364166579176,0.06816003557660011,1.1069105402110182
2024-03-28 20:00:00,9,1.6034333155956677,1.2605634500891525,0.013804449123389932,0.3082271249652262,-0.403911936585871
2024-03-29 00:00:00,9,0.9036138825290987,-0.2952339049631802,-0.02820038356269204,-0.6447815242901065,1.6034333155956677
2024-04-01 04:00:00,9,-4.249411707298037,-0.7508515834450059,-0.013556266829667036,-1.181848976526192,0.9036138825290987
2024-04-01 08:00:00,9,1.0994911079532557,1.9471300555380628,0.09427370287412581,1.3438102273287846,-4.249411707298037
2024-04-01 12:00:00,9,0.9502202260072625,0.591746297072831,-0.017655108357806697,0.6903221617714603,1.0994911079532557
2024-04-01 16:00:00,9,1.2799771971331158,0.7144896504703103,-0.014531530879427665,0.1255539950667135,0.9502202260072625
2024-04-01 20:00:00,9,-1.5791830880375297,0.1711805360641182,-0.02143188167068156,-0.6352068846361618,1.2799771971331158
2024-04-02 00:00:00,9,-0.36533998657196953,0.11485881334180051,0.03839766148875398,0.3033885199993094,-1.5791830880375297
2024-04-02 04:00:00,9,-0.2315228225623045,0.9627958170332379,0.012997309292835602,0.5205301770519881,-0.36533998657196953
2024-04-02 08:00:00,9,1.2852533756661018,0.6163715659850025,0.010197109586958783,0.6581369301709454,-0.2315228225623045
2024-04-02 12:00:00,9,0.4405636842805567,0.202947582257617,-0.02154228868524924,-0.10575987275869814,1.2852533756661018
2024-04-02 16:00:00,9,0.7515763404635791,0.13554789546790164,-0.0038666800076946374,-0.3676111125847772,0.4405636842805567
2024-04-02 20:00:00,9,-1.7960893302005587,-0.19138107076350036,-0.010374795426317364,-0.814314287622258,0.7515763404635791
2024-04-03 00:00:00,9,-0.843489472511715,0.6362164612746678,0.04293654706447796,0.2532004321155341,-1.7960893302005587
2024-04-03 04:00:00,9,-0.4771961018275306,1.3040053759086494,0.02300285723433078,0.7545326390996809,-0.843489472511715
2024-04-03 08:00:00,9,1.4911172544816047,1.567607397409816,0.015337961655013319,1.0381565403927748,-0.4771961018275306
2024-04-03 12:00:00,9,1.0453508796064863,0.9439456396017916,-0.02585010657375416,0.15190350651033846,1.4911172544816047
2024-04-03 16:00:00,9,0.804865864589905,0.0225936513373491,-0.016522193513775346,-0.4694060422447688,1.0453508796064863
2024-04-03 20:00:00,9,-0.3490360531014858,-0.2908301939545476,-0.011489908804255005,-0.9477821137557925,0.804865864589905
2024-04-04 00:00:00,9,-1.811373132622844,-0.723782710134372,0.01265614028027615,-0.7403307814974962,-0.3490360531014858
2024-04-04 04:00:00,9,-1.739744637119525,0.29679843643285686,0.04325636925891986,0.3362679430194646,-1.811373132622844
2024-04-04 08:00:00,9,1.0101225330191603,1.264750262195215,0.04175750255131047,1.3702939112615873,-1.739744637119525
2024-04-04 12:00:00,9,1.912074277185253,1.195434261053481,-0.015785020472615756,0.7699225073424021,1.0101225330191603
2024-04-04 16:00:00,9,-0.7213213980778139,0.0953023079661499,-0.0346588699329627,-0.36652844852365973,1.912074277185253
2024-04-04 20:00:00,9,2.579168750616722,0.6542564667210171,0.020446421304537506,0.06219254945917818,-0.7213213980778139
2024-04-05 00:00:00,9,-0.9305291790954886,-1.3600521635154559,-0.04861819841013721,-1.4707493592061542,2.579168750616722
2024-04-05 04:00:00,9,-1.9287282454783305,-0.9956017630743687,0.0248242122344852,-0.9176846651917216,-0.9305291790954886
2024-04-05 08:00:00,9,-0.6532841335023161,0.7790238124200716,0.04571209125043763,0.22866466042464673,-1.9287282454783305
2024-04-05 12:00:00,9,2.2011049092230355,1.2608319565961186,0.019022703131589137,0.6169473682825011,-0.6532841335023161
2024-04-05 16:00:00,9,1.3605437930235365,0.3705110808546156,-0.040706999085984755,-0.6912903962725228,2.2011049092230355
2024-04-05 20:00:00,9,-0.5895719355550835,-1.5016019244057757,-0.023117783175062252,-1.4999364371341617,1.3605437930235365
2024-04-06 00:00:00,9,-1.6762113046873655,-1.7967018381274387,0.017689489419634215,-1.1495213943149523,-0.5895719355550835
2024-04-08 04:00:00,10,-0.6728354721150023,0.4230064158649214,0.0052649429608627426,-0.18766662917392374,-1.6762113046873655
2024-04-08 08:00:00,10,1.5624141463805845,0.883463439874772,0.00131016679185757,0.21211998697669543,-0.6728354721150023
2024-04-08 12:00:00,10,-0.9302361405198312,-0.6278558003371328,-0.007500003471403898,-0.7162381191199891,1.5624141463805845
2024-04-08 16:00:00,10,0.9379686011536226,0.33351541065576185,0.002324703913689239,-0.16350870122766104,-0.9302361405198312
2024-04-08 20:00:00,10,-0.6743427728803582,-0.2005646661240028,-0.005038769823017287,-0.7208326067762112,0.9379686011536226
2024-04-09 00:00:00,10,-2.5567790581842527,-0.3032151777511371,0.0013161077732454414,-0.3201503798894212,-0.6743427728803582
2024-04-09 04:00:00,10,-0.006494355519453876,0.9053284974830512,0.008735674718270064,1.1990412951617682,-2.5567790581842527
2024-04-09 08:00:00,10,1.590226708591759,1.1130987527706466,-0.0013161970120068416,1.2029001232479875,-0.006494355519453876
2024-04-09 12:00:00,10,1.3663768700860146,1.062810921148111,-0.007609625862796103,0.258016297872663,1.590226708591759
2024-04-09 16:00:00,10,1.9282468894783449,-0.031661922177896866,-0.006727328344737905,-0.5538600194698837,1.3663768700860146
2024-04-09 20:00:00,10,-0.4413080093031265,-1.7618537353155044,-0.008941922408733368,-1.69958929653116,1.9282468894783449
2024-04-10 00:00:00,10,-4.4812630698734885,-3.0659447205865837,0.00039760814466431875,-1.4373720933196932,-0.4413080093031265
2024-04-10 04:00:00,10,0.4668522760838769,-0.22618457133779848,0.016320971533271004,1.2253130251593785,-4.4812630698734885
2024-04-10 08:00:00,10,0.8949081436172612,0.6402899736782184,-0.003181878761132204,0.9479178826127228,0.4668522760838769
2024-04-10 12:00:00,10,5.27397160311677,0.6618837991289257,-0.004869048303160988,0.4161797187823435,0.8949081436172612
2024-04-10 16:00:00,10,-1.9628337098566178,-7.174548347408206,-0.022128997416935386,-2.717518411396094,5.27397160311677
2024-04-10 20:00:00,10,0.2803933350913095,-4.003115765360211,0.006394656693911575,-1.5512382739008785,-1.9628337098566178
2024-04-11 00:00:00,10,-2.9081224600632023,-3.4799820545655447,-0.002446956359777509,-1.7178429005490132,0.2803933350913095
2024-04-11 04:00:00,10,-0.721288052258231,-1.9447873102305113,0.010120484345711304,0.010110642098874578,-2.9081224600632023
2024-04-11 08:00:00,10,1.391045676113741,-0.42242059768977397,0.001501141203495529,0.438686901278178,-0.721288052258231
2024-04-11 12:00:00,10,1.631224491868819,0.7132189436925311,-0.006824559714110385,-0.3878471725219761,1.391045676113741
2024-04-11 16:00:00,10,0.35904644260177143,-1.6362794679483605,-0.0077712174130634476,-1.3570911360370008,1.631224491868819
2024-04-11 20:00:00,10,-0.7394042792833009,-1.681037876085928,-0.0027569652568456412,-1.5704300105132045,0.35904644260177143
2024-04-12 00:00:00,10,-2.6003120494707606,-1.4757506999217402,0.0015725457765231202,-1.131089418298659,-0.7394042792833009
2024-04-12 04:00:00,10,-0.6200777682952676,0.19138741454865768,0.008907258715927268,0.41396876944194183,-2.6003120494707606
2024-04-12 08:00:00,10,0.9168564590008561,0.9741332568051906,0.001102223862573719,0.7824077162735392,-0.6200777682952676
2024-04-12 12:00:00,10,2.324425520944759,1.6433102503477401,-0.004955556939118782,0.23762826211131838,0.9168564590008561
2024-04-12 16:00:00,10,0.13118858268230227,-0.5793428785637588,-0.010503448767581025,-1.1435031615806412,2.324425520944759
2024-04-12 20:00:00,10,-0.5641972712371128,-0.15147060038243146,-0.0018588702409234326,-1.221453034501712,0.13118858268230227
2024-04-13 00:00:00,10,-0.39771970386078515,-0.2204704303772348,0.0008819725360979878,-0.8862172640090034,-0.5641972712371128
2024-04-15 04:00:00,10,-1.739913548452856,0.3619489540878064,0.0002258061278978265,-0.6498994401536162,-0.39771970386078515
2024-04-15 08:00:00,10,0.668343367165507,1.197840613878436,0.00551602347065542,0.3839255865561686,-1.739913548452856
2024-04-15 12:00:00,10,0.5298235597747674,0.8966730356693782,-0.003976049937483527,-0.01319190242803181,0.668343367165507
2024-04-15 16:00:00,10,2.0495029868423966,0.23944756689061297,-0.0034300782134091623,-0.3280034379337362,0.5298235597747674
2024-04-15 20:00:00,10,0.15418154464692968,-1.2845321109520464,-0.009419849730315871,-1.545780885553592,2.0495029868423966
2024-04-16 00:00:00,10,-1.995294326043556,-1.839471842982889,-0.001949496320484695,-1.63739275883,0.15418154464692968
2024-04-16 04:00:00,10,0.28224820506359904,-0.32083661561368926,0.0065225992525819515,-0.45182511281097426,-1.995294326043556
2024-04-16 08:00:00,10,-0.9394575521502517,-0.19795511079194844,-0.002454267274915068,-0.6195318695047938,0.28224820506359904
2024-04-16 12:00:00,10,1.8781644281750367,1.9506612818921902,0.0023610498349051004,-0.06132325631934421,-0.9394575521502517
2024-04-16 16:00:00,10,0.12437826486080183,-0.3578563464705284,-0.008744523868707079,-1.1772944445717695,1.8781644281750367
2024-04-16 20:00:00,10,0.5956885281383446,-0.3836664444627267,-0.0018320275746467572,-1.2511977503458827,0.12437826486080183
2024-04-17 00:00:00,10,-2.154234055180307,-1.3213602045251043,-0.003689683038242104,-1.6051450536822722,0.5956885281383446
2024-04-17 04:00:00,10,-1.47828495963992,-0.18727716788169174,0.007149055494294179,-0.3251383075906258,-2.154234055180307
2024-04-17 08:00:00,10,2.142630017770715,1.2264678342958086,0.004484822125576947,0.5532317638668793,-1.47828495963992
2024-04-17 12:00:00,10,-0.5441097839590103,0.7755151156052486,-0.009786907168465758,-0.719880073971666,2.142630017770715
2024-04-17 16:00:00,10,1.3344304720790774,0.7466134987804333,0.0008027982990835589,-0.396579923550588,-0.5441097839590103
2024-04-17 20:00:00,10,0.9491831296515603,0.20197847770709126,-0.006601412561815878,-1.1894742714716244,1.3344304720790774
2024-04-18 00:00:00,10,-3.686524264242548,-1.2394982476023038,-0.005082971555419562,-1.7534616461530117,0.9491831296515603
2024-04-18 04:00:00,10,-0.2418825292815434,1.3828621696196945,0.013188532035465775,0.4370041096518058,-3.686524264242548
2024-04-18 08:00:00,10,0.856239729457819,1.9781561534446823,-0.000388421486784767,0.5807263149978592,-0.2418825292815434
2024-04-18 12:00:00,10,1.0060141430912761,1.6080069866767235,-0.004716637892379088,0.071964220488141,0.856239729457819
2024-04-18 16:00:00,10,1.4390915198866914,0.9196332040724922,-0.005306969314101469,-0.525791110100883,1.0060141430912761
2024-04-18 20:00:00,10,-1.0588098333245597,0.4273915436398674,-0.0070139309863742165,-1.380873151566461,1.4390915198866914
2024-04-19 00:00:00,10,0.16126054407353685,0.1566832478867702,0.002831473321281544,-0.7517475808214691,-1.0588098333245597
2024-04-19 04:00:00,10,1.5902438721772185,-0.47134837663906876,-0.001977397987361576,-0.8475656669742566,0.16126054407353685
2024-04-19 08:00:00,10,-1.5037986942639083,-0.35972251758349016,-0.0076096935125605746,-1.7924596906403023,1.5902438721772185
2024-04-19 12:00:00,10,0.01680578128951815,0.13803626094617852,0.00458538375602263,-0.8989298215005714,-1.5037986942639083
2024-04-19 16:00:00,10,0.6292448112155089,0.34671283235520794,-0.001408033812132319,-0.908915511482677,0.01680578128951815
2024-04-19 20:00:00,10,-0.17354846016855596,0.25971102489176906,-0.0038219441355556967,-1.2828013487073608,0.6292448112155089
2024-04-20 00:00:00,10,-0.2361828521098861,-0.7106521798964497,-0.0006577581991972669,-1.1796820060085587,-0.17354846016855596
2024-04-22 04:00:00,10,-2.013320905970321,-0.2870692174558968,-0.00041088659578754686,-1.039346445308997,-0.2361828521098861
2024-04-22 08:00:00,10,0.6809430594964194,1.2314203470696485,0.006593650484222909,0.15693226706780727,-2.013320905970321
2024-04-22 12:00:00,10,0.5612687887933632,1.5666097901594425,-0.004025711252166922,-0.2476717302386735,0.6809430594964194
2024-04-22 16:00:00,10,0.9560991046775094,0.970971246830203,-0.003554018653585834,-0.5811674496562471,0.5612687887933632
2024-04-22 20:00:00,10,0.08768502784707266,-0.5013844407561819,-0.005110230666442735,-1.149264171076318,0.9560991046775094
2024-04-23 00:00:00,10,-1.5098239855467224,-1.541970377907745,-0.001687402266168352,-1.201365021912645,0.08768502784707266
2024-04-23 04:00:00,10,-1.3753173150070896,-0.29265812083937787,0.00460913226341442,-0.30425503413602684,-1.5098239855467224
2024-04-23 08:00:00,10,1.1474981347907267,2.1627783037891204,0.004078978199549217,0.5129335331844267,-1.3753173150070896
2024-04-23 12:00:00,10,0.45174289139788115,1.5960551490590307,-0.005864624282962161,-0.16888901535790168,1.1474981347907267
2024-04-23 16:00:00,10,0.810798674659166,0.8088383658016075,-0.003122325568255996,-0.43730643597092644,0.45174289139788115
2024-04-23 20:00:00,10,-1.211882389679925,0.10089175509653242,-0.004537533318820197,-0.9190682811103734,0.810798674659166
2024-04-24 00:00:00,10,-1.3310749908801558,-1.026455012249131,0.0034348042749989694,-0.19898977778816374,-1.211882389679925
2024-04-24 04:00:00,10,0.07048108772219308,0.10385526350321361,0.0039045983874801612,0.5919108041534162,-1.3310749908801558
2024-04-24 08:00:00,10,0.4529602112972544,0.15030690951642284,-0.0016195934449767585,0.55003222204701,0.07048108772219308
2024-04-24 12:00:00,10,0.8495604682445617,1.3443743524725755,-0.00312712359863685,0.2808914920611709,0.4529602112972544
2024-04-24 16:00:00,10,1.4099252801634012,0.972317886778098,-0.004690311781847773,-0.22390190675769617,0.8495604682445617
2024-04-24 20:00:00,10,0.6954535819645677,-0.34280193017157906,-0.006898973115103343,-1.0616538983551251,1.4099252801634012
2024-04-25 00:00:00,10,-2.2075951126267714,-1.6615224141108236,-0.004082904047322977,-1.4748797845431225,0.6954535819645677
2024-04-25 04:00:00,10,-1.1439175564555075,-0.09091041117739035,0.0073593765240534586,-0.16316686736676544,-2.2075951126267714
2024-04-25 08:00:00,10,1.5325037095537901,1.8153770642913243,0.0031669228949210287,0.516528166566383,-1.1439175564555075
2024-04-25 12:00:00,10,1.1758957395162124,0.4090456158914471,-0.0073821123692593684,-0.3940577012608433,1.5325037095537901
2024-04-25 16:00:00,10,0.15447088284896182,0.6312669261328944,-0.005976552602121752,-1.0927535907171055,1.1758957395162124
2024-04-25 20:00:00,10,1.3703414772715323,-0.1777391701301964,-0.0019506367384507584,-1.1845373834976236,0.15447088284896182
2024-04-26 00:00:00,10,-3.115502613468813,-4.407710970341566,-0.006742954726705423,-1.9987693984167008,1.3703414772715323
2024-04-26 04:00:00,10,-0.7807597649482148,-1.9396203115172206,0.010937867087042176,-0.14759433546725909,-3.115502613468813
2024-04-26 08:00:00,10,0.4369904840712806,0.343995165041968,0.0017355472001730576,0.31631893514854603,-0.7807597649482148
2024-04-26 12:00:00,10,0.5140650304874885,1.3158137641086713,-0.003064179391084154,0.05666712700633525,0.4369904840712806
2024-04-26 16:00:00,10,2.2105883019179853,0.5578804141031761,-0.003367966436285603,-0.24878097663471443,0.5140650304874885
2024-04-26 20:00:00,10,-1.9363481116398074,-1.4108565806303113,-0.010054762735549812,-1.5622723925196365,2.2105883019179853
2024-04-27 00:00:00,10,0.11417760110300179,-0.31536568638761414,0.006290264491857881,-0.41172951640057676,-1.9363481116398074
2024-04-29 04:00:00,10,-2.2996943823046276,-0.9665402993288965,-0.0017918219601324441,-0.4795717730546123,0.11417760110300179
2024-04-29 08:00:00,10,0.5418521203661477,1.5800369800984053,0.0077223830716309306,0.8868648572736593,-2.2996943823046276
2024-04-29 12:00:00,10,0.8907013643254054,1.936268063896099,-0.0034774884292325487,0.5649061695512714,0.5418521203661477
2024-04-29 16:00:00,10,0.8017747351099498,1.277079914713115,-0.004852467406998635,0.035667597564195574,0.8907013643254054
2024-04-29 20:00:00,10,0.8878165580674349,0.35182217710449104,-0.0045019657279721185,-0.44073238660589986,0.8017747351099498
2024-04-30 00:00:00,10,-3.1023354015340576,-1.4508634650809218,-0.004841097028451676,-0.9682568591140956,0.8878165580674349
2024-04-30 04:00:00,10,-1.0940700290483072,0.8714350535923577,0.010885968910624762,0.8750944856728857,-3.1023354015340576
2024-04-30 08:00:00,10,2.3393180047023954,2.49662146215934,0.0029704503398980233,1.525171024250911,-1.0940700290483072
2024-04-30 12:00:00,10,1.7126712547455423,1.095646854329344,-0.010562147051863001,0.13519075721716334,2.3393180047023954
2024-04-30 16:00:00,10,1.0396694098889494,0.0557402574799012,-0.008092237420134676,-0.8824473934006214,1.7126712547455423
2024-04-30 20:00:00,10,-0.19422807162718314,-0.8541354017245446,-0.005439620552821981,-1.500200072206729,1.0396694098889494
2024-05-01 00:00:00,10,-1.536471521979351,-1.4710224640396525,-0.0005762501222375132,-1.384793280003568,-0.19422807162718314
2024-05-01 04:00:00,10,-2.3904125783697125,-0.37099523779932136,0.0047141627401564,-0.4718498101043984,-1.536471521979351
2024-05-01 08:00:00,10,1.688860098719159,1.9731544287701304,0.008079946158409249,0.9484899245208922,-2.3904125783697125
2024-05-01 12:00:00,10,0.35572989471195093,1.521095319702519,-0.007998386452877287,-0.055000069691734765,1.688860098719159
2024-05-01 16:00:00,10,1.03649312499903,0.46841382023711453,-0.002743893181425606,-0.2663683116535651,0.35572989471195093
2024-05-01 20:00:00,10,2.490787679389939,0.013550718739640595,-0.0054271013198677436,-0.8822336996721045,1.03649312499903
2024-05-02 00:00:00,10,-4.215163444868626,-3.4197259272274882,-0.011159160294892313,-2.362214496110786,2.490787679389939
2024-05-02 04:00:00,10,-0.721540903269581,0.1812144979310401,0.015272147731274012,0.14235905862264175,-4.215163444868626
2024-05-02 08:00:00,10,1.2033368629031287,0.6253074720969134,0.0015021378082786358,0.5710855572801048,-0.721540903269581
2024-05-02 12:00:00,10,0.9823174937085177,1.4811250004436232,-0.006084710978373534,-0.1439153492522376,1.2033368629031287
2024-05-02 16:00:00,10,1.635952433572811,0.909333444277643,-0.005213569671393366,-0.7275905612038471,0.9823174937085177
2024-05-02 20:00:00,10,-0.5197749607059396,-1.1312170678611637,-0.007789852455459732,-1.6996437818010754,1.635952433572811
2024-05-03 00:00:00,10,-0.5976338017812566,-2.1959985878108457,0.0007068833129397639,-1.3908029413393654,-0.5197749607059396
2024-05-03 04:00:00,10,-3.6136521876414722,-1.627154324717747,0.00101376163234439,-1.0356997917382973,-0.5976338017812566
2024-05-03 08:00:00,10,1.2926944571571894,1.9108582955966402,0.012901308900751625,1.111466699798191,-3.6136521876414722
2024-05-03 12:00:00,10,3.3855090898783153,1.349749266937483,-0.00643691129335382,0.34337113385097595,1.2926944571571894
2024-05-03 16:00:00,10,-0.43023238008595754,-2.046040836536467,-0.014685678272733817,-1.6682368729847203,3.3855090898783153
2024-05-03 20:00:00,10,-1.9746460112045998,-1.2039836940600934,0.0003539538796692144,-1.4126006074764215,-0.43023238008595754
2024-05-04 00:00:00,10,-1.3221369322133025,-0.7354571421632989,0.006441214530323026,-0.2393018150788162,-1.9746460112045998
2024-05-06 04:00:00,11,-0.9470583205501413,0.46427100950658384,-0.021333991400354156,0.7090521839466604,-1.3221369322133025
2024-05-06 08:00:00,11,1.154085984735211,1.2541431543948383,-0.016498022834234797,1.2356332432580288,-0.9470583205501413
2024-05-06 12:00:00,11,-0.1827626721210791,1.0280799513871246,0.010592478989329048,0.5939411666547105,1.154085984735211
2024-05-06 16:00:00,11,0.8698128458952059,0.9585593488759389,-0.006643795970603222,0.6955604221955838,-0.1827626721210791
2024-05-06 20:00:00,11,0.9253496898894156,0.27880058171180416,0.006927284758374262,0.21192920344649124,0.8698128458952059
2024-05-07 00:00:00,11,-2.753069509716161,-1.0329405067872832,0.007643333137210286,-0.3025814759511203,0.9253496898894156
2024-05-07 04:00:00,11,-0.51167961934188,0.9947121123161056,-0.03978331042272066,1.2281735233207645,-2.753069509716161
2024-05-07 08:00:00,11,1.8240169879460488,1.5372075449465632,-0.010884592348116208,1.512676378250088,-0.51167961934188
2024-05-07 12:00:00,11,-0.05207741396214516,0.7256934088730637,0.019230042348729257,0.49849089793392665,1.8240169879460488
2024-05-07 16:00:00,11,1.0973056633581297,0.4937570803340683,-0.004958843054441327,0.5274468547270139,-0.05207741396214516
2024-05-07 20:00:00,11,0.3735503522945134,0.08600857770539785,0.00986039819129007,-0.08267436596384492,1.0973056633581297
2024-05-08 00:00:00,11,-2.3054212994971977,-0.4703809615443989,0.0005288665469082498,-0.2903749224650696,0.3735503522945134
2024-05-08 04:00:00,11,-0.29009776655384556,0.30505495178842507,-0.03401168653913168,0.9914798099267248,-2.3054212994971977
2024-05-08 08:00:00,11,0.7562674097454902,0.7533084819402582,-0.008027690243904151,1.1527792630871687,-0.29009776655384556
2024-05-08 12:00:00,11,1.0408377371283084,0.7397614126645873,0.005463319224291882,0.7322813010238498,0.7562674097454902
2024-05-08 16:00:00,11,0.7358622201748712,0.14430188171446226,0.00913234517053665,0.1535572390570099,1.0408377371283084
2024-05-08 20:00:00,11,-0.7157963937896028,-0.306369098757776,0.0052002307615516006,-0.25559507923085256,0.7358622201748712
2024-05-09 00:00:00,11,-1.4905075713135716,-0.7134399990432813,-0.01351631347097599,0.14240028717280495,-0.7157963937896028
2024-05-09 04:00:00,11,-0.25032187634814207,0.3996839901768592,-0.023504829973462534,0.9711486744505677,-1.4905075713135716
2024-05-09 08:00:00,11,1.0810344969066783,0.70362948003691,-0.007514851204985714,1.1103320340768708,-0.25032187634814207
2024-05-09 12:00:00,11,1.0489217520545147,0.5918836977971281,0.00965061057065128,0.5092578677018,1.0810344969066783
2024-05-09 16:00:00,11,0.4786147912233538,0.7293259850840591,0.00923657409976784,-0.0739610485427118,1.0489217520545147
2024-05-09 20:00:00,11,-1.1670089596427502,-0.4681272817011752,0.0018834847743350045,-0.3400792783240423,0.4786147912233538
2024-05-10 00:00:00,11,-1.293024308784151,-0.34030988261374073,-0.019333893352239572,0.30879819929271335,-1.1670089596427502
2024-05-10 04:00:00,11,-0.6038196356507122,0.40455048071431393,-0.020958636135076914,1.0277424242263873,-1.293024308784151
2024-05-10 08:00:00,11,0.9703524469679508,1.0246662814070502,-0.012072573237176861,1.3634767464688178,-0.6038196356507122
2024-05-10 12:00:00,11,0.5963877999027787,1.093654602547016,0.008223563285912942,0.8239437437568604,0.9703524469679508
2024-05-10 16:00:00,11,1.990289476273924,0.7214630760818226,0.0034019573030284874,0.49234165271482766,0.5963877999027787
2024-05-10 20:00:00,11,-1.44993090156866,-0.042297458686134465,0.021373829016272335,-0.6142942513378227,1.990289476273924
2024-05-11 00:00:00,11,-1.6152474494295515,-0.46209786395434277,-0.02298166631309253,0.19189279491799383,-1.44993090156866
2024-05-13 04:00:00,11,0.7705252994102167,0.7030873116092374,-0.025113127836237436,1.0899987452215747,-1.6152474494295515
2024-05-13 08:00:00,11,-0.60941959579824,0.3370401658780015,0.005647149237771127,0.6615731460948524,0.7705252994102167
2024-05-13 12:00:00,11,0.4883000610890136,1.2517264870799378,-0.012144774718154096,1.0004211445308187,-0.60941959579824
2024-05-13 16:00:00,11,1.857845570204809,0.785324407845257,0.002008359025140796,0.728917734602808,0.4883000610890136
2024-05-13 20:00:00,11,-0.7445821559452419,0.19867438932393372,0.01966620147738323,-0.304077031577048,1.857845570204809
2024-05-14 00:00:00,11,-2.401177157648405,-0.04946521390873643,-0.01388745444411544,0.10992372414645146,-0.7445821559452419
2024-05-14 04:00:00,11,-1.0642109214970183,1.3121050624951403,-0.035246287248534125,1.4450203954203662,-2.401177157648405
2024-05-14 08:00:00,11,0.7756832409964112,2.037346295342094,-0.018008496313663715,2.036740358396983,-1.0642109214970183
2024-05-14 12:00:00,11,2.3004358431054754,2.7019402721435677,0.005713651679128985,1.6054468531599522,0.7756832409964112
2024-05-14 16:00:00,11,1.6095659533298363,0.984575347026922,0.025372612295977048,0.3263641220809994,2.3004358431054754
2024-05-14 20:00:00,11,-0.48040995910925943,-0.21619255662069384,0.016465079404622156,-0.5685828166076226,1.6095659533298363
2024-05-15 00:00:00,11,-2.20133457280866,-1.2862309124470037,-0.010481425947111215,-0.3014664419533837,-0.48040995910925943
2024-05-15 04:00:00,11,-0.554715601907585,0.1625504905710324,-0.03266967416422168,0.9225142423353709,-2.20133457280866
2024-05-15 08:00:00,11,0.20320605232273437,0.9467085361344937,-0.011439464453398267,1.2309458594076528,-0.554715601907585
2024-05-15 12:00:00,11,3.4592643712432842,1.6759317981195991,-0.001667418856912442,1.1179597254297278,0.20320605232273437
2024-05-15 16:00:00,11,-0.9012856630964254,-0.4955272749010818,0.040313635754359485,-0.8054520196771762,3.4592643712432842
2024-05-15 20:00:00,11,-0.40738463320150586,0.04163537336748471,-0.01590786619573069,-0.3043213618104339,-0.9012856630964254
2024-05-16 00:00:00,11,-2.0894587268196325,-0.6099986298897319,-0.0095398948396599,-0.07780835089701199,-0.40738463320150586
2024-05-16 04:00:00,11,-0.08612268481502028,0.8077907082836918,-0.031227235012301128,1.0839673981581512,-2.0894587268196325
2024-05-16 08:00:00,11,0.4784738936519197,1.1192387583863013,-0.005397795995371428,1.1318531234789404,-0.08612268481502028
2024-05-16 12:00:00,11,0.4943219296568486,1.0741064048205955,0.0018816681518849096,0.8658132352218963,0.4784738936519197
2024-05-16 16:00:00,11,0.9501752884573396,0.9622791662745025,0.0020860002613985037,0.5909615606087275,0.4943219296568486
2024-05-16 20:00:00,11,1.0691472976559648,0.4334446519062717,0.007963414876281546,0.06264741239797722,0.9501752884573396
2024-05-17 00:00:00,11,-3.542182459901049,-0.9578389371932764,0.009497346374485186,-0.5318172624200681,1.0691472976559648
2024-05-17 04:00:00,11,-0.034418435271437176,1.26214537692424,-0.049957512052854924,1.437698396262208,-3.542182459901049
2024-05-17 08:00:00,11,1.783251903890843,1.690784568103264,-0.004731162074501242,1.4568356507604783,-0.034418435271437176
2024-05-17 12:00:00,11,-0.32366228471762426,0.9832808945373612,0.018704449422456967,0.4653162731318883,1.783251903890843
2024-05-17 16:00:00,11,1.2117082284291172,1.0829246370862344,-0.008460444737841397,0.6452781878814893,-0.32366228471762426
2024-05-17 20:00:00,11,0.523034087971789,0.6784604939660287,0.011335414871429545,-0.028452868229035033,1.2117082284291172
2024-05-18 00:00:00,11,-1.3704475255302722,-0.6853045363950617,0.0024561922445158696,-0.31926900713392214,0.523034087971789
2024-05-20 04:00:00,11,-2.34696716282226,0.5937910072875306,-0.0219568701874316,0.4427238860863909,-1.3704475255302722
2024-05-20 08:00:00,11,1.3811918471898004,1.8162892170064566,-0.03454734621911557,1.7476788481525407,-2.34696716282226
2024-05-20 12:00:00,11,0.7589778609908819,1.5304218310194582,0.013520603328762534,0.9797119233881411,1.3811918471898004
2024-05-20 16:00:00,11,1.3707003674078901,0.8512788912648545,0.005498265650494623,0.5577069028290129,0.7589778609908819
2024-05-20 20:00:00,11,-0.09308474280446966,-0.3169660713397255,0.013385334441495353,-0.20442657491589067,1.3707003674078901
2024-05-21 00:00:00,11,-2.7568439688554705,-0.24462771829361257,-0.005487559294438753,-0.1526698230790764,-0.09308474280446966
2024-05-21 04:00:00,11,-0.3026429021350481,1.0597415248403113,-0.03983197532971406,1.3801838417646923,-2.7568439688554705
2024-05-21 08:00:00,11,0.6953570464400336,1.930225395956497,-0.008189437353555084,1.5484586106371783,-0.3026429021350481
2024-05-21 12:00:00,11,0.5992984740157432,1.924161098350576,0.00467798891449371,1.1618278803339859,0.6953570464400336
2024-05-21 16:00:00,11,1.0474687031826662,1.2749992313638023,0.003439485245381955,0.8286074033652824,0.5992984740157432
2024-05-21 20:00:00,11,-0.03514086203030686,0.8183167978971586,0.009217839630643793,0.2461964078132617,1.0474687031826662
2024-05-22 00:00:00,11,-2.1785165890918066,0.1285472411133984,-0.00474047647683873,0.26573534427736867,-0.03514086203030686
2024-05-22 04:00:00,11,-0.3115319632131275,1.1623715723152024,-0.032375477031765555,1.4770288288697113,-2.1785165890918066
2024-05-22 08:00:00,11,1.8065358309704997,1.9024306503519597,-0.008304045914585247,1.650246071819252,-0.3115319632131275
2024-05-22 12:00:00,11,-0.06297676887082915,1.6827673387761903,0.019004654062102364,0.6457804218012164,1.8065358309704997
2024-05-22 16:00:00,11,0.7214351189563857,1.3229909606895525,-0.00509937076274134,0.6807966113477519,-0.06297676887082915
2024-05-22 20:00:00,11,2.2127624601090066,0.9196266346482157,0.005014219067407135,0.2796660147190284,0.7214351189563857
2024-05-23 00:00:00,11,-2.0617742880614287,-0.8344293604514514,0.02424222066320374,-0.950668775615501,2.2127624601090066
2024-05-23 04:00:00,11,0.09391515518379201,-0.5776690637233698,-0.030870293636700744,0.1957139392712186,-2.0617742880614287
2024-05-23 08:00:00,11,-1.6957342773655597,-0.07982149476427525,-0.003076529711789853,0.14349546356705645,0.09391515518379201
2024-05-23 12:00:00,11,0.9078382056635164,2.176701101218739,-0.026150861681308674,1.0863535037847356,-1.6957342773655597
2024-05-23 16:00:00,11,3.2820176840181876,0.9265530280864122,0.007417553834874074,0.581579517169077,0.9078382056635164
2024-05-23 20:00:00,11,-0.7747133515034346,-0.6796813730014245,0.038028356399003635,-1.2432799568757842,3.2820176840181876
2024-05-24 00:00:00,11,-3.061670355952476,-0.8851640235934997,-0.014275942377172716,-0.8125257272309163,-0.7747133515034346
2024-05-24 04:00:00,11,-0.2290603615481288,0.6945529163282408,-0.04376216697564212,0.8898167624725044,-3.061670355952476
2024-05-24 08:00:00,11,1.0054508226589949,1.072263773181264,-0.007240721958359188,1.017178346456257,-0.2290603615481288
2024-05-24 12:00:00,11,0.7192249358035792,0.9379283352608182,0.008676094132209683,0.45813003043100586,1.0054508226589949
2024-05-24 16:00:00,11,1.6206887730288582,0.47048094134658264,0.004985722704458192,0.05822833445245479,0.7192249358035792
2024-05-24 20:00:00,11,-1.5920781621461213,-0.7161767727160636,0.01660848829214195,-0.8429030873377341,1.6206887730288582
2024-05-25 00:00:00,11,-1.2828948562114988,-0.39471864923622557,-0.02481440127194408,0.04232033231650867,-1.5920781621461213
2024-05-27 04:00:00,11,-0.877594672448712,0.7294566294602752,-0.020828034941860023,0.7556324037172786,-1.2828948562114988
2024-05-27 08:00:00,11,0.5959595576764727,0.9573761445751606,-0.01560241319865215,1.2435904547015202,-0.877594672448712
2024-05-27 12:00:00,11,-0.45467760469141183,1.3101817574714805,0.003396435884635906,0.9122264738584889,0.5959595576764727
2024-05-27 16:00:00,11,1.377298331092856,2.1466411132979193,-0.01014965321140346,1.1650352075217736,-0.45467760469141183
2024-05-27 20:00:00,11,-0.722369657081483,0.8600474663590587,0.013470403395012612,0.39923314608868665,1.377298331092856
2024-05-28 04:00:00,11,-1.4046673507910086,0.3973907898333022,-0.013601063957055175,0.800883362328161,-0.722369657081483
2024-05-28 08:00:00,11,2.3887737242668674,1.8268366696087557,-0.0223980736955848,1.5819030793926299,-1.4046673507910086
2024-05-28 12:00:00,11,0.7452721619386082,0.525959667122872,0.026511571445366578,0.25370293491904405,2.3887737242668674
2024-05-28 16:00:00,11,-0.3528298325658703,0.2795675822884257,0.0053215551483959045,-0.16068147625527018,0.7452721619386082
2024-05-28 20:00:00,11,1.5432917054333775,0.6876491340164869,-0.008836508155372581,0.03549810736452308,-0.3528298325658703
2024-05-29 00:00:00,11,-2.7648119910401086,-1.1477246278578723,0.015610591386365592,-0.8225991855260348,1.5432917054333775
2024-05-29 04:00:00,11,-0.2777581714522306,0.5360808108161688,-0.039934708739780264,0.7146848395939269,-2.7648119910401086
2024-05-29 08:00:00,11,1.0605611360314544,1.079331801010747,-0.007868593211510204,0.8691232611588635,-0.2777581714522306
2024-05-29 12:00:00,11,0.1627193707407688,1.0612176279854442,0.009386643160735848,0.27943264300189874,1.0605611360314544
2024-05-29 16:00:00,11,1.3134254624186603,1.1259802776151207,-0.002189422280697907,0.1889578150468676,0.1627193707407688
2024-05-29 20:00:00,11,-0.005316715276695305,0.15516878057941905,0.012646876871421669,-0.5413298096109038,1.3134254624186603
2024-05-30 00:00:00,11,-1.2821610897026439,-0.4426967399867274,-0.004355947389530173,-0.538373622540151,-0.005316715276695305
2024-05-30 04:00:00,11,-1.1670112019443728,0.1023216327289167,-0.02081857433370655,0.17453046179463172,-1.2821610897026439
2024-05-30 08:00:00,11,0.7927998208059641,1.307011611088878,-0.019333922262712806,0.8234091861704727,-1.1670112019443728
2024-05-30 12:00:00,11,0.6329678894581683,1.3563684817897292,0.005934339394569309,0.3825985619426433,0.7927998208059641
2024-05-30 16:00:00,11,0.845781153680365,0.7907364656307813,0.0038735922023134415,0.030657298655556886,0.6329678894581683
2024-05-30 20:00:00,11,-0.09891883397111023,-0.2147078079680228,0.006617439023299415,-0.4396118771560058,0.845781153680365
2024-05-31 00:00:00,11,-0.48584213334558335,-0.7354587419786225,-0.005562779476599088,-0.38461126816701174,-0.09891883397111023
2024-05-31 04:00:00,11,-0.8787085197088942,-0.6709498018422326,-0.010551464128536867,-0.11447450923267333,-0.48584213334558335
2024-05-31 08:00:00,11,0.7308786037038733,0.8715427621638981,-0.015616774269025677,0.3741028603906109,-0.8787085197088942
2024-05-31 12:00:00,11,1.3091348283127804,0.4322798596211526,0.005135975931097593,-0.03227847961264452,0.7308786037038733
2024-05-31 16:00:00,11,0.5321180327579462,-0.3708866782056129,0.012591556810454319,-0.7601804363515923,1.3091348283127804
2024-05-31 20:00:00,11,0.5146096117793384,-0.4742281489227937,0.0025733134827742414,-1.0560474080979487,0.5321180327579462
2024-06-01 00:00:00,11,-2.2059760697430644,-3.0898185970148355,0.0023475736755389246,-1.3421793902816468,0.5146096117793384
2024-06-03 04:00:00,12,-1.8185780345895672,-1.4651519815045773,-0.04245852340118228,-0.1919327798186563,-2.2059760697430644
2024-06-03 08:00:00,12,1.2275134246617725,0.4296806929782076,-0.03598793340945989,0.7307990793702244,-1.8185780345895672
2024-06-03 12:00:00,12,-0.18541139910033522,0.7574646783218741,0.014889993481142845,0.10796864648583249,1.2275134246617725
2024-06-03 16:00:00,12,2.0356588442633043,0.3501186703906331,-0.00870965441089858,0.20204489823451066,-0.18541139910033522
2024-06-03 20:00:00,12,0.24771557900867158,-0.06489569142652822,0.02838819736815541,-0.8308320167587437,2.0356588442633043
2024-06-04 00:00:00,12,-2.9642202621204383,-2.1860107263051796,-0.001475267977868156,-0.9565209079810044,0.24771557900867158
2024-06-04 04:00:00,12,-0.35408889276000366,0.21021883965336557,-0.05512324246857421,0.5475005975515002,-2.9642202621204383
2024-06-04 08:00:00,12,2.045632101332851,0.31144900337499154,-0.011527022603978365,0.7271624520994733,-0.35408889276000366
2024-06-04 12:00:00,12,-0.6170839327556639,-0.0026358340096076386,0.028554777607400852,-0.31077481326803813,2.045632101332851
2024-06-04 16:00:00,12,1.4078304858460307,0.3598563581432738,-0.015919747706454115,0.0023286080408686516,-0.6170839327556639
2024-06-04 20:00:00,12,0.29964101303251844,-0.6096440774153056,0.017901773783470284,-0.7119932505318243,1.4078304858460307
2024-06-05 00:00:00,12,-2.754252039976608,-2.4141542031604666,-0.0006079734558982197,-0.8640286890920041,0.29964101303251844
2024-06-05 04:00:00,12,-0.7391079564869898,-0.11978357804797295,-0.05161620796271954,0.5334566303080832,-2.754252039976608
2024-06-05 08:00:00,12,1.254071143203717,0.3491074495410705,-0.017957877369122036,0.9084740592326837,-0.7391079564869898
2024-06-05 12:00:00,12,-0.24631342889905739,0.3420088363694293,0.015333578869314465,0.2721684536914557,1.254071143203717
2024-06-05 16:00:00,12,1.885084106985902,0.6575145237496562,-0.00972688224566302,0.3971459052323292,-0.24631342889905739
2024-06-05 20:00:00,12,-0.5262957450912324,0.10762114215109815,0.025873193935968816,-0.5593305998625322,1.885084106985902
2024-06-06 00:00:00,12,-1.3568057085455276,-1.1066958748816402,-0.014403340587261266,-0.29229237432890454,-0.5262957450912324
2024-06-06 04:00:00,12,-1.2350773492893552,-0.050272128796986434,-0.028275092557876753,0.3961399228789828,-1.3568057085455276
2024-06-06 08:00:00,12,0.8924574005939867,0.9590824173333111,-0.026241901287818586,1.0228082302464196,-1.2350773492893552
2024-06-06 12:00:00,12,-0.15897097748178268,0.5340389362056074,0.00929365596967279,0.5699825275083894,0.8924574005939867
2024-06-06 16:00:00,12,2.136555580247096,1.615688634463446,-0.008268028197089473,0.650643122115178,-0.15897097748178268
2024-06-06 20:00:00,12,0.03506218829449992,-0.38413298687922753,0.030073444454644885,-0.4334279847189695,2.136555580247096
2024-06-07 00:00:00,12,-3.1908239166070107,-1.0006693250062841,-0.005027152026830218,-0.45121825688593553,0.03506218829449992
2024-06-07 04:00:00,12,-0.21048014858624953,0.9210991735592475,-0.05890813347409406,1.1677801192709731,-3.1908239166070107
2024-06-07 08:00:00,12,1.5172233741129872,1.3399901970302281,-0.009128370007802113,1.2745760527603904,-0.21048014858624953
2024-06-07 12:00:00,12,3.5536611833518847,1.1769479850233302,0.01972892948317669,0.5047491230537053,1.5172233741129872
2024-06-07 16:00:00,12,-0.976184595263538,-0.16371994194172484,0.05374292261560244,-1.29834996220589,3.5536611833518847
2024-06-07 20:00:00,12,0.45579547465134596,-0.8769904268791926,-0.021917695403642776,-0.8030417547126882,-0.976184595263538
2024-06-08 00:00:00,12,-2.5511579813188145,-2.0032299973891488,0.0020002263923876206,-1.0343087103975641,0.45579547465134596
2024-06-10 04:00:00,12,-1.1233433944865006,1.2927886641680535,-0.04822399049107258,0.2601283181009917,-2.5511579813188145
2024-06-10 08:00:00,12,1.213355163929032,1.2234574319851612,-0.02437564347523973,0.830103716014567,-1.1233433944865006
2024-06-10 12:00:00,12,-0.05903247249021604,0.6805722472567219,0.01465351241545761,0.21445707068304198,1.213355163929032
2024-06-10 16:00:00,12,0.2921127106306862,1.0557055201905607,-0.006598786147552733,0.24440967214273446,-0.05903247249021604
2024-06-10 20:00:00,12,1.339914877458364,0.6761787152374131,-0.0007337163708220238,0.09619403363493273,0.2921127106306862
2024-06-11 00:00:00,12,-2.5794047469784296,-1.251249345764713,0.01676740030699963,-0.5836679918134475,1.339914877458364
2024-06-11 04:00:00,12,-1.1504812870991437,0.17149630880510297,-0.04869578751271522,0.7251012182563263,-2.5794047469784296
2024-06-11 08:00:00,12,2.241284047334114,1.0676978667004804,-0.024828919332114504,1.308846164481083,-1.1504812870991437
2024-06-11 12:00:00,12,0.3062258530184465,0.8438020639504736,0.03182269176487758,0.17163667628128998,2.241284047334114
2024-06-11 16:00:00,12,1.2034782670357043,0.9098794062939517,-0.0004979889029482869,0.016260142905760055,0.3062258530184465
2024-06-11 20:00:00,12,-0.502716383482186,-0.6979009666946207,0.014488541650538991,-0.5943750444294329,1.2034782670357043
2024-06-12 00:00:00,12,-2.51533077589629,-1.1736160513537188,-0.014009501777061194,-0.33930079721412554,-0.502716383482186
2024-06-12 04:00:00,12,-0.9877193465598211,0.11574383313635446,-0.0476255797202319,0.936957795583413,-2.51533077589629
2024-06-12 08:00:00,12,1.8382449093254714,1.1109906233472004,-0.02211035679973159,1.438118643054918,-0.9877193465598211
2024-06-12 12:00:00,12,3.025436208123182,0.7364943708697846,0.025090853252485994,0.5054079699002161,1.8382449093254714
2024-06-12 16:00:00,12,-0.8950430060116705,-1.0483881699654607,0.04492014364425742,-1.0296740139800677,3.025436208123182
2024-06-12 20:00:00,12,1.0799397697783082,-0.6813732375597765,-0.020562412444818396,-0.5755363958615547,-0.8950430060116705
2024-06-13 00:00:00,12,-2.502900215787479,-1.3717957563203662,0.01242511620329995,-1.1234891439021126,1.0799397697783082
2024-06-13 04:00:00,12,-2.2286345230894593,-0.8805153876921132,-0.04741795590562038,0.14646228273494177,-2.502900215787479
2024-06-13 08:00:00,12,1.4234129719057762,0.9710357947138079,-0.04283698056447946,1.2772535041339053,-2.2286345230894593
2024-06-13 12:00:00,12,1.092053750345956,0.616283221636839,0.01816204324587061,0.5550252175393107,1.4234129719057762
2024-06-13 16:00:00,12,1.55735346736191,0.5689574689511077,0.012627452287399817,0.0009259332496851513,1.092053750345956
2024-06-13 20:00:00,12,-1.476880614278743,-0.36923669126015907,0.020399210063305293,-0.7892626828123284,1.55735346736191
2024-06-14 00:00:00,12,-1.9350791206679077,-0.7547805515250582,-0.030280666703307056,-0.03990534477486385,-1.476880614278743
2024-06-14 04:00:00,12,-1.7281653686984875,0.406259014359488,-0.03793381514658489,0.9419382279121136,-1.9350791206679077
2024-06-14 08:00:00,12,3.5732636448673496,1.9298293900474508,-0.03447779851471795,1.8187954280513887,-1.7281653686984875
2024-06-14 12:00:00,12,0.7264314764459581,0.5966719886800457,0.05407033648915199,0.00575021157563782,3.5732636448673496
2024-06-14 16:00:00,12,0.8570012160006133,0.3044422497436779,0.006520576124977565,-0.362835273393987,0.7264314764459581
2024-06-14 20:00:00,12,-1.1091497006327469,-0.3258474461142023,0.008701442245399147,-0.7976707934138068,0.8570012160006133
2024-06-15 00:00:00,12,-1.547564506583866,-0.9985464975842075,-0.02413857058105409,-0.23489716153354223,-1.1091497006327469
2024-06-17 04:00:00,12,-0.8639649281029484,-0.1522273634650117,-0.031461277972913246,0.5503246146093419,-1.547564506583866
2024-06-17 08:00:00,12,1.974694391832923,0.34536339186705184,-0.02004332488724091,0.9886934661072884,-0.8639649281029484
2024-06-17 12:00:00,12,-0.5746205014450858,0.6175991100916105,0.02736992690741195,-0.013250576352831445,1.974694391832923
2024-06-17 16:00:00,12,1.3482102634686477,0.7038243643571296,-0.015210494099776555,0.2783072416465133,-0.5746205014450858
2024-06-17 20:00:00,12,0.010660207228804452,-0.5848369264562394,0.016905955583033355,-0.4057637959038338,1.3482102634686477
2024-06-18 00:00:00,12,-1.3921880283731944,-1.26503678112924,-0.005434730796297456,-0.4111726992604572,0.010660207228804452
2024-06-18 04:00:00,12,-1.365590519454324,-0.2250288912225784,-0.028866072541732655,0.29521230227797,-1.3921880283731944
2024-06-18 08:00:00,12,1.4723026008893836,0.14128770912647387,-0.028421822547157957,0.9881019418425323,-1.365590519454324
2024-06-18 12:00:00,12,-0.17216036953447222,0.14754229766098165,0.0189786316518366,0.24106745095587012,1.4723026008893836
2024-06-18 16:00:00,12,0.9924624877250032,1.308880573053128,-0.008488326547800571,0.3284202369445337,-0.17216036953447222
2024-06-18 20:00:00,12,-0.6622187403996911,0.42798687058093904,0.010964010120165284,-0.17514724218230704,0.9924624877250032
2024-06-19 00:00:00,12,-1.0642744873650756,-0.07589294092397186,-0.016673620488756792,0.16085721728903657,-0.6622187403996911
2024-06-19 04:00:00,12,-1.35032392827355,-0.6392779588442277,-0.023389033723617135,0.7008615271042631,-1.0642744873650756
2024-06-19 08:00:00,12,0.7582438469013688,1.0550549373687594,-0.028166829379567694,1.3860050211662545,-1.35032392827355
2024-06-19 12:00:00,12,-0.9226965908273321,1.4911344370104407,0.007051928344665991,1.0012781954473153,0.7582438469013688
2024-06-19 16:00:00,12,0.4141812846013586,2.3837979811642733,-0.021024301749632678,1.469447019950631,-0.9226965908273321
2024-06-19 20:00:00,12,-0.14362506093653238,1.5166620688219812,0.0013051574007640811,1.259294769394221,0.4141812846013586
2024-06-20 04:00:00,12,1.1922752545910669,0.8677129815516753,-0.008011710082383085,1.3321689694468963,-0.14362506093653238
2024-06-20 08:00:00,12,0.5326351822350937,0.5568765328535132,0.01430142118625298,0.7272181004664509,1.1922752545910669
2024-06-20 12:00:00,12,0.7526726441603913,0.9880509374311277,0.0032836563474757264,0.4569632955445835,0.5326351822350937
2024-06-20 16:00:00,12,1.6602431743382162,0.5955463145961595,0.00695887426223281,0.07506325326046248,0.7526726441603913
2024-06-20 20:00:00,12,-0.5496215155115571,-0.44712318178167626,0.022117745130083175,-0.7673307720850033,1.6602431743382162
2024-06-21 00:00:00,12,-2.0652045990817847,-1.023415734775661,-0.014792943741988585,-0.48845723836136123,-0.5496215155115571
2024-06-21 04:00:00,12,-1.17711497031312,0.0870617445085234,-0.040107260910085735,0.5594109548483095,-2.0652045990817847
2024-06-21 08:00:00,12,1.243817382953921,0.7853364851086586,-0.025273773534792057,1.156669617593141,-1.17711497031312
2024-06-21 12:00:00,12,1.3820435221626148,1.901356772419455,0.0151623134718956,0.5255666874823932,1.243817382953921
2024-06-21 16:00:00,12,0.9074325067786404,0.31147763917300886,0.01747106207616721,-0.17567107324579556,1.3820435221626148
2024-06-21 20:00:00,12,-0.7461054258501072,0.1494672777896477,0.009543780553203542,-0.6360950243451793,0.9074325067786404
2024-06-22 00:00:00,12,-0.5680215917142082,-1.1594007156423676,-0.018074753943393848,-0.25752713578000286,-0.7461054258501072
2024-06-24 04:00:00,12,-1.1563189684171409,-0.27847418499651383,-0.015100274544212785,0.030682448528634332,-0.5680215917142082
2024-06-24 08:00:00,12,0.054571700405642076,0.3699910299560209,-0.024926424324095506,0.6173893872736196,-1.1563189684171409
2024-06-24 12:00:00,12,1.2883957375572166,1.2368043058187697,-0.004701290658535656,0.5897001456702151,0.054571700405642076
2024-06-24 16:00:00,12,1.8416027951114433,0.2987414959526754,0.015906891990548244,-0.06402148280832787,1.2883957375572166
2024-06-24 20:00:00,12,-0.9709953692803222,-1.305065831956866,0.025146938983926132,-0.9984359201872204,1.8416027951114433
2024-06-25 00:00:00,12,-2.3325663732888025,-1.0257333585709734,-0.02183102136127579,-0.5057606841960212,-0.9709953692803222
2024-06-25 04:00:00,12,-0.5758471161721985,0.31042290562914415,-0.044572922228341014,0.6777647215707985,-2.3325663732888025
2024-06-25 08:00:00,12,1.6803440009409183,0.8138264549780584,-0.015230981867541847,0.9699449140111236,-0.5758471161721985
2024-06-25 12:00:00,12,0.04128928437357793,0.43644547042250287,0.022453483042097253,0.11735189101498378,1.6803440009409183
2024-06-25 16:00:00,12,1.0004479254149867,0.6041382594907992,-0.00492314276010585,0.09640204041195055,0.04128928437357793
2024-06-25 20:00:00,12,-0.3123467406463831,-0.03590360719317297,0.011097388424925806,-0.41121718553354114,1.0004479254149867
2024-06-26 00:00:00,12,-2.5820568943931104,-1.0130371621852763,-0.01082981630144168,-0.25273496303530774,-0.3123467406463831
2024-06-26 04:00:00,12,-0.18333547483207724,0.9877606938129023,-0.04874008551363618,1.0573799252887097,-2.5820568943931104
2024-06-26 08:00:00,12,1.6805180822638484,1.2166994789424115,-0.00867498088761021,1.150402869770308,-0.18333547483207724
2024-06-26 12:00:00,12,-0.13411371254985127,0.8208592246810229,0.02245639066878527,0.29772151931188784,1.6805180822638484
2024-06-26 16:00:00,12,1.9895909746090457,1.5075890377999108,-0.007852844961515193,0.3657697377386411,-0.13411371254985127
2024-06-26 20:00:00,12,-0.7109515924878824,-0.05352522230112937,0.02761873993864958,-0.6437327109372859,1.9895909746090457
2024-06-27 00:00:00,12,-1.665842892416034,-0.6845930878512274,-0.017487590298554605,-0.2830015945088977,-0.7109515924878824
2024-06-27 04:00:00,12,-0.08581329614144195,-0.05653085789480165,-0.03343684540009305,0.5622336827238135,-1.665842892416034
2024-06-27 08:00:00,12,0.24251952585717262,0.4790853861348577,-0.007046097991607501,0.6057746585772845,-0.08581329614144195
2024-06-27 12:00:00,12,0.24942514584311937,0.6921017338831109,-0.0015620560523229602,0.4827222029072695,0.24251952585717262
2024-06-27 16:00:00,12,2.036111744730947,1.3531298043887998,-0.0014467136098916238,0.3561658912314707,0.24942514584311937
2024-06-27 20:00:00,12,-0.6416522006614205,-0.6135731162156766,0.02839576202509027,-0.6769408218142097,2.036111744730947
2024-06-28 00:00:00,12,-2.5267565557180127,-1.7761885060072145,-0.016330103913764136,-0.35137165909055845,-0.6416522006614205
2024-06-28 04:00:00,12,0.5820810344883185,1.2589091319336727,-0.04781642099936427,0.9306842824360713,-2.5267565557180127
2024-06-28 08:00:00,12,0.12883551248955527,0.6475081011142068,0.004109535179295642,0.6353410500115073,0.5820810344883185
2024-06-28 12:00:00,12,0.6864618266388831,0.5717696132645083,-0.0034608850921343643,0.5699709478174215,0.12883551248955527
2024-06-28 16:00:00,12,2.6846311717997153,0.7399737430721494,0.0058529753822122235,0.2216657414919494,0.6864618266388831
2024-06-28 20:00:00,12,-1.1417590229441004,-0.745156967378942,0.03922778215282796,-1.140494509690372,2.6846311717997153
2024-06-29 00:00:00,12,-1.595649772504725,-0.8608246862714476,-0.0246832340419854,-0.5611751701028016,-1.1417590229441004
2024-07-01 04:00:00,13,-1.8555848460763933,-1.4914992261693407,-0.07261552078026712,0.06829160106208221,-1.595649772504725
2024-07-01 08:00:00,13,2.5795441626587383,1.3726115407199548,-0.08417102560286717,1.1007989222917,-1.8555848460763933
2024-07-01 12:00:00,13,-0.6711134025084569,0.7111735914644707,0.11299418932978293,-0.33454273778489885,2.5795441626587383
2024-07-01 16:00:00,13,2.7229281416314475,1.2023015580773948,-0.03151493233191594,0.03888642818963994,-0.6711134025084569
2024-07-01 20:00:00,13,-1.7587825230558067,-1.1712292323893614,0.11936837438198174,-1.4762387073499088,2.7229281416314475
2024-07-02 00:00:00,13,-1.3952448066137126,-1.196002665200002,-0.07986764439642578,-0.4975953241892661,-1.7587825230558067
2024-07-02 04:00:00,13,-0.8989440091682859,-1.074510811990205,-0.0637064477644315,0.2787639356863405,-1.3952448066137126
2024-07-02 08:00:00,13,1.9183301517787381,1.0215535181339406,-0.041643221822897904,0.7789654073702419,-0.8989440091682859
2024-07-02 12:00:00,13,-0.2717914268078072,0.7341969719030266,0.08359968867041766,-0.2884554278641094,1.9183301517787381
2024-07-02 16:00:00,13,1.2149561185149427,0.8271724658378364,-0.013762933909483804,-0.13722190242339138,-0.2717914268078072
2024-07-02 20:00:00,13,-0.600856790883677,0.7179915038689518,0.05233094943569311,-0.8132627151040497,1.2149561185149427
2024-07-03 00:00:00,13,-1.9081774302007162,-1.2366349208843754,-0.028391650031861726,-0.47892659627351897,-0.600856790883677
2024-07-03 04:00:00,13,0.528070612808726,-0.012322860880627312,-0.08650904736780628,0.5828449368651203,-1.9081774302007162
2024-07-03 08:00:00,13,-0.4841339262720368,-0.5188369927778366,0.021795213474021063,0.2890093976257724,0.528070612808726
2024-07-03 12:00:00,13,-0.24520409983527713,1.3603807942304194,-0.023202694165328316,0.5583971458543111,-0.4841339262720368
2024-07-03 16:00:00,13,2.0646466905860947,2.147160297808098,-0.012580984968043982,0.6948366241194925,-0.24520409983527713
2024-07-03 20:00:00,13,0.01456009672416414,1.0086399578844496,0.09010424169815051,-0.4539994575559021,2.0646466905860947
2024-07-04 00:00:00,13,-1.4381207182315379,0.9159445703301367,-0.0010330765429278463,-0.46210116548766145,0.01456009672416414
2024-07-04 04:00:00,13,-1.0929116497781308,0.630879111644587,-0.0656125114466631,0.3381156359837423,-1.4381207182315379
2024-07-04 08:00:00,13,0.03690740112525148,0.4647359949383153,-0.05026612128658812,0.9462469657039261,-1.0929116497781308
2024-07-04 12:00:00,13,-0.8695423402600468,1.4952193462850485,-3.961929135122642e-05,0.9257104960566576,0.03690740112525148
2024-07-04 16:00:00,13,1.8958634255469171,1.1567297140445436,-0.04033616032406569,1.4095519298429036,-0.8695423402600468
2024-07-04 20:00:00,13,-1.2388047739368169,-0.5234948125752154,0.08260092247948936,0.35463230648655575,1.8958634255469171
2024-07-05 04:00:00,13,-0.8352124079910048,0.2535968509946488,-0.05675185126767535,1.0439432810661078,-1.2388047739368169
2024-07-05 08:00:00,13,1.7395949598629166,1.1310712833256251,-0.03881001114979863,1.5086824320976469,-0.8352124079910048
2024-07-05 12:00:00,13,0.4125146781354765,0.6249403203378043,0.0756539530535496,0.5407156286229764,1.7395949598629166
2024-07-05 16:00:00,13,1.6216608740015133,0.41783843744619514,0.016658133886996322,0.31117914249022327,0.4125146781354765
2024-07-05 20:00:00,13,-0.9743410841788211,-0.48913136213217867,0.070411151921733,-0.5911653277713373,1.6216608740015133
2024-07-06 00:00:00,13,-1.0455652825197568,-1.0137145809409867,-0.044995025224888435,-0.04901048914100592,-0.9743410841788211
2024-07-08 04:00:00,13,-1.114015694492661,0.08867247331570607,-0.04816132193162194,0.5327757931235126,-1.0455652825197568
2024-07-08 08:00:00,13,0.633980442767168,0.8227841706131837,-0.05120430899294196,1.152650094727404,-1.114015694492661
2024-07-08 12:00:00,13,-0.3125228337675452,0.7080257815633468,0.026503472094257224,0.7998829064969044,0.633980442767168
2024-07-08 16:00:00,13,1.9398729052396408,0.7237576630841672,-0.015573662885328481,0.9737807019001821,-0.3125228337675452
2024-07-08 20:00:00,13,0.3820517396843375,-0.23459753768542144,0.0845573793278922,-0.10562721692932797,1.9398729052396408
2024-07-09 00:00:00,13,-1.439146239780353,-1.6051539509422645,0.015303893278578971,-0.3182131405246267,0.3820517396843375
2024-07-09 04:00:00,13,-1.0718000518341242,-1.2717614992487616,-0.06565810136663881,0.48257429424843856,-1.439146239780353
2024-07-09 08:00:00,13,0.8780879930239749,0.7612517290643886,-0.049327597798769926,1.0789584492241566,-1.0718000518341242
2024-07-09 12:00:00,13,-0.2818759792111223,-0.001111252908234133,0.03735535881914692,0.5903619383191785,0.8780879930239749
2024-07-09 16:00:00,13,1.8270412003725962,0.8675197069835326,-0.014211246221974179,0.7472068343257661,-0.2818759792111223
2024-07-09 20:00:00,13,-0.009697832178780175,0.13685126763799213,0.0795414063319516,-0.2694178808208836,1.8270412003725962
2024-07-10 00:00:00,13,-2.8148230216200307,-1.7409188824239843,-0.0021114712765534166,-0.26402169387431584,-0.009697832178780175
2024-07-10 04:00:00,13,0.43589695030513553,-0.7276226065777812,-0.12681429498244323,1.3022367199803444,-2.8148230216200307
2024-07-10 08:00:00,13,0.15653721959610678,-0.1201948378245489,0.01769760099355955,1.0596895826487511,0.43589695030513553
2024-07-10 12:00:00,13,0.7185400658792815,0.747193310817346,0.005278566228101545,0.9725872194128886,0.15653721959610678
2024-07-10 16:00:00,13,1.6564125783460053,0.35619294521075684,0.030262599784271937,0.5727683266331258,0.7185400658792815
2024-07-10 20:00:00,13,-0.011962711450763663,-0.7292387287433956,0.07195605112147732,-0.3489131139840449,1.6564125783460053
2024-07-11 00:00:00,13,-2.344535452976901,-1.3723893018043871,-0.0022121572786015244,-0.3422566750824281,-0.011962711450763663
2024-07-11 04:00:00,13,-0.5696635674556525,-0.8591184845427763,-0.10590749624692675,0.9623185509977414,-2.344535452976901
2024-07-11 08:00:00,13,0.8689348525258431,0.2026552005901093,-0.027004944348776618,1.2792977531503382,-0.5696635674556525
2024-07-11 12:00:00,13,3.2564092005858694,0.9879670029709025,0.03694845274943204,0.7957943451538849,0.8689348525258431
2024-07-11 16:00:00,13,0.27194704066436515,-2.014885528672225,0.14308446188340124,-1.0161768765522323,3.2564092005858694
2024-07-11 20:00:00,13,-0.8592982528143036,-2.6708292974820633,0.010409150283592496,-1.1674969905671784,0.27194704066436515
2024-07-12 00:00:00,13,-1.161676394524747,-2.715626648184526,-0.039880755825335026,-0.6893556977954542,-0.8592982528143036
2024-07-12 04:00:00,13,-1.3367503439178492,-0.49531790321093444,-0.053323082121561005,-0.042961443831467605,-1.161676394524747
2024-07-12 08:00:00,13,0.5088251057372908,-0.43702134329554043,-0.06110605591853818,0.7008496083388547,-1.3367503439178492
2024-07-12 12:00:00,13,0.34674916371351827,0.1951108735642779,0.020939647710149507,0.4177228906303849,0.5088251057372908
2024-07-12 16:00:00,13,2.2944752167176237,1.1957090950249185,0.01373450488756397,0.2247804601500505,0.34674916371351827
2024-07-12 20:00:00,13,0.32993745111454764,-1.9463033714324056,0.10032134939966929,-1.051939634137316,2.2944752167176237
2024-07-13 00:00:00,13,-3.1021640365275402,-3.871029586623987,0.012987134310195509,-1.2355274849132778,0.32993745111454764
2024-07-15 04:00:00,13,-2.020210562676425,-4.81592864949246,-0.13958814053499058,0.4906167472637737,-3.1021640365275402
2024-07-15 08:00:00,13,0.921631220114655,-2.1105693720700485,-0.09148951954812981,1.6147271326225372,-2.020210562676425
2024-07-15 12:00:00,13,1.2544205964967077,-0.0950084813295893,0.039291088244669,1.101901764246474,0.921631220114655
2024-07-15 16:00:00,13,2.3673795966061117,-0.4125544385649731,0.05408535663966723,0.40390164179303056,1.2544205964967077
2024-07-15 20:00:00,13,0.01200048839780088,-1.7363488908464322,0.10356233916613039,-0.9133848033910539,2.3673795966061117
2024-07-16 00:00:00,13,-2.159314598397426,-2.96029601994888,-0.0011468648284133098,-0.9200622626057378,0.01200048839780088
2024-07-16 04:00:00,13,-1.2958462083639475,-1.9208303140887457,-0.09767343822262899,0.2814500996004945,-2.159314598397426
2024-07-16 08:00:00,13,2.674506675163201,0.047948389094714855,-0.059287648232485474,1.0025007700414257,-1.2958462083639475
2024-07-16 12:00:00,13,-0.9193077983096174,-1.5571140503815655,0.1172157811147368,-0.48568109812942595,2.674506675163201
2024-07-16 16:00:00,13,1.7493869631663905,0.6116380338882781,-0.042548501208229436,0.02585144333598599,-0.9193077983096174
2024-07-16 20:00:00,13,-0.7714032097605052,-1.6426917430586865,0.07608925999324588,-0.9475639469396171,1.7493869631663905
2024-07-17 00:00:00,13,-2.1065572435859874,-2.3714252314172626,-0.035973350872494876,-0.5183302940662973,-0.7714032097605052
2024-07-17 04:00:00,13,0.04271445521542816,-0.221849412816179,-0.0953280915190295,0.6538261725005103,-2.1065572435859874
2024-07-17 08:00:00,13,2.270675543668613,0.7122773314386894,0.0002185353340407735,0.6300584704600887,0.04271445521542816
2024-07-17 12:00:00,13,-0.6725389879172674,0.0026429950578659442,0.0992633265906838,-0.633418717302181,2.270675543668613
2024-07-17 16:00:00,13,1.4634109116559415,0.48925731655761706,-0.0315783072310405,-0.25919630957707085,-0.6725389879172674
2024-07-17 20:00:00,13,-0.4308979347542472,-0.19906619997512057,0.06337609436703814,-1.0734853912361606,1.4634109116559415
2024-07-18 00:00:00,13,-2.1542683675035637,-1.916424637272711,-0.02083606949914951,-0.8337198675646196,-0.4308979347542472
2024-07-18 04:00:00,13,-0.7738212783054159,-0.6030994612753592,-0.09744910625915541,0.3649846088402473,-2.1542683675035637
2024-07-18 08:00:00,13,2.5613159995005272,0.3849444897885489,-0.03608084695737543,0.7955637531262258,-0.7738212783054159
2024-07-18 12:00:00,13,-0.25157870161987006,-1.2253602652759223,0.11218384994623001,-0.6296351684206769,2.5613159995005272
2024-07-18 16:00:00,13,2.043739914787574,-0.963341572647649,-0.0128643701251598,-0.4896486559002664,-0.25157870161987006
2024-07-18 20:00:00,13,-0.955062652766193,-2.1989665685911404,0.0891748236506156,-1.6268515324862136,2.043739914787574
2024-07-19 00:00:00,13,-1.7596566133735276,-1.4686788522020926,-0.044137995797886666,-1.0954238355532553,-0.955062652766193
2024-07-19 04:00:00,13,-2.295717355126346,0.5877457471177657,-0.07990650238793506,-0.11629408031732424,-1.7596566133735276
2024-07-19 08:00:00,13,3.5297531415271255,1.8818845998789056,-0.10373727059253189,1.1611171798866522,-2.295717355126346
2024-07-19 12:00:00,13,0.10731049726818043,-0.4453794491119968,0.15523606260574202,-0.8029514362513988,3.5297531415271255
2024-07-19 16:00:00,13,0.9602125664008092,-0.3172818425841719,0.0030901750293112497,-0.8626624617582461,0.10731049726818043
2024-07-19 20:00:00,13,-0.1742746791996055,-1.6711604750200753,0.041006235519510055,-1.3969557369172199,0.9602125664008092
2024-07-20 00:00:00,13,-1.4576690642002372,-2.841670845445711,-0.009427792707539948,-1.2999836784532723,-0.1742746791996055
2024-07-22 04:00:00,13,-0.03175733328340513,-0.7693305605360945,-0.06648154001988055,-0.48888954611053137,-1.4576690642002372
2024-07-22 08:00:00,13,-0.48803443322194795,-0.8009725823343102,-0.0030921341316889023,-0.47121874049516066,-0.03175733328340513
2024-07-22 12:00:00,13,-0.24265944320540456,0.2277530589852422,-0.02337609256921034,-0.19966062426065,-0.48803443322194795
2024-07-22 16:00:00,13,2.2651238731675036,0.648720346371804,-0.012467861365467717,-0.0646370751058587,-0.24265944320540456
2024-07-22 20:00:00,13,-1.842785476361712,-1.1166970672923373,0.09901652513227512,-1.3250251341497243,2.2651238731675036
2024-07-23 00:00:00,13,-0.6035338311060148,-1.1364315888951988,-0.0836020251350505,-0.2996397954936736,-1.842785476361712
2024-07-23 04:00:00,13,-0.26370621254962323,-0.7803946070079721,-0.028510658793451528,0.036185914952477916,-0.6035338311060148
2024-07-23 08:00:00,13,1.5799617069439194,0.17129733343191086,-0.013403502875154997,0.18292056612563812,-0.26370621254962323
2024-07-23 12:00:00,13,-0.7444497068616407,-0.17444818170613566,0.06855740083146478,-0.6962211412080084,1.5799617069439194
2024-07-23 16:00:00,13,1.54842540756108,0.10880827736450313,-0.0347751234518774,-0.28198528761867436,-0.7444497068616407
2024-07-23 20:00:00,13,-0.7262352100267435,-1.7241911302558381,0.06715544358653422,-1.1435791797359363,1.54842540756108
2024-07-24 00:00:00,13,0.6999214012982318,-1.8576851606977614,-0.03396539160951848,-0.7394784602927515,-0.7262352100267435
2024-07-24 04:00:00,13,-1.6620410499603988,-2.2458767291509862,0.029434900523066337,-1.128937326942693,0.6999214012982318
2024-07-24 08:00:00,13,0.5134166097128876,0.149007674098825,-0.07556696829474073,-0.2041240229879442,-1.6620410499603988
2024-07-24 12:00:00,13,0.0503205152479147,0.5870815984803864,0.02114376462905529,-0.489805601758297,0.5134166097128876
2024-07-24 16:00:00,13,0.9172952463588064,0.7140804304109423,0.0005566653992862798,-0.5178055611842307,0.0503205152479147
2024-07-24 20:00:00,13,0.07123369536691726,0.6297560352695573,0.039098331011264864,-1.0282182537632059,0.9172952463588064
2024-07-25 00:00:00,13,-2.4300967101740394,-0.4331062332610477,0.0014863681531334144,-1.0678549818492868,0.07123369536691726
2024-07-25 04:00:00,13,0.8119762210936923,0.9467348237603422,-0.10971115193134003,0.28432929032567955,-2.4300967101740394
2024-07-25 08:00:00,13,2.4925055780693217,2.1020165110543036,0.034416336820792474,-0.16748049606933257,0.8119762210936923
2024-07-25 12:00:00,13,-0.9917335543031793,-0.08253682491855266,0.10912485853823056,-1.5543910773903251,2.4925055780693217
2024-07-25 16:00:00,13,1.341813996207632,0.598065006247884,-0.04576821358164759,-1.002558506817076,-0.9917335543031793
2024-07-25 20:00:00,13,0.23038740174842864,-1.6236109084514194,0.057970460861835854,-1.7491871386159552,1.341813996207632
2024-07-26 00:00:00,13,-2.429469940546827,-2.822628356703272,0.008561601965776853,-1.8773821276660696,0.23038740174842864
2024-07-26 04:00:00,13,-1.0953669571916897,-1.8959343597020706,-0.10968328866783197,-0.5255466103487372,-2.429469940546827
2024-07-26 08:00:00,13,1.342754576609055,1.006599154702789,-0.050375272838429484,0.08395093169298562,-1.0953669571916897
2024-07-26 12:00:00,13,-1.1333248405356429,0.0006308071017814007,0.05801227469332593,-0.6632010694105777,1.342754576609055
2024-07-26 16:00:00,13,2.0124163553813297,0.9829523876254032,-0.05206270384960391,-0.03258253549727286,-1.1333248405356429
2024-07-26 20:00:00,13,0.41536858310562685,-0.3808870563447,0.08778232383592607,-1.152355972258733,2.0124163553813297
2024-07-27 00:00:00,13,-1.9814396635731484,-2.162467803618763,0.01678500523295465,-1.3834804632633748,0.41536858310562685
2024-07-29 04:00:00,14,-1.4504039735614267,0.5627922651969874,0.053136994810766995,-0.20262883287579214,-1.9814396635731484
2024-07-29 08:00:00,14,1.9867314135806318,0.5130113242060599,0.04044675706893376,0.5586256787276387,-1.4504039735614267
2024-07-29 12:00:00,14,0.033852412596314,0.14127636549186492,-0.041690971212074886,-0.4841239824021777,1.9867314135806318
2024-07-29 16:00:00,14,1.482156382602323,0.017949219181151367,0.004977264595160105,-0.5018916542283431,0.033852412596314
2024-07-29 20:00:00,14,-0.8264595682303497,-0.8167300561397323,-0.029633067718683945,-1.2798116363332834,1.482156382602323
2024-07-30 00:00:00,14,-0.93130578606028,-0.9857710916856769,0.02553626613533314,-0.8460386417459018,-0.8264595682303497
2024-07-30 04:00:00,14,-0.4940411033696339,-1.2542528198076965,0.028041791574808746,-0.35723638786077583,-0.93130578606028
2024-07-30 08:00:00,14,0.2642105914747397,-0.7506707916165414,0.017592413343132666,-0.09793551326775507,-0.4940411033696339
2024-07-30 12:00:00,14,-0.4409700982851863,-0.4962710155857064,-0.0005276385793863032,-0.23660826130200352,0.2642105914747397
2024-07-30 16:00:00,14,2.6478770510170584,0.2213894212021368,0.01632416775364166,-0.0051620691231946125,-0.4409700982851863
2024-07-30 20:00:00,14,0.1403139352143441,-1.0770299705174453,-0.05749046544354346,-1.394918570071277,2.6478770510170584
2024-07-31 00:00:00,14,-1.1483489640398297,-2.538412203160903,0.0024331379803358985,-1.4685633050346478,0.1403139352143441
2024-07-31 04:00:00,14,-1.6279442310478487,-2.1257058104849453,0.033228504220700235,-0.865844444837438,-1.1483489640398297
2024-07-31 08:00:00,14,1.2513132673619491,0.7825849526424997,0.04468946263209327,-0.011406706721666993,-1.6279442310478487
2024-07-31 12:00:00,14,-0.8745070617251844,-0.3097498577901044,-0.024116575948797275,-0.6681670904301518,1.2513132673619491
2024-07-31 16:00:00,14,1.5146627943376192,-0.04602776509767929,0.026684464131846667,-0.20917603807341134,-0.8745070617251844
2024-07-31 20:00:00,14,1.3351012574325356,-1.0457756874829083,-0.030409878205839187,-1.0041572341853504,1.5146627943376192
2024-08-01 00:00:00,14,-2.0593432535600495,-2.2446011511035606,-0.0261188698320627,-1.7048943213654884,1.3351012574325356
2024-08-01 04:00:00,14,-1.5698967177392156,-2.084773711071456,0.054998668322493206,-0.6240338360875342,-2.0593432535600495
2024-08-01 08:00:00,14,2.4341359327518344,0.3002207430783545,0.043302292695939784,0.19993726500913667,-1.5698967177392156
2024-08-01 12:00:00,14,-0.8621078766582091,-1.808892499855061,-0.05238266260277561,-1.0776357384027175,2.4341359327518344
2024-08-01 16:00:00,14,1.9085321710791199,-0.18915036839868918,0.026388158988398715,-0.6251524836971818,-0.8621078766582091
2024-08-01 20:00:00,14,-0.06915631313356485,-2.0479559381352965,-0.039822232448860025,-1.6268587339956886,1.9085321710791199
2024-08-02 00:00:00,14,-1.0668190929809143,-2.638110692652298,0.00743887921651748,-1.5905615669040154,-0.06915631313356485
2024-08-02 04:00:00,14,-0.04408443371428916,-1.1407923504354813,0.03128017293853009,-1.0306342208679586,-1.0668190929809143
2024-08-02 08:00:00,14,-0.11302730648039017,-1.0579498077017269,0.00683973283812969,-1.007496202310218,-0.04408443371428916
2024-08-02 12:00:00,14,1.1650542194835172,-0.37373713701132405,0.008487270776657832,-0.9481730423072117,-0.11302730648039017
2024-08-02 16:00:00,14,0.8591780581261492,-0.5698023914718344,-0.02205523083480444,-1.5596597708402804,1.1650542194835172
2024-08-02 20:00:00,14,-1.3165142342597669,-1.6552596623053855,-0.014745663360914572,-2.0106052901173666,0.8591780581261492
2024-08-03 00:00:00,14,0.10031575148458138,-1.526076437686948,0.03724717433864188,-1.319623730021731,-1.3165142342597669
2024-08-05 04:00:00,14,-0.6700380922984657,-1.2730965772344696,0.003388980441246597,-1.372275142865707,0.10031575148458138
2024-08-05 08:00:00,14,1.6094892382728627,-0.9401534041290839,0.021798239191305635,-1.0206010368882517,-0.6700380922984657
2024-08-05 12:00:00,14,0.6538553763187132,-1.6613094550474594,-0.032675959639507604,-1.8653525449828319,1.6094892382728627
2024-08-05 16:00:00,14,0.15288832608499447,-2.829306769876292,-0.009839037130444778,-2.2085330410597743,0.6538553763187132
2024-08-05 20:00:00,14,-1.0136151963228048,-5.595286579790284,0.002132645918109783,-2.2887775316467067,0.15288832608499447
2024-08-06 00:00:00,14,-0.8225217112419774,-4.14318281397926,0.030008751619619425,-1.756774617082261,-1.0136151963228048
2024-08-06 04:00:00,14,-0.2577448307818617,-2.949966795720214,0.025442162589534398,-1.3250684338475027,-0.8225217112419774
2024-08-06 08:00:00,14,0.43417562599468695,-1.9751779770415445,0.01194560667260235,-1.1897892848298897,-0.2577448307818617
2024-08-06 12:00:00,14,-0.3785672550187602,-0.7075176618821836,-0.0045893179286771455,-1.417669351446862,0.43417562599468695
2024-08-06 16:00:00,14,1.297754581377859,-0.38158193559948594,0.014832917858931524,-1.218975721202093,-0.3785672550187602
2024-08-06 20:00:00,14,-0.20039554572462137,-2.1931376774837017,-0.02522639083881346,-1.9001111483218232,1.297754581377859
2024-08-07 00:00:00,14,-1.5069419426061508,-3.5499100985134566,0.010575122399342902,-1.794932166418242,-0.20039554572462137
2024-08-07 04:00:00,14,-0.053953094782068334,-1.8012524791131639,0.041797853204491274,-1.004003312495886,-1.5069419426061508
2024-08-07 08:00:00,14,0.5609783981945196,-1.0852940856226914,0.007075565678556907,-0.9756856592306606,-0.053953094782068334
2024-08-07 12:00:00,14,-1.2553569173554884,-1.112069376540555,-0.007619542367083306,-1.2701190338780295,0.5609783981945196
2024-08-07 16:00:00,14,1.913682288774659,0.14403073615898068,0.03578568897002043,-0.6112363126297709,-1.2553569173554884
2024-08-07 20:00:00,14,-0.1318236118933349,-1.8825897555213318,-0.03994530556651313,-1.6156456376595134,1.913682288774659
2024-08-08 00:00:00,14,-0.28481916462090595,-1.8154003618720997,0.008936448842925111,-1.546457107347333,-0.1318236118933349
2024-08-08 04:00:00,14,-1.287456736082646,-2.0934862347234247,0.012592605997848545,-1.3969678078066057,-0.28481916462090595
2024-08-08 08:00:00,14,1.1593111553360007,-1.3397863742711766,0.03655278304444769,-0.7212372756910757,-1.287456736082646
2024-08-08 12:00:00,14,0.6605974308019711,-1.0218262136808387,-0.021917987988853777,-1.329709717465133,1.1593111553360007
2024-08-08 16:00:00,14,-0.15258587894134656,-1.5371303459046388,-0.010000152994915294,-1.676428827256884,0.6605974308019711
2024-08-08 20:00:00,14,-0.8594744780794112,-1.6013991931817164,0.009432607782624404,-1.5963430781356545,-0.15258587894134656
2024-08-09 00:00:00,14,-0.6490350776217131,-2.230268429438104,0.026325228276466318,-1.1452419808052383,-0.8594744780794112
2024-08-09 04:00:00,14,-0.2630665014594573,-2.3820416817685612,0.021296327070225187,-0.8045914516873331,-0.6490350776217131
2024-08-09 08:00:00,14,-0.43479483786758344,-1.1028711299098088,0.012072779417019848,-0.6665191871747034,-0.2630665014594573
2024-08-09 12:00:00,14,0.8564598162481794,-0.6183584725328596,0.016176596650058425,-0.4383141229429466,-0.43479483786758344
2024-08-09 16:00:00,14,1.0289726501205365,-1.0959185965396319,-0.014680705136222588,-0.8878329542551935,0.8564598162481794
2024-08-09 20:00:00,14,-0.7793793865620096,-1.5825625445702398,-0.018803269620182732,-1.4278963341819608,1.0289726501205365
2024-08-10 00:00:00,14,-1.4105877902732846,-2.238901659213287,0.024411184131359457,-1.0188336970918277,-0.7793793865620096
2024-08-12 04:00:00,14,-0.5865740886988959,-1.0173233983660153,0.039495263899260405,-0.27847698342292837,-1.4105877902732846
2024-08-12 08:00:00,14,0.38244829109503264,-0.7931301663410619,0.019803687660239266,0.029390465612845418,-0.5865740886988959
2024-08-12 12:00:00,14,0.5048198838849771,-0.41134260967155145,-0.003353182222593904,-0.17134015313761886,0.38244829109503264
2024-08-12 16:00:00,14,2.5723627317842848,-1.2806901992355546,-0.006277514116966055,-0.43629834489637975,0.5048198838849771
2024-08-12 20:00:00,14,-1.9207930924996486,-2.8897731085877516,-0.05568588868533078,-1.786420635476536,2.5723627317842848
2024-08-13 00:00:00,14,-0.9569934318527498,-2.44511080404807,0.05168771481014649,-0.7782791561536122,-1.9207930924996486
2024-08-13 04:00:00,14,-1.7338666069075739,-0.456125733502688,0.02865565301249714,-0.2759945645140105,-0.9569934318527498
2024-08-13 08:00:00,14,1.6384289442402853,0.5046166371174818,0.04722070517778744,0.6340372618508265,-1.7338666069075739
2024-08-13 12:00:00,14,1.1721769303065699,-0.05516452843495762,-0.033367536035996584,-0.22590345017159486,1.6384289442402853
2024-08-13 16:00:00,14,-0.5789656844773887,-0.6788558517521772,-0.022225443299636837,-0.8411285825202448,1.1721769303065699
2024-08-13 20:00:00,14,-0.7588405195216552,-0.6499361838946949,0.019621868509054226,-0.5372544568242468,-0.5789656844773887
2024-08-14 00:00:00,14,-1.0789295641829497,-0.8048232040237471,0.02392036381439687,-0.1389717855110284,-0.7588405195216552
2024-08-14 04:00:00,14,0.9050623916283449,-0.2379209151729417,0.03156957864441788,0.4273118247164156,-1.0789295641829497
2024-08-14 08:00:00,14,-0.8039871810434533,-0.4571853861269405,-0.015842168005933015,-0.047716402914463885,0.9050623916283449
2024-08-14 12:00:00,14,-0.07133816347512933,1.4134912214915725,0.024999240203946217,0.3742618045347399,-0.8039871810434533
2024-08-14 16:00:00,14,3.3838792475808646,0.26327331083177485,0.007491019214021117,0.41170413080029533,-0.07133816347512933
2024-08-14 20:00:00,14,-1.1231564461061971,-1.444797574135049,-0.07507881784354882,-1.3643481904139634,3.3838792475808646
2024-08-15 00:00:00,14,-1.7967040975180364,-2.3647438772254117,0.032626474926047484,-0.7748517967055468,-1.1231564461061971
2024-08-15 04:00:00,14,-0.3656848059328741,-0.8162215363437471,0.048722341903803694,0.16816071924441012,-1.7967040975180364
2024-08-15 08:00:00,14,0.9752372922898509,-0.6730661261948389,0.014525064084370064,0.36009290739036004,-0.3656848059328741
2024-08-15 12:00:00,14,2.1403078965219695,-0.8609867841253382,-0.017519147895711015,-0.15176710000924132,0.9752372922898509
2024-08-15 16:00:00,14,-1.0397554298044458,-0.9668422609618108,-0.045361010941489595,-1.2751224355900241,2.1403078965219695
2024-08-15 20:00:00,14,-0.858730510772121,-0.609975200995736,0.03063342861167194,-0.7293996395063598,-1.0397554298044458
2024-08-16 00:00:00,14,-0.031519010597001795,-1.9078537652961214,0.02630744958064748,-0.2786890185394144,-0.858730510772121
2024-08-16 04:00:00,14,-1.1919630284263238,-3.386860513463101,0.006539455079620494,-0.2621460488181393,-0.031519010597001795
2024-08-16 08:00:00,14,0.18397691149973028,-1.156262122134036,0.034270755911806,0.3634639533566091,-1.1919630284263238
2024-08-16 12:00:00,14,1.1197211012262116,0.02782838920765194,0.0013897174344111108,0.2669024046688051,0.18397691149973028
2024-08-16 16:00:00,14,0.1773140898731569,-0.01127440416716354,-0.020971898661309378,-0.32079092462688585,1.1197211012262116
2024-08-16 20:00:00,14,-0.22471432983872397,-0.6149059899276186,0.0015489398596887378,-0.413855445510233,0.1773140898731569
2024-08-17 00:00:00,14,-0.10997257090802925,-0.9515021538595605,0.011156271948808149,-0.2959125823287261,-0.22471432983872397
2024-08-19 04:00:00,14,-0.36513722941049664,-1.2791159769532945,0.00841427131281607,-0.23819272132282965,-0.10997257090802925
2024-08-19 08:00:00,14,0.35132324690485284,-1.0706706999470765,0.014511978567932057,-0.04654793248473155,-0.36513722941049664
2024-08-19 12:00:00,14,-0.5365025596018,-0.774909099507871,-0.002609382478193056,-0.23094235749501202,0.35132324690485284
2024-08-19 16:00:00,14,0.7890917896907421,-0.3048605906104296,0.018607120988185188,0.05064470475000249,-0.5365025596018
2024-08-19 20:00:00,14,0.4331845306093136,-0.5963212559010359,-0.013070801528438442,-0.36351555399246394,0.7890917896907421
2024-08-20 00:00:00,14,-1.6759221558955346,-2.4855734324917473,-0.0045656335769437536,-0.5908754373726985,0.4331845306093136
2024-08-20 04:00:00,14,-0.24904262534533927,-1.2935648270545483,0.0458359981364461,0.28874384492899274,-1.6759221558955346
2024-08-20 08:00:00,14,1.0484772460055325,-0.4228376351431215,0.011737648793414782,0.41945558150827367,-0.24904262534533927
2024-08-20 12:00:00,14,-1.1699430021904362,-0.028890917590704855,-0.019269373807706394,-0.13084491985852686,1.0484772460055325
2024-08-20 16:00:00,14,2.9324771356922987,0.22872229740526281,0.03374454011638808,0.48320771993770073,-1.1699430021904362
2024-08-20 20:00:00,14,-1.5649185460118353,-1.0460944779596877,-0.06429159539357553,-1.0559230949332532,2.9324771356922987
2024-08-21 00:00:00,14,-1.221319595587122,-1.2670283137098173,0.04318332859629757,-0.23456482154257596,-1.5649185460118353
2024-08-21 04:00:00,14,-0.6330154648641262,-0.6003002774110174,0.03497229410135104,0.406453177027462,-1.221319595587122
2024-08-21 08:00:00,14,0.6908823282009031,0.5230146416093325,0.020913504035446874,0.7386957020939793,-0.6330154648641262
2024-08-21 12:00:00,14,0.6626755644710087,0.7619172366189999,-0.010723875628267848,0.37608135538986964,0.6908823282009031
2024-08-21 16:00:00,14,2.7972594530504225,-0.3853296748785998,-0.010049814459889169,0.028271522833906104,0.6626755644710087
2024-08-21 20:00:00,14,-1.9183906200874752,-2.3435645263188594,-0.061060278606586534,-1.439889360324207,2.7972594530504225
2024-08-22 00:00:00,14,-2.1894783484767686,-0.6725158218238063,0.051630302574675074,-0.43300883518791444,-1.9183906200874752
2024-08-22 04:00:00,14,0.7875112563418938,-0.22081500734623574,0.058108525765432205,0.7161539506415462,-2.1894783484767686
2024-08-22 08:00:00,14,-0.3516622998620953,-0.32512541414702095,-0.013033031291271636,0.3028232457092468,0.7875112563418938
2024-08-22 12:00:00,14,0.17554883462554471,1.2007592841164831,0.014189966200891545,0.48739562499852696,-0.3516622998620953
2024-08-22 16:00:00,14,3.4592467295158613,0.7727628465052059,0.0015911244231532435,0.3952576104857304,0.17554883462554471
2024-08-22 20:00:00,14,-0.7054213147831945,-1.529362820956209,-0.07687988560932803,-1.4203518525297376,3.4592467295158613
2024-08-23 00:00:00,14,-2.859733250241593,-2.100356940054678,0.02264379724672273,-1.050106618616506,-0.7054213147831945
2024-08-23 04:00:00,14,-0.3139811133053101,-0.8149795391088394,0.0741257054221083,0.45084406713156966,-2.859733250241593
2024-08-23 08:00:00,14,0.5018573393613899,0.16752959373646245,0.01328949336112927,0.6156392162202948,-0.3139811133053101
2024-08-23 12:00:00,14,0.8312836597520317,0.26978166789854696,-0.0062067177561334,0.3522359363519545,0.5018573393613899
2024-08-23 16:00:00,14,2.797642393101258,-0.43272942616538396,-0.014079066833240238,-0.08406901588461224,0.8312836597520317
2024-08-23 20:00:00,14,-1.4066683921054004,-0.7965841856836058,-0.06106942978112597,-1.5524308877649604,2.797642393101258
2024-08-24 00:00:00,14,-0.685482061416204,-2.1556613779069393,0.039401601466601203,-0.814131297209661,-1.4066683921054004
2024-08-26 04:00:00,15,-1.6224214764293858,-1.3462180623967466,0.0577794549002999,-0.12255219191732714,-0.685482061416204
2024-08-26 08:00:00,15,0.42954331467984375,0.2854320476138583,0.1280779282236261,0.5233738669079564,-1.6224214764293858
2024-08-26 12:00:00,15,0.801845776366342,0.1855266199357269,-0.025880790789350155,0.3523620648720778,0.42954331467984375
2024-08-26 16:00:00,15,1.186299240404276,-0.36428277978933754,-0.053814608335822745,0.03312745805839423,0.801845776366342
2024-08-26 20:00:00,15,-0.47186898518795495,-0.8700940854198012,-0.08266011440875363,-0.43916756766337084,1.186299240404276
2024-08-27 00:00:00,15,-1.2003967560071995,-1.0843761499823348,0.041752086534615394,-0.2513048708781147,-0.47186898518795495
2024-08-27 04:00:00,15,-0.9193444085780751,-0.7103863549350721,0.09641345443268642,0.22660272397252168,-1.2003967560071995
2024-08-27 08:00:00,15,0.7043279273637424,0.5705677071255167,0.07532612409775058,0.5926164381417829,-0.9193444085780751
2024-08-27 12:00:00,15,0.8433969657407001,0.7954271949387554,-0.046497853595004246,0.3122060954212964,0.7043279273637424
2024-08-27 16:00:00,15,1.1303709007251506,-0.38793219840421417,-0.056932190039592455,-0.023571066075001923,0.8433969657407001
2024-08-27 20:00:00,15,-2.0193531819366886,-1.052823578126448,-0.07846381651376581,-0.47359963850431885,1.1303709007251506
2024-08-28 00:00:00,15,-0.09852694917939431,0.016804666450479122,0.15785967554225602,0.33035473533401927,-2.0193531819366886
2024-08-28 04:00:00,15,-1.7136944436649557,-0.9750538802816554,0.013740269827710342,0.369580747129417,-0.09852694917939431
2024-08-28 08:00:00,15,1.1197778461389873,1.5648885304099196,0.1349261300918977,1.0518448283861517,-1.7136944436649557
2024-08-28 12:00:00,15,0.8004918210775269,1.1779195640464986,-0.07766902065684538,0.6060336126050094,1.1197778461389873
2024-08-28 16:00:00,15,1.8500917147772515,0.43560070478543805,-0.05371302120198399,0.2873380488305335,0.8004918210775269
2024-08-28 20:00:00,15,1.247991093231489,-0.9115056528125915,-0.13246439930083154,-0.4492291546691245,1.8500917147772515
2024-08-29 00:00:00,15,-0.9350040720197672,-2.538956483988456,-0.08728884813555429,-0.9460852306094854,1.247991093231489
2024-08-29 04:00:00,15,-2.5964459736184615,-1.8750608888975833,0.07650106712508876,-0.5738370176762633,-0.9350040720197672
2024-08-29 08:00:00,15,1.0947371710931524,0.5171918199814931,0.2011588916613198,0.45987224903236346,-2.5964459736184615
2024-08-29 12:00:00,15,-0.10964802318268951,0.9282735783691132,-0.07579022123982763,0.02403034441830254,1.0947371710931524
2024-08-29 16:00:00,15,1.4278475460223738,0.7513834978588966,0.014574682930222831,0.0676839304323682,-0.10964802318268951
2024-08-29 20:00:00,15,0.7565138122315496,-0.8325985928158979,-0.10078346032280038,-0.5007774412916666,1.4278475460223738
2024-08-30 00:00:00,15,-2.1795261338675864,-2.6627098877451654,-0.05041335546892435,-0.8019642736165427,0.7565138122315496
2024-08-30 04:00:00,15,-0.48477659509107696,-1.1146271377957748,0.1698774365714195,0.065758908188287,-2.1795261338675864
2024-08-30 08:00:00,15,0.6397062832126075,0.13220411430097684,0.04272054325220343,0.25876044325613723,-0.48477659509107696
2024-08-30 12:00:00,15,-0.022041888804807286,0.4480616354209982,-0.041649297909678404,0.004077573037564619,0.6397062832126075
2024-08-30 16:00:00,15,1.4726230384453896,0.7723172147867929,0.008001603175181636,0.012852993340856322,-0.022041888804807286
2024-08-30 20:00:00,15,-0.05024792636360331,-0.9107195245192508,-0.10414296117120249,-0.5734346077403067,1.4726230384453896
2024-08-31 00:00:00,15,-2.3480490234918534,-1.4388065002920305,0.010117899434162119,-0.5534296672783405,-0.05024792636360331
2024-09-02 04:00:00,15,-0.1581186395215397,-0.07756964715271181,0.18252169261486356,0.38138663890771607,-2.3480490234918534
2024-09-02 08:00:00,15,0.7390930771549975,0.7574378257353608,0.018211428567200757,0.44433757436854115,-0.1581186395215397
2024-09-02 12:00:00,15,-1.4601265156864223,0.5043239765263781,-0.049106279407838266,0.1500863669187762,0.7390930771549975
2024-09-02 16:00:00,15,1.8335603558764895,1.0323848683394334,0.1159009530793592,0.7313987936620814,-1.4601265156864223
2024-09-02 20:00:00,15,-0.4619741276066218,-0.6153566516365115,-0.13122405304784868,0.0014131324169648352,1.8335603558764895
2024-09-03 04:00:00,15,-0.31397822058221614,-0.5379980997452984,0.04100967633116625,0.1853364420250898,-0.4619741276066218
2024-09-03 08:00:00,15,1.4593768199436195,-0.07209288768327138,0.029905557798838012,0.3103389259813438,-0.31397822058221614
2024-09-03 12:00:00,15,-0.8619394935426943,-0.6252085896616462,-0.10314909868333978,-0.2706750283714632,1.4593768199436195
2024-09-03 16:00:00,15,2.0484853432237564,0.7868107740670204,0.07101903889717147,0.07248437138893937,-0.8619394935426943
2024-09-03 20:00:00,15,-0.23388646412246672,-0.5187660523865866,-0.1473498539773949,-0.7430682353368434,2.0484853432237564
2024-09-04 00:00:00,15,-0.5454309362957481,-1.1098371216340999,0.023896281089281695,-0.6499522576590282,-0.23388646412246672
2024-09-04 04:00:00,15,-0.9920801038989158,-1.7742171859396143,0.04727143258271635,-0.4328027313730143,-0.5454309362957481
2024-09-04 08:00:00,15,0.969821402667252,-0.4412379074557848,0.08078347625439324,-0.03783114053787884,-0.9920801038989158
2024-09-04 12:00:00,15,-1.3488200092661113,-0.42898811165801826,-0.06641780326525945,-0.4239409926879594,0.969821402667252
2024-09-04 16:00:00,15,2.0885647916220673,1.0369599590270027,0.10754963671149055,0.11305756490470475,-1.3488200092661113
2024-09-04 20:00:00,15,-0.874441222242714,-0.7337441088024603,-0.15035701109865088,-0.7184516600734367,2.0885647916220673
2024-09-05 00:00:00,15,-0.7277786192200075,-0.5790883587605791,0.0719570423875054,-0.37031501336147343,-0.874441222242714
2024-09-05 04:00:00,15,-0.17974216617777117,-1.252812889778571,0.06095296152494902,-0.08056837104960035,-0.7277786192200075
2024-09-05 08:00:00,15,0.781073707283948,-0.39147396949369323,0.01983383967238191,-0.009008575589151135,-0.17974216617777117
2024-09-05 12:00:00,15,-0.20630045983195622,-0.25818643611909453,-0.05225608200972254,-0.31997330869186413,0.781073707283948
2024-09-05 16:00:00,15,1.302995850522052,0.49330312473012844,0.021826505866209954,-0.2378400006156136,-0.20630045983195622
2024-09-05 20:00:00,15,-0.21082140391444248,-0.8009201399713369,-0.0914158497336163,-0.7565948288897566,1.302995850522052
2024-09-06 00:00:00,15,-2.0821528527767708,-1.6302020740088115,0.0221657118616952,-0.6726616213201906,-0.21082140391444248
2024-09-06 04:00:00,15,0.3716217496485523,-0.4544313603841678,0.16257152874698333,0.1562948524475276,-2.0821528527767708
2024-09-06 08:00:00,15,1.2281931496251506,-0.9306054607289415,-0.021534941389749162,0.008343055943623057,0.3716217496485523
2024-09-06 12:00:00,15,-0.13356280015718447,-1.0505319299838158,-0.08580341034932634,-0.48063096969583174,1.2281931496251506
2024-09-06 16:00:00,15,1.2770084659929246,0.2754525823069459,0.016369006324282603,-0.4274563203432695,-0.13356280015718447
2024-09-06 20:00:00,15,-0.8325453153011715,-0.26655703908144185,-0.089466018796001,-0.9358649290240795,1.2770084659929246
2024-09-07 00:00:00,15,-0.07038317737729649,-0.767456009952983,0.06881359655814497,-0.6044080775717413,-0.8325453153011715
2024-09-09 04:00:00,15,-1.924159098773199,-1.9216750449222357,0.011628645362408369,-0.576386796399496,-0.07038317737729649
2024-09-09 08:00:00,15,0.2523713718590308,-0.21940086636539619,0.15071727272668772,0.18966846191640663,-1.924159098773199
2024-09-09 12:00:00,15,0.628949590531148,1.0911498516740863,-0.012587597124468882,0.08919318594558234,0.2523713718590308
2024-09-09 16:00:00,15,1.27871190481431,0.289955943936582,-0.04084222430235859,-0.161207179257695,0.628949590531148
2024-09-09 20:00:00,15,-0.6608676816022001,-0.9406817209417547,-0.08959382764535055,-0.6702939690032492,1.27871190481431
2024-09-10 00:00:00,15,-0.4168005679345992,-1.0083444866431235,0.0559326403731294,-0.4071862234612169,-0.6608676816022001
2024-09-10 04:00:00,15,-1.1094274431138231,-0.9732486790711372,0.037620308535727,-0.24124762361314378,-0.4168005679345992
2024-09-10 08:00:00,15,0.863884946609577,-0.3982631939802502,0.08958803572022211,0.2004428410990391,-1.1094274431138231
2024-09-10 12:00:00,15,-0.2055360477363486,0.19970021760355247,-0.05846940125461995,-0.14349109157428153,0.863884946609577
2024-09-10 16:00:00,15,2.3065710607267835,0.09257009405977767,0.0217691521009077,-0.06166211483203288,-0.2055360477363486
2024-09-10 20:00:00,15,-1.5787876955436957,-1.5627690268019556,-0.16671400029923877,-0.979965019657115,2.3065710607267835
2024-09-11 00:00:00,15,-1.6249160617406844,-1.3979261285208533,0.12480408988099924,-0.3514106466290192,-1.5787876955436957
2024-09-11 04:00:00,15,0.5410285929417462,-0.025583082568190252,0.12826509671728653,0.2955085682176426,-1.6249160617406844
2024-09-11 08:00:00,15,0.565017494558564,0.030496478745947686,-0.03424552039113309,0.08011172354584417,0.5410285929417462
2024-09-11 12:00:00,15,1.15677456890257,0.17418300734355074,-0.03604540534990819,-0.144835695315221,0.565017494558564
2024-09-11 16:00:00,15,1.55084401539788,0.0070162467787605026,-0.08044488117308764,-0.6053762201392416,1.15677456890257
2024-09-11 20:00:00,15,-1.4835639096164286,-2.1154961739349414,-0.11001187347599842,-1.2228055239742295,1.55084401539788
2024-09-12 00:00:00,15,-3.2883403517548295,-1.5204658070395023,0.11765945846994912,-0.6321620918724014,-1.4835639096164286
2024-09-12 04:00:00,15,0.6382978881394834,0.4177963825749796,0.2530716596638214,0.6770074145370426,-3.2883403517548295
2024-09-12 08:00:00,15,1.3892449333947532,-0.03332520395970878,-0.04154362616410953,0.42288526118031466,0.6382978881394834
2024-09-12 12:00:00,15,-0.30612168723071775,-0.1836507991816217,-0.09788711004600548,-0.13020745708519232,1.3892449333947532
2024-09-12 16:00:00,15,2.2571933230106147,0.57422250151865,0.02931608286441404,-0.008332853089533465,-0.30612168723071775
2024-09-12 20:00:00,15,-1.739246931672417,-1.6062965777858482,-0.16300919343341014,-0.9069772610443039,2.2571933230106147
2024-09-13 00:00:00,15,-1.4369215386615632,-0.6084163122736498,0.13684333078572467,-0.21454010324018213,-1.739246931672417
2024-09-13 04:00:00,15,-0.871463551149926,-0.11172349579158009,0.11415988590659275,0.35753384905455743,-1.4369215386615632
2024-09-13 08:00:00,15,1.809082387913481,0.7657156929767834,0.07173362801457174,0.704485011364727,-0.871463551149926
2024-09-13 12:00:00,15,-0.8449129931768624,0.21922883580445643,-0.12938747348861157,-0.01575536630019858,1.809082387913481
2024-09-13 16:00:00,15,1.9842832306236282,0.9062178015041124,0.06974154222814703,0.32062536315987344,-0.8449129931768624
2024-09-13 20:00:00,15,-1.0721270385208133,-1.0312385190321656,-0.14253277570360084,-0.46936679693565075,1.9842832306236282
2024-09-14 00:00:00,15,-0.8968540644568748,-0.9398230360325157,0.08678938998580812,-0.04252654450269233,-1.0721270385208133
2024-09-16 04:00:00,15,-1.6998479575002907,-0.3614301341382817,0.07363867576234846,0.3145332082262886,-0.8968540644568748
2024-09-16 08:00:00,15,1.5385723111784646,1.3133256738427213,0.13388722957957927,0.991284661373216,-1.6998479575002907
2024-09-16 12:00:00,15,-0.47314666575609543,0.7374709033246554,-0.10909112870010682,0.3787410260631301,1.5385723111784646
2024-09-16 16:00:00,15,2.6591452234889488,1.2731424358432233,0.04184795078356888,0.5671123990375309,-0.47314666575609543
2024-09-16 20:00:00,15,-1.1491810919840937,-1.1544022433719456,-0.19316760549321116,-0.49155898753237537,2.6591452234889488
2024-09-17 00:00:00,15,-1.372094534193156,-1.2518403679278352,0.09257074813452723,-0.03404161340623979,-1.1491810919840937
2024-09-17 04:00:00,15,-0.19587187630762415,-0.3279467154132862,0.10929592205660428,0.5122231073724803,-1.372094534193156
2024-09-17 08:00:00,15,0.7008273926630881,0.35441721890256744,0.021044050257087114,0.5902045387922241,-0.19587187630762415
2024-09-17 12:00:00,15,0.38081194831215015,0.6216876087961186,-0.04623520881634707,0.3111878453890222,0.7008273926630881
2024-09-17 16:00:00,15,1.5522255124237763,0.10098908922420038,-0.022224481103029246,0.15957720382614848,0.38081194831215015
2024-09-17 20:00:00,15,0.15664121813083298,-1.0180062511996988,-0.11011552706369583,-0.4584021080937788,1.5522255124237763
2024-09-18 00:00:00,15,-2.741129720814893,-1.7788086075874407,-0.005404972986487718,-0.5207648456109828,0.15664121813083298
2024-09-18 04:00:00,15,-0.3102301895328736,-0.005950059452538072,0.2120144991633952,0.5705465941213506,-2.741129720814893
2024-09-18 08:00:00,15,0.94088718073378,0.3619402752528806,0.029624343393172846,0.6940568943514718,-0.3102301895328736
2024-09-18 12:00:00,15,0.4495506595393959,0.08753784232101774,-0.06424687140336018,0.3194664705436461,0.94088718073378
2024-09-18 16:00:00,15,0.8775099273571794,0.1819543135704647,-0.027381939931272026,0.1404892503963584,0.4495506595393959
2024-09-18 20:00:00,15,2.094404949865078,-0.3713861650397129,-0.05949168223700627,-0.208869123609702,0.8775099273571794
2024-09-19 00:00:00,15,-1.1036232096585294,-0.6738300887081226,-0.1507951976044929,-1.0427034598191902,2.094404949865078
2024-09-19 04:00:00,15,-1.400514094133472,-1.138296354477064,0.08915254464771388,-0.6033238037931259,-1.1036232096585294
2024-09-19 08:00:00,15,-0.010416753533615264,-0.004500598556038073,0.11142823887913528,-0.04574455432226987,-1.400514094133472
2024-09-19 12:00:00,15,-0.3426242374993489,-0.1362819396044061,0.007129370404687661,-0.04159738747723374,-0.010416753533615264
2024-09-19 16:00:00,15,1.925072743575475,0.7120454535843338,0.03205486566634861,0.09480978328645051,-0.3426242374993489
2024-09-19 20:00:00,15,-1.5712236642490716,-1.1524478987809783,-0.13809021861024046,-0.6716092195895884,1.925072743575475
2024-09-20 00:00:00,15,-0.7443984493959839,-0.8723959427234378,0.124236561347498,-0.046066274229302095,-1.5712236642490716
2024-09-20 04:00:00,15,-0.7826826566482392,-0.7568416014991366,0.062199945769119865,0.2502971329367556,-0.7443984493959839
2024-09-20 08:00:00,15,0.7402228040004442,0.14920015625682853,0.0650724061215211,0.5619024285177305,-0.7826826566482392
2024-09-20 12:00:00,15,0.46937028415077897,0.9198870895224245,-0.04919104270334565,0.267201448909848,0.7402228040004442
2024-09-20 16:00:00,15,1.4776928647675778,0.12756015729901532,-0.028869004441203064,0.08033354671808901,0.46937028415077897
2024-09-20 20:00:00,15,0.05416206642353494,-0.4337609955857305,-0.10452334974783124,-0.5079724774317995,1.4776928647675778
2024-09-21 00:00:00,15,-2.2657275818040077,-1.4885780488995362,0.0022840278144778776,-0.5295357337194204,0.05416206642353494
2024-09-23 04:00:00,16,-0.6901015239815784,0.061642382398272834,0.3085347630601891,0.6695256606790378,-2.2657275818040077
2024-09-23 08:00:00,16,2.0820964334406096,0.8523950848298513,0.09280415274788854,1.0109569011584663,-0.6901015239815784
2024-09-23 12:00:00,16,-1.374409967610351,0.04076928817054364,-0.2867579611763538,-0.01917090375621644,2.0820964334406096
2024-09-23 16:00:00,16,1.2965820538907913,0.8642869330513369,0.18649788004630627,0.6608254212207729,-1.374409967610351
2024-09-23 20:00:00,16,-1.0658003791857222,-0.40241088104749145,-0.1792073810954624,0.019334852573491546,1.2965820538907913
2024-09-24 00:00:00,16,-0.24675369154506477,-0.3551580100597243,0.1442438601102028,0.5466450133586749,-1.0658003791857222
2024-09-24 04:00:00,16,0.1467271361653033,0.23422258002581411,0.03210212386398722,0.6687276578238377,-0.24675369154506477
2024-09-24 08:00:00,16,0.5159557316967263,0.2921189065068469,-0.02177224479519969,0.596133660604595,0.1467271361653033
2024-09-24 12:00:00,16,0.8289767800512333,0.6034268321083753,-0.07232606107876127,0.3408619369757293,0.5159557316967263
2024-09-24 16:00:00,16,0.4713835170544538,-0.5061465028798416,-0.11518408660255867,-0.06927854309237436,0.8289767800512333
2024-09-24 20:00:00,16,-1.3561778092560886,-0.44674979634400275,-0.06622334970253702,-0.3024979367272076,0.4713835170544538
2024-09-25 00:00:00,16,-1.1898379843351456,-0.4099202331923713,0.18400158047728835,0.36847793513210547,-1.3561778092560886
2024-09-25 04:00:00,16,-0.07828158442704591,0.7906701375433849,0.16122676549420156,0.9571563322137733,-1.1898379843351456
2024-09-25 08:00:00,16,0.882513770189286,0.9933887471823193,0.009035362363863904,0.9958865444344527,-0.07828158442704591
2024-09-25 12:00:00,16,-0.30931052471356146,0.43423072043598404,-0.12251423165786934,0.5592583660797148,0.882513770189286
2024-09-25 16:00:00,16,0.15428763557143377,0.8152995627075644,0.04066724230160415,0.7122913220670908,-0.30931052471356146
2024-09-25 20:00:00,16,1.5125619073624268,1.0833954557605185,-0.022807408654703546,0.6359567292960735,0.15428763557143377
2024-09-26 00:00:00,16,-1.9475375561055763,-0.3565844636950358,-0.2087787793173165,-0.11239097084097072,1.5125619073624268
2024-09-26 04:00:00,16,-0.3865701627122995,0.8711733057373868,0.2649690146401124,0.851163144827308,-1.9475375561055763
2024-09-26 08:00:00,16,1.305977283051563,1.2223191311021493,0.05124543042893807,1.0424206998399201,-0.3865701627122995
2024-09-26 12:00:00,16,-0.6242519134263542,0.21244142004083735,-0.18049375136765652,0.39628179375897776,1.305977283051563
2024-09-26 16:00:00,16,1.9641312341871782,1.469789976350722,0.08378819581865452,0.7051336043492498,-0.6242519134263542
2024-09-26 20:00:00,16,-1.3109727194137726,0.004376645214143444,-0.2706064737696744,-0.26663031798461834,1.9641312341871782
2024-09-27 00:00:00,16,-0.5081814771097051,0.06574248679388325,0.17781221747932996,0.3819801056551393,-1.3109727194137726
2024-09-27 04:00:00,16,-0.05535971008004914,0.027085293823449687,0.06789613441138646,0.6334054772688189,-0.5081814771097051
2024-09-27 08:00:00,16,0.9303671690260433,0.6642619152000493,0.005896959112769177,0.6607949755214229,-0.05535971008004914
2024-09-27 12:00:00,16,-0.8103411984656717,0.327933447785528,-0.12906619421606605,0.20049108459656306,0.9303671690260433
2024-09-27 16:00:00,16,0.8775506501109724,1.3612759099945901,0.10926705537089729,0.6014115158505398,-0.8103411984656717
2024-09-27 20:00:00,16,0.24436433585483286,0.4080137826221253,-0.12183469420148356,0.16723886640872188,0.8775506501109724
2024-09-28 00:00:00,16,-0.37927116447537657,-0.2869783653190171,-0.035140475520779625,0.046338367829219074,0.24436433585483286
2024-09-30 04:00:00,16,-1.31535862712294,-0.2368916052105965,0.050246070627478594,0.2339847063241356,-0.37927116447537657
2024-09-30 08:00:00,16,1.2784039507221134,0.9776767969737578,0.17841272452360907,0.8847650801201103,-1.31535862712294
2024-09-30 12:00:00,16,-0.043306913118049906,0.7665988100043916,-0.17671848262146875,0.25226822051238607,1.2784039507221134
2024-09-30 16:00:00,16,0.30316729255444486,0.8328405515872052,0.0042467215886602865,0.27369453613899086,-0.043306913118049906
2024-09-30 20:00:00,16,1.9304225968724058,0.8107250640303553,-0.04319162298308234,0.12370097552135473,0.30316729255444486
2024-10-01 00:00:00,16,-2.7395813939522142,-0.9022924190839033,-0.2659911750669086,-0.8313854269791259,1.9304225968724058
2024-10-01 04:00:00,16,-0.3485472348261123,-0.09372470958264836,0.37341359112096717,0.5240364076731838,-2.7395813939522142
2024-10-01 08:00:00,16,1.2804169895649355,0.7535955231774478,0.04603943031360347,0.6964819256395103,-0.3485472348261123
2024-10-01 12:00:00,16,-1.0935025353984056,0.403887785914348,-0.17699410264944962,0.06298910482121922,1.2804169895649355
2024-10-01 16:00:00,16,3.6337450011219,1.1752271937286212,0.14803676708648636,0.6040050483513548,-1.0935025353984056
2024-10-01 20:00:00,16,-1.0241463792517411,-1.0313387180362572,-0.4992056360762674,-1.1938087807803877,3.6337450011219
2024-10-02 00:00:00,16,-1.2933610387642709,-0.6992012950211294,0.13854070308059305,-0.6871071484133626,-1.0241463792517411
2024-10-02 04:00:00,16,-1.1173943191260083,-0.13957373068373874,0.17540087209932703,-0.04721019338963384,-1.2933610387642709
2024-10-02 08:00:00,16,0.2648870120365139,1.1095717707622421,0.15130796780027025,0.5056263317098866,-1.1173943191260083
2024-10-02 12:00:00,16,1.093711152844076,1.383286255405542,-0.03795038681663274,0.3745721346625972,0.2648870120365139
2024-10-02 16:00:00,16,1.3593476646067444,0.27984348999110886,-0.15143082644905112,-0.16654702341030436,1.093711152844076
2024-10-02 20:00:00,16,-1.7117229314235214,-0.7117390245352095,-0.18780108481034652,-0.8390911973337403,1.3593476646067444
2024-10-03 00:00:00,16,-0.7633812718939303,-0.14396318425950055,0.23268189127688668,0.007792432861832843,-1.7117229314235214
2024-10-03 04:00:00,16,-0.2843852624658716,0.34864602429284497,0.10283742470488537,0.3854792014951185,-0.7633812718939303
2024-10-03 08:00:00,16,0.9900619422830452,1.8072350184387729,0.03725454040435342,0.5261802571565788,-0.2843852624658716
2024-10-03 12:00:00,16,-0.5459118880962386,1.1782956487416976,-0.13723944687538372,0.03634207341392681,0.9900619422830452
2024-10-03 16:00:00,16,1.6257450267753768,1.430862531243295,0.07306208387575876,0.3064347578493569,-0.5459118880962386
2024-10-03 20:00:00,16,-0.8824767781283462,0.3416054592063713,-0.2242755168247876,-0.4979108665344487,1.6257450267753768
2024-10-04 00:00:00,16,-1.2002785269635794,0.06718029124091371,0.11914367079535111,-0.061300990190090054,-0.8824767781283462
2024-10-04 04:00:00,16,0.49619011440286265,0.6780787983833424,0.16265625736001674,0.532542918482303,-1.2002785269635794
2024-10-04 08:00:00,16,-0.23507907429667263,0.40355090037087515,-0.06961980431127823,0.28705033458428364,0.49619011440286265
2024-10-04 12:00:00,16,1.5593488148551717,1.2581575208077025,0.03050366571990264,0.4033569027610717,-0.23507907429667263
2024-10-04 16:00:00,16,0.7747583267876283,1.2049213084702792,-0.21518472066229807,-0.36813885792694556,1.5593488148551717
2024-10-04 20:00:00,16,-1.0542408272347963,-0.225891849905096,-0.1077606373934795,-0.7514544823595148,0.7747583267876283
2024-10-05 00:00:00,16,-0.3439855656109252,-0.1749711586842679,0.14266115640653565,-0.22986346872129015,-1.0542408272347963
2024-10-07 04:00:00,16,-1.6267691026089572,-0.14945846569387902,0.04541485846233871,-0.05967485981062293,-0.3439855656109252
2024-10-07 08:00:00,16,1.1889948390838168,1.1355638020512242,0.22105023461092535,0.7451774313027197,-1.6267691026089572
2024-10-07 12:00:00,16,-0.818359904472139,1.0343356606639442,-0.16447682025148522,0.15691618462437962,1.1889948390838168
2024-10-07 16:00:00,16,0.8602883253365352,1.894850949832405,0.11036495568303155,0.5618039114771713,-0.818359904472139
2024-10-07 20:00:00,16,1.1720404947059215,0.8869593311613129,-0.1194711817167096,0.13617188505454347,0.8602883253365352
2024-10-08 00:00:00,16,-1.3839382439597667,-0.5621393423750262,-0.16215547563933583,-0.44370111347291363,1.1720404947059215
2024-10-08 04:00:00,16,-0.6299223763497235,0.1865612856655999,0.18780246679255783,0.24100937471131179,-1.3839382439597667
2024-10-08 08:00:00,16,0.8050024562961298,1.3095683165087484,0.0845645808125041,0.5526666756863152,-0.6299223763497235
2024-10-08 12:00:00,16,-0.18515268454149592,1.136588362630503,-0.11190158472348906,0.15438761428619685,0.8050024562961298
2024-10-08 16:00:00,16,0.8269320272397653,0.8868884465867077,0.023667874651900452,0.24599284708783742,-0.18515268454149592
2024-10-08 20:00:00,16,-0.8250298578841537,0.20132258116865,-0.11490412438070674,-0.16313598112234118,0.8269320272397653
2024-10-09 00:00:00,16,-1.8320406481537699,0.5610442823280141,0.11127818830773006,0.24505173912021316,-0.8250298578841537
2024-10-09 04:00:00,16,0.0040907369125662285,1.7543811686596649,0.24915547924069037,1.1514631718887278,-1.8320406481537699
2024-10-09 08:00:00,16,1.322812809476316,2.017413629717441,-0.0022428410316768857,1.1494392589860665,0.0040907369125662285
2024-10-09 12:00:00,16,-0.5711605676357916,1.608453897475506,-0.18279882773556091,0.49497089054114696,1.322812809476316
2024-10-09 16:00:00,16,1.4320867070640055,1.397619381530207,0.07651906722507915,0.7775554876533084,-0.5711605676357916
2024-10-09 20:00:00,16,-0.1472012098973412,0.5127647247730012,-0.1977603247866923,0.06902330235122811,1.4320867070640055
2024-10-10 00:00:00,16,-1.6374029765718685,0.12505986325822757,0.018471657728101647,0.14185184996165745,-0.1472012098973412
2024-10-10 04:00:00,16,-1.32269693560157,1.1830559448407894,0.22250619689881326,0.9519653043271985,-1.6374029765718685
2024-10-10 08:00:00,16,1.494505107724624,2.5141148961060242,0.17941746658083468,1.606376343582979,-1.32269693560157
2024-10-10 12:00:00,16,1.798724283530916,1.659904031009767,-0.2063064894063882,0.8669623369463535,1.494505107724624
2024-10-10 16:00:00,16,0.4349794902264694,0.6993355621240502,-0.24795938549779872,-0.022965654899126164,1.798724283530916
2024-10-10 20:00:00,16,-0.5591228205036991,0.7802792623494328,-0.061239005297697595,-0.23817397102377935,0.4349794902264694
2024-10-11 00:00:00,16,-1.9678541964865754,0.6423519265992196,0.07487089028442834,0.038454889442308016,-0.5591228205036991
2024-10-11 04:00:00,16,-0.5912401359096933,1.205037046280508,0.26775071605151574,1.0120607663176004,-1.9678541964865754
2024-10-11 08:00:00,16,1.3283727626391357,2.152271284012443,0.07926830934190665,1.3045798320054791,-0.5912401359096933
2024-10-11 12:00:00,16,0.19365514085792768,1.3344408176253963,-0.18356008202122598,0.6473606484421746,1.3283727626391357
2024-10-11 16:00:00,16,1.9160786108528,1.3093644782677254,-0.028197504800781103,0.5515487821143648,0.19365514085792768
2024-10-11 20:00:00,16,-1.485914266900787,-0.6802298845474115,-0.2640272339128779,-0.39644086031545633,1.9160786108528
2024-10-12 00:00:00,16,-1.1752987956298853,-0.0997568412876029,0.20176475788127676,0.33872278411022805,-1.485914266900787
2024-10-14 04:00:00,16,-0.9513641662640495,1.4409182261447937,0.15923609769757577,0.920207843599246,-1.1752987956298853
2024-10-14 08:00:00,16,0.9400786333636155,1.7175109160192206,0.12857555230781745,1.3909001057480284,-0.9513641662640495
2024-10-14 12:00:00,16,0.055648953845590654,1.4325122462381223,-0.13039586258386776,0.9257914184266633,0.9400786333636155
2024-10-14 16:00:00,16,2.186460550036328,1.6070750716151168,-0.009302057620762303,0.898258815349279,0.055648953845590654
2024-10-14 20:00:00,16,-1.4862929071913058,-0.27309934827485566,-0.30104722381968324,-0.18350366729401912,2.186460550036328
2024-10-15 00:00:00,16,-0.6473379898012634,0.1736565925252315,0.20181660032229057,0.5518473113420601,-1.4862929071913058
2024-10-15 04:00:00,16,-1.4932292423195719,0.7041572211725754,0.08694908118314171,0.8721210756892388,-0.6473379898012634
2024-10-15 08:00:00,16,1.4548078900688992,2.1178282920856026,0.20276630523680533,1.6109038414246433,-1.4932292423195719
2024-10-15 12:00:00,16,0.13226770925672326,1.5701845437884339,-0.2008712499026665,0.8911302352171839,1.4548078900688992
2024-10-15 16:00:00,16,1.840720513067792,1.637488002777809,-0.01979249777574184,0.8256901130358267,0.13226770925672326
2024-10-15 20:00:00,16,-0.06776768840520475,-0.13036651502530067,-0.2537093997120386,-0.08501572706523408,1.840720513067792
2024-10-16 00:00:00,16,-1.8214054678279776,-0.6747439215963033,0.007595827142742623,-0.051487318399917825,-0.06776768840520475
2024-10-16 04:00:00,16,-1.2130680245341878,0.946254451580766,0.24769933808900405,0.8496623047867145,-1.8214054678279776
2024-10-16 08:00:00,16,1.6883806711555849,1.8168619119454312,0.1644073620100047,1.449833882459818,-1.2130680245341878
2024-10-16 12:00:00,16,-0.29106653937401816,2.0316970247681816,-0.23285142588795782,0.6144989543057848,1.6883806711555849
2024-10-16 16:00:00,16,2.1747675339725454,1.567182615481219,0.038169323412608536,0.758505605714336,-0.29106653937401816
2024-10-16 20:00:00,16,-1.5383720346696048,-0.2102114843905528,-0.2994462465577829,-0.31747169773305384,2.1747675339725454
2024-10-17 00:00:00,16,-1.2136284096172982,0.00642446269596928,0.20894713862460373,0.4436456942206064,-1.5383720346696048
2024-10-17 04:00:00,16,-0.24457452107997213,0.9308324086439286,0.164484088473996,1.0440945252650229,-1.2136284096172982
2024-10-17 08:00:00,16,1.2495747002395703,1.9222896517595838,0.03180375752758714,1.1650990140541628,-0.24457452107997213
2024-10-17 12:00:00,16,-0.06614721392046263,1.0378385500093859,-0.17277125683742672,0.546865572816472,1.2495747002395703
2024-10-17 16:00:00,16,1.8326016458264025,1.703992043855896,0.007373956002789487,0.5795922434848944,-0.06614721392046263
2024-10-17 20:00:00,16,-0.5202623394190375,-0.28943869606781064,-0.2525977855848579,-0.327096745736716,1.8326016458264025
2024-10-18 00:00:00,16,-0.6088685820312669,-1.0103129554137558,0.06955021456965259,-0.06969430602363857,-0.5202623394190375
2024-10-18 04:00:00,16,-1.9344532369148855,-0.03565477973708977,0.08168195020661821,0.23154652308288526,-0.6088685820312669
2024-10-18 08:00:00,16,0.6520460896516234,1.504376626184651,0.2631775437828522,1.1886271052537571,-1.9344532369148855
2024-10-18 12:00:00,16,-0.007089207271029352,2.005063616840407,-0.0909591979410726,0.8660239845490745,0.6520460896516234
2024-10-18 16:00:00,16,1.2588671180023532,1.3403363396171042,-0.0007121122334252243,0.8695314059189014,-0.007089207271029352
2024-10-18 20:00:00,16,-0.4902236641405455,0.5379368516266734,-0.17404355044115938,0.24670049370984515,1.2588671180023532
2024-10-19 00:00:00,16,-0.6147660878616303,0.09811907793956345,0.06543739749695321,0.48924114598109725,-0.4902236641405455
2024-10-21 04:00:00,17,-1.3132149605388719,0.4038971172418546,0.08204267362248721,0.6239703773646017,-0.6147660878616303
2024-10-21 08:00:00,17,1.5772786753330905,1.486395470712366,0.18022797570743893,1.4025823651595157,-1.3132149605388719
2024-10-21 12:00:00,17,0.45735452690486156,0.4479050202280202,-0.22610669231895936,0.4674056259273591,1.5772786753330905
2024-10-21 16:00:00,17,1.698668244187413,0.32789561167292186,-0.06867198932607277,0.19623774555667595,0.45735452690486156
2024-10-21 20:00:00,17,-0.7422336933054083,-1.1526351811184707,-0.2431711790039159,-0.8109115011044601,1.698668244187413
2024-10-22 00:00:00,17,-1.649453379105946,-1.2206087326402686,0.09996158771360675,-0.37083727965655555,-0.7422336933054083
2024-10-22 04:00:00,17,-0.41129809840225917,-0.4024164562964438,0.22749510146430227,0.60713221724418,-1.649453379105946
2024-10-22 08:00:00,17,1.1366137450422311,0.6474226283940461,0.05343991286047233,0.8509930013475238,-0.41129809840225917
2024-10-22 12:00:00,17,0.6459707260200922,0.13177419332430845,-0.16415968232092598,0.17708879375366138,1.1366137450422311
2024-10-22 16:00:00,17,0.23918690640801188,0.02996722549119784,-0.09518694154763968,-0.20591061316555326,0.6459707260200922
2024-10-22 20:00:00,17,-0.28319847734675463,-0.31871293014841146,-0.0380028100037131,-0.3477257753812193,0.23918690640801188
2024-10-23 00:00:00,17,-1.6670980728120544,-0.8741347739269247,0.0354321524039461,-0.1798159235950596,-0.28319847734675463
2024-10-23 04:00:00,17,-1.2843152743944444,0.12663597243094477,0.22997552580100425,0.8086152040770074,-1.6670980728120544
2024-10-23 08:00:00,17,1.7311892290187814,1.9894995844981487,0.17616536708245206,1.5700924174810407,-1.2843152743944444
2024-10-23 12:00:00,17,-0.1450624295790348,0.7487794881132729,-0.24774285610825217,0.5436613095820402,1.7311892290187814
2024-10-23 16:00:00,17,2.4788376476354,1.0249428506142189,0.016013509022210097,0.6296695793953422,-0.1450624295790348
2024-10-23 20:00:00,17,0.26119521621338215,-0.37000873228952763,-0.3528444443659965,-0.8400461687821537,2.4788376476354
2024-10-24 00:00:00,17,-2.084694222362975,-1.7617755622734035,-0.04109665499531071,-0.9949101724750244,0.26119521621338215
2024-10-24 04:00:00,17,-1.134720566636533,-0.23186136038920807,0.2886796138124929,0.2411158866193297,-2.084694222362975
2024-10-24 08:00:00,17,1.2769267405188014,0.7154666718244688,0.15513590859793958,0.9138976188789893,-1.134720566636533
2024-10-24 12:00:00,17,-0.7182866172023576,0.30673378381387334,-0.18388435278177703,0.15680110568068706,1.2769267405188014
2024-10-24 16:00:00,17,2.563423565237308,0.6939029926167442,0.09659519828524857,0.5826769810186594,-0.7182866172023576
2024-10-24 20:00:00,17,-0.981644524915037,-0.9276124644194312,-0.3647352128914602,-0.9371901981297821,2.563423565237308
2024-10-25 00:00:00,17,-2.0186556149487984,-0.9995533575170927,0.13361705734576046,-0.3551680480482311,-0.981644524915037
2024-10-25 04:00:00,17,-0.5204451114729025,0.16874540742414507,0.27939615603644063,0.8417033768582343,-2.0186556149487984
2024-10-25 08:00:00,17,1.4451102891841145,1.4035382699448895,0.0687833873354659,1.1502779933214686,-0.5204451114729025
2024-10-25 12:00:00,17,-0.6263026582199274,0.32086062103767193,-0.20752696024726838,0.2934645784157972,1.4451102891841145
2024-10-25 16:00:00,17,2.3064536936240803,1.1663343803958586,0.08366444107027737,0.6648026855279436,-0.6263026582199274
2024-10-25 20:00:00,17,0.5665664183104759,-0.6326191251186173,-0.32861135979629563,-0.7027057187417238,2.3064536936240803
2024-10-26 00:00:00,17,0.4144450452171604,-1.6107122864562713,-0.08402458415212868,-1.0386258981749128,0.5665664183104759
2024-10-28 04:00:00,17,-2.965173647889758,-2.6285545737722678,-0.06263993660664269,-1.2843525234304387,0.4144450452171604
2024-10-28 08:00:00,17,0.6797901603905974,-0.1676532872826345,0.4124540828635457,0.4737143715683576,-2.965173647889758
2024-10-28 12:00:00,17,0.2033859526381061,-0.07339698923760488,-0.0999411497794922,0.07066324591871265,0.6797901603905974
2024-10-28 16:00:00,17,0.41239928119690283,-0.2219694189191934,-0.032970047265685226,-0.049925344397175664,0.2033859526381061
2024-10-28 20:00:00,17,-0.6980872626177188,-0.4333163173907371,-0.06235235083453945,-0.2944390255131406,0.41239928119690283
2024-10-29 00:00:00,17,-0.8212908036227073,-0.33044233721022975,0.09375564937995551,0.1194605473169279,-0.6980872626177188
2024-10-29 04:00:00,17,0.6982448100819827,0.38880835045443335,0.11107513741226072,0.6064081411091546,-0.8212908036227073
2024-10-29 08:00:00,17,0.023022668756622622,0.1470416429042637,-0.10253543466662374,0.1924151575672024,0.6982448100819827
2024-10-29 12:00:00,17,-0.10867375588465578,0.002383123450956862,-0.007615258668122656,0.17876489738620194,0.023022668756622622
2024-10-29 16:00:00,17,0.8686881880776802,0.8835354353588782,0.010898126839032928,0.24319813309634775,-0.10867375588465578
2024-10-29 20:00:00,17,0.41526368857045703,0.12807014951304863,-0.1264957203962573,-0.2718516167295135,0.8686881880776802
2024-10-30 00:00:00,17,-1.5023963364444626,-1.3203984623994407,-0.06275501839442646,-0.5180636198917501,0.41526368857045703
2024-10-30 04:00:00,17,-1.0263354981488408,-0.28620261477792924,0.2068223783455842,0.37271499071348124,-1.5023963364444626
2024-10-30 08:00:00,17,0.9572046564927295,1.0489085965050873,0.13989954541194027,0.9812346515238026,-1.0263354981488408
2024-10-30 12:00:00,17,0.5255097649313392,0.3382772284095421,-0.13893903089586618,0.4137030266841606,0.9572046564927295
2024-10-30 16:00:00,17,2.077576148483317,0.8170088086016986,-0.07825299503183164,0.10212555081461261,0.5255097649313392
2024-10-30 20:00:00,17,-1.1351725397427277,-0.9973125987318708,-0.29643661975559876,-1.129680165213867,2.077576148483317
2024-10-31 00:00:00,17,-0.2370295079133271,-0.8522534440152668,0.15519944526855642,-0.4566304557461951,-1.1351725397427277
2024-10-31 04:00:00,17,-2.64151507731275,-0.7533583957983735,0.028941893219482116,-0.31609442633124374,-0.2370295079133271
2024-10-31 08:00:00,17,1.4847333003196397,1.8246069331343528,0.3669553845799101,1.2500736169362145,-2.64151507731275
2024-10-31 12:00:00,17,0.27859877191393423,1.1970711432515377,-0.21309701336074047,0.36976751241787476,1.4847333003196397
2024-10-31 16:00:00,17,1.5661958913910947,0.9014582116926693,-0.04354318106279658,0.2045848499327345,0.27859877191393423
2024-10-31 20:00:00,17,0.5996522630843479,0.561159857653243,-0.22454871645006572,-0.7240208489940034,1.5661958913910947
2024-11-01 00:00:00,17,-1.082896816726862,-1.0944424735013654,-0.0886756671317695,-1.0795577980660997,0.5996522630843479
2024-11-01 04:00:00,17,-1.1434568074625044,-0.6237192736798577,0.14785072175161848,-0.4375026369655117,-1.082896816726862
2024-11-01 08:00:00,17,0.30376149950443576,0.6344230989938809,0.15636401630652097,0.24045885796801514,-1.1434568074625044
2024-11-01 12:00:00,17,0.2896790452183442,0.8348708758780017,-0.04708046218157709,0.060357083276338486,0.30376149950443576
2024-11-01 16:00:00,17,1.8557289188176185,1.237213019205741,-0.04510080399574969,-0.11139513094412479,0.2896790452183442
2024-11-01 20:00:00,17,-0.3967811879905092,-0.8254969951912633,-0.26525017488678165,-1.2116664693822639,1.8557289188176185
2024-11-02 00:00:00,17,-1.661868216258041,-1.125435964630636,0.05139918047493019,-0.9764128370491783,-0.3967811879905092
2024-11-04 04:00:00,17,-0.3235659448869388,0.5865959486729969,0.22924033233773974,0.00891748144102067,-1.661868216258041
2024-11-04 08:00:00,17,0.5790033126116736,0.4896089364255972,0.04110685838442096,0.20076141491843025,-0.3235659448869388
2024-11-04 12:00:00,17,0.041263145634610865,0.6645371002687508,-0.08577291573620155,-0.14253266390277197,0.5790033126116736
2024-11-04 16:00:00,17,1.3566093893935847,0.5544001755712544,-0.01017943595081184,-0.1669977977998549,0.041263145634610865
2024-11-04 20:00:00,17,-1.3729861958596778,-0.4577450222919433,-0.19508583832603837,-0.9713385684102871,1.3566093893935847
2024-11-05 00:00:00,17,-0.17835015616076255,-0.14536356942327083,0.18863039000795712,-0.1572879039748063,-1.3729861958596778
2024-11-05 04:00:00,17,-0.9401252628598069,-0.31313527764540927,0.02069297178319955,-0.051543167747555074,-0.17835015616076255
2024-11-05 08:00:00,17,0.9553991418544694,1.2114583148674092,0.12778043644663722,0.5058619956775718,-0.9401252628598069
2024-11-05 12:00:00,17,-0.2613497963495792,0.5795542822076802,-0.13868521847363857,-0.06059913013203122,0.9553991418544694
2024-11-05 16:00:00,17,1.792940356325408,0.5644388589401712,0.03236074742673923,0.0943565249284628,-0.2613497963495792
2024-11-05 20:00:00,17,-0.6988800045262913,-1.0906693904788585,-0.256423596139297,-0.968687147878466,1.792940356325408
2024-11-06 00:00:00,17,0.6424744852409834,-1.801616049026715,0.09386709004055854,-0.5543175542431324,-0.6988800045262913
2024-11-06 04:00:00,17,-0.17404207733065924,-0.5213501836064081,-0.0946954532362008,-0.9352440218000702,0.6424744852409834
2024-11-06 08:00:00,17,0.3515780582721746,0.10956867482347325,0.02008735834764756,-0.8320535679426335,-0.17404207733065924
2024-11-06 12:00:00,17,-0.30130499745232164,-0.9593043969885885,-0.053802333246064905,-1.0405060293005564,0.3515780582721746
2024-11-06 16:00:00,17,0.7321159996833089,-1.1064246640363995,0.03797749854998231,-0.8618607274661727,-0.30130499745232164
2024-11-06 20:00:00,17,-1.8143725013100198,-2.2441605821804695,-0.1072969184531681,-1.2959361156843912,0.7321159996833089
2024-11-07 00:00:00,17,-0.3594139250803501,-1.1873950656008654,0.25067880819880334,-0.22018521252247858,-1.8143725013100198
2024-11-07 04:00:00,17,-0.8544935209943727,-0.38372914483774395,0.0461462319192852,-0.007086824933937308,-0.3594139250803501
2024-11-07 08:00:00,17,0.9757437253065309,-0.17081322442321534,0.11574264989987082,0.4995468328689654,-0.8544935209943727
2024-11-07 12:00:00,17,-0.3150040066865447,-0.40868284031632046,-0.14154518310408654,-0.07897670240022059,0.9757437253065309
2024-11-07 16:00:00,17,0.008880820893709895,-0.009459806404041822,0.03990325348000464,0.10779081333759066,-0.3150040066865447
2024-11-07 20:00:00,17,0.8396952207499773,0.050255232662941345,-0.005627251157798902,0.10252532838875617,0.008880820893709895
2024-11-08 00:00:00,17,-2.7540911231807517,-0.6845299127463078,-0.12241999865516845,-0.3953343401469631,0.8396952207499773
2024-11-08 04:00:00,17,0.7410840341862368,0.9531591041632252,0.38278089952234307,1.2375806268803409,-2.7540911231807517
2024-11-08 08:00:00,17,0.3161271690743348,0.47918481105958544,-0.10855761084057661,0.798188044310276,0.7410840341862368
2024-11-08 12:00:00,17,0.8936226752324927,0.58912912435237,-0.048818781262184,0.6107545997446255,0.3161271690743348
2024-11-08 16:00:00,17,0.22182827760585333,0.0026627548828165237,-0.13000091633743532,0.0809210626549568,0.8936226752324927
2024-11-08 20:00:00,17,0.1290139366245988,0.05819467614028317,-0.03556259958976046,-0.050602078160421726,0.22182827760585333
2024-11-09 00:00:00,17,0.20944646395268407,-0.9877456751045001,-0.02251511041259434,-0.1270951129392106,0.1290139366245988
2024-11-11 04:00:00,17,-2.8293993187339286,-2.912777605454677,-0.03382201103495898,-0.2512770119695844,0.20944646395268407
2024-11-11 08:00:00,17,0.8297224569134407,0.2715451938282332,0.3933674409559609,1.4262885763184183,-2.8293993187339286
2024-11-11 12:00:00,17,0.9363837653352824,0.6783901036430141,-0.12101806521634864,0.9343418113879025,0.8297224569134407
2024-11-11 16:00:00,17,0.5022934659224241,0.5507825033627202,-0.13601210872884234,0.37915500132642066,0.9363837653352824
2024-11-11 20:00:00,17,-0.4240753890963944,-0.5653830114652519,-0.07498933548471648,0.08134259002265942,0.5022934659224241
2024-11-12 00:00:00,17,-0.2785811441914525,-0.6763963333231877,0.055236096082620145,0.33277909630777813,-0.4240753890963944
2024-11-12 04:00:00,17,-0.6680359844892294,-0.5731816712263447,0.03478306516447153,0.49795130722447567,-0.2785811441914525
2024-11-12 08:00:00,17,0.8671464937847215,0.3476524073654787,0.08953115430736039,0.8940333207801654,-0.6680359844892294
2024-11-12 12:00:00,17,0.36241032278452145,0.5512073785279199,-0.1262789948408182,0.379897649527944,0.8671464937847215
2024-11-12 16:00:00,17,1.1012332301957368,-0.02825088750589467,-0.05532509204060929,0.1650226821388543,0.36241032278452145
2024-11-12 20:00:00,17,-0.2719783776134985,-1.1399604340448262,-0.15918602329731202,-0.4879042339820767,1.1012332301957368
2024-11-13 00:00:00,17,-1.445923064966614,-1.7171452870768584,0.03385487320022962,-0.3266468377489531,-0.2719783776134985
2024-11-13 04:00:00,17,-0.3147109786611857,-0.03202507636549402,0.1988835793343925,0.5306484761501498,-1.445923064966614
2024-11-13 08:00:00,17,0.1831362385847335,0.4962001351030874,0.03986206070797116,0.7172422540459777,-0.3147109786611857
2024-11-13 12:00:00,17,2.7880591049958756,0.6083480870511095,-0.030123419016657965,0.6086598246292194,0.1831362385847335
2024-11-13 16:00:00,17,-0.6039339868550524,-2.3700618435637812,-0.39631362785212604,-1.0443949356818916,2.7880591049958756
2024-11-13 20:00:00,17,-0.32348445715581065,-0.8709510169056414,0.08051993781296571,-0.6863193302919228,-0.6039339868550524
2024-11-14 00:00:00,17,-1.5395499540167634,-1.7917589742466349,0.0410954031472375,-0.49452371131459216,-0.32348445715581065
2024-11-14 04:00:00,17,-0.14719092946137025,-0.10183453095808832,0.212045293447304,0.4182834726019511,-1.5395499540167634
2024-11-14 08:00:00,17,0.366937341079165,0.3458850045794617,0.016312725489027225,0.5055537410782343,-0.14719092946137025
2024-11-14 12:00:00,17,0.11671119489753501,0.43019183016569096,-0.055961483158401354,0.28799468097082226,0.366937341079165
2024-11-14 16:00:00,17,1.4433518917727675,0.6162588066380262,-0.020785637490239,0.21879600582033376,0.11671119489753501
2024-11-14 20:00:00,17,0.8019903477123904,-0.7705152437746299,-0.20727977138667686,-0.6369748461044669,1.4433518917727675
2024-11-15 00:00:00,17,-1.729632030750567,-1.0651456690674521,-0.1171195901441206,-1.1124790990932105,0.8019903477123904
2024-11-15 04:00:00,17,-0.5672025599095534,-0.2293473450857284,0.23876631320284436,-0.08697126215550455,-1.729632030750567
2024-11-15 08:00:00,17,0.9342161454825249,0.19516541394540793,0.07535637267350023,0.24932608894405917,-0.5672025599095534
2024-11-15 12:00:00,17,-1.2185699459587145,-0.2442017364742974,-0.1357073929244735,-0.30457552802028687,0.9342161454825249
2024-11-15 16:00:00,17,1.5153316940786716,1.6612241697207366,0.16692313735646966,0.417920937829237,-1.2185699459587145
2024-11-15 20:00:00,17,0.14019661781109605,0.35781088840384123,-0.21739841988034575,-0.48052711366956835,1.5153316940786716
2024-11-16 00:00:00,17,-1.6844108860467593,-0.5352354946483218,-0.024087129458465605,-0.5636504183501891,0.14019661781109605
2024-11-18 04:00:00,18,-1.5715610616786542,1.0951732041222206,0.2515354067331346,0.37191423746973484,-1.6844108860467593
2024-11-18 08:00:00,18,2.067628553851222,1.5466221841334726,0.23470090106345684,1.3159773169235756,-1.5715610616786542
2024-11-18 12:00:00,18,0.8037007331219588,0.28014830765821147,-0.30817950268296973,0.07391817756663066,2.067628553851222
2024-11-18 16:00:00,18,0.5964468592587622,-0.8707293873911512,-0.11963157907500012,-0.4088783281319621,0.8037007331219588
2024-11-18 20:00:00,18,-0.4038186943194013,-1.6531939814498766,-0.08871423796127506,-0.767173956862381,0.5964468592587622
2024-11-19 00:00:00,18,-1.0210793817759587,-1.61838460623352,0.06050155592394969,-0.5245932965264775,-0.4038186943194013
2024-11-19 04:00:00,18,-1.1131423076025424,-0.2538428009503918,0.15258214710645157,0.08878620811496774,-1.0210793817759587
2024-11-19 08:00:00,18,3.569303769611542,0.6865513501708241,0.16631574266562005,0.7574694558808037,-1.1131423076025424
2024-11-19 12:00:00,18,-0.08815248914701712,-0.9100917151129517,-0.5321936743955545,-1.386671163540245,3.569303769611542
2024-11-19 16:00:00,18,-1.3033540485739312,-1.563811045548622,0.013411677402152891,-1.3337164852939152,-0.08815248914701712
2024-11-19 20:00:00,18,-0.2488221962274455,-0.42087848659547594,0.19469080350202084,-0.5507698555262888,-1.3033540485739312
2024-11-20 00:00:00,18,-1.0723838334606093,-1.2644074516540262,0.03737977048458573,-0.40129819035532854,-0.2488221962274455
2024-11-20 04:00:00,18,-0.9679542575159292,-0.3444653145045216,0.1602355492061102,0.24290075861325278,-1.0723838334606093
2024-11-20 08:00:00,18,1.7018117655883547,0.8376961732805907,0.1446571440276646,0.8243671103850776,-0.9679542575159292
2024-11-20 12:00:00,18,-0.16381352978650376,0.290172380930076,-0.2536083517701722,-0.1979397507661016,1.7018117655883547
2024-11-20 16:00:00,18,2.316320585075614,0.18778365295518973,0.02469850239059436,-0.09953421683077757,-0.16381352978650376
2024-11-20 20:00:00,18,-0.4695404709724702,-1.1949972597317948,-0.34527842980220397,-1.4909868290589259,2.316320585075614
2024-11-21 00:00:00,18,-0.27974422418672695,-2.2333493389312618,0.070305679482693,-1.20892599555813,-0.4695404709724702
2024-11-21 04:00:00,18,-1.9314983679992785,-1.7424103550540102,0.04199260048155987,-1.04087894973539,-0.27974422418672695
2024-11-21 08:00:00,18,1.8127149299012402,-0.7227633603858933,0.2883949733219837,0.11940450454270923,-1.9314983679992785
2024-11-21 12:00:00,18,-0.3729720760258264,-1.0585094503155041,-0.27015246212979943,-0.9695237468779414,1.8127149299012402
2024-11-21 16:00:00,18,2.0579133696882526,-0.4353316109651088,0.05589997525281184,-0.7454731673432651,-0.3729720760258264
2024-11-21 20:00:00,18,-3.0855165374872655,-2.5243162806992645,-0.30673022862526284,-1.981696232683106,2.0579133696882526
2024-11-22 00:00:00,18,-0.8486044255007386,-0.5667584151822462,0.46054699505474833,-0.12817471505619515,-3.0855165374872655
2024-11-22 04:00:00,18,1.2777339214617083,0.6022959763902548,0.12685299204971362,0.3815961915356585,-0.8486044255007386
2024-11-22 08:00:00,18,0.6172370270918979,0.2548504274800249,-0.1903460391231664,-0.3859599983137567,1.2777339214617083
2024-11-22 12:00:00,18,-1.1539249104128348,1.4438934717143115,-0.09181563577221746,-0.7567446294415436,0.6172370270918979
2024-11-22 16:00:00,18,2.1912116072265846,1.2154660909254567,0.172399535547695,-0.06356258838281015,-1.1539249104128348
2024-11-22 20:00:00,18,-1.5262866132330934,-1.44309970731811,-0.32661515045090406,-1.3798601399674242,2.1912116072265846
2024-11-23 00:00:00,18,0.48423785774025774,-0.7487965052578301,0.2279470318100835,-0.4629941807924709,-1.5262866132330934
2024-11-25 04:00:00,18,-3.812487073722572,-0.04051862748610911,-0.07197532779611195,-0.7538839809495812,0.48423785774025774
2024-11-25 08:00:00,18,0.35384162233972916,3.229262387531906,0.5689936823444173,1.536340926603165,-3.812487073722572
2024-11-25 12:00:00,18,1.853485277603717,2.2800850696916695,-0.05252331556262851,1.3237823313499995,0.35384162233972916
2024-11-25 16:00:00,18,2.283464426428994,1.39058550688487,-0.2762344268417096,0.21036264848519615,1.853485277603717
2024-11-25 20:00:00,18,-1.7012809079031452,-0.42258121450043845,-0.34037707357841274,-1.1613527183585308,2.283464426428994
2024-11-26 00:00:00,18,1.156097813625042,0.09865051710978197,0.25405201214372475,-0.1393647523195245,-1.7012809079031452
2024-11-26 04:00:00,18,-2.325468568660714,0.31929712262894094,-0.17220082925261707,-0.833852092769984,1.156097813625042
2024-11-26 08:00:00,18,0.7014900125999475,0.9611689570761782,0.3471659427395801,0.5630958665781272,-2.325468568660714
2024-11-26 12:00:00,18,0.4833457473130718,0.9334136503812704,-0.1043841742716306,0.14169905442127728,0.7014900125999475
2024-11-26 16:00:00,18,0.007136832065947729,0.704861398416114,-0.0718422461707879,-0.14865484004458018,0.4833457473130718
2024-11-26 20:00:00,18,-0.9854438593183481,0.05043160038411397,-0.0008032194946896629,-0.15294205472685718,0.007136832065947729
2024-11-27 00:00:00,18,-0.7525743801267879,0.41097653817863566,0.1472661760075712,0.43903059408847867,-0.9854438593183481
2024-11-27 04:00:00,18,0.19353847906366184,0.49400182817797955,0.11252759675238522,0.8911146423288123,-0.7525743801267879
2024-11-27 08:00:00,18,0.4463356421797684,0.8249182707392967,-0.028609905068116104,0.7748528329769755,0.19353847906366184
2024-11-27 12:00:00,18,-0.10271712291935842,0.8547873934807432,-0.06632122007978,0.5067315291975625,0.4463356421797684
2024-11-27 16:00:00,18,1.0646900421945258,0.9292272976262541,0.015584373825830783,0.5684354271500283,-0.10271712291935842
2024-11-27 20:00:00,18,-0.6772230862192217,0.5396039403446182,-0.15856496712331322,-0.0711417324064545,1.0646900421945258
2024-11-28 00:00:00,18,-1.1902910960298474,0.043862523301118936,0.10128697859806048,0.3356775302001438,-0.6772230862192217
2024-11-28 04:00:00,18,-1.759716411308304,1.4379150364612798,0.1778245041852818,1.0507053486955567,-1.1902910960298474
2024-11-28 08:00:00,18,0.7853646136494845,2.7438657733289515,0.26276919729569964,2.1077965013935547,-1.759716411308304
2024-11-28 12:00:00,18,-0.19689267534770138,2.3774163914674618,-0.11689626682309642,1.636014810096082,0.7853646136494845
2024-11-28 16:00:00,18,1.1295672546306008,2.2872172538003186,0.02963312295040683,1.7542915413941387,-0.19689267534770138
2024-11-28 20:00:00,18,1.450650994267674,1.1892934153414572,-0.1682431018187242,1.0757415525583678,1.1295672546306008
2024-11-29 04:00:00,18,-2.4314388555869844,0.5096494011122662,-0.21614114743490648,0.2043111778465594,1.450650994267674
2024-11-29 08:00:00,18,1.8284500566775321,2.1517467541390256,0.3629741852961532,1.664917265310521,-2.4314388555869844
2024-11-29 12:00:00,18,0.77500624219023,1.4045775131088805,-0.27249976822807503,0.5665366594110992,1.8284500566775321
2024-11-29 16:00:00,18,0.8499371018511788,0.38045815837535346,-0.11535104454175157,0.10097741552365846,0.77500624219023
2024-11-29 20:00:00,18,-0.27622895356897104,-0.5372273675928979,-0.12652894392138578,-0.4095940520963275,0.8499371018511788
2024-11-30 00:00:00,18,-0.9863120755886978,-0.26504686569355873,0.04146820584048333,-0.2436586882727383,-0.27622895356897104
2024-12-02 04:00:00,18,-1.0740119495770148,1.5093967399470125,0.14739569319386323,0.3488355126132152,-0.9863120755886978
2024-12-02 08:00:00,18,-0.34319049872554075,1.116015075105486,0.16047842534832835,0.9940124982308589,-1.0740119495770148
2024-12-02 12:00:00,18,0.19134809289608157,1.818190120064817,0.05145727332818833,1.200172784946071,-0.34319049872554075
2024-12-02 16:00:00,18,1.7401887432684227,2.1077773383016707,-0.028283151627750663,1.0852267772903836,0.19134809289608157
2024-12-02 20:00:00,18,-0.029388197276471573,-0.17978321854146584,-0.25933328268572975,0.039866222196140555,1.7401887432684227
2024-12-03 00:00:00,18,-1.59507070918049,0.024520422944016223,0.004645444843009474,0.05752020503966371,-0.029388197276471573
2024-12-03 04:00:00,18,-0.48374357830589076,1.536020629892169,0.2382079804619219,1.01570592392423,-1.59507070918049
2024-12-03 08:00:00,18,-0.11646813885515073,1.4675106563584497,0.07242444477338218,1.3062988021377393,-0.48374357830589076
2024-12-03 12:00:00,18,1.8536855769703422,1.8068857475330695,0.01763569784898409,1.3762631659203368,-0.11646813885515073
2024-12-03 16:00:00,18,1.1568978494318838,0.2057555181916736,-0.2762643067360025,0.2627231598676669,1.8536855769703422
2024-12-03 20:00:00,18,-1.434038372427409,-0.4503717235128768,-0.17232017553783852,-0.43224477550582563,1.1568978494318838
2024-12-04 00:00:00,18,-0.8546256834451231,0.24568733949842347,0.21418579167030702,0.42920611872968983,-1.434038372427409
2024-12-04 04:00:00,18,-0.587615834367643,0.5500949566370182,0.12775122030634511,0.9425940959246351,-0.8546256834451231
2024-12-04 08:00:00,18,0.40863395806043457,1.4059004032275133,0.08791971110086803,1.2955847799368776,-0.587615834367643
2024-12-04 12:00:00,18,0.03446755940258939,1.495268086567203,-0.06069702687773272,1.050111509936233,0.40863395806043457
2024-12-04 16:00:00,18,1.506816543623092,2.300324299181023,-0.0048803129849224235,1.029406269100022,0.03446755940258939
2024-12-04 20:00:00,18,-0.21776259232034967,-0.0040386758051263625,-0.22451970951383504,0.12423630718626733,1.506816543623092
2024-12-05 00:00:00,18,-2.0423733010426215,-0.15429189067736365,0.03274641743330946,0.255049947526917,-0.21776259232034967
2024-12-05 04:00:00,18,0.44686219875541866,0.7412186599800467,0.3049348722486748,1.4819378330775308,-2.0423733010426215
2024-12-05 08:00:00,18,-0.2596187845031288,0.5057389002862283,-0.06639976977808769,1.2135002179345715,0.44686219875541866
2024-12-05 12:00:00,18,0.6420921054117983,1.5800921688638032,0.03899036427644933,1.3694575747045903,-0.2596187845031288
2024-12-05 16:00:00,18,1.5028273473176732,1.0577898554257137,-0.0955234214000603,0.9837420812953948,0.6420921054117983
2024-12-05 20:00:00,18,0.47445886160589623,0.3574940395386509,-0.2239246164492506,0.08096849648748083,1.5028273473176732
2024-12-06 00:00:00,18,-2.4372364910868605,-1.0746180099457723,-0.07051653451229896,-0.2040468967314002,0.47445886160589623
2024-12-06 04:00:00,18,0.4939129850683841,1.6997177376963393,0.36383905441083636,1.2600419275838526,-2.4372364910868605
2024-12-06 08:00:00,18,-0.19731422448546,1.2436035949145876,-0.07341862632822939,0.9633401162219464,0.4939129850683841
2024-12-06 12:00:00,18,2.2486736458257948,1.5288429462342576,0.02969600804029848,1.0818700791549922,-0.19731422448546
2024-12-06 16:00:00,18,0.5491895963682296,0.1101717186031103,-0.33518711784213595,-0.268945882458004,2.2486736458257948
2024-12-06 20:00:00,18,-0.7759756714161394,-0.5983333222195867,-0.0816645800241115,-0.5988532810274254,0.5491895963682296
2024-12-07 00:00:00,18,-1.406606777207923,-0.9100289419057866,0.1160185119850341,-0.1327116847499692,-0.7759756714161394
2024-12-09 04:00:00,18,-1.3181766145199028,1.4883864082087306,0.21009365109466546,0.7122605903031793,-1.406606777207923
2024-12-09 08:00:00,18,1.4961681330106522,2.161608940361586,0.19690197726196118,1.504111383958282,-1.3181766145199028
2024-12-09 12:00:00,18,0.0589415576989758,0.23935558360902187,-0.22293122029967866,0.6053381008368426,1.4961681330106522
2024-12-09 16:00:00,18,1.4918916259964217,0.6672516514298615,-0.008531250550729109,0.5699309188787538,0.0589415576989758
2024-12-09 20:00:00,18,-0.6995829108940192,-0.6845993884634964,-0.22229326732119065,-0.32627339477684103,1.4918916259964217
2024-12-10 00:00:00,18,-1.8534722795547243,-0.8370061638294226,0.1046225318199516,0.09397778940968493,-0.6995829108940192
2024-12-10 04:00:00,18,-0.9601662579235253,1.1568120843652763,0.2767553395373708,1.2073896641285256,-1.8534722795547243
2024-12-10 08:00:00,18,1.72628710447945,1.8554925861654659,0.1434953600016114,1.7841776339670794,-0.9601662579235253
2024-12-10 12:00:00,18,0.027089989376218426,1.008391960644119,-0.257259489320776,0.7471680263763041,1.72628710447945
2024-12-10 16:00:00,18,1.208285599748681,1.3727457820479505,-0.0037797552735318774,0.7308946155515503,0.027089989376218426
2024-12-10 20:00:00,18,-0.2091248184029908,-0.1329707634482297,-0.17998600380920807,0.005057196965955413,1.208285599748681
2024-12-11 00:00:00,18,-2.4253518021405434,-0.884711758503813,0.03145786731992292,0.13068198168852518,-0.2091248184029908
2024-12-11 04:00:00,18,0.5019967116707704,1.2385585518755595,0.36206614191788894,1.587631474088143,-2.4253518021405434
2024-12-11 08:00:00,18,0.5167855351435016,1.9072352231880891,-0.0746245257798413,1.2860736326197397,0.5019967116707704
2024-12-11 12:00:00,18,2.0223442132526976,1.9817308133404612,-0.07683066596653282,0.9756318969332813,0.5167855351435016
2024-12-11 16:00:00,18,-0.3547447059844675,0.2656440365515522,-0.3014241577560091,-0.23922417976263333,2.0223442132526976
2024-12-11 20:00:00,18,-1.0079565145479403,0.2845147456072218,0.05318088582557746,-0.02612308702244981,-0.3547447059844675
2024-12-12 00:00:00,18,-0.9977611264649013,0.45627603361987434,0.15062452790775532,0.5793732912495262,-1.0079565145479403
2024-12-12 04:00:00,18,-1.1698941912311085,1.4551123272568183,0.14910361886381537,1.1787451289582371,-0.9977611264649013
2024-12-12 08:00:00,18,0.8367948361229551,1.8978856902204058,0.1747817718513953,1.8815201847547218,-1.1698941912311085
2024-12-12 12:00:00,18,1.4939057161182951,1.916458742839506,-0.12456843092853861,1.3788434965085212,0.8367948361229551
2024-12-12 16:00:00,18,1.9484320028062623,1.3423559737133481,-0.22259372159097598,0.4814292851473141,1.4939057161182951
2024-12-12 20:00:00,18,-0.8655804460250494,-0.2006159232685858,-0.2903982165745658,-0.6890264874784737,1.9484320028062623
2024-12-13 00:00:00,18,-0.5341337507633845,-0.6600865465247299,0.12938540993662925,-0.16905780072786847,-0.8655804460250494
2024-12-13 04:00:00,18,-1.2152583755932351,-0.039003615933229784,0.0799414581908304,0.1518052989516896,-0.5341337507633845
2024-12-13 08:00:00,18,-0.17113752942539406,0.7802116297084642,0.18154902756597638,0.881831380896708,-1.2152583755932351
2024-12-13 12:00:00,18,0.4849178190331287,1.5618261951100247,0.02579106867623994,0.9846365642135346,-0.17113752942539406
2024-12-13 16:00:00,18,1.9983996723763795,1.1668006195183462,-0.07207676182406983,0.6933382999071718,0.4849178190331287
2024-12-13 20:00:00,18,-1.0714035645981195,-0.5848292881824889,-0.297852202625398,-0.5071338896162896,1.9983996723763795
2024-12-14 00:00:00,18,-0.7932282001626962,-0.2555284292664069,0.1600893164422065,0.13647619541083778,-1.0714035645981195
2024-12-16 04:00:00,19,-1.3930883276462076,-0.6204672567772351,0.08859959833758968,0.36220656032963294,-0.7932282001626962
2024-12-16 08:00:00,19,0.7663985053755091,0.47208553821852495,0.15486057054495966,1.0347708301326515,-1.3930883276462076
2024-12-16 12:00:00,19,0.9916799386612176,0.984542605462692,-0.08367786611578762,0.6647639605632802,0.7663985053755091
2024-12-16 16:00:00,19,0.43016757518570614,0.2413890546574427,-0.10856261191878502,0.18599425114298107,0.9916799386612176
2024-12-16 20:00:00,19,-0.1509339205829452,-0.12648927723571063,-0.04653756073488517,-0.021684856747143044,0.43016757518570614
2024-12-17 00:00:00,19,-0.812789401530944,-0.6471360981223375,0.017651319800179414,0.05118400595942596,-0.1509339205829452
2024-12-17 04:00:00,19,-0.6313318966944976,0.08978808016865597,0.09076034241911704,0.4435877749780994,-0.812789401530944
2024-12-17 08:00:00,19,1.3565528977816896,0.33805820495287,0.07071641862103634,0.7483863061818754,-0.6313318966944976
2024-12-17 12:00:00,19,0.2396035868493822,0.37457517169838495,-0.14886673599005362,0.09346084952596545,1.3565528977816896
2024-12-17 16:00:00,19,1.3481473776613022,0.09509308370275749,-0.025487728355042892,-0.022216533044470133,0.2396035868493822
2024-12-17 20:00:00,19,-0.859831810914498,-1.275451579950505,-0.14793825631693053,-0.6730839178682562,1.3481473776613022
2024-12-18 00:00:00,19,-0.38191622224936594,-0.8271886076406118,0.0959566800950481,-0.2579687075942516,-0.859831810914498
2024-12-18 04:00:00,19,-1.278551961593358,-0.9885903857655861,0.04316578754005057,-0.07358470261369643,-0.38191622224936594
2024-12-18 08:00:00,19,0.5351947712895999,0.3260827879961854,0.14220880287438778,0.5436829532765612,-1.278551961593358
2024-12-18 12:00:00,19,0.9732020788710862,0.2812421031951121,-0.05813893879488865,0.2852981305690401,0.5351947712895999
2024-12-18 16:00:00,19,0.34429282232267155,-0.07435352896414857,-0.10652153451105345,-0.18455071717246607,0.9732020788710862
2024-12-18 20:00:00,19,3.338319897990681,-0.26200032413946245,-0.03705177504573932,-0.3507706517225708,0.34429282232267155
2024-12-19 00:00:00,19,-2.1638330766526632,-2.778424972879526,-0.36777411473717736,-1.9624665076160648,3.338319897990681
2024-12-19 04:00:00,19,-1.1176154630588524,-1.1270491857161353,0.23999757841234268,-0.9177970603933945,-2.1638330766526632
2024-12-19 08:00:00,19,0.497255659737986,0.1706756634860912,0.12443164388687125,-0.37822737703901943,-1.1176154630588524
2024-12-19 12:00:00,19,-0.11050775345408859,0.7067470094856809,-0.05394815780959488,-0.6182957079984552,0.497255659737986
2024-12-19 16:00:00,19,1.8095622636698057,0.8139651729357318,0.013185816904007523,-0.5649440539543793,-0.11050775345408859
2024-12-19 20:00:00,19,-0.4295690986788987,-0.5760293711349966,-0.19890646963382017,-1.4385763272105407,1.8095622636698057
2024-12-20 00:00:00,19,-1.9472215868851261,-0.7827772781272722,0.04842955783587724,-1.2311861557121784,-0.4295690986788987
2024-12-20 04:00:00,19,-0.5803728772782701,0.678120503270812,0.21607052067724042,-0.29109381645551924,-1.9472215868851261
2024-12-20 08:00:00,19,1.6012497806868051,1.4376765098996664,0.06508744944214007,-0.01089761304632031,-0.5803728772782701
2024-12-20 12:00:00,19,0.5369489917118919,0.2916632494097481,-0.17589612603373778,-0.783959426965537,1.6012497806868051
2024-12-20 16:00:00,19,1.0982248249086535,0.0991011018100012,-0.0583327112183613,-1.0431911636511453,0.5369489917118919
2024-12-20 20:00:00,19,-1.4680011790610905,-1.3432814912128594,-0.12033163510106479,-1.5733993082360875,1.0982248249086535
2024-12-21 00:00:00,19,0.40058166723456345,-0.3500780288363502,0.16313549687887044,-0.8646681233776237,-1.4680011790610905
2024-12-23 04:00:00,19,-3.5518364098817976,-0.6337110003223719,-0.0432694805030742,-1.0580635536410465,0.40058166723456345
2024-12-23 08:00:00,19,1.3168751124186144,0.9294346127218187,0.3933174042735149,0.6567151966110361,-3.5518364098817976
2024-12-23 12:00:00,19,1.6953617880097447,1.5683864737540207,-0.14448389987087018,0.02094563998711152,1.3168751124186144
2024-12-23 16:00:00,19,0.3220845327962891,0.7164172588299265,-0.18629180465262798,-0.797552182711101,1.6953617880097447
2024-12-23 20:00:00,19,-1.2458777775268661,0.027680031874679933,-0.03459863174172583,-0.9530502543811092,0.3220845327962891
2024-12-24 00:00:00,19,-0.5084620567516094,0.21108450949945717,0.13859958948757564,-0.35155725420505135,-1.2458777775268661
2024-12-24 04:00:00,19,-2.23896903750952,0.3903672308353057,0.057144129554693106,-0.1060786257971218,-0.5084620567516094
2024-12-24 08:00:00,19,1.8188632620461007,2.2415548069003512,0.24829714957236626,0.9748654507127119,-2.23896903750952
2024-12-24 12:00:00,19,-0.3567344319744947,1.3157436808678311,-0.19993386446584194,0.09674278079091891,1.8188632620461007
2024-12-24 16:00:00,19,2.0562100370894623,1.421500363945042,0.040384189248904065,0.26896935680416156,-0.3567344319744947
2024-12-24 20:00:00,19,-0.05876356587930687,0.13919575035821152,-0.226151356417896,-0.7237411373633886,2.0562100370894623
2024-12-25 00:00:00,19,-0.9828564381205709,-0.008978426854951205,0.0074701174972657495,-0.6953708797190536,-0.05876356587930687
2024-12-26 04:00:00,19,-1.701651129218975,0.33954674815691877,0.10954606707151074,-0.22086103744462005,-0.9828564381205709
2024-12-26 08:00:00,19,1.4794344492746418,1.339975352443626,0.18894463495012945,0.6006731944273556,-1.701651129218975
2024-12-26 12:00:00,19,-0.4127848434052588,0.4535585126130436,-0.16244031872246623,-0.11357781920293508,1.4794344492746418
2024-12-26 16:00:00,19,1.2313393707023508,1.2452787263951872,0.046575557175967355,0.08570914005232755,-0.4127848434052588
2024-12-26 20:00:00,19,-0.3667414667231057,0.3779766097133389,-0.1350355615917871,-0.5087649132443532,1.2313393707023508
2024-12-27 00:00:00,19,-1.222670058138867,0.2901475753277563,0.041489573355925125,-0.33170707572024494,-0.3667414667231057
2024-12-27 04:00:00,19,-0.6264853848831855,0.6950429872912729,0.13603604845707612,0.25858155030794006,-1.222670058138867
2024-12-27 08:00:00,19,0.3840040255903219,1.0355775853377578,0.07018106951260461,0.5610402509261183,-0.6264853848831855
2024-12-27 12:00:00,19,0.07906163514285325,1.1989876052104342,-0.04143830253020081,0.375648282630074,0.3840040255903219
2024-12-27 16:00:00,19,3.661632000383742,1.475930579350756,-0.007754151288052971,0.3374783907043195,0.07906163514285325
2024-12-27 20:00:00,19,-0.5338713681153227,-1.420700053008452,-0.40348739729997246,-1.4303081909164312,3.661632000383742
2024-12-28 00:00:00,19,-2.220353453929933,-1.0046274134512652,0.05995085998557292,-1.1725622894258194,-0.5338713681153227
2024-12-30 04:00:00,19,-0.36986177493374406,0.35258784565580675,0.24624085909784246,-0.10060556578421131,-2.220353453929933
2024-12-30 08:00:00,19,0.0809295013055884,0.5046624129052779,0.04183424479873446,0.07795871449130054,-0.36986177493374406
2024-12-30 12:00:00,19,2.2867542169901593,1.5832221990955486,-0.00796047710006401,0.03888704195558823,0.0809295013055884
2024-12-30 16:00:00,19,0.41985364890484256,0.7702451432853217,-0.25161742891892397,-1.0651270752020654,2.2867542169901593
2024-12-30 20:00:00,19,-0.8526494013800558,-0.5743909804273375,-0.045398277173045246,-1.2678267584855591,0.41985364890484256
2024-12-31 00:00:00,19,0.7540675666862313,-0.7313683297149247,0.09516330607877513,-0.8561791187367636,-0.8526494013800558
2024-12-31 16:00:00,19,-0.18816444198460758,-1.1355880478866736,-0.08231578194258429,-1.2202327772921908,0.7540675666862313
2024-12-31 20:00:00,19,0.3700064901484694,-0.2495784267780885,0.02176382941839746,-1.1293895206121958,-0.18816444198460758
2025-01-01 00:00:00,19,-0.48299705291678485,-1.016425410030841,-0.0398921249058016,-1.3080236674430363,0.3700064901484694
2025-01-02 04:00:00,19,-2.0412600470211153,-0.6851452495314606,0.054331247294226045,-1.0748391996922697,-0.48299705291678485
2025-01-02 08:00:00,19,1.5899476942646906,0.856601545962745,0.2264580752220554,-0.08934635924727186,-2.0412600470211153
2025-01-02 12:00:00,19,-0.22703573616798423,0.4929519615340142,-0.17464768960666152,-0.8569516781611908,1.5899476942646906
2025-01-02 16:00:00,19,2.287214739074603,1.4603272748830831,0.026057579953800435,-0.7473418845216093,-0.22703573616798423
2025-01-02 20:00:00,19,-1.5501233398887546,-1.9694749260667739,-0.25166829851275113,-1.851578335535132,2.287214739074603
2025-01-03 00:00:00,19,-1.9209186329546721,-0.678899800466612,0.1722067686085631,-1.1031996781972842,-1.5501233398887546
2025-01-03 04:00:00,19,-1.2362289152563655,0.7749210760388124,0.21316507785898034,-0.17580605061082366,-1.9209186329546721
2025-01-03 08:00:00,19,1.6014329260179476,2.0118489643958335,0.13753376936477385,0.4210286088996753,-1.2362289152563655
2025-01-03 12:00:00,19,-0.17025689701844193,1.8202102480108118,-0.17591635639601846,-0.3521216251171495,1.6014329260179476
2025-01-03 16:00:00,19,1.594459912682261,2.055151340179502,0.019785749387835762,-0.2699238898051233,-0.17025689701844193
2025-01-03 20:00:00,19,-1.6134394452024043,0.6664175026564456,-0.17514611243135314,-1.039707646959446,1.594459912682261
2025-01-04 00:00:00,19,0.0047526931136161465,0.8267160629604164,0.17920071019969175,-0.2607608272933719,-1.6134394452024043
2025-01-06 04:00:00,19,-1.8112035883108089,1.296875275599923,0.0004540667897416533,-0.2630553634761261,0.0047526931136161465
2025-01-06 08:00:00,19,1.0518287989942046,1.8150356250473647,0.20104587674725583,0.6113693191964229,-1.8112035883108089
2025-01-06 12:00:00,19,0.8495772404209081,2.2856793468657512,-0.11520669739842643,0.10356055063929848,1.0518287989942046
2025-01-06 16:00:00,19,0.7948055285392925,1.3350249928949058,-0.09286584777779411,-0.30660389120222753,0.8495772404209081
2025-01-06 20:00:00,19,-0.05619537612814263,-0.0522701370093428,-0.08681572590361175,-0.6903252887109064,0.7948055285392925
2025-01-07 00:00:00,19,-1.9846566312338147,-1.1370664186336321,0.007186433448387499,-0.6631949184666954,-0.05619537612814263
2025-01-07 04:00:00,19,0.333331212830295,0.546019539737427,0.2202056220442475,0.29497055568583885,-1.9846566312338147
2025-01-07 08:00:00,19,1.1202073567715285,0.8900053069990765,-0.03584094794014482,0.13404273846799342,0.333331212830295
2025-01-07 12:00:00,19,-0.6686629266881567,0.7758158364864296,-0.12275984105454957,-0.40677827623966145,1.1202073567715285
2025-01-07 16:00:00,19,3.1339135741317197,0.7690178741919913,0.07484003048912191,-0.08395682686880601,-0.6686629266881567
2025-01-07 20:00:00,19,-1.3851868824030653,-1.2886930805087773,-0.34519524822533104,-1.5969680644067612,3.1339135741317197
2025-01-08 00:00:00,19,-2.4954730835258054,-1.0192101648378515,0.15398777133783398,-0.9282185058785988,-1.3851868824030653
2025-01-08 04:00:00,19,-0.2936283803141926,0.2652392862853987,0.2766307671699623,0.2765622671183472,-2.4954730835258054
2025-01-08 08:00:00,19,0.857629171115045,1.1475254593020225,0.03341345033228042,0.4183220918762869,-0.2936283803141926
2025-01-08 12:00:00,19,2.578975032819958,0.8693605468199471,-0.09375526971383458,0.004270286412271673,0.857629171115045
2025-01-08 16:00:00,19,0.2752876760091212,-0.27944236713292747,-0.28389634606806474,-1.240824102340138,2.578975032819958
2025-01-08 20:00:00,19,-0.12379428408833171,-0.8905518519713599,-0.02942941797855228,-1.3737292822390144,0.2752876760091212
2025-01-09 00:00:00,19,-2.493242229656113,-1.1064201852195075,0.014653456436545302,-1.3139630702685698,-0.12379428408833171
2025-01-09 04:00:00,19,-0.5469687377326835,-0.015439710547422714,0.27638434548016194,-0.1102593234544802,-2.493242229656113
2025-01-09 08:00:00,19,0.9732983423411952,1.2264341432649541,0.061397604658945885,0.15380981157289142,-0.5469687377326835
2025-01-09 12:00:00,19,0.5061955305300234,1.1270369553254735,-0.10653216784176714,-0.31608551087463166,0.9732983423411952
2025-01-09 16:00:00,19,0.08981104526716699,0.5317748807353662,-0.054935662234290875,-0.5604698909689692,0.5061955305300234
2025-01-09 20:00:00,19,-0.35614288539956185,0.41983388250817677,-0.00894153870198365,-0.6038294532319144,0.08981104526716699
2025-01-10 04:00:00,19,-1.9798918920648951,0.5378425976744896,0.040318846597567286,-0.43188846793271995,-0.35614288539956185
2025-01-10 08:00:00,19,1.1468024813546052,1.3087306330432742,0.21967930559949295,0.5239766543639055,-1.9798918920648951
2025-01-10 12:00:00,19,2.966560628201753,1.2890224101873364,-0.1256975572488956,-0.029684128067422932,1.1468024813546052
2025-01-10 16:00:00,19,0.3668411643631817,-0.07218836358513836,-0.32670932393893676,-1.4618996187420414,2.966560628201753
2025-01-10 20:00:00,19,-0.9084692482076822,-1.3745357008963677,-0.03954248078998731,-1.6390055889431432,0.3668411643631817
2025-01-11 00:00:00,19,-1.5282021089814837,-0.9227438180641219,0.10132920567737225,-1.2004088794353818,-0.9084692482076822
2025-01-13 04:00:00,20,-0.7576321811186819,-0.3611054444494568,0.14610207568441363,-0.3073816766174886,-1.5282021089814837
2025-01-13 08:00:00,20,1.0760471835572591,0.9627623985963426,0.07785998644987564,0.014779323572621905,-0.7576321811186819
2025-01-13 12:00:00,20,-0.13108532977700627,0.8775983211907213,-0.08453164902285766,-0.4427783746691514,1.0760471835572591
2025-01-13 16:00:00,20,2.046572064550247,0.20426115516820165,0.02237265870343106,-0.3870381592933274,-0.13108532977700627
2025-01-13 20:00:00,20,-1.8437622314872577,-1.5964172668642944,-0.17048185696408305,-1.2572832725659984,2.046572064550247
2025-01-14 00:00:00,20,-0.3463474409489127,-0.6156727046955048,0.17404825066508967,-0.4732771289362061,-1.8437622314872577
2025-01-14 04:00:00,20,-1.7176743320648455,0.06807487078959262,0.04143638759842083,-0.3260029756331688,-0.3463474409489127
2025-01-14 08:00:00,20,0.8915529787026877,0.8086679077862255,0.16288183815319146,0.40438796420496814,-1.7176743320648455
2025-01-14 12:00:00,20,1.6771950319302373,0.478359510886617,-0.06819274253858792,0.025281048607440404,0.8915529787026877
2025-01-14 16:00:00,20,1.0789759091312572,-0.09417100262128808,-0.13776962734054182,-0.687897248812174,1.6771950319302373
2025-01-14 20:00:00,20,-0.07798825349503247,-1.133463268885454,-0.08479101854240091,-1.1467003022325093,1.0789759091312572
2025-01-15 00:00:00,20,-3.699359622507963,-1.573628705374679,0.017670352933755767,-1.1135380707761566,-0.07798825349503247
2025-01-15 04:00:00,20,-1.130204779071196,0.3657634055234509,0.3383809583956164,0.4595067730824294,-3.699359622507963
2025-01-15 08:00:00,20,1.3022501862169626,1.1736454940338272,0.11085521706617606,0.9400934101331373,-1.130204779071196
2025-01-15 12:00:00,20,4.483007561589956,1.077458613781836,-0.10456430918056417,0.3863494787838224,1.3022501862169626
2025-01-15 16:00:00,20,-1.9008544174341662,-2.512687164513139,-0.3862539012538561,-1.5199188079844914,4.483007561589956
2025-01-15 20:00:00,20,-1.3818034526865919,-1.0611767467362074,0.17910436550568523,-0.7116358765068842,-1.9008544174341662
2025-01-16 00:00:00,20,-0.49737999812106715,-0.7237069009627644,0.1331369315677706,-0.12406423755359253,-1.3818034526865919
2025-01-16 04:00:00,20,-0.20423143533238708,-0.02076387655106598,0.05481191248095651,0.08743210811725977,-0.49737999812106715
2025-01-16 08:00:00,20,1.0485900390025318,0.142888190075125,0.02885051734023733,0.17427557268577054,-0.20423143533238708
2025-01-16 12:00:00,20,-0.04317857671140857,-0.03322142891974414,-0.08210002946299998,-0.2716067752045239,1.0485900390025318
2025-01-16 16:00:00,20,0.9989778827988793,0.0407428621821212,0.014587589146331615,-0.25324634410510427,-0.04317857671140857
2025-01-16 20:00:00,20,-0.037441774902307046,-0.8740663962482382,-0.07770635009874338,-0.6780325687544924,0.9989778827988793
2025-01-17 00:00:00,20,-3.0138150095568665,-0.9534357228313726,0.014079534877897629,-0.6621115453977371,-0.037441774902307046
2025-01-17 04:00:00,20,0.8515464273020417,0.17158125680117858,0.2776687569981137,0.6194254352954234,-3.0138150095568665
2025-01-17 08:00:00,20,0.07307192502602788,0.22666109613803131,-0.06464974072664191,0.25733013949783423,0.8515464273020417
2025-01-17 12:00:00,20,1.06940510524187,0.952975439763339,0.0042923818896341585,0.22625843341290697,0.07307192502602788
2025-01-17 16:00:00,20,0.19903719516171137,0.28210207434299683,-0.08394342297780719,-0.22847491464053693,1.06940510524187
2025-01-17 20:00:00,20,-1.0530720247448269,-0.17783468879200817,-0.006863170506361392,-0.3131096799875577,0.19903719516171137
2025-01-18 00:00:00,20,-0.32080257467413453,-0.2643927874638199,0.10402429865978975,0.13467850169063578,-1.0530720247448269
2025-01-20 04:00:00,20,-2.16379287335449,-0.061277264394801745,0.03917412043644805,0.2710904452382037,-0.32080257467413453
2025-01-20 08:00:00,20,2.5997651738524663,1.266021656603088,0.20239033725632585,1.1911802904911193,-2.16379287335449
2025-01-20 12:00:00,20,1.8658134706703589,-0.32957369772975975,-0.21947293767448298,0.08570593295913742,2.5997651738524663
2025-01-20 16:00:00,20,-0.030915810826586565,-2.1193535630408937,-0.15447377820648944,-0.7076768573439383,1.8658134706703589
2025-01-20 20:00:00,20,1.583276211699216,-2.747863403027964,0.013501591972661391,-0.6945308099798,-0.030915810826586565
2025-01-21 04:00:00,20,-3.4787674288796033,-3.535169122055254,-0.12945212586629662,-1.3677728668115012,1.583276211699216
2025-01-21 08:00:00,20,0.42144876756759153,-1.3348136432855802,0.31884519451785803,0.11147157692613163,-3.4787674288796033
2025-01-21 12:00:00,20,0.2908561133181049,-1.0470545172843797,-0.02656005955186585,-0.06773722633244628,0.42144876756759153
2025-01-21 16:00:00,20,1.233136791453541,-1.1466768130962017,-0.014994703518071369,-0.19141531012188207,0.2908561133181049
2025-01-21 20:00:00,20,-2.2463032018394617,-2.3354052134776095,-0.09844358959080744,-0.7157707849900561,1.233136791453541
2025-01-22 00:00:00,20,-0.0039022144343743292,-1.313943216694261,0.20969749653628805,0.2394041722910787,-2.2463032018394617
2025-01-22 04:00:00,20,-1.6278329006772925,-0.5272769378180844,0.011109253277773514,0.2410634752305052,-0.0039022144343743292
2025-01-22 08:00:00,20,1.4713928086169688,0.2882240055919233,0.15492543243838186,0.9332519652313227,-1.6278329006772925
2025-01-22 12:00:00,20,0.28023689673015184,-0.17299089499330822,-0.1195436712265226,0.307585064180925,1.4713928086169688
2025-01-22 16:00:00,20,0.748684738594438,-0.17499941479873937,-0.01405425995832087,0.18842249269741984,0.28023689673015184
2025-01-22 20:00:00,20,-0.26434074922717166,-1.1354605064156476,-0.05554025398730296,-0.12993386837546428,0.748684738594438
2025-01-23 00:00:00,20,-0.9692254179202617,-1.0307028007466863,0.03417383066238022,-0.017530670247996483,-0.26434074922717166
2025-01-23 04:00:00,20,-1.274333769828047,-0.2786105727370643,0.09659879784793617,0.3946041859903202,-0.9692254179202617
2025-01-23 08:00:00,20,0.9750380750400289,0.040277777248565905,0.12361935837622227,0.9364774750283527,-1.274333769828047
2025-01-23 12:00:00,20,0.7238701688508531,0.2518793094492704,-0.07558622778632941,0.5218709557876791,0.9750380750400289
2025-01-23 16:00:00,20,0.5891298883207714,-0.10623749496501622,-0.053342662280791556,0.21406626715837618,0.7238701688508531
2025-01-23 20:00:00,20,1.1157480810671352,-0.8706314674425549,-0.04140999022217255,-0.03644404482846042,0.5891298883207714
2025-01-24 00:00:00,20,-2.683186917030717,-2.1278721316709484,-0.08804758196105894,-0.5108833924628735,1.1157480810671352
2025-01-24 04:00:00,20,0.6206607622222471,-0.05945679588628505,0.248388154449565,0.6300636296280828,-2.683186917030717
2025-01-24 08:00:00,20,-0.9620421053847537,-0.13384258119653802,-0.04420238145445871,0.3661457326334814,0.6206607622222471
2025-01-24 12:00:00,20,1.326005371914789,0.6475222143642263,0.09596263980786404,0.775226094608235,-0.9620421053847537
2025-01-24 16:00:00,20,1.0406914404686631,-0.182351278301395,-0.10666808126348241,0.21138096299995812,1.326005371914789
2025-01-24 20:00:00,20,-0.20552506261910608,-0.9818016027533396,-0.08140052530836597,-0.23114273610641867,1.0406914404686631
2025-01-25 00:00:00,20,1.263717667391818,-1.2867391014711453,0.028965081671837135,-0.14374919424321408,-0.20552506261910608
2025-01-27 04:00:00,20,-1.3877853685817971,-1.589458874609557,-0.10115184849008518,-0.6811082951775598,1.263717667391818
2025-01-27 08:00:00,20,1.379777706956494,-0.716605364486081,0.13366669327213182,-0.09099302086151617,-1.3877853685817971
2025-01-27 12:00:00,20,0.45369541987393625,-1.3185495727968277,-0.11143018831383548,-0.6777032704931774,1.379777706956494
2025-01-27 16:00:00,20,0.576083418726693,-1.67333206109838,-0.02941584050650039,-0.8706240226613904,0.45369541987393625
2025-01-27 20:00:00,20,-0.59473722456414,-1.900635594262809,-0.04025458782448996,-1.115586703755394,0.576083418726693
2025-01-28 00:00:00,20,-0.4272203365639129,-2.1175269041828195,0.06343392106748705,-0.8626920354838257,-0.59473722456414
2025-01-28 04:00:00,20,-1.8608113891264626,-0.9538474295728856,0.04859853493853473,-0.6810290407496744,-0.4272203365639129
2025-01-28 08:00:00,20,0.9411410153741713,-0.1803864688353478,0.17555813327913775,0.11022676018656252,-1.8608113891264626
2025-01-28 12:00:00,20,0.23173283665660271,-0.33811006353950956,-0.07258428586404124,-0.28996602252389625,0.9411410153741713
2025-01-28 16:00:00,20,1.6062762851012007,-0.5589029221709674,-0.009758714186171462,-0.38850365634503436,0.23173283665660271
2025-01-28 20:00:00,20,-1.7933546106572749,-1.9882670024698184,-0.13148902479622554,-1.0715258239432668,1.6062762851012007
2025-01-29 00:00:00,20,-2.033480889072731,-0.77461540154934,0.16958412452364893,-0.3089540516990894,-1.7933546106572749
2025-01-29 04:00:00,20,1.4376082607598057,0.14110611923203326,0.19084983750654994,0.5557244208069845,-2.033480889072731
2025-01-29 08:00:00,20,-0.9901056237565236,-0.22476669031781457,-0.11655169341081484,-0.05557658608014826,1.4376082607598057
2025-01-29 12:00:00,20,1.1128131696139398,0.8238029327719252,0.09844796016064894,0.3654369690361028,-0.9901056237565236
2025-01-29 16:00:00,20,0.4816558801323385,0.3265206566432597,-0.08778766461671107,-0.10775439305493784,1.1128131696139398
2025-01-29 20:00:00,20,2.020160557424129,0.14978638518387877,-0.03189203397707191,-0.31256451590606193,0.4816558801323385
2025-01-30 00:00:00,20,-2.0219824427471362,-1.6218278010100609,-0.16814283961997498,-1.171578905663643,2.020160557424129
2025-01-30 04:00:00,20,-2.098931644535762,-0.8590373889556214,0.18983152888609012,-0.31178981228005487,-2.0219824427471362
2025-01-30 08:00:00,20,1.0917794452469796,0.4646178291529569,0.1966461917805404,0.5807196861098909,-2.098931644535762
2025-01-30 12:00:00,20,0.9673169711120639,0.3682151883316924,-0.08592490661995683,0.11647230217692961,1.0917794452469796
2025-01-30 16:00:00,20,1.7797662354558668,-0.08202811245637728,-0.07490244264991393,-0.2948510426870534,0.9673169711120639
2025-01-30 20:00:00,20,0.5033000265583532,-1.8344695640790594,-0.1468533885551843,-1.0516447544753236,1.7797662354558668
2025-01-31 00:00:00,20,-1.7682242491015554,-1.3791690099790883,-0.03380885128125365,-1.265658419671455,0.5033000265583532
2025-01-31 04:00:00,20,-2.6995635554520394,-1.0600284475005797,0.16735856612359812,-0.5137726011337005,-1.7682242491015554
2025-01-31 08:00:00,20,1.17976014261877,0.30826061358501766,0.24983847839824186,0.6341381090701015,-2.6995635554520394
2025-01-31 12:00:00,20,0.0568308373275741,0.46126562506017543,-0.09371652472477289,0.13247949819998972,1.17976014261877
2025-01-31 16:00:00,20,0.6977183553067565,0.5513025968653207,0.00573070139304096,0.10831384123428478,0.0568308373275741
2025-01-31 20:00:00,20,1.6325893954395934,0.01148242646526729,-0.051026643540648106,-0.18837055100566502,0.6977183553067565
2025-02-01 00:00:00,20,2.226472927235424,-0.6988440003950884,-0.13381932806763813,-0.8825816017532544,1.6325893954395934
2025-02-03 04:00:00,20,-3.5989284880525556,-2.4769680234867413,-0.18641397458354722,-1.8293243128076675,2.226472927235424
2025-02-03 08:00:00,20,0.2329599734218366,-0.506388385243787,0.3294867228543456,-0.2989848813282219,-3.5989284880525556
2025-02-03 12:00:00,20,0.4489271227794305,-0.32887380529656807,-0.009867390081256464,-0.3980443192879779,0.2329599734218366
2025-02-03 16:00:00,20,2.008991547574256,-0.7088601590290653,-0.028993557538979767,-0.5889374921116843,0.4489271227794305
2025-02-03 20:00:00,20,-1.6285092445356781,-2.486478247011635,-0.16715370607183558,-1.4432025860050706,2.008991547574256
2025-02-04 00:00:00,20,-0.2090047297232065,-2.077719147902071,0.15498532981598287,-0.7507265004937658,-1.6285092445356781
2025-02-04 04:00:00,20,0.4027146467691711,-1.3575545577041688,0.029273242871020067,-0.6618533316261619,-0.2090047297232065
2025-02-04 08:00:00,20,-0.9549944551226854,-1.4330785048106292,-0.024900955689868207,-0.8330959961111857,0.4027146467691711
2025-02-04 12:00:00,20,-1.2568045067844125,-0.9347007770929356,0.09533849609204087,-0.42701244197274324,-0.9549944551226854
2025-02-04 16:00:00,20,2.1419042084433393,0.03386064901167629,0.12206695736810458,0.10740703893058878,-1.2568045067844125
2025-02-04 20:00:00,20,-0.7291563040106137,-1.7154657832902436,-0.17892452314561424,-0.803375289619181,2.1419042084433393
2025-02-05 00:00:00,20,-1.310705348035711,-1.7526452606816363,0.07533814738456174,-0.49332282610300116,-0.7291563040106137
2025-02-05 04:00:00,20,-0.7088477992961231,-0.4819097352091663,0.12684044499782515,0.06401641634341537,-1.310705348035711
2025-02-05 08:00:00,20,2.014399474359344,-0.12163026338592248,0.07353961523214551,0.3654332802187179,-0.7088477992961231
2025-02-05 12:00:00,20,-2.385456150670233,-0.49654126950194577,-0.16763263499041584,-0.4911313769000136,2.014399474359344
2025-02-05 16:00:00,20,1.8897836011488938,0.5527385139616277,0.2220209568842623,0.5232143155900335,-2.385456150670233
2025-02-05 20:00:00,20,0.002171061216314385,-0.6181466342085811,-0.15659658591534537,-0.2803610739744009,1.8897836011488938
2025-02-06 00:00:00,20,-1.7270103384846074,-1.180735475490914,0.010571400704095037,-0.2812842544706271,0.002171061216314385
2025-02-06 04:00:00,20,-0.9954444860188403,0.028702376564019142,0.16370863992698848,0.45307654995474334,-1.7270103384846074
2025-02-06 08:00:00,20,1.543424923723336,0.7468622299295402,0.09892077268776951,0.8763603006212488,-0.9954444860188403
2025-02-06 12:00:00,20,0.456180426829663,0.3083229519706653,-0.12592287426715362,0.2200638423440031,1.543424923723336
2025-02-06 16:00:00,20,0.7916977350043712,0.3174603889071347,-0.02963591406541994,0.026086413405336017,0.456180426829663
2025-02-06 20:00:00,20,0.7975750600336085,-0.26382595988277724,-0.05934950819398173,-0.31055997057039875,0.7916977350043712
2025-02-07 00:00:00,20,-2.204347016328695,-1.3197048134813072,-0.05987000727473096,-0.6497055156919371,0.7975750600336085
2025-02-07 04:00:00,20,-1.4353426881123514,-0.19482367002185483,0.20598183407394974,0.287628796715385,-2.204347016328695
2025-02-07 08:00:00,20,1.5986162888835924,0.7386894744390953,0.13787839519016637,0.8979664348751903,-1.4353426881123514
2025-02-07 12:00:00,20,0.17976491982460097,0.08820750420796755,-0.13081065139166242,0.21820145738109709,1.5986162888835924
2025-02-07 16:00:00,20,3.0152646260901435,-0.13764709314671875,-0.005156407387593747,0.14176166533810708,0.17976491982460097
2025-02-07 20:00:00,20,-1.2161511703014565,-1.3434099955714551,-0.2562697937043405,-1.140391722529789,3.0152646260901435
2025-02-08 00:00:00,20,-0.5758353387184059,-0.9752599860560784,0.11846667591974064,-0.6232588879289889,-1.2161511703014565
2025-02-10 04:00:00,21,-2.0904648007381947,-0.745065605995419,0.06305321524360966,-0.2701772169912031,-0.5758353387184059
2025-02-10 08:00:00,21,-0.6150056458851907,0.5640128262676711,0.19793045220420008,0.7401066787978365,-2.0904648007381947
2025-02-10 12:00:00,21,0.7725980997450357,1.5522007438566663,0.06654131773602277,1.0373278038020652,-0.6150056458851907
2025-02-10 16:00:00,21,2.069314566026698,1.2429614776031763,-0.05702432250789165,0.6639450911086984,0.7725980997450357
2025-02-10 20:00:00,21,-1.6095854590286702,-1.1448256491006958,-0.17249648152699712,-0.33611727810230985,2.069314566026698
2025-02-11 00:00:00,21,0.5847808311222717,-0.37081647265729334,0.15510831085042198,0.4417663139001222,-1.6095854590286702
2025-02-11 04:00:00,21,-1.5414430410272928,-0.5521346079114128,-0.04029925880053296,0.15915229617529025,0.5847808311222717
2025-02-11 08:00:00,21,1.150557621253693,0.1605204290478099,0.14904025177042549,0.9041038878385601,-1.5414430410272928
2025-02-11 12:00:00,21,0.7533071993864731,0.37771892518296324,-0.09068148897820061,0.3480601622903068,1.150557621253693
2025-02-11 16:00:00,21,0.7632739783935971,-0.6829380138487553,-0.05530647441098793,-0.015999606548350087,0.7533071993864731
2025-02-11 20:00:00,21,-0.4063235891864778,-1.5214813681411594,-0.05619401268195559,-0.3848761397354101,0.7632739783935971
2025-02-12 00:00:00,21,-1.8909402638662183,-1.230013183472041,0.04795825176737207,-0.1885072850723981,-0.4063235891864778
2025-02-12 04:00:00,21,-1.2734451897001229,-0.23360778252824232,0.1801628602525376,0.7253500043727588,-1.8909402638662183
2025-02-12 08:00:00,21,1.9649983973278804,1.4146433353476704,0.1251751345224213,1.3407830730710435,-1.2734451897001229
2025-02-12 12:00:00,21,3.8180599537978264,0.5672179235609033,-0.16320716228607277,0.3911348248103659,1.9649983973278804
2025-02-12 16:00:00,21,-0.8636525832143924,-3.084431092483153,-0.3282216618200135,-1.4540646174939829,3.8180599537978264
2025-02-12 20:00:00,21,-1.7921327416299722,-2.730501794675514,0.08868324269300452,-1.0366769168878829,-0.8636525832143924
2025-02-13 00:00:00,21,-1.2702273485209492,-1.901023542567269,0.17136408410013443,-0.17057151901384682,-1.7921327416299722
2025-02-13 04:00:00,21,-1.0877216680794355,-0.7072801212030827,0.12488858686300486,0.4433064251392258,-1.2702273485209492
2025-02-13 08:00:00,21,2.135147441651897,0.3603230953428803,0.10863651827143125,0.9689826689934131,-1.0877216680794355
2025-02-13 12:00:00,21,0.2817560255807905,-0.08575452101169045,-0.1783588766461679,-0.0628955404241065,2.135147441651897
2025-02-13 16:00:00,21,0.21086658897826105,-0.1876642639255477,-0.013315003227257169,-0.19906314060817998,0.2817560255807905
2025-02-13 20:00:00,21,-0.5570496036216888,-0.5161497790349108,-0.007002323077821915,-0.3009711559593482,0.21086658897826105
2025-02-14 00:00:00,21,-1.5598951012344635,-0.4068511960631524,0.061380351940964036,-0.031759139810628945,-0.5570496036216888
2025-02-14 04:00:00,21,-1.192295034097807,-0.33070444515215003,0.1506834014379718,0.7221099994070661,-1.5598951012344635
2025-02-14 08:00:00,21,2.0089079138630552,0.18821157014959922,0.11794874084593321,1.2983246630325427,-1.192295034097807
2025-02-14 12:00:00,21,-0.41440886075560357,0.3413856606569049,-0.1671172897562212,0.3274557381971137,2.0089079138630552
2025-02-14 16:00:00,21,1.1086068659990307,0.39558970046436065,0.048678242442758424,0.5277320586335197,-0.41440886075560357
2025-02-14 20:00:00,21,-0.6257796771299979,-0.04982629038838498,-0.08694578853195847,-0.008037624302293267,1.1086068659990307
2025-02-15 00:00:00,21,-0.21848879960075074,-0.7832763546770649,0.06750074154340654,0.2943903954822309,-0.6257796771299979
2025-02-17 04:00:00,21,-1.9341779839070377,-0.5465318494844271,0.031231627824237815,0.399982087611642,-0.21848879960075074
2025-02-17 08:00:00,21,1.305583095033569,0.8778119528935385,0.18401316447401003,1.334735386514816,-1.9341779839070377
2025-02-17 12:00:00,21,-1.122888741749577,0.47724826101262763,-0.10448645453991166,0.7037706484043955,1.305583095033569
2025-02-17 16:00:00,21,1.535547171909748,1.4638750075755933,0.1117681341864505,1.2464425040375628,-1.122888741749577
2025-02-17 20:00:00,21,-0.3643378218762372,-0.3144676588393229,-0.12496467714617877,0.5043402794715206,1.535547171909748
2025-02-18 04:00:00,21,-1.7601553307109334,0.141743640191906,0.04421943350952311,0.6804181708277577,-0.3643378218762372
2025-02-18 08:00:00,21,2.6636905340837185,1.0210334755038255,0.16851650656512343,1.5310694633424857,-1.7601553307109334
2025-02-18 12:00:00,21,-1.1324108604952752,0.2427737817162675,-0.2254254587439078,0.24375591996198942,2.6636905340837185
2025-02-18 16:00:00,21,2.0090408417946968,0.7491939763542194,0.1126160756128095,0.791029643667355,-1.1324108604952752
2025-02-18 20:00:00,21,0.31187347413742295,-0.659255157605914,-0.16712912694319287,-0.179903522837483,2.0090408417946968
2025-02-19 00:00:00,21,-2.2063614042171533,-1.4223999481121614,-0.01599695174831943,-0.3306263421519029,0.31187347413742295
2025-02-19 04:00:00,21,-1.381988879102181,0.3593963827297125,0.2082510052122696,0.7356682896371369,-2.2063614042171533
2025-02-19 08:00:00,21,1.3025805333863936,1.029406141533379,0.1348409130399838,1.4035585637156318,-1.381988879102181
2025-02-19 12:00:00,21,1.0268510544847143,1.1417985461644222,-0.10421907744938894,0.7740449094393833,1.3025805333863936
2025-02-19 16:00:00,21,1.0520954108959746,0.10099337027703803,-0.07966546140309284,0.2777863341438014,1.0268510544847143
2025-02-19 20:00:00,21,0.3172502971237581,-0.563853792280044,-0.08191346273079624,-0.23067238282977076,1.0520954108959746
2025-02-20 00:00:00,21,-2.040024112589988,-1.5321407891152703,-0.01647575600124608,-0.3839937236173503,0.3172502971237581
2025-02-20 04:00:00,21,-0.908496498508665,0.006399289359955823,0.19343872612965995,0.6019130982737435,-2.040024112589988
2025-02-20 08:00:00,21,0.5041992286496821,0.79194213408269,0.09267657805393205,1.0409730535047155,-0.908496498508665
2025-02-20 12:00:00,21,0.46992490588504054,1.0169248453569404,-0.03312349458631647,0.7973026693900662,0.5041992286496821
2025-02-20 16:00:00,21,3.037262528223362,0.9805675472758166,-0.030071377834919276,0.5701964466599883,0.46992490588504054
2025-02-20 20:00:00,21,-1.6000934388585684,-1.6188392626157015,-0.25869191739856895,-0.8976576968127956,3.037262528223362
2025-02-21 00:00:00,21,-1.3584347974567201,-0.9706660526958479,0.15426304969195337,-0.12436142678439221,-1.6000934388585684
2025-02-21 04:00:00,21,-1.0730011273898903,0.28438544213179173,0.13274343010363088,0.5321455848932697,-1.3584347974567201
2025-02-21 08:00:00,21,0.138283440310758,1.0431154496680808,0.1073256591441275,1.050707657204982,-1.0730011273898903
2025-02-21 12:00:00,21,0.4004890527038363,1.906305413835229,-0.0005388184467171857,0.9838777671485088,0.138283440310758
2025-02-21 16:00:00,21,2.710766356204598,1.094979247176097,-0.02388813879334325,0.7903286386276074,0.4004890527038363
2025-02-21 20:00:00,21,0.23189390191217107,-0.2186515707750416,-0.2296175446464528,-0.519735799650979,2.710766356204598
2025-02-22 00:00:00,21,-0.31458933637604325,-1.2112416547879234,-0.00887479812227897,-0.6318059357043673,0.23189390191217107
2025-02-24 04:00:00,21,-3.4053493115976394,-0.2883601658203031,0.039789347844681806,-0.4797705892037012,-0.31458933637604325
2025-02-24 08:00:00,21,2.6380846240936187,1.7278998730428579,0.3150204693959311,1.165973251031498,-3.4053493115976394
2025-02-24 12:00:00,21,-0.8131707846268696,0.5700515498756533,-0.2231452611933328,-0.10896541835404339,2.6380846240936187
2025-02-24 16:00:00,21,2.5559891153417755,0.64291910297038,0.0841878557478659,0.28402534042102,-0.8131707846268696
2025-02-24 20:00:00,21,-1.2435747517406988,-1.1126238004351434,-0.2158346841413344,-0.9512380517824779,2.5559891153417755
2025-02-25 00:00:00,21,-1.1171393769345368,-0.44380453214786325,0.1225151822107864,-0.35024082645257604,-1.2435747517406988
2025-02-25 04:00:00,21,-0.8507150137060684,-0.10018369673102545,0.11125615521074976,0.18965246496769517,-1.1171393769345368
2025-02-25 08:00:00,21,3.1345135395581583,0.5600544648225333,0.08753115654122628,0.6007876718124576,-0.8507150137060684
2025-02-25 12:00:00,21,-1.076178565476937,-0.5865017248976097,-0.26735208678611583,-0.914066129614886,3.1345135395581583
2025-02-25 16:00:00,21,1.6965916677186765,0.3275774818091196,0.10760860892197133,-0.3939684588429282,-1.076178565476937
2025-02-25 20:00:00,21,-0.24488258344725722,-1.2330979668365813,-0.1393056345665197,-1.2139005806470262,1.6965916677186765
2025-02-26 00:00:00,21,-2.8440565379713174,-1.7555457654921873,0.03358198527298613,-1.0955532493125704,-0.24488258344725722
2025-02-26 04:00:00,21,-0.7031434304996882,0.7633987845549244,0.2650375393585677,0.27892792731920846,-2.8440565379713174
2025-02-26 08:00:00,21,-0.24879941707964548,0.7936257283370832,0.07438995739260153,0.6187444523393113,-0.7031434304996882
2025-02-26 12:00:00,21,1.474788153437995,2.1328852639401656,0.033930777971938615,0.7389847186516194,-0.24879941707964548
2025-02-26 16:00:00,21,2.030799233038657,1.0028813038228177,-0.11955410727585596,0.026246230736051146,1.474788153437995
2025-02-26 20:00:00,21,-0.1570876985870857,-0.6910574802653571,-0.16906670426179285,-0.9552023734189623,2.030799233038657
2025-02-27 00:00:00,21,-0.7789568874288122,-1.5594627611742546,0.025763880722568768,-0.8792847248400175,-0.1570876985870857
2025-02-27 04:00:00,21,-1.0497823825607835,-0.7449096631747314,0.08114111987256217,-0.5028289248641524,-0.7789568874288122
2025-02-27 08:00:00,21,-0.025444751806018573,-0.1697187352470947,0.10525803783688926,0.0045119472757146895,-1.0497823825607835
2025-02-27 12:00:00,21,1.3856824036116269,0.48513554130281117,0.014041121214442677,0.016808936429940857,-0.025444751806018573
2025-02-27 16:00:00,21,1.523432526092808,0.42014879081139306,-0.11161927064732806,-0.6528663513590356,1.3856824036116269
2025-02-27 20:00:00,21,-0.8755531529674041,-2.0117851050781383,-0.12388587206842329,-1.3891137863262664,1.523432526092808
2025-02-28 00:00:00,21,-1.8512144234496848,-0.9514667153692941,0.08974298437028747,-0.9659747552180047,-0.8755531529674041
2025-02-28 04:00:00,21,0.25064918703032824,0.5731992991393944,0.1766252877137239,-0.0713162472138622,-1.8512144234496848
2025-02-28 08:00:00,21,-0.4074416464542132,0.042237556802759736,-0.010544949864720167,-0.19245047394656556,0.25064918703032824
2025-02-28 12:00:00,21,0.47741196980595646,0.9731541873477783,0.04805781438570036,0.004458717607918494,-0.4074416464542132
2025-02-28 16:00:00,21,1.9686477205635509,1.1955654429654363,-0.030738098323278076,-0.22626586793954573,0.47741196980595646
2025-02-28 20:00:00,21,0.24122194877076453,-0.2919146306710812,-0.16353213327544394,-1.1776777682331216,1.9686477205635509
2025-03-01 00:00:00,21,-0.9154888940700765,-2.201864238224513,-0.009705457513288203,-1.2942559809195506,0.24122194877076453
2025-03-03 04:00:00,21,-2.2285812417529485,0.46665032577156196,0.0932992484936058,-0.851816727158325,-0.9154888940700765
2025-03-03 08:00:00,21,1.6742134151183912,0.28680100397905917,0.21022967416576058,0.225216350942528,-2.2285812417529485
2025-03-03 12:00:00,21,-0.8426095926010113,-0.5727304918946631,-0.13731285880557045,-0.5839007654092017,1.6742134151183912
2025-03-03 16:00:00,21,2.5999788542467765,-0.5861308107700384,0.08680937155653815,-0.17668276224475754,-0.8426095926010113
2025-03-03 20:00:00,21,0.4440791561811075,-3.067498123962898,-0.21975195538615244,-1.433205601045965,2.5999788542467765
2025-03-04 00:00:00,21,-2.7546944818934325,-4.103586899262944,-0.027769822639635518,-1.6478210395775923,0.4440791561811075
2025-03-04 04:00:00,21,-0.1548986015422784,-1.2744528954543046,0.25707987874576693,-0.3165269312562691,-2.7546944818934325
2025-03-04 08:00:00,21,0.6734305965896343,-0.8445074025219979,0.02556894237741835,-0.24166723375591115,-0.1548986015422784
2025-03-04 12:00:00,21,0.7764080348010349,-0.1056526622156394,-0.04819349017742533,-0.5671240825992223,0.6734305965896343
2025-03-04 16:00:00,21,1.2741772329024261,-0.8022100584409089,-0.05736359592507925,-0.9423480681184779,0.7764080348010349
2025-03-04 20:00:00,21,0.31958355646194647,-2.4266022736050736,-0.10168977322951046,-1.5581349200797217,1.2741772329024261
2025-03-05 00:00:00,21,-1.8174704771189347,-3.966551652352971,-0.01668353194944907,-1.7125838829794935,0.31958355646194647
2025-03-05 04:00:00,21,-0.4712131198199536,-1.9681485587544392,0.1736204008028561,-0.834233215005133,-1.8174704771189347
2025-03-05 08:00:00,21,-0.10629197637808296,-1.0047318615368805,0.05373664233679997,-0.6065044217384381,-0.4712131198199536
2025-03-05 12:00:00,21,0.340182681822105,-0.047786331876055514,0.021240538986015068,-0.5551354286090415,-0.10629197637808296
2025-03-05 16:00:00,21,1.6844210423711665,0.5478597070247624,-0.01851787703651612,-0.7195395768873754,0.340182681822105
2025-03-05 20:00:00,21,-0.6137435100341175,-2.5152374761436813,-0.13822184453066128,-1.5335898551962233,1.6844210423711665
2025-03-06 00:00:00,21,-2.310846254318564,-2.653586313114124,0.0664289249689927,-1.2369786976615202,-0.6137435100341175
2025-03-06 04:00:00,21,-1.3310124183237253,-0.5095403374688185,0.21755534547455854,-0.12018842424574139,-2.310846254318564
2025-03-06 08:00:00,21,2.2159656789263895,1.3625659808039892,0.13030147659546928,0.5230658466957436,-1.3310124183237253
2025-03-06 12:00:00,21,-0.03236965846307349,0.9958369195832484,-0.1855557131087789,-0.5478703576593826,2.2159656789263895
2025-03-06 16:00:00,21,1.7310780813919706,0.6271278595660219,0.014657781790203592,-0.532226686143896,-0.03236965846307349
2025-03-06 20:00:00,21,-0.6069149646381433,-0.9206733170433863,-0.14237663794098931,-1.3688254690395105,1.7310780813919706
2025-03-07 00:00:00,21,-1.401927749260162,-0.7350199243566893,0.06582084533066271,-1.0755144242083468,-0.6069149646381433
2025-03-07 04:00:00,21,-1.3376995588092626,0.14213345293893487,0.13661646262650656,-0.3979880541698888,-1.401927749260162
2025-03-07 08:00:00,21,1.1972490680015593,0.7081704561768758,0.13089696417475738,0.24849799103492298,-1.3376995588092626
2025-03-07 12:00:00,21,0.9969327465882678,0.42373733364803967,-0.09483934638488724,-0.33011086773336906,1.1972490680015593
2025-03-07 16:00:00,21,1.7340275867337187,0.3980998590028323,-0.0770012462898943,-0.8119104649842779,0.9969327465882678
2025-03-07 20:00:00,21,-0.8549278545349868,-2.138900632216171,-0.14263929038561096,-1.649934690559558,1.7340275867337187
2025-03-08 00:00:00,21,0.0022923566580121957,-2.3961940711650516,0.08790630858006326,-1.2367634938031378,-0.8549278545349868
2025-03-10 04:00:00,22,-2.0780296802639544,-2.223250434788291,0.010191367862892854,-1.147440130547337,0.0022923566580121957
2025-03-10 08:00:00,22,0.29335102441049976,0.18167945990320764,0.19278995835361953,-0.1367407806820573,-2.0780296802639544
2025-03-10 12:00:00,22,0.9838944908396705,0.9498703057720121,-0.015356072167280946,-0.2794190554294831,0.29335102441049976
2025-03-10 16:00:00,22,0.3805299611351831,0.6934890325638775,-0.07596796850094305,-0.7579596324347992,0.9838944908396705
2025-03-10 20:00:00,22,-0.01943460505563621,0.6517931708161914,-0.023008133090483357,-0.9430394645355307,0.3805299611351831
2025-03-11 00:00:00,22,-0.11853941757319397,0.5707024735587748,0.012098434419966969,-0.9335869803476609,-0.01943460505563621
2025-03-11 04:00:00,22,0.26431942837927735,0.556160621556732,0.020797279481152356,-0.8759325043733721,-0.11853941757319397
2025-03-11 08:00:00,22,-1.2517404332283988,-0.3846821060322805,-0.012807847218973949,-1.00449056923497,0.26431942837927735
2025-03-11 12:00:00,22,0.6750782138001838,1.2081263167586265,0.12026308550965521,-0.39567672308079604,-1.2517404332283988
2025-03-11 16:00:00,22,1.4095007081159636,0.4920872957939437,-0.04886186862448473,-0.7240171304754552,0.6750782138001838
2025-03-11 20:00:00,22,0.15352772574748208,-0.25030522189722476,-0.11332521127366679,-1.4095614529927847,1.4095007081159636
2025-03-12 00:00:00,22,-0.8004197235264012,-1.7158735404130598,-0.003083194795175971,-1.4842333280256597,0.15352772574748208
2025-03-12 04:00:00,22,-2.459884547217097,-0.941430802107258,0.08064877388471402,-1.0949300847318861,-0.8004197235264012
2025-03-12 08:00:00,22,0.7085537659000742,1.1563815663758723,0.22630696160607475,0.10149349681203379,-2.459884547217097
2025-03-12 12:00:00,22,0.36394363736265056,0.9619123344695074,-0.051800158235829244,-0.24312854460598654,0.7085537659000742
2025-03-12 16:00:00,22,1.6803845755678033,1.0594727491785512,-0.021552281886422456,-0.42014122212621974,0.36394363736265056
2025-03-12 20:00:00,22,-0.42070818101436913,-0.6061011608214745,-0.13710182446407837,-1.2374363811801041,1.6803845755678033
2025-03-13 00:00:00,22,-2.114521771563526,-1.0978992866535389,0.047319899208010566,-1.0328149125491963,-0.42070818101436913
2025-03-13 04:00:00,22,-0.5107256733936936,0.4548694845404657,0.1959930222625227,-0.004366762798143853,-2.114521771563526
2025-03-13 08:00:00,22,1.2631678796008199,1.1818918852751934,0.05522111206652288,0.2440368625018312,-0.5107256733936936
2025-03-13 12:00:00,22,0.4286466878704349,0.8709167341916625,-0.1004809651640974,-0.37033499503635703,1.2631678796008199
2025-03-13 16:00:00,22,1.1850341415993508,0.8605355542507601,-0.027231540007752873,-0.5788175460158618,0.4286466878704349
2025-03-13 20:00:00,22,-0.1464316321692518,-0.12732894960835972,-0.09362283927030572,-1.155187194562214,1.1850341415993508
2025-03-14 00:00:00,22,-0.8891608816617182,-0.7690746750353861,0.023245496142088526,-1.0839666740668692,-0.1464316321692518
2025-03-14 04:00:00,22,-1.4046798098640032,-0.18241246443005887,0.08843795753341437,-0.6515020497372559,-0.8891608816617182
2025-03-14 08:00:00,22,-0.33522922640645625,0.6866084023551902,0.1336872160570159,0.03169751381185559,-1.4046798098640032
2025-03-14 12:00:00,22,0.5083112744757443,1.3911000604560628,0.03981705284528121,0.19474425198058576,-0.33522922640645625
2025-03-14 16:00:00,22,2.1225645106861606,1.0685624915630607,-0.034224034904206044,-0.05248507275965064,0.5083112744757443
2025-03-14 20:00:00,22,-0.7293127031334787,-1.5335357208932545,-0.1759138119654739,-1.0848450007107866,2.1225645106861606
2025-03-15 00:00:00,22,-0.6812736890992444,-1.2254810908074403,0.0744074124669625,-0.73012635453059,-0.7293127031334787
2025-03-17 04:00:00,22,-1.5572763561941017,-0.9483647566807323,0.07019082671940478,-0.3987726298015648,-0.6812736890992444
2025-03-17 08:00:00,22,0.10307770618791068,0.19644866437099837,0.14708125495055957,0.35864590743801195,-1.5572763561941017
2025-03-17 12:00:00,22,1.85595328323428,0.48765925974635393,0.0013450150196070848,0.3085116039585296,0.10307770618791068
2025-03-17 16:00:00,22,1.1554511636083564,-0.503462527256594,-0.15251222630821346,-0.5941755879332389,1.85595328323428
2025-03-17 20:00:00,22,-1.0737810463354407,-2.2473671749669717,-0.09102621721477712,-1.1561568488128762,1.1554511636083564
2025-03-18 00:00:00,22,-1.6456433819136471,-2.112116682474365,0.10464284372279817,-0.6338977994180492,-1.0737810463354407
2025-03-18 04:00:00,22,-0.22603451007525166,-0.8865570125986286,0.15483759942793726,0.1665001506242021,-1.6456433819136471
2025-03-18 08:00:00,22,-0.1285773135521282,-0.44716245382051784,0.030232574607183982,0.2764374313810176,-0.22603451007525166
2025-03-18 12:00:00,22,1.494233146340795,0.6242715443863706,0.021678347712279628,0.33897407772865407,-0.1285773135521282
2025-03-18 16:00:00,22,1.3981198759401945,-0.26029030171983614,-0.12076253276240569,-0.38778188918417733,1.494233146340795
2025-03-18 20:00:00,22,-1.5884648545633553,-1.1407407046214832,-0.11232626789998522,-1.0677908722449914,1.3981198759401945
2025-03-19 00:00:00,22,-0.7273959839778978,-1.2675100158006307,0.14981880026357963,-0.2952030641694581,-1.5884648545633553
2025-03-19 04:00:00,22,-1.1179584680593742,-0.6804879371632844,0.07423917398755213,0.05858333988599007,-0.7273959839778978
2025-03-19 08:00:00,22,2.222253056597081,0.7193832859928694,0.10852048131694689,0.6023291331128071,-1.1179584680593742
2025-03-19 12:00:00,22,-1.2203729067648599,0.02371875373170941,-0.1846638937548959,-0.4785166992977805,2.222253056597081
2025-03-19 16:00:00,22,2.032663046891667,0.6260275651150092,0.1175098261499181,0.11504080143232187,-1.2203729067648599
2025-03-19 20:00:00,22,1.0031314814921348,-1.3518984358769752,-0.16802278342250057,-0.8735934031222694,2.032663046891667
2025-03-20 00:00:00,22,-2.894373258203677,-2.2197203760820505,-0.0776564798545124,-1.3614903498322475,1.0031314814921348
2025-03-20 04:00:00,22,-0.6570506924077648,-1.5203703218631752,0.2644438581068054,0.04625719011738649,-2.894373258203677
2025-03-20 08:00:00,22,0.19963990198237092,-0.40372729147301595,0.06806467270342845,0.36582948205919763,-0.6570506924077648
2025-03-20 12:00:00,22,2.27445129872911,-0.005043509273871828,-0.007130653907520374,0.2687298491438863,0.19963990198237092
2025-03-20 16:00:00,22,0.44543198601256684,-0.6705282795297399,-0.1892455523972783,-0.8375038446086283,2.27445129872911
2025-03-20 20:00:00,22,-0.231008538982044,-1.8609717369887087,-0.028704856026774056,-1.0541503261039828,0.44543198601256684
2025-03-21 00:00:00,22,-2.206710561751855,-2.84491148296439,0.030669165986461126,-0.9417938076288364,-0.231008538982044
2025-03-21 04:00:00,22,-0.8735550601748976,-1.506705861879606,0.20408481903661305,0.13149256132242293,-2.206710561751855
2025-03-21 08:00:00,22,2.233147043631151,0.10608791827129993,0.0870681691274041,0.5563669217685874,-0.8735550601748976
2025-03-21 12:00:00,22,0.5652213855524995,-0.524768684665762,-0.18562010468855913,-0.5297774613399753,2.233147043631151
2025-03-21 16:00:00,22,0.3704820816906853,-1.1034191164146698,-0.03921927404644082,-0.804686377383609,0.5652213855524995
2025-03-21 20:00:00,22,-0.5958798606701965,-0.934159652515073,-0.022126188568710806,-0.9848791834141508,0.3704820816906853
2025-03-22 00:00:00,22,0.13952082095960527,-1.6403525885620938,0.06269545223843158,-0.6950587859977473,-0.5958798606701965
2025-03-24 04:00:00,22,-2.9278035505759554,-2.3528339663436824,-0.0018537500140264201,-0.7629180684593102,0.13952082095960527
2025-03-24 08:00:00,22,1.1153482390225768,0.27488015046784203,0.26737817508202855,0.661089092364544,-2.9278035505759554
2025-03-24 12:00:00,22,-0.10228341616016401,-0.3984523537581668,-0.08750621532374589,0.11861284635139047,1.1153482390225768
2025-03-24 16:00:00,22,1.196717839324,-0.2585049591557302,0.01937042205602675,0.16836082791147433,-0.10228341616016401
2025-03-24 20:00:00,22,-0.5916477212149829,-0.4914093878564812,-0.0946483664234946,-0.4136914659822848,1.196717839324
2025-03-25 00:00:00,22,-1.6771124488920819,-0.879787021713086,0.062323979607960586,-0.12592947063614446,-0.5916477212149829
2025-03-25 04:00:00,22,0.43260718415799815,-0.436093834897969,0.15759977142454915,0.6897742114839716,-1.6771124488920819
2025-03-25 08:00:00,22,0.15515720952699397,-0.32794646413965056,-0.027579169378070374,0.47936537857452066,0.43260718415799815
2025-03-25 12:00:00,22,0.41765484376884743,0.008701898824260661,-0.003226221420902925,0.4039009652000569,0.15515720952699397
2025-03-25 16:00:00,22,0.5989321653195052,-0.2732055728459405,-0.026266739748840376,0.2007645600397412,0.41765484376884743
2025-03-25 20:00:00,22,-0.0523805564204185,-0.624873841482933,-0.04217821057672257,-0.0905403986194333,0.5989321653195052
2025-03-26 00:00:00,22,-1.700563672032235,-1.4767626256214734,0.014990238753533683,-0.06506386437042533,-0.0523805564204185
2025-03-26 04:00:00,22,-0.10672929450855406,-0.388783888055104,0.15965818363894424,0.7620458800434147,-1.700563672032235
2025-03-26 08:00:00,22,1.0310840463496174,0.2262046867471643,0.01976065544561792,0.81395622068767,-0.10672929450855406
2025-03-26 12:00:00,22,-0.2936188494628631,0.5656763385528624,-0.08010999371101557,0.3124638766660732,1.0310840463496174
2025-03-26 16:00:00,22,2.4618909729146825,0.6491291288990284,0.036164735538231046,0.45527241452228484,-0.2936188494628631
2025-03-26 20:00:00,22,-0.6198536232072875,-0.7162317538083085,-0.2056979187621357,-0.742127040064914,2.4618909729146825
2025-03-27 00:00:00,22,-0.5633849674424365,-1.27049519051469,0.06479972992733654,-0.4406464308429774,-0.6198536232072875
2025-03-27 04:00:00,22,-1.6427747874422618,-0.5513178464199237,0.05984323916938443,-0.16663070059334206,-0.5633849674424365
2025-03-27 08:00:00,22,1.6375485740158702,0.7022869862495725,0.15458581085969259,0.6323720400374206,-1.6427747874422618
2025-03-27 12:00:00,22,0.050263979139188564,0.0035707894122604267,-0.1333419289446257,-0.16408880691276728,1.6375485740158702
2025-03-27 16:00:00,22,2.026129989101369,0.18007038665397382,0.005980697354601433,-0.18853589326581943,0.050263979139188564
2025-03-27 20:00:00,22,-0.3498496167030485,-1.2925996866082703,-0.16744934953922164,-1.1739925891813394,2.026129989101369
2025-03-28 00:00:00,22,-2.5570657803158845,-2.315173775325984,0.04110034582261853,-1.0038348751166035,-0.3498496167030485
2025-03-28 04:00:00,22,-0.4804412467069241,-0.578854197296043,0.23483696603377624,0.2398551194361893,-2.5570657803158845
2025-03-28 08:00:00,22,1.7888245756747025,-0.1218454922887801,0.05256292091694209,0.4735291907485264,-0.4804412467069241
2025-03-28 12:00:00,22,0.3363658370629601,-0.43119633809080904,-0.14662005809372905,-0.3965083514620389,1.7888245756747025
2025-03-28 16:00:00,22,0.4119776269865003,-0.8911264618093602,-0.019131662686998424,-0.560107907361183,0.3363658370629601
2025-03-28 20:00:00,22,-0.9801805666273697,-0.38839639156052463,-0.025768426620407292,-0.7604830625906338,0.4119776269865003
2025-03-29 00:00:00,22,0.49305097995566527,0.12202567989442016,0.09642713703863602,-0.2837488412993254,-0.9801805666273697
2025-03-31 04:00:00,22,-1.2717011461234602,0.09805278099206584,-0.03288457484927979,-0.5235559574461606,0.49305097995566527
2025-03-31 08:00:00,22,0.7913029828615912,0.7196720465740732,0.12201512099990128,0.094966258004896,-1.2717011461234602
2025-03-31 12:00:00,22,0.0792202365339616,0.5647376469941556,-0.05906340407623808,-0.2899028407959827,0.7913029828615912
2025-03-31 16:00:00,22,1.9978166227627074,0.5396134246729932,0.003439085194401754,-0.32843349429024826,0.0792202365339616
2025-03-31 20:00:00,22,-0.1104113127570372,-1.4866732978987516,-0.16496416662343777,-1.3001193084793101,1.9978166227627074
2025-04-01 00:00:00,22,-1.8373912026969528,-3.186685432125264,0.020083841630449635,-1.2464181303483342,-0.1104113127570372
2025-04-01 04:00:00,22,-1.2060795716723902,-1.7482395285467902,0.17166810988895462,-0.35275904951263204,-1.8373912026969528
2025-04-01 08:00:00,22,1.1594764997669795,-0.3663912421759359,0.11625524017958523,0.23384654642873226,-1.2060795716723902
2025-04-01 12:00:00,22,0.5547349076682142,-0.45111936904463856,-0.09137953785252965,-0.3300925328002524,1.1594764997669795
2025-04-01 16:00:00,22,1.5818487611986303,-0.9175296078979314,-0.038298831900033616,-0.5999010999505652,0.5547349076682142
2025-04-01 20:00:00,22,-1.2035373353269474,-2.314274660510003,-0.12845292275687514,-1.3692710130528525,1.5818487611986303
2025-04-02 00:00:00,22,-0.740749377057039,-2.1839502969747384,0.11603209743286944,-0.7839018944563243,-1.2035373353269474
2025-04-02 04:00:00,22,-1.9430366882823478,-1.5985032258718472,0.07541125730505979,-0.4236207488523007,-0.740749377057039
2025-04-02 08:00:00,22,0.9111873188155908,0.11207888343952117,0.18094105725826862,0.5214215362809442,-1.9430366882823478
2025-04-02 12:00:00,22,1.0814006060442853,-0.30639492458761475,-0.0695861550631509,0.0782438283401099,0.9111873188155908
2025-04-02 16:00:00,22,1.594122805562444,-0.41350816900810855,-0.08452648919369718,-0.4477211758431068,1.0814006060442853
2025-04-02 20:00:00,22,2.1565787489992356,-3.029843506262309,-0.129530267110622,-1.223060863475828,1.594122805562444
2025-04-03 00:00:00,22,0.036437625385987715,-10.30458131870003,-0.1788993843251134,-2.271964428351736,2.1565787489992356
2025-04-03 04:00:00,22,-3.5363462968930577,-8.10580826898859,0.0071942944141682955,-2.2896867374400136,0.036437625385987715
2025-04-03 08:00:00,22,0.5145847459895272,-3.6791354075071716,0.3207925242831118,-0.5697002824273474,-3.5363462968930577
2025-04-03 12:00:00,22,0.05623929163261643,-1.9715211392050014,-0.03477468381123555,-0.819980859823211,0.5145847459895272
2025-04-03 16:00:00,22,0.9940540782779639,-0.104391077388843,0.005456219115330403,-0.8473341820735216,0.05623929163261643
2025-04-03 20:00:00,22,-0.5368549213559071,-2.439930261581784,-0.07685971810185796,-1.3308161169989416,0.9940540782779639
2025-04-04 00:00:00,22,-1.1402711082279282,-2.669725680006265,0.05751458575175205,-1.0697039080927295,-0.5368549213559071
2025-04-04 04:00:00,22,-0.24931861854857118,-1.2999330401162308,0.11047895532846723,-0.5151058295851403,-1.1402711082279282
2025-04-04 08:00:00,22,0.8107608534766335,-0.5229912455635449,0.03227631846635688,-0.3938437667428314,-0.24931861854857118
2025-04-04 12:00:00,22,2.4897984512861235,-0.5784814155266257,-0.06077130299054014,-0.7881766654918838,0.8107608534766335
2025-04-04 16:00:00,22,0.1461376007529136,-3.7942743869346884,-0.20814747518865676,-1.9991495885017345,2.4897984512861235
2025-04-04 20:00:00,22,-0.08052653105632146,-5.137993682010053,-0.0024345325286573224,-2.0702270997974734,0.1461376007529136
2025-04-05 00:00:00,22,1.5154638706169017,-5.966821181646352,0.017460728997490276,-2.031061098773276,-0.08052653105632146
2025-04-07 04:00:00,23,-2.446785596695044,-0.5332443181726029,-0.06281467484904527,-1.9900486653490201,1.5154638706169017
2025-04-07 08:00:00,23,0.2445247257566603,0.9225395479272749,0.14999305955320535,-1.0580714050302946,-2.446785596695044
2025-04-07 12:00:00,23,0.9168254886145277,1.368730307085837,0.005445964015859447,-1.15121053593686,0.2445247257566603
2025-04-07 16:00:00,23,2.155696611742627,1.1289308982865676,-0.03066251510969877,-1.5004281004931883,0.9168254886145277
2025-04-07 20:00:00,23,-2.4075373624531586,2.4491166534046123,-0.09720081844074094,-2.3215299677773342,2.155696611742627
2025-04-08 00:00:00,23,-1.8472159208154828,3.696018764981917,0.14788508329446395,-1.404502305768533,-2.4075373624531586
2025-04-08 04:00:00,23,0.012213087712533266,4.062672513560557,0.11779088112076498,-0.7009003083462328,-1.8472159208154828
2025-04-08 08:00:00,23,-0.11002584402993243,3.8763811878909302,0.017923147437877977,-0.7055522566173584,0.012213087712533266
2025-04-08 12:00:00,23,0.7951087932013863,4.409542648729443,0.02448845594115942,-0.6636435643225456,-0.11002584402993243
2025-04-08 16:00:00,23,0.8920665495460991,3.273263462731102,-0.024125255302235925,-0.9664994074107511,0.7951087932013863
2025-04-08 20:00:00,23,0.7860606457558372,3.303325335540691,-0.029332741764324283,-1.3062863262118647,0.8920665495460991
2025-04-09 00:00:00,23,-1.4145698859786702,2.983492626085185,-0.023639290000376446,-1.6056957424130345,0.7860606457558372
2025-04-09 04:00:00,23,0.05712709920869408,3.894563863894944,0.09455397409829995,-1.0668880231569995,-1.4145698859786702
2025-04-09 08:00:00,23,1.1827061488990633,4.076829084227589,0.015510868981342792,-1.0886476564826122,0.05712709920869408
2025-04-09 12:00:00,23,-0.760572597469741,2.92966661649711,-0.04494265102827642,-1.5391387979630564,1.1827061488990633
2025-04-09 16:00:00,23,0.39142749895207984,3.884456847891736,0.05942855294019722,-1.2494377442128641,-0.760572597469741
2025-04-09 20:00:00,23,1.6481862707276012,2.7392917879730563,-0.0024440102523013083,-1.3985319388899624,0.39142749895207984
2025-04-10 00:00:00,23,-3.714796497382732,2.3541055278836063,-0.06994303804399281,-2.026323817002402,1.6481862707276012
2025-04-10 04:00:00,23,-0.8700240389879568,4.333459338887567,0.21809642588560588,-0.6113629528593645,-3.714796497382732
2025-04-10 08:00:00,23,1.7312836447851492,4.552593894087846,0.06530706046192418,-0.2799719959391256,-0.8700240389879568
2025-04-10 12:00:00,23,-0.5602348685126266,4.3227514238007645,-0.07440609976028603,-0.9394155492610485,1.7312836447851492
2025-04-10 16:00:00,23,1.9027036698072557,4.196611371662594,0.04866865037313879,-0.7260228602585164,-0.5602348685126266
2025-04-10 20:00:00,23,0.5549910563626756,3.4398676470515697,-0.08361286663780924,-1.450760064769029,1.9027036698072557
2025-04-11 00:00:00,23,-1.9281066760564922,2.774367889317521,-0.011228815542952374,-1.6621553929534576,0.5549910563626756
2025-04-11 04:00:00,23,-0.5173715798613152,4.0691230870280535,0.12213542794926253,-0.9277422183865571,-1.9281066760564922
2025-04-11 08:00:00,23,0.6644689596773112,3.7192863850957467,0.0463665138160725,-0.7306760969343085,-0.5173715798613152
2025-04-11 12:00:00,23,-0.014399058731195069,3.831402757494345,-0.017108744296479805,-0.9837714075505559,0.6644689596773112
2025-04-11 16:00:00,23,0.9775886993497309,3.5050608284081624,0.019352454360370367,-0.9782868259322921,-0.014399058731195069
2025-04-11 20:00:00,23,-0.6955661922533043,2.1429010126865755,-0.03392603531917655,-1.3506490136814557,0.9775886993497309
2025-04-12 00:00:00,23,-0.6464806556897447,2.179603021883997,0.055937135771775046,-1.0857088100517718,-0.6955661922533043
2025-04-14 04:00:00,23,-1.7629363468029613,2.7237791995806213,0.053300809635779225,-0.8394652196233308,-0.6464806556897447
2025-04-14 08:00:00,23,0.09405278412772944,2.9706819630139503,0.11326432484258114,-0.1679651957434265,-1.7629363468029613
2025-04-14 12:00:00,23,0.6426928903501228,3.318729203849826,0.013527634100828741,-0.20378977154406464,0.09405278412772944
2025-04-14 16:00:00,23,1.3219979910357917,2.803360033054781,-0.015939177358321014,-0.4485906073769579,0.6426928903501228
2025-04-14 20:00:00,23,-0.3505631266443867,1.4087385440889029,-0.05242385118752409,-0.9521378194811154,1.3219979910357917
2025-04-15 00:00:00,23,-0.9225051269622426,1.3498511605164991,0.037407429008037715,-0.8186088078749858,-0.3505631266443867
2025-04-15 04:00:00,23,-1.5724621940817425,1.4884783780609714,0.06812575764969862,-0.4672278769027143,-0.9225051269622426
2025-04-15 08:00:00,23,0.5479373464766741,2.651595875255003,0.1030341832936468,0.13172080481855009,-1.5724621940817425
2025-04-15 12:00:00,23,1.2482671227199464,2.6512881617560007,-0.010849969124433173,-0.07698777499547838,0.5479373464766741
2025-04-15 16:00:00,23,0.6581947304334541,1.4574805166781788,-0.04846385342078821,-0.5524510010132619,1.2482671227199464
2025-04-15 20:00:00,23,-1.1694801067423324,0.999256744722678,-0.016771762861686048,-0.803156466361008,0.6581947304334541
2025-04-16 00:00:00,23,0.7910308043868781,1.3674179077554427,0.0813904918201846,-0.3577031061028908,-1.1694801067423324
2025-04-16 04:00:00,23,-2.4159301064611682,0.9348546132119818,-0.023906231344332046,-0.6590056488741052,0.7910308043868781
2025-04-16 08:00:00,23,3.316596447393108,2.2361916184637995,0.14833584765256336,0.26121879775599943,-2.4159301064611682
2025-04-16 12:00:00,23,-2.404311813793024,0.7168991303021104,-0.15955137610522985,-1.0020682163572747,3.316596447393108
2025-04-16 16:00:00,23,1.7943805762868568,1.8965915339675772,0.1477118428894288,-0.08626916138595053,-2.404311813793024
2025-04-16 20:00:00,23,1.0146459601074937,0.8646850799793876,-0.0777949613530221,-0.7697462489230951,1.7943805762868568
2025-04-17 00:00:00,23,-2.606302276976665,-0.1897076412116664,-0.035916336982429214,-1.1562234962028466,1.0146459601074937
2025-04-17 04:00:00,23,-1.0473999766437014,1.7070688966031344,0.15856051185779985,-0.16348655229565612,-2.606302276976665
2025-04-17 08:00:00,23,1.5772767807540191,2.474378550781266,0.07483371236544555,0.23546665472371586,-1.0473999766437014
2025-04-17 12:00:00,23,-0.14237421567579567,1.3756908579409508,-0.06613457317236157,-0.36531589642299256,1.5772767807540191
2025-04-17 16:00:00,23,1.6519315275836313,1.9359861410190038,0.026225848737435917,-0.3110857539680172,-0.14237421567579567
2025-04-17 20:00:00,23,-0.7421223489224751,0.7110360697472192,-0.07014419136178907,-0.9403041952532121,1.6519315275836313
2025-04-18 00:00:00,23,0.1749710361702217,0.32373724828772926,0.0584376119040777,-0.6576308157367192,-0.7421223489224751
2025-04-21 04:00:00,23,-1.5735356964287064,0.6687729097124809,0.009181610451632464,-0.7242770421757312,0.1749710361702217
2025-04-21 08:00:00,23,-0.4766911616247338,1.7883618682759606,0.10309183983552221,-0.12491946489058048,-1.5735356964287064
2025-04-21 12:00:00,23,0.7645405077201044,1.975494277944973,0.04418161664821799,0.05665154134276307,-0.4766911616247338
2025-04-21 16:00:00,23,1.0380149095313254,1.1464268547581753,-0.022483468829299375,-0.2345608839511062,0.7645405077201044
2025-04-21 20:00:00,23,0.14005377732706847,0.944472267562543,-0.037171455627348915,-0.6299393318468693,1.0380149095313254
2025-04-22 00:00:00,23,-1.086348297260141,0.39366674214685043,0.011056975142132245,-0.6832856225340782,0.14005377732706847
2025-04-22 04:00:00,23,-0.28904484163489563,0.7746273969215047,0.07692558061794608,-0.2694970538912145,-1.086348297260141
2025-04-22 08:00:00,23,1.0082971795390154,0.8421975146599668,0.03410335465199691,-0.15940027222795106,-0.28904484163489563
2025-04-22 12:00:00,23,-1.3869437744416047,1.242754720480519,-0.03557535148413056,-0.5434592777424392,1.0082971795390154
2025-04-22 16:00:00,23,1.8738842842928154,1.3609129055400906,0.09307020830943476,-0.015174306281858563,-1.3869437744416047
2025-04-22 20:00:00,23,0.4795426320977647,0.1125606879436889,-0.08206501151440283,-0.7289342465841395,1.8738842842928154
2025-04-23 00:00:00,23,0.7864829391051398,-0.7043435710001934,-0.007176569876823698,-0.9115913739892454,0.4795426320977647
2025-04-23 04:00:00,23,-2.82523860192045,-0.4673797742730916,-0.023661970876898638,-1.211161641144935,0.7864829391051398
2025-04-23 08:00:00,23,-0.4717271835313124,0.748861866016003,0.17031932302656005,-0.13503215292124704,-2.82523860192045
2025-04-23 12:00:00,23,1.1264811798807894,1.172615526392219,0.04391500725363082,0.04464808090030914,-0.4717271835313124
2025-04-23 16:00:00,23,1.3151990909187212,0.1823548530635969,-0.0419228744159439,-0.38442704740025757,1.1264811798807894
2025-04-23 20:00:00,23,-0.7698641706713474,-0.3888943010833493,-0.05205869030043776,-0.885384567823686,1.3151990909187212
2025-04-24 00:00:00,23,-0.04068893934816842,-0.38741362222495657,0.05992759235161721,-0.5921443666515946,-0.7698641706713474
2025-04-24 04:00:00,23,-1.5633932204930172,-0.35708522213784577,0.020764452766316086,-0.5766460057530338,-0.04068893934816842
2025-04-24 08:00:00,23,0.8979149171290839,0.29810968792916187,0.10254709944425966,0.01884831643197238,-1.5633932204930172
2025-04-24 12:00:00,23,0.1346461367302112,0.28829099179695405,-0.029646850672800183,-0.32316623751816564,0.8979149171290839
2025-04-24 16:00:00,23,0.20582568940285917,0.40877859901953756,0.011347413125245799,-0.374452765357721,0.1346461367302112
2025-04-24 20:00:00,23,-0.39379505075189414,-0.07992217639822494,0.00752444350533738,-0.45285148667273667,0.20582568940285917
2025-04-25 00:00:00,23,-1.184404725799423,-0.557959397268986,0.03972936453962608,-0.30285549477931006,-0.39379505075189414
2025-04-25 04:00:00,23,1.367208450122769,0.2658698383574272,0.08219207546466693,0.14828263230059857,-1.184404725799423
2025-04-25 08:00:00,23,-0.39777847431123625,-0.49976364493876313,-0.054852051493678056,-0.37248518133666675,1.367208450122769
2025-04-25 12:00:00,23,0.8480600511295471,0.32731971790346304,0.039943309509477574,-0.2209719089015616,-0.39777847431123625
2025-04-25 16:00:00,23,0.8187742827601134,-0.5356387561158507,-0.026969204762360605,-0.5439968131289925,0.8480600511295471
2025-04-25 20:00:00,23,-0.9577872504691705,-1.4419578062683642,-0.025396300767207492,-0.8558668085617418,0.8187742827601134
2025-04-26 00:00:00,23,-1.4228473598325913,-1.1561474884921916,0.07002071878991765,-0.4910469653902858,-0.9577872504691705
2025-04-28 04:00:00,23,-1.3919592508995535,0.24842154300643626,0.09499854743270482,0.05091363224428669,-1.4228473598325913
2025-04-28 08:00:00,23,1.2091717355398472,1.3416629974124068,0.09333958362029524,0.5811089917726999,-1.3919592508995535
2025-04-28 12:00:00,23,0.3557949244238898,0.8423335604193019,-0.04636408639702734,0.12053714482974165,1.2091717355398472
2025-04-28 16:00:00,23,1.9677013838998985,-0.09690954439223587,-0.0005302268020614086,-0.014984651337351274,0.3557949244238898
2025-04-28 20:00:00,23,-1.2528401900065536,-0.8315290452548679,-0.08710381701624778,-0.7644793955313016,1.9677013838998985
2025-04-29 00:00:00,23,-1.4635130105531573,-1.3153358837102846,0.08586766333737247,-0.2872742944890847,-1.2528401900065536
2025-04-29 04:00:00,23,0.6414294192889951,-0.39302809673702477,0.09718265145473348,0.27017579343790477,-1.4635130105531573
2025-04-29 08:00:00,23,0.37456375719319546,0.33221072291502696,-0.01587131782140402,0.025856211990206823,0.6414294192889951
2025-04-29 12:00:00,23,0.7745251566755424,0.1166662862020464,-0.0015382786200910173,-0.11681460670151811,0.37456375719319546
2025-04-29 16:00:00,23,0.7773787407372978,-0.5865477013480085,-0.023019732520048273,-0.4118301710163559,0.7745251566755424
2025-04-29 20:00:00,23,-1.4143972518084649,-1.130545745183551,-0.023172995146270674,-0.7079326615659864,0.7773787407372978
2025-04-30 00:00:00,23,-1.357049176717597,-0.6919056512166738,0.0945447021211201,-0.169190698427367,-1.4143972518084649
2025-04-30 04:00:00,23,-0.42926110511731075,0.14433709381741683,0.09146460480945405,0.34770746197678726,-1.357049176717597
2025-04-30 08:00:00,23,0.8618430296583082,1.0309638326552322,0.041634204388796836,0.5112124250798056,-0.42926110511731075
2025-04-30 12:00:00,23,1.8748028655204987,0.9089205085667742,-0.027709472243804777,0.1829376033338077,0.8618430296583082
2025-04-30 16:00:00,23,1.2462391848574619,-0.7579059261405485,-0.08211434742612178,-0.5311722232916196,1.8748028655204987
2025-04-30 20:00:00,23,-0.4137751243025676,-1.2674764020537714,-0.04835493527578391,-1.0058630105735666,1.2462391848574619
2025-05-01 00:00:00,23,-1.5129744935982465,-1.4787355407525569,0.04080247066799758,-0.848256636211862,-0.4137751243025676
2025-05-01 04:00:00,23,-1.5615052319994547,-0.8203597461439055,0.09983916923177835,-0.2719667375871442,-1.5129744935982465
2025-05-01 08:00:00,23,0.31753204443847416,0.591469685516686,0.10244569781440087,0.32280845238369515,-1.5615052319994547
2025-05-01 12:00:00,23,0.4622116688449083,0.7071526160404699,0.001524827244529358,0.20186093444877695,0.31753204443847416
2025-05-01 16:00:00,23,1.7326667503656843,0.07524728874441095,-0.006245744330558651,0.025805147051924493,0.4622116688449083
2025-05-01 20:00:00,23,0.2447548536672155,-1.1099092030059665,-0.07448038472579893,-0.6341652292786923,1.7326667503656843
2025-05-02 00:00:00,23,-0.8557696559000494,-1.2738630796406443,0.00543360411785908,-0.7273920155891043,0.2447548536672155
2025-05-02 04:00:00,23,-2.2831849727357447,-0.8419836821269152,0.0645414743989403,-0.40143053353406977,-0.8557696559000494
2025-05-02 08:00:00,23,1.4124977748516159,0.5095317813488884,0.14120626346204648,0.4682314746800289,-2.2831849727357447
2025-05-02 12:00:00,23,0.8289560180669806,-0.007223611888283955,-0.05728448758021561,-0.06978698030459807,1.4124977748516159
2025-05-02 16:00:00,23,0.5369205598940958,-0.5656421192425007,-0.02594314973288046,-0.3855351846778454,0.8289560180669806
2025-05-02 20:00:00,23,-1.240763310950479,-0.4967157137110966,-0.010258270542005923,-0.5900474856717697,0.5369205598940958
2025-05-03 00:00:00,23,-0.4401979380725063,-0.483798418293074,0.08521902844151953,-0.11744245121122798,-1.240763310950479
2025-05-05 04:00:00,24,-0.24749583351968596,-0.050655295031301825,0.021674989254559237,0.41237840315079577,-0.4401979380725063
2025-05-05 08:00:00,24,-0.5054281512930672,0.690704695331295,0.012741312707029464,0.507198062627725,-0.24749583351968596
2025-05-05 12:00:00,24,0.31155853817874934,0.8814221085532566,0.024699064302370448,0.7008357676109522,-0.5054281512930672
2025-05-05 16:00:00,24,0.10049400631222127,0.8399169845222071,-0.013176468216153536,0.581472649140963,0.31155853817874934
2025-05-05 20:00:00,24,0.5212612294986005,0.2025682755434578,-0.003391508873197803,0.5429717688534597,0.10049400631222127
2025-05-06 00:00:00,24,-1.7875799772322676,-0.07342111590744142,-0.022898292582033873,0.3432681553554495,0.5212612294986005
2025-05-06 04:00:00,24,0.681943732606781,1.4610904828680717,0.08413966939771249,1.0281189761490044,-1.7875799772322676
2025-05-06 08:00:00,24,1.1348782109459883,1.0945054566158674,-0.030347539246708778,0.766855295105831,0.681943732606781
2025-05-06 12:00:00,24,0.17711593091839362,0.6598466855174957,-0.051345598069659944,0.33206508478446484,1.1348782109459883
2025-05-06 16:00:00,24,1.8794037861049766,0.38656777253201197,-0.006943704073500495,0.26420910507446393,0.17711593091839362
2025-05-06 20:00:00,24,-0.5167482602420446,-0.889960037194051,-0.0858618307038023,-0.4558209030426319,1.8794037861049766
2025-05-07 00:00:00,24,0.8154171376042569,-0.72427979642109,0.02522386496330584,-0.25784628110803887,-0.5167482602420446
2025-05-07 04:00:00,24,-2.7437489992435538,-0.7947596115990957,-0.03653537113734623,-0.570245783838006,0.8154171376042569
2025-05-07 08:00:00,24,-0.41256956720922844,1.0145480206752437,0.12846769989452153,0.4809288646344001,-2.7437489992435538
2025-05-07 12:00:00,24,1.132801287501282,0.98713866707599,0.020394136980524703,0.6389909431631358,-0.41256956720922844
2025-05-07 16:00:00,24,0.9009243084200929,0.6332217959015178,-0.051249311823528675,0.20499643582790128,1.132801287501282
2025-05-07 20:00:00,24,1.2141069543391882,-0.3079851570412763,-0.040499486673789005,-0.1401622479528788,0.9009243084200929
2025-05-08 00:00:00,24,-1.5537515984033554,-0.9043844545993235,-0.05501864548335891,-0.6053062721647358,1.2141069543391882
2025-05-08 04:00:00,24,-1.6930909754828463,-0.6150741258973597,0.07329937728498068,-0.010038887751885106,-1.5537515984033554
2025-05-08 08:00:00,24,-0.0030013273012716724,1.5749745347161888,0.07975915585382991,0.6386116671916087,-1.6930909754828463
2025-05-08 12:00:00,24,0.8623214746205612,1.6196733067915858,0.0014065385421494288,0.6397615242564259,-0.0030013273012716724
2025-05-08 16:00:00,24,1.9039894798086898,1.3804512413930263,-0.03870985790048966,0.30939221088104674,0.8623214746205612
2025-05-08 20:00:00,24,-0.6518660811158199,-0.5644019599146514,-0.08700162435450116,-0.4200569744069842,1.9039894798086898
2025-05-09 00:00:00,24,-2.2849769711949577,-0.23886689552921825,0.03148793203353602,-0.17031652844894563,-0.6518660811158199
2025-05-09 04:00:00,24,0.7248809171389627,1.0407641899191709,0.10719901205558309,0.7050951309723814,-2.2849769711949577
2025-05-09 08:00:00,24,-0.29747625754261087,0.8881991928430919,-0.032338108676981746,0.4273815196077919,0.7248809171389627
2025-05-09 12:00:00,24,0.3842148630402047,0.6908613268023633,0.015058406975228325,0.5413494884480361,-0.29747625754261087
2025-05-09 16:00:00,24,1.1116465581007127,0.4445851615266909,-0.01654481806864085,0.3941505559999481,0.3842148630402047
2025-05-09 20:00:00,24,-1.1182588754760925,-0.0008817845377216587,-0.050268577802207164,-0.031739232118148664,1.1116465581007127
2025-05-10 00:00:00,24,2.9616202190577017,0.3274005005845222,0.05310991887473921,0.3966838418050891,-1.1182588754760925
2025-05-12 04:00:00,24,-4.683957593730748,-1.2152541036826316,-0.1360334237378109,-0.7379607971670072,2.9616202190577017
2025-05-12 08:00:00,24,4.653797892596431,1.3282518096057325,0.21841584061726518,1.0565391656236933,-4.683957593730748
2025-05-12 12:00:00,24,-2.4141599534639333,-0.5723780245610808,-0.21448284198068596,-0.7264061275355509,4.653797892596431
2025-05-12 16:00:00,24,1.2328415120506673,0.6111586302005857,0.11318793979311055,0.1984976231859079,-2.4141599534639333
2025-05-12 20:00:00,24,-1.2812539294107026,-0.7256586975481466,-0.055887180257505636,-0.27382391329914846,1.2328415120506673
2025-05-13 00:00:00,24,-1.186173391693579,-0.3629968147465241,0.06066637547949747,0.21704520381889036,-1.2812539294107026
2025-05-13 04:00:00,24,-1.0130143021351792,0.42682647710255106,0.05625843830672436,0.6714874280837853,-1.186173391693579
2025-05-13 08:00:00,24,0.6299139157864566,1.2168829847347216,0.04823077664226413,1.059589602604139,-1.0130143021351792
2025-05-13 12:00:00,24,0.12827311751840575,0.9878415138883442,-0.027935435054185057,0.8182593864738523,0.6299139157864566
2025-05-13 16:00:00,24,1.8141560802529924,1.2283303823577123,-0.00467934947498992,0.7691158790855877,0.12827311751840575
2025-05-13 20:00:00,24,-0.26208778360565965,-0.1710123244493827,-0.08283694469696465,0.07408332309749444,1.8141560802529924
2025-05-14 00:00:00,24,-2.194501449488783,-0.5692089623502918,0.013417796041595518,0.17449339481926884,-0.26208778360565965
2025-05-14 04:00:00,24,-0.16904579386445562,1.3633707783865752,0.10300456359189014,1.0152424175522299,-2.194501449488783
2025-05-14 08:00:00,24,1.6272595765507116,1.2875437618227012,0.009104366026830613,1.0800065971438029,-0.16904579386445562
2025-05-14 12:00:00,24,-0.13771642521174776,0.6139776179367348,-0.07417241601516858,0.4565771165952386,1.6272595765507116
2025-05-14 16:00:00,24,-0.02023386571804231,0.9973452847270611,0.007651935361212778,0.5093385079982955,-0.13771642521174776
2025-05-14 20:00:00,24,0.3838962291475383,0.8415786865942317,0.002205439647384174,0.5170904294347194,-0.02023386571804231
2025-05-15 00:00:00,24,-1.2925650800369723,0.32677972490617396,-0.01653004618983461,0.3700135707879184,0.3838962291475383
2025-05-15 04:00:00,24,-0.07930698771166433,1.0310849537914104,0.061190760832267634,0.8652161727789043,-1.2925650800369723
2025-05-15 08:00:00,24,0.8985935363612327,1.036913023466843,0.004944071722879389,0.8955999633341625,-0.07930698771166433
2025-05-15 12:00:00,24,0.5791026939166954,1.2258273734217962,-0.040391431996710116,0.5513342360520701,0.8985935363612327
2025-05-15 16:00:00,24,-0.2341456021890167,0.22833437151810937,-0.02557982496771196,0.32947062138646643,0.5791026939166954
2025-05-15 20:00:00,24,0.24351762986182557,0.3931929112509919,0.012122395498939474,0.4191755911706041,-0.2341456021890167
2025-05-16 00:00:00,24,-1.024642486347009,-0.4463090137640708,-0.01002208924186003,0.32588004590118924,0.24351762986182557
2025-05-16 04:00:00,24,-1.3355811927124073,0.5249313186214091,0.04876985968354511,0.7184371659922242,-1.024642486347009
2025-05-16 08:00:00,24,0.8725701878249517,1.4011773363673383,0.06318498937412091,1.2301199369537388,-1.3355811927124073
2025-05-16 12:00:00,24,0.5760545672040376,1.0480262504248472,-0.03918498861589565,0.8958241756770065,0.8725701878249517
2025-05-16 16:00:00,24,1.5854725676689707,1.090129733087195,-0.025438513702897483,0.6751283476881582,0.5760545672040376
2025-05-16 20:00:00,24,0.014785785243763172,-0.046542099695910985,-0.07223516876971413,0.06770814655403345,1.5854725676689707
2025-05-17 00:00:00,24,0.30626049292303037,-0.7969616866854968,0.0005819273602394038,0.062043472923068776,0.014785785243763172
2025-05-19 04:00:00,24,-1.6391799113404577,-0.3979227008168798,-0.012930850646181463,-0.055289878661974434,0.30626049292303037
2025-05-19 08:00:00,24,0.18869694105099022,0.35016805534389317,0.0772598369673088,0.572706475072053,-1.6391799113404577
2025-05-19 12:00:00,24,0.4095882279093992,0.7046516177731965,-0.0074806001227593856,0.5004136229446248,0.18869694105099022
2025-05-19 16:00:00,24,0.7271903161185183,0.35133056762853787,-0.017721128183104107,0.3434937437538528,0.4095882279093992
2025-05-19 20:00:00,24,-0.5602287275822366,-0.5427330792912828,-0.03244517249732985,0.06489536426317599,0.7271903161185183
2025-05-20 00:00:00,24,-1.2191764312245184,-0.47257606495378773,0.0272396210042381,0.27952805695582317,-0.5602287275822366
2025-05-20 04:00:00,24,-0.21306437849709603,0.42730340796522187,0.05778846041488424,0.7466142798106112,-1.2191764312245184
2025-05-20 08:00:00,24,1.012953571722944,0.9418856439428508,0.011145069204933598,0.8282426916042649,-0.21306437849709603
2025-05-20 12:00:00,24,-1.205444109072447,0.4466663974612225,-0.04569316737866884,0.44016378388774413,1.012953571722944
2025-05-20 16:00:00,24,1.721296533017112,1.3376657575709403,0.05715182946247315,0.9019889318720198,-1.205444109072447
2025-05-20 20:00:00,24,0.5038439300813593,0.2727642185236549,-0.07853197272335535,0.24253237133755512,1.721296533017112
2025-05-21 00:00:00,24,-0.6934574088757515,-1.1639370709517907,-0.02209082595012451,0.0495016071407397,0.5038439300813593
2025-05-21 04:00:00,24,-1.2366825749195147,-0.22461289719983388,0.03341610749509502,0.31517636390840487,-0.6934574088757515
2025-05-21 08:00:00,24,0.08565385861134267,0.8490034932986109,0.05860004587072863,0.7889694737451176,-1.2366825749195147
2025-05-21 12:00:00,24,1.2865315929807917,1.4525562891486685,-0.002703519088214021,0.7561540942257423,0.08565385861134267
2025-05-21 16:00:00,24,0.5929556945774905,1.0197566530896114,-0.058376254354301264,0.26326301877639313,1.2865315929807917
2025-05-21 20:00:00,24,1.733850591180147,-0.37824605710940223,-0.026222050580158952,0.036092095350436004,0.5929556945774905
2025-05-22 00:00:00,24,-3.6939760028319846,-1.5605736028085702,-0.07911397931455316,-0.6281741280504463,1.733850591180147
2025-05-22 04:00:00,24,-0.5324978949222086,0.8098052655042928,0.17252025820200273,0.7870478646729975,-3.6939760028319846
2025-05-22 08:00:00,24,0.7433573845007668,1.427642769427136,0.025954018597594643,0.9910564265572921,-0.5324978949222086
2025-05-22 12:00:00,24,1.9559921868056733,1.331657470581244,-0.03319467837316845,0.7062641815095887,0.7433573845007668
2025-05-22 16:00:00,24,-0.09092205611804438,0.2367363699590318,-0.08941247173463276,-0.04310808247924136,1.9559921868056733
2025-05-22 20:00:00,24,0.2796632340522631,0.13130765027082886,0.00548254671494461,-0.00827437123064545,-0.09092205611804438
2025-05-23 00:00:00,24,-1.4419135984076146,-0.5631895054348411,-0.011697800761470829,-0.1154178824725971,0.2796632340522631
2025-05-23 04:00:00,24,-0.5764615610654236,-0.2242966446298799,0.06811456355394681,0.4370025540730147,-1.4419135984076146
2025-05-23 08:00:00,24,0.8284410732886869,0.5023627907177225,0.02799217575253849,0.6578543079972485,-0.5764615610654236
2025-05-23 12:00:00,24,1.9880513375633804,0.679698587597122,-0.0371391612674568,0.3404651247175732,0.8284410732886869
2025-05-23 16:00:00,24,-0.8206443287195881,-0.2699237569380301,-0.09089873512507407,-0.421189518795531,1.9880513375633804
2025-05-23 20:00:00,24,-0.10885115736412843,-0.4038600631571774,0.03931249770628746,-0.10678739454855535,-0.8206443287195881
2025-05-24 00:00:00,24,0.5342893502947508,-0.7759506309084693,0.006313740498178689,-0.06508475443475525,-0.10885115736412843
2025-05-26 04:00:00,24,-2.270253520723564,-0.935077942960794,-0.023502276734075397,-0.269779651866509,0.5342893502947508
2025-05-26 08:00:00,24,0.3109752222602822,0.6121584946455655,0.10651643235838548,0.5999912153840201,-2.270253520723564
2025-05-26 12:00:00,24,-1.5274990911721407,0.5967575809491972,-0.013149425669043303,0.4808515746832116,0.3109752222602822
2025-05-26 16:00:00,24,1.684104930463846,1.4413803758466104,0.072082310098768,1.0660611986857988,-1.5274990911721407
2025-05-26 20:00:00,24,-0.24876764184750577,-0.1276229331599688,-0.07680776868175349,0.42085334302588073,1.684104930463846
2025-05-27 04:00:00,24,-1.733980412568572,-0.11100000026176621,0.012800273787177307,0.5161602528570848,-0.24876764184750577
2025-05-27 08:00:00,24,1.6329368933028352,1.6468757055761185,0.08165479163830737,1.180476212932998,-1.733980412568572
2025-05-27 12:00:00,24,0.2923658831594693,1.2537586430576304,-0.07443561662545274,0.5548716604508037,1.6329368933028352
2025-05-27 16:00:00,24,0.46708179157227114,0.05114002242526074,-0.012286696034222989,0.44286155874681743,0.2923658831594693
2025-05-27 20:00:00,24,-1.197284711730461,0.07972063988900367,-0.020386531877167664,0.2639149647984613,0.46708179157227114
2025-05-28 00:00:00,24,-1.0941336162443278,0.39293442908045906,0.056773559506131825,0.7226141156033039,-1.197284711730461
2025-05-28 04:00:00,24,0.038363887780619166,1.148486738630072,0.051991470982838704,1.1417944122538222,-1.0941336162443278
2025-05-28 08:00:00,24,0.8283987915924786,1.6842559042455667,-0.0005111543274648716,1.1270965859355453,0.038363887780619166
2025-05-28 12:00:00,24,0.744660239630969,1.4604487461907831,-0.03713720108648896,0.8097236014580051,0.8283987915924786
2025-05-28 16:00:00,24,0.7759549050282359,0.5067589401909539,-0.033255078784199386,0.5244322115235507,0.744660239630969
2025-05-28 20:00:00,24,0.049312459477205195,0.2284092917028825,-0.034705900605637885,0.22715132877940292,0.7759549050282359
2025-05-29 00:00:00,24,1.2969435622417915,-0.330398049007236,-0.0010187305079207964,0.208258927444386,0.049312459477205195
2025-05-29 04:00:00,24,-2.3487215193228312,-0.19485691815790462,-0.058858953626405475,-0.28862114194385935,1.2969435622417915
2025-05-29 08:00:00,24,0.3550714779379618,0.6751202356106948,0.11015421161588043,0.6112120855541479,-2.3487215193228312
2025-05-29 12:00:00,24,0.28661754919639826,0.8104816694049665,-0.015193729679607866,0.4751784556168186,0.3550714779379618
2025-05-29 16:00:00,24,1.7914607412701127,0.8248773885507394,-0.012020203063466767,0.3653706336893716,0.28661754919639826
2025-05-29 20:00:00,24,-1.3573445904549803,-0.6333385507684843,-0.08178478795960002,-0.3209669706162357,1.7914607412701127
2025-05-30 00:00:00,24,-0.9327332088954225,-0.09838023129024036,0.06419394128182618,0.19905371025537644,-1.3573445904549803
2025-05-30 04:00:00,24,-1.0417084510072439,0.13061646952205053,0.04450894225155837,0.5563988986270161,-0.9327332088954225
2025-05-30 08:00:00,24,1.216101790889713,1.2856601453575573,0.04956103842339287,0.9554942659875758,-1.0417084510072439
2025-05-30 12:00:00,24,1.3360152831592575,1.060001406613169,-0.055111126178102404,0.4895859876073043,1.216101790889713
2025-05-30 16:00:00,24,0.903323262353755,-0.34995711442559807,-0.06067032002347727,-0.022263090430039156,1.3360152831592575
2025-05-30 20:00:00,24,-1.2089446180330352,-0.4687850836671046,-0.04061070226505354,-0.36834085228924884,0.903323262353755
2025-05-31 00:00:00,24,-1.7682708599434136,-0.20116061364101823,0.05731411318468882,0.09482539733265316,-1.2089446180330352
2025-06-02 04:00:00,25,0.061021918948361176,0.6869652096350896,0.3123485095178394,0.6733451554024024,-1.7682708599434136
2025-06-02 08:00:00,25,2.069476454022441,0.9999026793496171,-0.011820614431559396,0.6507527936090831,0.061021918948361176
2025-06-02 12:00:00,25,-1.363399919782097,-0.1915424282565873,-0.36773900794405073,-0.11543682444597625,2.069476454022441
2025-06-02 16:00:00,25,1.7700144575456243,0.5468008015926055,0.24060129687964402,0.3893395704551157,-1.363399919782097
2025-06-02 20:00:00,25,-1.7874545481023087,-0.3949597152477792,-0.31467132289429145,-0.2659791689984461,1.7700144575456243
2025-06-03 00:00:00,25,-0.7277730663758657,-0.03273969677117901,0.3157480524758316,0.39579647712660737,-1.7874545481023087
2025-06-03 04:00:00,25,-0.22066537339014936,0.5119349964875474,0.1279618098576481,0.6652424844360656,-0.7277730663758657
2025-06-03 08:00:00,25,1.0522859959547883,0.5831112389988773,0.03809721383449507,0.7469402093979287,-0.22066537339014936
2025-06-03 12:00:00,25,-0.6798702148850211,0.7087858649749691,-0.18748260312664183,0.3573486275472737,1.0522859959547883
2025-06-03 16:00:00,25,0.379697289247682,1.0501250468526295,0.11947294160121033,0.6090593920052472,-0.6798702148850211
2025-06-03 20:00:00,25,0.3602759625197791,0.3569406255210589,-0.06829310303820295,0.46848271597698865,0.379697289247682
2025-06-04 00:00:00,25,-1.4936781115052895,-0.08819636477157101,-0.0648514481298326,0.3350964667249565,0.3602759625197791
2025-06-04 04:00:00,25,-0.4750696092070239,0.6907867497871771,0.2636879059604519,0.888106219277101,-1.4936781115052895
2025-06-04 08:00:00,25,1.313509497100135,1.4440553815725983,0.08318020940819137,1.0639929280726523,-0.4750696092070239
2025-06-04 12:00:00,25,0.8684161378539024,0.902182179060744,-0.23377404127061308,0.5776876415647001,1.313509497100135
2025-06-04 16:00:00,25,0.20810566495840632,0.2664668405340191,-0.15489901043494902,0.25617085035799203,0.8684161378539024
2025-06-04 20:00:00,25,-1.2681927135742832,0.2572340008706665,-0.03788533717110784,0.17912315085908936,0.20810566495840632
2025-06-05 00:00:00,25,-1.276671865114153,0.5285408304183482,0.22372962002933994,0.6486506436435775,-1.2681927135742832
2025-06-05 04:00:00,25,-0.031111788272657037,1.1130140101549642,0.22523221117179174,1.121317402819396,-1.276671865114153
2025-06-05 08:00:00,25,1.758397003682509,1.3944070849373578,0.004506407410259653,1.1328360306961738,-0.031111788272657037
2025-06-05 12:00:00,25,0.22421748393479923,0.6751709504914261,-0.31261259293876725,0.48181846244987536,1.758397003682509
2025-06-05 16:00:00,25,1.9713694429596984,0.5303068816950122,-0.040740513938368014,0.3988056269844824,0.22421748393479923
2025-06-05 20:00:00,25,-0.4426218406281226,-0.8947310463804634,-0.35035345643666965,-0.3310614839028432,1.9713694429596984
2025-06-06 00:00:00,25,-1.814750023778858,-0.7010506195119737,0.07743013766696488,-0.1671880277180593,-0.4426218406281226
2025-06-06 04:00:00,25,-0.8049625632895854,-0.17635810886358683,0.3205850859676544,0.5046933193163223,-1.814750023778858
2025-06-06 08:00:00,25,-0.46512080755888974,0.5558730004475692,0.14164056696058405,0.8027174682341238,-0.8049625632895854
2025-06-06 12:00:00,25,2.408205375725988,1.1782543656484066,0.08141718144906072,0.9749207968587763,-0.46512080755888974
2025-06-06 16:00:00,25,0.2501040191659438,0.09743447363967289,-0.42776518804600566,0.08332236700506535,2.408205375725988
2025-06-06 20:00:00,25,-1.6859617386083077,-0.11960338190171328,-0.045327868977865414,-0.009274532344200281,0.2501040191659438
2025-06-07 00:00:00,25,-0.38319639651137827,0.2394630218561822,0.2977625033497012,0.6149250704340465,-1.6859617386083077
2025-06-09 04:00:00,25,-0.5561520480360596,0.4161783767238372,0.06689934982265959,0.7567972333728692,-0.38319639651137827
2025-06-09 08:00:00,25,0.7563853268602259,1.088801931118713,0.09754883506843853,0.9627033814892405,-0.5561520480360596
2025-06-09 12:00:00,25,-0.5177833134642267,0.726082378745968,-0.13504602119548875,0.6826641553540282,0.7563853268602259
2025-06-09 16:00:00,25,0.9065565499533434,0.7767252146538058,0.09074950845614345,0.8743649105896498,-0.5177833134642267
2025-06-09 20:00:00,25,-0.49676529738156816,0.33752398040047504,-0.16165787600311424,0.5387272591421155,0.9065565499533434
2025-06-10 00:00:00,25,-0.18786607598906535,0.56493149518742,0.08702490409576463,0.7226464396304886,-0.49676529738156816
2025-06-10 04:00:00,25,0.8278146413754062,0.5810550171647448,0.03228484764174892,0.7922007642171662,-0.18786607598906535
2025-06-10 08:00:00,25,1.826248048175854,0.5276699443204175,-0.14770401590135535,0.4857160092623607,0.8278146413754062
2025-06-10 12:00:00,25,-2.2789813322035464,0.017585703539231484,-0.32463648211947266,-0.19042229218384676,1.826248048175854
2025-06-10 16:00:00,25,0.01755250122521268,0.9805292223725857,0.40285155435282133,0.6533330610513577,-2.2789813322035464
2025-06-10 20:00:00,25,1.2437409299202464,0.573680040666688,-0.004117395338090706,0.6468345361787913,0.01755250122521268
2025-06-11 00:00:00,25,-1.5231149813048592,-0.3995266713198006,-0.2214103477367595,0.18635991410575148,1.2437409299202464
2025-06-11 04:00:00,25,-0.9851287923299914,0.5814164628641327,0.2689044160811118,0.7502681835193128,-1.5231149813048592
2025-06-11 08:00:00,25,0.6084436847354571,1.378856927467013,0.17356783924155691,1.114995915339243,-0.9851287923299914
2025-06-11 12:00:00,25,2.1482341523625106,1.3582980426621691,-0.10882927061482126,0.8897296488352913,0.6084436847354571
2025-06-11 16:00:00,25,-0.5069016787517668,0.2926179644887004,-0.38169566615085704,0.09438128838778681,2.1482341523625106
2025-06-11 20:00:00,25,1.1040869697514353,0.3591658220324463,0.0888211730728854,0.2820532973538148,-0.5069016787517668
2025-06-12 00:00:00,25,-1.6919995947920157,-0.5372918065688688,-0.19666225795781542,-0.12671674301517122,1.1040869697514353
2025-06-12 04:00:00,25,-0.3622151071679518,0.6094077991561765,0.2988324723411006,0.4997182767035655,-1.6919995947920157
2025-06-12 08:00:00,25,0.7329859193417807,0.7725549703817601,0.06318125381076373,0.6338224623662523,-0.3622151071679518
2025-06-12 12:00:00,25,0.36212720903490236,1.0140959650546333,-0.13089941026271903,0.36244648198792007,0.7329859193417807
2025-06-12 16:00:00,25,0.008310523340872678,0.48855726313775794,-0.06517950767718698,0.22837483916323276,0.36212720903490236
2025-06-12 20:00:00,25,-0.4485256289598567,-0.029897149563299825,-0.0024796236763334027,0.22529800458895988,0.008310523340872678
2025-06-13 00:00:00,25,1.459173363422389,-0.44793564526261365,0.07847634848327847,0.3913572412972073,-0.4485256289598567
2025-06-13 04:00:00,25,-0.17567800463002392,-0.25739815410594347,-0.25958714701379215,-0.14887769581630828,1.459173363422389
2025-06-13 08:00:00,25,-0.7107633089396295,-0.3773217497531716,0.030124998512793846,-0.08383580417916292,-0.17567800463002392
2025-06-13 12:00:00,25,-0.5887822703356793,0.15667857039024702,0.12494750934199365,0.17931262021846983,-0.7107633089396295
2025-06-13 16:00:00,25,1.5207551023677812,0.7672777496175008,0.10333123944853459,0.3972995714346794,-0.5887822703356793
2025-06-13 20:00:00,25,-0.2361507112712733,-0.5463955849888192,-0.2705000520422056,-0.1657349916180575,1.5207551023677812
2025-06-14 00:00:00,25,-0.7462387548522269,-0.26103777122839306,0.040841371835285696,-0.07830407501077641,-0.2361507112712733
2025-06-16 04:00:00,25,-2.213048079291653,0.4945149273940864,0.13123411603278698,0.19797854973075157,-0.7462387548522269
2025-06-16 08:00:00,25,1.5575400227508727,1.2354989090801154,0.39116751717615283,1.0173232005549675,-2.213048079291653
2025-06-16 12:00:00,25,-0.021256029703755175,0.6269846467251414,-0.2770187108117216,0.440669625774059,1.5575400227508727
2025-06-16 16:00:00,25,0.8843633883632744,0.6064798730933711,0.0027598676228598167,0.4485393211496369,-0.021256029703755175
2025-06-16 20:00:00,25,-0.6866760992055632,-0.007857470494472179,-0.15772502401061983,0.12111832274450673,0.8843633883632744
2025-06-17 00:00:00,25,0.687462805639198,0.31927563253524205,0.12067901292196832,0.37534885392799566,-0.6866760992055632
2025-06-17 04:00:00,25,-0.21978513430002344,-0.4935409797725106,-0.12283225553565814,0.12082705762731472,0.687462805639198
2025-06-17 08:00:00,25,-0.6253958386715279,-0.2850206993866344,0.03794122659286554,0.2021988885443573,-0.21978513430002344
2025-06-17 12:00:00,25,0.253972916031298,0.5671422898123106,0.1098195329076516,0.43374141121166954,-0.6253958386715279
2025-06-17 16:00:00,25,0.8875766411099733,0.5922560339696471,-0.04601347650989331,0.3397121164341801,0.253972916031298
2025-06-17 20:00:00,25,-0.9273139534968617,0.11104308041314599,-0.15829444479440297,0.01110146405162915,0.8875766411099733
2025-06-18 00:00:00,25,0.23286313321488983,0.3999574132426247,0.16332246689215885,0.35442420274038877,-0.9273139534968617
2025-06-18 04:00:00,25,-1.2424787404719044,0.2085294165619601,-0.042272610159071744,0.26821045783392705,0.23286313321488983
2025-06-18 08:00:00,25,-0.04495502647098171,0.8614487245049043,0.21917284473888782,0.7282177750243912,-1.2424787404719044
2025-06-18 12:00:00,25,0.7225323710160083,1.0590445309830026,0.006959568791070667,0.7448616341485224,-0.04495502647098171
2025-06-18 16:00:00,25,0.5714013396114233,0.627859860278889,-0.12904693610328932,0.47735590809633877,0.7225323710160083
2025-06-18 20:00:00,25,1.7418664010530254,0.3914025791036345,-0.10226499358576961,0.2658039605967337,0.5714013396114233
2025-06-19 00:00:00,25,-2.390710138598399,-0.7017825047235118,-0.30968320348586525,-0.3790934239237309,1.7418664010530254
2025-06-19 04:00:00,25,-0.21270079824849653,0.3973509915922146,0.4226510253324606,0.5060276821476704,-2.390710138598399
2025-06-19 08:00:00,25,0.17344240178216808,0.6433531231208529,0.03668581081793535,0.5847766541658146,-0.21270079824849653
2025-06-19 12:00:00,25,0.45399535751039544,1.0641666322726095,-0.03174265744989007,0.5205624577115691,0.17344240178216808
2025-06-19 16:00:00,25,0.6948055356122218,1.1144316824391571,-0.0814594698318486,0.35247814397436805,0.45399535751039544
2025-06-19 20:00:00,25,0.6615937165336323,0.2013568206066705,-0.12413346131868984,0.095237822675454,0.6948055356122218
2025-06-20 04:00:00,25,-3.4157246477829393,0.1661243422718317,-0.11824799212551088,-0.14970636888239497,0.6615937165336323
2025-06-20 08:00:00,25,1.99411341142304,1.397937248733033,0.6042939308924316,1.114909499628319,-3.4157246477829393
2025-06-20 12:00:00,25,0.04154225188429628,0.37691294730110636,-0.3543839169605235,0.37662180851351046,1.99411341142304
2025-06-20 16:00:00,25,1.4600128903597493,0.5741262779331564,-0.008368621027414728,0.36124147304629073,0.04154225188429628
2025-06-20 20:00:00,25,-0.6866698943657408,-0.5015523380282869,-0.2597359196514784,-0.17930428510712293,1.4600128903597493
2025-06-21 00:00:00,25,0.6705312602606437,-0.33527571991175964,0.12067791336179257,0.07492394883647968,-0.6866698943657408
2025-06-23 04:00:00,25,-2.4985468169215164,-1.023712847954408,-0.11983181498518453,-0.17332922128028816,0.6705312602606437
2025-06-23 08:00:00,25,0.7191577135926526,1.0348054908974573,0.44176077197607655,0.7517166412270315,-2.4985468169215164
2025-06-23 12:00:00,25,0.26487071240070925,0.7884356065725663,-0.12844891278346773,0.48546032657899385,0.7191577135926526
2025-06-23 16:00:00,25,1.6908101811210283,0.6870359503064828,-0.04794467590171029,0.38739630194425434,0.26487071240070925
2025-06-23 20:00:00,25,-0.4574008241558989,-0.43486896743685216,-0.3006355265483604,-0.23859835692644626,1.6908101811210283
2025-06-24 00:00:00,25,-0.6716469765225188,-0.6023101048412343,0.08004912255464605,-0.069253225177353,-0.4574008241558989
2025-06-24 04:00:00,25,-1.7011836691768956,-0.3930501632018354,0.11801570085398866,0.1794130205339135,-0.6716469765225188
2025-06-24 08:00:00,25,1.5271554881816627,0.6333700268787013,0.30045998291895154,0.809248292732673,-1.7011836691768956
2025-06-24 12:00:00,25,-0.7539806215535663,0.18350643698675412,-0.2716342649392144,0.2438440921068148,1.5271554881816627
2025-06-24 16:00:00,25,0.5458839607595394,0.4372351747731242,0.1326060528683036,0.5229930156551754,-0.7539806215535663
2025-06-24 20:00:00,25,-0.6566578921830732,0.28319023973206825,-0.0977430567786329,0.3208884579619573,0.5458839607595394
2025-06-25 00:00:00,25,-1.69912648454528,0.11678393738740837,0.11535948398417441,0.5640052417391619,-0.6566578921830732
2025-06-25 04:00:00,25,0.29255889836702664,0.8846480672278758,0.3000954290610191,1.193078875164935,-1.69912648454528
2025-06-25 08:00:00,25,0.11557367795797191,1.0717766592237938,-0.052851301616313934,1.0847637550954365,0.29255889836702664
2025-06-25 12:00:00,25,0.24958519200903595,1.4432154383957503,-0.02148773613678888,1.0419745018039972,0.11557367795797191
2025-06-25 16:00:00,25,1.0078508428321111,0.981342858644853,-0.045235927574675774,0.9495696896758332,0.24958519200903595
2025-06-25 20:00:00,25,0.2525284384428552,0.31584069416901017,-0.1796082459835156,0.5764294923930517,1.0078508428321111
2025-06-26 00:00:00,25,-1.2932685619298585,0.10579603329614544,-0.04575750051752444,0.4829349916837078,0.2525284384428552
2025-06-26 04:00:00,25,-0.6277127616902156,1.0733379496977529,0.2281733131808755,0.9617464048706825,-1.2932685619298585
2025-06-26 08:00:00,25,0.39767241561360933,1.457296020152735,0.11023011502654086,1.1941467301765805,-0.6277127616902156
2025-06-26 12:00:00,25,0.7752389172938443,1.349646997854362,-0.07147847666136485,1.0469150592688043,0.39767241561360933
2025-06-26 16:00:00,25,-0.11331778167401296,1.2557321768144316,-0.13838706750840837,0.7598956013821159,0.7752389172938443
2025-06-26 20:00:00,25,0.26825206797614065,0.9249657441367937,0.01907413826876768,0.8018496461797264,-0.11331778167401296
2025-06-27 00:00:00,25,-0.3005538528589291,0.44282518947339183,-0.04854388620161267,0.7025337302602068,0.26825206797614065
2025-06-27 04:00:00,25,-1.3172519022917673,0.34663971646393144,0.05225425785821502,0.8138088507281696,-0.3005538528589291
2025-06-27 08:00:00,25,1.5191945095087114,1.7295439791243572,0.23242340290090943,1.3014997012027045,-1.3172519022917673
2025-06-27 12:00:00,25,-0.05989737562689079,0.6529825496707276,-0.27022349925316935,0.7390429219871821,1.5191945095087114
2025-06-27 16:00:00,25,0.9384603237585427,0.9639831814799189,0.009607503715162804,0.7612189401123777,-0.05989737562689079
2025-06-27 20:00:00,25,1.1547460371612335,0.20240334070963395,-0.16731154638570697,0.4137694411713344,0.9384603237585427
2025-06-28 00:00:00,25,-1.3760258682663036,-0.46021250469147307,-0.20563955546416465,-0.013756285658493184,1.1547460371612335
2025-06-30 04:00:00,26,-1.0833116190009093,-0.4467878456953743,0.299638037118473,0.2395289280197268,-1.3760258682663036
2025-06-30 08:00:00,26,0.11265779395575315,0.6160808098052204,0.23573900437078027,0.8512086123352773,-1.0833116190009093
2025-06-30 12:00:00,26,-0.28959148442575255,0.5555769871921239,-0.02533912515501531,0.7875976599242858,0.11265779395575315
2025-06-30 16:00:00,26,1.605558638239149,0.871966314494164,0.062471221886652745,0.9511122245860957,-0.28959148442575255
2025-06-30 20:00:00,26,-0.05323632654855359,-0.16352189463112984,-0.35123689124371504,0.044551652574543965,1.605558638239149
2025-07-01 00:00:00,26,-1.2178675627211284,-0.26388521822654104,0.010875284855285492,0.07461094377587862,-0.05323632654855359
2025-07-01 04:00:00,26,-0.6759207313060038,0.2885944644877185,0.26511234262046507,0.7622661237234887,-1.2178675627211284
2025-07-01 08:00:00,26,0.6574672805308417,1.020546451795407,0.1468062525855191,1.1439171392723626,-0.6759207313060038
2025-07-01 12:00:00,26,0.1042682898546623,0.7564214436031327,-0.144270128040193,0.772685656521535,0.6574672805308417
2025-07-01 16:00:00,26,2.1775673752945828,0.8603029039902332,-0.02350771039253663,0.7138117429552402,0.1042682898546623
2025-07-01 20:00:00,26,-1.05526599689318,-0.9045378064986047,-0.47610544517575176,-0.515727109332202,2.1775673752945828
2025-07-02 00:00:00,26,-2.173387059288821,-0.48289192233028355,0.22961669180831118,0.08011693085621197,-1.05526599689318
2025-07-02 04:00:00,26,1.1894941911935728,0.5289483861151807,0.4737006561565092,1.3072954148711329,-2.173387059288821
2025-07-02 08:00:00,26,-0.08784089945128315,0.3426510561690649,-0.2604107159084269,0.6356609390630652,1.1894941911935728
2025-07-02 12:00:00,26,0.6750662606072986,0.4012616029285796,0.018429405444497452,0.6852593119632928,-0.08784089945128315
2025-07-02 16:00:00,26,-0.48357964221288263,0.8445005223098496,-0.14811195605865723,0.3040907636547523,0.6750662606072986
2025-07-02 20:00:00,26,-0.4770672404616523,0.39743185442651946,0.104818513411452,0.5771385531384485,-0.48357964221288263
2025-07-03 00:00:00,26,-0.45827784269202176,0.3493702882771475,0.10339686696338071,0.8465091884428126,-0.4770672404616523
2025-07-03 04:00:00,26,0.5170848583319838,0.8849313423249388,0.09929517274656628,1.1052706022686802,-0.45827784269202176
2025-07-03 08:00:00,26,-0.3048230663440634,0.3654755366587544,-0.11362487924961513,0.8133044704916035,0.5170848583319838
2025-07-03 12:00:00,26,0.8332361119315586,0.8818240515787619,0.06579625083293703,0.9854193760488741,-0.3048230663440634
2025-07-03 16:00:00,26,0.9313873228956435,0.610796951563763,-0.182640170980996,0.5149420055793676,0.8332361119315586
2025-07-03 20:00:00,26,-1.1018984769513054,-0.3641504018224781,-0.20406641674579773,-0.01095533887054323,0.9313873228956435
2025-07-04 04:00:00,26,-1.375944384258192,0.0529777121735648,0.23979648448262897,0.611219205099518,-1.1018984769513054
2025-07-04 08:00:00,26,1.6927487740874803,0.9756176137181425,0.2996202492953116,1.3881306789882668,-1.375944384258192
2025-07-04 12:00:00,26,-1.0620962603831643,0.14051465196591006,-0.37027035257957547,0.4323391804033214,1.6927487740874803
2025-07-04 16:00:00,26,0.26444180433757936,0.7076127956556513,0.2311077269441722,1.032039851815906,-1.0620962603831643
2025-07-04 20:00:00,26,2.214461362090331,0.3935021611857019,-0.05847332164290415,0.882725770290385,0.26444180433757936
2025-07-07 04:00:00,26,-1.662689740010979,-1.4733300742323758,-0.4841593410020428,-0.36764485542267433,2.214461362090331
2025-07-07 08:00:00,26,-0.6833370108932488,-0.08058808233187785,0.3622162825375591,0.5711741486812265,-1.662689740010979
2025-07-07 12:00:00,26,1.0350842208474464,0.7364078258694449,0.14842521405869885,0.9570126828324632,-0.6833370108932488
2025-07-07 16:00:00,26,0.9740341939225612,0.49065834129670877,-0.2267032767370198,0.3725640548080644,1.0350842208474464
2025-07-07 20:00:00,26,0.9034495526823854,-0.20923036684000065,-0.21337615761141882,-0.17741336424757215,0.9740341939225612
2025-07-08 00:00:00,26,-1.693834164871891,-0.8937571755246728,-0.19796764807213496,-0.6875359619258328,0.9034495526823854
2025-07-08 04:00:00,26,-0.7777998285027614,0.13413231207602297,0.3690150585762723,0.26886839032072096,-1.693834164871891
2025-07-08 08:00:00,26,-0.3509669347689588,0.32674990402378484,0.16904628970164393,0.7080442887552216,-0.7777998285027614
2025-07-08 12:00:00,26,0.7268499946032492,0.9842462824934499,0.07586938040208985,0.9062138090476939,-0.3509669347689588
2025-07-08 16:00:00,26,1.319594353547643,0.40014962117146374,-0.1594162588820055,0.49580615953525964,0.7268499946032492
2025-07-08 20:00:00,26,-1.2884544222731193,-0.20729809088116113,-0.2888113645123338,-0.2492879052242607,1.319594353547643
2025-07-09 00:00:00,26,-0.5937940950235507,0.04839663315940619,0.2805213364135209,0.4782233486454661,-1.2884544222731193
2025-07-09 04:00:00,26,-0.42965993015683424,0.45300442602983965,0.12887814476555332,0.8135024855270743,-0.5937940950235507
2025-07-09 08:00:00,26,0.9269111590829588,0.9415027106847802,0.09304793013761979,1.0561051178922245,-0.42965993015683424
2025-07-09 12:00:00,26,-0.7254752457139872,0.43561844934938027,-0.20308927764591245,0.5327351888414142,0.9269111590829588
2025-07-09 16:00:00,26,2.2530665392593843,0.7961471699471896,0.1576239204882552,0.9423666019027248,-0.7254752457139872
2025-07-09 20:00:00,26,-1.521408076024711,-0.39568279733417666,-0.49258678683478463,-0.3298020015754872,2.2530665392593843
2025-07-10 00:00:00,26,-0.6899929707532308,-0.35913275675118195,0.3313747307635562,0.5292439048241757,-1.521408076024711
2025-07-10 04:00:00,26,0.1807500149344996,0.15921494885421078,0.14987819900264227,0.9188406516213039,-0.6899929707532308
2025-07-10 08:00:00,26,-0.5474928440512024,0.17558841733087038,-0.040203543505346856,0.8167821948153744,0.1807500149344996
2025-07-10 12:00:00,26,0.5513599107791922,0.878421767070479,0.11877065884860107,1.1259178526818676,-0.5474928440512024
2025-07-10 16:00:00,26,1.2359220547851564,0.7424282762069869,-0.12110706607259868,0.8145986992136329,0.5513599107791922
2025-07-10 20:00:00,26,-0.6789248317796162,-0.4999003859772307,-0.27054584114913294,0.11674925400337699,1.2359220547851564
2025-07-11 00:00:00,26,1.9118594615490263,-0.4390889971590412,0.14746204271197333,0.5000965009939904,-0.6789248317796162
2025-07-11 04:00:00,26,-2.89709399704528,-1.6607458578325356,-0.41810185046057063,-0.5794133753743012,1.9118594615490263
2025-07-11 08:00:00,26,1.5689372852683512,0.4655195287262844,0.631684674466135,1.056398066562835,-2.89709399704528
2025-07-11 12:00:00,26,-0.14121665640164593,-0.07166170793182729,-0.34324251092701186,0.17051532836335248,1.5689372852683512
2025-07-11 16:00:00,26,1.1924301231458152,-0.008712511591168301,0.030081244225368647,0.25025172026831477,-0.14121665640164593
2025-07-11 20:00:00,26,-1.29598833654574,-0.7080181363070488,-0.2610516249602826,-0.42304049639494234,1.1924301231458152
2025-07-12 00:00:00,26,1.3082626161065338,-0.09276440437570248,0.2821659773424564,0.30872469717515116,-1.29598833654574
2025-07-14 04:00:00,26,-3.478735529036358,-0.9101587686415342,-0.2863376651155505,-0.42997102987696234,1.3082626161065338
2025-07-14 08:00:00,26,2.288634017212612,0.6943151296018237,0.75865605147764,1.5342577413243355,-3.478735529036358
2025-07-14 12:00:00,26,-0.7711581616644381,-0.16963808455800633,-0.5003511079916462,0.2420063626734592,2.288634017212612
2025-07-14 16:00:00,26,1.3990728396489178,0.30654077328456353,0.1675964249005064,0.677432118855501,-0.7711581616644381
2025-07-14 20:00:00,26,-1.9066005420890395,-0.5403708977859564,-0.3061613855614212,-0.11253857644652143,1.3990728396489178
2025-07-15 00:00:00,26,-0.3323778246889546,0.2129862857071272,0.41546160410497956,0.964001910377057,-1.9066005420890395
2025-07-15 04:00:00,26,2.387949227595719,0.5300595700555468,0.07181140865410128,1.1516752993754427,-0.3323778246889546
2025-07-15 08:00:00,26,-1.9301931500955973,-1.1632040115243036,-0.5220314528895821,-0.19665329239615836,2.387949227595719
2025-07-15 12:00:00,26,0.1560696469185796,0.49689731724756925,0.42061183111100303,0.8932084943788983,-1.9301931500955973
2025-07-15 16:00:00,26,1.924724950267258,0.017783154526151937,-0.034815860302249625,0.805085528942195,0.1560696469185796
2025-07-15 20:00:00,26,-0.11116370095699857,-0.7793362648508468,-0.42091036520484604,-0.28168870048915107,1.924724950267258
2025-07-16 00:00:00,26,-1.2738339825766687,-1.0710650731772828,0.023520734141073602,-0.21892137083433294,-0.11116370095699857
2025-07-16 04:00:00,26,-1.0966087632729646,-0.3581905942484009,0.27732971879567775,0.5003346167009237,-1.2738339825766687
2025-07-16 08:00:00,26,0.7204293515433253,0.4862667676309194,0.23864174880301486,1.1195223835182837,-1.0966087632729646
2025-07-16 12:00:00,26,0.5245502649542235,0.30634139373348934,-0.15801464320331216,0.7127400776753081,0.7204293515433253
2025-07-16 16:00:00,26,2.084212638759059,0.4019161421242379,-0.11525456507265419,0.4165586882697827,0.5245502649542235
2025-07-16 20:00:00,26,-2.086891612091309,-0.529551638576002,-0.45572626178441933,-0.7602684652120342,2.084212638759059
2025-07-17 00:00:00,26,-0.7166265631174689,-0.14693821032670468,0.4548188441952848,0.41807134033906657,-2.086891612091309
2025-07-17 04:00:00,26,-1.147324907060602,-0.11019428877197772,0.15569226782553763,0.8227064445984453,-0.7166265631174689
2025-07-17 08:00:00,26,1.5807780372993108,0.9169361604204317,0.2497129984632413,1.470530509852571,-1.147324907060602
2025-07-17 12:00:00,26,-0.06868302881182586,0.3969823399179983,-0.34582732736038474,0.5779620245999588,1.5807780372993108
2025-07-17 16:00:00,26,1.1200138782995648,0.07481166061963386,0.0142472742143337,0.6167431219726609,-0.06868302881182586
2025-07-17 20:00:00,26,-1.3118541592136435,-0.4476606879960561,-0.24524327940652707,-0.015660079000241467,1.1200138782995648
2025-07-18 00:00:00,26,-0.7219298609684195,-0.19146482431544004,0.28562945998728745,0.7250635723493968,-1.3118541592136435
2025-07-18 04:00:00,26,-0.5098600268858888,-0.011798672444064337,0.15684996890739172,1.1326931239112916,-0.7219298609684195
2025-07-18 08:00:00,26,0.3846542970090745,0.46239355029345186,0.11055547758404281,1.4205798361190887,-0.5098600268858888
2025-07-18 12:00:00,26,0.39532272113256184,0.40785342451321344,-0.08471550843488745,1.2033891267808805,0.3846542970090745
2025-07-18 16:00:00,26,1.5265469683269526,0.40545735314303405,-0.08704440763997848,0.9801746121169099,0.39532272113256184
2025-07-18 20:00:00,26,-1.2217441904259658,-0.344766744372861,-0.3339887753906608,0.11822708815307337,1.5265469683269526
2025-07-19 00:00:00,26,-0.685678376191591,-0.05330593254343756,0.2659586039872543,0.8080711622001395,-1.2217441904259658
2025-07-21 04:00:00,26,-1.168161946973953,0.6097484454135331,0.14893633020097258,1.1952317218530304,-0.685678376191591
2025-07-21 08:00:00,26,1.6698212994479178,0.7065560223158509,0.25426168954722406,1.8548211866216757,-1.168161946973953
2025-07-21 12:00:00,26,-0.6446543939464355,0.4328778104780168,-0.3652653230789891,0.9119754279362198,1.6698212994479178
2025-07-21 16:00:00,26,1.8781161070732058,0.9541757663587394,0.13998086325154085,1.2759722588254263,-0.6446543939464355
2025-07-21 20:00:00,26,-0.5910519835484749,-0.1432771795354405,-0.4107357324185599,0.21551518688708704,1.8781161070732058
2025-07-22 00:00:00,26,-1.607188496808897,-0.19737651309382842,0.12827954640082245,0.5492460214593571,-0.5910519835484749
2025-07-22 04:00:00,26,-0.29414302428349615,0.6231821491333778,0.3501004536504863,1.456726874725108,-1.607188496808897
2025-07-22 08:00:00,26,1.4639262394720038,0.6725824094473414,0.06346481545154507,1.622811415019509,-0.29414302428349615
2025-07-22 12:00:00,26,-0.825633868279736,0.04887640703258751,-0.3203187746516164,0.7962219791494114,1.4639262394720038
2025-07-22 16:00:00,26,2.7429052281683344,0.9408126284228095,0.17948838085994645,1.2624068285054406,-0.825633868279736
2025-07-22 20:00:00,26,-0.842772478889513,-0.9687913962234537,-0.5995177562092923,-0.28634366456212046,2.7429052281683344
2025-07-23 00:00:00,26,-0.12633800625089897,-0.6232440241416789,0.1832297109911324,0.18951830792590485,-0.842772478889513
2025-07-23 04:00:00,26,-1.450631053772808,-0.14549416104694446,0.026833259695712056,0.26085363787637306,-0.12633800625089897
2025-07-23 08:00:00,26,-0.10927115629057127,0.5065900674844517,0.3159242247700538,1.0799360971307301,-1.450631053772808
2025-07-23 12:00:00,26,-0.12631254038739215,0.763240222040206,0.02310759479469739,1.1416348227903477,-0.10927115629057127
2025-07-23 16:00:00,26,2.5418572292566033,0.7246411547626829,0.02682770054015248,1.2129557737282788,-0.12631254038739215
2025-07-23 20:00:00,26,-0.31620186954510565,-0.5804222780764579,-0.5556293131336323,-0.2222752348718151,2.5418572292566033
2025-07-24 00:00:00,26,-0.9576689509537744,-0.8483083248983627,0.06828022460666923,-0.04373541645676404,-0.31620186954510565
2025-07-24 04:00:00,26,-2.1260189259231286,-0.2209346859459148,0.20831141934477,0.4970015527806311,-0.9576689509537744
2025-07-24 08:00:00,26,1.1127582712419297,0.8793451410307485,0.46336027159126325,1.6974341546730418,-2.1260189259231286
2025-07-24 12:00:00,26,0.7724914358678134,0.3539577152455733,-0.24365939247876822,1.0691277503712815,1.1127582712419297
2025-07-24 16:00:00,26,1.1100281871930981,0.1955491303784081,-0.16937970943945357,0.6329491759516035,0.7724914358678134
2025-07-24 20:00:00,26,-0.3458229747180539,-0.2610673363195748,-0.2430634196811403,0.0061842828086415835,1.1100281871930981
2025-07-25 00:00:00,26,-1.7313479319559555,-0.26541840405721867,0.07474646249641735,0.20144932408982896,-0.3458229747180539
2025-07-25 04:00:00,26,-0.004150148567902079,0.7267848471646179,0.37720425140651465,1.1790354017097613,-1.7313479319559555
2025-07-25 08:00:00,26,-0.48191981345902946,0.16611349975876105,0.0001598540140594812,1.1813787362788286,-0.004150148567902079
2025-07-25 12:00:00,26,0.27841296259087756,0.9937718160439144,0.10445617556092301,1.4534893221819782,-0.48191981345902946
2025-07-25 16:00:00,26,0.7741462192121293,0.8403650064912491,-0.06152320220386474,1.2962865837640116,0.27841296259087756
2025-07-25 20:00:00,26,-0.7329502135910406,0.3264623688497614,-0.1697409458854897,0.8591736545973632,0.7741462192121293
2025-07-26 00:00:00,26,2.6073049030227065,0.23013773374570862,0.1592556935172843,1.2730257239417853,-0.7329502135910406
2025-07-28 04:00:00,27,-3.9652961732162613,-1.6822294065567927,-0.6966418964263716,-0.544645029494518,2.6073049030227065
2025-07-28 08:00:00,27,1.562648944346197,1.5095644933312082,1.0539652209026371,1.704186785884449,-3.9652961732162613
2025-07-28 12:00:00,27,0.7590130993745152,0.6361053678452925,-0.41839860504046905,0.8179642923288775,1.562648944346197
2025-07-28 16:00:00,27,-0.018005170268239112,0.13351353690982917,-0.2043508310116855,0.38750645725161803,0.7590130993745152
2025-07-28 20:00:00,27,0.451091173231319,0.33020440855121796,0.0026073728033638175,0.39771769948215585,-0.018005170268239112
2025-07-29 00:00:00,27,-1.3201613664869658,-0.5247725231410273,-0.12233606863143208,0.14189111360158257,0.451091173231319
2025-07-29 04:00:00,27,-0.38432365052278783,0.502845338385453,0.3494356495438419,0.8905920309360997,-1.3201613664869658
2025-07-29 08:00:00,27,0.3165776797126014,0.9505063901373946,0.10017601135364654,1.1085528628497503,-0.38432365052278783
2025-07-29 12:00:00,27,-0.6882457649335194,1.1749757854605292,-0.08650850563176117,0.9290126905455196,0.3165776797126014
2025-07-29 16:00:00,27,2.747775275058798,1.4197657434184323,0.1811254270308812,1.319336365088839,-0.6882457649335194
2025-07-29 20:00:00,27,-0.3086919530272816,-0.5499328579433101,-0.7340560693250182,-0.23900485083397704,2.747775275058798
2025-07-30 00:00:00,27,-2.2286517993226393,-0.26981749499704916,0.08003156832484921,-0.06393689757283205,-0.3086919530272816
2025-07-30 04:00:00,27,0.16329836249131802,0.9738222914248343,0.5914113604229084,1.1999946860428246,-2.2286517993226393
2025-07-30 08:00:00,27,0.9516801500502048,1.136806273589528,-0.04568268027671667,1.107383557660981,0.16329836249131802
2025-07-30 12:00:00,27,-0.38873364599109905,0.5476012735238388,-0.25566754813407244,0.5676587789790322,0.9516801500502048
2025-07-30 16:00:00,27,1.6647436029693115,1.1222187056284019,0.1013506101714759,0.7881206442787381,-0.38873364599109905
2025-07-30 20:00:00,27,2.6824136187587886,-0.3911898138251751,-0.445591436912318,-0.1560026230053424,1.6647436029693115
2025-07-31 00:00:00,27,-2.8268942955604306,-2.26216183561179,-0.7166470436756653,-1.6772753916363374,2.6824136187587886
2025-07-31 04:00:00,27,-1.7616440148430694,-0.5380097509424839,0.7507527778700538,-0.07406353737192717,-2.8268942955604306
2025-07-31 08:00:00,27,1.0621597475051558,0.6915967426542359,0.4670242050372645,0.9250146991315855,-1.7616440148430694
2025-07-31 12:00:00,27,0.017076208210184518,0.39836264845652575,-0.28509370185629923,0.3226338103247173,1.0621597475051558
2025-07-31 16:00:00,27,2.317160761192449,0.39994148132018725,-0.006736524709610426,0.3129494087991809,0.017076208210184518
2025-07-31 20:00:00,27,0.40293157429094073,-1.1304824284786232,-0.6193622328886574,-1.001178114969301,2.317160761192449
2025-08-01 00:00:00,27,-1.8052034949317601,-1.344116602744024,-0.10950879740428794,-1.2296920277021401,0.40293157429094073
2025-08-01 04:00:00,27,-1.2604302070982882,-0.6704473818818302,0.47862623823323763,-0.20590997579475534,-1.8052034949317601
2025-08-01 08:00:00,27,1.5202919879058783,0.5914898533032361,0.33352630230988983,0.5089157085848974,-1.2604302070982882
2025-08-01 12:00:00,27,0.5814950234601302,-0.051308698828593395,-0.40711686307062966,-0.353284954800964,1.5202919879058783
2025-08-01 16:00:00,27,1.6024026293793234,0.8176055485148049,-0.1570690313793089,-0.6830672591025895,0.5814950234601302
2025-08-01 20:00:00,27,-1.0502734185772926,-1.2224881337411533,-0.4289869677224272,-1.591835193849895,1.6024026293793234
2025-08-02 00:00:00,27,-1.8739020158861521,-0.23299897739934683,0.277551207294632,-0.9961953789737938,-1.0502734185772926
2025-08-04 04:00:00,27,-1.0280295265972725,0.6143288238514658,0.4969240351537763,0.06654755072003127,-1.8739020158861521
2025-08-04 08:00:00,27,0.9627746432370596,1.0785507787593054,0.2716265641943385,0.6495722241798614,-1.0280295265972725
2025-08-04 12:00:00,27,1.4893089162636244,0.9604411515577037,-0.2586225576517321,0.1035554440523132,0.9627746432370596
2025-08-04 16:00:00,27,-0.9407823043130126,-0.3909131589534142,-0.3988645463539301,-0.7410738415086344,1.4893089162636244
2025-08-04 20:00:00,27,-0.6188949208247028,0.04169166633071187,0.24838833529129795,-0.20752953993162926,-0.9407823043130126
2025-08-05 00:00:00,27,-0.7572739039696064,-0.168984455608826,0.16265388435220382,0.14346330588098333,-0.6188949208247028
2025-08-05 04:00:00,27,-0.8675578870129677,0.6985518330133195,0.1995110174677344,0.5729347939645066,-0.7572739039696064
2025-08-05 08:00:00,27,1.5887928467975136,1.1928058325235322,0.22888506944558193,1.0649514536974554,-0.8675578870129677
2025-08-05 12:00:00,27,0.9007594102079057,0.5371428885154063,-0.42536201285651437,0.16390201228164436,1.5887928467975136
2025-08-05 16:00:00,27,0.8094904167858736,-0.2059405906047376,-0.24210484920353012,-0.34694417201094474,0.9007594102079057
2025-08-05 20:00:00,27,-1.035960291827383,-0.837348787903592,-0.2177954247271716,-0.8060291240527286,0.8094904167858736
2025-08-06 00:00:00,27,-0.21220772280827838,-0.2933247206783891,0.2737389172637935,-0.21850668891490876,-1.035960291827383
2025-08-06 04:00:00,27,-1.114683615693405,-0.23925801763833124,0.05433306963731735,-0.09815767646439433,-0.21220772280827838
2025-08-06 08:00:00,27,0.9992556878990033,0.3509881021793093,0.2947068125401208,0.5340109862410127,-1.114683615693405
2025-08-06 12:00:00,27,0.5237585096134509,0.2254334005980286,-0.2683392551497249,-0.03269522799443081,0.9992556878990033
2025-08-06 16:00:00,27,0.5571319532269357,-0.056815849513103846,-0.14169095641365176,-0.329733519345778,0.5237585096134509
2025-08-06 20:00:00,27,-1.921177907219958,-0.8999577559176289,-0.15057994682123274,-0.6456988361974405,0.5571319532269357
2025-08-07 00:00:00,27,0.810864368165733,0.5206343402000001,0.5095159315562874,0.4438555910208244,-1.921177907219958
2025-08-07 04:00:00,27,-1.709058763736122,0.150792814797203,-0.21816137559449889,-0.016008567779001837,0.810864368165733
2025-08-07 08:00:00,27,1.7169584331025902,0.987959667344971,0.45301816484304774,0.9532470828335118,-1.709058763736122
2025-08-07 12:00:00,27,-0.26882757705944016,-0.05555110363139857,-0.45949881577209645,-0.020488694111627126,1.7169584331025902
2025-08-07 16:00:00,27,1.6926177254654835,0.47170507785026966,0.06941372319965614,0.1319710419923119,-0.26882757705944016
2025-08-07 20:00:00,27,-0.32519855905046136,-0.7961396169858128,-0.45301568747386617,-0.8279604299647438,1.6926177254654835
2025-08-08 00:00:00,27,-1.6594111058743586,-0.6054314798822259,0.08442808983162228,-0.64353111271783,-0.32519855905046136
2025-08-08 04:00:00,27,-1.487870794729588,0.17008637784850575,0.4397945502948097,0.2975679443689021,-1.6594111058743586
2025-08-08 08:00:00,27,1.6689424204554033,1.1197656499914663,0.3941049235982343,1.141381630459131,-1.487870794729588
2025-08-08 12:00:00,27,-0.8076197345164804,0.39490416805088635,-0.44670978864099525,0.19487709480637783,1.6689424204554033
2025-08-08 16:00:00,27,2.360319195537773,1.1891855462805319,0.21292058976047906,0.6529011299279333,-0.8076197345164804
2025-08-08 20:00:00,27,-0.6666139276974405,-0.7612551804470268,-0.6308574478669161,-0.6857027648398395,2.360319195537773
2025-08-09 00:00:00,27,-1.225666386682489,-0.5663031992695887,0.17536380422932635,-0.3076471181251037,-0.6666139276974405
2025-08-11 04:00:00,27,-0.845779488725535,-0.2987906892617547,0.3242669861366542,0.38746301867370825,-1.225666386682489
2025-08-11 08:00:00,27,1.0409643727664726,0.22634251123622204,0.2230844102234917,0.8671285316530852,-0.845779488725535
2025-08-11 12:00:00,27,-0.8073025759283876,0.2270867170865198,-0.2794483304969855,0.2767681404254869,1.0409643727664726
2025-08-11 16:00:00,27,1.864452102523794,0.8280050075611224,0.2128361148204672,0.7346123059251362,-0.8073025759283876
2025-08-11 20:00:00,27,-0.6820609629838685,-0.5135638310509976,-0.49878363839478373,-0.3227713101402685,1.864452102523794
2025-08-12 00:00:00,27,-0.5698855632442967,0.09084791859366186,0.17947810990532628,0.06404478797278657,-0.6820609629838685
2025-08-12 04:00:00,27,-0.532164131752193,0.16664418895234692,0.14960028058091326,0.3872430384352352,-0.5698855632442967
2025-08-12 08:00:00,27,1.3813051650052444,0.9149364794199564,0.13955320702815435,0.6890483962723959,-0.532164131752193
2025-08-12 12:00:00,27,1.6011546170528312,0.13860817975456394,-0.3700978323151489,-0.09432890169411223,1.3813051650052444
2025-08-12 16:00:00,27,-1.023140010701109,-0.8842401020333777,-0.42865456062272206,-1.0023890532889874,1.6011546170528312
2025-08-12 20:00:00,27,-2.0002303116351783,-0.35432810691880723,0.2703242454884214,-0.42213736283692427,-1.023140010701109
2025-08-13 00:00:00,27,-0.2210432383369607,0.21429288364106042,0.5305714771775722,0.7122499228527825,-2.0002303116351783
2025-08-13 04:00:00,27,-0.44079332488648504,0.368392516107376,0.056686402235837575,0.8376098065114501,-0.2210432383369607
2025-08-13 08:00:00,27,1.1003998956942898,0.8947579858663316,0.11521666462130357,1.087596190809041,-0.44079332488648504
2025-08-13 12:00:00,27,-0.5723121121671984,0.48806335488815084,-0.2952789351925541,0.4635282304403088,1.1003998956942898
2025-08-13 16:00:00,27,1.9315159976663931,0.5256883662517051,0.15024658997436416,0.7881026455525131,-0.5723121121671984
2025-08-13 20:00:00,27,-0.10164585651411073,-0.9359668128931398,-0.5166460540184658,-0.3073148056848023,1.9315159976663931
2025-08-14 00:00:00,27,-1.4967437008221776,-0.844166061663635,0.024885003674594525,-0.2496685603489901,-0.10164585651411073
2025-08-14 04:00:00,27,-0.7535425304028109,-0.10927214075479288,0.3964682151439868,0.5991772021976356,-1.4967437008221776
2025-08-14 08:00:00,27,0.27299227235714696,0.6804475869624694,0.19851716905860756,1.0265325226040112,-0.7535425304028109
2025-08-14 12:00:00,27,2.5560668483508806,0.9527899699944303,-0.07489956672871667,0.8717108697912774,0.27299227235714696
2025-08-14 16:00:00,27,0.06587343009995728,-1.05663873920265,-0.6829946809410347,-0.5779070653413108,2.5560668483508806
2025-08-14 20:00:00,27,-0.9442127938051126,-0.9923956936290862,-0.019733626306867508,-0.6152657540560478,0.06587343009995728
2025-08-15 00:00:00,27,-1.3438420728489149,-0.5155027403381586,0.24930204346423174,-0.07977592468612116,-0.9442127938051126
2025-08-15 04:00:00,27,-0.3129152648223048,0.17945906523289787,0.3557429870225267,0.6823549922123888,-1.3438420728489149
2025-08-15 08:00:00,27,0.6325843236435684,0.3790519078737473,0.0811564440934084,0.8598181052588387,-0.3129152648223048
2025-08-15 12:00:00,27,-0.5373651945714482,0.3499225644469439,-0.17067662622388508,0.5010616112222817,0.6325843236435684
2025-08-15 16:00:00,27,2.360789088411453,0.7086904293213597,0.1409385060115324,0.8058166391548891,-0.5373651945714482
2025-08-15 20:00:00,27,-1.6810573299970848,-0.9813074488285319,-0.6309826034635366,-0.533053745175831,2.360789088411453
2025-08-16 00:00:00,27,0.6354462772461531,-0.032266603072595844,0.44556000503228593,0.4203214989505515,-1.6810573299970848
2025-08-18 04:00:00,27,-2.196280765046483,-0.29496015964554156,-0.17143890531066286,0.059941909933321824,0.6354462772461531
2025-08-18 08:00:00,27,1.889981413638651,0.9564545629281236,0.5827893609524083,1.3055149627868499,-2.196280765046483
2025-08-18 12:00:00,27,-0.6940498755493358,0.18502687592500514,-0.505583350292672,0.2336529510223837,1.889981413638651
2025-08-18 16:00:00,27,0.9418178114773994,0.5083386574155927,0.1826713473196609,0.6272683011537694,-0.6940498755493358
2025-08-18 20:00:00,27,-0.6910508672797793,-0.25616144691536025,-0.253040722026905,0.09313673412303736,0.9418178114773994
2025-08-19 00:00:00,27,0.39239901920311127,-0.0173640157243975,0.18187256383033668,0.48505126168870305,-0.6910508672797793
2025-08-19 04:00:00,27,-0.24374875355792724,-0.15497599625471215,-0.10670345965648641,0.26251065938314966,0.39239901920311127
2025-08-19 08:00:00,27,-1.4541524770108563,0.3276520139565487,0.06273399832258979,0.40074748407799277,-0.24374875355792724
2025-08-19 12:00:00,27,1.152316482586702,1.2460781862132926,0.38512407624448775,1.2254385567909107,-1.4541524770108563
2025-08-19 16:00:00,27,1.730619111697628,0.7751627133055968,-0.3091068772001488,0.571927228953653,1.152316482586702
2025-08-19 20:00:00,27,-1.1376772574514096,-0.7498629981045383,-0.46313732675102565,-0.4095559058942069,1.730619111697628
2025-08-20 00:00:00,27,-1.212478370521703,0.00508861393519427,0.30083115090296425,0.23565310257051486,-1.1376772574514096
2025-08-20 04:00:00,27,0.4871273065637034,0.7274995577753147,0.3207543684246215,0.9232839417258294,-1.212478370521703
2025-08-20 08:00:00,27,0.7438725850853487,0.711482310670721,-0.1319342643473949,0.647020243558794,0.4871273065637034
2025-08-20 12:00:00,27,-0.3234612073730787,0.6531850837061209,-0.20031816696176213,0.22514902313712248,0.7438725850853487
2025-08-20 16:00:00,27,3.0902986218299926,0.3745964654673303,0.08396534758141562,0.4085930390204222,-0.3234612073730787
2025-08-20 20:00:00,27,-1.1029375299302373,-1.6473306879689655,-0.8252868928230006,-1.3440028721587067,3.0902986218299926
2025-08-21 00:00:00,27,-2.1989952629371867,-1.3117269288631561,0.29157825185322683,-0.7184957475116169,-1.1029375299302373
2025-08-21 04:00:00,27,0.474235023533236,0.43021705699439894,0.5835123653265244,0.5286167740102599,-2.1989952629371867
2025-08-21 08:00:00,27,0.23746831772682064,-0.16864528412677196,-0.12850041492157957,0.25966465484900425,0.474235023533236
2025-08-21 12:00:00,27,-0.35835704920318534,0.026964991490388928,-0.06543778940644107,0.12498964326835704,0.23746831772682064
2025-08-21 16:00:00,27,2.6978659748074545,0.7377002437256346,0.09325982755431683,0.3282240798173408,-0.35835704920318534
2025-08-21 20:00:00,27,-1.6652238826923647,-1.166907352538208,-0.7207627665324945,-1.2018121577670007,2.6978659748074545
2025-08-22 00:00:00,27,-0.4110011500728703,-0.7835749135822782,0.44134277881971345,-0.2574165102433863,-1.6652238826923647
2025-08-22 04:00:00,27,-1.0228301175434407,-0.509527800206992,0.10728154233646406,-0.02432611243546212,-0.4110011500728703
2025-08-22 08:00:00,27,1.864034353130295,0.3319051485089816,0.2702417056900777,0.5557498288261513,-1.0228301175434407
2025-08-22 12:00:00,27,-2.146361833907646,-0.7535412661236449,-0.49867237117301927,-0.5013968697213862,1.864034353130295
2025-08-22 16:00:00,27,4.453689413445634,0.724707530081811,0.5694934929805899,0.7158657428444801,-2.146361833907646
2025-08-22 20:00:00,27,-3.2514578331410817,-2.8324525558371545,-1.1884249557934903,-1.8099477175531975,4.453689413445634
2025-08-23 00:00:00,27,-1.681329821807875,-0.8928403592046853,0.8638349415409967,0.03404614876122025,-3.2514578331410817
2025-08-25 04:00:00,28,-0.05604972053268753,-0.9710108887101994,0.5036822494628692,0.9994030903881015,-1.681329821807875
2025-08-25 08:00:00,28,0.02720873118881073,-0.16964807735023343,0.002408571433041594,1.0396064237968687,-0.05604972053268753
2025-08-25 12:00:00,28,0.8749709504494376,0.5798283398038669,-0.023270245583643073,1.0200901500096453,0.02720873118881073
2025-08-25 16:00:00,28,0.029974069142443938,0.1450973799668725,-0.2847395673393707,0.3924911448836479,0.8749709504494376
2025-08-25 20:00:00,28,0.6897249294044521,-0.11474809264988736,-0.02412313926389277,0.3709913499890707,0.029974069142443938
2025-08-26 00:00:00,28,1.033092849606545,-0.7628707822444384,-0.22760544366631646,-0.12373442265799106,0.6897249294044521
2025-08-26 04:00:00,28,-1.384533873456716,-0.6165875040327198,-0.33350798941342175,-0.8647510750197718,1.033092849606545
2025-08-26 08:00:00,28,0.3494259454913351,-0.009029448508041353,0.4121435685071329,0.1283471313816431,-1.384533873456716
2025-08-26 12:00:00,28,-0.8194655434612326,0.026809110732981818,-0.12264942829265703,-0.12228904761713189,0.3494259454913351
2025-08-26 16:00:00,28,0.29763075774446435,0.32591294350519323,0.2378635290894543,0.4654970492208612,-0.8194655434612326
2025-08-26 20:00:00,28,1.1322815972788014,0.0692239487991578,-0.1066746038634719,0.25201251312354955,0.29763075774446435
2025-08-27 00:00:00,28,-2.9994297059619477,-1.601199707307972,-0.36410007524886256,-0.5601502262332634,1.1322815972788014
2025-08-27 04:00:00,28,0.43776402242551526,0.832490646108503,0.9102144997637233,1.5912801709018005,-2.9994297059619477
2025-08-27 08:00:00,28,1.150870295344781,0.8053055446963009,-0.14989491828551138,1.277280872052982,0.43776402242551526
2025-08-27 12:00:00,28,0.032806491349923306,0.6701065084475955,-0.3698332562814788,0.4517848347086133,1.150870295344781
2025-08-27 16:00:00,28,0.871425323306136,0.5960198690848777,-0.024996723267390115,0.42825340052521454,0.032806491349923306
2025-08-27 20:00:00,28,0.7768195888641305,-0.37334132582885504,-0.28364601456797417,-0.19680239780455544,0.871425323306136
2025-08-28 00:00:00,28,-0.16499176948987326,-1.6004990183913188,-0.2544674351777207,-0.7539994120403861,0.7768195888641305
2025-08-28 04:00:00,28,-1.5250445591032218,-1.5088090900244024,0.036008799190723154,-0.6356541454545255,-0.16499176948987326
2025-08-28 08:00:00,28,0.44549565632542176,0.07336390876716811,0.45548028821548003,0.45822954014025186,-1.5250445591032218
2025-08-28 12:00:00,28,0.4601534733743122,0.19777958154748326,-0.1522795315956389,0.13868449632574276,0.44549565632542176
2025-08-28 16:00:00,28,1.057767386743393,-0.23598837510175188,-0.1568003387218818,-0.19137430385116438,0.4601534733743122
2025-08-28 20:00:00,28,-2.6193435730788277,-1.1805859054794676,-0.34111818286534856,-0.95008950374881,1.057767386743393
2025-08-29 00:00:00,28,-0.536706253779272,0.570945094514157,0.7929872146643926,0.9287127807190796,-2.6193435730788277
2025-08-29 04:00:00,28,0.014914738731611976,0.8967354618793977,0.1506540757621358,1.313681345382573,-0.536706253779272
2025-08-29 08:00:00,28,1.4069860589036,1.4704871517879783,-0.01947849620342499,1.3029833042820478,0.014914738731611976
2025-08-29 12:00:00,28,-0.7786523517683452,0.2825146348796676,-0.4488252347717202,0.29378059836309944,1.4069860589036
2025-08-29 16:00:00,28,2.710031524264858,1.1961728317718587,0.22527580424376256,0.8522922164434643,-0.7786523517683452
2025-08-29 20:00:00,28,-1.5044045830304462,-1.0468226363110895,-0.8507143568678082,-1.0915587052529325,2.710031524264858
2025-08-30 00:00:00,28,0.17845688892510125,0.0004251047496638561,0.44911444597553,-0.012479657963512025,-1.5044045830304462
2025-09-01 04:00:00,28,-0.3748681549788557,-0.5124362825296366,-0.06991864807390948,-0.14048318298310924,0.17845688892510125
2025-09-01 08:00:00,28,0.9414355607644165,0.45242908657032294,0.10073949244361194,0.12840217943641008,-0.3748681549788557
2025-09-01 12:00:00,28,-2.087191811669314,-0.4311515460089865,-0.30523877830323376,-0.5468705493581734,0.9414355607644165
2025-09-01 16:00:00,28,-0.244331678288642,1.2057454413561999,0.6288594003248799,0.9502300159096606,-2.087191811669314
2025-09-01 20:00:00,28,1.071614770453193,1.5294683887155514,0.06047904765245336,1.1254841979324475,-0.244331678288642
2025-09-02 04:00:00,28,-0.09692832339974977,0.4401281155453484,-0.3453890337530544,0.356836549151323,1.071614770453193
2025-09-02 08:00:00,28,2.32249007950424,0.7459559078306698,0.015016470585818713,0.4263612794329017,-0.09692832339974977
2025-09-02 12:00:00,28,-1.1034496767484896,-0.6210444211026814,-0.7311876825107362,-1.2395139848409027,2.32249007950424
2025-09-02 16:00:00,28,1.4043519842856398,0.27711537746362275,0.3254507522907511,-0.4480318002286783,-1.1034496767484896
2025-09-02 20:00:00,28,-0.7560350765940349,-0.9814587687191202,-0.44801282571625095,-1.4553451375819488,1.4043519842856398
2025-09-03 00:00:00,28,-1.8322037598520815,-1.2413383297488438,0.21830011758843224,-0.9130564345489542,-0.7560350765940349
2025-09-03 04:00:00,28,-1.3099833502015894,0.5872375642496428,0.5502152340129942,0.40114634701839336,-1.8322037598520815
2025-09-03 08:00:00,28,2.023189805576507,1.7233696489522945,0.3891504764476011,1.3407709675796067,-1.3099833502015894
2025-09-03 12:00:00,28,0.48448815735236295,0.6918253555932843,-0.6388766100812051,-0.11042225033083142,2.023189805576507
2025-09-03 16:00:00,28,0.9622781171949644,0.03816459622999693,-0.16430571366113086,-0.45793582823131374,0.48448815735236295
2025-09-03 20:00:00,28,-0.3060458178212997,-0.9837237229990692,-0.31166710097406913,-1.1481585021336471,0.9622781171949644
2025-09-04 00:00:00,28,-1.5926693486799657,-1.084352311653775,0.07951310441947422,-0.9286380132660348,-0.3060458178212997
2025-09-04 04:00:00,28,-0.08067338902089816,0.08942758533937864,0.47633732508594373,0.21375156916842464,-1.5926693486799657
2025-09-04 08:00:00,28,0.20367001986776856,0.7951239616749146,0.01000307582646159,0.27161696305796035,-0.08067338902089816
2025-09-04 12:00:00,28,0.11793681667922407,0.7315226419476589,-0.07769495621449536,0.12552856803485035,0.20367001986776856
2025-09-04 16:00:00,28,1.0372761047847714,1.0035560973936792,-0.051252869058022066,0.04093486949252778,0.11793681667922407
2025-09-04 20:00:00,28,-1.006409597178802,-0.1917014892693156,-0.3347982013022412,-0.703082347387074,1.0372761047847714
2025-09-05 00:00:00,28,-1.4489483052677468,-0.07333105324363355,0.2955213650029606,0.01879494649820579,-1.006409597178802
2025-09-05 04:00:00,28,-0.8717483183923989,0.7702425130338023,0.43201045737557037,1.0580963249016087,-1.4489483052677468
2025-09-05 08:00:00,28,1.8302097889437778,1.3703881660625756,0.2539887365947875,1.6833838010884499,-0.8717483183923989
2025-09-05 12:00:00,28,1.205343578128737,0.49830074360014404,-0.5793571446993013,0.3706112546136602,1.8302097889437778
2025-09-05 16:00:00,28,1.9563385816492822,0.7297521693715845,-0.3866340666735142,-0.4939573691561172,1.205343578128737
2025-09-05 20:00:00,28,-2.4150534606328975,-1.2060417149550031,-0.6182581586078232,-1.8971995532560832,1.9563385816492822
2025-09-06 00:00:00,28,-0.6298906195429304,-0.09992763061172721,0.7299794562044497,-0.16493044370364096,-2.4150534606328975
2025-09-08 04:00:00,28,-0.6138750725779296,0.8100146556287156,0.17939427243628242,0.2868773859851963,-0.6298906195429304
2025-09-08 08:00:00,28,0.958309985259703,1.1955356256577763,0.17445471024850537,0.7271975870429124,-0.6138750725779296
2025-09-08 12:00:00,28,-0.6680583039682695,0.5931598062809897,-0.31044323802974627,0.03982117409758601,0.958309985259703
2025-09-08 16:00:00,28,1.1210846796150555,0.9781438195137282,0.1911660621350305,0.5190059135695453,-0.6680583039682695
2025-09-08 20:00:00,28,0.28076159049931704,0.36071453026801925,-0.3606466889091791,-0.285125502710045,1.1210846796150555
2025-09-09 00:00:00,28,-1.8813052542119486,-0.29117054494027994,-0.10147176559353879,-0.4865101255760429,0.28076159049931704
2025-09-09 04:00:00,28,-0.012771253951250117,0.8206417422762708,0.5653592615902837,0.8629121669872113,-1.8813052542119486
2025-09-09 08:00:00,28,0.5225297211696542,1.2547070026549103,-0.010939500758174441,0.8720727297120625,-0.012771253951250117
2025-09-09 12:00:00,28,-0.21996793418911764,1.3681268429562572,-0.17603860487030668,0.4972727057953943,0.5225297211696542
2025-09-09 16:00:00,28,1.8334709569106042,1.2671100067357275,0.05296470990490826,0.6550512658559313,-0.21996793418911764
2025-09-09 20:00:00,28,-0.9484273854036793,-0.011813227105820749,-0.5803629637332768,-0.6600604505884196,1.8334709569106042
2025-09-10 00:00:00,28,-0.02234121372611142,-0.07287591574362076,0.27763832039174813,0.020227372919153552,-0.9484273854036793
2025-09-10 04:00:00,28,-1.7092589065346093,0.2599819219496236,-0.00798790556471924,0.03625227466087644,-0.02234121372611142
2025-09-10 08:00:00,28,0.8489896289606946,1.7392914772382084,0.5122962200726074,1.2622691940715747,-1.7092589065346093
2025-09-10 12:00:00,28,1.3141598335381204,1.2247063649960366,-0.27672633160694576,0.6533060665250758,0.8489896289606946
2025-09-10 16:00:00,28,0.23987600970096068,0.0347797564896911,-0.42019549681450813,-0.2893142612485722,1.3141598335381204
2025-09-10 20:00:00,28,0.3236589396161822,-0.39220662276905943,-0.08886171428663016,-0.46137248211246096,0.23987600970096068
2025-09-11 00:00:00,28,-2.2188145659782617,-0.6171803560852375,-0.11470229241329692,-0.6935265077962995,0.3236589396161822
2025-09-11 04:00:00,28,-0.30984243458944505,0.7987605823259721,0.6694548780601305,0.8979844028822122,-2.2188145659782617
2025-09-11 08:00:00,28,0.4037967054954912,1.2310946117631278,0.0806840681505534,1.1202281283387734,-0.30984243458944505
2025-09-11 12:00:00,28,1.228845717576485,1.6516802269293112,-0.13941861830684382,0.8305929004355477,0.4037967054954912
2025-09-11 16:00:00,28,1.0542809925989935,0.6132351137590233,-0.3938826657754778,-0.05083333366765075,1.228845717576485
2025-09-11 20:00:00,28,-2.2355901297643914,-0.6107852651695339,-0.3400428989100146,-0.8070478134038108,1.0542809925989935
2025-09-12 00:00:00,28,-1.24596625626166,0.5954438287453672,0.6746288468754131,0.796495870633855,-2.2355901297643914
2025-09-12 04:00:00,28,0.40396937319144754,2.1003544872359887,0.3694061356961998,1.6902023216294157,-1.24596625626166
2025-09-12 08:00:00,28,1.5050185098293092,1.1768503831069,-0.13947187298642863,1.4004432426724556,0.40396937319144754
2025-09-12 12:00:00,28,-0.8963963959911432,0.9628995988827426,-0.4790606921573443,0.3209238380797572,1.5050185098293092
2025-09-12 16:00:00,28,1.581728177624239,1.7889817891599553,0.26159076931800435,0.963890882909757,-0.8963963959911432
2025-09-12 20:00:00,28,-0.9001472460945514,0.10938070345997183,-0.502719713938169,-0.1706508183282356,1.581728177624239
2025-09-13 00:00:00,28,-0.7960587281157991,0.20232366531740073,0.26274761755948517,0.4750066355857072,-0.9001472460945514
2025-09-15 04:00:00,28,-2.1819294907585807,0.8605294514768046,0.23064433012801705,1.0460034961451505,-0.7960587281157991
2025-09-15 08:00:00,28,2.473812297097492,2.7579219118782814,0.6580786744720415,2.6110574867396537,-2.1819294907585807
2025-09-15 12:00:00,28,-0.7211435047668253,1.335227696522469,-0.7778589267603181,0.8366418495926684,2.473812297097492
2025-09-15 16:00:00,28,2.29258146363442,1.8538997393649952,0.20753875619088327,1.3539035322945416,-0.7211435047668253
2025-09-15 20:00:00,28,0.07588655136177458,0.09048750139801028,-0.7219631790727854,-0.2905188853962368,2.29258146363442
2025-09-16 00:00:00,28,-1.6015626097137048,-0.7238670278554044,-0.038283602319771994,-0.3449507772351925,0.07588655136177458
2025-09-16 04:00:00,28,-0.8752352969702741,0.5850466929640498,0.4790802108596415,0.8038177618654672,-1.6015626097137048
2025-09-16 08:00:00,28,1.02519910771802,1.4284034647656585,0.2550642008028162,1.431606377416129,-0.8752352969702741
2025-09-16 12:00:00,28,-1.1192486276029001,0.9947960915031278,-0.33107337827976274,0.6962517468088016,1.02519910771802
2025-09-16 16:00:00,28,1.909470913334383,1.8063510476152804,0.3303235112678586,1.4990662000331074,-1.1192486276029001
2025-09-16 20:00:00,28,-0.4801191132528988,0.1689233411397499,-0.6038030942417126,0.12944124858743322,1.909470913334383
2025-09-17 00:00:00,28,-0.9840448271974758,0.05360678604464872,0.13320130313630335,0.4738209993262643,-0.4801191132528988
2025-09-17 04:00:00,28,-0.7961366279076749,1.108164780277464,0.28862355674330464,1.1796564950433392,-0.9840448271974758
2025-09-17 08:00:00,28,2.5032338140183867,1.5744579018143288,0.23066835621137383,1.7507092315514132,-0.7961366279076749
2025-09-17 12:00:00,28,-0.9868976312110647,-0.03362366408298387,-0.7869331977051123,-0.04480986593258862,2.5032338140183867
2025-09-17 16:00:00,28,0.710711975754327,0.8992523305635232,0.2895034269635011,0.6630718885315101,-0.9868976312110647
2025-09-17 20:00:00,28,3.2748031096419954,0.08474682603371339,-0.23407833034383754,0.1532925310734896,0.710711975754327
2025-09-18 00:00:00,28,-3.532256288497667,-2.2693973062146733,-1.0249028734358825,-2.19565765126014,3.2748031096419954
2025-09-18 04:00:00,28,-1.803905361433376,-0.07336545274438719,1.074550444423468,0.33795850065036426,-3.532256288497667
2025-09-18 08:00:00,28,2.8049350184353674,1.731310943849835,0.5414873585861257,1.6318634121168625,-1.803905361433376
2025-09-18 12:00:00,28,0.07343226052776508,0.005009241003704633,-0.8799847721909321,-0.38005987071769454,2.8049350184353674
2025-09-18 16:00:00,28,1.2581236385603258,0.0489284627908374,-0.03752664270871568,-0.43273134927101786,0.07343226052776508
2025-09-18 20:00:00,28,-1.5971481884374192,-0.7812743955808255,-0.4029126484382333,-1.3351580452434657,1.2581236385603258
2025-09-19 00:00:00,28,-0.08611343651242542,-0.43902157311532175,0.47771870204168415,-0.189555881437645,-1.5971481884374192
2025-09-19 04:00:00,28,-0.3955845261131703,-0.13458651741678448,0.011680911303924988,-0.1277884512670564,-0.08611343651242542
2025-09-19 08:00:00,28,0.21656463103667534,0.6173427443052819,0.1071288966735543,0.15595634609374542,-0.3955845261131703
2025-09-19 12:00:00,28,-0.7158076736284418,0.7608029486353144,-0.0816719501876148,0.0006189067030089035,0.21656463103667534
2025-09-19 16:00:00,28,1.2701099705157546,1.185351095975712,0.20589306342814961,0.5140533054107674,-0.7158076736284418
2025-09-19 20:00:00,28,-0.9997480207550087,-0.2732234742177472,-0.4066095082599158,-0.3969709445793015,1.2701099705157546
2025-09-20 00:00:00,28,-0.05566202897791328,0.21924667152924096,0.2934667819727422,0.32012813497326675,-0.9997480207550087
2025-09-22 04:00:00,29,-1.112516611693751,-0.11532466071851083,0.016033548566453754,0.21127275540225732,-0.05566202897791328
2025-09-22 08:00:00,29,1.961484593522071,1.0445794089920941,0.28466704347430644,0.9624862734725088,-1.112516611693751
2025-09-22 12:00:00,29,-0.9462423864745748,-0.13333349853315588,-0.49668897334500034,-0.36198270672275257,1.961484593522071
2025-09-22 16:00:00,29,0.843476611780094,0.6062860571612005,0.24240311524404723,0.27695613213966297,-0.9462423864745748
2025-09-22 20:00:00,29,-0.6375677192644833,-0.7189567891987115,-0.2125113803421467,-0.29259134812728504,0.843476611780094
2025-09-23 00:00:00,29,-1.533810279259539,-0.6872871415308944,0.1639435466352025,0.13791861852168097,-0.6375677192644833
2025-09-23 04:00:00,29,-0.10850632816575612,0.6853326969034935,0.3917523437148735,1.1736056400221297,-1.533810279259539
2025-09-23 08:00:00,29,1.4168037937542444,1.381919180948804,0.029465622390940645,1.246873238597745,-0.10850632816575612
2025-09-23 12:00:00,29,-0.46902116033309227,0.7656911188606534,-0.35824087533436105,0.29019344511490885,1.4168037937542444
2025-09-23 16:00:00,29,0.20967102833785844,0.869412765606867,0.12110203189806493,0.6068943664313107,-0.46902116033309227
2025-09-23 20:00:00,29,1.9280308017487542,0.8144272317824958,-0.05140935953747608,0.4653165156563084,0.20967102833785844
2025-09-24 00:00:00,29,-1.743839071238014,-0.6687466115125689,-0.4881856190056626,-0.8365631923009751,1.9280308017487542
2025-09-24 04:00:00,29,-2.3281481561844366,0.0881801692475401,0.4451378986844755,0.3409432555880709,-1.743839071238014
2025-09-24 08:00:00,29,3.0763934848740693,1.8411449053164406,0.593658796604233,1.9129974151510538,-2.3281481561844366
2025-09-24 12:00:00,29,-0.8223917138672849,-0.1931594636439338,-0.7800788331098942,-0.16430044130272137,3.0763934848740693
2025-09-24 16:00:00,29,2.3116380917887085,0.7130385853323359,0.21092249381012368,0.3910097141703801,-0.8223917138672849
2025-09-24 20:00:00,29,-1.1433130538550103,-0.9191913936771023,-0.5856917174612822,-1.1698962221409968,2.3116380917887085
2025-09-25 00:00:00,29,-1.9670670738336646,0.013563986760412126,0.2924949471649422,-0.39788777533275344,-1.1433130538550103
2025-09-25 04:00:00,29,-0.3705916209461826,0.98635112768129,0.5018784564483172,0.9303507078347337,-1.9670670738336646
2025-09-25 08:00:00,29,2.154188918399969,1.5593627586971979,0.09608300695356586,1.1805882615144938,-0.3705916209461826
2025-09-25 12:00:00,29,0.015535940554913807,0.26960008296110305,-0.5456709592515011,-0.2740020061449471,2.154188918399969
2025-09-25 16:00:00,29,2.365269789183561,0.9273662215352397,-0.0020636993413870484,-0.28449246393956784,0.015535940554913807
2025-09-25 20:00:00,29,-1.3765078886030988,-1.7735219134853262,-0.5993239337989326,-1.8816125616006154,2.365269789183561
2025-09-26 00:00:00,29,-1.160570620832182,-0.8098828670550817,0.35176889504513187,-0.9521420954700517,-1.3765078886030988
2025-09-26 04:00:00,29,-0.5722382227597613,-0.0694812600798613,0.2968815114155989,-0.1684806832444945,-1.160570620832182
2025-09-26 08:00:00,29,0.8234660131184963,0.5366076137967083,0.1473379594014927,0.21791632330372046,-0.5722382227597613
2025-09-26 12:00:00,29,0.7869836943748769,0.02347193972926773,-0.20742504477472196,-0.33811923987249415,0.8234660131184963
2025-09-26 16:00:00,29,1.3867687871083074,-0.6703667548471866,-0.19815189315413065,-0.8695205542449713,0.7869836943748769
2025-09-26 20:00:00,29,-2.7851304353240245,-2.1376609979787853,-0.35060651490594247,-1.8059195692022563,1.3867687871083074
2025-09-27 00:00:00,29,-0.3506958400257929,-0.32791345821855455,0.7098155023269452,0.07470640133401751,-2.7851304353240245
2025-09-29 04:00:00,29,-1.9105518268059498,0.08678008481325769,0.09102585599829362,0.3115095672276862,-0.3506958400257929
2025-09-29 08:00:00,29,1.3897335182915675,1.4908110500710285,0.4875132934704341,1.6015868066905394,-1.9105518268059498
2025-09-29 12:00:00,29,1.138504165961482,0.8398544168074015,-0.35136009644142185,0.6631858925086487,1.3897335182915675
2025-09-29 16:00:00,29,0.30671948474966193,0.05560836663624691,-0.28750209739065447,-0.10557541034279438,1.138504165961482
2025-09-29 20:00:00,29,0.1017184737229595,-0.052958425398280023,-0.0760773379402578,-0.31268406901594226,0.30671948474966193
2025-09-30 00:00:00,29,-1.0886886449105404,-0.4431926742873074,-0.023969754785127244,-0.3813682501733151,0.1017184737229595
2025-09-30 04:00:00,29,-0.6132955502265425,0.5020445615264536,0.2786104013418825,0.35375571870051914,-1.0886886449105404
2025-09-30 08:00:00,29,1.5676172233678134,0.9830764231486555,0.15777399625022834,0.7678761939005199,-0.6132955502265425
2025-09-30 12:00:00,29,-0.6652466351772439,0.38375326287343625,-0.3965749463964587,-0.2906385617225826,1.5676172233678134
2025-09-30 16:00:00,29,1.4871639850051874,0.6387423623103982,0.170979031023034,0.1585612614019123,-0.6652466351772439
2025-09-30 20:00:00,29,0.07936192840210943,-0.2534088577857178,-0.3761251750168726,-0.8456284085593069,1.4871639850051874
2025-10-01 00:00:00,29,-1.1292378997359869,-1.2470608329657422,-0.018287121618913736,-0.8992166002403472,0.07936192840210943
2025-10-01 04:00:00,29,-1.0080295692891266,-0.3639471775167532,0.2889172952304219,-0.1367122326808925,-1.1292378997359869
2025-10-01 08:00:00,29,2.0048590649263662,0.6132519474545548,0.25810830981994687,0.5439476613872554,-1.0080295692891266
2025-10-01 12:00:00,29,-1.2464499340323165,-0.42244613946592235,-0.5077139866568359,-0.8098094111524894,2.0048590649263662
2025-10-01 16:00:00,29,2.041543081788044,0.5412391823759076,0.3187104937775377,0.03184097878398262,-1.2464499340323165
2025-10-01 20:00:00,29,-1.6550771833323168,-1.5062052753926554,-0.5170384063243813,-1.346686536798094,2.041543081788044
2025-10-02 00:00:00,29,-1.6547975065535425,-0.7051581859250133,0.42257621749135177,-0.22911549066694192,-1.6550771833323168
2025-10-02 04:00:00,29,0.28011055055374356,0.40621959615541176,0.4225051286663087,0.8882667070688726,-1.6547975065535425
2025-10-02 08:00:00,29,0.15743059112597635,0.39965922326363945,-0.06931382372957612,0.6991254125315134,0.28011055055374356
2025-10-02 12:00:00,29,-0.2668203814695467,0.856750618549966,-0.03813077660539506,0.5928222913299575,0.15743059112597635
2025-10-02 16:00:00,29,2.5936701482103395,0.7038085002936503,0.06970621757551032,0.7729895583619761,-0.2668203814695467
2025-10-02 20:00:00,29,-2.182156797443586,-0.5091525540051652,-0.6573792118731433,-0.978355146311273,2.5936701482103395
2025-10-03 00:00:00,29,-0.3579782767654969,-0.06564317712611234,0.5565504095410663,0.49512009671705925,-2.182156797443586
2025-10-03 04:00:00,29,-0.4311532950930257,0.2924815503909972,0.09287692090809875,0.7368406408016277,-0.3579782767654969
2025-10-03 08:00:00,29,-0.2259396112600882,1.0903308587876175,0.1114766991886227,1.0279717396364667,-0.4311532950930257
2025-10-03 12:00:00,29,1.2143314792151294,1.3668667989036776,0.05931505841748221,1.1805347561901804,-0.2259396112600882
2025-10-03 16:00:00,29,1.5381552774185483,0.7073548017837105,-0.3067760415093003,0.3605719682046278,1.2143314792151294
2025-10-03 20:00:00,29,0.3588004405416161,-0.9028345545218305,-0.3890862477272442,-0.6780489612651301,1.5381552774185483
2025-10-04 00:00:00,29,-1.0328911897852446,-1.4454243363522448,-0.0893153835534789,-0.9203246615929377,0.3588004405416161
2025-10-06 04:00:00,29,-1.6116402059506658,0.23526965878142603,0.264427688201959,-0.2228772560382115,-1.0328911897852446
2025-10-06 08:00:00,29,0.1055391335581426,0.8649516287473088,0.41153531628024953,0.8653634913358452,-1.6116402059506658
2025-10-06 12:00:00,29,1.0856342516096866,1.3995299585419165,-0.024940898044724817,0.794099455382625,0.1055391335581426
2025-10-06 16:00:00,29,0.9531401077435806,0.2920817511045102,-0.27406351265054324,0.061037929004468694,1.0856342516096866
2025-10-06 20:00:00,29,-1.3478511785972156,-0.4679563086917939,-0.24038587572332012,-0.5825585135347762,0.9531401077435806
2025-10-07 00:00:00,29,0.06529685353505243,-0.014597411210315294,0.34448487292199453,0.32756185236936197,-1.3478511785972156
2025-10-07 04:00:00,29,-1.1304561531969775,0.46382207554764504,-0.014712031649611849,0.2834709340429331,0.06529685353505243
2025-10-07 08:00:00,29,1.1978615428930937,1.1443904828694846,0.28922695342773846,1.0467979126615958,-1.1304561531969775
2025-10-07 12:00:00,29,-0.2128873380845313,0.5734239519379795,-0.30258967885595517,0.2379562519264784,1.1978615428930937
2025-10-07 16:00:00,29,1.9622856906177937,0.6626774008420793,0.055997404487618314,0.38170587733801753,-0.2128873380845313
2025-10-07 20:00:00,29,-0.8909663982182892,-0.8095500706529225,-0.4968925978701753,-0.9433040340768475,1.9622856906177937
2025-10-08 00:00:00,29,-0.9301754507300686,-0.4917329739404889,0.2283529496369554,-0.3416896442755526,-0.8909663982182892
2025-10-08 04:00:00,29,-0.7018590197896089,0.04976044816255427,0.2383191881152881,0.28640018864989614,-0.9301754507300686
2025-10-08 08:00:00,29,0.5262874898444387,0.9297707945086161,0.18028524305653432,0.7603220859982738,-0.7018590197896089
2025-10-08 12:00:00,29,0.7582189926719423,0.39523078463160827,-0.13188758993063426,0.40495276152545046,0.5262874898444387
2025-10-08 16:00:00,29,0.8380258895735047,0.3576359816323398,-0.19084042147693506,-0.10702553252052027,0.7582189926719423
2025-10-08 20:00:00,29,-1.120819046328272,-0.6662486277222192,-0.21112590444028212,-0.6728924778976566,0.8380258895735047
2025-10-09 00:00:00,29,-0.11029920838539908,-0.10963670268038034,0.2867773735694687,0.08392715972603781,-1.120819046328272
2025-10-09 04:00:00,29,-0.9425132152508411,0.0698167743577526,0.029921340412351116,0.1584053791976654,-0.11029920838539908
2025-10-09 08:00:00,29,0.6351280973116715,0.8399188141461543,0.24145522674990164,0.7948261398534093,-0.9425132152508411
2025-10-09 12:00:00,29,-0.11950106010946016,0.5216505779591348,-0.15955292180314404,0.36596349871011924,0.6351280973116715
2025-10-09 16:00:00,29,2.256226642315559,0.6553631177495988,0.032260286213112256,0.4466551583530993,-0.11950106010946016
2025-10-09 20:00:00,29,-1.6283458129846444,-0.3061076581121754,-0.5716071200404803,-1.0768348603328128,2.256226642315559
2025-10-10 00:00:00,29,-0.7139974402327542,0.3386074565264696,0.41578158220508726,0.022686148117426086,-1.6283458129846444
2025-10-10 04:00:00,29,-0.5437638216649674,0.5785485949619361,0.1833706119990843,0.50480436849511,-0.7139974402327542
2025-10-10 08:00:00,29,1.0512953894828971,1.0632331380125926,0.14010027693637425,0.8719743767257011,-0.5437638216649674
2025-10-10 12:00:00,29,0.32773965625920454,0.6349418518682332,-0.2653351892888054,0.16209975574172297,1.0512953894828971
2025-10-10 16:00:00,29,3.441375067345719,0.4528517962616211,-0.08142028883295328,-0.05920252199665654,0.32773965625920454
2025-10-10 20:00:00,29,-0.08571755985705032,-1.7716049674953394,-0.8728506104952037,-2.3829498208384905,3.441375067345719
2025-10-11 00:00:00,29,1.411674759617954,-2.6464905568048054,0.023673125887134536,-2.3250700651352663,-0.08571755985705032
2025-10-13 04:00:00,29,-4.508345721439142,-7.255300829165657,-0.35693716677495574,-3.2782865397450855,1.411674759617954
2025-10-13 08:00:00,29,0.9802336762110961,-1.6949171861709649,1.1478259461083158,-0.2340800852247078,-4.508345721439142
2025-10-13 12:00:00,29,-0.02243076689310719,-0.9650180217662203,-0.24727257528065255,-0.8959711353874482,0.9802336762110961
2025-10-13 16:00:00,29,1.1635847055125126,-0.762432078479951,0.007586757285954064,-0.8808250286833594,-0.02243076689310719
2025-10-13 20:00:00,29,-1.244691360536141,-1.9974564000322632,-0.2938771210731505,-1.6665216654913415,1.1635847055125126
2025-10-14 00:00:00,29,-0.29558654929068595,-0.8616420699607025,0.3182634959104177,-0.8260587312467322,-1.244691360536141
2025-10-14 04:00:00,29,0.1703282470785279,-0.4281823617931202,0.07701806191367903,-0.6264674539094486,-0.29558654929068595
2025-10-14 08:00:00,29,1.0231564286733814,-0.20257704565138926,-0.041409129608084905,-0.7414795628251056,0.1703282470785279
2025-10-14 12:00:00,29,-0.06491859544509282,0.10811857304296699,-0.25818276973273885,-1.432353687526719,1.0231564286733814
2025-10-14 16:00:00,29,1.2238280744519248,-0.5985918894869712,0.01838640187436609,-1.3885181834453544,-0.06491859544509282
2025-10-14 20:00:00,29,-0.4920441457162301,-3.2595297887104744,-0.30918990582886446,-2.214893433629257,1.2238280744519248
2025-10-15 00:00:00,29,-2.545432495344212,-3.005680926276054,0.12695406218475921,-1.8826465171660338,-0.4920441457162301
2025-10-15 04:00:00,29,-0.06957750081378755,-0.3574242996270976,0.6488885816397849,-0.1638737098758245,-2.545432495344212
2025-10-15 08:00:00,29,0.323136167055301,-0.278651459700203,0.019570612126282964,-0.1168923357412961,-0.06957750081378755
2025-10-15 12:00:00,29,0.24272823716537673,-0.23622542105057479,-0.08025016437700656,-0.33508616252810164,0.323136167055301
2025-10-15 16:00:00,29,2.327869031960587,-0.2913131720874802,-0.05981190959920263,-0.4989854976565784,0.24272823716537673
2025-10-15 20:00:00,29,0.0964656951654348,-1.6979043375658802,-0.5898173315763362,-2.070851181930319,2.327869031960587
2025-10-16 00:00:00,29,-2.2427788616094606,-2.6355181580291474,-0.022634592611482873,-2.1359884872762507,0.0964656951654348
2025-10-16 04:00:00,29,-1.3050448874969867,-0.671627011055287,0.5719594518367042,-0.621578921455745,-2.2427788616094606
2025-10-16 08:00:00,29,0.9507559448426779,0.33056148915757266,0.33360428086102484,0.25963700904945775,-1.3050448874969867
2025-10-16 12:00:00,29,0.13317178361250903,-0.29648231960445615,-0.2397798642407817,-0.38234955604470855,0.9507559448426779
2025-10-16 16:00:00,29,2.4619663537784913,-0.05419024009885545,-0.031964622480488564,-0.47227220800667524,0.13317178361250903
2025-10-16 20:00:00,29,-0.13319485215886218,-2.2203714481529446,-0.6239024676081609,-2.1346855028309317,2.4619663537784913
2025-10-17 00:00:00,29,-2.1894890836022576,-2.3693827836354604,0.03574100274397042,-2.0447472741093193,-0.13319485215886218
2025-10-17 04:00:00,29,-0.330047155965417,-0.3928006032519653,0.5584141452798156,-0.566320992666947,-2.1894890836022576
2025-10-17 08:00:00,29,1.6372657046465857,0.578194123936436,0.0857773305577049,-0.3434606033875536,-0.330047155965417
2025-10-17 12:00:00,29,0.5536785662858925,-0.686284414645901,-0.41427834215868475,-1.4490046618540724,1.6372657046465857
2025-10-17 16:00:00,29,0.2341543268077988,-2.342520371594289,-0.1388499106832655,-1.822869482646711,0.5536785662858925
2025-10-17 20:00:00,29,-1.1856306601126079,-2.383484383739589,-0.0576325752403885,-1.9809793874910593,0.2341543268077988
2025-10-18 00:00:00,29,-0.2765495122592032,-1.7729159035025566,0.3032513242966951,-1.180396483871169,-1.1856306601126079
2025-10-20 04:00:00,30,-1.9412156227206232,-1.1973623412275833,0.08084758134666829,-0.7586269028561574,-0.2765495122592032
2025-10-20 08:00:00,30,0.276745692210806,0.5416610356340359,0.514608060032828,0.34576874182069517,-1.9412156227206232
2025-10-20 12:00:00,30,0.7316549998140349,1.183880280953767,-0.06332402834576675,0.18832268915996941,0.276745692210806
2025-10-20 16:00:00,30,0.783107674329047,0.8067089261361035,-0.18185931766578028,-0.2279301916344867,0.7316549998140349
2025-10-20 20:00:00,30,-1.5350856280109788,-0.5220074984131491,-0.1952662925462436,-0.67345550820386,0.783107674329047
2025-10-21 00:00:00,30,-1.0702887939003105,0.16681072997259308,0.40878315027646067,0.19988481624980636,-1.5350856280109788
2025-10-21 04:00:00,30,0.002392274681273676,1.1716125890751659,0.28767147749796473,0.8087931047959991,-1.0702887939003105
2025-10-21 08:00:00,30,1.0886146320180785,1.0593055001752485,0.00816398295507471,0.8074320928053957,0.002392274681273676
2025-10-21 12:00:00,30,-0.8836502774563648,0.955619524429205,-0.2748719524298433,0.18809787549300516,1.0886146320180785
2025-10-21 16:00:00,30,2.518437663948495,1.8424327184494458,0.23903925526118192,0.6908238511229428,-0.8836502774563648
2025-10-21 20:00:00,30,-0.9827170744875744,-1.3963520807277505,-0.6474395915912626,-0.7419647350088674,2.518437663948495
2025-10-22 00:00:00,30,-0.9828832127248059,-0.6533524087019638,0.26485299714738586,-0.18287771535435304,-0.9827170744875744
2025-10-22 04:00:00,30,0.5581993261155702,0.9144363604311745,0.26489628763119927,0.3763038236021199,-0.9828832127248059
2025-10-22 08:00:00,30,0.399563182528599,0.8384055713145071,-0.13666213633226862,0.05873327790478022,0.5581993261155702
2025-10-22 12:00:00,30,-0.031503129006225095,1.3645287538337625,-0.09532646598565606,-0.16858605406070026,0.399563182528599
2025-10-22 16:00:00,30,1.7304754321620326,1.1556096705083905,0.0169960763318509,-0.15066330603572453,-0.031503129006225095
2025-10-22 20:00:00,30,-0.028670555359100902,-0.2597392377062925,-0.4421210158730529,-1.135164722638577,1.7304754321620326
2025-10-23 00:00:00,30,-1.7298261966911923,-0.706962990768191,0.01625799528762887,-1.1188534813223336,-0.028670555359100902
2025-10-23 04:00:00,30,-0.8218952051239796,0.7161026086441673,0.4595265166245209,-0.1347214275135844,-1.7298261966911923
2025-10-23 08:00:00,30,0.48816695073534255,1.344511602010628,0.22294779429621467,0.3328708761417758,-0.8218952051239796
2025-10-23 12:00:00,30,0.9679095707615222,1.2349045680257333,-0.11841386631730672,0.05514312248208775,0.48816695073534255
2025-10-23 16:00:00,30,0.8304815501675851,0.5894201462995011,-0.24341994843850026,-0.4955196178537449,0.9679095707615222
2025-10-23 20:00:00,30,-1.1999499101105524,-0.6278153339790545,-0.20761045870172995,-0.9679968616254229,0.8304815501675851
2025-10-24 00:00:00,30,-2.1034013636860145,-0.20542821911178497,0.32145715228337074,-0.2853218207666579,-1.1999499101105524
2025-10-24 04:00:00,30,0.5886433090627001,1.5552543411701532,0.5568686456212002,0.9113444732159284,-2.1034013636860145
2025-10-24 08:00:00,30,0.5996538130015079,1.0991528708179423,-0.14459489626128527,0.5764537484617627,0.5886433090627001
2025-10-24 12:00:00,30,1.505700963775876,1.5411965199014788,-0.14746389289013434,0.23529893204596597,0.5996538130015079
2025-10-24 16:00:00,30,0.30787557578759284,0.705024000649025,-0.3835517445994392,-0.6213238805446668,1.505700963775876
2025-10-24 20:00:00,30,-1.9599302358365307,-0.6234750530864713,-0.07143551275507491,-0.7964803345843574,0.30787557578759284
2025-10-25 00:00:00,30,3.419269626036918,0.757456098047323,0.5194845091252722,0.31856242058094786,-1.9599302358365307
2025-10-27 04:00:00,30,-3.905796559691151,-5.235634054135863,-0.8821685265023952,-1.6267271385864257,3.419269626036918
2025-10-27 08:00:00,30,0.28713836998161923,-0.8633169305301376,1.0265170622542015,0.595357136354286,-3.905796559691151
2025-10-27 12:00:00,30,0.13695047019530193,-0.19574016659688584,-0.06603203859260803,0.4319984854575498,0.28713836998161923
2025-10-27 16:00:00,30,0.40060329308634657,-0.010918781840898204,-0.026897719166759558,0.35408467668232113,0.13695047019530193
2025-10-27 20:00:00,30,-0.3902562924620181,-0.28458643815630347,-0.09559748661290367,0.12617360541878853,0.40060329308634657
2025-10-28 00:00:00,30,0.0024633872690493774,-0.16699391635776592,0.11047604984295058,0.34819806507090156,-0.3902562924620181
2025-10-28 04:00:00,30,-1.6318397315833586,-0.06779931930951097,0.00814545321513446,0.34679659573424004,0.0024633872690493774
2025-10-28 08:00:00,30,1.1134771948531537,1.768497136375336,0.43399427580887917,1.2751822275403129,-1.6318397315833586
2025-10-28 12:00:00,30,0.928553426560466,0.6073103787644639,-0.2813503669833285,0.6417032105523077,1.1134771948531537
2025-10-28 16:00:00,30,0.812008173351165,0.07263943695119437,-0.23316495505537685,0.11343095262254899,0.928553426560466
2025-10-28 20:00:00,30,-0.1263273255106352,-0.6239718116160052,-0.20279686832436647,-0.3485364247232994,0.812008173351165
2025-10-29 00:00:00,30,-1.3797179098607408,-0.8425746253528905,0.04170432779939745,-0.27666633133197926,-0.1263273255106352
2025-10-29 04:00:00,30,-0.14361565505105034,0.41960360618683,0.3682991304638969,0.5082822507308951,-1.3797179098607408
2025-10-29 08:00:00,30,0.05491832816053588,0.3053679609858321,0.04620913152550679,0.5899880139080427,-0.14361565505105034
2025-10-29 12:00:00,30,0.5837002040609054,0.9480060534131479,-0.005522681269947746,0.5587438997954504,0.05491832816053588
2025-10-29 16:00:00,30,0.6189375449294019,0.3110497619253826,-0.14330687605212744,0.22666540443572814,0.5837002040609054
2025-10-29 20:00:00,30,3.0196265686598807,-0.25606707487630287,-0.15248863673476054,-0.12546030532391939,0.6189375449294019
2025-10-30 00:00:00,30,-1.9489011698262537,-2.574915275512234,-0.7780339118898503,-1.8433850901577928,3.0196265686598807
2025-10-30 04:00:00,30,1.055315561037009,-1.7733200920443797,0.5166106757949638,-0.7346169869806722,-1.9489011698262537
2025-10-30 08:00:00,30,-1.253893534021918,-2.0736800701241274,-0.2661952449040623,-1.3350067096512266,1.055315561037009
2025-10-30 12:00:00,30,0.09337112613468435,-0.5862713865254049,0.3355131914991714,-0.6216420830460301,-1.253893534021918
2025-10-30 16:00:00,30,1.5475232088105138,-0.42864112223219186,-0.015542290578546924,-0.6747627481770859,0.09337112613468435
2025-10-30 20:00:00,30,-0.47807659650308665,-1.459667422347621,-0.3944493275513297,-1.5551790563105428,1.5475232088105138
2025-10-31 00:00:00,30,-1.2818327195483104,-1.6486683009710512,0.1333593036557282,-1.2831919030957097,-0.47807659650308665
2025-10-31 04:00:00,30,-1.3646912051434335,-0.8678023354939899,0.3427932787261951,-0.5539321258179033,-1.2818327195483104
2025-10-31 08:00:00,30,0.5807655428523155,0.4383187860142662,0.3643836361853186,0.22246746918273885,-1.3646912051434335
2025-10-31 12:00:00,30,0.346294661599865,0.17887844508135844,-0.14254219414827898,-0.10794143985208926,0.5807655428523155
2025-10-31 16:00:00,30,1.0564443894104993,0.17757498097837224,-0.08144633771744327,-0.3049552654000891,0.346294661599865
2025-10-31 20:00:00,30,0.36510513841794534,-0.05589604346287733,-0.26648938264890054,-0.9059872006742715,1.0564443894104993
2025-11-01 00:00:00,30,-0.6942938426273066,-1.4242856064925644,-0.0863477659243669,-1.1137026754512576,0.36510513841794534
2025-11-03 04:00:00,30,-2.380230766594627,-0.992083358114975,0.18969882759368395,-0.7187052898187876,-0.6942938426273066
2025-11-03 08:00:00,30,1.3733107168360519,0.9421055037153128,0.6290018220975087,0.6354546814824893,-2.380230766594627
2025-11-03 12:00:00,30,-0.13299003559146172,0.3249047638945361,-0.3490549427932923,-0.1458487227916585,1.3733107168360519
2025-11-03 16:00:00,30,2.320657200401051,0.4251186612449658,0.043440423882476445,-0.07018808294641232,-0.13299003559146172
2025-11-03 20:00:00,30,-2.53358662660324,-1.1977344804751464,-0.5959041227041533,-1.3904554839056864,2.320657200401051
2025-11-04 00:00:00,30,0.22374759928578847,0.04583449550654064,0.6689616139312149,0.0509516442270499,-2.53358662660324
2025-11-04 04:00:00,30,0.27843194780254166,0.43767028277466347,-0.04951436524747905,-0.0763427538119501,0.22374759928578847
2025-11-04 08:00:00,30,0.6978838054702621,0.2698184152064539,-0.06376341437523048,-0.23474815035468843,0.27843194780254166
2025-11-04 12:00:00,30,-0.13992177276637108,0.8818976895990625,-0.1730595894005741,-0.6317879362655763,0.6978838054702621
2025-11-04 16:00:00,30,0.7820690620030799,0.5426719261718477,0.045246620101778295,-0.5521836951756178,-0.13992177276637108
2025-11-04 20:00:00,30,-0.4693515047500867,-0.13315290476807942,-0.19499566231183824,-0.9971181248203855,0.7820690620030799
2025-11-05 00:00:00,30,-0.20244557987381206,-0.33734166745340477,0.13108581472507838,-0.7300948474463596,-0.4693515047500867
2025-11-05 04:00:00,30,0.3411230593464438,-0.06778458954421016,0.061538389562194214,-0.6149195860895773,-0.20244557987381206
2025-11-05 08:00:00,30,-0.7690692670717194,-0.6244128837544015,-0.08009877819489336,-0.8089911856747172,0.3411230593464438
2025-11-05 12:00:00,30,0.49507328471016265,0.8529172238064152,0.20918298943078584,-0.37145259435715516,-0.7690692670717194
2025-11-05 16:00:00,30,1.0502117391870378,0.3328957626149882,-0.12021344324871555,-0.65310949688274,0.49507328471016265
2025-11-05 20:00:00,30,-1.1090728074256635,-1.340495839268414,-0.26486534685732505,-1.2505955551914676,1.0502117391870378
2025-11-06 00:00:00,30,0.11860094929055975,-0.694150062929297,0.2977773913304176,-0.619622280602945,-1.1090728074256635
2025-11-06 04:00:00,30,-1.4867672070701587,-0.7786819023428645,-0.02211640180751058,-0.6870966870099267,0.11860094929055975
2025-11-06 08:00:00,30,0.6197550897549906,0.6439911625728528,0.39619286489434274,0.15875434000551003,-1.4867672070701587
2025-11-06 12:00:00,30,0.19583097556141738,1.125715483075517,-0.15270166361905055,-0.19383648704154055,0.6197550897549906
2025-11-06 16:00:00,30,2.2869987080807572,0.981769603622689,-0.04224015692793313,-0.30524857025965346,0.19583097556141738
2025-11-06 20:00:00,30,-0.6964311039208742,-0.3098052981074665,-0.5871337610989312,-1.6063669947271642,2.2869987080807572
2025-11-07 00:00:00,30,-1.1236683164886525,-0.5004559858281789,0.19025573175359278,-1.21015367922244,-0.6964311039208742
2025-11-07 04:00:00,30,-0.138337332526282,0.19478814183922136,0.30158052936395124,-0.5708767332373217,-1.1236683164886525
2025-11-07 08:00:00,30,-0.16985767748430725,-0.29913377873362645,0.044833764002485114,-0.49217391127871934,-0.138337332526282
2025-11-07 12:00:00,30,0.9487042248202737,1.0302901688450172,0.05304699056571236,-0.3955385468024719,-0.16985767748430725
2025-11-07 16:00:00,30,0.7762755706684015,0.46934405208809454,-0.23841562955649928,-0.9352749891197965,0.9487042248202737
2025-11-07 20:00:00,30,-0.3741158117555994,-0.12697218849109568,-0.19348605773780286,-1.3769133879050326,0.7762755706684015
2025-11-08 00:00:00,30,-0.3844219399493678,-1.2086005653435512,0.10627034000513792,-1.1640715643220512,-0.3741158117555994
2025-11-10 04:00:00,30,-2.5066843214812238,-1.0291170239614904,0.10895579811030161,-0.9453663822551084,-0.3844219399493678
2025-11-10 08:00:00,30,0.7513579068876677,0.9745232359881701,0.6619517056534207,0.48073549680546,-2.5066843214812238
2025-11-10 12:00:00,30,0.038134870362570794,1.0097219280513285,-0.18699328558286546,0.05327324570463077,0.7513579068876677
2025-11-10 16:00:00,30,2.0215308710234385,0.8928199795269479,-0.0011494314976937831,0.03157756994053784,0.038134870362570794
2025-11-10 20:00:00,30,-1.2076960503521352,-1.3702201060652917,-0.5179610571229704,-1.1185109948780019,2.0215308710234385
2025-11-11 00:00:00,30,-1.3560637607157666,-1.2199713456531815,0.3234755567418046,-0.43142902289539187,-1.2076960503521352
2025-11-11 04:00:00,30,0.3057328533986894,0.16460298356151157,0.3621355911261532,0.3400622497431769,-1.3560637607157666
2025-11-11 08:00:00,30,-0.5583547356243646,-0.3334116345680261,-0.07087718560270398,0.166124832499996,0.3057328533986894
2025-11-11 12:00:00,30,0.7764618201803035,1.445760878896018,0.15427730266733036,0.4837837937152436,-0.5583547356243646
2025-11-11 16:00:00,30,1.104600498503526,0.9208982209273903,-0.19353458859749298,0.042039433929405234,0.7764618201803035
2025-11-11 20:00:00,30,-1.0086038447877748,-0.8285199947997562,-0.2790373745858928,-0.5863894563890515,1.104600498503526
2025-11-12 00:00:00,30,-0.22604995234935465,-0.391982952341624,0.2715982884742701,-0.012574945342199939,-1.0086038447877748
2025-11-12 04:00:00,30,-0.39543577074301695,-0.42219115054389816,0.06768895864012167,0.11602930651527998,-0.22604995234935465
2025-11-12 08:00:00,30,0.24355904567224762,-0.20126670599347,0.11182566161457959,0.3410004729568321,-0.39543577074301695
2025-11-12 12:00:00,30,0.7754307726332321,0.3210225923410482,-0.05467661515095894,0.20243495446739423,0.24355904567224762
2025-11-12 16:00:00,30,0.7407068231734417,-0.27402654412917116,-0.19326592951039118,-0.23872282214493445,0.7754307726332321
2025-11-12 20:00:00,30,-0.9488275817821812,-0.8312675700452756,-0.18421794274301606,-0.6601254627999165,0.7407068231734417
2025-11-13 00:00:00,30,1.467954057068674,-0.48318744219042453,0.2560224439896431,-0.1203188402873181,-0.9488275817821812
2025-11-13 04:00:00,30,-1.8071885875741813,-2.067731276403017,-0.3737160687126396,-0.9554666972472967,1.467954057068674
2025-11-13 08:00:00,30,0.947719082048259,-0.7585695316221531,0.47968476186711173,0.07267833819675218,-1.8071885875741813
2025-11-13 12:00:00,30,-0.002384158729574537,0.25784152762792123,-0.23815893183334755,-0.46649763707401526,0.947719082048259
2025-11-13 16:00:00,30,1.9172307443079308,0.058609083460042975,0.009408573704944549,-0.46514124240752786,-0.002384158729574537
2025-11-13 20:00:00,30,-0.5172287529262736,-1.3456771258155988,-0.4907836714557596,-1.5558914192924203,1.9172307443079308
2025-11-14 00:00:00,30,-1.6507180178368834,-1.163890719558882,0.14356114413592494,-1.2616298363195613,-0.5172287529262736
2025-11-14 04:00:00,30,0.05437913543566886,0.935577288901762,0.43891337305645484,-0.3225039771665976,-1.6507180178368834
2025-11-14 08:00:00,30,0.7973234546454417,0.44371114056777416,-0.0053821843300673605,-0.35344133396175614,0.05437913543566886
2025-11-14 12:00:00,30,0.5587965833479362,1.983436949988061,-0.19897048501834688,-0.8070542867954131,0.7973234546454417
2025-11-14 16:00:00,30,0.5821920219220384,0.8941581086020528,-0.1368177630861154,-1.1249646238474362,0.5587965833479362
2025-11-14 20:00:00,30,-0.5760143571864393,-1.099680138364975,-0.14291389045436123,-1.4561850848053925,0.5821920219220384
2025-11-15 00:00:00,30,-1.0788703329066447,-1.764912185374478,0.15887885360540932,-1.1284792184903063,-0.5760143571864393
2025-11-17 04:00:00,31,-1.1947804671732474,-0.19248627111457572,0.2787494693338428,-0.29854993211357517,-1.0788703329066447
2025-11-17 08:00:00,31,0.8554708431617222,0.7251625743534751,0.30715746484258777,0.2886168216571452,-1.1947804671732474
2025-11-17 12:00:00,31,0.8464477321700947,0.657982586939395,-0.19533121213391771,-0.1317985196759608,0.8554708431617222
2025-11-17 16:00:00,31,1.467543160144869,0.6081412747968162,-0.1931197705015969,-0.5477795143358231,0.8464477321700947
2025-11-17 20:00:00,31,-0.5174658280524813,-0.7332832945208042,-0.34534180216473537,-1.2689936428186739,1.467543160144869
2025-11-18 00:00:00,31,-1.4692148181509594,-0.30176072379077,0.14115687008964123,-1.0146885727301829,-0.5174658280524813
2025-11-18 04:00:00,31,0.727683844356589,0.3150888397368171,0.3744175871722579,-0.2926529192627685,-1.4692148181509594
2025-11-18 08:00:00,31,0.1784033308306281,0.3652164840862303,-0.16401235885934093,-0.6502682070931316,0.727683844356589
2025-11-18 12:00:00,31,-0.01982867534234245,0.5243946720906785,-0.029391184791884004,-0.7379433135279898,0.1784033308306281
2025-11-18 16:00:00,31,1.7462490661712486,0.4279104349698615,0.01919278050746279,-0.7281986455724763,-0.01982867534234245
2025-11-18 20:00:00,31,-1.6842480131973012,-1.5385341614519326,-0.4136488244691635,-1.5863809004973426,1.7462490661712486
2025-11-19 00:00:00,31,-0.10824063189579114,-0.08120037976750591,0.42711929507518503,-0.7586686423671258,-1.6842480131973012
2025-11-19 04:00:00,31,-0.4735629587064807,-0.4844336572702055,0.040861347113665035,-0.7054745182560165,-0.10824063189579114
2025-11-19 08:00:00,31,-0.108964727319389,0.276430211091485,0.13039687465789096,-0.472745215417973,-0.4735629587064807
2025-11-19 12:00:00,31,-0.32448404730367386,0.5692786083129776,0.04103881304165851,-0.41919523952406657,-0.108964727319389
2025-11-19 16:00:00,31,2.14749555816109,1.2194944831474823,0.09385966354709536,-0.25972975616505867,-0.32448404730367386
2025-11-19 20:00:00,31,-0.19554376727265854,-0.7090364987962131,-0.5119888757034184,-1.3151018770415943,2.14749555816109
2025-11-20 00:00:00,31,-0.3798743449144304,-1.4361171067520657,0.06225815674879975,-1.219003219418549,-0.19554376727265854
2025-11-20 04:00:00,31,-3.3029689620763403,-1.7308647394956056,0.10743507121710272,-1.0323165501328502,-0.3798743449144304
2025-11-20 08:00:00,31,1.8246202417899013,1.1616228630396845,0.8238457568002556,0.5909051349824548,-3.3029689620763403
2025-11-20 12:00:00,31,0.8775140550144656,0.18205976195463375,-0.4328565323980399,-0.3057921024362855,1.8246202417899013
2025-11-20 16:00:00,31,2.263251638746148,-0.5111496755173109,-0.20073370318677708,-0.7370404306668741,0.8775140550144656
2025-11-20 20:00:00,31,-0.3481237684216829,-1.0993903504429023,-0.5403591147526345,-1.849300091919055,2.263251638746148
2025-11-21 00:00:00,31,-2.9464515141301852,-0.5735227564171043,0.09965343728049257,-1.678217028016781,-0.3481237684216829
2025-11-21 04:00:00,31,0.14870374543582976,1.2132360751353284,0.7364681851657642,-0.23020342365327817,-2.9464515141301852
2025-11-21 08:00:00,31,1.4491480918153758,1.005457951890552,-0.02211222084412058,-0.30328287036341806,0.14870374543582976
2025-11-21 12:00:00,31,0.8502742169804147,0.9864232159627414,-0.34083342141102707,-1.0154568673299131,1.4491480918153758
2025-11-21 16:00:00,31,-0.05756321103031148,-0.7086859663830208,-0.19405758982165588,-1.4333183619863519,0.8502742169804147
2025-11-21 20:00:00,31,-0.1328416798475729,-1.0878775039847992,0.028441001356580266,-1.4050293125032667,-0.05756321103031148
2025-11-22 00:00:00,31,-0.9429232154801657,-1.4713772053368737,0.04689072896320363,-1.339745170299226,-0.1328416798475729
2025-11-24 04:00:00,31,-1.3870279462720347,-1.3767880921838365,0.24543068210514926,-0.8763519539718487,-0.9429232154801657
2025-11-24 08:00:00,31,1.590228675953318,-0.2260391801414704,0.3542747040500268,-0.19470648103516552,-1.3870279462720347
2025-11-24 12:00:00,31,-0.6647287348275341,-0.08295726908901044,-0.37541035142599427,-0.9762135738166089,1.590228675953318
2025-11-24 16:00:00,31,0.26280088908956856,-0.07395307325355419,0.17724900319551934,-0.6495371474014418,-0.6647287348275341
2025-11-24 20:00:00,31,-1.2961829476777211,-0.9708196418248279,-0.05007587704195445,-0.7786888611885452,0.26280088908956856
2025-11-25 00:00:00,31,-1.1191860569485819,-0.08841779807138841,0.3320098319714273,-0.14168854640977013,-1.2961829476777211
2025-11-25 04:00:00,31,0.4713514485700738,0.8042266305356921,0.28863030429932474,0.4083278473790495,-1.1191860569485819
2025-11-25 08:00:00,31,0.9656863161860798,0.5730175004465539,-0.10118877924463508,0.17668537619200997,0.4713514485700738
2025-11-25 12:00:00,31,-0.03345805681800229,0.4526351443396971,-0.22234352371893062,-0.2978946115251526,0.9656863161860798
2025-11-25 16:00:00,31,1.4304829227351323,0.6136017059391219,0.02253315630978016,-0.28145187652147285,-0.03345805681800229
2025-11-25 20:00:00,31,-1.9042148409328519,-1.2563846326004255,-0.3362588426413922,-0.9844530027903424,1.4304829227351323
2025-11-26 00:00:00,31,-1.008610250692179,0.41967913761419195,0.4810301691667603,-0.04863953968788337,-1.9042148409328519
2025-11-26 04:00:00,31,-0.9620635534260344,0.7484190809510859,0.26152967994595594,0.4470351243949242,-1.008610250692179
2025-11-26 08:00:00,31,1.518434488476288,1.1157911035193233,0.25012171829316243,0.9198347299348235,-0.9620635534260344
2025-11-26 12:00:00,31,0.0904085681931619,0.6337948872097313,-0.3578145737288485,0.17361040345121648,1.518434488476288
2025-11-26 16:00:00,31,1.5490828047865204,1.4367216644640024,-0.007824866733373423,0.1291797260526879,0.0904085681931619
2025-11-26 20:00:00,31,-0.179845437159031,-1.1583075542585974,-0.36532605870469276,-0.6321065075267001,1.5490828047865204
2025-11-27 00:00:00,31,-2.869929780211743,-1.6380943999644961,0.05841070980911295,-0.5437226877217247,-0.179845437159031
2025-11-27 04:00:00,31,-0.38922572997471505,0.4997667231773771,0.7177137502129369,0.8666848297226455,-2.869929780211743
2025-11-27 08:00:00,31,1.158323056290829,1.3326658355583243,0.10972696835339699,1.0579671737452259,-0.38922572997471505
2025-11-27 12:00:00,31,-0.6255046841982335,0.9102076957757264,-0.2695561654981902,0.4887171671819335,1.158323056290829
2025-11-27 16:00:00,31,-0.8147003077429567,0.9494139390557411,0.16763572251767084,0.7961172000582657,-0.6255046841982335
2025-11-27 20:00:00,31,1.510291555462718,1.7965773463342605,0.21400499348728708,1.1964961383959594,-0.8147003077429567
2025-11-28 04:00:00,31,-0.2029723764276703,0.46533972310831234,-0.35581885173317346,0.45427360109046244,1.510291555462718
2025-11-28 08:00:00,31,0.49882052193209425,0.35681420829809296,0.06407880769400878,0.5540229982781568,-0.2029723764276703
2025-11-28 16:00:00,31,1.3024814178987931,0.269478651607131,-0.10792107506704189,0.30888103737044315,0.49882052193209425
2025-11-28 20:00:00,31,-0.03692816618093886,-0.39984008843594376,-0.3048874168595912,-0.3312146178621127,1.3024814178987931
2025-11-29 00:00:00,31,0.5194234158090723,-0.37380105192809865,0.02338363286060889,-0.3130665211573955,-0.03692816618093886
2025-12-01 04:00:00,31,-1.7570534314811663,-0.5492731189035182,-0.11297056379749348,-0.5683336344662431,0.5194234158090723
2025-12-01 08:00:00,31,0.7409181751438432,0.5693375017167425,0.4449629116727052,0.29515835248042865,-1.7570534314811663
2025-12-01 12:00:00,31,-0.4464759324470169,0.43201023821944384,-0.16725591311751153,-0.06896085741778002,0.7409181751438432
2025-12-01 16:00:00,31,2.205294939611491,0.774305736352497,0.12375821337781498,0.15045671015587558,-0.4464759324470169
2025-12-01 20:00:00,31,-1.1120511780253448,-1.4333185712329213,-0.5261547170169535,-0.9333205245542349,2.205294939611491
2025-12-02 00:00:00,31,-1.3973287343205936,-0.7845941548147152,0.2868816426340681,-0.38681051860067583,-1.1120511780253448
2025-12-02 04:00:00,31,0.016523087507820833,0.00017014546502167743,0.3567992869303031,0.29989720672958864,-1.3973287343205936
2025-12-02 08:00:00,31,0.15282994739794198,0.199810966339232,0.010283458451056993,0.29177704748628397,0.016523087507820833
2025-12-02 12:00:00,31,-0.12443735698514757,0.46344494525940333,-0.023123496756701695,0.21666980681895964,0.15282994739794198
2025-12-02 16:00:00,31,2.8318969861690952,0.35723355100295306,0.044830943875036305,0.2778237015772529,-0.12443735698514757
2025-12-02 20:00:00,31,-1.8213500021481988,-1.6778213440234964,-0.6797263459086621,-1.1138928572948812,2.8318969861690952
2025-12-03 00:00:00,31,-0.805429767830125,-0.7687106771036859,0.4607211255881129,-0.21880275695883444,-1.8213500021481988
2025-12-03 04:00:00,31,-1.1808073614117127,-0.779884433002583,0.21173291039572908,0.1770202374411438,-0.805429767830125
2025-12-03 08:00:00,31,1.020110173302717,0.2243691743935234,0.3037328468984494,0.7573200031956411,-1.1808073614117127
2025-12-03 12:00:00,31,2.4268102095459927,0.37490957541787207,-0.23568206998428057,0.25599378017513263,1.020110173302717
2025-12-03 16:00:00,31,-1.1500404474326693,-1.2096011072401223,-0.5804450932056635,-0.9366456309194078,2.4268102095459927
2025-12-03 20:00:00,31,-1.120155766660643,-0.7352916705006628,0.29619229524897694,-0.3714660562803189,-1.1500404474326693
2025-12-04 00:00:00,31,-0.7111040922625076,-0.22099446727487906,0.28886796694478123,0.179026894766821,-1.120155766660643
2025-12-04 04:00:00,31,-0.7292569920020284,0.1825774286499758,0.18861497178890368,0.5284941759274417,-0.7111040922625076
2025-12-04 08:00:00,31,1.146819779847684,0.7320321728311082,0.1930640003189275,0.8868825764940382,-0.7292569920020284
2025-12-04 12:00:00,31,1.1392090827894137,0.5321822313887373,-0.26673686908722166,0.323285777086725,1.146819779847684
2025-12-04 16:00:00,31,0.7958244391873208,-0.467410617761729,-0.26487159087649614,-0.23657079689138438,1.1392090827894137
2025-12-04 20:00:00,31,0.06073803947929868,-0.9458556329144164,-0.1807126907514798,-0.6276733177039091,0.7958244391873208
2025-12-05 00:00:00,31,-2.869535318810801,-1.4663389537400455,-0.0005530241824294093,-0.6575226150864104,0.06073803947929868
2025-12-05 04:00:00,31,-0.020847815108055556,0.5282714814439903,0.7176170730951228,0.7526910469789669,-2.869535318810801
2025-12-05 08:00:00,31,0.30422531698648214,0.4701513954439176,0.0194425577859583,0.7629365642572754,-0.020847815108055556
2025-12-05 12:00:00,31,1.4078914340070021,0.6355073244391546,-0.06022844022457618,0.6134270964531616,0.30422531698648214
2025-12-05 16:00:00,31,1.1385139855127289,-0.12369123669154214,-0.33072197639250633,-0.07847159596798292,1.4078914340070021
2025-12-05 20:00:00,31,-2.001979364615705,-0.8720207210768628,-0.26470123199943035,-0.6379865691058386,1.1385139855127289
2025-12-06 00:00:00,31,0.5405499427793679,0.136155648100982,0.5049909226183014,0.3458726058089461,-2.001979364615705
2025-12-08 04:00:00,31,-3.1274905624144047,-0.5827242474134205,-0.11814838786857182,0.08022300416820638,0.5405499427793679
2025-12-08 08:00:00,31,1.9899299263181085,1.8177911115014411,0.7808383906107546,1.6172070204252709,-3.1274905624144047
2025-12-08 12:00:00,31,-0.13247315872819243,0.8770812387623512,-0.47337168498019383,0.6392694602040212,1.9899299263181085
2025-12-08 16:00:00,31,2.172617293215632,1.0716959111349864,0.04680040945515994,0.7043724952044297,-0.13247315872819243
2025-12-08 20:00:00,31,-0.09847828917942536,-0.22430243835152527,-0.5181458708714151,-0.3633455319087231,2.172617293215632
2025-12-09 00:00:00,31,-1.4504422286561933,-0.7312964321492826,0.038468729852058986,-0.3149490448861467,-0.09847828917942536
2025-12-09 04:00:00,31,-2.1275900470046825,0.37064654321751445,0.3698166811218153,0.3978609468497938,-1.4504422286561933
2025-12-09 08:00:00,31,1.4456398520928637,1.8347758659140414,0.5357763903751497,1.4434506393313384,-2.1275900470046825
2025-12-09 12:00:00,31,0.9657739111547894,1.2032469624345439,-0.3399735996283045,0.7330007429723722,1.4456398520928637
2025-12-09 16:00:00,31,0.3870611611767405,0.5899707732077737,-0.22236499205294158,0.2583777073021869,0.9657739111547894
2025-12-09 20:00:00,31,-0.7268366325832929,0.34006189628706207,-0.0805303776229697,0.06815912592834472,0.3870611611767405
2025-12-10 00:00:00,31,-0.783488567909437,0.46496301989640654,0.1924708031845092,0.4253580572812199,-0.7268366325832929
2025-12-10 04:00:00,31,0.26283411747859375,0.9841970381782057,0.20635542107827454,0.8103981978555534,-0.783488567909437
2025-12-10 08:00:00,31,-1.0698660386401073,0.5441003362047253,-0.05008402086761874,0.6812301542021242,0.26283411747859375
2025-12-10 12:00:00,31,3.1480281784134974,1.806692564559202,0.27654263942460583,1.2070085596393145,-1.0698660386401073
2025-12-10 16:00:00,31,-0.3148792638947011,-0.5155465122378906,-0.7572057962283117,-0.34006852864872084,3.1480281784134974
2025-12-10 20:00:00,31,1.8998912431319912,-0.4437636393253761,0.09150566192617599,-0.18532325092569923,-0.3148792638947011
2025-12-11 00:00:00,31,-3.0450896674155157,-1.639738489040076,-0.45130442982818664,-1.1190119112253907,1.8998912431319912
2025-12-11 04:00:00,31,1.844036786894014,0.40134498643543626,0.7606430533362685,0.377476744290826,-3.0450896674155157
2025-12-11 08:00:00,31,-0.5830761378486287,-0.8350161799574369,-0.43761526319930255,-0.5287626224742352,1.844036786894014
2025-12-11 12:00:00,31,-0.6432938698813118,-0.1561588412957741,0.15723706357582334,-0.2422138108153442,-0.5830761378486287
2025-12-11 16:00:00,31,2.6983323006740676,0.048006784858999035,0.1719956096853171,0.07392859666179685,-0.6432938698813118
2025-12-11 20:00:00,31,-1.872035330540335,-2.293878329072267,-0.646991460303729,-1.252148503786592,2.6983323006740676
2025-12-12 00:00:00,31,0.45664007465314604,-1.401288644759251,0.4731434093723009,-0.3321494427221978,-1.872035330540335
2025-12-12 04:00:00,31,-2.2765540424554,-1.5295861956246855,-0.09758322182893663,-0.5565621090173423,0.45664007465314604
2025-12-12 08:00:00,31,0.8716509643942416,0.03460526272058897,0.57228543715095,0.5622349282783112,-2.2765540424554
2025-12-12 12:00:00,31,0.07573109240217768,0.05839463319212628,-0.19929673951608035,0.13386797615080415,0.8716509643942416
2025-12-12 16:00:00,31,2.7807446195613483,0.13135257718344573,-0.0042276172867378396,0.09665044464018102,0.07573109240217768
2025-12-12 20:00:00,31,-1.7596340311057261,-1.6203707969377634,-0.6671895974176957,-1.269927630741492,2.7807446195613483
2025-12-13 00:00:00,31,-1.2022942225406705,-0.288992540929057,0.4455953814995086,-0.4051674256192088,-1.7596340311057261
2025-12-15 04:00:00,32,-0.7616857430951054,0.06807216222230963,0.2549873474493173,0.3815332074013389,-1.2022942225406705
2025-12-15 08:00:00,32,0.5946801921997089,0.5940526410822365,0.1629793106014481,0.7518849898268805,-0.7616857430951054
2025-12-15 12:00:00,32,-0.3102100800013847,0.9552927199794842,-0.12025756017061738,0.4627357295829144,0.5946801921997089
2025-12-15 16:00:00,32,3.328760562738182,0.7868590357012204,0.06870198416843472,0.6135680867543121,-0.3102100800013847
2025-12-15 20:00:00,32,-1.7819445629899313,-1.0664040821050476,-0.6911893039130077,-1.0049634649436463,3.328760562738182
2025-12-16 00:00:00,32,0.749176733377098,-0.15450736958782949,0.37603016067444145,-0.13853482154389596,-1.7819445629899313
2025-12-16 04:00:00,32,-1.7460557434265471,-0.516009485184868,-0.1525195889708909,-0.5028043921288727,0.749176733377098
2025-12-16 08:00:00,32,0.866924725558853,0.38900396915797114,0.3685358431865677,0.34617415664203843,-1.7460557434265471
2025-12-16 12:00:00,32,-0.695931534420323,0.6658587219124454,-0.17710777124340205,-0.07534760643421379,0.866924725558853
2025-12-16 16:00:00,32,2.3277867333583906,0.9262095800527841,0.1492484907537123,0.26303273815696304,-0.695931534420323
2025-12-16 20:00:00,32,-0.22320882874223713,-0.22915751083464572,-0.48216555318261173,-0.8687988257405967,2.3277867333583906
2025-12-17 00:00:00,32,-1.5731775526684508,-0.43839854859382466,0.050534348489395704,-0.7602687812607138,-0.22320882874223713
2025-12-17 04:00:00,32,-0.3182188952649554,0.1067122141459888,0.33243535105468847,0.004651812283681167,-1.5731775526684508
2025-12-17 08:00:00,32,-0.6754003368817241,0.007534383123414253,0.07037438813761303,0.1593782675590134,-0.3182188952649554
2025-12-17 12:00:00,32,-0.3112447969695875,1.1919493352475583,0.1449611579678355,0.4877758001142807,-0.6754003368817241
2025-12-17 16:00:00,32,2.914997180169161,1.397367526452735,0.0689180541747526,0.6391112640813006,-0.3112447969695875
2025-12-17 20:00:00,32,-0.7381448562182964,-0.7296420502846374,-0.6047870708066138,-0.7782375720072299,2.914997180169161
2025-12-18 00:00:00,32,-1.0748050290611317,-0.5539437010621864,0.1580634932982531,-0.4193319922889591,-0.7381448562182964
2025-12-18 04:00:00,32,-0.2870861245773586,0.14199925944107264,0.22836500367116103,0.10326668030169195,-1.0748050290611317
2025-12-18 08:00:00,32,-0.5024378354522039,0.41722154427389363,0.06387323065602045,0.24285555788107782,-0.2870861245773586
2025-12-18 12:00:00,32,1.99303205997807,0.9709051420808428,0.10884306004822206,0.48715414112831645,-0.5024378354522039
2025-12-18 16:00:00,32,1.4649143697063192,-0.43358615143554297,-0.4122619499606993,-0.4819108342049079,1.99303205997807
2025-12-18 20:00:00,32,-1.495038044154473,-1.634454400455439,-0.3019802051162087,-1.1941910007168097,1.4649143697063192
2025-12-19 00:00:00,32,-1.6575423240506133,-0.9997904322078801,0.3161182279986927,-0.4672639058276653,-1.495038044154473
2025-12-19 04:00:00,32,-0.4476532749473119,0.36562572737714244,0.35005243596362984,0.3386770740618186,-1.6575423240506133
2025-12-19 08:00:00,32,1.2017146056442112,0.09788759465617128,0.09740292646756281,0.5563379529587822,-0.4476532749473119
2025-12-19 12:00:00,32,-0.741041184577,-0.045043098947298896,-0.24701872634337743,-0.02796751711428591,1.2017146056442112
2025-12-19 16:00:00,32,1.8149896098445986,0.8605677841654753,0.1586683057310198,0.3323463341646118,-0.741041184577
2025-12-19 20:00:00,32,-2.018339088608732,-0.9498700393299089,-0.3750830551446517,-0.5501496862523734,1.8149896098445986
2025-12-20 00:00:00,32,0.30246860716210655,0.339826011093706,0.42539415895958177,0.43122023668716203,-2.018339088608732
2025-12-22 04:00:00,32,-2.335037928513218,-0.4756777512931698,-0.059237821473474186,0.2841519886521322,0.30246860716210655
2025-12-22 08:00:00,32,0.7645115607932063,1.2419066865501527,0.49152733589770137,1.419509275690305,-2.335037928513218
2025-12-22 12:00:00,32,0.10132743418724743,1.0805641763098524,-0.1557218136936934,1.0477835058548797,0.7645115607932063
2025-12-22 16:00:00,32,2.541529843033576,1.1060502040957507,-0.017235442222893145,0.998515423578108,0.10132743418724743
2025-12-22 20:00:00,32,-2.0730339399873934,-0.6148882963274863,-0.5267994738364294,-0.2372437014783575,2.541529843033576
2025-12-23 00:00:00,32,-0.9062705567913731,0.4681256743981633,0.43681555944504,0.7707203068582285,-2.0730339399873934
2025-12-23 04:00:00,32,-0.6185323007105872,1.2918658280967759,0.19317156855106393,1.2113730551998296,-0.9062705567913731
2025-12-23 08:00:00,32,1.2400016558260916,1.5037940501713758,0.13308595217496483,1.5121198423526172,-0.6185323007105872
2025-12-23 12:00:00,32,0.403417098428978,1.389333332682265,-0.2550138432970126,0.9091981944040688,1.2400016558260916
2025-12-23 16:00:00,32,1.9922062703200876,1.3139491216611001,-0.08031792532419138,0.7130461161768977,0.403417098428978
2025-12-23 20:00:00,32,-2.6471439101193024,-0.6558616579309751,-0.4120895082378894,-0.25561733835261524,1.9922062703200876
2025-12-24 00:00:00,32,-1.745174461482474,0.8855809490958202,0.5567014303504176,1.0314941434323197,-2.6471439101193024
2025-12-24 04:00:00,32,0.2522846933044143,2.2976809083666363,0.3683518135426405,1.8800441895802456,-1.745174461482474
2025-12-24 08:00:00,32,0.46513077431335503,2.072584235667438,-0.04875839674429284,1.757376689642144,0.2522846933044143
2025-12-24 12:00:00,32,0.2344998477672462,2.166777241659346,-0.09320499951743491,1.5312177876415136,0.46513077431335503
2025-12-24 16:00:00,32,1.922737155715696,1.7128388996191244,-0.045044558268972294,1.4171977506559008,0.2344998477672462
2025-12-24 20:00:00,32,0.3479499327200841,0.00804558515178291,-0.3975829402654513,0.48231201961733206,1.922737155715696
2025-12-26 04:00:00,32,-2.725794827592326,-0.0958499312676756,-0.06873524985500247,0.31312954647021396,0.3479499327200841
2025-12-26 08:00:00,32,0.8645493878820005,1.5069038627989155,0.5731253460273984,1.6384831874915493,-2.725794827592326
2025-12-26 12:00:00,32,0.3008179957055752,1.3725385116097195,-0.17661175229076412,1.2181163765073633,0.8645493878820005
2025-12-26 16:00:00,32,2.759592880356802,1.4756179365263398,-0.058893140136643915,1.071850699480863,0.3008179957055752
2025-12-26 20:00:00,32,-2.581367232292152,-0.6182282283431185,-0.572335483489354,-0.269936449975293,2.759592880356802
2025-12-27 00:00:00,32,0.7455363112311275,1.1837188965257266,0.5429659184854024,0.9851926688782742,-2.581367232292152
2025-12-29 04:00:00,32,-0.7507773095500809,0.12743605392334564,-0.15175939457933102,0.6226931679614829,0.7455363112311275
2025-12-29 08:00:00,32,0.9847785828252817,0.7636735572178315,0.16070140719653386,0.987740981074885,-0.7507773095500809
2025-12-29 12:00:00,32,-0.18736284631391698,0.505095073291749,-0.2017180603047426,0.5089155510992285,0.9847785828252817
2025-12-29 16:00:00,32,1.6329458339862306,1.3245094857578643,0.043048976268999256,0.6000163294999314,-0.18736284631391698
2025-12-29 20:00:00,32,-1.3803987757078122,-0.2846547847662727,-0.3370686019090297,-0.19396518545360575,1.6329458339862306
2025-12-30 00:00:00,32,-0.6957181107205503,0.35536771149323176,0.2921792106454049,0.47722126076242866,-1.3803987757078122
2025-12-30 04:00:00,32,-0.48382393230949816,0.8548276080481596,0.1492039235323606,0.815497833098001,-0.6957181107205503
2025-12-30 08:00:00,32,0.8893853826519731,0.8745892952733886,0.10495609743599134,1.0507458436263848,-0.48382393230949816
2025-12-30 12:00:00,32,-0.35275788005965225,0.9982938499247018,-0.1817980145361584,0.6183031141748341,0.8893853826519731
2025-12-30 16:00:00,32,2.0236964746201114,0.9621860963313127,0.07758683259550747,0.7898233386625266,-0.35275788005965225
2025-12-30 20:00:00,32,-1.7328178580744495,-0.23000808600172104,-0.4186653051477205,-0.19415148725234044,2.0236964746201114
2025-12-31 00:00:00,32,-0.8682238326667289,0.5306594776909712,0.3657715027344812,0.6483904510395924,-1.7328178580744495
2025-12-31 04:00:00,32,-0.00852941888384251,0.7354189489137859,0.1852266365797003,1.0705438744000562,-0.8682238326667289
2025-12-31 08:00:00,32,0.4686257521970063,1.0982984165883474,0.005704909261206124,1.0746911037729587,-0.00852941888384251
2025-12-31 12:00:00,32,0.010169728225829289,1.6269654382292142,-0.09393482218064401,0.8468328509567433,0.4686257521970063
2025-12-31 16:00:00,32,2.0577563748618726,1.4674508224309932,0.0018001459700970964,0.8418880597362675,0.010169728225829289
2025-12-31 20:00:00,32,0.3362988713415529,0.46023674054386,-0.42577770697989153,-0.15864759179221188,2.0577563748618726
2026-01-01 00:00:00,32,-1.590575948479655,-0.30418632133626533,-0.06630227061233875,-0.3221650103051781,0.3362988713415529
2026-01-02 04:00:00,32,-2.071972361862569,-0.09164429344324862,0.33606849094547186,0.451215144099371,-1.590575948479655
2026-01-02 08:00:00,32,1.7906762238627607,1.5886582854043103,0.43659388028137835,1.458662985034537,-2.071972361862569
2026-01-02 12:00:00,32,-0.6607638844458101,0.6810567509218937,-0.37000592427298,0.5879887768502234,1.7906762238627607
2026-01-02 16:00:00,32,3.8810509534093036,1.198555057248601,0.1419047681844609,0.9092696785676848,-0.6607638844458101
2026-01-02 20:00:00,32,-1.3592865144982227,-1.1427787689772702,-0.806518801610227,-0.9778000891278511,3.8810509534093036
2026-01-03 00:00:00,32,-1.369099876433916,-0.7053311561539866,0.2877705399140607,-0.31687898349470967,-1.3592865144982227
2026-01-05 04:00:00,32,-1.3708449643161362,-0.37265175294920805,0.28981977003263876,0.3488136386298697,-1.369099876433916
2026-01-05 08:00:00,32,1.6747984614774278,1.2932726274219875,0.2901841799740274,1.0153547687034665,-1.3708449643161362
2026-01-05 12:00:00,32,-0.3784261300869183,0.48528320432394106,-0.345808284125849,0.20102339774819722,1.6747984614774278
2026-01-05 16:00:00,32,0.7560491218612313,0.9154555396104334,0.08294688671271559,0.3850242052525994,-0.3784261300869183
2026-01-05 20:00:00,32,-1.2383851437983306,-0.5119782597831167,-0.15395468385076402,0.01741309736343588,0.7560491218612313
2026-01-06 00:00:00,32,-0.2590351323227331,-0.10908567610108941,0.26252386789287946,0.6195487543488865,-1.2383851437983306
2026-01-06 04:00:00,32,-1.236475233162075,0.5067495446868479,0.058015611365010565,0.7454984965309208,-0.2590351323227331
2026-01-06 08:00:00,32,2.486149764854895,1.6831634208921853,0.26212503959883965,1.3467055043788188,-1.236475233162075
2026-01-06 12:00:00,32,-1.7874450614405877,0.17288208223689294,-0.5152349840197249,0.13787364013860337,2.486149764854895
2026-01-06 16:00:00,32,2.7019548981053525,1.2525819959153466,0.3771787769352235,1.0069767715721616,-1.7874450614405877
2026-01-06 20:00:00,32,-2.126739078364622,-0.6240427250059144,-0.5602994972516371,-0.3067852643043505,2.7019548981053525
2026-01-07 00:00:00,32,-1.438240454069259,0.09219810921797536,0.44803028767031117,0.7272916047542903,-2.126739078364622
2026-01-07 04:00:00,32,0.31825255684263354,1.0367778601832205,0.3042577327853314,1.4266022069937785,-1.438240454069259
2026-01-07 08:00:00,32,-0.04999243228553496,1.1743889456744314,-0.06253383208506809,1.2718593845678123,0.31825255684263354
2026-01-07 12:00:00,32,1.1807690403931836,1.6978699310252534,0.014363232109842826,1.2961670292527474,-0.04999243228553496
2026-01-07 16:00:00,32,1.7241810243798295,0.8730364908390476,-0.24264486512799407,0.7220458477723826,1.1807690403931836
2026-01-07 20:00:00,32,-0.16962855231317242,-0.22277794906384807,-0.3561203704317771,-0.11629663322064143,1.7241810243798295
2026-01-08 00:00:00,32,-1.429463400652569,-0.66405811485695,0.03934569398549741,-0.033818738276500504,-0.16962855231317242
2026-01-08 04:00:00,32,-0.147003686692333,0.09127307170916102,0.3024249050213385,0.6612242281213252,-1.429463400652569
2026-01-08 08:00:00,32,1.0351373686005,0.6653342081330714,0.03462116060307197,0.7327013141547365,-0.147003686692333
2026-01-08 12:00:00,32,-0.5985762997788058,0.22771586727683849,-0.2122340018568676,0.22939010872416254,1.0351373686005
2026-01-08 16:00:00,32,1.8891238740026797,0.6251787998844143,0.12891873217189567,0.5204337596660267,-0.5985762997788058
2026-01-08 20:00:00,32,-0.5809098254100764,-0.7995765683730187,-0.39056380149099856,-0.3981083035168185,1.8891238740026797
2026-01-09 00:00:00,32,-0.7505892191497203,-0.5643773986941246,0.12522961201075994,-0.11565456033014954,-0.5809098254100764
2026-01-09 04:00:00,32,-1.1091119486911385,-0.13119688922588543,0.16066213008477948,0.24930179824880394,-0.7505892191497203
2026-01-09 08:00:00,32,0.46234837138140783,0.6965829062928339,0.23552898818963083,0.7885814038222279,-1.1091119486911385
2026-01-09 12:00:00,32,0.893122245802008,0.8585828848314945,-0.09262397703731752,0.563775379822288,0.46234837138140783
2026-01-09 16:00:00,32,1.57629893973599,0.7659881664484277,-0.18257834777630963,0.1295156885320239,0.893122245802008
2026-01-09 20:00:00,32,-1.9855667484207338,-1.276739286292984,-0.3252395750594967,-0.6369226060781754,1.57629893973599
2026-01-10 00:00:00,32,0.21618616931013968,-0.3040553767129489,0.4185506259268028,0.32851253704841277,-1.9855667484207338
2026-01-12 04:00:00,33,-1.5496291830223239,0.44751568512035655,-0.05830950826820035,0.026961046329674332,0.21618616931013968
2026-01-12 08:00:00,33,1.3008054441981969,1.0242862085335398,0.37798698424536165,0.7542587450362301,-1.5496291830223239
2026-01-12 12:00:00,33,-0.458853865145187,0.22027560928966092,-0.32629652328717856,0.14374313498226066,1.3008054441981969
2026-01-12 16:00:00,33,1.7280499325270675,1.1411181311857197,0.10847893818519869,0.3591000499261474,-0.458853865145187
2026-01-12 20:00:00,33,-1.593786460958361,-1.130971486496863,-0.43185980965084914,-0.451937037492236,1.7280499325270675
2026-01-13 00:00:00,33,-0.03034290729486777,-0.0530410332860934,0.38889733535143367,0.29608528809659607,-1.593786460958361
2026-01-13 04:00:00,33,-1.160441217705852,0.29373394668158875,0.002602733367538289,0.31032632517140346,-0.03034290729486777
2026-01-13 08:00:00,33,0.6465651630913172,0.5985001098770162,0.2818266784853194,0.8549638657962051,-1.160441217705852
2026-01-13 12:00:00,33,1.6460953080311054,0.49566069714190253,-0.16464726617149125,0.5515071676827894,0.6465651630913172
2026-01-13 16:00:00,33,0.577978398636322,0.07566010942539382,-0.4116105150880719,-0.2210656145667782,1.6460953080311054
2026-01-13 20:00:00,33,-0.36559187617448075,-1.1040874718904976,-0.147700893650128,-0.4923320335499586,0.577978398636322
2026-01-14 00:00:00,33,-1.6069319190185336,-0.7757630358468994,0.08543582746639651,-0.3207463838212119,-0.36559187617448075
2026-01-14 04:00:00,33,-0.6200069758586508,-0.6669481693314869,0.39214530645813045,0.4334455864157425,-1.6069319190185336
2026-01-14 08:00:00,33,-0.0874904223155859,0.5044852193318984,0.1482965424828739,0.7244375551166256,-0.6200069758586508
2026-01-14 12:00:00,33,1.9761169381774977,1.0046320239169109,0.016722703684067194,0.7655000128362763,-0.0874904223155859
2026-01-14 16:00:00,33,1.884253639456265,-0.16469153768376524,-0.49315204178070504,-0.161964000656579,1.9761169381774977
2026-01-14 20:00:00,33,-1.3194042954920882,-1.955140129028283,-0.47045451852615966,-1.04631320546647,1.884253639456265
2026-01-15 00:00:00,33,-2.0312626536927283,-1.5077142677483693,0.321103170891892,-0.42706847370207335,-1.3194042954920882
2026-01-15 04:00:00,33,0.41270575613178195,-0.10501558399416898,0.4969886644907304,0.5262774426532006,-2.0312626536927283
2026-01-15 08:00:00,33,0.4706507658179806,-0.033583907429974934,-0.10686543815477767,0.3325795244892076,0.41270575613178195
2026-01-15 12:00:00,33,-1.0795919206669726,0.05018800464221092,-0.12118245292722198,0.11168589224211534,0.4706507658179806
2026-01-15 16:00:00,33,1.726504419711702,0.5848947812742606,0.26185048750155854,0.6183778983334642,-1.0795919206669726
2026-01-15 20:00:00,33,-0.22857784233660539,-0.8852335518894372,-0.43147794536385675,-0.19193382334823106,1.726504419711702
2026-01-16 00:00:00,33,-2.2768274207337704,-0.7227121374469285,0.05158249036088441,-0.08465387500440347,-0.22857784233660539
2026-01-16 04:00:00,33,-0.14438469648865393,0.7549981881351651,0.5576626451554679,0.9839445752532274,-2.2768274207337704
2026-01-16 08:00:00,33,0.59410663567839,0.9852515385026485,0.03078010341899766,1.0517095984182117,-0.14438469648865393
2026-01-16 12:00:00,33,1.0491662184772323,1.3483236019027023,-0.15168584782021538,0.7728736074281244,0.59410663567839
2026-01-16 16:00:00,33,1.7941499153055673,0.9209280330353432,-0.2641216693785495,0.2804614970863968,1.0491662184772323
2026-01-16 20:00:00,33,-1.181367268775075,-1.0201658242161677,-0.4481917497958777,-0.5615987317945033,1.7941499153055673
2026-01-17 00:00:00,33,2.5389917026810043,-0.3148277236796482,0.2869970733805738,-0.007139829419157806,-1.181367268775075
2026-01-19 04:00:00,33,-3.533744685738114,-1.5345193862397697,-0.6322267673191881,-1.1987815735384872,2.5389917026810043
2026-01-19 08:00:00,33,1.767212741360872,1.0032758203299126,0.8682209339237519,0.4597341577807166,-3.533744685738114
2026-01-19 12:00:00,33,-0.630627451960601,0.6329583478429557,-0.44153613062551866,-0.3696834693511475,1.767212741360872
2026-01-19 16:00:00,33,0.6903768547682727,0.4410087546524639,0.15092064271282396,-0.07370692246036992,-0.630627451960601
2026-01-19 20:00:00,33,-0.413354775373703,-0.30155864514515857,-0.17547223005261986,-0.39772605117472715,0.6903768547682727
2026-01-20 04:00:00,33,-1.017476441319971,-0.2103560180232366,0.09723705309589031,-0.2037235245235962,-0.413354775373703
2026-01-20 08:00:00,33,1.043258333214112,0.6600776486156906,0.2465030358361859,0.2738154134156554,-1.017476441319971
2026-01-20 12:00:00,33,-0.11688236569709254,1.2460052743829924,-0.26266195298460876,-0.21582391011799906,1.043258333214112
2026-01-20 16:00:00,33,1.552310899699167,0.6202931556962856,0.023984845667695247,-0.16096673749746415,-0.11688236569709254
2026-01-20 20:00:00,33,-1.1512898924739776,-0.5412374277918263,-0.388438325338087,-0.8895230640028631,1.552310899699167
2026-01-21 00:00:00,33,-0.9729128901096864,-0.05669353778986745,0.2795655750832883,-0.34918057528736846,-1.1512898924739776
2026-01-21 04:00:00,33,-0.3023882319612543,0.10972335121240044,0.2354923029974927,0.10744305685064681,-0.9729128901096864
2026-01-21 08:00:00,33,0.8991199049079057,0.5995194884526173,0.06981951274363613,0.24936492282404732,-0.3023882319612543
2026-01-21 12:00:00,33,1.561190046007999,0.3479801340002,-0.22704832519314808,-0.17262496021712437,0.8991199049079057
2026-01-21 16:00:00,33,0.7605402354284596,-0.89321169065054,-0.39063217895134333,-0.9053485951003237,1.561190046007999
2026-01-21 20:00:00,33,0.2089494921334456,-1.3014827786828314,-0.19280815186601788,-1.2622979666409675,0.7605402354284596
2026-01-22 00:00:00,33,-3.2678870270728773,-2.1820796900877624,-0.05652147484473167,-1.3603656117521457,0.2089494921334456
2026-01-22 04:00:00,33,-0.37143263395795145,-0.013047386377938959,0.8025329989818024,0.17337338881807707,-3.2678870270728773
2026-01-22 08:00:00,33,1.0250521541885487,0.7772210234537882,0.08687895804694307,0.34770031997154227,-0.37143263395795145
2026-01-22 12:00:00,33,-0.7016188169535464,0.47106762498033555,-0.25816358227986036,-0.13339417732071013,1.0250521541885487
2026-01-22 16:00:00,33,1.7653054095157525,0.913044488745214,0.1684611423490173,0.1959012157515163,-0.7016188169535464
2026-01-22 20:00:00,33,-0.5443778014786247,-0.6527048381796693,-0.44106486833131225,-0.6326212307288586,1.7653054095157525
2026-01-23 00:00:00,33,-1.5214897272683157,-0.22991582000722963,0.12961013596244322,-0.3771248019186153,-0.5443778014786247
2026-01-23 04:00:00,33,-0.8431273916637654,1.025584788098078,0.3710343060785887,0.3369660201770923,-1.5214897272683157
2026-01-23 08:00:00,33,1.385333364636498,0.5073427398940684,0.20342498764864614,0.7326765671852167,-0.8431273916637654
2026-01-23 12:00:00,33,0.6217037406135706,1.0169340824531587,-0.3471816261140299,0.08248890998295799,1.385333364636498
2026-01-23 16:00:00,33,0.7966930888749388,0.19835174909904657,-0.15850452230440973,-0.20929941252631945,0.6217037406135706
2026-01-23 20:00:00,33,-1.2390481901936692,-0.7903019299451494,-0.20174077504896887,-0.5832166415398197,0.7966930888749388
2026-01-24 00:00:00,33,1.9941711427336468,0.40106806015740903,0.30124883739805236,-0.0016859713721322223,-1.2390481901936692
2026-01-26 04:00:00,33,-2.0802791746955283,-1.2576911506190986,-0.4976128627337937,-0.9376234839249715,1.9941711427336468
2026-01-26 08:00:00,33,0.5021752930177836,-0.12857501493834905,0.5090996341685569,0.038727679953073135,-2.0802791746955283
2026-01-26 12:00:00,33,-0.47415835225654845,0.22903640143164963,-0.12897151231401163,-0.19696156684259858,0.5021752930177836
2026-01-26 16:00:00,33,0.7622785664038823,0.5376564839304823,0.11226036076575673,0.025578304112911177,-0.47415835225654845
2026-01-26 20:00:00,33,-0.7946239935085302,-0.9470765553347454,-0.19323765753681338,-0.33218692978491315,0.7622785664038823
2026-01-27 00:00:00,33,-1.144591643715513,-0.2533490432400758,0.19144080002553754,0.040759197035312944,-0.7946239935085302
2026-01-27 04:00:00,33,-0.49052295515078725,0.149217496057049,0.2779105761982456,0.5779579524236551,-1.144591643715513
2026-01-27 08:00:00,33,0.11587591462723168,1.1627962634796474,0.11630371605469036,0.8081783305325043,-0.49052295515078725
2026-01-27 12:00:00,33,0.4606792151043564,1.6382160412382407,-0.03352491670629909,0.7537935222395076,0.11587591462723168
2026-01-27 16:00:00,33,1.5562396697301129,0.9642065899123117,-0.11871868875418502,0.5375799037440991,0.4606792151043564
2026-01-27 20:00:00,33,-1.2989875416099625,0.1505456098133932,-0.3894090432458965,-0.19282033834675705,1.5562396697301129
2026-01-28 00:00:00,33,0.2831531984735598,1.2589949088429286,0.31605861280969055,0.41684206347947494,-1.2989875416099625
2026-01-28 04:00:00,33,-1.07161030909122,0.9193811440545334,-0.07485567766210684,0.28394790280706683,0.2831531984735598
2026-01-28 08:00:00,33,0.46336592537263854,0.9104914405867669,0.25987839617813296,0.7868938464244941,-1.07161030909122
2026-01-28 12:00:00,33,0.7254175042816868,1.0613540877404375,-0.1193825193551045,0.5694192564549923,0.46336592537263854
2026-01-28 16:00:00,33,1.4751599772409971,0.48434468775736195,-0.18413005062140447,0.22895426828502963,0.7254175042816868
2026-01-28 20:00:00,33,-0.3886049581677469,-0.5895347588539362,-0.36937592630626126,-0.4633923062541099,1.4751599772409971
2026-01-29 00:00:00,33,0.7201961296113417,-0.32807426255174926,0.09112188458574735,-0.28100577476782984,-0.3886049581677469
2026-01-29 04:00:00,33,-1.9832564337529153,-0.930912202745287,-0.18283995681190077,-0.6190201806801578,0.7201961296113417
2026-01-29 08:00:00,33,0.2960461424360936,0.1713576408316667,0.485127319333147,0.3117946594225831,-1.9832564337529153
2026-01-29 12:00:00,33,0.5711912669471371,0.24592900083435723,-0.07804125775211859,0.1728493682111809,0.2960461424360936
2026-01-29 16:00:00,33,2.737108661064706,0.7584086235201422,-0.1460239336291906,-0.09523160143196119,0.5711912669471371
2026-01-29 20:00:00,33,-1.552215389813508,-2.9862181355804607,-0.6811773747176848,-1.3798568860562401,2.737108661064706
2026-01-30 00:00:00,33,-0.19595549743714535,-2.2182999865150577,0.3786259825134523,-0.6513453858362555,-1.552215389813508
2026-01-30 04:00:00,33,-0.45816982163644404,-1.997224978630494,0.043522182900989616,-0.5593762980723209,-0.19595549743714535
2026-01-30 08:00:00,33,0.3796043710242163,-0.6711923269774402,0.10830992516625704,-0.3443404297860315,-0.45816982163644404
2026-01-30 12:00:00,33,-0.24981567838096375,-0.7773894233420752,-0.09868676975624148,-0.5225026562655284,0.3796043710242163
2026-01-30 16:00:00,33,1.7504992634076721,-0.4470072559296159,0.05682992088214033,-0.4052550140696507,-0.24981567838096375
2026-01-30 20:00:00,33,-0.9353196792278222,-2.005056361366222,-0.4374065755171367,-1.2268283942126725,1.7504992634076721
2026-01-31 00:00:00,33,0.7099858800061298,-1.8566626204117938,0.22620379724947384,-0.787848632015236,-0.9353196792278222
2026-02-02 04:00:00,33,-1.2933684014884737,-3.294282276578289,-0.18031721507417733,-1.1210709940486483,0.7099858800061298
2026-02-02 08:00:00,33,-0.7179113448812533,-1.4221359479905482,0.31467023937488636,-0.5140458603662044,-1.2933684014884737
2026-02-02 12:00:00,33,0.10363871037884387,-0.6089718266818939,0.17248668940276124,-0.1771037875606858,-0.7179113448812533
2026-02-02 16:00:00,33,1.5084009045079458,-0.6315543773081033,-0.030501356352329288,-0.22574522796544017,0.10363871037884387
2026-02-02 20:00:00,33,-2.0821486325307887,-1.852569563961566,-0.3775890726894951,-0.9336929864323196,1.5084009045079458
2026-02-03 00:00:00,33,0.06511077331045101,-0.11878184684336683,0.5095615385773892,0.0435355824380359,-2.0821486325307887
2026-02-03 04:00:00,33,-0.9724199234913264,-0.9911305738513216,-0.02098189907469306,0.012976713188209033,0.06511077331045101
2026-02-03 08:00:00,33,0.05416425841387351,0.18693828858712314,0.23537050113059158,0.4693689780475232,-0.9724199234913264
2026-02-03 12:00:00,33,0.2077446923414623,0.4485608429996458,-0.018277241394423317,0.44394770892833524,0.05416425841387351
2026-02-03 16:00:00,33,2.568013680986194,1.0691953273048012,-0.05622379370682048,0.34644552046040555,0.2077446923414623
2026-02-03 20:00:00,33,-0.5111747613982711,-0.49290990237572124,-0.6393974985757906,-0.8588173004071749,2.568013680986194
2026-02-04 00:00:00,33,-0.9910798958462763,-1.0443808380712878,0.12140635072028276,-0.6189042736811672,-0.5111747613982711
2026-02-04 04:00:00,33,-1.2876781535118056,-0.24182534929084396,0.2399809947918404,-0.15375420076017665,-0.9910798958462763
2026-02-04 08:00:00,33,1.661191006689812,0.6883960693888148,0.31326429665812755,0.45060029125918977,-1.2876781535118056
2026-02-04 12:00:00,33,-0.6417416854346261,0.21003568994229593,-0.4153403503554659,-0.3290574549386118,1.661191006689812
2026-02-04 16:00:00,33,2.588888186096611,0.4584913454641081,0.15366674018858142,-0.02786459144957565,-0.6417416854346261
2026-02-04 20:00:00,33,-0.3725799344418057,-1.140059735513289,-0.6445551575295432,-1.242924581662427,2.588888186096611
2026-02-05 00:00:00,33,-0.575934623048802,-1.3263821813353134,0.08716243229372857,-1.0680591803957418,-0.3725799344418057
2026-02-05 04:00:00,33,-0.13171335320602395,-0.8567944637663318,0.13740717462096344,-0.7977519801067894,-0.575934623048802
2026-02-05 08:00:00,33,-0.17113992110816412,-0.942138649904419,0.027649276278807602,-0.7359340821701803,-0.13171335320602395
2026-02-05 12:00:00,33,0.5455796242828068,-0.12213508155602425,0.03739076667010467,-0.6556118527345998,-0.17113992110816412
2026-02-05 16:00:00,33,1.3048962864229345,0.46759198291713877,-0.13969582585325702,-0.9116723409787459,0.5455796242828068
2026-02-05 20:00:00,33,-1.158505633809634,-0.8916467837289084,-0.3273072858857265,-1.5241079330312592,1.3048962864229345
2026-02-06 00:00:00,33,0.06278500971827405,-0.310760144471124,0.28134843569296275,-0.9803788327796754,-1.158505633809634
2026-02-06 04:00:00,33,-1.240244002519729,-1.1084854098823491,-0.020407250940423415,-1.009846136042711,0.06278500971827405
2026-02-06 08:00:00,33,0.2024626554641369,-0.05944412867063901,0.3015442979188113,-0.42775422737851265,-1.240244002519729
2026-02-06 12:00:00,33,-0.4911724412288603,0.3430324402467344,-0.05491871151922917,-0.5227773625945744,0.2024626554641369
2026-02-06 16:00:00,33,1.864923049772921,0.7289862092653351,0.11646419064645634,-0.2922521568952927,-0.4911724412288603
2026-02-06 20:00:00,33,-2.4404485718657156,-1.2290935921616404,-0.46567832917775376,-1.1675288083838034,1.864923049772921
2026-02-07 00:00:00,33,1.3858061748717247,-0.18314468364348832,0.5980900512518096,-0.022136962659854653,-2.4404485718657156
2026-02-09 04:00:00,34,-1.792552230235712,-0.8484999577232772,-0.4260699819839374,-0.7788027368324917,1.3858061748717247
2026-02-09 08:00:00,34,0.6882512193897359,0.31923736267921626,0.5735782823783759,0.14946421740209725,-1.792552230235712
2026-02-09 12:00:00,34,0.530056683756758,0.8118336843520944,-0.20667697727296305,-0.2069442890809423,0.6882512193897359
2026-02-09 16:00:00,34,0.49556418511012446,0.41192061405359187,-0.15692208093308252,-0.4814323040482229,0.530056683756758
2026-02-09 20:00:00,34,-0.7700119151912137,-0.7035153188801593,-0.1460735981596424,-0.7380584982425376,0.49556418511012446
2026-02-10 00:00:00,34,-1.3762185327045628,-0.4055452250839329,0.2519718047916629,-0.33931049905876964,-0.7700119151912137
2026-02-10 04:00:00,34,-0.08641999688447655,0.6782297801891912,0.4426341895209534,0.3733594941312619,-1.3762185327045628
2026-02-10 08:00:00,34,0.5410215204814133,0.5156999380507589,0.036970414901420154,0.41811178973514895,-0.08641999688447655
2026-02-10 12:00:00,34,0.4393647327756298,0.669705478582905,-0.16037071025795796,0.13794567210597908,0.5410215204814133
2026-02-10 16:00:00,34,1.1119209898347062,0.5391633899611464,-0.1283979059236716,-0.08957783064746483,0.4393647327756298
2026-02-10 20:00:00,34,-0.5973744639622947,-0.7482777088655946,-0.3399283909610862,-0.665382258085347,1.1119209898347062
2026-02-11 00:00:00,34,-2.014138750060729,-0.4892311791479364,0.1976743636322261,-0.35603396415759736,-0.5973744639622947
2026-02-11 04:00:00,34,-0.1876800500724798,0.9777535745149455,0.6432710456593238,0.6869808007058422,-2.014138750060729
2026-02-11 08:00:00,34,1.754547719956454,0.8489986468611707,0.06881843942123554,0.7841702635916556,-0.1876800500724798
2026-02-11 12:00:00,34,0.9163210093207557,0.3776036965392851,-0.5420455261358775,-0.1244161868288467,1.754547719956454
2026-02-11 16:00:00,34,1.3516712318365034,-0.23864180858418696,-0.2784088402660274,-0.5989298428752843,0.9163210093207557
2026-02-11 20:00:00,34,-1.5192603686966404,-1.5045379083777755,-0.4153339565865399,-1.2988881014630396,1.3516712318365034
2026-02-12 00:00:00,34,-1.3872796965473402,-0.6564335280804547,0.4876233017780544,-0.5121443897030176,-1.5192603686966404
2026-02-12 04:00:00,34,-0.4470776799962213,0.16598591325523607,0.446113115377613,0.2062535888128716,-1.3872796965473402
2026-02-12 08:00:00,34,0.4172862522986005,0.3839804658029315,0.15040344573023945,0.4377712145290209,-0.4470776799962213
2026-02-12 12:00:00,34,0.7371878657781608,1.0246523948963049,-0.12145384490992522,0.22168097630245942,0.4172862522986005
2026-02-12 16:00:00,34,2.350381991946202,0.07216013156655693,-0.22206839239697504,-0.1600692027562607,0.7371878657781608
2026-02-12 20:00:00,34,-0.9500313477081388,-0.5230100847706732,-0.7294456301911659,-1.3772063640343077,2.350381991946202
2026-02-13 00:00:00,34,-0.4791735455946444,-0.3297024786066447,0.3085910057533461,-0.8852359261919185,-0.9500313477081388
2026-02-13 04:00:00,34,-1.0266580038743545,-0.38960670838830713,0.1604981462797784,-0.637097567813127,-0.4791735455946444
2026-02-13 08:00:00,34,0.2994930975782175,0.8624813897220398,0.3326914041594396,-0.10544628188563543,-1.0266580038743545
2026-02-13 12:00:00,34,1.2166893344163192,0.8606218240822409,-0.08440587622245055,-0.26053774355348214,0.2994930975782175
2026-02-13 16:00:00,34,0.19310814514819263,0.11219475730050868,-0.37287983333235075,-0.8905960948015421,1.2166893344163192
2026-02-13 20:00:00,34,-0.6029553634668101,-0.4121817820239167,-0.05094598293916086,-0.990596477892769,0.19310814514819263
2026-02-14 00:00:00,34,-1.22392291973682,0.11019878974707822,0.1994296523039833,-0.6783581345162153,-0.6029553634668101
2026-02-16 04:00:00,34,-1.2351528641335907,0.2652696737183823,0.39473460559468676,-0.04455389620255179,-1.22392291973682
2026-02-16 08:00:00,34,0.4964321646437373,0.9189611881864895,0.39826661583213435,0.5950657298613722,-1.2351528641335907
2026-02-16 12:00:00,34,0.7547207281387198,1.4548000723213705,-0.14634659261894686,0.3379900554765145,0.4964321646437373
2026-02-16 16:00:00,34,0.9935249540715478,-0.14332951589348733,-0.22758277850266778,-0.052839455535791835,0.7547207281387198
2026-02-16 20:00:00,34,0.22092403298015384,-0.6585476967502847,-0.3026908058392097,-0.5673329065582946,0.9935249540715478
2026-02-17 04:00:00,34,-1.286233259787938,-1.1953936746534108,-0.059694557029557345,-0.6817376506726367,0.22092403298015384
2026-02-17 08:00:00,34,0.8675832143815789,0.7616509531760779,0.4143322768906085,-0.015666218912137708,-1.286233259787938
2026-02-17 12:00:00,34,0.15632775942952648,1.4107043398914456,-0.26307996733542804,-0.46494117691609116,0.8675832143815789
2026-02-17 16:00:00,34,2.2047928948126554,0.48814571434431503,-0.03937792041759064,-0.5458949648505618,0.15632775942952648
2026-02-17 20:00:00,34,-1.6541326364071782,-1.5469575329553271,-0.6836553605898034,-1.6876393172127147,2.2047928948126554
2026-02-18 00:00:00,34,-1.6269652839347248,-0.5813675021210863,0.5300429446071302,-0.831052469477843,-1.6541326364071782
2026-02-18 04:00:00,34,-0.6449920062902041,0.7340723139064266,0.5214983460172524,0.011465859020126423,-1.6269652839347248
2026-02-18 08:00:00,34,0.5852621727857947,0.5591949917102673,0.21265089789116995,0.3454727320616646,-0.6449920062902041
2026-02-18 12:00:00,34,0.7696586728507526,0.2837162576573888,-0.174285154651411,0.04239674610328148,0.5852621727857947
2026-02-18 16:00:00,34,0.4438714970564863,0.06870867438915554,-0.232281018474764,-0.35616832775984264,0.7696586728507526
2026-02-18 20:00:00,34,-0.04356358280865713,-0.9160964472979783,-0.12981536063362775,-0.5860256427625927,0.4438714970564863
2026-02-19 00:00:00,34,-0.7195571303744401,-0.4660732659683834,0.02349133718669737,-0.5634663925230496,-0.04356358280865713
2026-02-19 04:00:00,34,-1.405174774979697,0.3178626472166128,0.23610290907813597,-0.19084622863380485,-0.7195571303744401
2026-02-19 08:00:00,34,1.8388122984513124,0.4518964741828483,0.45174142465412087,0.5368186541719586,-1.405174774979697
2026-02-19 12:00:00,34,-0.9657140473172738,0.4300154750441056,-0.5685481821938747,-0.41540391591630943,1.8388122984513124
2026-02-19 16:00:00,34,1.6642430566635884,1.403299266486773,0.31352348392182294,0.08468775351687974,-0.9657140473172738
2026-02-19 20:00:00,34,-0.29000705401179516,-0.6665138879785636,-0.5136431597509308,-0.7771347402756881,1.6642430566635884
2026-02-20 00:00:00,34,-1.602639308328337,-0.20743659465517036,0.1010020382630013,-0.6269555933625321,-0.29000705401179516
2026-02-20 04:00:00,34,-1.0162310755958934,0.8121752231677355,0.5138474092145404,0.20296561305216354,-1.602639308328337
2026-02-20 08:00:00,34,0.8648127568153097,0.7431570051437922,0.3294119562723026,0.7292173503406749,-1.0162310755958934
2026-02-20 12:00:00,34,1.8426641758595679,1.3421193159397786,-0.26220861088514225,0.2813770641769606,0.8648127568153097
2026-02-20 16:00:00,34,1.5055793634843155,-0.2435361246713382,-0.5697596637434418,-0.6728401872653755,1.8426641758595679
2026-02-20 20:00:00,34,-1.2211128557346704,-1.6187960840544937,-0.46374070531121087,-1.4524992379342994,1.5055793634843155
2026-02-21 00:00:00,34,-1.0287805116582227,-0.8834685732867718,0.39385079224060376,-0.820150181516305,-1.2211128557346704
2026-02-23 04:00:00,34,-2.0008297965516757,-0.13124257506332213,0.3333589692832563,-0.2873997622957143,-1.0287805116582227
2026-02-23 08:00:00,34,1.9002359556891957,1.090105981727251,0.6390851513767833,0.748723007160554,-2.0008297965516757
2026-02-23 12:00:00,34,-0.35490369879239836,-0.6489298781493809,-0.5878669765280713,-0.2353075907555322,1.9002359556891957
2026-02-23 16:00:00,34,2.087439578484288,0.4310680519029257,0.12141314678166903,-0.05152194146302147,-0.35490369879239836
2026-02-23 20:00:00,34,-1.0939933546273437,-0.9317977277323408,-0.6467457286249814,-1.1324952860520074,2.087439578484288
2026-02-24 00:00:00,34,-1.9720870394948413,-0.5832202916209595,0.35386952755870366,-0.5659746223169995,-1.0939933546273437
2026-02-24 04:00:00,34,-0.08020471904767845,0.8441048000968809,0.6300450610085352,0.45526381010327466,-1.9720870394948413
2026-02-24 08:00:00,34,1.4567085259926529,0.2519664331621883,0.03501560335716489,0.4967975456395832,-0.08020471904767845
2026-02-24 12:00:00,34,-0.13997955951238872,0.26850789228863786,-0.44836998821462154,-0.25755391136256467,1.4567085259926529
2026-02-24 16:00:00,34,2.0969292224713865,0.34425066404582744,0.05381581651973991,-0.1850659820448355,-0.13997955951238872
2026-02-24 20:00:00,34,-2.4550705539685964,-1.4366907655995727,-0.649730384517116,-1.2709535058538695,2.0969292224713865
2026-02-25 00:00:00,34,-1.0164268762167445,0.08223461748901595,0.7819516651169474,0.0003962641128234523,-2.4550705539685964
2026-02-25 04:00:00,34,0.43631071021620116,-0.20903611215692416,0.329473538927827,0.5267493960736305,-1.0164268762167445
2026-02-25 08:00:00,34,-0.4626971278637022,0.2352172424695671,-0.1274373634165867,0.3008074083084713,0.43631071021620116
2026-02-25 12:00:00,34,0.5948343311911692,0.8776905967799493,0.15531603014046022,0.5404135109204189,-0.4626971278637022
2026-02-25 16:00:00,34,0.8705205666164364,0.5649273134759246,-0.17729576274417905,0.23238061593671677,0.5948343311911692
2026-02-25 20:00:00,34,-0.6577793695154153,-0.9720519758286722,-0.26400381502317705,-0.2184154397326621,0.8705205666164364
2026-02-26 00:00:00,34,1.3526785892087592,-1.2609855377887274,0.21667274307807885,0.12221332499690529,-0.6577793695154153
2026-02-26 04:00:00,34,-2.344677874341725,-1.9300355757398544,-0.41565078776805475,-0.578266590111645,1.3526785892087592
2026-02-26 08:00:00,34,0.8232480008905849,0.3494986745779709,0.7472312728509353,0.635916713651965,-2.344677874341725
2026-02-26 12:00:00,34,-0.4134920741354673,-0.059614698213013524,-0.249135781825957,0.2096005921596893,0.8232480008905849
2026-02-26 16:00:00,34,3.236513546720662,0.44749832917729404,0.13984019630175828,0.4237260283861142,-0.4134920741354673
2026-02-26 20:00:00,34,-1.1459873164580703,-0.7092444826106233,-1.0081492116700534,-1.2522912846259144,3.236513546720662
2026-02-27 00:00:00,34,-0.6440166526921658,-0.63258062527099,0.37022252085797547,-0.6588457281189655,-1.1459873164580703
2026-02-27 04:00:00,34,-1.041208989503735,0.11328243500206694,0.21234413244588482,-0.32534393855476385,-0.6440166526921658
2026-02-27 08:00:00,34,1.0270544324933475,0.22425235693828824,0.3372679388591755,0.21384252480492005,-1.041208989503735
2026-02-27 12:00:00,34,0.4705356869879296,0.1317287545548459,-0.31323640222489885,-0.31801405030774443,1.0270544324933475
2026-02-27 16:00:00,34,0.3365921601811195,-0.02692880700135491,-0.13820170596924553,-0.5616793235709565,0.4705356869879296
2026-02-27 20:00:00,34,-0.11832528368100803,0.21411526001602701,-0.09607416809314226,-0.7359824061146014,0.3365921601811195
2026-02-28 00:00:00,34,1.414450069818944,-0.014989170264475514,0.04700517514711259,-0.6747080684195312,-0.11832528368100803
2026-03-02 04:00:00,34,-2.1741716865871243,-0.10893777796823736,-0.4350789785220721,-1.407176130482684,1.414450069818944
2026-03-02 08:00:00,34,1.476455073735334,0.9009812856687136,0.693604150630224,-0.281288864578066,-2.1741716865871243
2026-03-02 12:00:00,34,-1.3036340332296543,0.39608126560394946,-0.4545806163635422,-1.0458660028298672,1.476455073735334
2026-03-02 16:00:00,34,2.1538302939629954,1.4861107379509189,0.41980511876445803,-0.37078364090420113,-1.3036340332296543
2026-03-02 20:00:00,34,-0.70579238887,-1.4985917577820926,-0.6676267480189596,-1.4861371872007672,2.1538302939629954
2026-03-03 00:00:00,34,-1.9892042686199556,0.134709609925343,0.23177366164896052,-1.1206450469510196,-0.70579238887
2026-03-03 04:00:00,34,0.24581299591158334,0.9973519051388138,0.6354287233287178,-0.09054251680634273,-1.9892042686199556
2026-03-03 08:00:00,34,0.7318732677708919,1.3187955378518785,-0.06752256300780082,-0.21783592403728314,0.24581299591158334
2026-03-03 12:00:00,34,0.24004334703486485,1.4049406824767408,-0.22039686011628182,-0.5968339569537733,0.7318732677708919
2026-03-03 16:00:00,34,1.3988485558399564,1.002894551879308,-0.06570790941923027,-0.7211395715282674,0.24004334703486485
2026-03-03 20:00:00,34,-1.1525988056029064,-0.6833720191847098,-0.43017203462755804,-1.445528443697567,1.3988485558399564
2026-03-04 00:00:00,34,0.12128593252058728,0.5537006415203969,0.37230194765825864,-0.8486591504715912,-1.1525988056029064
2026-03-04 04:00:00,34,-0.7705413927120333,0.150342311566913,-0.028356664478261927,-0.9114666498980286,0.12128593252058728
2026-03-04 08:00:00,34,0.6923593044527667,0.8823237898980064,0.2521383345586821,-0.512444462616811,-0.7705413927120333
2026-03-04 12:00:00,34,0.6317650126910994,-0.3137448843835699,-0.20796904052690962,-0.8709803266991853,0.6923593044527667
2026-03-04 16:00:00,34,0.29203869273436744,-0.17383974238033853,-0.18891109586828425,-1.1981376469886085,0.6317650126910994
2026-03-04 20:00:00,34,-2.045125068657578,-1.3088088215147973,-0.08206133796898166,-1.3493688709666873,0.29203869273436744
2026-03-05 00:00:00,34,0.27220513203881147,0.02863343897611357,0.6530167746351819,-0.2903079485064577,-2.045125068657578
2026-03-05 04:00:00,34,-0.4291312455435925,0.07831613943255702,-0.0758233427530938,-0.4312684318790767,0.27220513203881147
2026-03-05 08:00:00,34,1.9567458507434097,0.7986303740505604,0.14475898410400068,-0.20904430498974946,-0.4291312455435925
2026-03-05 12:00:00,34,-1.7134786503344586,-0.2681235126455675,-0.6056403083271111,-1.2223383560322176,1.9567458507434097
2026-03-05 16:00:00,34,2.3423398710553123,0.8797406366421461,0.5487082844643015,-0.335019380850774,-1.7134786503344586
2026-03-05 20:00:00,34,-0.813037963092059,-0.7300632741077939,-0.7269162451547109,-1.547991957722826,2.3423398710553123
2026-03-06 00:00:00,34,-1.855177660442635,-0.022002709617844583,0.26550423525555705,-1.1269630688868686,-0.813037963092059
2026-03-06 04:00:00,34,-0.325569653562388,0.09822568495568432,0.5932750549357735,-0.16626575286127743,-1.855177660442635
2026-03-06 08:00:00,34,1.384044679848472,0.6470893880103789,0.11218708613546124,0.0023293628658827004,-0.325569653562388
2026-03-06 12:00:00,34,0.9324689799546082,0.6798306947615961,-0.4255159615689182,-0.7143933734744632,1.384044679848472
2026-03-06 16:00:00,34,0.3191729664345804,0.7780321669264103,-0.28348765415660837,-1.1972692000978684,0.9324689799546082
2026-03-06 20:00:00,34,-0.4301890437303051,0.030664732852865896,-0.09059553271730267,-1.362551813585391,0.3191729664345804
2026-03-07 00:00:00,34,2.1225697022176515,0.45964136428209934,0.14509167978731116,-1.139779909574477,-0.4301890437303051
2026-03-09 04:00:00,35,-3.1661977070686884,-0.7074377314751609,-0.5364250021906636,-1.9499684216640514,2.1225697022176515
2026-03-09 08:00:00,35,-0.005214827741093941,1.3702347353348316,0.8461634063883777,-0.34647624986047987,-3.1661977070686884
2026-03-09 12:00:00,35,1.0947618202418496,2.082246490795821,0.019819959898099412,-0.34383524754989114,-0.005214827741093941
2026-03-09 16:00:00,35,0.31349337492705587,0.790929704069665,-0.2677356925850306,-0.8982674628307397,1.0947618202418496
2026-03-09 20:00:00,35,0.8833351206985967,0.17405196680636037,-0.0634966680848853,-1.0570333451651086,0.31349337492705587
2026-03-10 00:00:00,35,-2.0304027320847116,-1.699859436573481,-0.21246457146532338,-1.5043904220643602,0.8833351206985967
2026-03-10 04:00:00,35,-0.5249579737988483,0.2145479926882644,0.5492441347679478,-0.4761113353737736,-2.0304027320847116
2026-03-10 08:00:00,35,0.206413630553147,0.2170710866405673,0.15569109840120496,-0.21025112088589282,-0.5249579737988483
2026-03-10 12:00:00,35,0.035240964057408064,0.45494797928881703,-0.03550390494975046,-0.31478743585024027,0.206413630553147
2026-03-10 16:00:00,35,1.0869941780020564,0.8141329436275127,0.009244015737219108,-0.33263490313464494,0.035240964057408064
2026-03-10 20:00:00,35,0.3731765469380939,-0.7962873853840229,-0.26570507726550074,-0.8831332663073086,1.0869941780020564
2026-03-11 00:00:00,35,-2.132103843192155,-0.30194492648988114,-0.07909902973626014,-1.0721251509201988,0.3731765469380939
2026-03-11 04:00:00,35,-0.9777918261921652,0.5337206833608691,0.5758308167819587,0.007659543004084668,-2.132103843192155
2026-03-11 08:00:00,35,1.4055993100718442,1.330055491571819,0.27407082412555395,0.5028533634822825,-0.9777918261921652
2026-03-11 12:00:00,35,0.9506728738208654,1.1124027904381988,-0.3489947605554157,-0.20899968516367995,1.4055993100718442
2026-03-11 16:00:00,35,0.42384565982160716,0.5216754526565611,-0.23006799202095882,-0.6904593576643814,0.9506728738208654
2026-03-11 20:00:00,35,-0.6634836778433435,-0.07620838048970502,-0.09234493804047529,-0.9051121558960125,0.42384565982160716
2026-03-12 00:00:00,35,-0.05505737544572753,0.08127400638044613,0.19190445737136505,-0.5690968523772026,-0.6634836778433435
2026-03-12 04:00:00,35,-0.46884380076596877,0.7818649922782935,0.03284978771572567,-0.5412135429015574,-0.05505737544572753
2026-03-12 08:00:00,35,-0.41593538852472456,1.1615745105167332,0.14102174367480247,-0.3037718434623651,-0.46884380076596877
2026-03-12 12:00:00,35,0.7330888251851295,1.1887353653622874,0.12719043822684054,-0.09312513053395932,-0.41593538852472456
2026-03-12 16:00:00,35,1.2297163093560233,0.7314377361633827,-0.17318721806080078,-0.46439133093473295,0.7330888251851295
2026-03-12 20:00:00,35,-1.7658532321429021,-0.2399756225968041,-0.30301546533649304,-1.0871700257677608,1.2297163093560233
2026-03-13 00:00:00,35,-0.14791031322143056,1.1325526730108515,0.4800856628955228,-0.1928696389114224,-1.7658532321429021
2026-03-13 04:00:00,35,-1.4030481919210427,0.7977101397213614,0.05712338221068969,-0.1179617995020017,-0.14791031322143056
2026-03-13 08:00:00,35,2.3483002024308153,1.9666759045397644,0.3852412493741343,0.5925992584464055,-1.4030481919210427
2026-03-13 12:00:00,35,-1.0802477633881704,1.0776030420238767,-0.5954354197237693,-0.5966761248424959,2.3483002024308153
2026-03-13 16:00:00,35,2.241631172749093,1.3920779076274066,0.30085483260900003,-0.049594422289904294,-1.0802477633881704
2026-03-13 20:00:00,35,-1.107930548932563,-0.31841382874952306,-0.567550025532796,-1.1848482409473045,2.241631172749093
2026-03-14 00:00:00,35,-0.06547303479895916,0.6874835059115769,0.30809166029472,-0.6237468422099015,-1.107930548932563
2026-03-16 04:00:00,35,-1.462967421106999,0.7006393090738264,0.03557264708447018,-0.5905886163259115,-0.06547303479895916
2026-03-16 08:00:00,35,0.3656644119614807,0.8397291312589867,0.40090532104006393,0.15031799292072368,-1.462967421106999
2026-03-16 12:00:00,35,0.8884418480619463,1.296443100614736,-0.07713520906906463,-0.03486943892484895,0.3656644119614807
2026-03-16 16:00:00,35,0.9333401859179986,0.2932566486100909,-0.21379957100528107,-0.48481277167678716,0.8884418480619463
2026-03-16 20:00:00,35,-1.4127671827037709,-0.7197625664552049,-0.22553688457578275,-0.9574944612655205,0.9333401859179986
2026-03-17 00:00:00,35,-0.7991515066119277,0.5232808597093371,0.3877819857989755,-0.24201130840082197,-1.4127671827037709
2026-03-17 04:00:00,35,-0.7190148489699908,0.07831189212358142,0.22737071121780553,0.16271173908177694,-0.7991515066119277
2026-03-17 08:00:00,35,1.6317868274441079,1.17262218540302,0.20642140386814467,0.5268503016105548,-0.7190148489699908
2026-03-17 12:00:00,35,0.19983064006672713,0.7418672928517416,-0.4081246514133615,-0.29955336800780774,1.6317868274441079
2026-03-17 16:00:00,35,0.2628034584867649,0.2401771585039978,-0.033782981030061894,-0.40075578702230175,0.19983064006672713
2026-03-17 20:00:00,35,-1.4614076927541415,-0.5076005971398905,-0.05024532131944995,-0.5338502199648909,0.2628034584867649
2026-03-18 00:00:00,35,-0.26406406068218047,0.4592876161110725,0.4004975771983881,0.20626647897438666,-1.4614076927541415
2026-03-18 04:00:00,35,-1.4463660829746434,0.417466809835729,0.08748826922959535,0.33999933248925807,-0.26406406068218047
2026-03-18 08:00:00,35,1.4777287581566725,1.23337831594255,0.39656540289044107,1.072498344295827,-1.4463660829746434
2026-03-18 12:00:00,35,2.1428168177167954,0.9256483180390278,-0.36785082495034127,0.32411598950378107,1.4777287581566725
2026-03-18 16:00:00,35,-0.2193343142200419,0.21637495804670098,-0.5417179986546649,-0.7610941934064357,2.1428168177167954
2026-03-18 20:00:00,35,-0.15244844729282825,0.3052555382053623,0.0757950287840721,-0.6500143151428164,-0.2193343142200419
2026-03-19 00:00:00,35,-1.045665470063673,0.8275827667103429,0.05830974021778887,-0.5728081788071373,-0.15244844729282825
2026-03-19 04:00:00,35,-0.19435457763797714,1.2916019223127737,0.29181433712255134,-0.04324036570783196,-1.045665470063673
2026-03-19 08:00:00,35,0.8698743723231388,1.1627656062319742,0.0692648315613546,0.05518875105291965,-0.19435457763797714
2026-03-19 12:00:00,35,0.800048475163841,0.8776665948912756,-0.2089456655966271,-0.3853512516634803,0.8698743723231388
2026-03-19 16:00:00,35,0.44127153606483027,0.9516777199601608,-0.19069179497611813,-0.7905285607508219,0.800048475163841
2026-03-19 20:00:00,35,0.3006684536483135,0.023368499287723332,-0.0969004067610149,-1.0140065362859563,0.44127153606483027
2026-03-20 00:00:00,35,-2.5432944213888007,-0.9226964522712005,-0.060143979995446226,-1.1662773533157962,0.3006684536483135
2026-03-20 04:00:00,35,-0.27596678629959825,0.15079833984053237,0.6833241669590484,0.12175108729104434,-2.5432944213888007
2026-03-20 08:00:00,35,0.9809093603344259,0.4771112926480276,0.0905998771328363,0.2615119684644682,-0.27596678629959825
2026-03-20 12:00:00,35,0.9573520439374885,0.6518602373584322,-0.23797240765027958,-0.23526069896358592,0.9809093603344259
2026-03-20 16:00:00,35,0.36704542156687125,0.49314687040248173,-0.23181405919834233,-0.720102976717345,0.9573520439374885
2026-03-20 20:00:00,35,-0.27840437518705485,0.7870243861385904,-0.07749623229523198,-0.9059898083781865,0.36704542156687125
2026-03-21 00:00:00,35,1.3057169396521822,0.5229070847946735,0.09123711108166926,-0.7649944323750848,-0.27840437518705485
2026-03-23 04:00:00,35,-2.440960216498654,-0.49343873745649003,-0.32288353333049646,-1.4262629585474365,1.3057169396521822
2026-03-23 08:00:00,35,1.1810397776066157,1.2724182093263847,0.656571981708126,-0.19006074979047405,-2.440960216498654
2026-03-23 12:00:00,35,3.8499062468751966,0.7913447431834533,-0.2902904571524705,-0.7881876556854746,1.1810397776066157
2026-03-23 16:00:00,35,-2.718113817655725,-15.36302243996991,-0.9879849403655125,-2.7379378292958814,3.8499062468751966
2026-03-23 20:00:00,35,-1.0035385538584904,-7.103550598585905,0.7290254149377435,-1.3613736877226703,-2.718113817655725
2026-03-24 00:00:00,35,-0.4604433750949113,-3.487247739967692,0.2808015279881967,-0.8531406700489397,-1.0035385538584904
2026-03-24 04:00:00,35,-0.4697130726712704,-1.1230285303043903,0.13882570625036578,-0.6199532901594349,-0.4604433750949113
2026-03-24 08:00:00,35,1.1450894352508811,0.16690363389239626,0.14124898854438458,-0.38207135583149565,-0.4697130726712704
2026-03-24 12:00:00,35,-0.5106017527897322,0.00308842391933406,-0.2808923265902883,-0.961991536223417,1.1450894352508811
2026-03-24 16:00:00,35,0.31812751905663994,0.6108323131210136,0.15193809827430368,-0.7034018999288714,-0.5106017527897322
2026-03-24 20:00:00,35,0.6408723419538731,0.6154969129854169,-0.06470812502020024,-0.864514702614489,0.31812751905663994
2026-03-25 00:00:00,35,-0.45577463565892273,-0.7934378433025995,-0.1490800053723413,-1.1890786997250347,0.6408723419538731
2026-03-25 04:00:00,35,-1.9310946247076046,-0.7099183335853508,0.1376052054176879,-0.9582557606665887,-0.45577463565892273
2026-03-25 08:00:00,35,1.2525414385501552,0.6165768967840024,0.5232830312608381,0.019729633870690932,-1.9310946247076046
2026-03-25 12:00:00,35,-0.0673129881096095,0.19962984424172603,-0.3089824055715117,-0.6146086410547245,1.2525414385501552
2026-03-25 16:00:00,35,0.7941644639893113,0.21046539779201456,0.036053647272749414,-0.5805185874697907,-0.0673129881096095
2026-03-25 20:00:00,35,-1.6605698553153037,-0.37957256105737913,-0.1891535980738361,-0.9827159923533939,0.7941644639893113
2026-03-26 00:00:00,35,-0.0352069762312226,0.9681094894396723,0.45256250576777546,-0.1417354187819928,-1.6605698553153037
2026-03-26 04:00:00,35,0.3400241129695676,0.5253482471009957,0.027660500735275075,-0.12390516432453946,-0.0352069762312226
2026-03-26 08:00:00,35,-0.4089239890138998,0.4024654092197417,-0.07043232776699135,-0.2961072988134603,0.3400241129695676
2026-03-26 12:00:00,35,0.5244376995847908,1.5085719278645229,0.1253575197145683,-0.08901144570783082,-0.4089239890138998
2026-03-26 16:00:00,35,0.5453221590853197,1.2115031807628012,-0.1186416868685102,-0.3546081720289527,0.5244376995847908
2026-03-26 20:00:00,35,0.5778420331347718,1.0311614296553921,-0.1241012976606524,-0.6307816438409457,0.5453221590853197
2026-03-27 00:00:00,35,-0.8886201646226457,0.5435062176746696,-0.13260263595552174,-0.9234245115311301,0.5778420331347718
2026-03-27 04:00:00,35,-1.0567895925136614,0.9404118754373402,0.25075958804372606,-0.47339087197095164,-0.8886201646226457
2026-03-27 08:00:00,35,-0.04863840914652684,0.7620612741972616,0.2947224027576486,0.06181065225982163,-1.0567895925136614
2026-03-27 12:00:00,35,0.779506295247069,1.6362183455761272,0.031171742962849698,0.08644313435066397,-0.04863840914652684
2026-03-27 16:00:00,35,1.0448017567638583,1.297600249014728,-0.18532166283719947,-0.3083307736430614,0.779506295247069
2026-03-27 20:00:00,35,-1.2538386357489806,0.9937958745204439,-0.2546751438198761,-0.8374611669590593,1.0448017567638583
2026-03-28 00:00:00,35,1.1851421195984475,2.1273011689244123,0.34623492013936963,-0.202465938253102,-1.2538386357489806
2026-03-30 04:00:00,35,-1.5127133692583659,1.1929395026338838,-0.2913628904903356,-0.802670438119975,1.1851421195984475
2026-03-30 08:00:00,35,-0.5636135776236042,1.6522686849069683,0.41390989582380067,-0.03657044367772233,-1.5127133692583659
2026-03-30 12:00:00,35,0.8304939143130579,2.0892333424682192,0.16579643781940084,0.24886655149917036,-0.5636135776236042
2026-03-30 16:00:00,35,2.099590810096487,1.6128474570799374,-0.19865083495732347,-0.17172957468664318,0.8304939143130579
2026-03-30 20:00:00,35,-0.8952372931694139,0.37749040918157756,-0.5304178652852051,-1.235048337271862,2.099590810096487
2026-03-31 00:00:00,35,0.19155966560059312,0.7149420002453499,0.25248943632761456,-0.7816635128501472,-0.8952372931694139
2026-03-31 04:00:00,35,-0.1433074906803551,0.46587983744018924,-0.03162078471103844,-0.8786771717060367,0.19155966560059312
2026-03-31 08:00:00,35,-0.5664281190940077,0.17922357662814992,0.05592011335812806,-0.806100390112853,-0.1433074906803551
2026-03-31 12:00:00,35,0.5924862308087118,0.6179920792004269,0.16653221462925114,-0.5192379958824098,-0.5664281190940077
2026-03-31 16:00:00,35,1.5678963288264018,-0.07914710972555389,-0.13643091887856706,-0.8192972849413804,0.5924862308087118
2026-03-31 20:00:00,35,-2.783233563128121,-2.5939069779590396,-0.39142241136928757,-1.6133441898013725,1.5678963288264018
2026-04-01 00:00:00,35,-0.06408038906579172,-0.5576191265701084,0.7460490044232001,-0.2038007425260231,-2.783233563128121
2026-04-01 04:00:00,35,-0.9289560127547816,-0.35857076715260244,0.0352085819443482,-0.17134780946889805,-0.06408038906579172
2026-04-01 08:00:00,35,1.7169803008600901,0.32544873954836295,0.2613041765578239,0.299113555302041,-0.9289560127547816
2026-04-01 12:00:00,35,0.39757273559274253,-0.36285274203352047,-0.43039591042632264,-0.5704355778501702,1.7169803008600901
2026-04-01 16:00:00,35,-1.430667878145142,-0.5778962593444797,-0.0854766759886175,-0.7717826913997232,0.39757273559274253
2026-04-01 20:00:00,35,1.0418131611401744,-0.3169473254330477,0.3924615816494731,-0.04723389334616179,-1.430667878145142
2026-04-02 00:00:00,35,0.1265272859466524,-0.6505778471289113,-0.2538938658116997,-0.5748507394580278,1.0418131611401744
2026-04-02 04:00:00,35,0.41523072213794343,-0.7782023566726629,-0.014620034378555462,-0.6389293382397954,0.1265272859466524
2026-04-02 08:00:00,35,-1.3817928421044954,0.021746463916777925,-0.09009282293305909,-0.8492191792544812,0.41523072213794343
2026-04-02 12:00:00,35,0.39275751203346765,1.1482538491975673,0.37968468051745696,-0.14942270084060194,-1.3817928421044954
2026-04-02 16:00:00,35,2.317848842740675,0.8945242421165905,-0.08421788130876816,-0.348331188000671,0.39275751203346765
2026-04-02 20:00:00,35,-2.234756334784132,-2.5776160479734336,-0.5874748319960629,-1.5221847557867365,2.317848842740675
2026-04-03 00:00:00,35,1.4332771888943245,-1.1285176401383947,0.6026662084722082,-0.3904126365932159,-2.234756334784132
2026-04-06 04:00:00,36,-1.3578047827138295,-1.1075401414721049,-0.34710340848141885,-0.8789478846266388,1.4332771888943245
2026-04-06 08:00:00,36,-0.25837459867499923,-0.31427827569028777,0.3386847498970213,-0.11712351270813048,-1.3578047827138295
2026-04-06 12:00:00,36,-1.2348648525019321,-0.23207808152556464,0.0685471441773168,0.02784288368492316,-0.25837459867499923
2026-04-06 16:00:00,36,2.0039975131308925,0.6400268453566136,0.308477558138116,0.7206892726785297,-1.2348648525019321
2026-04-06 20:00:00,36,-0.17652453183655759,-0.5218179704110444,-0.4873333422808303,-0.4036948554402464,2.0039975131308925
2026-04-07 00:00:00,36,-0.8282162526895025,-0.5193892512151618,0.04843601624511016,-0.30465212683399656,-0.17652453183655759
2026-04-07 04:00:00,36,-0.08271219634651672,-0.23166182967753401,0.20856118262161458,0.16003567994835688,-0.8282162526895025
2026-04-07 08:00:00,36,0.16739862757852642,-0.0049200587264235564,0.025385676110589853,0.20644306327318507,-0.08271219634651672
2026-04-07 12:00:00,36,0.9712105134555404,0.22089125452966055,-0.03606828442330382,0.11252061143136682,0.16739862757852642
2026-04-07 16:00:00,36,0.4564059473959965,-0.6620393265799941,-0.23357042821762758,-0.43239707396307203,0.9712105134555404
2026-04-07 20:00:00,36,-0.10944390857319775,-0.917987344805994,-0.10707938321282268,-0.6884730420561285,0.4564059473959965
2026-04-08 00:00:00,36,1.1768953936555668,-0.980790128166143,0.03195384282325555,-0.6270672803659707,-0.10944390857319775
2026-04-08 04:00:00,36,-3.5185819401800202,-2.131907997418547,-0.28410862689238486,-1.2873887091161604,1.1768953936555668
2026-04-08 08:00:00,36,0.992933137217177,0.07500526457475938,0.8696026529033389,0.6867842432458717,-3.5185819401800202
2026-04-08 12:00:00,36,-0.08847640008488433,-0.027154086444331225,-0.23890782722495849,0.12967863185919004,0.992933137217177
2026-04-08 16:00:00,36,0.5031832887043244,-0.3008997011839463,0.026801980864969967,0.17932014055203727,-0.08847640008488433
2026-04-08 20:00:00,36,0.5851638680730868,-0.6561917100722944,-0.11857289973293927,-0.10300121945296326,0.5031832887043244
2026-04-09 00:00:00,36,-2.7142609214356064,-0.8304842064989394,-0.1387160954971639,-0.4313194739911328,0.5851638680730868
2026-04-09 04:00:00,36,-0.8897540303143074,0.6375823531211406,0.6719754116396266,1.0915725853244647,-2.7142609214356064
2026-04-09 08:00:00,36,2.0693088888409097,1.357149095532616,0.22368144050630195,1.5907874311813002,-0.8897540303143074
2026-04-09 12:00:00,36,-0.5230857587512396,0.1638469048978225,-0.503380799333311,0.4297590089689569,2.0693088888409097
2026-04-09 16:00:00,36,1.3971372657398646,0.5069388488232667,0.13358850835706854,0.7232470601921248,-0.5230857587512396
2026-04-09 20:00:00,36,-0.4300022257861347,-0.6571056045926974,-0.3382235792266173,-0.06064561238254651,1.3971372657398646
2026-04-10 00:00:00,36,-1.2109240352467179,-0.3771268271570166,0.11071724004719598,0.1806160032440678,-0.4300022257861347
2026-04-10 04:00:00,36,-0.3950157860042811,0.22277966764569063,0.3025951336365997,0.8600299030456595,-1.2109240352467179
2026-04-10 08:00:00,36,0.36307692151477156,0.46951214631283456,0.1021208296406642,1.0816616551957265,-0.3950157860042811
2026-04-10 12:00:00,36,0.4059470105411265,0.6007529059442352,-0.08414779559432593,0.8779498615619934,0.36307692151477156
2026-04-10 16:00:00,36,1.0075898435186055,0.3029571475839653,-0.09468127318544242,0.650184920478508,0.4059470105411265
2026-04-10 20:00:00,36,-0.7764667216135734,-0.3255102500266281,-0.24250908140688382,0.0848558617931916,1.0075898435186055
2026-04-11 00:00:00,36,3.382106138575386,0.11681050049851695,0.19584596466151247,0.5205085270655863,-0.7764667216135734
2026-04-13 04:00:00,36,-4.262155925955785,-2.069677883513808,-0.8259441698748635,-1.3770918626105786,3.382106138575386
2026-04-13 08:00:00,36,-0.0846589333834995,0.6004021218542152,1.0523039277173734,1.0142786073182721,-4.262155925955785
2026-04-13 12:00:00,36,1.312657187645538,0.8377066242507063,0.02586400287455455,1.061778247600338,-0.0846589333834995
2026-04-13 16:00:00,36,1.3560775672345589,0.2305379577517698,-0.31746623932570633,0.325284864859662,1.312657187645538
2026-04-13 20:00:00,36,-1.214060731759142,-1.1036931552168407,-0.32813492711680353,-0.43557041719820067,1.3560775672345589
2026-04-14 00:00:00,36,-2.1758696980501036,-0.412573543965916,0.3033658416797634,0.24560339086185312,-1.214060731759142
2026-04-14 04:00:00,36,-0.6407731583186944,0.6139039431509354,0.5396889616791755,1.4664199524153085,-2.1758696980501036
2026-04-14 08:00:00,36,1.1731919809391513,1.4173595739266627,0.1625051169822212,1.825938945935646,-0.6407731583186944
2026-04-14 12:00:00,36,0.742278878155398,0.7381196921358755,-0.28319867275547983,1.1676953932561238,1.1731919809391513
2026-04-14 16:00:00,36,1.7837257565890976,0.4647895078002158,-0.17732034091668364,0.751224522525443,0.742278878155398
2026-04-14 20:00:00,36,-1.1615301509743823,-1.1908843603653307,-0.4332110471285512,-0.24957159447774302,1.7837257565890976
2026-04-15 00:00:00,36,-1.7421302255372773,-0.49716532024298665,0.29045871440031135,0.40212884802759685,-1.1615301509743823
2026-04-15 04:00:00,36,-0.5430795580957266,0.5897045711239395,0.43311617123575413,1.3795869346146317,-1.7421302255372773
2026-04-15 08:00:00,36,1.1725633373636715,1.2028647774962156,0.13850112323936936,1.6842929192416252,-0.5430795580957266
2026-04-15 12:00:00,36,0.7294826133207142,0.5419364752315243,-0.28304421067794494,1.026402080003053,1.1725633373636715
2026-04-15 16:00:00,36,1.0119040476738235,0.14355877595231875,-0.17417621007983677,0.6171108175229056,0.7294826133207142
2026-04-15 20:00:00,36,-0.8824633967172382,-0.7071553005547588,-0.24356911122778185,0.04936118563537395,1.0119040476738235
2026-04-16 00:00:00,36,-1.8491746948701042,-0.2950223903352152,0.2218900813707387,0.5444854711762597,-0.8824633967172382
2026-04-16 04:00:00,36,0.052727958023467636,0.808308037725398,0.4594177382391983,1.5820030645900713,-1.8491746948701042
2026-04-16 08:00:00,36,1.1332469502833806,0.869997036769939,-0.00789290724193208,1.5524189564655684,0.052727958023467636
2026-04-16 12:00:00,36,-0.45603847179006074,0.39854081880036185,-0.2733839022512629,0.9165873869208925,1.1332469502833806
2026-04-16 16:00:00,36,2.3442358322409262,0.6549395677959652,0.11711452589539077,1.172457175247719,-0.45603847179006074
2026-04-16 20:00:00,36,-0.695527600072392,-0.79817934933105,-0.5709322521823572,-0.14282467768282814,2.3442358322409262
2026-04-17 00:00:00,36,-1.900013298210009,-0.6509254264549856,0.17595866229378096,0.24741542444591236,-0.695527600072392
2026-04-17 04:00:00,36,-0.4726512757558865,0.7565198785948709,0.4719091349497425,1.3134570645796275,-1.900013298210009
2026-04-17 08:00:00,36,0.265034267425861,0.9729835334566871,0.12119640681222439,1.5786478091353553,-0.4726512757558865
2026-04-17 12:00:00,36,2.7661830387643587,0.9746414163611904,-0.060058036900700607,1.4299448682641112,0.265034267425861
2026-04-17 16:00:00,36,0.5780152119109196,-0.9109950707309461,-0.6746076012542106,-0.12207916563740362,2.7661830387643587
2026-04-17 20:00:00,36,-0.9086832114689543,-1.4286851376400367,-0.1369596212000265,-0.4463865192271186,0.5780152119109196
2026-04-18 00:00:00,36,1.9317538470307962,-0.6448380696803231,0.22833247133080242,0.06344893404520136,-0.9086832114689543
2026-04-20 04:00:00,36,-4.320702826755337,-2.1716505623314135,-0.4695825734989496,-1.0204013955095474,1.9317538470307962
2026-04-20 08:00:00,36,1.643227396283427,0.7391467790800731,1.066689306465299,1.403818020377682,-4.320702826755337
2026-04-20 12:00:00,36,-0.6277875055268272,-0.10090203439618127,-0.3986896275682003,0.4818514055666432,1.643227396283427
2026-04-20 16:00:00,36,1.5787026268582327,0.4047261021528719,0.15931445221348084,0.834084530817802,-0.6277875055268272
2026-04-20 20:00:00,36,-0.712811799863724,-0.7985557974623807,-0.38283544512424955,-0.05167913157596349,1.5787026268582327
2026-04-21 00:00:00,36,-0.38619753574815263,-0.2810506618684067,0.18020550981188269,0.3482586272540802,-0.712811799863724
2026-04-21 04:00:00,36,-1.3516429234612097,-0.095795360595501,0.09995412451885577,0.564942718261455,-0.38619753574815263
2026-04-21 08:00:00,36,0.8766354227704074,0.7748257978470635,0.33717073843049084,1.3233098519858268,-1.3516429234612097
2026-04-21 12:00:00,36,0.614640769812425,0.6685570354135645,-0.21033267385240503,0.8314554714033902,0.8766354227704074
2026-04-21 16:00:00,36,1.330348204611779,-0.11105492897020076,-0.14595877427340767,0.48659859331670763,0.614640769812425
2026-04-21 20:00:00,36,1.3729892812090458,-0.5435045692359359,-0.32181304463939253,-0.2598206992900165,1.330348204611779
2026-04-22 00:00:00,36,-3.206704657797278,-1.4321642490801254,-0.33229025229161524,-1.0301646472008077,1.3729892812090458
2026-04-22 04:00:00,36,-0.727949971058818,0.3489879576744248,0.792972246021344,0.7690231248232946,-3.206704657797278
2026-04-22 08:00:00,36,0.973919332798177,0.5865809984928948,0.1839250632505513,1.1774544667585962,-0.727949971058818
2026-04-22 12:00:00,36,0.7730899792097929,0.18866888558959785,-0.23423600387870222,0.6310169424148357,0.973919332798177
2026-04-22 16:00:00,36,0.298182784074676,-0.13912732973872005,-0.18489084169904907,0.19725886809810778,0.7730899792097929
2026-04-22 20:00:00,36,-0.5738536556961105,-0.32027329107949365,-0.06820285687260197,0.02995726842295099,0.298182784074676
2026-04-23 00:00:00,36,2.0928737861169644,-0.07578472134907215,0.14606253201697175,0.3519296950850892,-0.5738536556961105
2026-04-23 04:00:00,36,-2.6576294009171253,-1.346269843492979,-0.5091708576940877,-0.8223202986633131,2.0928737861169644
2026-04-23 08:00:00,36,0.0046262831057912734,0.27547132988120815,0.6580606550837083,0.668797478296649,-2.6576294009171253
2026-04-23 12:00:00,36,0.9559015573100105,0.529706280960509,0.003926007212129993,0.6662018067639979,0.0046262831057912734
2026-04-23 16:00:00,36,1.0574979429708709,-0.053987812981943877,-0.22980891173458062,0.12987352689292653,0.9559015573100105
2026-04-23 20:00:00,36,0.9697505119247669,-0.6381032058804591,-0.25477184687192556,-0.463457500118702,1.0574979429708709
2026-04-24 00:00:00,36,-2.465311640240106,-1.2815296003881498,-0.2332116957363877,-1.0075560215483783,0.9697505119247669
2026-04-24 04:00:00,36,-0.7730111855742159,-0.24657369119155872,0.6108068501937834,0.3756579101005437,-2.465311640240106
2026-04-24 08:00:00,36,0.527295051167707,0.3905470567296076,0.19499691553979284,0.8093717756232683,-0.7730111855742159
2026-04-24 12:00:00,36,1.431798017857659,0.32226838717601075,-0.12449732665526796,0.5135220140922394,0.527295051167707
2026-04-24 16:00:00,36,-0.7033871282468134,-0.6027004882586023,-0.34673996591990314,-0.2898177881792243,1.431798017857659
2026-04-24 20:00:00,36,-1.008023741741784,-0.3164383807450531,0.1778898027644975,0.10483206429896352,-0.7033871282468134
2026-04-25 00:00:00,36,1.0381131915252997,0.5474438603652027,0.25274112718582514,0.6704045705295814,-1.008023741741784
2026-04-27 04:00:00,36,-1.3226685032440795,-0.49014865470590646,-0.2500088792738,0.0879497580392341,1.0381131915252997
2026-04-27 08:00:00,36,-0.5904734532050515,0.26974711566855836,0.3300515228420859,0.8300601958345366,-1.3226685032440795
2026-04-27 12:00:00,36,0.08947711459731167,0.7922670623915414,0.1501461312957533,1.161357502597153,-0.5904734532050515
2026-04-27 16:00:00,36,0.9117129848568499,1.1654321407768309,-0.016922429364572063,1.1111545223919022,0.08947711459731167
2026-04-27 20:00:00,36,-1.6757292251824598,0.0902394716041303,-0.2189514736398604,0.5996191522849417,0.9117129848568499
2026-04-28 00:00:00,36,1.8165966916997345,1.211230757577499,0.41680098586641184,1.5398215884028703,-1.6757292251824598
2026-04-28 04:00:00,36,-0.42075829544640797,0.092744938750435,-0.44128766339529324,0.5205825554416306,1.8165966916997345
2026-04-28 08:00:00,36,0.37398872455887755,0.43173988040760386,0.108445942382582,0.7566576733369237,-0.42075829544640797
2026-04-28 12:00:00,36,0.8806428842309479,0.2572953487117679,-0.08682890112627635,0.5468235875987544,0.37398872455887755
2026-04-28 16:00:00,36,-0.15712624562505084,0.01713207762568037,-0.21131733487015836,0.05272073812813005,0.8806428842309479
2026-04-28 20:00:00,36,-1.6634870608230319,-0.18415315653497388,0.04366972306131586,0.14087965825357696,-0.15712624562505084
2026-04-29 00:00:00,36,0.49918836402497746,0.8605866305460727,0.4137930013514386,1.0742133756184264,-1.6634870608230319
2026-04-29 04:00:00,36,-0.590365321234799,0.7129034811481676,-0.1175913190890962,0.7941334504820103,0.49918836402497746
2026-04-29 08:00:00,36,0.3102045402006173,0.8097746599222854,0.15011956252224695,1.1253700875729846,-0.590365321234799
2026-04-29 12:00:00,36,-0.21619865369008018,0.9545568453643078,-0.07115668555909295,0.9513234337290699,0.3102045402006173
2026-04-29 16:00:00,36,1.727572918466258,0.7639118143853499,0.058184222581569876,1.0726261465004,-0.21619865369008018
2026-04-29 20:00:00,36,1.822516693441079,0.006345618615017501,-0.41941390615035307,0.1033357372241186,1.727572918466258
2026-04-30 00:00:00,36,-0.011508100494150852,-1.3792087391048193,-0.44274224879733165,-0.9192248347873395,1.822516693441079
2026-04-30 04:00:00,36,-1.7411615224490724,-1.4484123859937543,0.007890336933768503,-0.9127679777026199,-0.011508100494150852
2026-04-30 08:00:00,36,-0.21854767648383522,-0.3075119410746626,0.4328781541822841,0.06414659804166156,-1.7411615224490724
2026-04-30 12:00:00,36,0.2794015260681366,0.01077219151025056,0.058761393740319495,0.18676727848938857,-0.21854767648383522
2026-04-30 16:00:00,36,0.815404514099999,-0.0171805510084898,-0.063588171789414,0.0300032908972252,0.2794015260681366
2026-04-30 20:00:00,36,-0.9539516005208029,-0.47245328245026513,-0.19528781579374924,-0.4274962257653785,0.815404514099999
2026-05-01 00:00:00,36,-0.15093769236304233,-0.0030430376554001683,0.23945522783756992,0.10773799064007772,-0.9539516005208029
2026-05-01 04:00:00,36,-2.7166974752708306,-0.29329619018965875,0.042149152691920946,0.19242469534697815,-0.15093769236304233
2026-05-01 08:00:00,36,0.7783389840768642,1.2483668882404353,0.672574089781095,1.716683833434721,-2.7166974752708306
2026-05-01 12:00:00,36,1.2738684455337843,1.256332288930204,-0.18618055852489857,1.2799806967003606,0.7783389840768642
2026-05-01 16:00:00,36,1.304020698482164,0.3568758121934045,-0.3079355769197903,0.5652505375636947,1.2738684455337843
2026-05-01 20:00:00,36,-0.3167457197040484,-0.5350178318678223,-0.31534419416241327,-0.16639716484337885,1.304020698482164
2026-05-02 00:00:00,36,0.2338460363863213,-0.2836366766897566,0.08288933261900282,0.01131955264315021,-0.3167457197040484
2026-05-04 04:00:00,37,-2.2461090303963758,-0.5479063021140291,-0.0573279851473011,-0.18080844138791896,0.2338460363863213
2026-05-04 08:00:00,37,0.8770431452640448,0.7477973610655776,0.5761651685282637,1.023457722998538,-2.2461090303963758
2026-05-04 12:00:00,37,2.4036276488708896,0.49977656261218395,-0.2216297381893686,0.5532252586545532,0.8770431452640448
2026-05-04 16:00:00,37,-0.630472442775714,-1.0768700566188008,-0.611588751760031,-0.7354955514871362,2.4036276488708896
2026-05-04 20:00:00,37,-0.8884980043759079,-0.6291820431887739,0.1634582083117448,-0.3974635948287899,-0.630472442775714
2026-05-05 00:00:00,37,-0.8142289814686023,-0.013009943706874473,0.22936965523125394,0.07891046774553345,-0.8884980043759079
2026-05-05 04:00:00,37,-1.4901669981030903,0.20893506376581075,0.21039797377938418,0.5154647040607863,-0.8142289814686023
2026-05-05 08:00:00,37,1.3174594671802584,1.4580193341457077,0.3830632416233313,1.3144275641959418,-1.4901669981030903
2026-05-05 12:00:00,37,-0.19996807215106038,0.7957991201360559,-0.3341320687508852,0.6080629853598882,1.3174594671802584
2026-05-05 16:00:00,37,0.4908367662648043,0.9977329812078344,0.05348784027119236,0.7152771855568449,-0.19996807215106038
2026-05-05 20:00:00,37,0.5138599575337395,0.36000493137037987,-0.12297508904717622,0.45211181742453554,0.4908367662648043
2026-05-06 00:00:00,37,0.46227070132494497,-0.31755447687269484,-0.12885625771833079,0.17660241351027484,0.5138599575337395
2026-05-06 04:00:00,37,-3.0787491118841537,-0.12808646869871612,-0.11567801870536176,-0.07124707057936774,0.46227070132494497
2026-05-06 08:00:00,37,3.1788800307301823,1.8111738662045669,0.7888592605154515,1.5794445627749774,-3.0787491118841537
2026-05-06 12:00:00,37,-0.18403530593226414,-0.20221474229999306,-0.8096234189428014,-0.12493292284359114,3.1788800307301823
2026-05-06 16:00:00,37,0.06105051839268505,-0.05903368097121995,0.04941788817653002,-0.026261180293486674,-0.18403530593226414
2026-05-06 20:00:00,37,-1.1311914758154789,-0.1584600991726823,-0.013188162171878166,-0.05899381821248806,0.06105051839268505
2026-05-07 00:00:00,37,-0.7438819039707987,0.40145944798481364,0.29136459000165726,0.5475019490595763,-1.1311914758154789
2026-05-07 04:00:00,37,0.02914909891338624,0.8259228345276569,0.1924281353041422,0.9463391360029529,-0.7438819039707987
2026-05-07 08:00:00,37,1.025739076678441,0.6450988107646711,-0.005039090802256082,0.9307106544516586,0.02914909891338624
2026-05-07 12:00:00,37,-1.1569997249391193,0.4159025419877263,-0.2596134322458244,0.3807538861843316,1.025739076678441
2026-05-07 16:00:00,37,2.1849363027212707,0.8895232142001518,0.29795718893506856,1.0010869163679708,-1.1569997249391193
2026-05-07 20:00:00,37,-0.05532293000241495,-0.34012139484876486,-0.5557250498690096,-0.17038108678703612,2.1849363027212707
2026-05-08 00:00:00,37,-0.6504473253725873,-0.06435757155383422,0.016538901763821872,-0.14071933314328167,-0.05532293000241495
2026-05-08 04:00:00,37,-2.837326341831627,0.09928026896658514,0.16856070050609276,0.20802228850615467,-0.6504473253725873
2026-05-08 08:00:00,37,1.5625655496557513,1.8637159368385399,0.7271889205894633,1.729273512088671,-2.837326341831627
2026-05-08 12:00:00,37,0.7928650150542147,0.9920861113892578,-0.39674329395098623,0.8914936912425429,1.5625655496557513
2026-05-08 16:00:00,37,0.3446843342511219,0.3572380993610792,-0.20012682070049692,0.46639388636483936,0.7928650150542147
2026-05-08 20:00:00,37,-0.2020019958084145,0.16378582816013942,-0.08564112025321094,0.2815891081838595,0.3446843342511219
2026-05-09 00:00:00,37,0.6481543614663448,0.26921680932515407,0.05400739674594098,0.3898938099585898,-0.2020019958084145
2026-05-11 04:00:00,37,-2.2232451550322434,-0.05716311126023558,-0.16316114759628148,0.042381576024121514,0.6481543614663448
2026-05-11 08:00:00,37,0.05780242325134566,1.0195912824621456,0.5703246963746855,1.2343891229012947,-2.2232451550322434
2026-05-11 12:00:00,37,0.3662644076854029,1.2984541386742703,-0.012358451157317405,1.2033979726057744,0.05780242325134566
2026-05-11 16:00:00,37,2.094095833170414,1.3307254242572482,-0.09115365108876695,1.0070228957838179,0.3662644076854029
2026-05-11 20:00:00,37,-0.35119527828891783,-0.5210630714615043,-0.53252026833569,-0.11574039074495612,2.094095833170414
2026-05-12 00:00:00,37,-1.6913154961584826,-0.4169730212134673,0.09211813685237252,0.07255527300605635,-0.35119527828891783
2026-05-12 04:00:00,37,1.0486041307255167,0.6339762155169848,0.43444570338524,0.9793652264688735,-1.6913154961584826
2026-05-12 08:00:00,37,-0.4428387636777664,0.32111831637747396,-0.26545420548855725,0.41714920873363326,1.0486041307255167
2026-05-12 12:00:00,37,0.18833706349288093,1.3329881851323067,0.11552804510047598,0.6545801313463944,-0.4428387636777664
2026-05-12 16:00:00,37,1.7569888597848156,0.990851422246735,-0.04570292663517142,0.553601973120319,0.18833706349288093
2026-05-12 20:00:00,37,-0.8332164460253519,-0.18629852961274326,-0.44640783728543026,-0.38841918721017343,1.7569888597848156
2026-05-13 00:00:00,37,-1.4205002372663564,-0.11765629341436958,0.21524823456171482,0.05831530340428692,-0.8332164460253519
2026-05-13 04:00:00,37,-0.4447118438055071,0.6635891301503669,0.3652671869205825,0.8199258704304668,-1.4205002372663564
2026-05-13 08:00:00,37,0.6434053717232224,1.0950440911328947,0.11600651483289288,1.0583610573022177,-0.4447118438055071
2026-05-13 12:00:00,37,1.0190915808003673,1.061294313672166,-0.16194803993580825,0.7133950255268005,0.6434053717232224
2026-05-13 16:00:00,37,0.4949794191171595,0.3334729908215606,-0.25791535989594533,0.16700235599890512,1.0190915808003673
2026-05-13 20:00:00,37,-0.34870855154795954,-0.19484584391086712,-0.12403331072835616,-0.0983841227711233,0.4949794191171595
2026-05-14 00:00:00,37,-2.094438806864524,-0.49601792299487096,0.09148291390557022,0.08857826604368402,-0.34870855154795954
2026-05-14 04:00:00,37,0.4947619418596716,1.0575490528393776,0.537421705184583,1.211525440179651,-2.094438806864524
2026-05-14 08:00:00,37,0.8392453964057935,0.8773988108370799,-0.1239777571598484,0.9462555632749687,0.4947619418596716
2026-05-14 12:00:00,37,-0.03472660403871686,0.5882141139438479,-0.21197447650871465,0.4962886111674649,0.8392453964057935
2026-05-14 16:00:00,37,1.42855496318559,0.7317936329856983,0.011277664710119921,0.514907508862068,-0.03472660403871686
2026-05-14 20:00:00,37,-1.1902930920153398,-0.18454295248991856,-0.36251090394279534,-0.2510216525674416,1.42855496318559
2026-05-15 00:00:00,37,-0.3706995870214431,0.47541365899711086,0.30646182693762525,0.387161835864573,-1.1902930920153398
2026-05-15 04:00:00,37,0.33912075627982574,0.8431214139991745,0.0971004231101872,0.585914863326991,-0.3706995870214431
2026-05-15 08:00:00,37,1.5952243156992552,0.6112943451091198,-0.08421992976392974,0.4040930341538669,0.33912075627982574
2026-05-15 12:00:00,37,-0.7398869014238443,0.01962772308670333,-0.4050858260287517,-0.45119699941326363,1.5952243156992552
2026-05-15 16:00:00,37,1.3155775301644876,0.42782880009235896,0.19140763021664667,-0.05450175942296198,-0.7398869014238443
2026-05-15 20:00:00,37,-1.2544111178781758,-0.7633228020963537,-0.333651336567021,-0.7598573253211187,1.3155775301644876
2026-05-16 00:00:00,37,0.4528021889670857,-0.1850007845621413,0.3228404827267378,-0.08729653461707532,-1.2544111178781758
2026-05-18 04:00:00,37,-1.3534552547680399,-0.6491642542072298,-0.11325933062728381,-0.3300694133837636,0.4528021889670857
2026-05-18 08:00:00,37,1.1803536581183955,0.4371916487211122,0.34814085347612933,0.39559454427396545,-1.3534552547680399
2026-05-18 12:00:00,37,0.595385394426458,0.015966786116495484,-0.29910901832016945,-0.23725985114730808,1.1803536581183955
2026-05-18 16:00:00,37,0.33845453816764426,-0.45475403629425293,-0.14968155685931392,-0.556479655517685,0.595385394426458
2026-05-18 20:00:00,37,-0.19207707203323743,-0.5985741068489422,-0.0840497474011222,-0.7379442874578404,0.33845453816764426
2026-05-19 00:00:00,37,-1.9049751333284686,-0.6772240711452441,0.05147212046350282,-0.6349608989964048,-0.19207707203323743
2026-05-19 04:00:00,37,0.29744672998755384,0.29433334764076263,0.4890240782828088,0.3864040775115285,-1.9049751333284686
2026-05-19 08:00:00,37,0.18897619280670064,0.24884275840959602,-0.07357449078164233,0.22692605227595397,0.29744672998755384
2026-05-19 12:00:00,37,0.656403481115376,0.5279492050913175,-0.045866189288612726,0.12560522065474,0.18897619280670064
2026-05-19 16:00:00,37,0.8535841014101972,0.1683028532117211,-0.16526834739659538,-0.22632983316285404,0.656403481115376
2026-05-19 20:00:00,37,-0.831820446691081,-0.5416296378189001,-0.2156372329733499,-0.6839845764880765,0.8535841014101972
2026-05-20 00:00:00,37,-0.2849712663569086,-0.02389094754107097,0.21489163293104757,-0.23799856011997633,-0.831820446691081
2026-05-20 04:00:00,37,0.14685089519608852,-0.045473748604382004,0.07520151657574685,-0.08520933695594124,-0.2849712663569086
2026-05-20 08:00:00,37,-0.9714078663178185,-0.20185552790828878,-0.035105475116686664,-0.16394441254721936,0.14685089519608852
2026-05-20 12:00:00,37,-0.11019584358473367,0.8351926253132422,0.2505485994048376,0.35688231910033075,-0.9714078663178185
2026-05-20 16:00:00,37,1.5878647899210865,0.6844591062395673,0.03055593600054571,0.4159645471174169,-0.11019584358473367
2026-05-20 20:00:00,37,-1.2581156375197793,-0.18317746652280284,-0.40320586890484417,-0.4353796281852045,1.5878647899210865
2026-05-21 00:00:00,37,0.6094221405877924,0.20408625054228666,0.32378678528763744,0.23916736514716863,-1.2581156375197793
2026-05-21 04:00:00,37,-1.8460858839358707,-0.37643048926416045,-0.15326717932166892,-0.0875783332165172,0.6094221405877924
2026-05-21 08:00:00,37,1.854861411083931,0.9728694732608746,0.473981089474265,0.9022127839952336,-1.8460858839358707
2026-05-21 12:00:00,37,0.171183996871358,0.29374565195924657,-0.4714089318662229,-0.09228338995065055,1.854861411083931
2026-05-21 16:00:00,37,0.2252641068803385,0.13139384142856167,-0.04132125439649945,-0.18406481842397504,0.171183996871358
2026-05-21 20:00:00,37,0.48064677380320475,-0.29811019450163223,-0.05513577059463203,-0.30484165440813626,0.2252641068803385
2026-05-22 00:00:00,37,-2.5449843365249727,-0.5860784272640611,-0.12037210218386843,-0.5625435909034282,0.48064677380320475
2026-05-22 04:00:00,37,-0.44243001908711577,0.5924923102875643,0.6525114954319943,0.8019665392346802,-2.5449843365249727
2026-05-22 08:00:00,37,1.288874527845497,0.9211675072766581,0.11542363316848278,1.039178310740466,-0.44243001908711577
2026-05-22 12:00:00,37,0.26042461387599225,0.6754848687780323,-0.32683017703141337,0.34813973557833755,1.288874527845497
2026-05-22 16:00:00,37,0.6845165892583651,0.4468523918595832,-0.06411736093062347,0.2085113619686556,0.26042461387599225
2026-05-22 20:00:00,37,-0.6437303357609832,-0.11310590157825244,-0.17244971200100692,-0.15849672011879257,0.6845165892583651
2026-05-23 00:00:00,37,2.6224558246709577,0.0428669615761515,0.16684487630054318,0.1866435432678344,-0.6437303357609832
2026-05-25 12:00:00,37,-5.440470715958913,-1.5633462303018741,-0.6674874061580314,-1.2194034359796921,2.6224558246709577
2026-05-25 16:00:00,37,2.2319784541070735,1.9183566473231888,1.3921502181254226,1.6975408053283392,-5.440470715958913
2026-05-25 20:00:00,37,-0.014302643393245162,0.16896891649663473,-0.5677417517989106,0.5008508425768881,2.2319784541070735
2026-05-26 04:00:00,37,-1.0841842765727883,-0.022341584122519915,0.006060457586834892,0.5085192991240461,-0.014302643393245162
2026-05-26 08:00:00,37,0.300118507787813,1.048367753651819,0.2793568164364933,1.08981184662162,-1.0841842765727883
2026-05-26 12:00:00,37,0.02717498989001932,0.8475779405127674,-0.0742569841732675,0.9289013301044253,0.300118507787813
2026-05-26 16:00:00,37,1.5072035280702245,0.9602616146919788,-0.004534813701568725,0.9143312801205568,0.02717498989001932
2026-05-26 20:00:00,37,-0.6827204422415338,-0.4225194881059615,-0.38260131931691793,0.10623417212818342,1.5072035280702245
2026-05-27 00:00:00,37,-1.5734347524854915,0.057477694361451635,0.17680472027003652,0.47227923815124484,-0.6827204422415338
2026-05-27 04:00:00,37,0.38898800936478395,1.0729018846194625,0.4043336077802564,1.3158866537510434,-1.5734347524854915
2026-05-27 08:00:00,37,-0.004533232849055935,0.819785753708222,-0.09695829097259102,1.107328168080656,0.38898800936478395
2026-05-27 12:00:00,37,2.0238307163635714,1.1998575830414426,0.003564906446378669,1.109758690758552,-0.004533232849055935
2026-05-27 16:00:00,37,0.23023813907598623,0.15392419311316627,-0.5145713663432456,0.0246685098368582,2.0238307163635714
2026-05-27 20:00:00,37,-1.1648625972319717,0.14970174432557173,-0.05640636431800645,-0.09877518630089455,0.23023813907598623
2026-05-28 00:00:00,37,0.06178382437099472,0.4734396873013598,0.2999657236188076,0.525773574699473,-1.1648625972319717
2026-05-28 04:00:00,37,0.27771248217438504,0.07574842313370732,-0.013375481822556838,0.49264776994579407,0.06178382437099472
2026-05-28 08:00:00,37,-1.2161913761763774,0.4278270920872326,-0.06853346763971987,0.34375039177561195,0.27771248217438504
2026-05-28 12:00:00,37,0.979192032323752,1.151834012129948,0.31307742490861834,0.9958194159980689,-1.2161913761763774
2026-05-28 16:00:00,37,1.366377404393834,0.574669800066266,-0.24772320313744667,0.4708191524284029,0.979192032323752
2026-05-28 20:00:00,37,-1.8788127916814883,-0.38900497174604787,-0.3466279315718734,-0.2617731009419968,1.366377404393834
2026-05-29 00:00:00,37,-1.0967984913494195,0.4818144521503431,0.4823410280374733,0.7455647636135776,-1.8788127916814883
2026-05-29 04:00:00,37,0.5512894123614274,1.3293271882660143,0.28257905977752124,1.3336205055243457,-1.0967984913494195
2026-05-29 08:00:00,37,0.43127680440278304,0.8626328076351358,-0.13841744037714013,1.0380430526461115,0.5512894123614274
2026-05-29 12:00:00,37,-0.653777156984864,0.8282834387751803,-0.10776076981286956,0.8068111507222184,0.43127680440278304
2026-05-29 16:00:00,37,2.67790112916051,1.2495900809871354,0.16941129072747382,1.157338083542884,-0.653777156984864
2026-05-29 20:00:00,37,-0.8258304366053348,-0.36480062109225353,-0.6816506550281636,-0.2784362612364424,2.67790112916051
2026-05-30 00:00:00,37,-1.4017582804412232,-0.02764348695362586,0.21336151231289835,0.16433817173433507,-0.8258304366053348
2026-06-01 04:00:00,38,-0.7155161513013333,0.6653647037171407,0.38771497597837046,0.7406574685964777,-1.4017582804412232
2026-06-01 08:00:00,38,0.8196961523641519,0.6341525439353897,0.19316249151276646,1.1817785274026171,-0.7155161513013333
2026-06-01 12:00:00,38,1.439402746224161,0.5899773778424026,-0.2420765519348239,0.6764297187522939,0.8196961523641519
2026-06-01 16:00:00,38,-0.09039736356658601,-0.35071048647804187,-0.41776593670969053,-0.21097283995733385,1.439402746224161
2026-06-01 20:00:00,38,0.031143748648698732,-0.3322325367943683,0.01593872736941141,-0.15524218921345856,-0.09039736356658601
2026-06-02 00:00:00,38,-0.7128834699140025,-0.4287963053520825,-0.01851868109053491,-0.17444254318746744,0.031143748648698732
2026-06-02 04:00:00,38,-1.041463132061633,-0.4904668052378006,0.19241611544087836,0.26505544785288393,-0.7128834699140025
2026-06-02 08:00:00,38,-0.4791269181147051,-0.05956614884052176,0.2855698098895312,0.9071252581388425,-1.041463132061633
2026-06-02 12:00:00,38,0.6188836842206769,1.051292471058098,0.12614516531768163,1.2025105866697032,-0.4791269181147051
2026-06-02 16:00:00,38,1.224510667039441,0.33370729696508494,-0.1851453859075354,0.8209641665578005,0.6188836842206769
2026-06-02 20:00:00,38,-0.9812880803726607,-0.7800288038220665,-0.35684314266647593,0.06604418189854755,1.224510667039441
2026-06-03 00:00:00,38,0.8870175142170176,-0.5701150314532778,0.26850993362747616,0.6710156227536039,-0.9812880803726607
2026-06-03 04:00:00,38,-2.3597499928819605,-1.1773788485050167,-0.26116243671210937,0.12416269100725152,0.8870175142170176
2026-06-03 08:00:00,38,0.6257938027502661,0.0639388537436905,0.6593095922786044,1.5789662107945919,-2.3597499928819605
2026-06-03 12:00:00,38,0.9622603049783613,1.080279741581235,-0.1871044331166719,1.193159650926649,0.6257938027502661
2026-06-03 16:00:00,38,1.6165431632426852,0.18406356356398054,-0.2824940793774942,0.5999189759157915,0.9622603049783613
2026-06-03 20:00:00,38,-0.14839525584312874,-0.8388219445916907,-0.46798597824724786,-0.39669197476438,1.6165431632426852
2026-06-04 00:00:00,38,-0.09486265221797474,-1.3503087834385372,0.03238136992519902,-0.30520518965090027,-0.14839525584312874
2026-06-04 04:00:00,38,-1.06505871848597,-1.3795353037628924,0.01720465518715204,-0.24672165505640642,-0.09486265221797474
2026-06-04 08:00:00,38,0.27760792804864565,-1.1605732979767471,0.2922592563200954,0.4098950107376016,-1.06505871848597
2026-06-04 12:00:00,38,0.5919421407345222,-0.6331677429547173,-0.08839229624461328,0.2387476467946943,0.27760792804864565
2026-06-04 16:00:00,38,-0.12149635459313934,-1.6906936938325503,-0.17750734679860014,-0.12618911025527701,0.5919421407345222
2026-06-04 20:00:00,38,-0.7694623707022092,-1.382298099280458,0.024755420066743767,-0.0512856989462005,-0.12149635459313934
2026-06-05 00:00:00,38,-0.2922592575130789,-1.3406276261642405,0.20845646803548662,0.4230936075981955,-0.7694623707022092
2026-06-05 04:00:00,38,0.11923559553146923,-0.6823982165140463,0.07316740995619085,0.6032736257369766,-0.2922592575130789
2026-06-05 08:00:00,38,0.7219195075967431,-0.8647017258584205,-0.0434930843579171,0.5297639892982158,0.11923559553146923
2026-06-05 12:00:00,38,-0.45709613023182527,-2.0128281311459357,-0.2143564683747363,0.0846952134436112,0.7219195075967431
2026-06-05 16:00:00,38,2.1830166817903986,-0.17393879770203322,0.11989934575145782,0.366498396470762,-0.45709613023182527
2026-06-05 20:00:00,38,0.28488851069925936,-2.3605589000766947,-0.6285835658007279,-0.9793477151948551,2.1830166817903986
2026-06-06 00:00:00,38,-0.44206959022289993,-2.6500378773057913,-0.0904563715656802,-1.1549836127952107,0.28488851069925936
2026-06-08 04:00:00,38,-0.9379833341160548,-3.380894070319591,0.11563925945316779,-0.8824444040709114,-0.44206959022289993
2026-06-08 08:00:00,38,0.10545516086011553,-0.9364757159746132,0.2562328587939406,-0.3041706631703587,-0.9379833341160548
2026-06-08 12:00:00,38,-0.057979435548153546,-0.3363149963676422,-0.0395862740813634,-0.36918455856682364,0.10545516086011553
2026-06-08 16:00:00,38,1.0494877934326983,-0.8070318040664954,0.006748110574843445,-0.33343980290831254,-0.057979435548153546
2026-06-08 20:00:00,38,-0.5756658918657003,-1.4085783823750857,-0.30722343345220837,-0.9804568769480344,1.0494877934326983
2026-06-09 00:00:00,38,-0.4989157726051445,-0.9107081327523463,0.153514364020997,-0.6255545490599328,-0.5756658918657003
2026-06-09 04:00:00,38,-0.8464233234560758,-0.8861868333503266,0.13175538748615842,-0.31796924372979696,-0.4989157726051445
2026-06-09 08:00:00,38,0.24850356778389404,-0.01719510170014142,0.23027521673847176,0.2038570657980685,-0.8464233234560758
2026-06-09 12:00:00,38,-0.6126278312758604,0.08339186221782748,-0.08014108962547671,0.05065275763735855,0.24850356778389404
2026-06-09 16:00:00,38,3.7863244958392297,0.22910277243142516,0.16399322685608225,0.42834239761965165,-0.6126278312758604
2026-06-09 20:00:00,38,-0.7569162425089342,-2.141005897341378,-1.0831279683387578,-1.905954972957554,3.7863244958392297
2026-06-10 00:00:00,38,-1.6332423546675976,-1.6939985360662906,0.20489958875515896,-1.4393104482800245,-0.7569162425089342
2026-06-10 04:00:00,38,-1.02997116803963,-0.6218964020081436,0.4533416693022088,-0.43240432118885685,-1.6332423546675976
2026-06-10 08:00:00,38,0.84024646883495,0.33936946611932317,0.2823117905157101,0.20258060732618866,-1.02997116803963
2026-06-10 12:00:00,38,0.9488553463506957,0.12481140014270593,-0.2479026517269764,-0.31543762512947104,0.84024646883495
2026-06-10 16:00:00,38,0.7043006500498645,-0.7934733964836345,-0.27869371811369403,-0.9004140428872471,0.9488553463506957
2026-06-10 20:00:00,38,-0.32212471786237806,-1.5377775545973478,-0.20936144932295198,-1.3346206612882456,0.7043006500498645
2026-06-11 00:00:00,38,0.0034909403969933805,-1.0703952900091973,0.08163439160004252,-1.1360283634726809,-0.32212471786237806
2026-06-11 04:00:00,38,-1.1260744720728422,-1.3730187670614002,-0.010678995476124695,-1.1381805543370662,0.0034909403969933805
2026-06-11 08:00:00,38,-1.1443775731793444,-0.7082130563595572,0.30955747505048065,-0.44394722010427756,-1.1260744720728422
2026-06-11 12:00:00,38,1.4875099767258142,0.49643447896962817,0.3147464799839992,0.26157011285425824,-1.1443775731793444
2026-06-11 16:00:00,38,1.4037988484276251,-0.2819933105228896,-0.43140453570766635,-0.6554909132659557,1.4875099767258142
2026-06-11 20:00:00,38,0.3947938781854585,-1.3496068001468995,-0.40767208429398805,-1.520943402693332,1.4037988484276251
2026-06-12 00:00:00,38,-2.4926489949490893,-1.6601024503160957,-0.12161499822613475,-1.7643367813593693,0.3947938781854585
2026-06-12 04:00:00,38,-0.2793889193531083,-0.6798879224990716,0.6969870095301014,-0.22760003281191032,-2.4926489949490893
2026-06-12 08:00:00,38,1.0572547690800853,-0.09185959790784538,0.06951861580816453,-0.055354674409311855,-0.2793889193531083
2026-06-12 12:00:00,38,0.02360132001797055,-0.3841161404983114,-0.3094254032013943,-0.7071601470268511,1.0572547690800853
2026-06-12 16:00:00,38,1.9550360653125374,-0.33549859945563154,-0.016380371350134898,-0.7217105373382573,0.02360132001797055
2026-06-12 20:00:00,38,-2.7161244870562076,-2.2854320877909897,-0.5639501172519484,-1.9270048938197517,1.9550360653125374
2026-06-13 00:00:00,38,2.1294178296698725,-0.30706890538225456,0.7603432366697943,-0.25249383295771466,-2.7161244870562076
2026-06-15 04:00:00,38,-4.4566567654656595,-2.390397056727575,-0.6133880693399922,-1.5652958514114603,2.1294178296698725
2026-06-15 08:00:00,38,0.3275376833806227,0.622625038906546,1.2537913429257552,1.1822663769774646,-4.4566567654656595
2026-06-15 12:00:00,38,0.9731968695438002,1.1266738062478359,-0.10254758857673954,0.980336945434944,0.3275376833806227
2026-06-15 16:00:00,38,0.5507982963616609,0.4681199246223213,-0.2855946407061778,0.38035379657211976,0.9731968695438002
2026-06-15 20:00:00,38,-0.5502286934474601,0.09132119287706127,-0.165842896594648,0.04078252730338505,0.5507982963616609
2026-06-16 00:00:00,38,-0.6914327787577275,0.48481055280032104,0.14630281296639197,0.3800026321153087,-0.5502286934474601
2026-06-16 04:00:00,38,-0.012458057875534223,0.7617751241624412,0.18633475569808858,0.8062761116225943,-0.6914327787577275
2026-06-16 08:00:00,38,0.06629746028050576,0.8222433396695777,-0.006157388441378881,0.8139565974798728,-0.012458057875534223
2026-06-16 12:00:00,38,0.031224766269456694,0.9563572488427732,-0.028484903864889364,0.7730837173612262,0.06629746028050576
2026-06-16 16:00:00,38,1.871129528124186,1.1511742988563025,-0.018541649921410552,0.7538334154180681,0.031224766269456694
2026-06-16 20:00:00,38,-1.5207958772380685,-0.06971548447225033,-0.5401622666089698,-0.39973193332829027,1.871129528124186
2026-06-17 00:00:00,38,-0.18091858116677528,0.3114364275104144,0.4214626274533211,0.5378500994115196,-1.5207958772380685
2026-06-17 04:00:00,38,-0.6194571064923906,0.5272247460039077,0.041601867292111155,0.6493877578373208,-0.18091858116677528
2026-06-17 08:00:00,38,1.1984671022043258,0.7295465286636797,0.16592935465129735,1.0312876970685068,-0.6194571064923906
2026-06-17 12:00:00,38,0.04665818152433587,0.3373536789259649,-0.34945968422249596,0.29242376491660593,1.1984671022043258
2026-06-17 16:00:00,38,1.47891078220737,0.2462753843986872,-0.022917087036280568,0.2636586470383424,0.04665818152433587
2026-06-17 20:00:00,38,2.054286244379938,-0.9506922644309581,-0.4289666284633775,-0.6481009113456704,1.47891078220737
2026-06-18 00:00:00,38,-2.471463408914497,-2.931692152567523,-0.5920879538861121,-1.9145837455397698,2.054286244379938
2026-06-18 04:00:00,38,-1.2509036644843157,-1.2217145180453803,0.6909808081867712,-0.3909080692350706,-2.471463408914497
2026-06-18 08:00:00,38,0.9180555747046668,0.27813953396571955,0.3449470678577979,0.38028339574894865,-1.2509036644843157
2026-06-18 12:00:00,38,-0.28818838289148196,0.8370735322442109,-0.2699618553494267,-0.18570473242965768,0.9180555747046668
2026-06-18 16:00:00,38,1.9029132768174648,1.1475455606633829,0.07201330014866224,-0.008034438942205568,-0.28818838289148196
2026-06-18 20:00:00,38,-1.3393950553840739,-0.7522793651718106,-0.549173090939528,-1.1811947064767807,1.9029132768174648
2026-06-19 00:00:00,38,-1.2844783440823377,0.5523728547724478,0.37003474350799886,-0.35544763715324557,-1.3393950553840739
2026-06-19 04:00:00,38,-0.39760496720171545,1.6913848973918064,0.3544656285138142,0.4364428689165951,-1.2844783440823377
2026-06-19 08:00:00,38,0.205815635298217,1.7104214018465853,0.10303335475530205,0.681569304986013,-0.39760496720171545
2026-06-19 12:00:00,38,1.2263218030004435,1.8457783329272643,-0.06803888404943949,0.5546824264767221,0.205815635298217
2026-06-19 16:00:00,38,-0.8178170337592334,0.5300477711268248,-0.3573566072090269,-0.2013541370484404,1.2263218030004435
2026-06-19 20:00:00,38,1.8270727070097141,1.0839424129846968,0.22216521518721316,0.3028361809275406,-0.8178170337592334
2026-06-22 04:00:00,38,-1.6392085734147752,-0.36885435657722215,-0.5276719754398452,-0.8235678080894768,1.8270727070097141
2026-06-22 08:00:00,38,-0.4161408345898465,0.132080160848972,0.45503311701554505,0.18701653748220792,-1.6392085734147752
2026-06-22 12:00:00,38,0.44799913529385194,1.5588011648319835,0.108288349893251,0.44357047443091346,-0.4161408345898465
2026-06-22 16:00:00,38,2.0347664605500473,1.0184483610491837,-0.13669890887155517,0.16737565682178257,0.44799913529385194
2026-06-22 20:00:00,38,-1.7702573139191884,-0.5158766915945325,-0.5865540143637797,-1.0870730846477166,2.0347664605500473
2026-06-23 00:00:00,38,0.2615697212955066,0.5261848635797206,0.4921859774544362,0.004303789592089657,-1.7702573139191884
2026-06-23 04:00:00,38,-0.10613714109593353,0.470365603237069,-0.08384539823631544,-0.156955899933644,0.2615697212955066
2026-06-23 08:00:00,38,0.14953043398543642,0.28772601301066164,0.020401019457349102,-0.09152155862109268,-0.10613714109593353
2026-06-23 12:00:00,38,-0.01015854644133185,0.22426225280387785,-0.052081796471949895,-0.18370818954959311,0.14953043398543642
2026-06-23 16:00:00,38,1.4702358407399085,0.5384689779210531,-0.00680930945232273,-0.1774453696901368,-0.01015854644133185
2026-06-23 20:00:00,38,-1.1144749300893224,-1.0110518391531649,-0.4265072466454707,-1.083856761777346,1.4702358407399085
2026-06-24 00:00:00,38,-0.23855598884226836,-0.15714286436591435,0.30626895687922623,-0.39677463193334894,-1.1144749300893224
2026-06-24 04:00:00,38,0.20509165644122618,-0.3828244644447922,0.05794231097119369,-0.2497030805906455,-0.23855598884226836
2026-06-24 08:00:00,38,-0.8872395355807114,0.20803648603313332,-0.06783363304640842,-0.3761436207197786,0.20509165644122618
2026-06-24 12:00:00,38,0.6935825621521357,1.4259462412305735,0.2418467818437441,0.17084618885784586,-0.8872395355807114
2026-06-24 16:00:00,38,1.1533980980877754,0.01329902840063017,-0.20632282703399776,-0.2567526481908722,0.6935825621521357
2026-06-24 20:00:00,38,0.666846542019595,-0.6514911482660305,-0.3366824349821218,-0.9678312022222766,1.1533980980877754
2026-06-25 00:00:00,38,-2.1739655886903666,-2.113986985968685,-0.19874305464662242,-1.3789470828937302,0.666846542019595
2026-06-25 04:00:00,38,-0.727420173238718,0.07672941265126486,0.6066389445937426,-0.03868103781972998,-2.1739655886903666
2026-06-25 08:00:00,38,-0.16069974707740897,0.12789435673344113,0.1965373310114052,0.4097789395440419,-0.727420173238718
2026-06-25 12:00:00,38,0.5064404990708518,1.0601093578631116,0.03586974412734084,0.5088515355319014,-0.16069974707740897
2026-06-25 16:00:00,38,3.4907037146188262,1.0200751087198072,-0.15326727743357293,0.19662718005629642,0.5064404990708518
2026-06-25 20:00:00,38,-1.43311220192248,-3.606650057743869,-0.9993182530737129,-1.9554177678748639,3.4907037146188262
2026-06-26 00:00:00,38,-0.46653242349789537,-2.0573651616219983,0.3966039425149535,-1.0718933767758188,-1.43311220192248
2026-06-26 04:00:00,38,-0.5589904836879,-1.4051234781400215,0.12257457395605813,-0.7842726483736779,-0.46653242349789537
2026-06-26 08:00:00,38,0.12411069993939172,-1.08023764234639,0.14878681677096833,-0.43965083434684615,-0.5589904836879
2026-06-26 12:00:00,38,-0.3246815564071177,-0.4241720572826489,-0.04487519663916002,-0.5161660091152473,0.12411069993939172
2026-06-26 16:00:00,38,1.3362770634013188,-0.4707003158157346,0.08235926591208743,-0.31599740121359865,-0.3246815564071177
2026-06-26 20:00:00,38,0.8914149419128723,-1.560774413737584,-0.38852937871733517,-1.1398222051595033,1.3362770634013188
2026-06-27 00:00:00,38,-0.726446086710002,-2.0132608552093387,-0.2624091256680303,-1.68938618396984,0.8914149419128723
2026-06-29 04:00:00,39,-0.9049549185997385,-1.6942903415335444,0.18947580379807077,-1.0887607361685294,-0.726446086710002
2026-06-29 08:00:00,39,-0.981849257045468,-0.9525934688786887,0.23410994557350898,-0.5876547353943904,-0.9049549185997385
2026-06-29 12:00:00,39,-0.9267174207778428,0.33687832784723337,0.25333651698503,-0.0439695810859142,-0.981849257045468
2026-06-29 16:00:00,39,3.456099325587278,0.5844447084176612,0.23955141643701106,0.4691870978039727,-0.9267174207778428
2026-06-29 20:00:00,39,-2.889797126984867,-2.3070026673917385,-0.856323011523285,-1.4445790752149135,3.456099325587278
2026-06-30 00:00:00,39,-0.09308637320824431,-0.201073464115236,0.7303975947227573,0.15560525616886345,-2.889797126984867
2026-06-30 04:00:00,39,0.1918298388522679,0.43961630886962266,0.031111273886462745,0.20715052018834612,-0.09308637320824431
2026-06-30 08:00:00,39,-0.06076136837747548,0.27507127310360596,-0.040128846104266376,0.1009274571377059,0.1918298388522679
2026-06-30 12:00:00,39,-0.2235906949461164,0.7502348690746036,0.02302876708142429,0.1345732064268681,-0.06076136837747548
2026-06-30 16:00:00,39,1.4567023199466327,0.8214072472155003,0.06374242348892953,0.2583833948151746,-0.2235906949461164
2026-06-30 20:00:00,39,-1.367856248337544,-0.46802320217766863,-0.35639609770943576,-0.5482449342471813,1.4567023199466327
2026-07-01 00:00:00,39,-0.7319663400734289,0.41322958759711925,0.34985325844398,0.2091861378983193,-1.367856248337544
2026-07-01 04:00:00,39,0.4451815623600961,0.4104666457566975,0.1908560815616479,0.6145021573338809,-0.7319663400734289
2026-07-01 08:00:00,39,-0.27040090288525676,0.15300395117395826,-0.10347661790014578,0.3679891567991884,0.4451815623600961
2026-07-01 12:00:00,39,0.1461614528332582,1.0220722207288129,0.07544679371854315,0.5177198364889666,-0.27040090288525676
2026-07-01 16:00:00,39,2.124782256836477,1.0916611361498596,-0.028709975706374784,0.43678499698343565,0.1461614528332582
2026-07-01 20:00:00,39,-1.9274756156712485,-0.8402720153808053,-0.5234420321026775,-0.739783158352612,2.124782256836477
2026-07-02 00:00:00,39,0.6136054033180418,0.4025580007525287,0.48977983752373333,0.32752923202945006,-1.9274756156712485
2026-07-02 04:00:00,39,-0.6909627727250527,-0.43423858077926414,-0.1455891202122122,-0.01224609090694706,0.6136054033180418
2026-07-02 08:00:00,39,1.1855729171598401,0.3310806720845519,0.1806035970265599,0.3703647824167948,-0.6909627727250527
2026-07-02 12:00:00,39,-0.24458485098707783,0.1490222426668372,-0.28860321555696794,-0.28612947042771264,1.1855729171598401
2026-07-02 16:00:00,39,1.56398610185032,0.19450876140906895,0.06899177797334383,-0.15069406474173874,-0.24458485098707783
2026-07-02 20:00:00,39,-0.873038852471506,-1.3764868421419887,-0.3832212103999507,-1.016729272304591,1.56398610185032
2026-07-03 00:00:00,39,-0.6414469719743998,-1.1599959631193835,0.22612968932847502,-0.5332963422318171,-0.873038852471506
2026-07-03 04:00:00,39,-1.5918788115632179,-0.7391845795973833,0.1682227235009623,-0.17810414400371677,-0.6414469719743998
2026-07-03 08:00:00,39,0.1902829708114968,0.3812511482472027,0.40586760093930335,0.7033762574883671,-1.5918788115632179
2026-07-03 12:00:00,39,-0.837353457921731,0.48691543389891795,-0.03974206900921307,0.5980097507608129,0.1902829708114968
2026-07-03 16:00:00,39,0.5886342423475561,0.8944177564017944,0.2172069545663599,1.061682397772687,-0.837353457921731
2026-07-03 20:00:00,39,1.0202275589593324,0.32209682149023183,-0.13934536001696088,0.7357345024256876,0.5886342423475561
2026-07-06 04:00:00,39,-0.4524909143393394,-1.1089700989981075,-0.2472604535114985,0.17079790564942954,1.0202275589593324
2026-07-06 08:00:00,39,-0.2024918836610592,0.31827664392564403,0.12097636948851372,0.42135835657450826,-0.4524909143393394
2026-07-06 12:00:00,39,0.3438150994423008,0.6025293656227758,0.05846690112837677,0.5334853763023233,-0.2024918836610592
2026-07-06 16:00:00,39,0.4449706104111044,0.002266585469536766,-0.07813106480200964,0.3431026224808633,0.3438150994423008
2026-07-06 20:00:00,39,0.19720665742911336,-0.49067371703160345,-0.10342387171890968,0.09670643360754738,0.4449706104111044
2026-07-07 00:00:00,39,-1.2944816943389679,-0.6264016648962617,-0.04147325959977326,-0.012493966765156017,0.19720665742911336
2026-07-07 04:00:00,39,-0.12524381070863555,-0.003917515220728188,0.33150676986292793,0.7043069827553357,-1.2944816943389679
2026-07-07 08:00:00,39,0.586999699234914,0.6152582158668778,0.03915188235010359,0.7736589734633696,-0.12524381070863555
2026-07-07 12:00:00,39,-0.4321323899569016,0.39173351731465217,-0.13893666074838465,0.44861618327181496,0.586999699234914
2026-07-07 16:00:00,39,2.1206071669651756,0.5486664905099176,0.11588594760851546,0.6879033889497919,-0.4321323899569016
2026-07-07 20:00:00,39,-0.9965109863289783,-0.7683890725432646,-0.5223980974621999,-0.48635286935660105,2.1206071669651756
2026-07-08 00:00:00,39,-0.1398610985206581,0.031625020536744895,0.25700251881018066,0.06545101039850998,-0.9965109863289783
2026-07-08 04:00:00,39,-0.7854342016900553,-0.035832937495274865,0.042806772081146145,0.14289711771622038,-0.1398610985206581
2026-07-08 08:00:00,39,2.9333127581664016,0.6368317470546632,0.20422512381329477,0.5778202101163785,-0.7854342016900553
2026-07-08 12:00:00,39,-1.5124667398063778,-0.501181751349621,-0.7256060631149766,-1.0464602872358446,2.9333127581664016
2026-07-08 16:00:00,39,0.7523393530861995,0.34694817215786233,0.386011498403909,-0.20895319852804128,-1.5124667398063778
2026-07-08 20:00:00,39,-0.7326938156784184,-0.353437961235209,-0.18027799648497495,-0.6255504860850536,0.7523393530861995
2026-07-09 00:00:00,39,-1.161163908758791,0.1296834162767444,0.19103797872016684,-0.21983163731116306,-0.7326938156784184
2026-07-09 04:00:00,39,0.6386833794070181,0.6413967626434407,0.29817214501675404,0.42314647198705835,-1.161163908758791
2026-07-09 08:00:00,39,-0.32157150955153213,-0.19038192523589323,-0.15185958833609653,0.06948457409850661,0.6386833794070181
2026-07-09 12:00:00,39,-0.3501659205851855,0.5617112634560533,0.08824143300052838,0.24755025428024346,-0.32157150955153213
2026-07-09 16:00:00,39,1.0239059332979075,0.774257445181526,0.09539114644915814,0.44144968558379105,-0.3501659205851855
2026-07-09 20:00:00,39,-1.1303650712584723,-0.19578296232055936,-0.24818018997491625,-0.12552375901358026,1.0239059332979075
2026-07-10 00:00:00,39,-0.43778710362194495,0.42766027165471926,0.29047123932511276,0.5003999291515324,-1.1303650712584723
2026-07-10 04:00:00,39,-0.42172571520327296,1.0172910938682589,0.1172998456703265,0.7428183526305006,-0.43778710362194495
2026-07-10 08:00:00,39,0.8388822143036165,1.1752038639777513,0.11328387469454755,0.976343009191428,-0.42172571520327296
2026-07-10 12:00:00,39,-0.48722877273723597,0.5980881464586382,-0.20191707336614723,0.5118238349316897,0.8388822143036165
2026-07-10 16:00:00,39,1.9885862562445915,1.179999697456176,0.129662183407595,0.7816198841605662,-0.48722877273723597
2026-07-10 20:00:00,39,-2.226752863981197,-0.6013060793475504,-0.4893877417053214,-0.31953166005452616,1.9885862562445915
