timestamp,fold,y,pred,pred_ar1,pred_level,last_diff
2023-07-03 04:00:00,0,-2.2304685481929596,-0.6227600547380641,-0.05145210537303356,-0.46911540615926306,0.1602086992788827
2023-07-03 08:00:00,0,0.3412306043996338,0.7328660687796554,0.7060394148159769,1.2506266438116072,-2.2304685481929596
2023-07-03 12:00:00,0,-0.8519153415663379,0.7837156519540989,-0.10880930749742598,0.987530076232364,0.3412306043996338
2023-07-03 16:00:00,0,2.6641059000948832,2.0487766369700338,0.2692416976614224,1.6443762071019865,-0.8519153415663379
2023-07-03 20:00:00,0,0.032783463494038045,-0.5408049866432268,-0.8448176251431629,-0.40971011735234697,2.6641059000948832
2023-07-04 00:00:00,0,-0.7599261863048596,-0.5670514622125916,-0.01107712976008565,-0.43498691435540593,0.032783463494038045
2023-07-04 04:00:00,0,-0.12754753873336178,-0.07767586649064227,0.24009472471323032,0.15093348273840057,-0.7599261863048596
2023-07-04 08:00:00,0,-0.47203366126157853,-0.22071611428813973,0.0397241127493724,0.24927554001948593,-0.12754753873336178
2023-07-04 12:00:00,0,-0.7072471184456752,0.3353854055143354,0.14887532373524182,0.6132242435019499,-0.47203366126157853
2023-07-04 16:00:00,0,0.6991541890561681,1.5166345991396062,0.22340324231551545,1.1585278795012766,-0.7072471184456752
2023-07-04 20:00:00,0,0.17001848082537663,1.208934085367663,-0.22221820890379265,0.6194640763791526,0.6991541890561681
2023-07-05 04:00:00,0,-1.4854747717373424,0.20874507598899408,-0.0545603569549792,0.4883759554619367,0.17001848082537663
2023-07-05 08:00:00,0,0.45438612844088766,1.0449915583028813,0.46998644327601,1.6337108364210327,-1.4854747717373424
2023-07-05 12:00:00,0,1.132536751080556,1.0303023164029992,-0.14466289250746323,1.2833687826689886,0.45438612844088766
2023-07-05 16:00:00,0,0.41074519884766936,0.8948668459718976,-0.359536458817462,0.4101571538618689,1.132536751080556
2023-07-05 20:00:00,0,-0.4584233818975427,-0.04260394815986221,-0.1308351647642109,0.09346325075605577,0.41074519884766936
2023-07-06 00:00:00,0,-0.24067487158646728,0.20650739261115317,0.1445628757807707,0.4469181188723397,-0.4584233818975427
2023-07-06 04:00:00,0,-0.8147590483690585,0.3239111523859863,0.07556876531736251,0.6324839262781019,-0.24067487158646728
2023-07-06 08:00:00,0,2.663712094240676,0.6955815059676301,0.2574686417006649,1.2606817088515,-0.8147590483690585
2023-07-06 12:00:00,0,-0.10725633974958093,-0.8363000995531245,-0.8446928468630843,-0.793100982320242,2.663712094240676
2023-07-06 16:00:00,0,0.4621507187626648,0.04284650939033775,0.033294800226765606,-0.7104039015912829,-0.10725633974958093
2023-07-06 20:00:00,0,-1.3566106280896335,-0.7255099376692126,-0.1471231206008655,-1.0667326313213277,0.4621507187626648
2023-07-07 00:00:00,0,0.26800160465276157,-0.018200043700224603,0.4291555464358845,-0.020754940018187895,-1.3566106280896335
2023-07-07 04:00:00,0,-1.6904338572338915,-0.33294280617101957,-0.0856065324683671,-0.22739028098922454,0.26800160465276157
2023-07-07 08:00:00,0,1.2424180162272371,0.5997675879183045,0.5349281954148708,1.0759727228669878,-1.6904338572338915
2023-07-07 12:00:00,0,-0.809290759165906,-0.09214963171148238,-0.39435258745392765,0.11804013606660568,1.2424180162272371
2023-07-07 16:00:00,0,0.737091314211419,1.2162827961485452,0.25573600183649686,0.7420217431231233,-0.809290759165906
2023-07-07 20:00:00,0,-0.9782312581880142,0.12496908928710367,-0.23423867324536843,0.1737075524815932,0.737091314211419
2023-07-08 00:00:00,0,1.3911179826991376,1.5622300010934496,0.30926518297589034,0.9279461319337798,-0.9782312581880142
2023-07-10 04:00:00,0,-1.2378279058814172,-0.3374018998838788,-0.44146850984536345,-0.14463751568436756,1.3911179826991376
2023-07-10 08:00:00,0,-0.17292447823959023,0.31701734132996057,0.3915189708952749,0.8097559914988146,-1.2378279058814172
2023-07-10 12:00:00,0,0.6112423265717073,0.6763578634819296,0.054101899179743576,0.9430847026069937,-0.17292447823959023
2023-07-10 16:00:00,0,0.45783289879158495,0.9428800209059783,-0.19436313544022768,0.4718029476685448,0.6112423265717073
2023-07-10 20:00:00,0,0.5040227741578303,0.054975406870395094,-0.1457550095280494,0.11880335547531118,0.45783289879158495
2023-07-11 00:00:00,0,1.2911608725781125,-0.4126553356427872,-0.16039037653357832,-0.26980968260784444,0.5040227741578303
2023-07-11 04:00:00,0,-2.912731644549069,-1.4166211683144243,-0.4097968722877022,-1.265324121781891,1.2911608725781125
2023-07-11 08:00:00,0,0.3541670620535715,0.45024332278750184,0.9222160277712302,0.980458314141746,-2.912731644549069
2023-07-11 12:00:00,0,-0.5371762159507742,0.6456121309143816,-0.1129082535113661,0.707387443081215,0.3541670620535715
2023-07-11 16:00:00,0,1.3935958573754537,1.6883132832375431,0.16951589026621008,1.121562539862209,-0.5371762159507742
2023-07-11 20:00:00,0,-0.8883504089340981,-0.0036217235120661355,-0.44225363006909313,0.04706839443458932,1.3935958573754537
2023-07-12 00:00:00,0,-0.0661643736274975,0.5088277762013355,0.2807862315786545,0.7320067920598312,-0.8883504089340981
2023-07-12 04:00:00,0,-0.43459084789856384,0.539293714907519,0.02027471735347557,0.7830210310318968,-0.0661643736274975
2023-07-12 08:00:00,0,0.6251055009458604,0.5880355398971865,0.1370114832086726,1.118100472644807,-0.43459084789856384
2023-07-12 12:00:00,0,0.30604073550791355,0.35648515208761306,-0.19875571375351847,0.6361298945276488,0.6251055009458604
2023-07-12 16:00:00,0,1.315730236537762,1.4742352049976888,-0.09765931754782903,0.4001655173193832,0.30604073550791355
2023-07-12 20:00:00,0,-1.5122719581262363,-0.3122475950021495,-0.4175817311077513,-0.6142924610391436,1.315730236537762
2023-07-13 00:00:00,0,-1.2342158209189193,0.5146374244453996,0.4784771926969021,0.551703660936429,-1.5122719581262363
2023-07-13 04:00:00,0,0.09553432514936055,1.2753217230186455,0.39037447356415755,1.5033121683476534,-1.2342158209189193
2023-07-13 08:00:00,0,0.8081107629131843,0.9330791894375681,-0.030959882916634606,1.4296530278464132,0.09553432514936055
2023-07-13 12:00:00,0,0.6437911531930052,0.8587361475992408,-0.2567413470031815,0.8065812247753676,0.8081107629131843
2023-07-13 16:00:00,0,1.5926524640600324,1.0487077359987373,-0.20467630514300073,0.3102035832066381,0.6437911531930052
2023-07-13 20:00:00,0,0.589366946224331,-0.8005734503100118,-0.5053251683792613,-0.9177677395240735,1.5926524640600324
2023-07-14 00:00:00,0,-1.5984311271944538,-1.36952631017316,-0.18743187145151058,-1.3721830779990558,0.589366946224331
2023-07-14 04:00:00,0,-0.9908317498715817,-0.29953968349306287,0.5057769212674249,-0.13975627438163407,-1.5984311271944538
2023-07-14 08:00:00,0,0.4628305039608964,0.17575563573362138,0.3132576774084233,0.6241975711370014,-0.9908317498715817
2023-07-14 12:00:00,0,-0.8231299644139174,0.18685289367074429,-0.1473385120861674,0.2673447115368912,0.4628305039608964
2023-07-14 16:00:00,0,1.0242775507536006,1.4372140307593058,0.2601209854776847,0.9019966610299619,-0.8231299644139174
2023-07-14 20:00:00,0,1.8195378327224407,0.026550556009008238,-0.3252342851062957,0.1122553412972831,1.0242775507536006
2023-07-15 00:00:00,0,-1.3048147117791213,-0.5492078514705555,-0.5772143131805844,-1.290649768026384,1.8195378327224407
2023-07-17 04:00:00,0,-2.362832500611864,-0.5062941242526406,0.41274389261388744,-0.2846079078597672,-1.3048147117791213
2023-07-17 08:00:00,0,0.331961249274082,0.942622397522674,0.7479792340207868,1.5371897640384127,-2.362832500611864
2023-07-17 12:00:00,0,1.622772336402349,1.0307689984990065,-0.10587229125541704,1.2812400803721644,0.331961249274082
2023-07-17 16:00:00,0,-0.057991059579094895,0.49968978538641023,-0.5148687183974028,0.030045650080127828,1.622772336402349
2023-07-17 20:00:00,0,0.46919778532644507,-0.11958014897733353,0.01768498421820859,0.07475807777220744,-0.057991059579094895
2023-07-18 00:00:00,0,0.02891299252433477,-0.5063204698082793,-0.14935599966051946,-0.287004100776695,0.46919778532644507
2023-07-18 04:00:00,0,-2.1207621470621643,-0.5568469637666696,-0.009850762235239535,-0.30929667651145465,0.02891299252433477
2023-07-18 08:00:00,0,1.2944113210010286,0.7893601389774699,0.6712786922404339,1.325859239604961,-2.1207621470621643
2023-07-18 12:00:00,0,-0.21484387333350163,0.11151455740613032,-0.410826784259205,0.327838630667312,1.2944113210010286
2023-07-18 16:00:00,0,0.8123369216557119,1.1374786203036236,0.06738415480361348,0.4934881501145032,-0.21484387333350163
2023-07-18 20:00:00,0,-0.24170854020986,-0.09131216267419694,-0.2580804150073727,-0.1328421175985408,0.8123369216557119
2023-07-19 00:00:00,0,-0.9731279797300605,-0.08799512407274486,0.07589628557035084,0.053520671857844704,-0.24170854020986
2023-07-19 04:00:00,0,-0.41004352078714845,0.537299367262437,0.30764819759605655,0.8038245073908836,-0.9731279797300605
2023-07-19 08:00:00,0,0.010179139676360194,0.5978677686205497,0.12923360681407914,1.1199774007311927,-0.41004352078714845
2023-07-19 12:00:00,0,0.17489442258243315,1.7916356783560063,-0.00391489837581799,1.1121290522090188,0.010179139676360194
2023-07-19 16:00:00,0,1.2416946586519053,1.9507503193567173,-0.05610531018436711,0.9772814691466802,0.17489442258243315
2023-07-19 20:00:00,0,-0.6730161983422498,0.25187308406676034,-0.3941233899618957,0.019906607511476437,1.2416946586519053
2023-07-20 00:00:00,0,-0.08025493801815387,0.48846369437669507,0.21255709746930795,0.538817424495825,-0.6730161983422498
2023-07-20 04:00:00,0,-0.9867205846472071,0.4192932039752349,0.024739344710383204,0.6006958095281725,-0.08025493801815387
2023-07-20 08:00:00,0,1.6342237225285352,0.8682485396439508,0.3119550453618545,1.361479853026303,-0.9867205846472071
2023-07-20 12:00:00,0,-0.6996172408728611,0.024435413646194056,-0.5184971161220097,0.1014561432236416,1.6342237225285352
2023-07-20 16:00:00,0,1.7124673700377961,1.2097861811724657,0.22098569826284215,0.6408769698425214,-0.6996172408728611
2023-07-20 20:00:00,0,-0.26988440931025437,-0.7247938158159186,-0.5432887936935431,-0.6794743742026359,1.7124673700377961
2023-07-21 00:00:00,0,-1.5874585470982812,-0.6189052512063417,0.08482387374231116,-0.4713873479594657,-0.26988440931025437
2023-07-21 04:00:00,0,-0.24384409681589148,0.46499612059746825,0.5023002343218177,0.7525793465013617,-1.5874585470982812
2023-07-21 08:00:00,0,-0.5879287242902667,0.38786000894520983,0.0765729415353763,0.940588698738674,-0.24384409681589148
2023-07-21 12:00:00,0,0.49478716463250727,1.1924092549568965,0.18559693790078433,1.3938951353467335,-0.5879287242902667
2023-07-21 16:00:00,0,0.3801458059649683,1.5265015786670908,-0.15746405266171012,1.0124029625502349,0.49478716463250727
2023-07-21 20:00:00,0,0.9462152221679627,0.5564942881650071,-0.12113967757283457,0.7193018882635478,0.3801458059649683
2023-07-22 00:00:00,0,-0.5143452409316147,0.6476795684650207,-0.30050005884787423,-0.010251598246318494,0.9462152221679627
2023-07-24 04:00:00,0,-0.18194661154274172,0.1111989199821903,0.1622818439335446,0.38632029681542335,-0.5143452409316147
2023-07-24 08:00:00,0,-0.8950471393596846,0.059775255073869105,0.05696058262535687,0.5266052781810071,-0.18194661154274172
2023-07-24 12:00:00,0,3.473767404753243,1.2212441357314174,0.28290810583656106,1.216707007483592,-0.8950471393596846
2023-07-24 16:00:00,0,-2.21475808832707,-0.7210578056831706,-1.1013607133625216,-1.4616467772457327,3.473767404753243
2023-07-24 20:00:00,0,-1.2664455105747532,0.21423731019300976,0.7010615198955036,0.24598215036004767,-2.21475808832707
2023-07-25 00:00:00,0,0.06268781243279875,1.004485021307538,0.40058652399398254,1.2224404825327788,-1.2664455105747532
2023-07-25 04:00:00,0,-0.24529766562791266,0.9065589960313907,-0.02055239069789707,1.1741067514211192,0.06268781243279875
2023-07-25 08:00:00,0,-0.4611436794880639,0.8462382003635484,0.07703350811762058,1.3632368383177873,-0.24529766562791266
2023-07-25 12:00:00,0,0.16038139347011615,1.402087686427326,0.1454248082559258,1.7187891178316175,-0.4611436794880639
2023-07-25 16:00:00,0,2.2632992197722412,1.9889661315856086,-0.05150682392008277,1.5951314107516694,0.16038139347011615
2023-07-25 20:00:00,0,-1.5588868580151978,-0.2154973063656345,-0.7178211173960064,-0.14992383473115645,2.2632992197722412
2023-07-26 00:00:00,0,-1.4064346029806938,0.8068333823734295,0.49324722968859097,1.0520134367213618,-1.5588868580151978
2023-07-26 04:00:00,0,2.0176703631030524,1.7493437654562423,0.4449423861366429,2.136406547415314,-1.4064346029806938
2023-07-26 08:00:00,0,-1.2310731409439075,0.05651908852754717,-0.639993055813292,0.5807367446649128,2.0176703631030524
2023-07-26 12:00:00,0,0.0779123845898031,1.2118183435191405,0.3893787082703452,1.5299221742403137,-1.2310731409439075
2023-07-26 16:00:00,0,0.5828464079159215,1.7995005790118714,-0.02537633099332264,1.4698499512532912,0.0779123845898031
2023-07-26 20:00:00,0,1.5616284228166624,0.7810874446469348,-0.18536582406643964,1.0204620963205038,0.5828464079159215
2023-07-27 00:00:00,0,-0.23634837665563424,0.1599090869427758,-0.49549513038952475,-0.18358898403356605,1.5616284228166624
2023-07-27 04:00:00,0,-1.4665144569927016,0.08024009078521026,0.07419790556382927,-0.0013590027561587448,-0.23634837665563424
2023-07-27 08:00:00,0,0.0434605972767681,0.8346999832414613,0.4639788244498517,1.1293570437103106,-1.4665144569927016
2023-07-27 12:00:00,0,0.17062159685830025,0.9852719894261943,-0.01446020386968977,1.0958479333871622,0.0434605972767681
2023-07-27 16:00:00,0,0.11412436230628309,1.8358907744679311,-0.054751455640974056,0.9642947962724886,0.17062159685830025
2023-07-27 20:00:00,0,-0.7222672568008708,1.1150945801964915,-0.0368501784474341,0.8763023137318893,0.11412436230628309
2023-07-28 00:00:00,0,0.5111669978666331,1.4620971996406715,0.22816240729613266,1.4331868184893661,-0.7222672568008708
2023-07-28 04:00:00,0,-0.47895194908713634,0.9486083267566872,-0.1626540400554838,1.0390654212157706,0.5111669978666331
2023-07-28 08:00:00,0,0.08024424653293671,1.1149106125461032,0.1510673989589588,1.4083482821769646,-0.47895194908713634
2023-07-28 12:00:00,0,0.3021848273796106,1.4060745951750515,-0.02611518675063707,1.3464781405232191,0.08024424653293671
2023-07-28 16:00:00,0,1.0226120277397364,1.8574864877000579,-0.09643756429238388,1.1134867563008637,0.3021848273796106
2023-07-28 20:00:00,0,-0.4100121775846013,0.47444995192427614,-0.32470656035339734,0.3250295927444551,1.0226120277397364
2023-07-29 00:00:00,0,1.3773434326802843,1.4678751504952656,0.12922367564910478,0.6411583197617539,-0.4100121775846013
2023-07-31 04:00:00,1,-2.6797710890004094,-1.2519366590722232,-0.3972493950161173,-0.5618285329798463,1.3773434326802843
2023-07-31 08:00:00,1,0.2080381699708358,0.6863646663746868,0.7865795907711095,1.1984272023568199,-2.6797710890004094
2023-07-31 12:00:00,1,-0.24639468655437113,0.6751588745024677,-0.05605679228535854,1.0617735966204052,0.2080381699708358
2023-07-31 16:00:00,1,0.5952622894263566,1.5483838301106594,0.07654256737623888,1.2236223686830936,-0.24639468655437113
2023-07-31 20:00:00,1,0.8344265799023081,0.5209479755364187,-0.16904525592317624,0.8326136503290105,0.5952622894263566
2023-08-01 00:00:00,1,-0.39786279267025293,-0.117643846685566,-0.2388312128927563,0.2845055753447827,0.8344265799023081
2023-08-01 04:00:00,1,1.7594851140542822,-0.3063977835814602,0.12073957820352868,0.545848891402466,-0.39786279267025293
2023-08-01 08:00:00,1,-2.494751444263981,-1.3336672661015567,-0.508754849612109,-0.6099004843432114,1.7594851140542822
2023-08-01 12:00:00,1,0.47777709816113756,0.6017237206237843,0.7325925472187123,1.0288217766851204,-2.494751444263981
2023-08-01 16:00:00,1,1.1338201125352576,1.0498273781857679,-0.1347641494675205,0.7149853147937577,0.47777709816113756
2023-08-01 20:00:00,1,0.05062451998646722,-0.39266015727836134,-0.32619151297649507,-0.029784775503289396,1.1338201125352576
2023-08-02 00:00:00,1,0.691638834094487,-0.461761379996411,-0.010124926025674266,-0.06303840004630423,0.05062451998646722
2023-08-02 04:00:00,1,-0.7782069601965986,-0.7916455273021272,-0.19716705197267154,-0.5173537814957383,0.691638834094487
2023-08-02 08:00:00,1,-0.4074714091948213,-0.3764389013390237,0.2317205346657278,-0.006174572723862681,-0.7782069601965986
2023-08-02 12:00:00,1,-0.29978042296751894,0.1132778373373783,0.12354328480197738,0.2614803355498303,-0.4074714091948213
2023-08-02 16:00:00,1,1.9303441520537845,0.9730638905085822,0.09212003797899129,0.4583964867226751,-0.29978042296751894
2023-08-02 20:00:00,1,-1.6053509105514632,-1.073064979401205,-0.5586099573707485,-0.8095847146469275,1.9303441520537845
2023-08-03 00:00:00,1,-0.4427701332501961,-0.07727612199969909,0.473073589556325,0.24491884318503132,-1.6053509105514632
2023-08-03 04:00:00,1,-0.23514682336534953,-0.1682045154694355,0.13384313028939207,0.5357603518827609,-0.4427701332501961
2023-08-03 08:00:00,1,0.10620928873518842,0.2593564053511599,0.07326054356345854,0.6902207631373098,-0.23514682336534953
2023-08-03 12:00:00,1,-0.7134571697690593,0.4297754779875176,-0.02634405419210245,0.6204552856271093,0.10620928873518842
2023-08-03 16:00:00,1,1.5787083362141843,1.6747812269402826,0.2128271368278932,1.0891024324516945,-0.7134571697690593
2023-08-03 20:00:00,1,-0.17475113613270565,-0.018455417110024692,-0.45600583589295207,0.052099527744113416,1.5787083362141843
2023-08-04 00:00:00,1,-0.20847918372292007,-0.09889304175839979,0.055637633295467226,0.1668879478807508,-0.17475113613270565
2023-08-04 04:00:00,1,-1.1278550171330615,-0.3448756963347852,0.06547916972682392,0.3038312414153719,-0.20847918372292007
2023-08-04 08:00:00,1,-0.5182725119836356,0.580929146564277,0.33374464623901806,1.0446830517381915,-1.1278550171330615
2023-08-04 12:00:00,1,0.1056452029197743,1.0961060001328027,0.1558740352497735,1.3851196529953658,-0.5182725119836356
2023-08-04 16:00:00,1,0.7396130582596818,1.9921764581225252,-0.026179459099903275,1.3157247053770202,0.1056452029197743
2023-08-04 20:00:00,1,0.7459048008103277,0.801912988865598,-0.21116549269548468,0.8298965937612905,0.7396130582596818
2023-08-05 00:00:00,1,1.092603443491436,0.9780337731421711,-0.21300136574337686,0.33993563812933303,0.7459048008103277
2023-08-07 04:00:00,1,-1.3964654600643183,-0.9332458291967264,-0.3141648651579706,-0.3777605433649587,1.092603443491436
2023-08-07 08:00:00,1,-1.7879735357220792,0.08967929587377822,0.41212272172293074,0.5395328573167735,-1.3964654600643183
2023-08-07 12:00:00,1,1.3391686911309186,1.4761005906562004,0.5263612046784072,1.7139953641344547,-1.7879735357220792
2023-08-07 16:00:00,1,1.4731976390922892,1.2979562146337729,-0.3861103538750371,0.8343383744675528,1.3391686911309186
2023-08-07 20:00:00,1,0.11569081030140715,-0.37850378076944646,-0.42521877753015963,-0.1333579351690819,1.4731976390922892
2023-08-08 00:00:00,1,-0.9764989790702359,-0.518803352397294,-0.029110675641774178,-0.2093515202908467,0.11569081030140715
2023-08-08 04:00:00,1,-1.3346645326083646,-0.3958284735585712,0.2895803358466999,0.4320793599489843,-0.9764989790702359
2023-08-08 08:00:00,1,0.2677740497930632,0.9347762845313199,0.3940897751842208,1.3087777122513984,-1.3346645326083646
2023-08-08 12:00:00,1,0.8425837207891327,0.8941607376621403,-0.07348717677343555,1.1328855217365792,0.2677740497930632
2023-08-08 16:00:00,1,1.4565181017918238,1.1507265634341663,-0.241211392148572,0.5794192823595363,0.8425837207891327
2023-08-08 20:00:00,1,-0.9163748694481928,-0.42338481124251215,-0.42035184078970245,-0.3773207738432056,1.4565181017918238
2023-08-09 00:00:00,1,0.9605154559236091,0.05545447816845446,0.2720366694466354,0.22461650590640936,-0.9163748694481928
2023-08-09 04:00:00,1,-1.2954832939657024,-0.9869497794013261,-0.2756227960294119,-0.40631531028827794,0.9605154559236091
2023-08-09 08:00:00,1,-0.38896369779397943,0.010678716900647887,0.3826570473781999,0.4446461422015222,-1.2954832939657024
2023-08-09 12:00:00,1,0.9129878123053476,0.48512736824008423,0.11814290354583651,0.7001439280721069,-0.38896369779397943
2023-08-09 16:00:00,1,0.6507337374670641,0.7273051648058589,-0.26175466343399406,0.1004314975964018,0.9129878123053476
2023-08-09 20:00:00,1,-0.2699337235562833,-0.3583471469280778,-0.18523131814134988,-0.32701463698397326,0.6507337374670641
2023-08-10 00:00:00,1,-1.2548661230828326,-0.2732954847291767,0.08341104351894285,-0.14970382599676668,-0.2699337235562833
2023-08-10 04:00:00,1,-0.23111901125238354,-0.07908344637316587,0.37080532765107344,0.6745775088168671,-1.2548661230828326
2023-08-10 08:00:00,1,-0.05351321978051082,0.4947312977735662,0.07208526475307417,0.8263921793953539,-0.23111901125238354
2023-08-10 12:00:00,1,-0.16526947531266956,0.7131081234245318,0.020261515912732113,0.8615432982433866,-0.05351321978051082
2023-08-10 16:00:00,1,1.9767274214206871,1.690501955617277,0.052870971212802646,0.9701035192970906,-0.16526947531266956
2023-08-10 20:00:00,1,-1.9092389522486428,-0.38915564625733623,-0.5721441720049879,-0.32834536502569023,1.9767274214206871
2023-08-11 00:00:00,1,-0.5839038696406718,0.818639670900468,0.5617453463610131,0.9257725070636926,-1.9092389522486428
2023-08-11 04:00:00,1,-0.1260016626551259,0.5714240736442173,0.17502466635859948,1.3093202435248905,-0.5839038696406718
2023-08-11 08:00:00,1,0.1563528019696303,0.9223254186012757,0.04141298189945062,1.392086697070507,-0.1260016626551259
2023-08-11 12:00:00,1,-0.324147920725375,1.0790606544218697,-0.0409754736649614,1.2893835529352895,0.1563528019696303
2023-08-11 16:00:00,1,2.085753434623287,2.040968631145687,0.0992302514084375,1.5023059323490973,-0.324147920725375
2023-08-11 20:00:00,1,-0.8178307773308084,-0.10622136210287413,-0.6039569675137997,0.13224135449618046,2.085753434623287
2023-08-12 00:00:00,1,0.026950711744756717,1.1387519865314308,0.24328240283591152,0.6694481787060749,-0.8178307773308084
2023-08-14 04:00:00,1,1.1089829074353705,-0.07055146677500558,-0.0032171248653324724,0.6517451199952635,0.026950711744756717
2023-08-14 08:00:00,1,-2.490606981579786,-0.5838475902817485,-0.31894424323193576,-0.07671020636307979,1.1089829074353705
2023-08-14 12:00:00,1,0.640980316742775,1.3007760776362145,0.7313832308363807,1.5592896899678763,-2.490606981579786
2023-08-14 16:00:00,1,1.810409137625273,1.5653135434823249,-0.1823853589991347,1.1382502648409893,0.640980316742775
2023-08-14 20:00:00,1,0.053885241266270256,-0.25023177880696335,-0.523614014877002,-0.05094946975257564,1.810409137625273
2023-08-15 00:00:00,1,-2.014471394682703,-0.5310298344046267,-0.011076374732624978,-0.08634495759043048,0.053885241266270256
2023-08-15 04:00:00,1,0.14357539943404873,0.5178358323115829,0.5924512125456873,1.2368967329841851,-2.014471394682703
2023-08-15 08:00:00,1,-0.01899708596479499,0.6413029981294652,-0.03724714423184831,1.1425866550284933,0.14357539943404873
2023-08-15 12:00:00,1,-0.42597477613685264,0.9563843306000793,0.010190023114094528,1.155065231897046,-0.01899708596479499
2023-08-15 16:00:00,1,1.1802813575318787,1.9114720061795534,0.12894239838469174,1.4348744088381036,-0.42597477613685264
2023-08-15 20:00:00,1,0.9326785696924347,0.36995772581060227,-0.3397484801877575,0.6595854158960197,1.1802813575318787
2023-08-16 00:00:00,1,-1.527116685618605,-0.3587269749181372,-0.2675002467105739,0.04693875802827563,0.9326785696924347
2023-08-16 04:00:00,1,-0.7185295032348318,0.22325022157925434,0.45024555681009915,1.05005276109455,-1.527116685618605
2023-08-16 08:00:00,1,0.5612906155505861,0.9765590034434588,0.21430719743507384,1.5220317611924674,-0.7185295032348318
2023-08-16 12:00:00,1,0.421921716000794,0.7444565039418504,-0.1591326315654128,1.1533379465345472,0.5612906155505861
2023-08-16 16:00:00,1,0.9305771034815535,1.1844566653886757,-0.11846605877762659,0.8761910948866642,0.421921716000794
2023-08-16 20:00:00,1,0.8743822659362959,-0.05241482578371979,-0.26688705805154067,0.26492482281586405,0.9305771034815535
2023-08-17 00:00:00,1,1.0432733550914701,-0.6341704852579015,-0.25048991737873516,-0.3094288616494598,0.8743822659362959
2023-08-17 04:00:00,1,-2.225763156894331,-1.947998515941174,-0.2997707956272111,-0.9947216892203024,1.0432733550914701
2023-08-17 08:00:00,1,-0.519377337589642,-0.3018392512083994,0.654104220176482,0.46731078754834776,-2.225763156894331
2023-08-17 12:00:00,1,0.5172238900955399,0.41204447550355683,0.15619641327722159,0.8084731133338234,-0.519377337589642
2023-08-17 16:00:00,1,2.6124578446112636,0.7301348941372596,-0.14627436330021215,0.4687253181841182,0.5172238900955399
2023-08-17 20:00:00,1,-1.8603935670453708,-1.813566227022594,-0.7576445068114146,-1.2473145044626675,2.6124578446112636
2023-08-18 00:00:00,1,4.520244796396074,-0.6597744569705486,0.5474927087988815,-0.025281600302712093,-1.8603935670453708
2023-08-18 04:00:00,1,-3.314702583411071,-4.0871535407715065,-1.3143193258633348,-2.9944855224742533,4.520244796396074
2023-08-18 08:00:00,1,-0.29934139234164725,-1.8405277901869102,0.9718468054518439,-0.8171636395215431,-3.314702583411071
2023-08-18 12:00:00,1,-1.088899434117634,-1.3714501747762058,0.0919919328496493,-0.6205358734948581,-0.29934139234164725
2023-08-18 16:00:00,1,2.160479785842993,0.16181092243057799,0.32237776268533436,0.09472726296407963,-1.088899434117634
2023-08-18 20:00:00,1,-0.3099826693142891,-2.1224171442810853,-0.6257614347289272,-1.3244226598480333,2.160479785842993
2023-08-19 00:00:00,1,-1.3163198008077313,-1.1184381589067516,0.0950969603411545,-1.120804980056219,-0.3099826693142891
2023-08-21 04:00:00,1,-1.7982409064973925,-1.3798274978101308,0.3887369498878114,-0.25615669408141883,-1.3163198008077313
2023-08-21 08:00:00,1,0.880640128904993,-0.058850247461515244,0.5293571297543909,0.9250501195049488,-1.7982409064973925
2023-08-21 12:00:00,1,-0.10294041390191921,-0.3300123860232924,-0.2523159046738533,0.34658584543485915,0.880640128904993
2023-08-21 16:00:00,1,1.4112603799591117,0.4476575834984611,0.03468392000666822,0.41420410384228745,-0.10294041390191921
2023-08-21 20:00:00,1,-1.4304139501368827,-1.087707782039635,-0.40714605065241416,-0.5128076055060156,1.4112603799591117
2023-08-22 00:00:00,1,-0.6176269505910454,-0.2639554512377304,0.42202858125853066,0.42678547017465185,-1.4304139501368827
2023-08-22 04:00:00,1,-1.1911873986385082,-0.2313628566905787,0.18486475356978405,0.8324848176073161,-0.6176269505910454
2023-08-22 08:00:00,1,0.39908843281121165,0.8593670429209137,0.35222445709090006,1.6149376393878256,-1.1911873986385082
2023-08-22 12:00:00,1,0.5315588631781267,0.7903089088908303,-0.11180351515553577,1.3527892396062224,0.39908843281121165
2023-08-22 16:00:00,1,1.6817842235994416,1.109985924299856,-0.1504571776020909,1.0036252601084978,0.5315588631781267
2023-08-22 20:00:00,1,0.7338785579265394,-0.6353993712366075,-0.4860824389985154,-0.1010848911954696,1.6817842235994416
2023-08-23 00:00:00,1,0.7594680649918804,-1.235034046723581,-0.20949221784038688,-0.5831461933467139,0.7338785579265394
2023-08-23 04:00:00,1,-3.113002687221769,-2.1836561580367935,-0.2169590024317689,-1.0820164224847053,0.7594680649918804
2023-08-23 08:00:00,1,0.7696870712479722,0.157663352185429,0.9129926167758352,0.96281526362195,-3.113002687221769
2023-08-23 12:00:00,1,-0.4271363149654821,0.008327637922785007,-0.21994081518249475,0.4572324968177526,0.7696870712479722
2023-08-23 16:00:00,1,1.8508713183979815,0.9355566953981801,0.1292813248128467,0.7378046513852592,-0.4271363149654821
2023-08-23 20:00:00,1,0.17083581545893978,-0.7151752028236772,-0.535420509904668,-0.4779733928489094,1.8508713183979815
2023-08-24 00:00:00,1,-0.3122527843577583,-0.8963490209985961,-0.04520148480627109,-0.5901899643302757,0.17083581545893978
2023-08-24 04:00:00,1,-1.4493607669481765,-1.046754488056858,0.09575935919018111,-0.3850811187289853,-0.3122527843577583
2023-08-24 08:00:00,1,-0.09250020729145092,0.02463953726257706,0.42755708946547144,0.5669575136245442,-1.4493607669481765
2023-08-24 12:00:00,1,0.5700817012513983,0.24027270665394485,0.031637563011559344,0.6277179349429733,-0.09250020729145092
2023-08-24 16:00:00,1,1.118380179307703,0.6229212684774916,-0.1616977901315678,0.2532495378633648,0.5700817012513983
2023-08-24 20:00:00,1,-0.2871256864857248,-0.8658056274975071,-0.32168628138992733,-0.4813785551830314,1.118380179307703
2023-08-25 00:00:00,1,-0.9493955856054459,-0.7866779643349249,0.0884275013807291,-0.2927748947907176,-0.2871256864857248
2023-08-25 04:00:00,1,-0.41082174711474906,-0.5359172608312244,0.28167181302207855,0.33085263501022233,-0.9493955856054459
2023-08-25 08:00:00,1,0.6280473120406889,-0.06673128792103498,0.1245208828265334,0.6007082728772293,-0.41082174711474906
2023-08-25 12:00:00,1,-0.9474191948216664,-0.23386931043364032,-0.17861162627410684,0.18816412400562754,0.6280473120406889
2023-08-25 16:00:00,1,2.405306687967199,1.0763763889216797,0.28109512023103755,0.8104934260487209,-0.9474191948216664
2023-08-25 20:00:00,1,-1.4608909879006564,-0.9070665990955812,-0.6971996900915246,-0.7694754414851213,2.405306687967199
2023-08-26 00:00:00,1,-1.4074798230793792,0.6032478988736169,0.4309215026963857,0.19013702344112815,-1.4608909879006564
2023-08-28 04:00:00,2,-0.3176890787210418,0.044314830218540366,0.40206218849762104,0.7952851283991427,-1.4074798230793792
2023-08-28 08:00:00,2,0.9890173846507846,0.6485467544429564,0.08370867160392892,0.9826960054773268,-0.3176890787210418
2023-08-28 12:00:00,2,0.9263596650209305,0.19519615905112858,-0.2980110303807624,0.39925569254881754,0.9890173846507846
2023-08-28 16:00:00,2,-1.2914243451409853,0.5809602903275416,-0.27970723627352956,-0.1472216305318046,0.9263596650209305
2023-08-28 20:00:00,2,1.5521802766224138,0.46169035827294935,0.36815965285237656,0.6146143449991959,-1.2914243451409853
2023-08-29 00:00:00,2,-1.2414162407389693,-0.3709395912977669,-0.46252416115501255,-0.30104655274508474,1.5521802766224138
2023-08-29 04:00:00,2,-1.1251862821624616,-0.2980839223371432,0.3535511089718333,0.4312886834317977,-1.2414162407389693
2023-08-29 08:00:00,2,0.22224335732094858,0.7376003985632881,0.3195976034270362,1.0950576391206104,-1.1251862821624616
2023-08-29 12:00:00,2,0.7676700503545106,0.6560705671914755,-0.074018296429878,0.9639520226228777,0.22224335732094858
2023-08-29 16:00:00,2,4.755213328113843,1.1634454175861515,-0.23335026619914603,0.5110887450346615,0.7676700503545106
2023-08-29 20:00:00,2,-3.037985441459547,-1.681165547894031,-1.3982054760751743,-2.2941027462920216,4.755213328113843
2023-08-30 00:00:00,2,0.4936972889083844,-0.3721274696253659,0.8783712419681389,-0.5019369015396968,-3.037985441459547
2023-08-30 04:00:00,2,-1.1599798649756288,-1.0923798675054657,-0.15331637658228606,-0.7931783955750822,0.4936972889083844
2023-08-30 08:00:00,2,-0.8004273365169432,-0.1054836646469144,0.3297616275860279,-0.10888403845302275,-1.1599798649756288
2023-08-30 12:00:00,2,1.4011942993001583,0.3244496669233853,0.22472787451425072,0.36330339014194823,-0.8004273365169432
2023-08-30 16:00:00,2,0.3841269026835423,0.5690097583447603,-0.4184176047991198,-0.4632879854444214,1.4011942993001583
2023-08-30 20:00:00,2,-0.7661745437103189,-0.4933329650316086,-0.12130828880703429,-0.6898918083742656,0.3841269026835423
2023-08-31 00:00:00,2,-1.2946273818637515,-0.2313321640776785,0.21472182783981295,-0.23791075882169022,-0.7661745437103189
2023-08-31 04:00:00,2,-0.23062968009070595,0.021639100786345608,0.3690953352397625,0.5258147494686485,-1.2946273818637515
2023-08-31 08:00:00,2,-0.15205815441658288,0.5017215332142322,0.058276572940862977,0.6618676185193122,-0.23062968009070595
2023-08-31 12:00:00,2,2.4609343995920785,0.6032443066205173,0.03532398166996912,0.7515696384969166,-0.15205815441658288
2023-08-31 16:00:00,2,1.0927246756534448,0.32867365799166404,-0.7279926215330429,-0.7001827356046828,2.4609343995920785
2023-08-31 20:00:00,2,-0.572577534822857,-1.0449203632100943,-0.3283063700954099,-1.3448019673819473,1.0927246756534448
2023-09-01 00:00:00,2,-0.9043512654774499,-0.8383275560909444,0.15816758661645625,-1.0070275042860963,-0.572577534822857
2023-09-01 04:00:00,2,-1.671495468748411,-0.7896537286661578,0.2550864992734172,-0.47353335795846707,-0.9043512654774499
2023-09-01 08:00:00,2,-0.8932859924856,0.3935204122308187,0.47918737032615955,0.5125138586832287,-1.671495468748411
2023-09-01 12:00:00,2,1.5488045271317379,0.8302951539010301,0.251854072690075,1.0394803883711523,-0.8932859924856
2023-09-01 16:00:00,2,1.7859058434529658,0.9477749000630343,-0.4615380253045548,0.12581090995859867,1.5488045271317379
2023-09-01 20:00:00,2,0.5070813027853056,-0.6915382547630173,-0.5308008982934698,-0.9277291797668825,1.7859058434529658
2023-09-02 00:00:00,2,-0.7997998872184944,-1.0275303953889776,-0.15722616193321653,-1.2268661601362592,0.5070813027853056
2023-09-04 04:00:00,2,-1.840231323614697,-1.137399750254469,0.22454458181162157,-0.7550488759095417,-0.7997998872184944
2023-09-04 08:00:00,2,-0.7827976919217381,0.19622277029669188,0.528479083529665,0.33053885588720977,-1.840231323614697
2023-09-04 12:00:00,2,0.7589487278363549,0.5726470858753043,0.21957784053981647,0.7923262192062017,-0.7827976919217381
2023-09-04 16:00:00,2,0.07866276681786921,1.0882291213031636,-0.230802562697357,0.3446078169438538,0.7589487278363549
2023-09-04 20:00:00,2,1.2307799910157087,0.1622389316775337,-0.032075027796924255,0.29820314297116735,0.07866276681786921
2023-09-05 04:00:00,2,-0.9693400830366663,-0.9253827758974945,-0.3686355758617171,-0.42785756561577326,1.2307799910157087
2023-09-05 08:00:00,2,-0.33190978468847554,0.06678717240219996,0.27407126193161074,0.1439747299113181,-0.9693400830366663
2023-09-05 12:00:00,2,0.2987002754011989,0.22535283945943585,0.0878628744000898,0.3397746740256009,-0.33190978468847554
2023-09-05 16:00:00,2,1.3473534477044584,1.0006446446275727,-0.09635316107036646,0.16356565600773987,0.2987002754011989
2023-09-05 20:00:00,2,-1.8808099293191027,-0.5000771266792398,-0.40268942528688273,-0.6312639691879376,1.3473534477044584
2023-09-06 00:00:00,2,-0.710495835397742,0.2812537297435578,0.540333048984516,0.4782618599343129,-1.8808099293191027
2023-09-06 04:00:00,2,0.0078059830586170165,0.17408484794364049,0.19845676713970248,0.8973969721904327,-0.710495835397742
2023-09-06 08:00:00,2,0.053048616155651374,0.541901754000685,-0.011376094150891577,0.8927920731571932,0.0078059830586170165
2023-09-06 12:00:00,2,-0.10263060811320024,0.6141704734432198,-0.0245925317418094,0.8614976776383463,0.053048616155651374
2023-09-06 16:00:00,2,2.0695135411247954,1.5519578513928145,0.020885032469338302,0.922041440612495,-0.10263060811320024
2023-09-06 20:00:00,2,1.054720174043963,-0.18684277598913976,-0.6136493794714878,-0.29880426623013356,2.0695135411247954
2023-09-07 00:00:00,2,-1.818030563197837,-0.8781116234928356,-0.3172043610099003,-0.9210039140285406,1.054720174043963
2023-09-07 04:00:00,2,-0.7967096057203236,-0.42422425944497255,0.5219937190750576,0.15148716364879178,-1.818030563197837
2023-09-07 08:00:00,2,-0.6284264481848805,0.3959905854501169,0.22364183787823147,0.6214814315844785,-0.7967096057203236
2023-09-07 12:00:00,2,0.49804593585317214,0.6969899351785677,0.17448236821607413,0.9922022391979857,-0.6284264481848805
2023-09-07 16:00:00,2,1.5806121385424987,1.409649650042829,-0.1545867186693051,0.6983953949739599,0.49804593585317214
2023-09-07 20:00:00,2,-0.4637115063183632,-0.226329244895677,-0.4708297769633247,-0.2340380031057432,1.5806121385424987
2023-09-08 00:00:00,2,1.5830096241838696,-0.14161744960451927,0.12636525830336262,0.03951430300509795,-0.4637115063183632
2023-09-08 04:00:00,2,-1.4870258579042854,-1.3083628604614341,-0.47153013892692525,-0.8943334178100324,1.5830096241838696
2023-09-08 08:00:00,2,-0.18475007509629116,-0.13588362957777095,0.4252994568195937,-0.017108360563137026,-1.4870258579042854
2023-09-08 12:00:00,2,1.971755938138939,-0.022130980327535705,0.04487406087212153,0.09187925007002207,-0.18475007509629116
2023-09-08 16:00:00,2,-1.4152802867964098,-0.07856915691087595,-0.5850920836100985,-1.0712973729300117,1.971755938138939
2023-09-08 20:00:00,2,-1.5481117978509165,-0.18915011575673882,0.40434088747774544,-0.23639640331600908,-1.4152802867964098
2023-09-09 00:00:00,2,1.2381646352251128,0.37881956210099405,0.4431440971007122,0.6768644208153871,-1.5481117978509165
2023-09-11 04:00:00,2,-1.0602332296975518,-0.6435166382625991,-0.370792804180312,-0.05355263094131679,1.2381646352251128
2023-09-11 08:00:00,2,0.25922206141374105,0.354518927018899,0.30062328859436654,0.5718992740627185,-1.0602332296975518
2023-09-11 12:00:00,2,1.4379521836346534,0.2721166374640691,-0.08482064592592103,0.41897921120395676,0.25922206141374105
2023-09-11 16:00:00,2,0.979491783208875,0.38245504847730544,-0.42915544764834324,-0.42929634493529534,1.4379521836346534
2023-09-11 20:00:00,2,-0.9628984084087495,-0.9265080391369448,-0.29522837808236624,-1.0071173229842012,0.979491783208875
2023-09-12 00:00:00,2,-1.0666647551536954,-0.5306294829227334,0.27218949721384406,-0.43908509479568636,-0.9628984084087495
2023-09-12 04:00:00,2,3.0482088236963794,-0.4282735006409143,0.3025020885002697,0.19016089035595396,-1.0666647551536954
2023-09-12 08:00:00,2,-2.715965359967493,-1.4030273996956073,-0.899549298136498,-1.6080359235421264,3.0482088236963794
2023-09-12 12:00:00,2,2.323370137420822,-0.07821890675952532,0.7843015997142493,-0.005835897420307212,-2.715965359967493
2023-09-12 16:00:00,2,-0.8815228661892522,-0.2450434891575096,-0.6878068639572699,-1.3764364764022314,2.323370137420822
2023-09-12 20:00:00,2,-0.8220344224851264,-0.6721449244895636,0.24841778673747963,-0.8564092403949557,-0.8815228661892522
2023-09-13 00:00:00,2,-0.053484240231750135,-0.4024757104835449,0.23103981269449797,-0.3714753776175348,-0.8220344224851264
2023-09-13 04:00:00,2,-1.4036535317944985,-0.8306494082606339,0.006528222101286351,-0.3399239991060501,-0.053484240231750135
2023-09-13 08:00:00,2,0.5249143071434261,0.3399665297445703,0.4009444387887825,0.4881181248678894,-1.4036535317944985
2023-09-13 12:00:00,2,1.3166352731500517,0.06530761995079189,-0.1624356020790226,0.17846111340034287,0.5249143071434261
2023-09-13 16:00:00,2,-0.034423753255056866,0.3425220755893665,-0.3937159237659943,-0.5982472718123351,1.3166352731500517
2023-09-13 20:00:00,2,-0.2569070122064314,-0.44904649258015017,0.0009602054025305649,-0.5779400399243988,-0.034423753255056866
2023-09-14 00:00:00,2,1.0470024240213878,-0.4708682926961454,0.06595279990180153,-0.42638566896844843,-0.2569070122064314
2023-09-14 04:00:00,2,-1.4108157600131683,-1.3487666484342722,-0.3149498246460043,-1.0440324680928503,1.0470024240213878
2023-09-14 08:00:00,2,-0.6677634389166283,-0.24392800756232652,0.403036694163507,-0.2117652084054047,-1.4108157600131683
2023-09-14 12:00:00,2,0.5115973719900762,0.08223028278754689,0.18597362872484272,0.182161244061656,-0.6677634389166283
2023-09-14 16:00:00,2,1.0117664005540377,0.7637230606333091,-0.15854541200146752,-0.11963985209671524,0.5115973719900762
2023-09-14 20:00:00,2,-0.7796769777252965,-0.5205833707452883,-0.30465655316223483,-0.7165002455651575,1.0117664005540377
2023-09-15 00:00:00,2,-0.6858897970819573,-0.2866913264165869,0.2186662064992446,-0.2565538513692456,-0.7796769777252965
2023-09-15 04:00:00,2,-0.6767870930177331,-0.42657877429651314,0.1912687644197278,0.14806568722993418,-0.6858897970819573
2023-09-15 08:00:00,2,-0.24514979572117745,0.39992439207505537,0.18860965039523261,0.5473153662188084,-0.6767870930177331
2023-09-15 12:00:00,2,1.4266692796778866,0.5349733258944789,0.06251824034407202,0.6919339298049545,-0.24514979572117745
2023-09-15 16:00:00,2,0.36002360158128077,0.7329690674950552,-0.42585944593975344,-0.14968562501678573,1.4266692796778866
2023-09-15 20:00:00,2,-1.019876154793801,-0.2535611977365374,-0.11426714745547087,-0.3620704486085362,0.36002360158128077
2023-09-16 00:00:00,2,0.048230736161007925,0.10175384529359185,0.2888340374985371,0.23957404433566243,-1.019876154793801
2023-09-18 04:00:00,2,1.014672193242255,-0.3670799107426896,-0.023185115640868302,0.2111218085759381,0.048230736161007925
2023-09-18 08:00:00,2,-0.6512879757975032,-0.40958230919133864,-0.30550540357360684,-0.38745276769821757,1.014672193242255
2023-09-18 12:00:00,2,0.5378316553072278,-0.07171077772895341,0.18116075831501555,-0.003245506730767289,-0.6512879757975032
2023-09-18 16:00:00,2,-0.5350388658391587,0.5505514942489609,-0.16620906339549565,-0.3205227094829759,0.5378316553072278
2023-09-18 20:00:00,2,1.9623911561620844,-0.0650190014932246,0.14720165820099249,-0.004893026770840692,-0.5350388658391587
2023-09-19 00:00:00,2,-1.8261773621716237,-1.0815264179319255,-0.5823564104611861,-1.1625451853763362,1.9623911561620844
2023-09-19 04:00:00,2,-1.2781009157994703,-0.6736688726868988,0.5243735907322151,-0.0852481548245656,-1.8261773621716237
2023-09-19 08:00:00,2,0.9097136771079821,0.3452629106090982,0.364267565669664,0.6687280743511783,-1.2781009157994703
2023-09-19 12:00:00,2,1.9056286231075674,0.005393109520095512,-0.2748445515593396,0.13207053861470275,0.9097136771079821
2023-09-19 16:00:00,2,0.15462070034548425,-0.017448850775219838,-0.5657747390538558,-0.992096313704053,1.9056286231075674
2023-09-19 20:00:00,2,-1.7372886249425896,-0.891628628190659,-0.054264127309538904,-1.083310028644612,0.15462070034548425
2023-09-20 00:00:00,2,-0.03574478967891359,-0.17064839207785162,0.498407099224009,-0.05845016802493497,-1.7372886249425896
2023-09-20 04:00:00,2,0.1138433579346021,-0.5749549476785845,0.001346111223126497,-0.037363631428621424,-0.03574478967891359
2023-09-20 08:00:00,2,-0.47083350991306006,-0.23353111737172105,-0.0423521061868727,-0.10452201045109799,0.1138433579346021
2023-09-20 12:00:00,2,0.21460650464413433,0.030672212470796753,0.1284457631190245,0.17323170209653238,-0.47083350991306006
2023-09-20 16:00:00,2,0.01649899292801571,0.7862145387589807,-0.07178739208402185,0.04663121137788018,0.21460650464413433
2023-09-20 20:00:00,2,1.0004517257249947,0.044237813870012674,-0.013915526861842071,0.03689813919298057,0.01649899292801571
2023-09-21 00:00:00,2,-0.7178470193437612,-0.4402441916077483,-0.30135127043435184,-0.5532875107114021,1.0004517257249947
2023-09-21 04:00:00,2,-0.32324109144454916,-0.5849177775330907,0.20060422092811359,-0.12981579413626498,-0.7178470193437612
2023-09-21 08:00:00,2,0.03147203499004192,-0.07969441507528276,0.08533054514755842,0.06087032166982986,-0.32324109144454916
2023-09-21 12:00:00,2,0.8465204717006518,-0.049954338315686644,-0.018289504732107286,0.04230436496567069,0.03147203499004192
2023-09-21 16:00:00,2,0.11763582327920119,0.4322331871745999,-0.2563843294576605,-0.45707428759846724,0.8465204717006518
2023-09-21 20:00:00,2,-1.0050940063010732,-0.4621469664136644,-0.04345997454270228,-0.5264699146226102,0.11763582327920119
2023-09-22 00:00:00,2,-0.11393820955104772,-0.06605275992335959,0.2845158241311851,0.06645430557795162,-1.0050940063010732
2023-09-22 04:00:00,2,-0.5046274992135338,-0.4624147741714305,0.024188248893231193,0.13366863938710782,-0.11393820955104772
2023-09-22 08:00:00,2,0.5350026442450044,0.23835249884641524,0.13831778249464152,0.4313580739944003,-0.5046274992135338
2023-09-22 12:00:00,2,-0.7696809618581124,-0.048127059767365185,-0.16538264270358544,0.11574975909496121,0.5350026442450044
2023-09-22 16:00:00,2,0.2932533496180465,1.1967118197089566,0.2157461350793713,0.5697993119247853,-0.7696809618581124
2023-09-22 20:00:00,2,-0.21282761108078496,0.18870756566462954,-0.09476198589448762,0.3968035398343899,0.2932533496180465
2023-09-23 00:00:00,2,2.1636137443233547,0.20396373031486,0.05307616973810918,0.5223546271417634,-0.21282761108078496
2023-09-25 04:00:00,3,-1.24287905210827,-1.1234942586149543,-0.5331719990812384,-0.8411490316930532,2.1636137443233547
2023-09-25 08:00:00,3,-0.010637075885249203,-0.4723577183439243,0.3123525647543876,-0.08134802780335448,-1.24287905210827
2023-09-25 12:00:00,3,-0.2991095435235014,-0.00886570895379377,0.006498150332222159,-0.07484533478398525,-0.010637075885249203
2023-09-25 16:00:00,3,0.7767320832650917,0.8451332854592326,0.0780998157265895,0.10800731773811023,-0.2991095435235014
2023-09-25 20:00:00,3,0.1004644799329153,-0.3279153761507267,-0.1889345144793966,-0.36682715277378275,0.7767320832650917
2023-09-26 00:00:00,3,-1.3695951755384428,-0.4045508067853832,-0.0210783337933325,-0.42824343666625264,0.1004644799329153
2023-09-26 04:00:00,3,0.17723789226803177,0.03507230313902196,0.34380473606279943,0.40902209414418067,-1.3695951755384428
2023-09-26 08:00:00,3,-1.4338539634705683,-0.08293492537350337,-0.04013423963491263,0.30067242951340667,0.17723789226803177
2023-09-26 12:00:00,3,1.514357975090384,1.1388720493672047,0.3597543907034406,1.1772208587657627,-1.4338539634705683
2023-09-26 16:00:00,3,0.7548410370441889,0.9552799288001956,-0.3720204177030183,0.2514584462685132,1.514357975090384
2023-09-26 20:00:00,3,-0.45125452258112375,-0.12943339663320144,-0.18350094440779002,-0.20999351621363704,0.7548410370441889
2023-09-27 00:00:00,3,0.13293786741406066,0.10498135195645465,0.11586367572718373,0.06586891680855622,-0.45125452258112375
2023-09-27 04:00:00,3,-1.16475814754037,-0.38451882708462337,-0.029138543641720426,-0.01539910757790608,0.13293786741406066
2023-09-27 08:00:00,3,-0.4658211849166882,0.3303955498285383,0.29296219826648245,0.6966447620880114,-1.16475814754037
2023-09-27 12:00:00,3,2.2155747560275696,1.004700614994354,0.11947926265304507,0.9814121361397525,-0.4658211849166882
2023-09-27 16:00:00,3,0.9592222457350452,0.3998383144189369,-0.5460692263419819,-0.37302047817369566,2.2155747560275696
2023-09-27 20:00:00,3,-1.506456484322003,-0.6929262369994906,-0.23423034342943358,-0.9594154488078379,0.9592222457350452
2023-09-28 00:00:00,3,0.6262507003392379,-0.0003278085934425327,0.3777750408103719,-0.03848340223224156,-1.506456484322003
2023-09-28 04:00:00,3,-1.0579435622508573,-0.7481746340841469,-0.1515835751798782,-0.421325087428599,0.6262507003392379
2023-09-28 08:00:00,3,0.04079730456374797,-0.15373445570243296,0.26644978182080414,0.22542053057287248,-1.0579435622508573
2023-09-28 12:00:00,3,0.658011334285364,0.3103081620795078,-0.006268361941295548,0.20048018508153298,0.04079730456374797
2023-09-28 16:00:00,3,1.3348394451000392,0.5517841830504341,-0.15946687268532772,-0.20177751771967944,0.658011334285364
2023-09-28 20:00:00,3,-0.4357177610511229,-0.9588593725666155,-0.32746217676691547,-1.017796058460383,1.3348394451000392
2023-09-29 00:00:00,3,-0.5076877306395229,-0.7826431901049382,0.11200730076880042,-0.7514316107712471,-0.4357177610511229
2023-09-29 04:00:00,3,-0.628769255019094,-0.7840543228142147,0.12987094551486866,-0.44107023912525545,-0.5076877306395229
2023-09-29 08:00:00,3,0.47752561260194604,-0.4846461871852015,0.1599245546687856,-0.05668890260815296,-0.628769255019094
2023-09-29 12:00:00,3,-0.7422023745878619,-0.33097485555224754,-0.11466856538675152,-0.34861146677282484,0.47752561260194604
2023-09-29 16:00:00,3,1.791251093414612,0.65942714665812,0.18807975553941864,0.10511418605284639,-0.7422023745878619
2023-09-29 20:00:00,3,-1.4665077028690945,-0.885610637782648,-0.4407479762481076,-0.9899194591649385,1.791251093414612
2023-09-30 00:00:00,3,3.160975652105126,-0.19843458008599138,0.36785936564760097,-0.09340903607764872,-1.4665077028690945
2023-10-02 04:00:00,3,-3.120376237888804,-2.3657760623284125,-0.7807269015741539,-2.0257873070497086,3.160975652105126
2023-10-02 08:00:00,3,0.7349168992364685,-0.7214458127455895,0.7783655828275833,-0.11822840657598377,-3.120376237888804
2023-10-02 12:00:00,3,-0.4145321003484739,-0.5808957581566164,-0.17855558008841713,-0.5675002780973415,0.7349168992364685
2023-10-02 16:00:00,3,1.725512750241057,0.2618233074964891,0.10674881422688225,-0.31408711978961,-0.4145321003484739
2023-10-02 20:00:00,3,-0.08264492220922293,-1.2926762047025906,-0.4244310816410438,-1.3689333798772116,1.725512750241057
2023-10-03 00:00:00,3,0.2126081624243703,-1.3828080361738722,0.024371196451561793,-1.3184106079675573,-0.08264492220922293
2023-10-03 04:00:00,3,-2.4059924575835154,-1.8779713055972145,-0.04891348387051296,-1.4483829451560908,0.2126081624243703
2023-10-03 08:00:00,3,-0.5017907592518895,-0.5544370006405822,0.6010485971916211,0.022456459146424024,-2.4059924575835154
2023-10-03 12:00:00,3,0.9553461636755731,0.16648727572658126,0.12840726000063454,0.32921287440294833,-0.5017907592518895
2023-10-03 16:00:00,3,0.2700244662307014,0.30435350999169936,-0.23326826225428496,-0.25481255670524483,0.9553461636755731
2023-10-03 20:00:00,3,-0.1668143322718425,-0.46714462665197215,-0.06316476756139758,-0.4198848219178979,0.2700244662307014
2023-10-04 00:00:00,3,0.1497088521037444,-0.4346532384643205,0.04526286068935137,-0.3179073230548024,-0.1668143322718425
2023-10-04 04:00:00,3,-0.45333353528758735,-0.9011585224344454,-0.033301264763483246,-0.4094278422289328,0.1497088521037444
2023-10-04 08:00:00,3,-0.930605517225823,-0.6479230618509269,0.11637970685271047,-0.13229446016403834,-0.45333353528758735
2023-10-04 12:00:00,3,0.7912939471680929,0.28747565585788193,0.23484324353830505,0.4366064357148307,-0.930605517225823
2023-10-04 16:00:00,3,0.5107808788314276,0.46767732484116387,-0.19254891038773858,-0.047130042432671715,0.7912939471680929
2023-10-04 20:00:00,3,0.6298317198062797,-0.4662527662335095,-0.12292284512671586,-0.35938232783845514,0.5107808788314276
2023-10-05 00:00:00,3,-1.3977690574932193,-0.8650281451389281,-0.15247241895671787,-0.7444131739039985,0.6298317198062797
2023-10-05 04:00:00,3,-0.9972079205052733,-0.4198398091419425,0.35079776692325587,0.1100757092160567,-1.3977690574932193
2023-10-05 08:00:00,3,0.349468083511967,0.08688776903099667,0.25137460624726243,0.7196922103562358,-0.9972079205052733
2023-10-05 12:00:00,3,1.0011280142766186,0.35158138463063604,-0.08288344417848308,0.5060542057335056,0.349468083511967
2023-10-05 16:00:00,3,1.4264407704397275,0.472781921149953,-0.24463176177543058,-0.10595874032040697,1.0011280142766186
2023-10-05 20:00:00,3,-1.1639529215270272,-0.9646791914174098,-0.3501985144852095,-0.9779753114669365,1.4264407704397275
2023-10-06 00:00:00,3,-0.817262174899632,-0.4301034270452333,0.29276233335720275,-0.26642369527673626,-1.1639529215270272
2023-10-06 04:00:00,3,-0.620773204170824,-0.3272500446265801,0.2067103262503503,0.23318776721955814,-0.817262174899632
2023-10-06 08:00:00,3,0.24334514073920488,-0.004170168639194369,0.15793985726593976,0.6126809310288142,-0.620773204170824
2023-10-06 12:00:00,3,2.811969635344367,0.3566636927673236,-0.05654270011617756,0.4639183608401094,0.24334514073920488
2023-10-06 16:00:00,3,-1.008387876287994,-0.47310227145493755,-0.694100221956112,-1.255104377710226,2.811969635344367
2023-10-06 20:00:00,3,-0.27098801137908524,-0.8187301638863222,0.25414957974692426,-0.638653308385198,-1.008387876287994
2023-10-07 00:00:00,3,-0.16823229170618248,-0.6949636615382869,0.07111977859699263,-0.4729920055105188,-0.27098801137908524
2023-10-09 04:00:00,3,-1.2505326189741837,-0.8756217872995391,0.04561481197881624,-0.37014767491519773,-0.16823229170618248
2023-10-09 08:00:00,3,-0.06694665772261388,-0.2703072534842402,0.31425225430983517,0.39433213322194227,-1.2505326189741837
2023-10-09 12:00:00,3,1.4403290327775817,0.21229561266356825,0.020474734892353314,0.4352581892677172,-0.06694665772261388
2023-10-09 16:00:00,3,-0.2602909708800194,0.04582211361392337,-0.3536457159494104,-0.4452486011392347,1.4403290327775817
2023-10-09 20:00:00,3,-0.02874872651878846,-0.516186316283215,0.0684646693562571,-0.28612664905339713,-0.2602909708800194
2023-10-10 00:00:00,3,-1.5679738524794509,-0.44451330883981577,0.010993637749165504,-0.26855188083079895,-0.02874872651878846
2023-10-10 04:00:00,3,0.4217178643748305,0.014020737111212014,0.3930442484640995,0.6899871702263631,-1.5679738524794509
2023-10-10 08:00:00,3,-0.5563921068247843,-0.17848268957783311,-0.10081654079776384,0.43218118647702575,0.4217178643748305
2023-10-10 12:00:00,3,0.6171640141031318,0.5900700931897835,0.14195984424204847,0.7723166812419269,-0.5563921068247843
2023-10-10 16:00:00,3,1.773884136728908,0.8599981253270599,-0.14932817149179675,0.3950298996482271,0.6171640141031318
2023-10-10 20:00:00,3,-1.9080236752492397,-0.7361955922984913,-0.43643732909446786,-0.6893869191760933,1.773884136728908
2023-10-11 00:00:00,3,0.09533747691954453,0.3130039304521898,0.47744791383541385,0.47703253365848397,-1.9080236752492397
2023-10-11 04:00:00,3,1.8545821650058478,-0.13277555984980072,-0.01980576190026839,0.4187505064983128,0.09533747691954453
2023-10-11 08:00:00,3,-1.252892489800912,-1.1740684263185945,-0.45646736269169996,-0.7149989024865153,1.8545821650058478
2023-10-11 12:00:00,3,0.815128698425756,0.014159937387321016,0.31483799714585936,0.05092354982437186,-1.252892489800912
2023-10-11 16:00:00,3,0.463229079908837,0.1482588212217085,-0.19846492690841838,-0.4473836686556778,0.815128698425756
2023-10-11 20:00:00,3,-1.3833965377156474,-0.6408400993818835,-0.11112002725910149,-0.7305664283526978,0.463229079908837
2023-10-12 00:00:00,3,-0.41266455780503364,0.022769292063966995,0.34723036806397156,0.11513619761956662,-1.3833965377156474
2023-10-12 04:00:00,3,0.2626094072238203,-0.1289080251352166,0.1062852720476236,0.3674076835361628,-0.41266455780503364
2023-10-12 08:00:00,3,-0.07204205584367962,-0.2627874607298104,-0.06132427797070295,0.20686841714409,0.2626094072238203
2023-10-12 12:00:00,3,0.17734325859003874,0.24342299244490453,0.021739462144498397,0.2509094091130635,-0.07204205584367962
2023-10-12 16:00:00,3,0.5864044699916473,0.8193864559300326,-0.04016039257835969,0.14249533158780814,0.17734325859003874
2023-10-12 20:00:00,3,-0.3152516628657942,-0.15854890633397536,-0.14169335419645723,-0.21598742200698684,0.5864044699916473
2023-10-13 00:00:00,3,-1.0311163696348622,-0.05978404171604731,0.08210644636751495,-0.023266714777252062,-0.3152516628657942
2023-10-13 04:00:00,3,-0.6215550162125218,0.10256501770215871,0.2597910123205913,0.6070788135722136,-1.0311163696348622
2023-10-13 08:00:00,3,1.1205424802440263,0.3875369889590781,0.15813391060028129,0.9870499173492622,-0.6215550162125218
2023-10-13 12:00:00,3,0.35936323680790494,0.32229449376159314,-0.2742715908566847,0.3020361181817002,1.1205424802440263
2023-10-13 16:00:00,3,0.049362009537135876,0.6790781433494875,-0.08533951723502932,0.08234897515315076,0.35936323680790494
2023-10-13 20:00:00,3,0.9459641304741471,0.07959098059032475,-0.008394204815406547,0.05217282540091972,0.049362009537135876
2023-10-14 00:00:00,3,1.2598094208747508,-0.4944730569379037,-0.2309395505837842,-0.5261171496040591,0.9459641304741471
2023-10-16 04:00:00,3,-2.2169652009280885,-1.714810988281748,-0.3088389967695534,-1.296268083491512,1.2598094208747508
2023-10-16 08:00:00,3,2.787958972583672,-0.5316226621452067,0.5541301980380848,0.0590145422767705,-2.2169652009280885
2023-10-16 12:00:00,3,-2.582248080894356,-1.5898354149797231,-0.6881405424935847,-1.6453299171291151,2.787958972583672
2023-10-16 16:00:00,3,5.142456636603493,0.42915063031850736,0.6447969530312652,-0.06674133215965128,-2.582248080894356
2023-10-16 20:00:00,3,-3.1085553162871324,-3.06237934054058,-1.2725497074000098,-3.210445225408802,5.142456636603493
2023-10-17 00:00:00,3,-0.8729161276806323,-1.3158198604471534,0.7754315153926371,-1.3101127305009408,-3.1085553162871324
2023-10-17 04:00:00,3,-0.5575862556819171,-1.1739697794917516,0.2205241773173999,-0.7764787063388887,-0.8729161276806323
2023-10-17 08:00:00,3,0.13532659507074918,-0.9199984043239692,0.14225624357471098,-0.4356132004768476,-0.5575862556819171
2023-10-17 12:00:00,3,-0.10338318006603764,-0.5185898456141446,-0.029731449022926393,-0.5183415098914415,0.13532659507074918
2023-10-17 16:00:00,3,0.11831616682422208,0.26087592617159683,0.029518633266182974,-0.455140956413417,-0.10338318006603764
2023-10-17 20:00:00,3,-0.2323758612567648,-0.5300542091342961,-0.02550929568713532,-0.5274703935995495,0.11831616682422208
2023-10-18 00:00:00,3,-0.7211580925918515,-0.4547822358911067,0.061535868299243096,-0.3854136002509696,-0.2323758612567648
2023-10-18 04:00:00,3,1.3545436822574768,-0.4104133149423667,0.18285636056422608,0.05544719129991904,-0.7211580925918515
2023-10-18 08:00:00,3,-1.2038427497058262,-1.1948399967671104,-0.332352959611285,-0.7726170099961758,1.3545436822574768
2023-10-18 12:00:00,3,1.722803681428152,-0.03152107750452873,0.30266337574534097,-0.036679809831550614,-1.2038427497058262
2023-10-18 16:00:00,3,-1.2527485467942334,-0.3701253247294276,-0.42375866447672994,-1.0898699528575921,1.722803681428152
2023-10-18 20:00:00,3,-0.7477815530615093,-0.3606923752182745,0.31480226909498354,-0.32403549626985306,-1.2527485467942334
2023-10-19 00:00:00,3,-0.17943678115005746,0.05265566086207171,0.18946456176899099,0.1331008387118704,-0.7477815530615093
2023-10-19 04:00:00,3,1.969879789140462,-0.263939202106524,0.04839587497121627,0.24279473549232122,-0.17943678115005746
2023-10-19 08:00:00,3,-2.5367146548332418,-1.4067717827837247,-0.48508535168607664,-0.9614388050055274,1.969879789140462
2023-10-19 12:00:00,3,1.3488873150210985,0.47752172176487323,0.633495114891289,0.5893141327438087,-2.5367146548332418
2023-10-19 16:00:00,3,1.1327927699153442,0.2852461058850976,-0.3309489943818729,-0.2352921991020933,1.3488873150210985
2023-10-19 20:00:00,3,-0.28929371561334705,-0.9547251932076966,-0.2773122316124941,-0.9277948865684955,1.1327927699153442
2023-10-20 00:00:00,3,-0.4494655409123176,-0.7463596921206588,0.07566343200045547,-0.7509428789904851,-0.28929371561334705
2023-10-20 04:00:00,3,0.9495885328636273,-0.9675827021728911,0.11541963311925227,-0.4761740922612221,-0.4494655409123176
2023-10-20 08:00:00,3,0.25253559335446596,-1.5192894649390924,-0.23183916242289926,-1.056679749129498,0.9495885328636273
2023-10-20 12:00:00,3,0.1390651626810957,-1.1745104941764029,-0.05882385962636665,-1.2110606577328955,0.25253559335446596
2023-10-20 16:00:00,3,-0.595583509555988,-0.6332609379564003,-0.030659397777557402,-1.2960744408777227,0.1390651626810957
2023-10-20 20:00:00,3,-0.769046680121166,-0.9861942216708162,0.15168753065756632,-0.9319803259329245,-0.595583509555988
2023-10-21 00:00:00,3,0.6175252052719209,-0.596489449591142,0.19474277263174697,-0.46184412192906077,-0.769046680121166
2023-10-23 04:00:00,4,0.8532930919281583,-0.5976987173168001,-0.21194494000647554,-0.6978938956041318,0.6175252052719209
2023-10-23 08:00:00,4,-0.46941341529540104,-1.1094150488263705,-0.2879424648661429,-1.2552786804472449,0.8532930919281583
2023-10-23 12:00:00,4,-1.3990999310369485,-0.24920481501706748,0.13841933567598716,-0.948650280473128,-0.46941341529540104
2023-10-23 16:00:00,4,1.4618520903772758,1.4074019946059808,0.4380948983397991,-0.034735681360562154,-1.3990999310369485
2023-10-23 20:00:00,4,0.8544288653923005,-0.36104826353984826,-0.48410564157834984,-0.9896410012034602,1.4618520903772758
2023-10-24 00:00:00,4,2.357052289724523,-0.9467524837679928,-0.28830857058690185,-1.5477676915582084,0.8544288653923005
2023-10-24 04:00:00,4,-1.8324571793654716,-2.638809189256057,-0.7726648697630918,-3.0874321934743714,2.357052289724523
2023-10-24 08:00:00,4,-0.44929669395353145,-1.291886807534111,0.5777834654302938,-1.8904416631199608,-1.8324571793654716
2023-10-24 12:00:00,4,-0.6834963716375775,-0.541533842257561,0.13193490282147022,-1.5969538293861607,-0.44929669395353145
2023-10-24 16:00:00,4,1.1567810626817145,0.5921956586784632,0.20742693050745742,-1.150482995800255,-0.6834963716375775
2023-10-24 20:00:00,4,-1.1436626400509162,-1.0620661178507287,-0.38576891158482796,-1.9061110090031566,1.1567810626817145
2023-10-25 00:00:00,4,0.656397264436773,-0.5231762245968399,0.3557571289891253,-1.1590521606566417,-1.1436626400509162
2023-10-25 04:00:00,4,-1.415999639105948,-1.4595098157854887,-0.22447497674992173,-1.5878214211494983,0.656397264436773
2023-10-25 08:00:00,4,0.25797382567222193,-0.44014733089173436,0.4435423577131256,-0.6628676606572652,-1.415999639105948
2023-10-25 12:00:00,4,-0.006580862453851921,-0.011079839442648318,-0.09604698928472524,-0.8313803167160962,0.25797382567222193
2023-10-25 16:00:00,4,1.1057928561255963,0.5898598871571438,-0.010770314107508377,-0.8270815914157028,-0.006580862453851921
2023-10-25 20:00:00,4,-1.2992739803219546,-0.7783935053505342,-0.3693333505325784,-1.5494032872352088,1.1057928561255963
2023-10-26 00:00:00,4,-0.3061584728029665,-0.007681211135324242,0.4059169572355288,-0.7006966062311859,-1.2992739803219546
2023-10-26 04:00:00,4,-1.1219595966806484,-0.2184357973541488,0.08579566530894346,-0.5007089629402159,-0.3061584728029665
2023-10-26 08:00:00,4,0.7805169701587715,0.5734246541895311,0.34876136039037947,0.23217310807877745,-1.1219595966806484
2023-10-26 12:00:00,4,0.5316599238630353,0.5011219313595152,-0.2644837775877377,-0.27767314239921603,0.7805169701587715
2023-10-26 16:00:00,4,0.6391771449309029,0.6624435199877511,-0.18426708722082996,-0.6249619638784516,0.5316599238630353
2023-10-26 20:00:00,4,-1.7139860366203905,-0.49531102900866447,-0.21892423581232348,-1.0424827650827613,0.6391771449309029
2023-10-27 00:00:00,4,-0.608059505942995,0.6240643166395066,0.5395954248806912,0.07712050755944944,-1.7139860366203905
2023-10-27 04:00:00,4,1.2798279344181687,0.5570040887205686,0.18311057785541676,0.47431476601288836,-0.608059505942995
2023-10-27 08:00:00,4,-0.1976658789414394,-0.30766184492635495,-0.425431894641253,-0.3616894447442025,1.2798279344181687
2023-10-27 12:00:00,4,-0.25149868425793187,0.3949055263189867,0.050824114619756056,-0.23257091038968447,-0.1976658789414394
2023-10-27 16:00:00,4,0.9792912058202781,1.157039802917372,0.06817660489452747,-0.06828792094619729,-0.25149868425793187
2023-10-27 20:00:00,4,0.14132279723429697,-0.2713338034845152,-0.32855675262429396,-0.7079767022317318,0.9792912058202781
2023-10-28 00:00:00,4,1.4618358675035275,0.37021588419149626,-0.058445645185887476,-0.8002910285458809,0.14132279723429697
2023-10-30 04:00:00,4,-3.094461832669678,-1.7429531462545456,-0.48410041229005074,-1.755185751346474,1.4618358675035275
2023-10-30 08:00:00,4,0.8695446097600676,0.40779599466765293,0.9845786035329789,0.26616653560375525,-3.094461832669678
2023-10-30 12:00:00,4,0.5531173461435372,0.26133023143248957,-0.29318098631176565,-0.3018340023209216,0.8695446097600676
2023-10-30 16:00:00,4,0.5247026715338734,0.5415872385093006,-0.1911836822088679,-0.6631391574775813,0.5531173461435372
2023-10-30 20:00:00,4,-0.41845812205083455,-0.6069210735003052,-0.18202448342800984,-1.005883389730358,0.5247026715338734
2023-10-31 00:00:00,4,-1.8232910579151564,-0.34346660731546985,0.12199438391514,-0.7325398076346588,-0.41845812205083455
2023-10-31 04:00:00,4,-0.06885537169898903,0.5256114997140456,0.5748288537880274,0.4584632646226936,-1.8232910579151564
2023-10-31 08:00:00,4,1.0651335243968205,0.6117451767790569,0.009303278745200365,0.5034407019215354,-0.06885537169898903
2023-10-31 12:00:00,4,-0.7426053649534072,0.1871052326657243,-0.3562272035604061,-0.1923216638367169,1.0651335243968205
2023-10-31 16:00:00,4,0.909513431889664,1.3874996409083737,0.2264801495554759,0.2927601157808617,-0.7426053649534072
2023-10-31 20:00:00,4,-1.2241113773731431,0.03617726472875511,-0.3060645541143414,-0.30134870021834814,0.909513431889664
2023-11-01 00:00:00,4,0.543059955220242,0.8254289934610268,0.38168901055826027,0.49826055849411155,-1.2241113773731431
2023-11-01 04:00:00,4,-1.1834534063268478,-0.08450533506886208,-0.18794177837049242,0.1435250530028398,0.543059955220242
2023-11-01 08:00:00,4,0.017335617509742107,0.8250183172732446,0.3685833021890806,0.9165758704737446,-1.1834534063268478
2023-11-01 12:00:00,4,2.5999698614549054,1.429728694235563,-0.018479562836700766,0.9052519660296632,0.017335617509742107
2023-11-01 16:00:00,4,0.4770095047997014,0.29354826469091533,-0.8509670272717058,-0.7930902044793573,2.5999698614549054
2023-11-01 20:00:00,4,0.027756091433730035,-0.9073862096922648,-0.16665104696928928,-1.1046804924073967,0.4770095047997014
2023-11-02 00:00:00,4,0.14912624934547658,-0.9202303432106441,-0.02183850301010303,-1.1228112181782057,0.027756091433730035
2023-11-02 04:00:00,4,-1.0690056094449414,-1.573173188209135,-0.060961013390698524,-1.220222885039429,0.14912624934547658
2023-11-02 08:00:00,4,-0.6476158939840122,-0.7334400341224969,0.33169214872445013,-0.5219312109909104,-1.0690056094449414
2023-11-02 12:00:00,4,0.4257266303457712,0.25032374008696834,0.19586120147146946,-0.09889808304939152,-0.6476158939840122
2023-11-02 16:00:00,4,1.0732263370860817,0.4625032265690696,-0.15012050253653392,-0.37698957177931547,0.4257266303457712
2023-11-02 20:00:00,4,-1.295457578976066,-0.9930564013000914,-0.3588358443819337,-1.0780382930726695,1.0732263370860817
2023-11-03 00:00:00,4,0.46839845221656873,-0.13270558605951346,0.4046867767377856,-0.231824546868161,-1.295457578976066
2023-11-03 04:00:00,4,-0.5890312491243286,-0.9823341987916566,-0.16387535647116513,-0.5377899566192585,0.46839845221656873
2023-11-03 08:00:00,4,0.5892851841499507,-0.47475668601717164,0.1769770011367128,-0.153025261856353,-0.5890312491243286
2023-11-03 12:00:00,4,-0.6466635397014482,0.3260699978692291,-0.20284203910808604,-0.5379558310661032,0.5892851841499507
2023-11-03 16:00:00,4,0.7145215950468558,0.8864443688244326,0.19555421917082264,-0.11554479627394088,-0.6466635397014482
2023-11-03 20:00:00,4,-0.13750535733216296,-0.47374593233764245,-0.2432107991858753,-0.5822818052669545,0.7145215950468558
2023-11-04 00:00:00,4,1.4075790244189523,0.17986783698086645,0.03143194547656039,-0.49246109215397915,-0.13750535733216296
2023-11-06 04:00:00,4,-2.152196493270143,-1.7559141615131721,-0.4666112374935731,-1.4119143715688933,1.4075790244189523
2023-11-06 08:00:00,4,-0.8418032063342284,-0.15699015906128655,0.6808483772879171,-0.006064973877437652,-2.152196493270143
2023-11-06 12:00:00,4,1.2401572033751354,0.9510109299270901,0.2584556256191701,0.5438144327196461,-0.8418032063342284
2023-11-06 16:00:00,4,-0.3665606024882404,0.8192977418192906,-0.412644413651359,-0.26627621785963385,1.2401572033751354
2023-11-06 20:00:00,4,-0.04126904908714302,0.16099722191070054,0.10526571450621404,-0.02683293104222173,-0.3665606024882404
2023-11-07 00:00:00,4,-0.5510420189602225,0.13712231561638222,0.0004110913136805977,0.0001246762133799706,-0.04126904908714302
2023-11-07 04:00:00,4,0.3361378920699689,0.13343233639903612,0.16473153588382275,0.3600741942431327,-0.5510420189602225
2023-11-07 08:00:00,4,-0.30104627286223007,-0.07213698175492056,-0.1212424290176042,0.14050351164722663,0.3361378920699689
2023-11-07 12:00:00,4,0.46595770731056874,0.6743143814823919,0.08414779651903409,0.3371517836354201,-0.30104627286223007
2023-11-07 16:00:00,4,1.6663785117602288,1.0331057121419869,-0.1630886056786779,0.03278070775056108,0.46595770731056874
2023-11-07 20:00:00,4,0.31364146060290743,-0.9375104792923563,-0.550032778704421,-1.0557245632177672,1.6663785117602288
2023-11-08 00:00:00,4,-1.527103526205579,-1.2580013704292405,-0.11399091934884,-1.2606002146085435,0.31364146060290743
2023-11-08 04:00:00,4,-1.4657343186611218,-0.6041757161137542,0.4793556338196004,-0.26307160639742655,-1.527103526205579
2023-11-08 08:00:00,4,0.4577245773135239,0.49786828097774855,0.45957385631748365,0.6943696474606096,-1.4657343186611218
2023-11-08 12:00:00,4,-0.28859835319364535,0.7726201951921053,-0.16043473491410004,0.3953765846352706,0.4577245773135239
2023-11-08 16:00:00,4,1.3583322375994307,1.5944647545822492,0.0801353285876243,0.5838936750964461,-0.28859835319364535
2023-11-08 20:00:00,4,0.8683285484266108,-0.22342530508927294,-0.4507370064494093,-0.3033908103421954,1.3583322375994307
2023-11-09 00:00:00,4,0.30723165265174934,-0.8699587351674413,-0.2927890005637023,-0.8705969974264436,0.8683285484266108
2023-11-09 04:00:00,4,-0.1807478382518184,-1.4128820549168952,-0.11192477901894812,-1.0712856590717985,0.30723165265174934
2023-11-09 08:00:00,4,-1.0464297457479166,-1.142425537166565,0.04537074590139027,-0.9532182612598756,-0.1807478382518184
2023-11-09 12:00:00,4,1.2106625552373096,0.24849491566621973,0.32441503483554845,-0.26967350482788177,-1.0464297457479166
2023-11-09 16:00:00,4,1.1836748545566902,0.07364373774202379,-0.403137095725785,-1.060497776408151,1.2106625552373096
2023-11-09 20:00:00,4,-1.057957147538099,-1.4540797802453844,-0.39443786835233396,-1.8336932474278926,1.1836748545566902
2023-11-10 00:00:00,4,-1.221102878727784,-0.8419703515006575,0.3281307826269095,-1.1426186065665025,-1.057957147538099
2023-11-10 04:00:00,4,-0.2951440648501418,-0.5465702077807373,0.38071924977432314,-0.34497454760311896,-1.221102878727784
2023-11-10 08:00:00,4,-0.533612684342545,-0.31765952140869663,0.08224527617800213,-0.1521816929082771,-0.2951440648501418
2023-11-10 12:00:00,4,1.704523693341594,0.5806870691411897,0.1591133564545533,0.19638270315373596,-0.533612684342545
2023-11-10 16:00:00,4,-0.1293621063111008,0.07436531891406825,-0.5623285134061242,-0.9170396145241657,1.704523693341594
2023-11-10 20:00:00,4,-1.1140665001631422,-0.5555204630912652,0.028807046340852283,-0.8325382040766343,-0.1293621063111008
2023-11-11 00:00:00,4,0.7380211143685482,0.7530632104595784,0.3462170961679854,-0.10481203077411472,-1.1140665001631422
2023-11-13 04:00:00,4,-0.6604320202209539,-0.8045718439100498,-0.2507856446373447,-0.5868993041076509,0.7380211143685482
2023-11-13 08:00:00,4,-0.5670251546207794,-0.241444662927238,0.199992357270973,-0.15549447618089296,-0.6604320202209539
2023-11-13 12:00:00,4,0.42745860042874995,0.6248786617552,0.1698835469016323,0.2148954833754022,-0.5670251546207794
2023-11-13 16:00:00,4,0.8070805505516301,1.0577479155550336,-0.15067878653909317,-0.06432735609577023,0.42745860042874995
2023-11-13 20:00:00,4,-0.047055579196742414,-0.3999286489388611,-0.2730462938400529,-0.591525364934399,0.8070805505516301
2023-11-14 00:00:00,4,-0.36568227617930305,-0.4463324339931552,0.002276323988462517,-0.5607879030536544,-0.047055579196742414
2023-11-14 04:00:00,4,-1.3329209362176346,-0.5697888657924811,0.10498259441532697,-0.3219183531214469,-0.36568227617930305
2023-11-14 08:00:00,4,0.3813693525486368,0.4147562832360973,0.416762731880243,0.5487670611571662,-1.3329209362176346
2023-11-14 12:00:00,4,0.7694539135377862,0.5854034519523069,-0.1358223579931676,0.29965046039371224,0.3813693525486368
2023-11-14 16:00:00,4,1.0524505364631658,1.41416663725567,-0.2609177070235853,-0.20296922339491275,0.7694539135377862
2023-11-14 20:00:00,4,0.9083002246425131,-0.5036623539808186,-0.3521389636204682,-0.8904468572510309,1.0524505364631658
2023-11-15 00:00:00,4,-1.562402384008582,-1.3546268309473055,-0.30567348835372016,-1.483763186744934,0.9083002246425131
2023-11-15 04:00:00,4,-1.0716252650312583,-0.6877538491698624,0.49073388325572054,-0.4631767963393365,-1.562402384008582
2023-11-15 08:00:00,4,0.5153288118165786,0.14943850766399186,0.332536569664759,0.23682607891209173,-1.0716252650312583
2023-11-15 12:00:00,4,0.882348572581483,0.42238013056678536,-0.17900290934088725,-0.09979499726324903,0.5153288118165786
2023-11-15 16:00:00,4,0.9698105492243752,0.3834943989122816,-0.29730822135052887,-0.6761592898343247,0.882348572581483
2023-11-15 20:00:00,4,0.13657339983300965,-1.0336199786164249,-0.3255007535840869,-1.3096551536019891,0.9698105492243752
2023-11-16 00:00:00,4,-1.6629453272471775,-1.1966438708906908,-0.056914722327003606,-1.398867097072901,0.13657339983300965
2023-11-16 04:00:00,4,-0.5142080564901583,-0.4234776390691208,0.5231429400471584,-0.31260443749945743,-1.6629453272471775
2023-11-16 08:00:00,4,0.6039764456456602,0.0266869103742149,0.15285846013037938,0.02328454325358642,-0.5142080564901583
2023-11-16 12:00:00,4,0.659451314704155,0.12162046742893483,-0.20757762683623146,-0.37124259448030017,0.6039764456456602
2023-11-16 16:00:00,4,0.494973230866373,0.22943289479235213,-0.2254594206638482,-0.8020068097750723,0.659451314704155
2023-11-16 20:00:00,4,-0.18456989398223556,-0.8454230555867858,-0.17244148237457696,-1.1253312927685224,0.494973230866373
2023-11-17 00:00:00,4,-0.9644661988737653,-0.9007192046856589,0.04660274903594323,-1.0047672666220802,-0.18456989398223556
2023-11-17 04:00:00,4,0.2551741520348081,-0.5438376881895061,0.2979948688854796,-0.3747624185423195,-0.9644661988737653
2023-11-17 08:00:00,4,-0.24402024067750538,-0.7008764641692704,-0.09514454124620784,-0.5414462827091473,0.2551741520348081
2023-11-17 12:00:00,4,0.027884837099382054,-0.0453894412317129,0.06576600008326343,-0.38204833300812346,-0.24402024067750538
2023-11-17 16:00:00,4,1.2227463501144715,0.5435760236634652,-0.02188000294491065,-0.40026315752041697,0.027884837099382054
2023-11-17 20:00:00,4,-1.142708649199248,-1.2821880641329424,-0.40703219151088327,-1.1989807584518895,1.2227463501144715
2023-11-18 00:00:00,4,2.4680133792497294,0.01979714823636043,0.3554496191560696,-0.4525450722880162,-1.142708649199248
2023-11-20 04:00:00,5,-2.9188472645943104,-1.8497780050982984,-0.7997038829906832,-1.4473680046625859,2.4680133792497294
2023-11-20 08:00:00,5,-0.07701965251942333,0.04169931039741147,0.9756143521272125,0.08140429491726042,-2.9188472645943104
2023-11-20 12:00:00,5,0.6462738924082903,0.42018757833527054,0.039048750315412654,0.12174402516735405,-0.07701965251942333
2023-11-20 16:00:00,5,1.278017012578422,0.36736752202298184,-0.19932315208763962,-0.21674769265562777,0.6462738924082903
2023-11-20 20:00:00,5,-1.241723310205547,-0.8524136837199425,-0.4075232811238312,-0.8861205066844002,1.278017012578422
2023-11-21 00:00:00,5,-0.11084132618362474,-0.18267825207045907,0.42289377225070646,-0.23575684312056566,-1.241723310205547
2023-11-21 04:00:00,5,-1.050123016470982,-0.3629077929243719,0.05019517454431496,-0.17770270949950717,-0.11084132618362474
2023-11-21 08:00:00,5,-0.26445466685596664,0.3336439267375477,0.3597491101162527,0.3723085905796699,-1.050123016470982
2023-11-21 12:00:00,5,0.45391060963961216,0.8407549962063573,0.10082068407269577,0.5108190820630982,-0.26445466685596664
2023-11-21 16:00:00,5,2.7510623328977903,0.8893169545286976,-0.13592703582525992,0.27307935003950856,0.45391060963961216
2023-11-21 20:00:00,5,-1.4841610231138151,-1.6103156125636346,-0.8929867804082521,-1.1678140944265571,2.7510623328977903
2023-11-22 00:00:00,5,1.3115739671120643,-0.6521008074177903,0.5027926449082311,-0.3904715154657348,-1.4841610231138151
2023-11-22 04:00:00,5,-2.098530363423043,-2.1171135537753707,-0.4185824633149794,-1.0774200838587644,1.3115739671120643
2023-11-22 08:00:00,5,-0.022018528656426284,-0.3205426863921593,0.7052669922249282,0.021703919080210632,-2.098530363423043
2023-11-22 12:00:00,5,-0.2393057471948179,0.13749172785188246,0.02092233038332434,0.033236319934397685,-0.022018528656426284
2023-11-22 16:00:00,5,0.8851768467525023,0.6472996176749232,0.09253249200316932,0.1585748403425713,-0.2393057471948179
2023-11-22 20:00:00,5,0.8785148228090556,-0.46871744392644876,-0.2780570936748423,-0.30504443153897576,0.8851768467525023
2023-11-23 00:00:00,5,-0.31028328471548683,-0.8184013106786214,-0.27586152683702025,-0.7651744089351897,0.8785148228090556
2023-11-23 04:00:00,5,-1.9364869220179202,-1.1819909029326,0.1159241713086673,-0.6026607699210524,-0.31028328471548683
2023-11-23 08:00:00,5,0.29108709162038515,0.19265553112264486,0.6518632204498918,0.41159153467533294,-1.9364869220179202
2023-11-23 12:00:00,5,0.3977819497841839,0.47973785523027745,-0.08226617846190581,0.2591320730815596,0.29108709162038515
2023-11-23 16:00:00,5,0.3438754738854417,0.5554652849888649,-0.11742902001563534,0.050790227490868034,0.3977819497841839
2023-11-23 20:00:00,5,-0.07574585543673251,0.8062697610839759,-0.09966335723329753,-0.12931762034269223,0.3438754738854417
2023-11-24 04:00:00,5,-1.793059677230712,-0.5721778837471501,0.03862895196935274,-0.08964505268069445,-0.07574585543673251
2023-11-24 08:00:00,5,1.3778514905513166,0.7592797674399798,0.6045946868978994,0.8494859526632554,-1.793059677230712
2023-11-24 12:00:00,5,1.3999128938721555,0.2815236654231792,-0.44042518465484204,0.1278239399774268,1.3778514905513166
2023-11-24 16:00:00,5,0.3982690495922796,-0.04489144812421461,-0.44769584083053754,-0.6053929295506437,1.3999128938721555
2023-11-24 20:00:00,5,-0.02018659574414805,-1.000622964543568,-0.1175895508384668,-0.8139898980121965,0.3982690495922796
2023-11-25 00:00:00,5,-0.4897189657206713,0.1408624890628085,0.02031859026088461,-0.8034169883670739,-0.02018659574414805
2023-11-27 04:00:00,5,-1.3941620397956385,-1.0546418530694328,0.17505980847859084,-0.5469223103296077,-0.4897189657206713
2023-11-27 08:00:00,5,0.03285637289462073,-0.01500461886802202,0.4731321716213605,0.1832824980612635,-1.3941620397956385
2023-11-27 12:00:00,5,-0.04936308283015123,0.24733656537071413,0.002837508849059759,0.16607367958170371,0.03285637289462073
2023-11-27 16:00:00,5,1.2050607278288687,0.650007883760054,0.029934125724876255,0.19192803467865982,-0.04936308283015123
2023-11-27 20:00:00,5,-0.5921200989869249,-0.6867730302332914,-0.38347947690358497,-0.4392332742267442,1.2050607278288687
2023-11-28 00:00:00,5,-0.46077497126577427,-0.315525522864893,0.20880759057354215,-0.1291050889201717,-0.5921200989869249
2023-11-28 04:00:00,5,-0.9262093803072773,-0.29334006359525855,0.16552089434097506,0.11222991375552471,-0.46077497126577427
2023-11-28 08:00:00,5,0.6003566509510847,0.38919893665150795,0.3189115699596155,0.597340341217917,-0.9262093803072773
2023-11-28 12:00:00,5,-0.12426662017669798,0.3703662723360721,-0.18419045765671077,0.2828981883257162,0.6003566509510847
2023-11-28 16:00:00,5,0.7977250720008051,1.183256745715973,0.0546196753460869,0.34798393946896766,-0.12426662017669798
2023-11-28 20:00:00,5,0.725078604295776,0.23026836979557574,-0.24923609000036787,-0.06983168505795323,0.7977250720008051
2023-11-29 00:00:00,5,-0.4837901362468564,-0.4908485826252129,-0.22529439049102087,-0.4495980739030605,0.725078604295776
2023-11-29 04:00:00,5,-1.1332007770557375,-0.5235615479408217,0.1731058765368399,-0.19620867320519597,-0.4837901362468564
2023-11-29 08:00:00,5,0.6941248207207504,0.3796853021843004,0.3871285938360371,0.39731534527953105,-1.1332007770557375
2023-11-29 12:00:00,5,0.32253763125337187,0.2771488866390265,-0.21509312113213477,0.033761276781123506,0.6941248207207504
2023-11-29 16:00:00,5,0.4324039312578769,0.5348087912678094,-0.09263116100114151,-0.1351706855772381,0.32253763125337187
2023-11-29 20:00:00,5,-0.781353544800405,-0.6039169407614328,-0.12883919731740046,-0.3616461028952287,0.4324039312578769
2023-11-30 00:00:00,5,-0.43868808496860723,-0.09057061998936072,0.27117222356823073,0.04759478817805096,-0.781353544800405
2023-11-30 04:00:00,5,0.10607415908802409,-0.152168660571925,0.15824183987997917,0.27736158707526926,-0.43868808496860723
2023-11-30 08:00:00,5,-0.75095532060765,0.0450963610042389,-0.02129247697350936,0.22180429975775784,0.10607415908802409
2023-11-30 12:00:00,5,1.3672544423981297,0.6664977270894961,0.26115404688005683,0.6151238496680351,-0.75095532060765
2023-11-30 16:00:00,5,-0.9609171661325178,0.3186808709891844,-0.43693277338441605,-0.10098786449055641,1.3672544423981297
2023-11-30 20:00:00,5,-0.49696356711597467,0.3020275017856757,0.33035002533278923,0.4023010754938854,-0.9609171661325178
2023-12-01 00:00:00,5,1.1880141602041565,0.575150064628373,0.17744737218472464,0.6625901781554075,-0.49696356711597467
2023-12-01 04:00:00,5,-0.8365018730417564,-0.4527238512996875,-0.37786153273328127,0.040357161149236376,1.1880141602041565
2023-12-01 08:00:00,5,0.9538782608446255,0.2876447489987276,0.28934715684314705,0.4784824812250834,-0.8365018730417564
2023-12-01 12:00:00,5,-0.3987517050495697,0.5705650804740384,-0.3006986434159726,-0.021119769306975122,0.9538782608446255
2023-12-01 16:00:00,5,0.8798281148089551,0.7144683437012673,0.14508022531401005,0.1877299942570465,-0.3987517050495697
2023-12-01 20:00:00,5,-1.3887897142636785,-0.30719336185744694,-0.27629434130719227,-0.2730878315425622,0.8798281148089551
2023-12-02 00:00:00,5,3.9866222558842015,1.6586968434551432,0.471361643643664,0.4543031734139147,-1.3887897142636785
2023-12-04 04:00:00,5,-2.46817721137322,-1.303899919713276,-1.3001835146258571,-1.6337258055643238,3.9866222558842015
2023-12-04 08:00:00,5,0.3693260801130389,0.21469472809595858,0.8270894846017702,-0.3409959676685217,-2.46817721137322
2023-12-04 12:00:00,5,0.6263636767226455,0.17577893678778023,-0.10805097449647887,-0.5344337976084503,0.3693260801130389
2023-12-04 16:00:00,5,-1.0949651867504446,0.04052031466737541,-0.19276145106939457,-0.862497362308078,0.6263636767226455
2023-12-04 20:00:00,5,-0.04077495960462585,0.23253401935219853,0.37452749921201794,-0.28899957542027543,-1.0949651867504446
2023-12-05 00:00:00,5,0.07838556093401472,0.12330608905935511,0.02710378486853014,-0.26764332649414246,-0.04077495960462585
2023-12-05 04:00:00,5,-1.8602794335888024,-0.5211021845846663,-0.012167296936814192,-0.30869846346432084,0.07838556093401472
2023-12-05 08:00:00,5,1.551884034252378,0.817917884361193,0.6267479347936056,0.6656394890711734,-1.8602794335888024
2023-12-05 12:00:00,5,-0.22563335859791245,0.09484675597454706,-0.49778013937963544,-0.1471736212629864,1.551884034252378
2023-12-05 16:00:00,5,2.116733530290121,0.7812834430629108,0.08802655758263765,-0.028996136380578186,-0.22563335859791245
2023-12-05 20:00:00,5,-0.754723549770679,-0.6664499336135605,-0.6839345021361544,-1.1376542103922596,2.116733530290121
2023-12-06 00:00:00,5,-1.0281635808317962,-0.39514024941726766,0.26239592158028197,-0.7423610168340993,-0.754723549770679
2023-12-06 04:00:00,5,-0.09633696343704656,-0.3336945805789875,0.3525120588723718,-0.2038511671140455,-1.0281635808317962
2023-12-06 08:00:00,5,-0.27628626548224133,-0.2659346061458012,0.045415050948173455,-0.15339382290331116,-0.09633696343704656
2023-12-06 12:00:00,5,1.249259005770666,0.4897562945085916,0.10471995939845069,-0.008686426066526032,-0.27628626548224133
2023-12-06 16:00:00,5,-0.30394331939091046,0.1293232524515022,-0.39804566191907276,-0.6629969774232789,1.249259005770666
2023-12-06 20:00:00,5,-0.7759832893468026,-0.4605430483873243,0.11383474357052858,-0.5038039518191262,-0.30394331939091046
2023-12-07 00:00:00,5,-0.6421920084035158,-0.09284135721195104,0.26940237781495013,-0.09737577995822999,-0.7759832893468026
2023-12-07 04:00:00,5,-1.048120537093057,0.06420288676336154,0.22530951622777834,0.23897801469477642,-0.6421920084035158
2023-12-07 08:00:00,5,2.7092815430508264,0.8370776355535282,0.3590891639267888,0.7879404983317277,-1.048120537093057
2023-12-07 12:00:00,5,-0.833957630418702,-0.7973836571332993,-0.8792173137379553,-0.6310698846438001,2.7092815430508264
2023-12-07 16:00:00,5,0.419327117439277,0.439166566494979,0.2885086647005233,-0.19427713434394445,-0.833957630418702
2023-12-07 20:00:00,5,-0.6028606858806036,-0.3816055819231612,-0.12452954322305664,-0.4139034537405957,0.419327117439277
2023-12-08 00:00:00,5,-0.5467721589024688,-0.10461527416786748,0.21234730712255043,-0.09814979021066428,-0.6028606858806036
2023-12-08 04:00:00,5,-0.35296786053968177,-0.07376290196852937,0.19386251768605806,0.18822700683895643,-0.5467721589024688
2023-12-08 08:00:00,5,0.7155973953993549,0.2848691374785878,0.12999149378628952,0.37309707331364983,-0.35296786053968177
2023-12-08 12:00:00,5,0.13619446860031204,0.06866622439420612,-0.22216972026885468,-0.001703447771537192,0.7155973953993549
2023-12-08 16:00:00,5,0.6328933240039838,0.7403740239566464,-0.03121906283863054,-0.07303651595833482,0.13619446860031204
2023-12-08 20:00:00,5,-0.2927887237940574,-0.2375799745091222,-0.19491339125383117,-0.4045200416853252,0.6328933240039838
2023-12-09 00:00:00,5,2.8356323060570343,1.0441354066108697,0.11015858443485661,-0.2511693350570008,-0.2927887237940574
2023-12-11 04:00:00,5,-1.4581409494093123,-3.120376237888804,-0.9208580444745708,-1.7363570575794531,2.8356323060570343
2023-12-11 08:00:00,5,-1.9775039380799484,-1.9107186667846756,0.4942173513595656,-0.9726427243973621,-1.4581409494093123
2023-12-11 12:00:00,5,-0.16144270729433963,0.08856916297660646,0.6653809743662209,0.06309260835458019,-1.9775039380799484
2023-12-11 16:00:00,5,1.3417178236182234,0.5201677878843537,0.06687159529239237,0.14764966684632252,-0.16144270729433963
2023-12-11 20:00:00,5,0.9091704774765166,-1.3705386908686412,-0.42851680943423853,-0.5550870153641432,1.3417178236182234
2023-12-12 00:00:00,5,-0.7230549103437411,-1.7729092187639004,-0.2859645434804551,-1.0312731654315268,0.9091704774765166
2023-12-12 04:00:00,5,-1.011206831265829,-1.3587727762166881,0.25195906108338656,-0.6525667043511332,-0.7230549103437411
2023-12-12 08:00:00,5,0.13629673625402994,-0.6761702654387163,0.34692371554903184,-0.12293810352060053,-1.011206831265829
2023-12-12 12:00:00,5,-0.29087226888959883,-0.2782985308985535,-0.031252766630599914,-0.19432473530356287,0.13629673625402994
2023-12-12 16:00:00,5,1.6019248169930353,0.3771548686549232,0.10952698886117967,-0.04197778903189331,-0.29087226888959883
2023-12-12 20:00:00,5,-0.09776184884087336,-1.556275416215469,-0.5142718067853226,-0.881000205838224,1.6019248169930353
2023-12-13 00:00:00,5,-0.2902910293832903,-1.5062110195272826,0.04588464264686679,-0.8297965651830452,-0.09776184884087336
2023-12-13 04:00:00,5,-1.1435484521014878,-1.6951314757701306,0.10933543293227335,-0.67775404828918,-0.2902910293832903
2023-12-13 08:00:00,5,-0.023842268910829745,-0.6908041668361372,0.3905388205737174,-0.0788103426673823,-1.1435484521014878
2023-12-13 12:00:00,5,-0.21309005625373345,-0.19259174121334338,0.02152337049626303,-0.06632274158179552,-0.023842268910829745
2023-12-13 16:00:00,5,1.3813589467816971,0.5156834243769612,0.08389272995045903,0.045285076774503,-0.21309005625373345
2023-12-13 20:00:00,5,-0.1575147885543835,-0.8549391364275019,-0.4415811178442013,-0.6782139974088688,1.3813589467816971
2023-12-14 00:00:00,5,-0.8504379529484787,-0.2616893098644796,0.06557709257064953,-0.595714221405828,-0.1575147885543835
2023-12-14 04:00:00,5,-1.5116335842108484,-0.20938845486465238,0.29393999456816555,-0.15028975512779308,-0.8504379529484787
2023-12-14 08:00:00,5,1.1453946658956422,0.789314918887771,0.5118466267922231,0.6414418228440812,-1.5116335842108484
2023-12-14 12:00:00,5,1.5921290390172462,0.385070082652217,-0.36381565881525546,0.041531146273908526,1.1453946658956422
2023-12-14 16:00:00,5,-0.07791977693535124,-0.3082837616060844,-0.5110434657500931,-0.7923606444102971,1.5921290390172462
2023-12-14 20:00:00,5,-0.9554546548310885,-0.49658495092163446,0.03934539940198181,-0.7515494659655895,-0.07791977693535124
2023-12-15 00:00:00,5,-0.5905937134780874,-0.033156730656450195,0.32854977532371443,-0.25112156501702465,-0.9554546548310885
2023-12-15 04:00:00,5,-1.043202409992876,-0.08746588643003311,0.20830454803971393,0.05820716225942224,-0.5905937134780874
2023-12-15 08:00:00,5,0.7108028117919165,0.6137704036823856,0.3574683236450643,0.6045937329434183,-1.043202409992876
2023-12-15 12:00:00,5,0.4444833578672043,0.4557717450921185,-0.22058959554114155,0.23230441780449063,0.7108028117919165
2023-12-15 16:00:00,5,0.6837020994511853,0.6577498430471325,-0.13282014795769848,-0.0004977069843388193,0.4444833578672043
2023-12-15 20:00:00,5,-1.8129890841526048,-0.790136385455337,-0.21165816182043334,-0.3585927822163182,0.6837020994511853
2023-12-16 00:00:00,5,2.775925959601821,1.7886925743355422,0.611162712667037,0.5909764278322127,-1.8129890841526048
2023-12-18 04:00:00,6,-1.6866366862858886,-1.3697266967601966,-0.9502427807609589,-0.8234953844715429,2.775925959601821
2023-12-18 08:00:00,6,0.8891893181147097,0.07852689690226541,0.59596183724294,0.24442281247540887,-1.6866366862858886
2023-12-18 12:00:00,6,0.42668533976534206,-0.39281748109143794,-0.2965195415560509,-0.318580151391461,0.8891893181147097
2023-12-18 16:00:00,6,-0.15108726624083957,0.04151897182677595,-0.13626951395633477,-0.5887420910735113,0.42668533976534206
2023-12-18 20:00:00,6,-0.32251491828281686,-0.4901899506396686,0.06391919877493396,-0.49307902251968727,-0.15108726624083957
2023-12-19 00:00:00,6,0.24428808398528368,-0.23612989653192204,0.12331606292543007,-0.28887407854949565,-0.32251491828281686
2023-12-19 04:00:00,6,-0.7936666321832462,-0.8799910478229519,-0.07307186238762198,-0.44354858095206584,0.24428808398528368
2023-12-19 08:00:00,6,-0.6295583041986426,0.0006597380502035913,0.2865623887746844,0.058972824937967516,-0.7936666321832462
2023-12-19 12:00:00,6,0.7809130523612353,0.32761902791518566,0.22970155012258822,0.45758669036579125,-0.6295583041986426
2023-12-19 16:00:00,6,1.2043113420782152,0.4857838670452668,-0.2590035949098977,-0.03685960362914109,0.7809130523612353
2023-12-19 20:00:00,6,-1.8181843239564017,-0.7980476580673135,-0.40570414407050664,-0.7993865944460197,1.2043113420782152
2023-12-20 00:00:00,6,0.007834018957057154,0.21762098924304235,0.641540931811189,0.35182287511227184,-1.8181843239564017
2023-12-20 04:00:00,6,0.38573626239402614,-0.32415469916035294,0.008855585203359754,0.34686265370389524,0.007834018957057154
2023-12-20 08:00:00,6,0.18798028110162157,0.03189512627995434,-0.12208133161386985,0.10262820939093587,0.38573626239402614
2023-12-20 12:00:00,6,0.5205308148649301,-0.07365869277041079,-0.05356213406400925,-0.016394200407161996,0.18798028110162157
2023-12-20 16:00:00,6,0.9150992688335631,0.3210630399809599,-0.16878542879989847,-0.34597574798394604,0.5205308148649301
2023-12-20 20:00:00,6,-0.5358934024109718,-0.7865441810836876,-0.30549691366995546,-0.9253839685843168,0.9150992688335631
2023-12-21 00:00:00,6,-1.0646632184319884,-0.5728892445066839,0.19724820096401993,-0.5860753784701522,-0.5358934024109718
2023-12-21 04:00:00,6,-0.3782478747914393,-0.5327144188799735,0.380458252288718,0.08803140091417117,-1.0646632184319884
2023-12-21 08:00:00,6,0.5630356520756461,0.19823448046627262,0.14262661642725108,0.327524465265685,-0.3782478747914393
2023-12-21 12:00:00,6,0.3421367203988126,-0.08298218158668588,-0.18351265635899516,-0.02896962932532876,0.5630356520756461
2023-12-21 16:00:00,6,0.002251662141778965,0.3460272730662865,-0.10697480683757869,-0.2455983985964556,0.3421367203988126
2023-12-21 20:00:00,6,-0.5792432750731358,-0.2933044989807846,0.010789780098098688,-0.24702407076055177,0.002251662141778965
2023-12-22 00:00:00,6,0.1315778520254547,0.05352885467918179,0.2122682194195335,0.1197321126780535,-0.5792432750731358
2023-12-22 04:00:00,6,-0.4761832538420645,-0.5399020746455452,-0.034019619319802546,0.0364217094147401,0.1315778520254547
2023-12-22 08:00:00,6,0.5479321256342935,0.22938535977415614,0.1765596157754129,0.33792396297899874,-0.4761832538420645
2023-12-22 12:00:00,6,-0.19491783217084624,-0.08801227771854958,-0.17827953266194554,-0.009007117326875758,0.5479321256342935
2023-12-22 16:00:00,6,-0.41195397243587273,0.6185517639579846,0.07910576954792967,0.114407902384972,-0.19491783217084624
2023-12-22 20:00:00,6,0.15634738545485227,0.24685771582560673,0.15430522532717075,0.37524246565871433,-0.41195397243587273
2023-12-23 00:00:00,6,2.900147072068817,1.2866590549634647,-0.04260185558479462,0.27624887721733504,0.15634738545485227
2023-12-27 04:00:00,6,-2.953392862650883,-2.004127161646966,-0.9932833547520146,-1.5600208169423597,2.900147072068817
2023-12-27 08:00:00,6,-0.23398396117369913,0.13977846918256687,1.0348720341867168,0.30996221283713066,-2.953392862650883
2023-12-27 12:00:00,6,1.2351972370535087,0.2973310581016069,0.09264154122553518,0.4581125121652976,-0.23398396117369913
2023-12-27 16:00:00,6,-0.46318405327737366,0.2714305198673504,-0.41640559909343833,-0.3239703258244191,1.2351972370535087
2023-12-27 20:00:00,6,0.03606288691193882,-0.10175233062423258,0.17205560641164394,-0.030698702449620363,-0.46318405327737366
2023-12-28 00:00:00,6,-0.4097675347375116,-0.10019017044836429,-0.0009252536232014722,-0.0535324362826648,0.03606288691193882
2023-12-28 04:00:00,6,0.26312599635371825,-0.4199402082466939,0.15354766059711614,0.20591775261836442,-0.4097675347375116
2023-12-28 08:00:00,6,-0.12040445222897489,-0.056486600206363445,-0.07959888943663547,0.03931575594609349,0.26312599635371825
2023-12-28 12:00:00,6,-0.2243797955683018,0.015460083673030929,0.05328810796835043,0.11555156095037145,-0.12040445222897489
2023-12-28 16:00:00,6,0.29762101462034884,0.7182414643904922,0.0893138556803644,0.2576208451435713,-0.2243797955683018
2023-12-28 20:00:00,6,-0.02047723188726458,-0.04884644440292229,-0.09155084636684081,0.06917783314744064,0.29762101462034884
2023-12-29 00:00:00,6,0.4191638691321078,-0.03854425282777494,0.01866496834721233,0.08214328607119192,-0.02047723188726458
2023-12-29 04:00:00,6,-0.7477206580623665,-0.7896620420199862,-0.1336634479915232,-0.18325632665429126,0.4191638691321078
2023-12-29 08:00:00,6,0.08391545208404949,0.16218157910944603,0.2706428638286632,0.29017372705592503,-0.7477206580623665
2023-12-29 12:00:00,6,-0.26216536172680094,0.12549764241887046,-0.017505381035111837,0.23704145558676526,0.08391545208404949
2023-12-29 16:00:00,6,1.4547516989097264,0.8803829837775358,0.10240593337747005,0.4030352126736867,-0.26216536172680094
2023-12-29 20:00:00,6,-0.536651487756977,-0.5736784508586917,-0.4924776119173423,-0.5180616802951512,1.4547516989097264
2023-12-30 00:00:00,6,2.9930098472072615,0.8564520091205872,0.1975108650778592,-0.178273097576521,-0.536651487756977
2024-01-02 04:00:00,6,-3.1080894423055785,-2.1893920668848916,-1.0254587802089625,-2.0733401890629146,2.9930098472072615
2024-01-02 08:00:00,6,0.011581482526107578,-0.0718585518396879,1.0884718567173688,-0.105408802199781,-3.1080894423055785
2024-01-02 12:00:00,6,0.2735320135273298,-0.08892192078642613,0.007557150663374824,-0.11274178388921019,0.011581482526107578
2024-01-02 16:00:00,6,0.26138772722693737,0.36260037043053667,-0.08320440337237663,-0.28593249951192323,0.2735320135273298
2024-01-02 20:00:00,6,-0.5858882499392628,-0.4581978544797705,-0.07899660775132648,-0.45143388616736413,0.26138772722693737
2024-01-03 00:00:00,6,-0.12418300347600564,-0.13732106241357755,0.21457059400557849,-0.0804703416322683,-0.5858882499392628
2024-01-03 04:00:00,6,-1.5362145341844577,-0.576180745301255,0.05459731387785339,-0.001842092737962986,-0.12418300347600564
2024-01-03 08:00:00,6,1.5463136541546483,0.7512934199249418,0.5438430336125541,0.9708341622073702,-1.5362145341844577
2024-01-03 12:00:00,6,3.6482877008574697,-0.05970027674278961,-0.5242023246591625,-0.00823649532449,1.5463136541546483
2024-01-03 16:00:00,6,-1.709400007607968,-1.5717306609116144,-1.252501787509555,-2.318202153680301,3.6482877008574697
2024-01-03 20:00:00,6,-0.852931417198004,-1.1720162844745587,0.6038489539833045,-1.235871033511378,-1.709400007607968
2024-01-04 00:00:00,6,-0.5508649174154687,-0.6891776788349296,0.30709666281098724,-0.6958252793903235,-0.852931417198004
2024-01-04 04:00:00,6,-0.7237739273086188,-0.9104590945235258,0.2024355848677058,-0.34703725992473444,-0.5508649174154687
2024-01-04 08:00:00,6,0.2913419000857367,0.013919504007289814,0.26234571516865257,0.11123057791691249,-0.7237739273086188
2024-01-04 12:00:00,6,-0.15377030603103314,-0.15304794494744753,-0.08937523637303166,-0.0732367226964703,0.2913419000857367
2024-01-04 16:00:00,6,1.0275446467215232,0.5665610181942543,0.06484882796853383,0.02412515096362089,-0.15377030603103314
2024-01-04 20:00:00,6,0.06146831933117802,-0.5636383566344434,-0.344457389154546,-0.6264794726235481,1.0275446467215232
2024-01-05 00:00:00,6,0.33005273538699953,-0.586398696460875,-0.009727818437661238,-0.665399020196098,0.06146831933117802
2024-01-05 04:00:00,6,-0.6200361072066425,-1.3589616721182494,-0.10278790462201584,-0.8743766411252736,0.33005273538699953
2024-01-05 08:00:00,6,-0.8593210578595691,-0.48826694925801434,0.22640226535486827,-0.48179189122977206,-0.6200361072066425
2024-01-05 12:00:00,6,0.5308479923162075,-0.01112830242812108,0.3093105682913734,0.06229955547577415,-0.8593210578595691
2024-01-05 16:00:00,6,0.3424186826397939,0.30377592735901465,-0.17236016123186357,-0.2738144609076816,0.5308479923162075
2024-01-05 20:00:00,6,-0.8265226351403907,-0.5035994282704054,-0.10707250212024544,-0.49062175861379576,0.3424186826397939
2024-01-06 00:00:00,6,0.6901376281288414,1.084989558309171,0.297946453836113,0.032702896560552475,-0.8265226351403907
2024-01-08 04:00:00,6,-0.7310688832693089,-0.9489465612440459,-0.2275514022378842,-0.4042676362573685,0.6901376281288414
2024-01-08 08:00:00,6,1.0764334875255912,-0.03242619393511891,0.2648732975220226,0.05861910752868926,-0.7310688832693089
2024-01-08 12:00:00,6,0.99047007550271,-0.5988881493482304,-0.3613965690425339,-0.62294018646665,1.0764334875255912
2024-01-08 16:00:00,6,-1.2252153026766948,-0.44303738333316495,-0.33161165951938476,-1.2500705137987298,0.99047007550271
2024-01-08 20:00:00,6,1.3023191407348893,-0.3640945031740302,0.43608691092907953,-0.4743078806571628,-1.2252153026766948
2024-01-09 00:00:00,6,-1.1172748688629675,-1.0386099385954157,-0.43966223562200374,-1.2988899141985382,1.3023191407348893
2024-01-09 04:00:00,6,-1.1340340905726993,-1.048140954143292,0.3986873245309082,-0.5914713141218897,-1.1172748688629675
2024-01-09 08:00:00,6,-0.08964918862365323,0.07818124092810333,0.40449411942836877,0.12655862743453206,-1.1340340905726993
2024-01-09 12:00:00,6,1.7129913778003854,0.09635031351423615,0.042631914568287584,0.18332129639055506,-0.08964918862365323
2024-01-09 16:00:00,6,-1.3022256885918306,-0.1780928435017331,-0.5819534166817933,-0.9012837513003058,1.7129913778003854
2024-01-09 20:00:00,6,3.5272832681990742,-0.1293058707016584,0.46276974404201593,-0.07676088832300465,-1.3022256885918306
2024-01-10 00:00:00,6,-0.25181217859933724,-2.086732652403537,-1.2105757402085127,-2.3101108554645435,3.5272832681990742
2024-01-10 04:00:00,6,-3.601804060116386,-2.4222069565660505,0.09881872557043207,-2.1506723646943353,-0.25181217859933724
2024-01-10 08:00:00,6,0.4107724621957285,0.02500343713146714,1.2595358579675395,0.12986151015327962,-3.601804060116386
2024-01-10 12:00:00,6,1.077717169122547,-0.19708760882157192,-0.13075596339440812,-0.1302249629742036,0.4107724621957285
2024-01-10 16:00:00,6,0.654280733713053,-0.19500213566765473,-0.36184134361955606,-0.812597038375058,1.077717169122547
2024-01-10 20:00:00,6,0.6664160857248316,-1.0441915101531642,-0.21512757760338622,-1.2268642644619083,0.654280733713053
2024-01-11 00:00:00,6,0.5595807611643195,-1.4454989429217777,-0.21933227764025987,-1.6488151626431167,0.6664160857248316
2024-01-11 04:00:00,6,-2.7715081253216365,-2.2347901632425096,-0.1823155934367042,-2.003121743525533,0.5595807611643195
2024-01-11 08:00:00,6,-0.7206351472559724,-0.32096831412232857,0.9718519618383624,-0.24830164262110888,-2.7715081253216365
2024-01-11 12:00:00,6,1.4567177897877084,0.1076469469344028,0.26125817946385466,0.20797883163376785,-0.7206351472559724
2024-01-11 16:00:00,6,1.6231384177858903,0.04351960687721574,-0.49315883009536665,-0.7143629199596457,1.4567177897877084
2024-01-11 20:00:00,6,-1.6695606202957034,-1.5611226991241218,-0.5508208427012895,-1.7420762779171781,1.6231384177858903
2024-01-12 00:00:00,6,-0.2856771959391011,-0.6768698851196632,0.5900452610093954,-0.6849700369483349,-1.6695606202957034
2024-01-12 04:00:00,6,-0.7575327274061507,-1.0346355123692295,0.11055239753306038,-0.5040894249725838,-0.2856771959391011
2024-01-12 08:00:00,6,0.8083772779239595,-0.09785420105784864,0.27404258460244646,-0.02444671889500505,-0.7575327274061507
2024-01-12 12:00:00,6,-0.8270240906035724,-0.5405621721794617,-0.26851949771388794,-0.5362823810223682,0.8083772779239595
2024-01-12 16:00:00,6,1.8976351175029809,0.5149943431884414,0.2981201999130693,-0.012640222132819012,-0.8270240906035724
2024-01-12 20:00:00,6,-0.4266783254829516,-1.2301626576940738,-0.6459294380104241,-1.2141551006035103,1.8976351175029809
2024-01-13 00:00:00,6,1.4582874024846273,0.16630392549300316,0.15940697167452858,-0.9439976021149095,-0.4266783254829516
2024-01-15 04:00:00,7,-3.0807854260261998,-1.9797462244622235,-0.4079297916213621,-1.751346442426902,1.4582874024846273
2024-01-15 08:00:00,7,-0.9455893123617969,0.6141900301508976,0.901831130360297,0.22509080032447137,-3.0807854260261998
2024-01-15 12:00:00,7,0.9372961109588402,1.392205975073004,0.28571490220049306,0.8317211477388806,-0.9455893123617969
2024-01-15 16:00:00,7,0.7703875637526725,1.131891453493819,-0.2575964393898002,0.23041119426556556,0.9372961109588402
2024-01-15 20:00:00,7,-1.3285385645343784,1.6675577651656206,-0.20943455679072964,-0.26382078290827415,0.7703875637526725
2024-01-16 04:00:00,7,-0.301252116856352,0.15925838591595234,0.39621587553744264,0.5884856046755225,-1.3285385645343784
2024-01-16 08:00:00,7,0.8557216272545496,1.0263274045323223,0.09978977803165195,0.7817499255797458,-0.301252116856352
2024-01-16 12:00:00,7,-0.09237510006285099,0.7226281065605847,-0.23405791621043925,0.23277300584820004,0.8557216272545496
2024-01-16 16:00:00,7,2.4786401863847782,1.1087859566729237,0.03951778759831278,0.29203503251345886,-0.09237510006285099
2024-01-16 20:00:00,7,-2.265973495435711,-0.80554452449073,-0.7023551629424177,-1.2981038763393986,2.4786401863847782
2024-01-17 00:00:00,7,-0.31836532235467097,0.5384099214296318,0.6667150910783315,0.15560152282025186,-2.265973495435711
2024-01-17 04:00:00,7,-1.1236563879658892,-0.14430346092404198,0.10472783667454302,0.35984459492343923,-0.31836532235467097
2024-01-17 08:00:00,7,0.3589077206830549,1.301372768667612,0.337096606334619,1.0807115253074393,-1.1236563879658892
2024-01-17 12:00:00,7,0.37791729772186855,1.2485991561219851,-0.09070100943486015,0.8504590124656168,0.3589077206830549
2024-01-17 16:00:00,7,0.931234168158726,1.3438071260239721,-0.09618627087249311,0.6080111562834034,0.37791729772186855
2024-01-17 20:00:00,7,-0.9816794879081883,0.35224926218808283,-0.25584725049355533,0.010590162233345524,0.931234168158726
2024-01-18 00:00:00,7,-0.048143957273200755,0.906437726860007,0.29612881345153363,0.6403736856024089,-0.9816794879081883
2024-01-18 04:00:00,7,-1.1352108200555318,0.06573724964333605,0.026754779700181953,0.6712598061885213,-0.048143957273200755
2024-01-18 08:00:00,7,0.6678629301576553,1.478338202521185,0.3404306668792413,1.3995393300325834,-1.1352108200555318
2024-01-18 12:00:00,7,0.8113846382899439,1.261281276038571,-0.17985081497901328,0.9710806788504858,0.6678629301576553
2024-01-18 16:00:00,7,1.956755430899289,1.085267625479374,-0.22126436613135309,0.45054756941511265,0.8113846382899439
2024-01-18 20:00:00,7,0.02901512828181474,-0.573478632299609,-0.551763999430044,-0.8047830602074129,1.956755430899289
2024-01-19 00:00:00,7,-1.4415989965725,-0.6296802320254586,0.004490330801935385,-0.8233973329363504,0.02901512828181474
2024-01-19 04:00:00,7,-0.7270962849189235,-0.5974167275539863,0.42883974858388535,0.10144148312297663,-1.4415989965725
2024-01-19 08:00:00,7,0.3563590089452173,0.5665240711470239,0.2226681876219941,0.5679005115381877,-0.7270962849189235
2024-01-19 12:00:00,7,-0.05881662368823015,0.5515633072071903,-0.08996557222956843,0.3392830910845426,0.3563590089452173
2024-01-19 16:00:00,7,1.6311713407603445,0.8926909128546064,0.02983440453368296,0.37701611999602136,-0.05881662368823015
2024-01-19 20:00:00,7,0.3612354707462462,-0.4991365570466652,-0.45781588839635323,-0.6694403322944087,1.6311713407603445
2024-01-20 00:00:00,7,-1.5901477376671362,0.7304044912663809,-0.09137268759119159,-0.9011861824773657,0.3612354707462462
2024-01-22 04:00:00,7,0.2928736939516643,-0.5952209181792751,0.47170386278651155,0.11895211850648302,-1.5901477376671362
2024-01-22 08:00:00,7,-0.09566621519148555,-0.04483006626242367,-0.07164672434152254,-0.06893713572660776,0.2928736939516643
2024-01-22 12:00:00,7,0.9679400984257214,0.21873934845274393,0.040467447175958814,-0.00756373757294071,-0.09566621519148555
2024-01-22 16:00:00,7,-0.3757766963724425,-0.034663375316030684,-0.26643883932348544,-0.6285329368945032,0.9679400984257214
2024-01-22 20:00:00,7,0.7622353734991005,-0.23981029062013096,0.12129403356247007,-0.3874583552653137,-0.3757766963724425
2024-01-23 00:00:00,7,-1.383507499543029,-0.6997192040156972,-0.20708222171568497,-0.8764604023404718,0.7622353734991005
2024-01-23 04:00:00,7,-0.8972630435697067,-0.7022845973098223,0.4120773004841978,0.011110580248114843,-1.383507499543029
2024-01-23 08:00:00,7,1.2853146653570118,0.5643519766669975,0.27177023535763306,0.5867378475268499,-0.8972630435697067
2024-01-23 12:00:00,7,0.07903243051259246,-0.023330782521837384,-0.35801807171351385,-0.23783881782787386,1.2853146653570118
2024-01-23 16:00:00,7,0.3825670058669033,0.27836302334189233,-0.009942288008085205,-0.2885410308838896,0.07903243051259246
2024-01-23 20:00:00,7,-0.5748795472091732,-0.37695842747576863,-0.09752795589431822,-0.5339718459791571,0.3825670058669033
2024-01-24 00:00:00,7,0.6075762940297373,-0.07095698736393648,0.17874566373749165,-0.16516545732202115,-0.5748795472091732
2024-01-24 04:00:00,7,-1.6985293185994568,-1.2832887780198723,-0.16245495395160162,-0.5549480125070314,0.6075762940297373
2024-01-24 08:00:00,7,0.6394268379659778,0.4946642051764882,0.5029776415362387,0.5347210617573221,-1.6985293185994568
2024-01-24 12:00:00,7,0.21512499719999845,0.30472084428805396,-0.17164550880005378,0.12450521034022977,0.6394268379659778
2024-01-24 16:00:00,7,0.3162296174648169,0.5034185549007851,-0.04921214164421356,-0.013505393293820944,0.21512499719999845
2024-01-24 20:00:00,7,0.2664771186546684,-0.09325666877676246,-0.07838613502517003,-0.21637833210302038,0.3162296174648169
2024-01-25 00:00:00,7,-0.8890045569905372,-0.2833425076594869,-0.06402992591057637,-0.38733321172587765,0.2664771186546684
2024-01-25 04:00:00,7,-0.94114051733305,-0.6046545623347409,0.269387228209529,0.18299593244894297,-0.8890045569905372
2024-01-25 08:00:00,7,-0.24667957695789333,0.6972163412641916,0.2844311911655083,0.7867722141092415,-0.94114051733305
2024-01-25 12:00:00,7,0.6509545725289403,1.034346283420229,0.08404273389450465,0.9450262420616529,-0.24667957695789333
2024-01-25 16:00:00,7,0.5030353965577774,0.9809175834023078,-0.17497186570596382,0.5274149246305004,0.6509545725289403
2024-01-25 20:00:00,7,-0.058239162782898646,0.2224255277605333,-0.13228941410883466,0.2046992029252701,0.5030353965577774
2024-01-26 00:00:00,7,-0.6246972496635053,0.21941262002569153,0.029667776731849803,0.24206176941184765,-0.058239162782898646
2024-01-26 04:00:00,7,-0.5915438279962952,-0.2613123497638001,0.19312068752819844,0.642828047792964,-0.6246972496635053
2024-01-26 08:00:00,7,1.3195549726315647,0.8356610464061975,0.18355418402181212,1.0223251859236253,-0.5915438279962952
2024-01-26 12:00:00,7,1.0973220297501172,0.23473343333775912,-0.36789819880536473,0.1757821031972222,1.3195549726315647
2024-01-26 16:00:00,7,-0.20908560920540964,-0.10988742500181786,-0.303772322186946,-0.5281903671241235,1.0973220297501172
2024-01-26 20:00:00,7,-1.024825807279166,-0.3623515506105756,0.07319489960659432,-0.39405425317542786,-0.20908560920540964
2024-01-27 00:00:00,7,0.07277517621296248,1.7118296626535783,0.3085787928139461,0.2634092221214921,-1.024825807279166
2024-01-29 04:00:00,7,-0.7101697198738677,-0.6527240745904455,-0.008136741485658986,0.21672126800434288,0.07277517621296248
2024-01-29 08:00:00,7,-0.05531537858011504,0.4934830294608982,0.21778398455300121,0.6723212819408815,-0.7101697198738677
2024-01-29 12:00:00,7,0.7071004969360288,0.7269029741926,0.028824111420057565,0.707808133248033,-0.05531537858011504
2024-01-29 16:00:00,7,1.562168948706832,0.6321337510534294,-0.19117291391453972,0.25417713879250137,0.7071004969360288
2024-01-29 20:00:00,7,-2.008361770795082,-0.7654660530672492,-0.4379050739967087,-0.7480117392808543,1.562168948706832
2024-01-30 00:00:00,7,0.6747253971436962,0.4568896219519129,0.5923805776818384,0.540426256817268,-2.008361770795082
2024-01-30 04:00:00,7,-0.5528113407874127,-0.8169492470746678,-0.18183099714975284,0.10756508048240221,0.6747253971436962
2024-01-30 08:00:00,7,-1.1357969320193195,0.2483274744812766,0.17237782707096047,0.46221390247350946,-0.5528113407874127
2024-01-30 12:00:00,7,1.5433287539981109,1.1534081874847135,0.3405997909658286,1.190869438714886,-1.1357969320193195
2024-01-30 16:00:00,7,0.03570706420272707,0.5350190580245103,-0.4324686882579709,0.20076723898284854,1.5433287539981109
2024-01-30 20:00:00,7,-0.037360108344525855,0.09928362381412362,0.002559355800485172,0.17785984305602032,0.03570706420272707
2024-01-31 00:00:00,7,0.7796307894471148,0.07675876765374326,0.02364307287172685,0.20182772764205925,-0.037360108344525855
2024-01-31 04:00:00,7,-1.852283960298795,-1.2222052783685353,-0.21210171289617802,-0.2983341190226323,0.7796307894471148
2024-01-31 08:00:00,7,0.8772018403588859,0.6282544960541172,0.5473439314988419,0.8899742170134957,-1.852283960298795
2024-01-31 12:00:00,7,0.6114594201331744,0.3161137668874356,-0.24025608592104256,0.3272169499708397,0.8772018403588859
2024-01-31 16:00:00,7,0.2824078553584908,0.26009736306435904,-0.1635754397903533,-0.06505677353257955,0.6114594201331744
2024-01-31 20:00:00,7,0.7100356846238292,-0.31971295456905235,-0.06862678019808313,-0.24623180710056758,0.2824078553584908
2024-02-01 00:00:00,7,-0.5424196663256424,-0.7017713286078666,-0.19201986973071766,-0.7017458324908805,0.7100356846238292
2024-02-01 04:00:00,7,-1.7521501062367442,-1.2516935520279513,0.1693792831748391,-0.3537636521448819,-0.5424196663256424
2024-02-01 08:00:00,7,-0.20301336757277788,0.5434043427540947,0.5184500551560566,0.7703051309653723,-1.7521501062367442
2024-02-01 12:00:00,7,0.9964358571035383,0.8952379854909854,0.07144273895623075,0.9005456784106922,-0.20301336757277788
2024-02-01 16:00:00,7,1.076642387025073,0.604783805052005,-0.2746613624176278,0.2612954010771702,0.9964358571035383
2024-02-01 20:00:00,7,-1.120901584314053,-0.5220293492913537,-0.2978051590800497,-0.4294103172973225,1.076642387025073
2024-02-02 00:00:00,7,-0.04223965913324079,0.1396226467269753,0.3363017007873355,0.2896893051502154,-1.120901584314053
2024-02-02 04:00:00,7,-0.986460463402933,-0.6810249206546867,0.02505107956854391,0.3167876011648598,-0.04223965913324079
2024-02-02 08:00:00,7,0.15424390003872723,0.6575818490282472,0.2975083759984565,0.9496382962832648,-0.986460463402933
2024-02-02 12:00:00,7,0.9446552036906741,0.7805561240828301,-0.031644747385117154,0.8506851572790399,0.15424390003872723
2024-02-02 16:00:00,7,0.7690560105539266,0.6120329926736949,-0.2597199241730478,0.24465407495813452,0.9446552036906741
2024-02-02 20:00:00,7,-2.1163149717426233,-0.2993337495332048,-0.20905033375418736,-0.24872366182931938,0.7690560105539266
2024-02-03 00:00:00,7,1.9587937932268318,2.438112375640605,0.623530746305661,1.108970286022041,-2.1163149717426233
2024-02-05 04:00:00,7,-1.3325129946451977,-1.0664908301832154,-0.5523521740247951,-0.1476680280579421,1.9587937932268318
2024-02-05 08:00:00,7,0.15342467723899134,0.47709114659408297,0.39736270737798973,0.7071881027255511,-1.3325129946451977
2024-02-05 12:00:00,7,-0.4935490398782427,0.6059514883286331,-0.031408358578409575,0.6087605252998216,0.15342467723899134
2024-02-05 16:00:00,7,1.4105049102867095,1.253462406832393,0.1552775405564975,0.9253904000385393,-0.4935490398782427
2024-02-05 20:00:00,7,-0.5337645443484753,-0.058554138017349946,-0.394142032887326,0.020499584786210612,1.4105049102867095
2024-02-06 00:00:00,7,-0.06339819463769203,0.24518307063922837,0.16688182588147435,0.3629291858218444,-0.5337645443484753
2024-02-06 04:00:00,7,-0.3235534777710267,-0.5811359736515812,0.03115642839573681,0.4036014611275469,-0.06339819463769203
2024-02-06 08:00:00,7,-0.2758019355320034,0.3653459154193225,0.10622489201563118,0.6111729258865299,-0.3235534777710267
2024-02-06 12:00:00,7,-0.09314063906315795,0.7512367024201191,0.09244606397035647,0.7881100187471244,-0.2758019355320034
2024-02-06 16:00:00,7,1.0980863149972144,1.137542195984069,0.03973868580918901,0.8478631668576497,-0.09314063906315795
2024-02-06 20:00:00,7,-0.5234175664476393,0.003550186419228659,-0.3039928586241689,0.14340037941986683,1.0980863149972144
2024-02-07 00:00:00,7,-0.3668062808872623,0.31909335474298445,0.16389617929083153,0.4791920132993397,-0.5234175664476393
2024-02-07 04:00:00,7,-0.49153209331434056,-0.34020368344564383,0.11870559753151906,0.714511743228023,-0.3668062808872623
2024-02-07 08:00:00,7,0.5954313707743477,0.7188508051208125,0.15469554553440157,1.0298476725098897,-0.49153209331434056
2024-02-07 12:00:00,7,-0.08425029723370514,0.5657018209783102,-0.15895050569061298,0.6478565326014945,0.5954313707743477
2024-02-07 16:00:00,7,1.0593144138745423,0.9525797115493386,0.0371733552337163,0.7019061992088673,-0.08425029723370514
2024-02-07 20:00:00,7,0.018807121991606834,-0.11775124151387249,-0.2928051286890065,0.022317013387008977,1.0593144138745423
2024-02-08 00:00:00,7,-0.43361913986421285,-0.14625040220393412,0.007435876783545843,0.010251552410998954,0.018807121991606834
2024-02-08 04:00:00,7,-1.238029483810564,-0.7459215554183728,0.13798461663520484,0.2884341904997836,-0.43361913986421285
2024-02-08 08:00:00,7,0.5100567492037413,0.7648803935577393,0.37009925183580716,1.0826756715053651,-1.238029483810564
2024-02-08 12:00:00,7,0.9613811732309756,0.6568039057232588,-0.13431544313779675,0.7554554936485509,0.5100567492037413
2024-02-08 16:00:00,7,0.563453183444981,0.4385181693236667,-0.26454624490281003,0.13869408624842627,0.9613811732309756
2024-02-08 20:00:00,7,-0.5353326859264911,-0.3832959290678031,-0.14972311901888274,-0.22278186949313117,0.563453183444981
2024-02-09 00:00:00,7,-0.8513342748399495,-0.07936751807278393,0.16733431709204027,0.12065375208210671,-0.5353326859264911
2024-02-09 04:00:00,7,1.537974821987408,-0.4006548139011398,0.25851737320941653,0.6668160237579865,-0.8513342748399495
2024-02-09 08:00:00,7,-0.990861186162082,-0.6195637636726009,-0.4309237976621384,-0.31985143153137763,1.537974821987408
2024-02-09 12:00:00,7,0.7506739651675982,0.22949275150057366,0.298778215658707,0.31582248921083433,-0.990861186162082
2024-02-09 16:00:00,7,1.0994659221904968,0.11880691789572179,-0.20374614815886502,-0.16576248888834222,0.7506739651675982
2024-02-09 20:00:00,7,-0.9511880524622693,-0.932009370595495,-0.3043909477621303,-0.8711103451186908,1.0994659221904968
2024-02-10 00:00:00,7,0.43806378206974195,1.0983090977276866,0.2873304327885617,-0.2608881998615713,-0.9511880524622693
2024-02-12 04:00:00,8,-1.8071420736434387,-1.1366319270452256,-0.10138687955590164,-0.5254395350410048,0.43806378206974195
2024-02-12 08:00:00,8,0.26416568870938484,0.5191863981304858,0.4574561766863902,0.5673401834218819,-1.8071420736434387
2024-02-12 12:00:00,8,-0.05531737934595782,0.7053108836367805,-0.058102767446128085,0.4075990589438332,0.26416568870938484
2024-02-12 16:00:00,8,2.187578003194586,1.124681676455411,0.0214181788026955,0.4410495059836199,-0.05531737934595782
2024-02-12 20:00:00,8,-0.9056003218217992,-0.5711578473065073,-0.5368497890191397,-0.881780009919872,2.187578003194586
2024-02-13 00:00:00,8,-0.5465264327615049,-0.13952953052332984,0.2330578897159519,-0.3341630410309149,-0.9056003218217992
2024-02-13 04:00:00,8,-0.8775629697108336,-0.5843409640888795,0.14368258852980753,-0.00367823298173775,-0.5465264327615049
2024-02-13 08:00:00,8,-0.05287449230148411,0.5092323444749,0.22607925143084184,0.526984535021124,-0.8775629697108336
2024-02-13 12:00:00,8,1.1614602477152722,0.8195456694523368,0.020810131902000626,0.558957767039673,-0.05287449230148411
2024-02-13 16:00:00,8,0.6740629736028616,0.20261708264771056,-0.28144390671335445,-0.1433778273860673,1.1614602477152722
2024-02-13 20:00:00,8,-0.348941548616553,-0.7832550265632391,-0.16012826807111438,-0.550984045659157,0.6740629736028616
2024-02-14 00:00:00,8,-1.4545984645844925,-0.6867260822948116,0.09450271478154051,-0.3399789161684712,-0.348941548616553
2024-02-14 04:00:00,8,-0.38192317030602574,-0.5579115708592067,0.36970629511367903,0.5396175050472856,-1.4545984645844925
2024-02-14 08:00:00,8,2.662493152018545,0.2878766216414202,0.10271200669028502,0.7705666377184217,-0.38192317030602574
2024-02-14 12:00:00,8,-1.2575781472937155,-0.9065177810920042,-0.6550585637509514,-0.839444306914289,2.662493152018545
2024-02-14 16:00:00,8,0.6378142999617964,0.2530380055169094,0.3206669449015668,-0.07898617039709599,-1.2575781472937155
2024-02-14 20:00:00,8,-1.0041684329868446,-0.6519880826225843,-0.15110579046143094,-0.4646727975357301,0.6378142999617964
2024-02-15 00:00:00,8,0.5953005208145772,-0.1191026472521161,0.2575919894963067,0.14254835762021667,-1.0041684329868446
2024-02-15 04:00:00,8,-0.9141775630767732,-1.1699658621298232,-0.14052389650699218,-0.21743016594157716,0.5953005208145772
2024-02-15 08:00:00,8,0.4308020291179151,-0.016616699521861858,0.23519280830475747,0.33537346503693133,-0.9141775630767732
2024-02-15 12:00:00,8,-0.6976554377171382,0.005952919254835711,-0.09957939263752001,0.07486726192276372,0.4308020291179151
2024-02-15 16:00:00,8,1.7799815344761534,0.8444120706243256,0.1812993597498501,0.49673985508062746,-0.6976554377171382
2024-02-15 20:00:00,8,-1.3945934767040793,-0.6960171832839269,-0.43539697313922543,-0.5796158717230497,1.7799815344761534
2024-02-16 00:00:00,8,0.923268292602458,0.002092162440851671,0.3547707511271255,0.26369550322065294,-1.3945934767040793
2024-02-16 04:00:00,8,-1.3814542323036463,-1.1798481008377673,-0.2221567282887777,-0.29460529646229094,0.923268292602458
2024-02-16 08:00:00,8,0.4502056055983914,0.20943334592860868,0.3515003269569908,0.5407607708013291,-1.3814542323036463
2024-02-16 12:00:00,8,0.4188382036123546,0.2600056403988652,-0.10440904064275204,0.26852121525585027,0.4502056055983914
2024-02-16 16:00:00,8,0.5110632725139652,0.48355381065175346,-0.0966015361559578,0.01524954342640239,0.4188382036123546
2024-02-16 20:00:00,8,-1.418774566715788,-0.42372881518067546,-0.1195568207397675,-0.29379067383142665,0.5110632725139652
2024-02-17 00:00:00,8,0.5206908348316226,1.291555885883116,0.36078954633515814,0.5641430183725031,-1.418774566715788
2024-02-19 04:00:00,8,-0.3434707165831483,-0.7839542354043777,-0.12195316953605806,0.24928100935163844,0.5206908348316226
2024-02-19 08:00:00,8,-0.1609932851355964,0.018064702895679866,0.09314099710832298,0.45697792396734815,-0.3434707165831483
2024-02-19 12:00:00,8,0.2287929076224362,0.39333408461706654,0.047721444497633374,0.5543306442491538,-0.1609932851355964
2024-02-19 16:00:00,8,1.022688682780915,0.7339030130844881,-0.04929830390880102,0.41597945823870575,0.2287929076224362
2024-02-19 20:00:00,8,-0.32677068191623704,0.6412447261632215,-0.24690296461216438,-0.20244090125817227,1.022688682780915
2024-02-20 04:00:00,8,-1.2359880117611137,-0.9410594910425117,0.08898427428985144,-0.004842505982911582,-0.32677068191623704
2024-02-20 08:00:00,8,0.4083172201933607,0.3599009350701013,0.31529305132516156,0.7425600647472903,-1.2359880117611137
2024-02-20 12:00:00,8,2.043245258213389,0.39750342355897206,-0.09398281034354121,0.4956504368690293,0.4083172201933607
2024-02-20 16:00:00,8,-0.29233294139652344,-0.41206495622274114,-0.5009246411687167,-0.7399009957415785,2.043245258213389
2024-02-20 20:00:00,8,-1.0073806448228204,-0.7491996176223978,0.08041254706352877,-0.563127119433859,-0.29233294139652344
2024-02-21 00:00:00,8,0.009944927016707794,-0.23020354868892529,0.2583915252160031,0.046036461830668785,-1.0073806448228204
2024-02-21 04:00:00,8,-1.496912762789501,-0.9584828665651263,0.005174061742192009,0.040022759474915404,0.009944927016707794
2024-02-21 08:00:00,8,1.218867815428105,0.5671537930441358,0.38023853725595835,0.9452066580416902,-1.496912762789501
2024-02-21 12:00:00,8,0.26518430445574204,0.11992569768107567,-0.2957329397258241,0.20815667862219556,1.218867815428105
2024-02-21 16:00:00,8,0.5653871753351041,0.39204132526639374,-0.0583563060405435,0.047799596691348256,0.26518430445574204
2024-02-21 20:00:00,8,-0.5814334686144527,-0.4112291024682328,-0.13307831401501607,-0.29409031185334467,0.5653871753351041
2024-02-22 00:00:00,8,0.2673013074241144,-0.15419475975140237,0.15237112573043055,0.05750279828679705,-0.5814334686144527
2024-02-22 04:00:00,8,-1.3521703602147301,-1.0264229409435335,-0.05888323875181751,-0.10413443640099374,0.2673013074241144
2024-02-22 08:00:00,8,-0.029218979957690294,0.36020177642520107,0.3442114235652882,0.713523658720562,-1.3521703602147301
2024-02-22 12:00:00,8,0.6128740333337763,0.722577406817618,0.014922155625106494,0.7311923905583209,-0.029218979957690294
2024-02-22 16:00:00,8,0.49139029904401,0.7387250527484746,-0.1448980323663617,0.3605871551606299,0.6128740333337763
2024-02-22 20:00:00,8,0.14823165920672565,-0.06704574251587692,-0.11466011846574325,0.06344319482878902,0.49139029904401
2024-02-23 00:00:00,8,-0.5580387997417642,-0.194283311477848,-0.02924620304474488,-0.026192563852115214,0.14823165920672565
2024-02-23 04:00:00,8,0.2003381073660524,-0.5870218858304392,0.1465480747084846,0.31125377828506195,-0.5580387997417642
2024-02-23 08:00:00,8,-0.17749522441681265,-0.09657863805231581,-0.04221576067581522,0.19010922426365173,0.2003381073660524
2024-02-23 12:00:00,8,-0.6469431700902923,0.2953935837401317,0.05182886037594725,0.2974406755068042,-0.17749522441681265
2024-02-23 16:00:00,8,1.576371949161878,1.092274384210949,0.16867682068179593,0.6886475349915253,-0.6469431700902923
2024-02-23 20:00:00,8,-1.36128377043927,-0.3818674199465732,-0.3847175208975905,-0.26458537343435307,1.576371949161878
2024-02-24 00:00:00,8,1.7630430386273108,1.391583615425703,0.3464797973136071,0.5585836054216129,-1.36128377043927
2024-02-26 04:00:00,8,-2.150739022816623,-1.393110469776338,-0.43118089613041694,-0.5075294044452798,1.7630430386273108
2024-02-26 08:00:00,8,0.769528307453422,0.44785704110633845,0.5429791895107428,0.7930235615438344,-2.150739022816623
2024-02-26 12:00:00,8,-0.5362356085895037,0.32206008814249,-0.18389007093586393,0.3276894080022954,0.769528307453422
2024-02-26 16:00:00,8,2.178466997711297,1.0942681461677406,0.14112115051426913,0.6519513495123972,-0.5362356085895037
2024-02-26 20:00:00,8,-0.7178872275735699,-0.5967671587516715,-0.534582013823041,-0.6653687368049264,2.178466997711297
2024-02-27 00:00:00,8,0.7174793904212269,-0.21409962253765585,0.18633515423962915,-0.23126197017184857,-0.7178872275735699
2024-02-27 04:00:00,8,0.03975939640820947,-1.3365796608245895,-0.1709348330923683,-0.6651221174743185,0.7174793904212269
2024-02-27 08:00:00,8,-1.0297065474526583,-0.7343442984662989,-0.002246909993024032,-0.6891646444271773,0.03975939640820947
2024-02-27 12:00:00,8,1.2006564368613635,0.21094809500279543,0.26394855493213276,-0.06650057864287007,-1.0297065474526583
2024-02-27 16:00:00,8,-0.5887255002331155,-0.0923651709725676,-0.29120003579154746,-0.7925381283075401,1.2006564368613635
2024-02-27 20:00:00,8,-0.5280575278432806,-0.3962713876837864,0.15418614916163148,-0.4365355229896348,-0.5887255002331155
2024-02-28 00:00:00,8,-0.37063951397628614,-0.09981894825440828,0.13908558498837936,-0.11721887100920814,-0.5280575278432806
2024-02-28 04:00:00,8,-1.312540226486325,-0.6505156856271067,0.09990344774552119,0.10690702901902682,-0.37063951397628614
2024-02-28 08:00:00,8,2.443044351750123,0.748544588150807,0.33434728349291265,0.9006007623950447,-1.312540226486325
2024-02-28 12:00:00,8,-0.3111415896512124,-0.3753016120958241,-0.6004366510570021,-0.576709382631547,2.443044351750123
2024-02-28 16:00:00,8,2.5683029261560613,0.2555611701640085,0.08509411443415092,-0.38856190728908935,-0.3111415896512124
2024-02-28 20:00:00,8,-1.1191507954128124,-1.667359134082268,-0.6316141416926355,-1.9416159750933826,2.5683029261560613
2024-02-29 00:00:00,8,0.3348164097796573,-1.0960504812221183,0.28621167916466256,-1.2648649276989588,-1.1191507954128124
2024-02-29 04:00:00,8,-1.2633256361708813,-1.9204653998970285,-0.0756880880919676,-1.467328578649271,0.3348164097796573
2024-02-29 08:00:00,8,0.18039700694431815,-0.5886824972228526,0.32209752385790646,-0.7033949327248985,-1.2633256361708813
2024-02-29 12:00:00,8,-0.26667964230848007,-0.3836463486936625,-0.03725232025178489,-0.8124810933180777,0.18039700694431815
2024-02-29 16:00:00,8,0.6972457223465867,0.0940140453679604,0.07402731159454949,-0.6512197798375619,-0.26667964230848007
2024-02-29 20:00:00,8,-0.12479599605394043,-0.745187281951062,-0.16589857110460846,-1.0728446179053241,0.6972457223465867
2024-03-01 00:00:00,8,-0.8748854780937805,-0.7105979450687198,0.03871175676383186,-0.9973804164891229,-0.12479599605394043
2024-03-01 04:00:00,8,-1.029556127422289,-0.9656284595070308,0.22541281026932003,-0.4683367290102236,-0.8748854780937805
2024-03-01 08:00:00,8,0.6038342851902812,0.20741468471963304,0.26391111462826145,0.15423637770626275,-1.029556127422289
2024-03-01 12:00:00,8,-0.14025509683989412,0.20448034300260914,-0.14264799348136745,-0.21090251745437705,0.6038342851902812
2024-03-01 16:00:00,8,0.535671210616826,0.6512643902797479,0.04255960488341365,-0.1260901900380409,-0.14025509683989412
2024-03-01 20:00:00,8,-0.510282535814115,-0.16197338981779652,-0.12568186058955697,-0.4500108398109415,0.535671210616826
2024-03-02 00:00:00,8,1.0383928814194157,1.076657886338957,0.13466129986326064,-0.14144273442715782,-0.510282535814115
2024-03-04 04:00:00,8,-1.31244669886647,-1.2813871801325971,-0.2508118188228568,-0.7693594307185565,1.0383928814194157
2024-03-04 08:00:00,8,1.167887665289241,0.08705408363748682,0.33432400399683,0.024277746458817973,-1.31244669886647
2024-03-04 12:00:00,8,-0.502730780969106,-0.2381377757153798,-0.2830437233500526,-0.6819445105981368,1.167887665289241
2024-03-04 16:00:00,8,0.8319516792702526,0.43853851595561627,0.13278163001167956,-0.3779429551573763,-0.502730780969106
2024-03-04 20:00:00,8,-0.22230824577963482,-0.5601258547853278,-0.19942756287598962,-0.881024552950473,0.8319516792702526
2024-03-05 00:00:00,8,0.3884341513647094,-0.5387526974901545,0.06298304730901834,-0.746594645209318,-0.22230824577963482
2024-03-05 04:00:00,8,-0.03630690236903966,-1.462551815484874,-0.08903381427558385,-0.981480971392795,0.3884341513647094
2024-03-05 08:00:00,8,-0.7158100854104017,-0.8454840287698259,0.01668637524563145,-0.9595261693173232,-0.03630690236903966
2024-03-05 12:00:00,8,-0.13159066965524246,-0.11123949294179657,0.18581814308372072,-0.5266754515922871,-0.7158100854104017
2024-03-05 16:00:00,8,2.3047315136395223,0.3762805019487228,0.04040298527718094,-0.4471025076409134,-0.13159066965524246
2024-03-05 20:00:00,8,0.3374817362497371,-1.439756029935096,-0.5660098883748244,-1.8407748100790826,2.3047315136395223
2024-03-06 00:00:00,8,-1.4975325981732688,-1.6788030595029455,-0.07635150128707961,-2.044850185282881,0.3374817362497371
2024-03-06 04:00:00,8,-0.029003231783015337,-1.535290277990516,0.38039281740775405,-1.1392914719486091,-1.4975325981732688
2024-03-06 08:00:00,8,-0.2860134180318017,-0.8511680483658902,0.01486845481677872,-1.1217532031403037,-0.029003231783015337
2024-03-06 12:00:00,8,-0.004054964130967065,-0.3875610177840426,0.07883958583943919,-0.9488007457813428,-0.2860134180318017
2024-03-06 16:00:00,8,-0.2521219332633766,0.05938129737788685,0.008658705226493294,-0.9463487069372238,-0.004054964130967065
2024-03-06 20:00:00,8,-0.41041737792002486,-0.29849246460078865,0.07040382442345111,-0.7938904474189785,-0.2521219332633766
2024-03-07 00:00:00,8,0.14687761806772848,-0.154685759881676,0.10980435861324556,-0.5457108531098864,-0.41041737792002486
2024-03-07 04:00:00,8,-0.5358267828275203,-1.0022607698249895,-0.028909175379121493,-0.6345278224348005,0.14687761806772848
2024-03-07 08:00:00,8,-0.4841699309899674,-0.1219044696279342,0.14101939172109831,-0.3105130980680526,-0.5358267828275203
2024-03-07 12:00:00,8,-0.2585076039223715,0.41778841251967413,0.12816174088106724,-0.01773529792050077,-0.4841699309899674
2024-03-07 16:00:00,8,0.7849030320282484,1.0584321513251926,0.07199325004255358,0.138584379848532,-0.2585076039223715
2024-03-07 20:00:00,8,-0.3177660042661774,0.09823474334012794,-0.18771691739113036,-0.3360468773559466,0.7849030320282484
2024-03-08 00:00:00,8,-1.1844797014782777,0.1267796943384162,0.08674296462747416,-0.14389361517276367,-0.3177660042661774
2024-03-08 04:00:00,8,-0.43224755263916315,0.08952059204172302,0.302472373226942,0.5723618544908939,-1.1844797014782777
2024-03-08 08:00:00,8,1.425516709946951,0.9724688637601058,0.11523799915328918,0.8337421664034883,-0.43224755263916315
2024-03-08 12:00:00,8,-0.3646435116497848,0.4166729272549965,-0.34716889135054485,-0.02826850319443963,1.425516709946951
2024-03-08 16:00:00,8,3.030174101519018,0.9982012536033369,0.09841101253881115,0.1922316112191389,-0.3646435116497848
2024-03-08 20:00:00,8,-1.9307658481720882,-1.4921759967774888,-0.7465762056714262,-1.6401161880191548,3.030174101519018
2024-03-09 00:00:00,8,0.34740119217819654,0.5344910163465386,0.4882267573910506,-0.4725811110844411,-1.9307658481720882
2024-03-11 04:00:00,9,-0.9833297061718707,-1.262873369232755,-0.11070502932708423,-0.5102039974231252,0.34740119217819654
2024-03-11 08:00:00,9,1.283170501910977,-0.012423689219508868,0.31222741124275344,-0.01405150300837743,-0.9833297061718707
2024-03-11 12:00:00,9,-0.8454395797548973,-0.610640497026014,-0.4081109124145942,-0.6614927846930767,1.283170501910977
2024-03-11 16:00:00,9,0.6634497232310395,0.5932198055798418,0.2684032182610462,-0.23491464539802287,-0.8454395797548973
2024-03-11 20:00:00,9,-0.9737935861635467,-0.6034235744992874,-0.2111514657496704,-0.5696673057049413,0.6634497232310395
2024-03-12 00:00:00,9,0.007915902484041837,-0.055846879118037276,0.30919664483183756,-0.07832639147481757,-0.9737935861635467
2024-03-12 04:00:00,9,-0.5067232663975236,-0.8358259203364176,-0.002809930260904223,-0.0823204686783745,0.007915902484041837
2024-03-12 08:00:00,9,0.8522241626259515,0.1549986185033156,0.16075251499213708,0.17335370756498758,-0.5067232663975236
2024-03-12 12:00:00,9,-0.5505290485675651,-0.26501720876344304,-0.27114769373947867,-0.2566476861013207,0.8522241626259515
2024-03-12 16:00:00,9,1.5038694731884892,0.8192638236238836,0.17467485375139882,0.021129298546017417,-0.5505290485675651
2024-03-12 20:00:00,9,0.45719112607704204,-0.941552993510657,-0.47825338424671376,-0.7376686770601886,1.5038694731884892
2024-03-13 00:00:00,9,-2.252706521230955,-1.1521985062506406,-0.14559842869987377,-0.9683507323298217,0.45719112607704204
2024-03-13 04:00:00,9,-0.5392017236278157,-0.5854692106457752,0.7156603179719376,0.1682832498207718,-2.252706521230955
2024-03-13 08:00:00,9,0.4545216363166027,0.42903541671861745,0.17107480719966126,0.44034487726021876,-0.5392017236278157
2024-03-13 12:00:00,9,-0.09060394394544957,0.2844273284561707,-0.1447500123740346,0.21100974967429487,0.4545216363166027
2024-03-13 16:00:00,9,1.081085082447549,1.0280273910283737,0.028501613753480922,0.2567252126672246,-0.09060394394544957
2024-03-13 20:00:00,9,-0.46405271620387545,-0.3709613922523337,-0.3438841932760992,-0.2887510980394641,1.081085082447549
2024-03-14 00:00:00,9,-0.7392212266006624,-0.1110373237526442,0.14719097527269945,-0.05460693333114275,-0.46405271620387545
2024-03-14 04:00:00,9,0.499554242048843,-0.44844180177631676,0.23464493746323173,0.3183772785768646,-0.7392212266006624
2024-03-14 08:00:00,9,-0.47448963772000496,-0.06764226966731848,-0.15906225977970462,0.06632033192678488,0.499554242048843
2024-03-14 12:00:00,9,0.19914299225244925,0.3311915029918924,0.15050803411181216,0.3057305885793813,-0.47448963772000496
2024-03-14 16:00:00,9,2.066289108401147,0.9370574880227047,-0.06358565875649702,0.20525025962041887,0.19914299225244925
2024-03-14 20:00:00,9,-0.05038773466781343,-1.2120982017969335,-0.657001401024418,-0.8373242592623305,2.066289108401147
2024-03-15 00:00:00,9,-0.785799556390554,-1.1871706432062732,0.015720111827474226,-0.8119004364220039,-0.05038773466781343
2024-03-15 04:00:00,9,1.976142178384153,-1.456012064605629,0.24944844636208607,-0.4154144891694038,-0.785799556390554
2024-03-15 08:00:00,9,-1.0198355557537067,-1.7088675881562119,-0.6283509344505698,-1.4125041377070016,1.976142178384153
2024-03-15 12:00:00,9,-0.1847973108970411,-1.0851828502049206,0.3238296879148171,-0.8979321160298577,-1.0198355557537067
2024-03-15 16:00:00,9,-0.301814631174409,-0.2561975110385607,0.05843811753476391,-0.8046900974197957,-0.1847973108970411
2024-03-15 20:00:00,9,0.9857605251433483,-1.022384327069489,0.09562852238311546,-0.6524053844001756,-0.301814631174409
2024-03-16 00:00:00,9,-0.6862567696417461,-1.2052017693145123,-0.3135881749624857,-1.1497843818775273,0.9857605251433483
2024-03-18 04:00:00,9,-1.4226179693728511,-1.9082413899883013,0.2178117918040574,-0.8035241133941433,-0.6862567696417461
2024-03-18 08:00:00,9,0.2648936008934246,-0.3758973296143454,0.45184185733371773,-0.08572269879901295,-1.4226179693728511
2024-03-18 12:00:00,9,-0.33251059990703524,-0.46726846309496106,-0.08448249478544799,-0.21937839943825033,0.2648936008934246
2024-03-18 16:00:00,9,0.9037237276157892,0.4871471584387112,0.10538430470382466,-0.05160561424957244,-0.33251059990703524
2024-03-18 20:00:00,9,-1.226285088702035,-0.8203348403596946,-0.28751526793230947,-0.5075918199993623,0.9037237276157892
2024-03-19 00:00:00,9,0.654646075341974,-0.09545084674482551,0.38944340811369266,0.11114714598971265,-1.226285088702035
2024-03-19 04:00:00,9,0.5824168043096876,-1.2643204542511735,-0.20835349337805387,-0.21916351298978398,0.654646075341974
2024-03-19 08:00:00,9,0.8953981490714309,-0.9215837369207402,-0.18539761107597397,-0.5130299022929972,0.5824168043096876
2024-03-19 12:00:00,9,-0.17462039602074597,-1.2959553536142947,-0.2848692353968907,-0.9648153231622913,0.8953981490714309
2024-03-19 16:00:00,9,0.376289013052558,-0.42748335629004564,0.055203693917307096,-0.8767082065791163,-0.17462039602074597
2024-03-19 20:00:00,9,-0.7111066423253245,-1.2640069094976811,-0.11988614671173821,-1.0665699907549504,0.376289013052558
2024-03-20 00:00:00,9,0.2759983779549504,-0.9202065031797764,0.22570956987094257,-0.7077713780717918,-0.7111066423253245
2024-03-20 04:00:00,9,0.33935597663633565,-1.8705738214299343,-0.08801181124637798,-0.8470301463336334,0.2759983779549504
2024-03-20 08:00:00,9,-1.1656391110224362,-1.3562673920139288,-0.108148101665565,-1.0182568602688287,0.33935597663633565
2024-03-20 12:00:00,9,0.4676721375996582,-0.5685299348678552,0.37016892415711045,-0.4301176543735412,-1.1656391110224362
2024-03-20 16:00:00,9,0.43554210239993196,-0.07666521215524413,-0.14892950020982118,-0.6660880478051325,0.4676721375996582
2024-03-20 20:00:00,9,-0.010252526834264586,-1.0490859907968368,-0.1387179433733012,-0.8858467911564691,0.43554210239993196
2024-03-21 00:00:00,9,-0.15126171970253743,-0.8543336550844123,0.0029643537528201954,-0.8806737380788014,-0.010252526834264586
2024-03-21 04:00:00,9,-1.484592543895884,-1.5092832738142217,0.047779847371029666,-0.8043525621102185,-0.15126171970253743
2024-03-21 08:00:00,9,0.29334021546786815,-0.03579962727087574,0.4715385954862637,-0.055281025655755656,-1.484592543895884
2024-03-21 12:00:00,9,-0.05624629976350448,-0.14657846517476067,-0.09352338813423533,-0.20328985596267213,0.29334021546786815
2024-03-21 16:00:00,9,0.6400841297006519,0.6188989421382309,0.017582078989452656,-0.17491001372450388,-0.05624629976350448
2024-03-21 20:00:00,9,0.12758932527200706,-0.5284332367285568,-0.20372542077737577,-0.49787324324252147,0.6400841297006519
2024-03-22 00:00:00,9,-1.0645880137345767,-0.6385154595892677,-0.04084449670391283,-0.5622501878187656,0.12758932527200706
2024-03-22 04:00:00,9,0.20541938920301916,-0.7636852025165046,0.3380528988576274,-0.02509769946901308,-1.0645880137345767
2024-03-22 08:00:00,9,-0.620535907294526,-0.21686414008792462,-0.06558042109618632,-0.12874487062079965,0.20541938920301916
2024-03-22 12:00:00,9,1.0463535420564671,0.2297824657542774,0.19692440973204953,0.18435503508293927,-0.620535907294526
2024-03-22 16:00:00,9,0.9074036649869281,0.30672145618237984,-0.3328458269463155,-0.3435970004068576,1.0463535420564671
2024-03-22 20:00:00,9,-1.5850623430932167,-0.9588249782089096,-0.2886848243733973,-0.801439969045556,0.9074036649869281
2024-03-23 00:00:00,9,3.310782140366033,0.25437092037921755,0.5034698728247353,-0.0016750169724737418,-1.5850623430932167
2024-03-25 04:00:00,9,-3.7828595498934057,-2.289692602705067,-1.0525257522915712,-1.6721755694283704,3.310782140366033
2024-03-25 08:00:00,9,-0.18679510816371803,0.5325999107056338,1.2019730320299957,0.23651811685004898,-3.7828595498934057
2024-03-25 12:00:00,9,0.13422360139122347,0.6151895397071012,0.05907305678116379,0.3307681514805516,-0.18679510816371803
2024-03-25 16:00:00,9,1.6107557461327193,1.2352212629531303,-0.04295300007900788,0.26304379186688376,0.13422360139122347
2024-03-25 20:00:00,9,-1.2144113648037358,-0.3619358552940425,-0.5122239430845421,-0.5496851192201895,1.6107557461327193
2024-03-26 00:00:00,9,0.5418172240955883,0.340944027484287,0.38566970523117416,0.06306279646992952,-1.2144113648037358
2024-03-26 04:00:00,9,-1.2988762381212755,-0.788792196924357,-0.1724942663296022,-0.2103185176148843,0.5418172240955883
2024-03-26 08:00:00,9,1.7730496490793293,0.6862217383097673,0.4125143024813778,0.4450473087555391,-1.2988762381212755
2024-03-26 12:00:00,9,-1.1994099291464533,-0.261733221321628,-0.5638041360055286,-0.4495692177161459,1.7730496490793293
2024-03-26 16:00:00,9,1.2634897434075167,1.2005249338370085,0.3809019540634119,0.1556095177951926,-1.1994099291464533
2024-03-26 20:00:00,9,-0.797281774143821,-0.3249037685898948,-0.40185598045468085,-0.48190156716893817,1.2634897434075167
2024-03-27 00:00:00,9,-0.7530210213867754,0.13175200764535921,0.25309772089502475,-0.0796221094142755,-0.797281774143821
2024-03-27 04:00:00,9,-0.15503648786870095,-0.17158988983141168,0.23903078353886584,0.30032497828459626,-0.7530210213867754
2024-03-27 08:00:00,9,0.06578154312995643,0.5958496670653703,0.0489795429030717,0.37855076532078424,-0.15503648786870095
2024-03-27 12:00:00,9,1.5045683727220265,0.6352941911051264,-0.02120076844904392,0.34535978521967614,0.06578154312995643
2024-03-27 16:00:00,9,1.1320116490732541,0.5491557650882816,-0.4784755082582615,-0.41379082973499415,1.5045683727220265
2024-03-27 20:00:00,9,-1.3930067783266171,-0.9532580320655182,-0.3600696573241323,-0.984962838339074,1.1320116490732541
2024-03-28 00:00:00,9,-0.7142733497228324,-0.1535378016240579,0.4424308386875805,-0.28210215644831305,-1.3930067783266171
2024-03-28 04:00:00,9,0.22693913246840047,-0.5050992575451204,0.22671601173673162,0.07829426189910382,-0.7142733497228324
2024-03-28 08:00:00,9,-0.8332813665240373,0.04119874889637262,-0.072419818566365,-0.03621099096552971,0.22693913246840047
2024-03-28 12:00:00,9,0.3640579994386606,0.6445011630825483,0.26453909907581374,0.38423255503466525,-0.8332813665240373
2024-03-28 16:00:00,9,0.8934529170678172,1.1842200494669817,-0.11599889013358083,0.20054209658576383,0.3640579994386606
2024-03-28 20:00:00,9,-1.2957460840950983,-0.09542337398079824,-0.2842510024244821,-0.25026183078775777,0.8934529170678172
2024-03-29 00:00:00,9,0.031552295126330066,0.9598449509714744,0.41151947799560684,0.40352463342342126,-1.2957460840950983
2024-04-01 04:00:00,9,-1.3592266528161936,-0.10833976769943758,-0.010322040514648531,0.38760449002372344,0.031552295126330066
2024-04-01 08:00:00,9,3.125613700021413,1.361103996853134,0.4316948507109035,1.073420946128926,-1.3592266528161936
2024-04-01 12:00:00,9,-2.089508791591829,-0.4425227338974409,-0.993675581690919,-0.5036503292622809,3.125613700021413
2024-04-01 16:00:00,9,1.7069513973144836,1.5481152332731278,0.6637928711595806,0.5506399993455986,-2.089508791591829
2024-04-01 20:00:00,9,-0.6351429828519084,-0.29097711069108756,-0.5427968121574339,-0.31062574733804116,1.7069513973144836
2024-04-02 00:00:00,9,-0.602694294827895,0.13742348028686135,0.20156682550726857,0.009844358745501047,-0.6351429828519084
2024-04-02 04:00:00,9,2.7640962385210166,-0.2861989660861737,0.19125399453873787,0.3139420340944161,-0.602694294827895
2024-04-02 08:00:00,9,-2.3029978403009235,-1.1741310456679568,-0.8787782252903515,-1.0807206461205165,2.7640962385210166
2024-04-02 12:00:00,9,0.6383418062676878,0.2327369566550893,0.7316438878583136,0.08128851105770085,-2.3029978403009235
2024-04-02 16:00:00,9,1.1019505900217155,0.5015692751729389,-0.20317167613773512,-0.24079560526774646,0.6383418062676878
2024-04-02 20:00:00,9,-1.9103637302775986,-0.8670961444957785,-0.35051566178187454,-0.7967998940932448,1.1019505900217155
2024-04-03 00:00:00,9,-0.4473952783024764,0.2749622739349604,0.6068570488294605,0.16710033597976626,-1.9103637302775986
2024-04-03 04:00:00,9,0.14635573893686882,-0.25967896103708993,0.1418969140361158,0.39283976185688463,-0.4473952783024764
2024-04-03 08:00:00,9,0.37054553112434796,0.3622547650978738,-0.046808831898852606,0.31899396579308803,0.14635573893686882
2024-04-03 12:00:00,9,0.36787016708468556,0.23369188551735498,-0.11806075524282558,0.13203013422401622,0.37054553112434796
2024-04-03 16:00:00,9,1.0570989336893692,0.725785661770523,-0.11721047195556585,-0.05358380571317056,0.36787016708468556
2024-04-03 20:00:00,9,-1.5554404484419297,-0.581080823872642,-0.33626092365280713,-0.5869575759768333,1.0570989336893692
2024-04-04 00:00:00,9,-0.018504646075189868,0.3051025755025669,0.49405545236248816,0.19786124274109707,-1.5554404484419297
2024-04-04 04:00:00,9,0.07775333558831932,-0.4645583143737476,0.005587039477458514,0.20719801579986097,-0.018504646075189868
2024-04-04 08:00:00,9,-0.3953655569218224,0.16174165224218168,-0.025005639447897837,0.16796650356232767,0.07775333558831932
2024-04-04 12:00:00,9,0.09979039908549936,0.5228950235542966,0.12536084571984535,0.36745361967529533,-0.3953655569218224
2024-04-04 16:00:00,9,0.7112315231682729,1.2315695024997402,-0.03200945145783212,0.31710300470438924,0.09979039908549936
2024-04-04 20:00:00,9,1.070799513376306,0.0897901791758701,-0.2263374611205825,-0.04175861832142935,0.7112315231682729
2024-04-05 00:00:00,9,-1.2309212277459203,-0.907374805363345,-0.3406152372194359,-0.5820452040364472,1.070799513376306
2024-04-05 04:00:00,9,-0.011877269985937744,-0.9361481748905061,0.3909168642445172,0.0390329895144923,-1.2309212277459203
2024-04-05 08:00:00,9,0.843436712673789,-0.26202422882345267,0.003480729067535021,0.04502582904061825,-0.011877269985937744
2024-04-05 12:00:00,9,-0.061768212689562674,-0.665345959143469,-0.268354869390648,-0.3805417361895653,0.843436712673789
2024-04-05 16:00:00,9,0.16992518993217942,0.07995705364415773,0.019337051473617195,-0.3493757370245705,-0.061768212689562674
2024-04-05 20:00:00,9,-1.031754449935626,-0.7540241397479122,-0.05429966678116974,-0.43511382295809486,0.16992518993217942
2024-04-06 00:00:00,9,1.7742429364716443,0.10476468675220911,0.3276177468014807,0.08547204030433697,-1.031754449935626
2024-04-08 04:00:00,10,-2.3639733332623774,-1.384037663991718,-0.8142854656947451,-0.7308972132230878,1.7742429364716443
2024-04-08 08:00:00,10,1.5291759034319021,0.3569304284738565,1.1054597008233316,0.501936970266871,-2.3639733332623774
2024-04-08 12:00:00,10,-0.4549754896852658,-0.5706297717130387,-0.7005972914947028,-0.29554255278608554,1.5291759034319021
2024-04-08 16:00:00,10,-0.3074617862078899,0.6116483848391087,0.21986331237354645,-0.05826858338813068,-0.4549754896852658
2024-04-08 20:00:00,10,-0.3996858899322415,-0.0814550695941223,0.15143075573868628,0.10207561120177377,-0.3074617862078899
2024-04-09 00:00:00,10,0.07999600429358722,0.17141863386719994,0.19421411113172504,0.31051553767381357,-0.3996858899322415
2024-04-09 04:00:00,10,-0.5802143666549675,-0.13740253058497473,-0.028313407461559487,0.26879687391052887,0.07999600429358722
2024-04-09 08:00:00,10,1.4635073234118376,0.5119051448190202,0.2779624336014928,0.5713840879452432,-0.5802143666549675
2024-04-09 12:00:00,10,-1.1941313106205822,-0.32790789200764286,-0.6701332144942692,-0.1918486569859592,1.4635073234118376
2024-04-09 16:00:00,10,1.8872427760957873,1.255837215201022,0.562762455881935,0.43090198008534575,-1.1941313106205822
2024-04-09 20:00:00,10,-1.23454262821536,-0.7536850645088515,-0.8667068187115872,-0.5533127630245076,1.8872427760957873
2024-04-10 00:00:00,10,-0.7843420584649685,-0.0864613735712806,0.5815095262544043,0.09051275379679691,-1.23454262821536
2024-04-10 04:00:00,10,0.8336419987058665,0.09753526874325567,0.37265858386575346,0.49955446658551317,-0.7843420584649685
2024-04-10 08:00:00,10,-0.814386060578304,-0.10216827135775926,-0.37793463572367597,0.06480237427694213,0.8336419987058665
2024-04-10 12:00:00,10,1.7444804260024789,0.38929520290137254,0.3865961898487394,0.48951231491450997,-0.814386060578304
2024-04-10 16:00:00,10,-0.4818793058650339,-0.07199425146238737,-0.8004784454975392,-0.4202505285761955,1.7444804260024789
2024-04-10 20:00:00,10,-0.3270009187780225,-0.8897731502465592,0.2323441658875945,-0.16894596763727154,-0.4818793058650339
2024-04-11 00:00:00,10,0.39606354614913997,-0.7575974161906944,0.16049508511745963,0.0015880671717525274,-0.3270009187780225
2024-04-11 04:00:00,10,-1.6318346384522364,-1.2718200714772514,-0.17493917475367024,-0.2049627731683401,0.39606354614913997
2024-04-11 08:00:00,10,0.4118902465072054,0.015159388703168204,0.7658158472958407,0.6460542394942168,-1.6318346384522364
2024-04-11 12:00:00,10,1.35375127209727,-0.2274041677699811,-0.18228128293118193,0.4312496270244921,0.4118902465072054
2024-04-11 16:00:00,10,0.5420297427300422,-0.14994116525702242,-0.619216675755516,-0.27474431152866075,1.35375127209727
2024-04-11 20:00:00,10,-1.9783045851318946,-1.3533133759421017,-0.24265383297747184,-0.5574178873695841,0.5420297427300422
2024-04-12 00:00:00,10,-0.00392681206679768,-0.14419651793706104,0.9265454858956136,0.4742864400813991,-1.9783045851318946
2024-04-12 04:00:00,10,-0.1148094441422085,-0.40319085832022183,0.010618927285359922,0.47633430926840425,-0.00392681206679768
2024-04-12 08:00:00,10,-1.0780915108857965,-0.02124554280905848,0.06205809409121994,0.5362085072275935,-0.1148094441422085
2024-04-12 12:00:00,10,1.557057367718567,0.6399797180326462,0.5089308458005946,1.0984433044010977,-1.0780915108857965
2024-04-12 16:00:00,10,0.593418057489032,0.6511885780759359,-0.713531682258966,0.28642333718377344,1.557057367718567
2024-04-12 20:00:00,10,1.475133581002444,-0.6853025796049425,-0.26649320299677265,-0.023049725003044585,0.593418057489032
2024-04-13 00:00:00,10,0.6528972635961416,-0.8237086606074963,-0.6755267102323969,-0.7923456719095325,1.475133581002444
2024-04-15 04:00:00,10,-2.5792674711798025,-1.9523645884847094,-0.29408598959605675,-1.1328376958857778,0.6528972635961416
2024-04-15 08:00:00,10,0.772220853628589,-0.24951970007299443,1.2053360373187216,0.21227439234827195,-2.5792674711798025
2024-04-15 12:00:00,10,-0.5605568101305476,-0.8039922709980636,-0.3494409711352644,-0.19044599885144375,0.772220853628589
2024-04-15 16:00:00,10,1.469851613779527,0.4000168346912403,0.2688431665879936,0.10188961576537547,-0.5605568101305476
2024-04-15 20:00:00,10,-0.10822972774921347,-1.2416075469666419,-0.6730763716360156,-0.6646517358769177,1.469851613779527
2024-04-16 00:00:00,10,-0.9314074844248417,-1.0901754201169822,0.0590057213008235,-0.6082089215009603,-0.10822972774921347
2024-04-16 04:00:00,10,0.6114423931128883,-0.8608460260003706,0.44088318167454194,-0.12247121481850964,-0.9314074844248417
2024-04-16 08:00:00,10,-1.5821727121911895,-0.9250579403826719,-0.27485480832094816,-0.4413441364619155,0.6114423931128883
2024-04-16 12:00:00,10,2.3858640070500474,-0.07714299338033918,0.7427773600140366,0.38377371758869394,-1.5821727121911895
2024-04-16 16:00:00,10,-0.4210127422193306,-0.5178252867288506,-1.098020417531607,-0.8604766568393512,2.3858640070500474
2024-04-16 20:00:00,10,-1.0530138162928733,-1.1968286929055145,0.20410777519530376,-0.6409145776104186,-0.4210127422193306
2024-04-17 00:00:00,10,0.5470828470267328,-0.5833876236106109,0.49729714184599805,-0.09175803250611558,-1.0530138162928733
2024-04-17 04:00:00,10,-1.1664322431533378,-1.211462128187894,-0.24499800058911458,-0.3770668494565923,0.5470828470267328
2024-04-17 08:00:00,10,0.09565036351410328,-0.20948485406751885,0.5499126801763461,0.2312384650960828,-1.1664322431533378
2024-04-17 12:00:00,10,0.28080244958673184,-0.32117547039453137,-0.03557556547594837,0.18135590671684287,0.09565036351410328
2024-04-17 16:00:00,10,1.7710486848209221,0.4341712517229953,-0.121468810086751,0.03491480529354796,0.28080244958673184
2024-04-17 20:00:00,10,-0.7836573242496669,-1.3974232898451693,-0.8128036317915813,-0.8887036334385741,1.7710486848209221
2024-04-18 00:00:00,10,-0.5470135160681053,-1.0003985738753973,0.3723409312554274,-0.4800190159416493,-0.7836573242496669
2024-04-18 04:00:00,10,-0.5349582845694343,-1.0024476234657307,0.26256034529001987,-0.19474635573396082,-0.5470135160681053
2024-04-18 08:00:00,10,0.5219642314364279,-0.39953732090120014,0.25696784579450227,0.08423938859683044,-0.5349582845694343
2024-04-18 12:00:00,10,0.43401438415021865,-0.6950379343782046,-0.23334531312041135,-0.1879698356019226,0.5219642314364279
2024-04-18 16:00:00,10,0.01134019509057893,-0.03550369723360382,-0.19254481280374827,-0.4143123925919019,0.43401438415021865
2024-04-18 20:00:00,10,-0.279733828541362,-0.965388254084335,0.00353646438656744,-0.42022641030030705,0.01134019509057893
2024-04-19 00:00:00,10,-0.02512182922911066,-0.7734861220253177,0.13856757768367464,-0.2743426047379227,-0.279733828541362
2024-04-19 04:00:00,10,1.8756864101941186,-0.9062764648484773,0.020451432185891197,-0.2612413360435326,-0.02512182922911066
2024-04-19 08:00:00,10,-0.35616439050909143,-1.6675092634181408,-0.8613457461778724,-1.2394293263469844,1.8756864101941186
2024-04-19 12:00:00,10,-1.2280514190446183,-1.5839543077899372,0.1740242073878635,-1.0536862685115942,-0.35616439050909143
2024-04-19 16:00:00,10,-0.020873286394962776,0.02341430641182943,0.5784982125341599,-0.4132459779300586,-1.2280514190446183
2024-04-19 20:00:00,10,-0.33239532555907125,-0.9012325504957189,0.018480505815935036,-0.40236036402426567,-0.020873286394962776
2024-04-20 00:00:00,10,0.685203571663278,-0.014241650262696675,0.16299758514866663,-0.22901309567078876,-0.33239532555907125
2024-04-22 04:00:00,10,-1.6609602237344365,-1.4319205834498459,-0.30907309387417975,-0.5863531611909538,0.685203571663278
2024-04-22 08:00:00,10,-0.24131582931410023,-0.13591013193924767,0.7793273937987274,0.2798531163608544,-1.6609602237344365
2024-04-22 12:00:00,10,-1.1022841439619953,-0.00815199546485472,0.12074522053350778,0.4057015763285001,-0.24131582931410023
2024-04-22 16:00:00,10,1.810598335178856,1.5371970212624815,0.5201539640201658,0.980553057719761,-1.1022841439619953
2024-04-22 20:00:00,10,-0.386052182055197,-0.45586495238858743,-0.8311509691860581,0.03630910675351906,1.810598335178856
2024-04-23 00:00:00,10,0.10918121076490728,-0.18450607302224,0.18788934628313536,0.23763892716723767,-0.386052182055197
2024-04-23 04:00:00,10,-0.5815752933481999,-0.5155189785135512,-0.04185261261787915,0.18069990550744475,0.10918121076490728
2024-04-23 08:00:00,10,-0.26751462663607484,0.0603839448208138,0.27859377625519277,0.4839968555298855,-0.5815752933481999
2024-04-23 12:00:00,10,0.309375639958823,0.145875884841889,0.1328990112609992,0.623508233116099,-0.26751462663607484
2024-04-23 16:00:00,10,0.7800567892684303,0.7680809955250727,-0.13472409703489993,0.4621659459110399,0.309375639958823
2024-04-23 20:00:00,10,-1.339492463534457,-0.8496807099864534,-0.35307611212094775,0.05535904105209788,0.7800567892684303
2024-04-24 00:00:00,10,0.275022662062014,-0.03201933133500097,0.6301964304537477,0.7539168776980372,-1.339492463534457
2024-04-24 04:00:00,10,-0.09033702722273418,-0.4622406249542706,-0.1187875294477399,0.610489989478217,0.275022662062014
2024-04-24 08:00:00,10,-0.35337684239663325,-0.1178042435286001,0.05070518234569736,0.657601593330936,-0.09033702722273418
2024-04-24 12:00:00,10,0.409232797135358,0.13257493003802542,0.17273104587417776,0.8418909187773833,-0.35337684239663325
2024-04-24 16:00:00,10,2.0604415623567256,0.8011999441972888,-0.18104847506075167,0.6284721909876634,0.409232797135358
2024-04-24 20:00:00,10,-0.7771798873815161,-1.2947649679707245,-0.9470548505926287,-0.44606733761661044,2.0604415623567256
2024-04-25 00:00:00,10,-0.40979436896263266,-0.7746989204521175,0.36933600659501137,-0.040760763974958536,-0.7771798873815161
2024-04-25 04:00:00,10,-0.028322026286536683,-0.8353120211045176,0.19890349962535492,0.1729508287703041,-0.40979436896263266
2024-04-25 08:00:00,10,-0.11124905045526745,-0.5188241183932262,0.021936024201497442,0.18772103013444497,-0.028322026286536683
2024-04-25 12:00:00,10,0.7503658837203471,-0.4633616442975438,0.06040640454048367,0.24573844951572799,-0.11124905045526745
2024-04-25 16:00:00,10,-0.5446838598729062,0.06586400584088402,-0.33930230990757504,-0.14558437065265917,0.7503658837203471
2024-04-25 20:00:00,10,-0.09778788137345273,-0.6370172992165765,0.2614796027843437,0.1384733520797159,-0.5446838598729062
2024-04-26 00:00:00,10,-0.3961675788249117,-0.6376192809358802,0.05416168154968712,0.18947064599668284,-0.09778788137345273
2024-04-26 04:00:00,10,-0.14566529267337458,-0.6057503988183862,0.1925819439605691,0.3960757403493256,-0.3961675788249117
2024-04-26 08:00:00,10,-0.11988819099365244,-0.18283128151490316,0.07637232085354603,0.47204155165057937,-0.14566529267337458
2024-04-26 12:00:00,10,-0.004293003518739624,-0.10277618944559853,0.06441415744908187,0.5345643635512429,-0.11988819099365244
2024-04-26 16:00:00,10,2.2232904728662657,0.839497972434121,0.010788805857204348,0.5368032050023182,-0.004293003518739624
2024-04-26 20:00:00,10,-2.491372631345632,-1.4262824701532975,-1.022601508487219,-0.6226635521774124,2.2232904728662657
2024-04-27 00:00:00,10,1.0697711874965847,0.8642743665500026,1.1645610553131593,0.6766105557481197,-2.491372631345632
2024-04-29 04:00:00,10,0.08634421633597,-0.7193859287691915,-0.48747648644090574,0.11871488497150828,1.0697711874965847
2024-04-29 08:00:00,10,-1.4430841887907864,-0.4296985411196507,-0.03125838389344121,0.07368556930713321,0.08634421633597
2024-04-29 12:00:00,10,0.3780627837429744,0.44290824617104396,0.6782532986523954,0.826267458689089,-1.4430841887907864
2024-04-29 16:00:00,10,1.7008537531915575,1.0918460505550436,-0.1665885051969296,0.6291041841522782,0.3780627837429744
2024-04-29 20:00:00,10,-0.8685036071477228,-0.8125800202295216,-0.7802397511420567,-0.2579069417972608,1.7008537531915575
2024-04-30 00:00:00,10,0.4310643287674303,-0.2681185741227356,0.4117016680738144,0.19502580507869816,-0.8685036071477228
2024-04-30 04:00:00,10,-0.1919630013671867,-0.7882895888459314,-0.19117626312124641,-0.029778270462308853,0.4310643287674303
2024-04-30 08:00:00,10,0.20466317422263458,-0.32870800157671165,0.09785012594939241,0.07033222855258447,-0.1919630013671867
2024-04-30 12:00:00,10,-0.8762382948636045,-0.3993154732040725,-0.08614731011308982,-0.03640152928343099,0.20466317422263458
2024-04-30 16:00:00,10,1.6583820791907105,1.0170942695661789,0.4152898394958085,0.42056492951329716,-0.8762382948636045
2024-04-30 20:00:00,10,0.48716275143243415,-0.931674277706575,-0.7605368681696552,-0.44429682156743766,1.6583820791907105
2024-05-01 00:00:00,10,-0.8108500781351342,-1.0906694918938122,-0.21720068251858043,-0.698356748741018,0.48716275143243415
2024-05-01 04:00:00,10,-0.11910845194262265,-0.9449244427818714,0.3849558248311314,-0.2754908559896183,-0.8108500781351342
2024-05-01 08:00:00,10,0.8166292700309761,-0.6001649097220401,0.06405243148388576,-0.2133746852903533,-0.11910845194262265
2024-05-01 12:00:00,10,-0.7396562432468414,-0.9314862035079884,-0.3700423213751551,-0.6392544806192033,0.8166292700309761
2024-05-01 16:00:00,10,0.043321305368943186,0.3383160513632137,0.35192854652953826,-0.25351683803418723,-0.7396562432468414
2024-05-01 20:00:00,10,1.2222109488781694,-0.5680101387333428,-0.011299778543944618,-0.27610930360085106,0.043321305368943186
2024-05-02 00:00:00,10,-1.0666955567042944,-1.3628376492432601,-0.5581942730480991,-0.9135037344141983,1.2222109488781694
2024-05-02 04:00:00,10,-0.5067448314031306,-1.0598515810568692,0.5036441892964854,-0.35721203383605715,-1.0666955567042944
2024-05-02 08:00:00,10,-1.2594757324547619,-0.46131646617929417,0.24387944325185876,-0.09293986897263995,-0.5067448314031306
2024-05-02 12:00:00,10,1.0208578745274384,0.24944115141056875,0.5930761538132292,0.5638884946973768,-1.2594757324547619
2024-05-02 16:00:00,10,0.6002099940246897,0.5097718013044962,-0.4647852856842715,0.031501573705556396,1.0208578745274384
2024-05-02 20:00:00,10,-0.638997369855824,-0.7876145504710532,-0.26964402607747756,-0.28151354685198804,0.6002099940246897
2024-05-03 00:00:00,10,0.23450370412694532,-0.40641227231221283,0.30523224719089087,0.05172955265086099,-0.638997369855824
2024-05-03 04:00:00,10,-0.2407203278774972,-0.8127721693202059,-0.09999052402849512,-0.07056632037564992,0.23450370412694532
2024-05-03 08:00:00,10,-1.244403854492937,-0.3328504442511278,0.1204689635836392,0.054971580028132294,-0.2407203278774972
2024-05-03 12:00:00,10,2.9192242224873084,0.43178631475542684,0.5860842126043607,0.7039398185016088,-1.244403854492937
2024-05-03 16:00:00,10,-1.8257447071435138,-0.588455687752615,-1.345449654878966,-0.8184628922716124,2.9192242224873084
2024-05-03 20:00:00,10,0.5109980637711864,-0.4609145697775097,0.8557719764212994,0.13368003320975852,-1.8257447071435138
2024-05-04 00:00:00,10,0.6563077223140272,-0.06754445869378238,-0.2282580373478652,-0.13281023207800935,0.5109980637711864
2024-05-06 04:00:00,11,-1.869682795962584,-1.0638114817926048,-0.29782010234601564,-0.45279425817272934,0.6563077223140272
2024-05-06 08:00:00,11,1.5929383548628326,0.3730686453240766,0.8480069189832429,0.7052224651206904,-1.869682795962584
2024-05-06 12:00:00,11,-0.1258096455437574,-0.7520676887011477,-0.7226897445770374,-0.2813883429212014,1.5929383548628326
2024-05-06 16:00:00,11,-0.04861508272968962,0.18017034374175406,0.0569600155753253,-0.20346620885338318,-0.1258096455437574
2024-05-06 20:00:00,11,-0.36361965876631785,-0.5169936457261621,0.021943409086871472,-0.1733557115396991,-0.04861508272968962
2024-05-07 00:00:00,11,-0.43220316422596383,-0.3267698100262078,0.16483418894276422,0.05185770256397859,-0.36361965876631785
2024-05-07 04:00:00,11,0.6505473404785462,-0.0845980405344402,0.1959446912208015,0.31954936294336544,-0.43220316422596383
2024-05-07 08:00:00,11,-0.7895000234483902,-0.37076365002018097,-0.29520710712195936,-0.08337711271068482,0.6505473404785462
2024-05-07 12:00:00,11,0.10010676331856949,0.14382015343441468,0.35801988230760373,0.40561183887406216,-0.7895000234483902
2024-05-07 16:00:00,11,0.6134514259014736,0.8807389244975669,-0.045519041239477864,0.3436091792314695,0.10010676331856949
2024-05-07 20:00:00,11,-1.2342233594395555,-0.3832663223610851,-0.27837984629267815,-0.03634137262477033,0.6134514259014736
2024-05-08 00:00:00,11,0.7169696478484529,0.5259189662808927,0.5597530288524422,0.728093799799522,-1.2342233594395555
2024-05-08 04:00:00,11,-0.7082922571746426,-0.07823602766458997,-0.3253372576719315,0.2840276490625193,0.7169696478484529
2024-05-08 08:00:00,11,0.7412919122110786,0.5204388524860255,0.32118282679809396,0.7227193247620871,-0.7082922571746426
2024-05-08 12:00:00,11,0.010719259921774693,0.09090730979385868,-0.3363702000068158,0.2635888064536944,0.7412919122110786
2024-05-08 16:00:00,11,0.741257230358336,0.9871073197791504,-0.004971534817685162,0.25694966837233135,0.010719259921774693
2024-05-08 20:00:00,11,-0.827081089761899,-0.412499613870045,-0.33635446780048533,-0.20215936919849664,0.741257230358336
2024-05-09 00:00:00,11,0.1289398684784686,0.1701755871938182,0.3750672152096149,0.31010599235494674,-0.827081089761899
2024-05-09 04:00:00,11,-1.3411852715464416,-0.014831208300097837,-0.0585981683232885,0.23024510669040943,0.1289398684784686
2024-05-09 08:00:00,11,0.38479515412063137,1.0180869268505588,0.6082725495150665,1.0609287803271474,-1.3411852715464416
2024-05-09 12:00:00,11,0.8983495442121896,0.7763422692174533,-0.1746579467419035,0.8225999983133239,0.38479515412063137
2024-05-09 16:00:00,11,0.7954875311742917,0.7339951041751881,-0.40761388732502485,0.2661934261358505,0.8983495442121896
2024-05-09 20:00:00,11,-1.6762867606766587,-0.6538551983407179,-0.36095414210651994,-0.22650398021588458,0.7954875311742917
2024-05-10 00:00:00,11,0.7773647320697599,0.4907057806817046,0.7602795892703237,0.8117299416508121,-1.6762867606766587
2024-05-10 04:00:00,11,-0.7241062558094704,-0.1120167640714461,-0.35273336979330405,0.33025716895418356,0.7773647320697599
2024-05-10 08:00:00,11,0.30125868705265546,0.5100211474417833,0.32835629273945166,0.7787434873176382,-0.7241062558094704
2024-05-10 12:00:00,11,0.18210696005735372,0.2282507358005259,-0.136764557776147,0.5921542977515086,0.30125868705265546
2024-05-10 16:00:00,11,1.5871879051301914,0.9833906518545492,-0.08271555504180139,0.4793635582581972,0.18210696005735372
2024-05-10 20:00:00,11,-1.2157697417480229,-0.721691833650238,-0.7200812547031517,-0.503685620521642,1.5871879051301914
2024-05-11 00:00:00,11,0.6185470959347885,0.8449471208010358,0.5513821922878362,0.24932002068045378,-1.2157697417480229
2024-05-13 04:00:00,11,-1.0016565671788715,-0.549224769873135,-0.2806913183167036,-0.13378661258580138,0.6185470959347885
2024-05-13 08:00:00,11,0.8697822652511178,0.21151664833306352,0.454257258813697,0.4866047491438943,-1.0016565671788715
2024-05-13 12:00:00,11,-1.1689663485253838,-0.3860936937767679,-0.3946553429747557,-0.052108240546034246,0.8697822652511178
2024-05-13 16:00:00,11,0.6512929088171262,1.1522358326189301,0.5301514741769119,0.6719090010324829,-1.1689663485253838
2024-05-13 20:00:00,11,-0.4180681468931837,0.09949349753223434,-0.2955453080543901,0.26852074618984645,0.6512929088171262
2024-05-14 00:00:00,11,-0.559735395183397,0.33449113454097135,0.18953283627135895,0.5274576667327491,-0.4180681468931837
2024-05-14 04:00:00,11,-0.036510902040124193,0.6115260582218632,0.25379521570381885,0.874138370882843,-0.559735395183397
2024-05-14 08:00:00,11,2.1113792996755922,0.7183822131907188,0.0164527719665792,0.8967519581909649,-0.036510902040124193
2024-05-14 12:00:00,11,-1.5688163529586863,-0.6476868915759656,-0.9578622993557563,-0.41096320264790887,2.1113792996755922
2024-05-14 16:00:00,11,0.9901451307980338,1.1921092765721784,0.711529407404819,0.560707273448565,-1.5688163529586863
2024-05-14 20:00:00,11,-1.1523568468334453,-0.28751521614307346,-0.4492537362428235,-0.05255430355672441,0.9901451307980338
2024-05-15 00:00:00,11,-0.3126066639050329,0.36746711579906977,0.5226171561690905,0.6611755883353272,-1.1523568468334453
2024-05-15 04:00:00,11,-0.5731542272860608,0.5232267025713009,0.14169393266386474,0.8547933214592067,-0.3126066639050329
2024-05-15 08:00:00,11,0.128634116030776,1.0369734486227187,0.25988219833762655,1.2097851851362034,-0.5731542272860608
2024-05-15 12:00:00,11,2.5748702478887395,0.9567360532181433,-0.058459474447017434,1.1301136719408262,0.128634116030776
2024-05-15 16:00:00,11,-0.3484570456026397,-0.20974251997401983,-1.1681087150732945,-0.46467171828934895,2.5748702478887395
2024-05-15 20:00:00,11,-0.22857396155903587,-0.8379414977077757,0.15795620117867767,-0.2488495012648153,-0.3484570456026397
2024-05-16 00:00:00,11,-1.117468623110419,-0.5932129462024779,0.10357544396539767,-0.10727871152103052,-0.22857396155903587
2024-05-16 04:00:00,11,-1.0027107478870967,0.0903997248900457,0.5067913368800704,0.5848426237728059,-1.117468623110419
2024-05-16 08:00:00,11,-0.07006438750279997,0.9415574108426787,0.4547354509257056,1.2058869084967831,-1.0027107478870967
2024-05-16 12:00:00,11,1.536229451033277,1.0269704728225837,0.03167313404820053,1.2492823617847737,-0.07006438750279997
2024-05-16 16:00:00,11,0.451974027561576,0.8159056762254815,-0.6969657389294629,0.29779508332558535,1.536229451033277
2024-05-16 20:00:00,11,0.19771978061273643,0.058416464951413206,-0.20513128695998564,0.01785803542590525,0.451974027561576
2024-05-17 00:00:00,11,-1.2669443447918027,0.0668749522286408,-0.08979776360200128,-0.10460274400142833,0.19771978061273643
2024-05-17 04:00:00,11,0.19598392092438033,0.7543580217638401,0.5745957564517141,0.6800986726875937,-1.2669443447918027
2024-05-17 08:00:00,11,0.17771139800986013,0.7033257162439517,-0.0890103517246552,0.558713024588819,0.19598392092438033
2024-05-17 12:00:00,11,-0.5674116717087241,0.5853676319290203,-0.08072166245530674,0.448644743883845,0.17771139800986013
2024-05-17 16:00:00,11,1.6591390257191954,1.7169387439778159,0.25727728937047545,0.8000798676649854,-0.5674116717087241
2024-05-17 20:00:00,11,-0.9420962369592676,-0.582436310648287,-0.7527193574946256,-0.22753334148497473,1.6591390257191954
2024-05-18 00:00:00,11,0.24828358922523286,0.8252850370214543,0.42723980357341473,0.35596841598237283,-0.9420962369592676
2024-05-20 04:00:00,11,-0.8377245934776898,-0.25789086285492113,-0.1127342622904635,0.20219016596958994,0.24828358922523286
2024-05-20 08:00:00,11,0.9154656616423011,0.4314994012797073,0.3798952674413755,0.7210477448360111,-0.8377245934776898
2024-05-20 12:00:00,11,-1.3092314694582825,-0.1134838536289831,-0.41537801379729966,0.15404004274242222,0.9154656616423011
2024-05-20 16:00:00,11,1.1817556910297728,1.6185709654905456,0.5937778277012253,0.964932638838734,-1.3092314694582825
2024-05-20 20:00:00,11,0.5077631535909664,-0.029235477040745944,-0.536171147807518,0.23299412177327827,1.1817556910297728
2024-05-21 00:00:00,11,0.895015548825242,-0.30011054249119523,-0.23043806766177244,-0.08149677721786386,0.5077631535909664
2024-05-21 04:00:00,11,-2.121363562562948,-1.0390954904945215,-0.40610153722881076,-0.6358383882041636,0.895015548825242
2024-05-21 08:00:00,11,-0.2357681085047325,0.5122429993154413,0.9621730732237236,0.6780606790268964,-2.121363562562948
2024-05-21 12:00:00,11,0.5308013499188782,0.6870496801115334,0.10683881645478319,0.824087274050024,-0.2357681085047325
2024-05-21 16:00:00,11,0.8142521995370693,1.1424480483727562,-0.24088853756029766,0.4953273147242374,0.5308013499188782
2024-05-21 20:00:00,11,-0.24474496620072905,-0.24212607151286153,-0.36946607590072206,-0.0089922768548929,0.8142521995370693
2024-05-22 00:00:00,11,-1.2677204940729006,-0.13761280870386014,0.1109108531628695,0.14259427270011482,-0.24474496620072905
2024-05-22 04:00:00,11,0.9345652118509093,0.632612371283209,0.5749478293563559,0.927776409353628,-1.2677204940729006
2024-05-22 08:00:00,11,-1.1672742595259837,0.1224894740924559,-0.42404185499777625,0.3489391078238606,0.9345652118509093
2024-05-22 12:00:00,11,1.0609368929643495,0.8899812481297635,0.529383917337732,1.0719083281215287,-1.1672742595259837
2024-05-22 16:00:00,11,0.29779934487954307,0.9631272027172175,-0.481365936740322,0.41480078717143076,1.0609368929643495
2024-05-22 20:00:00,11,-0.04436228295536182,-0.08488794730584923,-0.13519534850584441,0.2303541942514853,0.29779934487954307
2024-05-23 00:00:00,11,-0.6836003665520778,-0.01543903288461242,0.020014275599445554,0.2578306547808955,-0.04436228295536182
2024-05-23 04:00:00,11,-1.1216473113041747,0.30118003535804394,0.309982216471835,0.6812290292143848,-0.6836003665520778
2024-05-23 08:00:00,11,0.500794862839733,1.1202559707230029,0.508686852247793,1.3759384991480896,-1.1216473113041747
2024-05-23 12:00:00,11,0.9425552448596939,0.8220285125476641,-0.22727714691505108,1.0657635179372917,0.500794862839733
2024-05-23 16:00:00,11,1.402266700333934,0.9511638014535919,-0.4276662532908563,0.48197746688497656,0.9425552448596939
2024-05-23 20:00:00,11,0.19457237286983364,-0.5791952793893269,-0.6361982346604333,-0.3865379267479625,1.402266700333934
2024-05-24 00:00:00,11,-0.5592980140377293,-0.6176988958097093,-0.08837005244755901,-0.5070493109039838,0.19457237286983364
2024-05-24 04:00:00,11,-1.8865053822547981,-0.48674880076537774,0.25359681308445037,-0.16063950547651284,-0.5592980140377293
2024-05-24 08:00:00,11,1.9844874820553553,0.8475970473139163,0.8556378953478784,1.007796544719577,-1.8865053822547981
2024-05-24 12:00:00,11,-1.7522159100406718,-0.5613081317923598,-0.9003022759261949,-0.22132622217384057,1.9844874820553553
2024-05-24 16:00:00,11,1.416089441814023,1.4142062602060517,0.7947221853206008,0.8639355832134417,-1.7522159100406718
2024-05-24 20:00:00,11,-1.1421847108406116,-0.4484054292967937,-0.6424684366196793,-0.013141137415857429,1.416089441814023
2024-05-25 00:00:00,11,0.24261112159191356,1.1725124250768297,0.5180029233757003,0.6942884859938854,-1.1421847108406116
2024-05-27 04:00:00,11,-0.4850455877680986,0.17624458531144144,-0.11016114626138697,0.5440235658335828,0.24261112159191356
2024-05-27 08:00:00,11,0.47342606257446995,0.6045870693888615,0.21991480366936808,0.8444439919123106,-0.4850455877680986
2024-05-27 12:00:00,11,-0.6737236952429164,0.313523267038222,-0.21486225039885298,0.5512202970224287,0.47342606257446995
2024-05-27 16:00:00,11,1.395401700594432,1.5811653296822368,0.3055020108713224,0.9685014035582924,-0.6737236952429164
2024-05-27 20:00:00,11,-0.04275337245083044,0.6005752113856558,-0.6330841682591444,0.10423795283295068,1.395401700594432
2024-05-28 04:00:00,11,0.3568228044823236,-0.16802593517038195,0.019284449767696065,0.13071790995838573,-0.04275337245083044
2024-05-28 08:00:00,11,-1.2936275293050112,-0.2796377843944083,-0.16196927121690183,-0.09028576817101275,0.3568228044823236
2024-05-28 12:00:00,11,0.594447140671658,0.5618457468933481,0.5866996474240399,0.7109422882045626,-1.2936275293050112
2024-05-28 16:00:00,11,0.8986634135672951,1.0101689615554736,-0.26975921870923497,0.3427623319583839,0.594447140671658
2024-05-28 20:00:00,11,-0.12083698765787432,-0.4000804592579081,-0.4077562631517134,-0.21383864001938058,0.8986634135672951
2024-05-29 00:00:00,11,-1.4772205923497683,-0.3542604820413912,0.05470434369839432,-0.13899639790088347,-0.12083698765787432
2024-05-29 04:00:00,11,0.7098141147097738,0.6199934263176605,0.6699802025342838,0.7759428386522007,-1.4772205923497683
2024-05-29 08:00:00,11,-0.5075042748301701,0.215348368778239,-0.32209140098205397,0.3363085771407732,0.7098141147097738
2024-05-29 12:00:00,11,0.0026257426185498645,0.6323085088789506,0.23010239951072403,0.6506391355998442,-0.5075042748301701
2024-05-29 16:00:00,11,0.5210016979645715,1.397462164270843,-0.0013001945032495945,0.6490128416263898,0.0026257426185498645
2024-05-29 20:00:00,11,-0.23478002283782295,0.18096701865069215,-0.2364432690893267,0.3263224470792103,0.5210016979645715
2024-05-30 00:00:00,11,-1.0551398812319501,0.45348060537290985,0.10639060604055504,0.4717370560858871,-0.23478002283782295
2024-05-30 04:00:00,11,0.3974196012339615,1.0305659566232195,0.47851808876885743,1.1252541288850555,-1.0551398812319501
2024-05-30 08:00:00,11,1.1603077342808223,0.8594558361695013,-0.18038458448148814,0.8791062018744782,0.3974196012339615
2024-05-30 12:00:00,11,-0.6018267006219098,-0.060719867710377344,-0.5264420343300786,0.1604518058638833,1.1603077342808223
2024-05-30 16:00:00,11,0.33066349602887257,1.1012422096670476,0.27288846042722986,0.5332024057782769,-0.6018267006219098
2024-05-30 20:00:00,11,0.6785991650819749,0.01638355316138036,-0.1501030182486598,0.32840089666081074,0.33066349602887257
2024-05-31 00:00:00,11,-1.5298741933419446,-0.2719277491635734,-0.3079318336779906,-0.0918999069165709,0.6785991650819749
2024-05-31 04:00:00,11,-0.519976978981278,0.6631738769892694,0.6938646622543808,0.8556511451927289,-1.5298741933419446
2024-05-31 08:00:00,11,0.30826184203158213,1.0485234410534598,0.23576020437656955,1.1777068643169475,-0.519976978981278
2024-05-31 12:00:00,11,0.9355690714630676,0.8662849216645283,-0.1399412934571999,0.986780163276185,0.30826184203158213
2024-05-31 16:00:00,11,0.7717878532369031,0.7988034628291734,-0.42449722070913165,0.40732110589498216,0.9355690714630676
2024-05-31 20:00:00,11,-1.2502715330363632,-0.25685802343131797,-0.3502036142716063,-0.07069754133920192,0.7717878532369031
2024-06-01 00:00:00,11,0.15661942568389264,0.9430856831297397,0.567032720053639,0.7036773136042589,-1.2502715330363632
2024-06-03 04:00:00,12,-0.19788248923787677,-0.36241805867596416,-0.07009906143552717,0.42756575271704556,0.15661942568389264
2024-06-03 08:00:00,12,0.35265589544790643,0.044361466133692184,0.0901925429837154,0.5718742420440588,-0.19788248923787677
2024-06-03 12:00:00,12,-0.10092833735562401,0.060431157576985056,-0.1587389218720849,0.3146951469136354,0.35265589544790643
2024-06-03 16:00:00,12,1.5057288522715666,0.8148855420081584,0.04635374859034024,0.3882985059080184,-0.10092833735562401
2024-06-03 20:00:00,12,-1.5972835729891646,-0.6391594861722818,-0.6801124504254973,-0.7097746831057083,1.5057288522715666
2024-06-04 00:00:00,12,-0.19707758804104358,0.32141161078303787,0.7229458103109778,0.4550660278266996,-1.5972835729891646
2024-06-04 04:00:00,12,-0.49565251489814344,0.2819484570693193,0.08982859881639595,0.5987875320383562,-0.19707758804104358
2024-06-04 08:00:00,12,-0.03496261153032876,1.0984173113078275,0.22483225338295576,0.9602488514889291,-0.49565251489814344
2024-06-04 12:00:00,12,0.20236547220129708,1.5469582045051349,0.01652668254600074,0.9857458101753753,-0.03496261153032876
2024-06-04 16:00:00,12,1.1267038142330712,1.8968030237520495,-0.0907835962249379,0.8381680447157347,0.20236547220129708
2024-06-04 20:00:00,12,-0.5208335133141624,-0.13019233006467842,-0.5087324693733158,0.016504005733967375,1.1267038142330712
2024-06-05 00:00:00,12,-0.4212647338083322,-0.16547208180622355,0.2362180949456813,0.39632890983094704,-0.5208335133141624
2024-06-05 04:00:00,12,0.5896967460837601,-0.004363024250484503,0.19119707038907957,0.7035419309363604,-0.4212647338083322
2024-06-05 08:00:00,12,-0.30651738953045893,-0.38356831941703845,-0.2659193253113944,0.2734975802909325,0.5896967460837601
2024-06-05 12:00:00,12,-0.482944361378415,0.2510750032169444,0.1393129051901231,0.49702954416484424,-0.30651738953045893
2024-06-05 16:00:00,12,1.7771019737865341,1.33874626705059,0.2190861340218436,0.8492232702895457,-0.482944361378415
2024-06-05 20:00:00,12,-1.0036060214384896,-1.0783382305390936,-0.8028165352637736,-0.4467524484558787,1.7771019737865341
2024-06-06 00:00:00,12,0.026539611891157833,-0.38757700431242575,0.45450853750599085,0.28514085544926715,-1.0036060214384896
2024-06-06 04:00:00,12,-1.2958234118311118,-0.3617185283492757,-0.011282166017641877,0.2657864834980721,0.026539611891157833
2024-06-06 08:00:00,12,0.14146797608906247,1.1190742663115318,0.5866375680517754,1.2107832829426801,-1.2958234118311118
2024-06-06 12:00:00,12,0.12658053200559394,1.0200353328328315,-0.06324818119312126,1.1076158425279719,0.14146797608906247
2024-06-06 16:00:00,12,1.4373898632265387,1.7575497928544965,-0.0565166736965608,1.0153052726423333,0.12658053200559394
2024-06-06 20:00:00,12,-0.4591307375244362,-0.14728339698766302,-0.6492122895594159,-0.032930781669854525,1.4373898632265387
2024-06-07 00:00:00,12,-1.5417811786689928,-0.03803263613687062,0.2083185646127109,0.3018965362546826,-0.4591307375244362
2024-06-07 04:00:00,12,0.4663702842943849,1.3505282360333029,0.6978498447880467,1.426261373302422,-1.5417811786689928
2024-06-07 08:00:00,12,-0.16960823490962973,1.0354410009655148,-0.21015602588907745,1.086154517699704,0.4663702842943849
2024-06-07 12:00:00,12,2.3353605887112074,2.903192579935079,0.07740805466569724,1.2098436235498298,-0.16960823490962973
2024-06-07 16:00:00,12,-1.0604477172544478,-0.18171834062349315,-1.0552387798287632,-0.49324976227086204,2.3353605887112074
2024-06-07 20:00:00,12,2.143012177258621,0.06588841281000088,0.4802100816634071,0.28009611930085043,-1.0604477172544478
2024-06-08 00:00:00,12,-2.1556596699777426,-1.0230399398262027,-0.9682665120314746,-1.2827245784812034,2.143012177258621
2024-06-10 04:00:00,12,-1.9146215981860966,-0.04395073669388569,0.975421175572136,0.2893194749150858,-2.1556596699777426
2024-06-10 08:00:00,12,0.23666276761930405,1.8339276511124487,0.8664333884056556,1.6855832450507613,-1.9146215981860966
2024-06-10 12:00:00,12,0.7908215789975284,1.979404400868728,-0.1062914631175787,1.5129937117038406,0.23666276761930405
2024-06-10 16:00:00,12,0.3239892911895499,1.7941114737999528,-0.35685994029626505,0.9362763486270609,0.7908215789975284
2024-06-10 20:00:00,12,0.33182033950524925,1.0020207778512298,-0.1457770285891178,0.7000027634818373,0.3239892911895499
2024-06-11 00:00:00,12,-0.8128688327682418,0.4503025978896514,-0.1493179158057216,0.4580182801331496,0.33182033950524925
2024-06-11 04:00:00,12,1.9874446005129158,1.182226007037305,0.3682648002863578,1.050813902068077,-0.8128688327682418
2024-06-11 08:00:00,12,-1.3868177735833935,-0.4953069456026851,-0.8979250683817681,-0.39855703027540734,1.9874446005129158
2024-06-11 12:00:00,12,0.9980425320716577,1.0129821735905589,0.627781583427819,0.6127986417117963,-1.3868177735833935
2024-06-11 16:00:00,12,0.7722540315050441,0.9459987216761123,-0.4505569772921491,-0.11503741211019936,0.9980425320716577
2024-06-11 20:00:00,12,-1.1106079775552917,-0.9503142638415304,-0.3484644370495264,-0.6782141393304784,0.7722540315050441
2024-06-12 00:00:00,12,-0.37909225369610233,-0.21195427278069032,0.502890547588347,0.1317117924323501,-1.1106079775552917
2024-06-12 04:00:00,12,-0.17764183998472127,0.0962242305231795,0.17212835957261,0.4081699603943214,-0.37909225369610233
2024-06-12 08:00:00,12,-1.0748502209361863,0.4249392374635144,0.08104052995723739,0.5377176817121487,-0.17764183998472127
2024-06-12 12:00:00,12,3.305778034585611,1.5885806684613004,0.48672231848252095,1.3215667844473042,-1.0748502209361863
2024-06-12 16:00:00,12,-1.0891558374197547,-1.2663599308401126,-1.4940227829841708,-1.089216686383244,3.305778034585611
2024-06-12 20:00:00,12,0.7060130318128124,-0.6599532189721351,0.49319074678103547,-0.29493501878807216,-1.0891558374197547
2024-06-13 00:00:00,12,-1.2399157448896023,-1.1385571372185683,-0.31851290315909453,-0.8098045984991753,0.7060130318128124
2024-06-13 04:00:00,12,0.34579528959536354,-0.1755494652110879,0.5613583544391527,0.09442077650459524,-1.2399157448896023
2024-06-13 08:00:00,12,-1.7350452520591197,-0.28819802042273807,-0.1556368299704521,-0.1577551287515675,0.34579528959536354
2024-06-13 12:00:00,12,1.1205820407441038,1.4241259262980839,0.7852361383349742,1.1075501552226719,-1.7350452520591197
2024-06-13 16:00:00,12,1.1475076000270104,1.326803375594979,-0.5059644479518961,0.2903505025926094,1.1205820407441038
2024-06-13 20:00:00,12,-1.4797412845577593,-0.39223818180163733,-0.5181391102475708,-0.5464849793590165,1.1475076000270104
2024-06-14 00:00:00,12,-0.24377641404919537,0.6579464765083668,0.6697978830171658,0.5326364234076966,-1.4797412845577593
2024-06-14 04:00:00,12,-0.39489527671510594,0.5916308694371334,0.11094394243024798,0.7104136799021159,-0.24377641404919537
2024-06-14 08:00:00,12,0.559084842445996,1.2286122535093071,0.17927385528861847,0.9983964167506798,-0.39489527671510594
2024-06-14 12:00:00,12,-0.6729316012627446,0.9899996974480353,-0.25207784535914285,0.5906762120486526,0.559084842445996
2024-06-14 16:00:00,12,2.266018555943333,2.4375120961412886,0.30499077435915484,1.0814207098192412,-0.6729316012627446
2024-06-14 20:00:00,12,-0.6599811085968081,-0.5458876030234637,-1.023885082660422,-0.5711040580598841,2.266018555943333
2024-06-15 00:00:00,12,0.8065991838178537,0.7386110667677583,0.2991350789169999,-0.08980388272459194,-0.6599811085968081
2024-06-17 04:00:00,12,-2.1646598680744376,-1.1077343300616487,-0.3639939429182278,-0.678027278121812,0.8065991838178537
2024-06-17 08:00:00,12,0.49255341799903896,1.172294005154792,0.9794907056149529,0.900580291813915,-2.1646598680744376
2024-06-17 12:00:00,12,0.44010462496705394,0.8475142581436368,-0.22199499299640243,0.5413790308127275,0.49255341799903896
2024-06-17 16:00:00,12,0.6684502902081437,1.175309842482294,-0.19827974399188034,0.22042676353818003,0.44010462496705394
2024-06-17 20:00:00,12,0.4332233651312922,-0.07198783459438672,-0.30152853194765417,-0.2670496773619675,0.6684502902081437
2024-06-18 00:00:00,12,-0.830913468642736,-0.7681063905373866,-0.19516831318411348,-0.5829836925648433,0.4332233651312922
2024-06-18 04:00:00,12,1.2411211683529384,0.007202328845872649,0.3764238637885168,0.022971224836465964,-0.830913468642736
2024-06-18 08:00:00,12,-2.5115197716826074,-1.0995140947885838,-0.560467426205144,-0.8821332215781377,1.2411211683529384
2024-06-18 12:00:00,12,0.7647007186345327,1.4638625826100122,1.1363268977983625,0.9494266378228655,-2.5115197716826074
2024-06-18 16:00:00,12,1.1295987435168975,1.780613605074039,-0.3450491307063661,0.3917582664654802,0.7647007186345327
2024-06-18 20:00:00,12,-0.3545733822848671,-0.47699554524138305,-0.5100414407499223,-0.43201693896293136,1.1295987435168975
2024-06-19 00:00:00,12,-0.630182932016373,-0.3764463259113943,0.16104190539104854,-0.173439490548132,-0.3545733822848671
2024-06-19 04:00:00,12,0.16898048105386287,0.02122719812070246,0.2856615338336119,0.2861299603375951,-0.630182932016373
2024-06-19 08:00:00,12,-0.9589524338373767,-0.05665262381154974,-0.07568823687906424,0.16289865250155167,0.16898048105386287
2024-06-19 12:00:00,12,0.9386635042843352,1.0518164684033473,0.43431796899739167,0.8622277219735945,-0.9589524338373767
2024-06-19 16:00:00,12,-0.7622458400650451,0.884554533976701,-0.4237081529776595,0.17769462957429738,0.9386635042843352
2024-06-19 20:00:00,12,-0.0025063318788109967,1.6928211755751033,0.345375105254133,0.7335727474372558,-0.7622458400650451
2024-06-20 04:00:00,12,-0.3987185881180668,0.6053072766525581,0.0018512494387650142,0.7354005239554127,-0.0025063318788109967
2024-06-20 08:00:00,12,0.2102703638978909,1.107609053471288,0.1810026039728399,1.026171462503445,-0.3987185881180668
2024-06-20 12:00:00,12,0.9759418177125987,1.0599832675906002,-0.09435787246851471,0.8728289475532236,0.2102703638978909
2024-06-20 16:00:00,12,0.7131661978346067,0.8582148057964979,-0.4405639171299586,0.16111013944855834,0.9759418177125987
2024-06-20 20:00:00,12,-1.5914718010799742,0.32935635503878785,-0.3217472790821798,-0.3589759836084774,0.7131661978346067
2024-06-21 00:00:00,12,-0.6125066843839662,1.3672207462333195,0.7203179592201074,0.8016264138290943,-1.5914718010799742
2024-06-21 04:00:00,12,0.7608503683359675,1.8259074647880513,0.27766904077829063,1.2483052213707477,-0.6125066843839662
2024-06-21 08:00:00,12,1.234280614029501,1.0531519210503086,-0.343308156113692,0.6934447701942013,0.7608503683359675
2024-06-21 12:00:00,12,-0.5066500521366901,0.3267069380015183,-0.5573744008039618,-0.20667110919571563,1.234280614029501
2024-06-21 16:00:00,12,0.5660580557704193,1.3979171951347462,0.22980490039676957,0.16281031345511643,-0.5066500521366901
2024-06-21 20:00:00,12,-0.9246871336665823,-0.05451194927434992,-0.25523085386115935,-0.2499952016474314,0.5660580557704193
2024-06-22 00:00:00,12,0.2284744767951583,1.3469287084638022,0.41882456907740634,0.42434543290534066,-0.9246871336665823
2024-06-24 04:00:00,12,-0.28636184848985025,0.08090800449989999,-0.10258904510964403,0.2577273217067546,0.2284744767951583
2024-06-24 08:00:00,12,0.8791255452319913,0.5143119780834471,0.13019937469748805,0.46656058388987454,-0.28636184848985025
2024-06-24 12:00:00,12,1.2180014503987486,-0.24073877661498402,-0.3967874662940533,-0.17455364430598586,0.8791255452319913
2024-06-24 16:00:00,12,-0.989065424962579,-0.5042459023029671,-0.5500136133240054,-1.0627977228098882,1.2180014503987486
2024-06-24 20:00:00,12,0.8275488362870504,0.22724000216844212,0.44793386064183105,-0.341508346111409,-0.989065424962579
2024-06-25 00:00:00,12,-0.4829140436054935,-0.7297091224698811,-0.37346653887600745,-0.9450095597299333,0.8275488362870504
2024-06-25 04:00:00,12,-0.4851486453137781,-0.608583386353378,0.2190724255360514,-0.5928379432523609,-0.4829140436054935
2024-06-25 08:00:00,12,-0.7446763687937352,-0.044034619273507276,0.22008282316151406,-0.23903671316919883,-0.4851486453137781
2024-06-25 12:00:00,12,0.3188658432098155,0.7873708171671812,0.3374308922038381,0.3040286294593155,-0.7446763687937352
2024-06-25 16:00:00,12,1.2738802191476513,1.1875481884237271,-0.1434604100822435,0.07149138824704337,0.3188658432098155
2024-06-25 20:00:00,12,-0.5243741302115286,-0.8503760362036704,-0.5752797603283455,-0.8575030402987691,1.2738802191476513
2024-06-26 00:00:00,12,-1.1935987218965192,-0.8850258148153908,0.23781902046744596,-0.4750960933049537,-0.5243741302115286
2024-06-26 04:00:00,12,-0.21128695649630558,0.1491495140361124,0.5404156468965923,0.39535196444351683,-1.1935987218965192
2024-06-26 08:00:00,12,-0.5656458205573394,0.6008820730806143,0.09625350760139008,0.5494358433350506,-0.21128695649630558
2024-06-26 12:00:00,12,0.47688673100616796,1.2225807793701016,0.2564804301359497,0.9619407303169609,-0.5656458205573394
2024-06-26 16:00:00,12,1.2449700358575555,1.8076358379655353,-0.2149111429851111,0.6141646133060679,0.47688673100616796
2024-06-26 20:00:00,12,-0.2709003025165444,-0.3769180254104781,-0.5622077303376288,-0.2937466719417756,1.2449700358575555
2024-06-27 00:00:00,12,-1.7911307400395788,-0.44376128015583255,0.12320828126034827,-0.09618895187792731,-0.2709003025165444
2024-06-27 04:00:00,12,0.2188416068390815,1.1067543413287826,0.8105957555178823,1.2100174349417436,-1.7911307400395788
2024-06-27 08:00:00,12,0.004695329108724167,1.0679326187471405,-0.09823344612575077,1.0504242248175242,0.2188416068390815
2024-06-27 12:00:00,12,1.1581090728298307,1.223668268522245,-0.0014050539705698006,1.0470000923782017,0.004695329108724167
2024-06-27 16:00:00,12,0.6023542035201448,0.8192140781134287,-0.5229326727453814,0.20243334258823076,1.1581090728298307
2024-06-27 20:00:00,12,-0.9548573479813083,-0.43111041215776064,-0.2716425219288065,-0.23684163057665586,0.6023542035201448
2024-06-28 00:00:00,12,-1.292810273855327,0.2499127035354595,0.432466334762218,0.4595010419896788,-0.9548573479813083
2024-06-28 04:00:00,12,1.5848762266401124,1.3547982696482412,0.5852751474268214,1.4023004696956676,-1.292810273855327
2024-06-28 08:00:00,12,-1.2693518553863274,-0.16241501129020533,-0.7158997313655856,0.24650798437980903,1.5848762266401124
2024-06-28 12:00:00,12,0.8184335486393195,1.273423994702816,0.574668187703166,1.1722000422305854,-1.2693518553863274
2024-06-28 16:00:00,12,1.1098190342894085,1.3740052344039184,-0.36934496993576593,0.5753462757676502,0.8184335486393195
2024-06-28 20:00:00,12,-0.440837588399015,-0.4199851338859905,-0.5010978463895929,-0.23400430841741837,1.1098190342894085
2024-06-29 00:00:00,12,2.589460930918225,0.9427898223552447,0.20004713334599597,0.08748248238170042,-0.440837588399015
2024-07-01 04:00:00,13,-3.501529412094902,-2.5115197716826074,-1.036291865319954,-1.988106597915003,2.589460930918225
2024-07-01 08:00:00,13,-0.21281367247981464,0.21754783146226947,1.427291265623821,0.5780467981871631,-3.501529412094902
2024-07-01 12:00:00,13,-0.8481454606598238,0.6569551189866607,0.09712586355932648,0.734010796800078,-0.21281367247981464
2024-07-01 16:00:00,13,1.7452006257722488,1.9916038466810584,0.3540943674920278,1.355588141472074,-0.8481454606598238
2024-07-01 20:00:00,13,-0.08521764177833724,0.1870039866127919,-0.6948194070244167,0.07658917112622632,1.7452006257722488
2024-07-02 00:00:00,13,-0.4692585455446796,-0.04337364965507655,0.0455179293631868,0.13904232091326918,-0.08521764177833724
2024-07-02 04:00:00,13,-0.5642860226437847,0.10774235863943445,0.20084844851208636,0.4829461608010508,-0.4692585455446796
2024-07-02 08:00:00,13,0.42656306837171876,0.6940273204610049,0.2392835922857163,0.8964924495680471,-0.5642860226437847
2024-07-02 12:00:00,13,-0.4186286136478792,0.6489655594565156,-0.16147867599416083,0.5838786920560253,0.42656306837171876
2024-07-02 16:00:00,13,1.5098816578303733,1.5922455264525075,0.18037049022983975,0.8906775539782892,-0.4186286136478792
2024-07-02 20:00:00,13,-1.1596730436091391,-0.2956058427415649,-0.5996414791070461,-0.21586404197982922,1.5098816578303733
2024-07-03 00:00:00,13,-0.8239342258925575,0.29385103409105284,0.48009589679308434,0.6340214134861313,-1.1596730436091391
2024-07-03 04:00:00,13,2.483785937433659,0.7966326097397045,0.3443018073018157,1.2378551567172131,-0.8239342258925575
2024-07-03 08:00:00,13,-1.1006242173816503,-1.1867257222707495,-0.9935501900503814,-0.5824282018974642,2.483785937433659
2024-07-03 12:00:00,13,0.35915590429712196,0.10073081405507074,0.45621280323951463,0.22418235048297142,-1.1006242173816503
2024-07-03 16:00:00,13,0.230251449065765,0.4915056992452967,-0.13421494005515638,-0.03903095863808481,0.35915590429712196
2024-07-03 20:00:00,13,-0.07999560502659264,-0.22338256304256549,-0.08207779592460565,-0.20777451850555906,0.230251449065765
2024-07-04 00:00:00,13,-0.6075282825945383,-0.1972222345795046,0.0434058062228959,-0.1491484242042631,-0.07999560502659264
2024-07-04 04:00:00,13,2.201813786920086,0.045187539954930245,0.2567735070876273,0.29608866568651315,-0.6075282825945383
2024-07-04 08:00:00,13,-1.0386728920092096,-1.7336912566783291,-0.8795027537089312,-1.3175467666970588,2.201813786920086
2024-07-04 12:00:00,13,-0.38311073705043697,-0.6224439002824361,0.4311557547905339,-0.5563382616186932,-1.0386728920092096
2024-07-04 16:00:00,13,1.0825035521331028,0.1735212218875434,0.16600480637470566,-0.2755692594879928,-0.38311073705043697
2024-07-04 20:00:00,13,0.06897841527152693,-0.9210708405224466,-0.4267826445928453,-1.0688997844305401,1.0825035521331028
2024-07-05 04:00:00,13,0.6477553295246459,-1.4593447579783867,-0.016848743971279636,-1.1194517500931314,0.06897841527152693
2024-07-05 08:00:00,13,-1.394549894170881,-1.7362116761476207,-0.25094286696874285,-1.5941698926742784,0.6477553295246459
2024-07-05 12:00:00,13,0.8523767892741532,0.8969604213632599,0.5750950043777574,-0.5721510758111936,-1.394549894170881
2024-07-05 16:00:00,13,-0.44155748606290857,-0.27818993040768253,-0.3337047739952782,-1.1968294192228202,0.8523767892741532
2024-07-05 20:00:00,13,-0.09454050757908838,-0.5228552318539681,0.18964438168462164,-0.8732267561919969,-0.44155748606290857
2024-07-06 00:00:00,13,0.5863428226698595,-0.19330002719122621,0.04928868807816801,-0.8039411909314857,-0.09454050757908838
2024-07-08 04:00:00,13,-0.935471552172416,-1.107029607399326,-0.2261037509307461,-1.2336521682196029,0.5863428226698595
2024-07-08 08:00:00,13,0.6655656565590427,-0.49386081496197454,0.3894145820755975,-0.5480764617091172,-0.935471552172416
2024-07-08 12:00:00,13,-0.10948268808172479,-0.8780811982663351,-0.25814649376300675,-1.035847195265835,0.6655656565590427
2024-07-08 16:00:00,13,1.382403835294598,-0.11458941724952873,0.055332254354387385,-0.955611007368951,-0.10948268808172479
2024-07-08 20:00:00,13,-2.6578285060324944,-1.220139355981099,-0.5480813557965857,-1.9687283852988173,1.382403835294598
2024-07-09 00:00:00,13,1.0997955516908853,0.6280978697674949,1.086045063826511,-0.020895068961795715,-2.6578285060324944
2024-07-09 04:00:00,13,-0.4315096484057612,-0.5114608177211546,-0.4337766268538263,-0.8268983200671816,1.0997955516908853
2024-07-09 08:00:00,13,-0.3245372992569653,-0.09241473859519635,0.18558039833206152,-0.5106593800535926,-0.4315096484057612
2024-07-09 12:00:00,13,-0.7730311188144974,0.26302554183205923,0.14231399007996204,-0.2728168847789849,-0.3245372992569653
2024-07-09 16:00:00,13,1.6527323174787991,1.590440726386692,0.32371335963599684,0.29371167956389144,-0.7730311188144974
2024-07-09 20:00:00,13,-0.800513616452454,-0.4104245893349102,-0.6574193535634946,-0.9175203708356534,1.6527323174787991
2024-07-10 00:00:00,13,-0.23663560617778678,-0.165602025306635,0.334829026180229,-0.3308508062762989,-0.800513616452454
2024-07-10 04:00:00,13,0.6849302401613109,-0.23640981784548193,0.10676096568555207,-0.1574285119113572,-0.23663560617778678
2024-07-10 08:00:00,13,-1.3164553397675327,-0.6913698151340932,-0.26597876057246267,-0.6593908989219681,0.6849302401613109
2024-07-10 12:00:00,13,0.8534255889300884,0.5535201200648603,0.5435086093890755,0.30539503984304517,-1.3164553397675327
2024-07-10 16:00:00,13,0.1582993431904498,0.5836683915126942,-0.3341289751505247,-0.3200519336390908,0.8534255889300884
2024-07-10 20:00:00,13,-0.7899144813869405,-0.14860953772802052,-0.05297579702328758,-0.43606420979640603,0.1582993431904498
2024-07-11 00:00:00,13,0.5396262930524589,0.32390708221784226,0.33054206316116164,0.14283760437645832,-0.7899144813869405
2024-07-11 04:00:00,13,0.5418791605463902,-0.4461577695465574,-0.20720862094031997,-0.2526363961443927,0.5396262930524589
2024-07-11 08:00:00,13,-1.716647675602962,-0.8358323190377729,-0.20811982355955697,-0.6497614476461511,0.5418791605463902
2024-07-11 12:00:00,13,0.7531978574716831,0.9213240742303453,0.7053717929070181,0.6083120237469934,-1.716647675602962
2024-07-11 16:00:00,13,1.016383878687197,1.2649427652072265,-0.2935905184187837,0.056318591045407373,0.7531978574716831
2024-07-11 20:00:00,13,-0.9535345055683884,-0.32867094299698035,-0.40003965158979543,-0.6885550441802373,1.016383878687197
2024-07-12 00:00:00,13,0.42697483301664185,0.11160113671713857,0.3967203870063812,0.010258394688172245,-0.9535345055683884
2024-07-12 04:00:00,13,0.3222953107005342,-0.2524734984156586,-0.1616452197540463,-0.3026571313134454,0.42697483301664185
2024-07-12 08:00:00,13,-0.8644504758373479,-0.7263732322256578,-0.11930617621426581,-0.538856548415346,0.3222953107005342
2024-07-12 12:00:00,13,0.1228689967829002,0.1710317920439829,0.3606891506190783,0.09467019469002302,-0.8644504758373479
2024-07-12 16:00:00,13,0.35049536911502166,0.9855126093864426,-0.03864551593307743,0.004623630385578892,0.1228689967829002
2024-07-12 20:00:00,13,-0.112122959522587,-0.15901563911047042,-0.13071206988494813,-0.2522426631448482,0.35049536911502166
2024-07-13 00:00:00,13,3.4694915084814504,0.13613282391561002,0.05640014772090404,-0.17007150891548228,-0.112122959522587
2024-07-15 04:00:00,13,-3.039387113630415,-2.5115197716826074,-1.3922320923614202,-2.712745400639455,3.4694915084814504
2024-07-15 08:00:00,13,-0.9672892082217857,-0.8836542801542554,1.2403715848368244,-0.48528058575859667,-3.039387113630415
2024-07-15 12:00:00,13,-0.4643209072690073,0.20150498788823432,0.40228366186314185,0.2236132130817925,-0.9672892082217857
2024-07-15 16:00:00,13,0.7951655798748423,1.2246142959930875,0.1988513541682081,0.5638984235826339,-0.4643209072690073
2024-07-15 20:00:00,13,0.6930877071060557,0.20785131593218908,-0.31056492933295504,-0.01885174444710458,0.7951655798748423
2024-07-16 00:00:00,13,-0.7459482002386917,-0.5611959113297008,-0.2692781580143511,-0.5267924652199696,0.6930877071060557
2024-07-16 04:00:00,13,-0.5765297545501298,-0.17348462939442927,0.31275930822847603,0.019887936991354493,-0.7459482002386917
2024-07-16 08:00:00,13,1.9183613623915985,0.35912804886973304,0.24423573466086715,0.44240724597743153,-0.5765297545501298
2024-07-16 12:00:00,13,-1.049839555285292,-0.9533709826310189,-0.7648566005928762,-0.9634954170269481,1.9183613623915985
2024-07-16 16:00:00,13,0.7600793996278199,0.7017031350198636,0.4356722622427977,-0.1941032391825992,-1.049839555285292
2024-07-16 20:00:00,13,-0.669942958058245,-0.7102629791266525,-0.29637385088460905,-0.7511399231884273,0.7600793996278199
2024-07-17 00:00:00,13,0.3214307963067977,-0.47689186419064156,0.2820179637254708,-0.2601612122635508,-0.669942958058245
2024-07-17 04:00:00,13,-0.8953462887691774,-0.7210071178051402,-0.11895651171688071,-0.4957270557790636,0.3214307963067977
2024-07-17 08:00:00,13,0.19672132705287915,0.054516841891336223,0.3731853785342907,0.1604421917720753,-0.8953462887691774
2024-07-17 12:00:00,13,-1.0070706974290449,0.03712708449079162,-0.06851608619965327,0.016271733069446626,0.19672132705287915
2024-07-17 16:00:00,13,2.0427992706825737,1.4962155106076627,0.41837382129792827,0.7543200502978831,-1.0070706974290449
2024-07-17 20:00:00,13,-1.1250922108620074,-0.5744115405367625,-0.8151871896188838,-0.7427789796031217,2.0427992706825737
2024-07-18 00:00:00,13,0.18219740411854168,-0.11637997691432364,0.46610921295150753,0.081763344062324,-1.1250922108620074
2024-07-18 04:00:00,13,-0.8074416862443261,-0.3611378068780875,-0.06264168983368221,-0.051763018939171346,0.18219740411854168
2024-07-18 08:00:00,13,0.0777353527464495,0.2786996133802747,0.33763117737536846,0.5399838954672074,-0.8074416862443261
2024-07-18 12:00:00,13,-0.138456720750602,0.3384598033564826,-0.020390605348008815,0.4830142642088031,0.0777353527464495
2024-07-18 16:00:00,13,1.3620601583490153,1.0699648060110398,0.06705119234290981,0.5844845482909697,-0.138456720750602
2024-07-18 20:00:00,13,-0.6442948342449295,-0.46192396222283044,-0.5398530814894368,-0.41372363153169545,1.3620601583490153
2024-07-19 00:00:00,13,-0.15611390804469139,-0.007724066220822931,0.2716442343959995,0.05845843019187846,-0.6442948342449295
2024-07-19 04:00:00,13,-0.07279810575572476,0.11023805697123691,0.07419287970538141,0.17286907427325637,-0.15611390804469139
2024-07-19 08:00:00,13,0.7046093999511687,-0.018176212930205392,0.04049468064394471,0.22622036290432668,-0.07279810575572476
2024-07-19 12:00:00,13,-0.5862698815054586,-0.39999005173497443,-0.2739382619604517,-0.29016421989100216,0.7046093999511687
2024-07-19 16:00:00,13,1.2492084959414296,0.7180551403633967,0.24817526027313866,0.13949330126560433,-0.5862698815054586
2024-07-19 20:00:00,13,-1.3073073071818726,-0.8669896453466204,-0.4942087057558253,-0.7760096824382767,1.2492084959414296
2024-07-20 00:00:00,13,1.5537609541064548,0.28342316582588145,0.5398085643241203,0.1820719702492717,-1.3073073071818726
2024-07-22 04:00:00,13,-2.134223512600011,-1.3920600564749475,-0.6173890518359109,-0.9566272893767547,1.5537609541064548
2024-07-22 08:00:00,13,0.6874008348293099,0.17617485568359884,0.8742659677427571,0.607473499262051,-2.134223512600011
2024-07-22 12:00:00,13,-1.026873232356234,-0.16127960488940551,-0.26697802588150454,0.10370049633150025,0.6874008348293099
2024-07-22 16:00:00,13,1.3540554994611398,1.3876170839419653,0.42638322342290597,0.85626142684238,-1.026873232356234
2024-07-22 20:00:00,13,-0.31006944588484764,-0.11425317449955735,-0.5366154893255041,-0.13608040711472924,1.3540554994611398
2024-07-23 00:00:00,13,0.302706796967664,-0.18182395147690222,0.13646227180406587,0.09115908395922112,-0.31006944588484764
2024-07-23 04:00:00,13,-0.457220795061156,-0.4835750827095132,-0.11138333784563906,-0.13068456881108048,0.302706796967664
2024-07-23 08:00:00,13,0.16334384659762335,-0.06691372233087399,0.19597961809935438,0.20439720772974646,-0.457220795061156
2024-07-23 12:00:00,13,-0.4574652529321437,0.1366628692268778,-0.05501611440979543,0.08468798431696989,0.16334384659762335
2024-07-23 16:00:00,13,1.8882078695883777,1.073295456478466,0.19607849237977126,0.41994891582752736,-0.4574652529321437
2024-07-23 20:00:00,13,-1.243785733229231,-1.2746740844102895,-0.7526606140577373,-0.9638552642413512,1.8882078695883777
2024-07-24 00:00:00,13,-0.48883690486364983,-0.3548395982992487,0.5141164076750405,-0.052326441343344854,-1.243785733229231
2024-07-24 04:00:00,13,-0.016160427713078462,-0.030484482261463487,0.20876717979116285,0.3059257210468669,-0.48883690486364983
2024-07-24 08:00:00,13,-0.6048677524253048,0.07153714436545829,0.017586808468159288,0.3177691561798497,-0.016160427713078462
2024-07-24 12:00:00,13,0.04617068995639073,0.6378305433444958,0.2556974198053992,0.7610564327959946,-0.6048677524253048
2024-07-24 16:00:00,13,1.3712775224092635,1.2720172119505324,-0.0076238520937178915,0.7272194835981054,0.04617068995639073
2024-07-24 20:00:00,13,0.1115570948216753,-0.3643351812683834,-0.5435811686036517,-0.27774379301301266,1.3712775224092635
2024-07-25 00:00:00,13,0.9387786856651719,-0.6110193039269837,-0.03407026473726325,-0.35950024399329017,0.1115570948216753
2024-07-25 04:00:00,13,-1.6607851215612968,-1.3985994423086867,-0.36865118540678726,-1.0474996376544485,0.9387786856651719
2024-07-25 08:00:00,13,-0.3258721767094137,0.13843175834111432,0.6827774300795765,0.16963404260805603,-1.6607851215612968
2024-07-25 12:00:00,13,0.5331070284462633,0.4877459560702022,0.14285389925540531,0.4084548247695743,-0.3258721767094137
2024-07-25 16:00:00,13,1.3045889552903258,0.7810803315296903,-0.20457181651188985,0.01775857449451479,0.5331070284462633
2024-07-25 20:00:00,13,-1.10343690278674,-1.0447839825792529,-0.5166080788877102,-0.9383308893185944,1.3045889552903258
2024-07-26 00:00:00,13,0.5798958635240385,-0.17396239171108413,0.4573504317574418,-0.1296590141974434,-1.10343690278674
2024-07-26 04:00:00,13,-0.7960353202239876,-1.054268265607192,-0.2234961914202066,-0.5546452314851358,0.5798958635240385
2024-07-26 08:00:00,13,-0.9718091827183688,-0.24463153761832665,0.3330177189177779,0.02874234005832932,-0.7960353202239876
2024-07-26 12:00:00,13,0.2949313879376909,0.5936360468058629,0.40411182646282007,0.7409486765186042,-0.9718091827183688
2024-07-26 16:00:00,13,1.3210955924778798,0.9805615696332792,-0.10823846887627639,0.5248033600865405,0.2949313879376909
2024-07-26 20:00:00,13,-0.17245597338877516,-0.5687191983806242,-0.5232844107539253,-0.4433832641647335,1.3210955924778798
2024-07-27 00:00:00,13,0.3012556245134306,-0.15423844458758065,0.08080264827161254,-0.3169960688263007,-0.17245597338877516
2024-07-29 04:00:00,14,-0.8528012630601207,-0.8760928839107314,-0.1355155013671889,-0.5270298986029509,0.3012556245134306
2024-07-29 08:00:00,14,-0.4426336447506145,-0.43096821291609294,0.37499865170495356,0.09042470256834712,-0.8528012630601207
2024-07-29 12:00:00,14,0.21709562832602636,-0.04192950049216002,0.19355493213307073,0.4109052088984857,-0.4426336447506145
2024-07-29 16:00:00,14,1.6282119384167846,0.5916696061797253,-0.09828608084312557,0.25372123132899027,0.21709562832602636
2024-07-29 20:00:00,14,-1.107832594350473,-1.1437246130579133,-0.7225142759080395,-0.9251547818818482,1.6282119384167846
2024-07-30 00:00:00,14,0.6504444941323761,-0.34981981285981173,0.4878155375122898,-0.12304957596939836,-1.107832594350473
2024-07-30 04:00:00,14,-0.22072216711596582,-0.8186270608871605,-0.28998436850470544,-0.5939915915422098,0.6504444941323761
2024-07-30 08:00:00,14,-1.4060807275150804,-0.7577322520339946,0.0953891040170628,-0.4341818872539953,-0.22072216711596582
2024-07-30 12:00:00,14,1.2312253810772127,0.39407891243304555,0.6197500155673615,0.5838642302049877,-1.4060807275150804
2024-07-30 16:00:00,14,-0.05082826823070263,0.2531744043562781,-0.5469013938365562,-0.30758118569071513,1.2312253810772127
2024-07-30 20:00:00,14,-0.42808806449922265,-0.4923247521360184,0.020234022118202244,-0.2707799408426492,-0.05082826823070263
2024-07-31 00:00:00,14,-0.37748575896223535,-0.18582482415796445,0.18712047932321396,0.03916911362178688,-0.42808806449922265
2024-07-31 04:00:00,14,0.37351949081719305,0.07277183280917736,0.16473580016842107,0.31248052724646413,-0.37748575896223535
2024-07-31 08:00:00,14,-0.11758789504828648,-0.2668591509122099,-0.16748249268366558,0.042040814945080385,0.37351949081719305
2024-07-31 12:00:00,14,-0.9699477133720933,-0.10557989572690286,0.04976613159319464,0.12717810306198807,-0.11758789504828648
2024-07-31 16:00:00,14,1.4767893495247275,1.3898193728522805,0.4268201186624158,0.8294503726504967,-0.9699477133720933
2024-07-31 20:00:00,14,0.6075255449981007,-0.47527081755246364,-0.6555302515011032,-0.2397909832461913,1.4767893495247275
2024-08-01 00:00:00,14,-0.8088668124949514,-0.7880757344365824,-0.2709985358269948,-0.6796583466482229,0.6075255449981007
2024-08-01 04:00:00,14,-0.04738465719357343,-0.22481761052711338,0.35556359693211176,-0.0940136522236088,-0.8088668124949514
2024-08-01 08:00:00,14,-0.5497729564238476,-0.28562741027650584,0.018710689784190368,-0.05970568871976667,-0.04738465719357343
2024-08-01 12:00:00,14,-0.5001642856412474,0.09439459617652911,0.2409495931316231,0.33834700684656305,-0.5497729564238476
2024-08-01 16:00:00,14,1.930387031594531,1.2789087073571082,0.21900446302381477,0.7004814839961035,-0.5001642856412474
2024-08-01 20:00:00,14,0.7929546199994899,-0.8672993167085614,-0.8561859028739166,-0.6971786817762116,1.930387031594531
2024-08-02 00:00:00,14,-0.3347122739446533,-1.5420748628696004,-0.35302583292005235,-1.271302454625511,0.7929546199994899
2024-08-02 04:00:00,14,-0.5218851879654878,-1.313142050638325,0.14581431569670938,-1.0289603726332324,-0.3347122739446533
2024-08-02 08:00:00,14,-0.4045077240332162,-1.0020146641519532,0.22861302580215145,-0.6510992875826105,-0.5218851879654878
2024-08-02 12:00:00,14,-0.2103733151853504,0.24791335347464621,0.17668936654898446,-0.3582231319852287,-0.4045077240332162
2024-08-02 16:00:00,14,2.0744066850977294,0.43815162372718364,0.09081113612352563,-0.20590631791444913,-0.2103733151853504
2024-08-02 20:00:00,14,-1.8568691100699546,-1.7707385922921823,-0.9198951291916209,-1.7078411858554183,2.0744066850977294
2024-08-03 00:00:00,14,3.429586026383186,0.4088325302568566,0.8191629317006622,-0.36341027862220443,-1.8568691100699546
2024-08-05 04:00:00,14,-0.9470713648657583,-1.7168593245679584,-1.5193787778112526,-2.846537079471937,3.429586026383186
2024-08-05 08:00:00,14,0.6396757092357319,-1.044690917779279,0.4167004271560034,-2.1608279967067556,-0.9470713648657583
2024-08-05 12:00:00,14,-0.4810882937619585,-1.2978946122986639,-0.28522063704543105,-2.6239730775522467,0.6396757092357319
2024-08-05 16:00:00,14,0.41371645416066016,0.11012454125601172,0.21056591554567275,-2.2756502109947316,-0.4810882937619585
2024-08-05 20:00:00,14,-1.509648483138113,-1.1523474754094558,-0.1852642146406382,-2.575193773213594,0.41371645416066016
2024-08-06 00:00:00,14,0.1529685739633173,-0.06179885732807386,0.6655647458608067,-1.4821613840258863,-1.509648483138113
2024-08-06 04:00:00,14,-2.0914813143278064,-0.2839813965314708,-0.06991852877572093,-1.5929153825475835,0.1529685739633173
2024-08-06 08:00:00,14,1.240937069172782,1.074652095277757,0.9229471143061772,-0.07861795273191241,-2.0914813143278064
2024-08-06 12:00:00,14,-0.4418170950265594,0.23016918839926326,-0.5511975028727708,-0.9770949324391323,1.240937069172782
2024-08-06 16:00:00,14,1.1168196516791546,1.2394868632452607,0.19319371927146411,-0.6572056334700083,-0.4418170950265594
2024-08-06 20:00:00,14,-1.1155969453942678,-0.5512817224255493,-0.496292325358961,-1.4658177480128156,1.1168196516791546
2024-08-07 00:00:00,14,0.5586567723704903,0.22197704273386204,0.4912502131681942,-0.6580909107956714,-1.1155969453942678
2024-08-07 04:00:00,14,-0.08654476202597294,-0.1606592009650176,-0.24938071062418857,-1.062575765025242,0.5586567723704903
2024-08-07 08:00:00,14,-1.3956524682440516,-0.2888719972472124,0.03603374202536909,-0.9999146693691898,-0.08654476202597294
2024-08-07 12:00:00,14,-0.009103593615552796,0.7933904374898465,0.6151369206609576,0.010581064491628211,-1.3956524682440516
2024-08-07 16:00:00,14,0.8440994265679507,1.570753356281182,0.00177649445840881,0.01717234901311926,-0.009103593615552796
2024-08-07 20:00:00,14,-0.14349731324893966,0.17078133903364173,-0.3756504954392752,-0.593981852271984,0.8440994265679507
2024-08-08 00:00:00,14,0.49613695113795586,0.2669144792887738,0.061227546391479794,-0.490085340670511,-0.14349731324893966
2024-08-08 04:00:00,14,1.5378692254589428,-0.18077077725710242,-0.22172414193123938,-0.8493039025567555,0.49613695113795586
2024-08-08 08:00:00,14,-3.084527504652904,-1.4786931670019283,-0.6825498390691555,-1.9627689856782657,1.5378692254589428
2024-08-08 12:00:00,14,1.6829789761940184,0.8670027485570031,1.3622358012627156,0.27052472844360587,-3.084527504652904
2024-08-08 16:00:00,14,0.4066204750874558,0.3358634198828017,-0.7467412860391432,-0.948004321099206,1.6829789761940184
2024-08-08 20:00:00,14,-1.1972583612476235,-0.7613355895887423,-0.1821252032229331,-1.2424101740787048,0.4066204750874558
2024-08-09 00:00:00,14,1.8827452833144065,0.08338868571403212,0.5273743496834238,-0.3755579355038208,-1.1972583612476235
2024-08-09 04:00:00,14,-2.3038793737654046,-1.3922985096907163,-0.8351108700605503,-1.7387239958407719,1.8827452833144065
2024-08-09 08:00:00,14,0.23626510887468832,0.18206956305264949,1.0169045410114887,-0.07064377423020396,-2.3038793737654046
2024-08-09 12:00:00,14,-0.28429547942934263,0.11879434432136414,-0.10676598441851093,-0.2417070510919661,0.23626510887468832
2024-08-09 16:00:00,14,1.7901722235876036,1.0844249694245736,0.12351170008933478,-0.03586829419806037,-0.28429547942934263
2024-08-09 20:00:00,14,-1.6598777411869872,-0.9761360876761181,-0.7941598063022539,-1.332008584113761,1.7901722235876036
2024-08-10 00:00:00,14,2.7345096131445494,0.9665984588685331,0.7320208826988528,-0.13020554620541525,-1.6598777411869872
2024-08-12 04:00:00,14,-2.8910173266263364,-1.5372658861879274,-1.2119014339768226,-2.110075435849585,2.7345096131445494
2024-08-12 08:00:00,14,0.7593489755316369,0.4312150534666036,1.2766337085844406,-0.01688910075203154,-2.8910173266263364
2024-08-12 12:00:00,14,0.05473916648993793,-0.023258805667039587,-0.3381598784695564,-0.566681343266179,0.7593489755316369
2024-08-12 16:00:00,14,1.760017409167597,0.6398107340341563,-0.0264652958345895,-0.6063141999205097,0.05473916648993793
2024-08-12 20:00:00,14,-1.255591504301874,-1.313925688364926,-0.7808203776220571,-1.8806214676332562,1.760017409167597
2024-08-13 00:00:00,14,-0.4188202462185906,-0.3838790707939103,0.5531788792894038,-0.9715342217480094,-1.255591504301874
2024-08-13 04:00:00,14,-0.6363724637927923,-0.11314938135621859,0.18302072267229944,-0.6682953555631528,-0.4188202462185906
2024-08-13 08:00:00,14,-0.4035614602126305,0.21798066459070953,0.27925816755023375,-0.20754192701215146,-0.6363724637927923
2024-08-13 12:00:00,14,-0.07587966420910952,0.6335900410587472,0.1762707727360184,0.08464910418960514,-0.4035614602126305
2024-08-13 16:00:00,14,1.308753458799126,1.4534389519588815,0.03131587808119625,0.13958833778445978,-0.07587966420910952
2024-08-13 20:00:00,14,-0.7154413095072556,-0.4321086483787563,-0.581197087024377,-0.8079898142865964,1.308753458799126
2024-08-14 00:00:00,14,-1.316203754832248,0.09721194506055257,0.3142354422746901,-0.289988085679715,-0.7154413095072556
2024-08-14 04:00:00,14,0.9326583456323352,1.033598272286097,0.5799916058356402,0.6629843121142329,-1.316203754832248
2024-08-14 08:00:00,14,-0.6921507150243382,0.18776250123912014,-0.4148258446356182,-0.012289297079398409,0.9326583456323352
2024-08-14 12:00:00,14,1.5963082991202437,0.7939869065440434,0.30393250292653295,0.4888493177512565,-0.6921507150243382
2024-08-14 16:00:00,14,1.0322529746464237,0.37094953431868666,-0.708401228647746,-0.6669274697301653,1.5963082991202437
2024-08-14 20:00:00,14,-1.8388172477737115,-1.0865473858977863,-0.4588830035409856,-1.4143106835883517,1.0322529746464237
2024-08-15 00:00:00,14,0.027546994488025334,0.21568448992650818,0.8111774231085183,-0.08294988532112413,-1.8388172477737115
2024-08-15 04:00:00,14,0.5615579843289105,0.19689837279044797,-0.014436435897766242,-0.10289476489838734,0.027546994488025334
2024-08-15 08:00:00,14,-0.45866586269055176,-0.3207178183448003,-0.2506641046940855,-0.5094801866931036,0.5615579843289105
2024-08-15 12:00:00,14,0.5111865099437232,0.1285890303802809,0.2006470211380449,-0.17739185663804058,-0.45866586269055176
2024-08-15 16:00:00,14,-0.4191706547377816,0.4355650120797053,-0.22838153711735495,-0.5475067665161664,0.5111865099437232
2024-08-15 20:00:00,14,1.421671624140254,-0.01345127750285694,0.1831757310694853,-0.24401419368025756,-0.4191706547377816
2024-08-16 00:00:00,14,0.19463307480586778,-0.8943111032843895,-0.6311481095140826,-1.2733486045255065,1.421671624140254
2024-08-16 04:00:00,14,-1.2420415801221303,-1.1161142273095075,-0.08834943767617373,-1.4142689956935106,0.19463307480586778
2024-08-16 08:00:00,14,-1.5017634953129821,-0.3584144538483941,0.547184869686153,-0.5149923157545242,-1.2420415801221303
2024-08-16 12:00:00,14,1.291899227680604,0.8678056221492536,0.6620767047383328,0.5723310973520093,-1.5017634953129821
2024-08-16 16:00:00,14,0.48967787594388845,0.7366068008793233,-0.5737413683177841,-0.36304406792234367,1.291899227680604
2024-08-16 20:00:00,14,-0.5723619327574898,-0.4140585595438641,-0.21886687437551114,-0.7175860587589895,0.48967787594388845
2024-08-17 00:00:00,14,0.16667736432979474,0.7537140460218483,0.25094216130214236,-0.30317824274770544,-0.5723619327574898
2024-08-19 04:00:00,14,-1.2506934408434454,-0.1371328593596137,-0.07598281518910602,-0.423857831269002,0.16667736432979474
2024-08-19 08:00:00,14,-0.11267307394099646,0.6381632471776315,0.5510121483898285,0.4816830645459085,-1.2506934408434454
2024-08-19 12:00:00,14,1.5268463727467925,0.8241682316411494,0.047591987699504346,0.5632618695342373,-0.11267307394099646
2024-08-19 16:00:00,14,-0.16092620278272562,0.44975244230865996,-0.6776737169495483,-0.5422223258705614,1.5268463727467925
2024-08-19 20:00:00,14,-0.46465931899852286,-0.11913609732616164,0.0689374737573971,-0.4257067569317119,-0.16092620278272562
2024-08-20 00:00:00,14,1.1805739070100731,0.16446860249415504,0.20329831528479358,-0.08927897836200138,-0.46465931899852286
2024-08-20 04:00:00,14,-1.4905221654984526,-0.7761600168055044,-0.5244949642543808,-0.9440511538750167,1.1805739070100731
2024-08-20 08:00:00,14,-0.31655186377756905,0.1615176930975535,0.657103936037359,0.1351331873071171,-1.4905221654984526
2024-08-20 12:00:00,14,0.11091381563964653,0.5418050005152428,0.13778078934656152,0.36432656830358745,-0.31655186377756905
2024-08-20 16:00:00,14,1.601890539654729,1.2523595265108525,-0.051314983699703956,0.28402152096533406,0.11091381563964653
2024-08-20 20:00:00,14,-1.2795971259969825,-0.6625759228969527,-0.7108706154079599,-0.8757969820389899,1.601890539654729
2024-08-21 00:00:00,14,-0.4793219082166562,0.22003081448043527,0.5637981215127361,0.05067107953177086,-1.2795971259969825
2024-08-21 04:00:00,14,-0.4258220471584,0.5600145491006896,0.2097845287437146,0.3977150280932271,-0.4793219082166562
2024-08-21 08:00:00,14,0.7085453940815825,0.72535503941652,0.18611807299814176,0.7060234156238394,-0.4258220471584
2024-08-21 12:00:00,14,-0.4541987748363798,0.3021404005307012,-0.31568616193419785,0.19301454396183537,0.7085453940815825
2024-08-21 16:00:00,14,2.4724285377482094,1.404516922622648,0.1986709386787423,0.5218685636694946,-0.4541987748363798
2024-08-21 20:00:00,14,-1.007431988482077,-1.1363800673334963,-1.0959659894741602,-1.2682464875464117,2.4724285377482094
2024-08-22 00:00:00,14,-1.1101719675023496,-0.4847630079269856,0.4434018428108079,-0.5388344385734527,-1.007431988482077
2024-08-22 04:00:00,14,0.5450183002632194,0.307766629095526,0.48885039386660784,0.2649645461583443,-1.1101719675023496
2024-08-22 08:00:00,14,-1.3706342047730207,-0.21974705090639346,-0.24334753053401065,-0.12964563067527202,0.5450183002632194
2024-08-22 12:00:00,14,1.258229349293254,0.9287555718186851,0.6040697213532155,0.8627361034031438,-1.3706342047730207
2024-08-22 16:00:00,14,0.455653849856386,0.7685543700810993,-0.5588469990418462,-0.04826102418333278,1.258229349293254
2024-08-22 20:00:00,14,-0.6789926852756487,-0.36791648920682074,-0.20381584262032068,-0.37816856339790306,0.455653849856386
2024-08-23 00:00:00,14,-0.5133837210945273,0.09340030577578311,0.29811185362788895,0.11344322922622219,-0.6789926852756487
2024-08-23 04:00:00,14,-0.450187139844207,0.4439263892465827,0.22485227604515767,0.4851489882195832,-0.5133837210945273
2024-08-23 08:00:00,14,0.6295003721015338,0.6579879818208567,0.19689633253712507,0.8110984595976021,-0.450187139844207
2024-08-23 12:00:00,14,-0.028777787514753683,0.31960678527829434,-0.28071942599143296,0.3553206388678323,0.6295003721015338
2024-08-23 16:00:00,14,2.382573600677796,1.100613042806401,0.010479665458016508,0.3761566508230132,-0.028777787514753683
2024-08-23 20:00:00,14,-0.9091740872018619,-1.3326726876916644,-1.0562173275218878,-1.3489006351956423,2.382573600677796
2024-08-24 00:00:00,14,0.5380940811712431,0.004972852666317766,0.3999360052122967,-0.690630358491175,-0.9091740872018619
2024-08-26 04:00:00,15,-2.9524908779690833,-1.1247763594320628,-0.236011109385377,-0.6813364548652263,0.5380940811712431
2024-08-26 08:00:00,15,0.4678213833900653,0.9166895030639903,1.3848392429101728,1.1190723596024563,-2.9524908779690833
2024-08-26 12:00:00,15,0.6581652235577806,0.8216946135924172,-0.20338003800660362,0.8337980684821042,0.4678213833900653
2024-08-26 16:00:00,15,0.6099408720688366,1.2396817052672287,-0.2917660489487674,0.4324534009298642,0.6581652235577806
2024-08-26 20:00:00,15,-0.5467790540694377,-0.09566439029175376,-0.2693731096520457,0.060515614238982884,0.6099408720688366
2024-08-27 00:00:00,15,0.5838611126107871,0.35833142161374826,0.26774886896618966,0.393937754797828,-0.5467790540694377
2024-08-27 04:00:00,15,-0.9519011523420744,-0.10636228728023782,-0.2572629940696496,0.037903227675953666,0.5838611126107871
2024-08-27 08:00:00,15,-0.04406852996043398,0.356634499025465,0.45586699340503317,0.6183660626221155,-0.9519011523420744
2024-08-27 12:00:00,15,0.2922950049934627,0.6151760257607597,0.034315636530146756,0.6452387518396936,-0.04406852996043398
2024-08-27 16:00:00,15,0.8947514179523601,1.379102268081858,-0.12187450366448484,0.4669992499526989,0.2922950049934627
2024-08-27 20:00:00,15,-0.7507557733418153,-0.16699587981096845,-0.4016246603338231,-0.07861406647081548,0.8947514179523601
2024-08-28 00:00:00,15,4.157336839725662,0.3904267159012464,0.3624652964884548,0.3791916872820531,-0.7507557733418153
2024-08-28 04:00:00,15,-4.195896259969455,-2.3563841412861786,-1.916603608612443,-2.1559239829488783,4.157336839725662
2024-08-28 08:00:00,15,0.3796707229491858,0.37109417957902363,1.9622135440811257,0.40270495894216474,-4.195896259969455
2024-08-28 12:00:00,15,0.9751064279413271,0.17250984130056998,-0.16244734887192241,0.1711843397613766,0.3796707229491858
2024-08-28 16:00:00,15,0.6156856751371205,0.2554587380584816,-0.4389374453752754,-0.42342891408795413,0.9751064279413271
2024-08-28 20:00:00,15,-0.36987237349056556,-1.012581178310832,-0.2720407043922091,-0.7988698425357486,0.6156856751371205
2024-08-29 00:00:00,15,-1.0631878881078638,-0.7201181400054051,0.1856023924024677,-0.5733241900734587,-0.36987237349056556
2024-08-29 04:00:00,15,-2.0671588897139177,0.06547192493857099,0.5075429007338226,0.07500053785978178,-1.0631878881078638
2024-08-29 08:00:00,15,0.7002459261626406,1.3450518766592645,0.9737360376137976,1.3355399399344856,-2.0671588897139177
2024-08-29 12:00:00,15,0.725153812612298,0.7648885384167956,-0.31130618976766605,0.9085347467379146,0.7002459261626406
2024-08-29 16:00:00,15,0.9829209519813134,1.0002820970324422,-0.32287214704973943,0.46634089414586555,0.725153812612298
2024-08-29 20:00:00,15,0.6160664352618159,-0.5655723804131022,-0.44256611340413016,-0.13303760320258728,0.9829209519813134
2024-08-30 00:00:00,15,-1.3546754885820356,-0.8255125992381901,-0.2722175100535745,-0.5087107165793228,0.6160664352618159
2024-08-30 04:00:00,15,-0.40229096529562014,0.11302731203527434,0.6428949364094431,0.3173611634679734,-1.3546754885820356
2024-08-30 08:00:00,15,0.4663605890363076,0.22103323846290918,0.2006559397486092,0.5626754522616979,-0.40229096529562014
2024-08-30 12:00:00,15,-0.8432186867499425,-0.045585077886696156,-0.20270171930912587,0.27829194358211584,0.4663605890363076
2024-08-30 16:00:00,15,2.418740480505795,1.4585450759138563,0.4054003768621312,0.7924809517435003,-0.8432186867499425
2024-08-30 20:00:00,15,-0.8971171119858141,-1.163771751234313,-1.1092877706288546,-0.6824505081660028,2.418740480505795
2024-08-31 00:00:00,15,0.9332679992323332,0.9651012144236604,0.4304280677948434,-0.13539460764444833,-0.8971171119858141
2024-09-02 04:00:00,15,-1.8694346300617077,-1.053740146638815,-0.41950980424742085,-0.7044950728199098,0.9332679992323332
2024-09-02 08:00:00,15,0.5162347943550625,0.08447551102235144,0.8819229347481993,0.43547342332305305,-1.8694346300617077
2024-09-02 12:00:00,15,0.011453800419285898,-0.17107352067133938,-0.22586076692081145,0.12067696416139384,0.5162347943550625
2024-09-02 16:00:00,15,-0.2820588767517478,0.675688568176466,0.008533886534179674,0.11369251472992925,0.011453800419285898
2024-09-02 20:00:00,15,0.8584104932540253,1.4979013116160924,0.14482626496494186,0.2856900953802075,-0.2820588767517478
2024-09-03 04:00:00,15,-0.5085440250615765,-0.7593392299438924,-0.38474978082521805,-0.23776277284649705,0.8584104932540253
2024-09-03 08:00:00,15,-0.8292221048143844,-0.5325195848672813,0.24999446362643668,0.07234390761699583,-0.5085440250615765
2024-09-03 12:00:00,15,-0.10398522709196811,0.39839539222204673,0.39890107516148726,0.5779978955088074,-0.8292221048143844
2024-09-03 16:00:00,15,1.6793433206801964,1.2896717031212772,0.062137907235728124,0.6414073782705572,-0.10398522709196811
2024-09-03 20:00:00,15,-0.7257871340059907,-0.6778065684474154,-0.7659492869596851,-0.3826447329928042,1.6793433206801964
2024-09-04 00:00:00,15,1.368922663272249,-0.16449787967399473,0.3508711286519616,0.05993531466866919,-0.7257871340059907
2024-09-04 04:00:00,15,-1.4175583143613402,-0.9209420047255662,-0.6218057013403269,-0.7748243954020557,1.368922663272249
2024-09-04 08:00:00,15,0.25164450885615963,-0.20840592264626484,0.6720945265958477,0.08959300322295416,-1.4175583143613402
2024-09-04 12:00:00,15,-1.2407463053646737,-0.37346457578768205,-0.10299847808241051,-0.06385810317594753,0.25164450885615963
2024-09-04 16:00:00,15,1.9244654334493791,1.4960901611789248,0.5899920107061006,0.6927405374380955,-1.2407463053646737
2024-09-04 20:00:00,15,-1.2637210034368156,-1.0373372469423985,-0.8797715452596834,-0.4807853675441969,1.9244654334493791
2024-09-05 00:00:00,15,0.22399293131101672,-0.006844351923579748,0.6006602935011099,0.28982308736850015,-1.2637210034368156
2024-09-05 04:00:00,15,0.21877122469809684,-0.19502608372019647,-0.09015849002017731,0.15323372449527373,0.22399293131101672
2024-09-05 08:00:00,15,-0.6702666876828971,-0.42134979497102953,-0.08773379470343028,0.019828522725682696,0.21877122469809684
2024-09-05 12:00:00,15,-0.09731931184312259,0.32678955331568277,0.3250902535161919,0.42855258062300283,-0.6702666876828971
2024-09-05 16:00:00,15,1.5754344112678709,1.3168097381789836,0.059042594786400296,0.48789723369803983,-0.09731931184312259
2024-09-05 20:00:00,15,-0.796630694911677,-0.7322043820799341,-0.7176992674359965,-0.4727919328044692,1.5754344112678709
2024-09-06 00:00:00,15,-1.087605953664763,-0.08000533616251838,0.38376727986901515,0.012988035457812686,-0.796630694911677
2024-09-06 04:00:00,15,0.5952843816383204,0.6689475416774119,0.518881410073536,0.6762027333445353,-1.087605953664763
2024-09-06 08:00:00,15,0.9236447615329091,-0.030060123170353746,-0.26256737996610524,0.31320237462579836,0.5952843816383204
2024-09-06 12:00:00,15,-0.042666848773015076,-0.3958276871891505,-0.41504126146793874,-0.250029905788435,0.9236447615329091
2024-09-06 16:00:00,15,0.8843560753953295,0.3699666568434988,0.03366476698448942,-0.22401195220568404,-0.042666848773015076
2024-09-06 20:00:00,15,-0.06302394675783951,-0.8274170577187597,-0.3967975912771955,-0.7632862595881402,0.8843560753953295
2024-09-07 00:00:00,15,1.5093138354864823,0.9491722075218403,0.04311756925879477,-0.724854686399536,-0.06302394675783951
2024-09-09 04:00:00,15,-3.2012421317023136,-2.144231443829654,-0.6869962306087128,-1.6452239764401817,1.5093138354864823
2024-09-09 08:00:00,15,-0.5295275686572563,0.06440679016560719,1.5003466899332543,0.3068716571716328,-3.2012421317023136
2024-09-09 12:00:00,15,0.39660109293196477,0.5116963007465896,0.2597381554223937,0.6297739595048926,-0.5295275686572563
2024-09-09 16:00:00,15,1.3990472393454283,1.1772822634384141,-0.17030895272122099,0.38792931609878245,0.39660109293196477
2024-09-09 20:00:00,15,-1.1807893741029964,-0.9573324541854684,-0.6357940243041066,-0.46520015514511215,1.3990472393454283
2024-09-10 00:00:00,15,0.6168159704577754,-0.047765411811246224,0.5621510573141557,0.254837157426417,-1.1807893741029964
2024-09-10 04:00:00,15,-0.9281779220174062,-0.49855871103436994,-0.2725655561262671,-0.12129301740430343,0.6168159704577754
2024-09-10 08:00:00,15,-0.12597226704291486,0.052396154234184714,0.4448511302533175,0.4447035533772894,-0.9281779220174062
2024-09-10 12:00:00,15,0.5303391325644995,0.31547504440292945,0.07234757176691471,0.5215205832468452,-0.12597226704291486
2024-09-10 16:00:00,15,1.0278193414971835,0.8659595313435576,-0.23241010516161217,0.19812339477422114,0.5303391325644995
2024-09-10 20:00:00,15,-0.012922937722397165,-0.8502382529015636,-0.4634146449013334,-0.4286338344927456,1.0278193414971835
2024-09-11 00:00:00,15,-1.429473098597354,-0.8555662749870081,0.01985320552147465,-0.4207535151468571,-0.012922937722397165
2024-09-11 04:00:00,15,1.0705878940762492,0.16050529645187803,0.6776271471888227,0.45092943769919014,-1.429473098597354
2024-09-11 08:00:00,15,-0.8041288607778068,-0.6015965231818632,-0.483274188309216,-0.20190776343828887,1.0705878940762492
2024-09-11 12:00:00,15,0.2546988794166065,0.10342593780163069,0.38724904723120535,0.28844453526486014,-0.8041288607778068
2024-09-11 16:00:00,15,1.7061284305986693,0.6347933426186214,-0.10441677262527155,0.13313089451548432,0.2546988794166065
2024-09-11 20:00:00,15,-1.7577348386735228,-1.5556065789395699,-0.778386931467935,-0.9072545942202828,1.7061284305986693
2024-09-12 00:00:00,15,-0.06747922051946809,-0.24020956759237394,0.8300552253693482,0.16460013043227573,-1.7577348386735228
2024-09-12 04:00:00,15,0.3495573815624624,-0.22218214063882072,0.045186372090022034,0.20574849919547678,-0.06747922051946809
2024-09-12 08:00:00,15,-1.1891864165747705,-0.7039476033826628,-0.14846424272587183,-0.00740920964737235,0.3495573815624624
2024-09-12 12:00:00,15,0.3473352153226461,0.3557439024142746,0.566050217313965,0.7177485621927868,-1.1891864165747705
2024-09-12 16:00:00,15,1.6758454836656522,1.1754603892397384,-0.14743238159805885,0.5059459151776409,0.3473352153226461
2024-09-12 20:00:00,15,-1.5531240689061772,-1.0001584915612451,-0.764325069121225,-0.5159732389140155,1.6758454836656522
2024-09-13 00:00:00,15,-0.028231441845061767,0.22419366790316225,0.7350443770035362,0.43111123287410535,-1.5531240689061772
2024-09-13 04:00:00,15,-0.5064296579451941,0.25432758314367215,0.02696169724729982,0.44832657369776463,-0.028231441845061767
2024-09-13 08:00:00,15,-0.23567286845592683,0.44522264446700394,0.24901265893593733,0.7571439275043117,-0.5064296579451941
2024-09-13 12:00:00,15,0.678234808206204,0.7823106225129155,0.12328695886927173,0.900855636443036,-0.23567286845592683
2024-09-13 16:00:00,15,1.3850417652157319,1.2510737534260306,-0.3010853446337617,0.48727267295791243,0.678234808206204
2024-09-13 20:00:00,15,-0.9947023293602744,-0.9105188915613683,-0.6292905935201799,-0.35731635561702824,1.3850417652157319
2024-09-14 00:00:00,15,1.22397536283626,1.3677985015123113,0.47574168594530564,0.249246345360274,-0.9947023293602744
2024-09-16 04:00:00,15,-1.5223277968232232,-0.8248622562702352,-0.5544995375522885,-0.4971254888035288,1.22397536283626
2024-09-16 08:00:00,15,-0.3997686093424413,0.09477631145742287,0.7207441525313207,0.4311796261626544,-1.5223277968232232
2024-09-16 12:00:00,15,0.0007830699407467279,0.5019532026739457,0.19948468576591527,0.6749557994874333,-0.3997686093424413
2024-09-16 16:00:00,15,1.795759778583859,1.48466659234108,0.013488831753347382,0.6744782887746368,0.0007830699407467279
2024-09-16 20:00:00,15,-0.05615918389166197,-0.646968583356534,-0.8200071766873208,-0.42056378507348136,1.795759778583859
2024-09-17 00:00:00,15,-0.27076443707827913,-0.6050115240625419,0.03992992207635529,-0.38631829749337765,-0.05615918389166197
2024-09-17 04:00:00,15,-1.7934434695776371,-0.4685241185847205,0.1395817008766834,-0.2212079891778984,-0.27076443707827913
2024-09-17 08:00:00,15,0.41863743098394046,0.5594251204311903,0.8466364997570027,0.8724216152251989,-1.7934434695776371
2024-09-17 12:00:00,15,-0.15483494670587383,0.3770304419513599,-0.18054150878645003,0.6171393630652702,0.41863743098394046
2024-09-17 16:00:00,15,2.5493734671553074,1.3671283545012338,0.08574993413526179,0.7115566582775896,-0.15483494670587383
2024-09-17 20:00:00,15,-1.3853895431381709,-1.6415353825966843,-1.1699470941837322,-0.8430339065520966,2.5493734671553074
2024-09-18 00:00:00,15,-0.45841311678752383,-0.43644337988581966,0.657156983238407,0.0017671946296422547,-1.3853895431381709
2024-09-18 04:00:00,15,0.04452430752968617,-0.11594913356312327,0.22671621620142463,0.2813043888984952,-0.45841311678752383
2024-09-18 08:00:00,15,-0.6356856304705243,-0.39132497885000833,-0.006822377166012899,0.2541537696255727,0.04452430752968617
2024-09-18 12:00:00,15,0.42567007812748336,0.3539384128272525,0.309032567076372,0.6417905345245165,-0.6356856304705243
2024-09-18 16:00:00,15,0.7688100636843433,1.0072775761541795,-0.18380711289968987,0.38221982206797733,0.42567007812748336
2024-09-18 20:00:00,15,0.658974628352798,-0.4723243583695976,-0.3431438925475069,-0.08659531488542704,0.7688100636843433
2024-09-19 00:00:00,15,-0.49817576390789675,-0.8386604039025938,-0.2921418954222126,-0.4884335519651106,0.658974628352798
2024-09-19 04:00:00,15,-1.1909057859308358,-0.8022727897595875,0.24517996979793724,-0.18464936648748775,-0.49817576390789675
2024-09-19 08:00:00,15,-0.007847677480619097,-0.061810369902794114,0.5668486051083107,0.5415568650675118,-1.1909057859308358
2024-09-19 12:00:00,15,0.658007462613126,0.1993823132574662,0.017496512460806798,0.5463423253087729,-0.007847677480619097
2024-09-19 16:00:00,15,0.3044287464345121,0.4941018372639185,-0.2916927927794677,0.14509385930535235,0.658007462613126
2024-09-19 20:00:00,15,-0.2179283619148844,-0.46546573793712415,-0.1275087968616433,-0.04054471541399085,0.3044287464345121
2024-09-20 00:00:00,15,-1.0300293834760446,-0.17973286610343053,0.11504731135602433,0.09234651437499064,-0.2179283619148844
2024-09-20 04:00:00,15,0.47067187758232976,0.5928434642204333,0.4921457754544784,0.7204514121779644,-1.0300293834760446
2024-09-20 08:00:00,15,-0.3446190318907689,-0.07866662092969144,-0.20470366271989127,0.4334389091269202,0.47067187758232976
2024-09-20 12:00:00,15,0.8325690191985196,0.5184888474826452,0.17387602329591226,0.6435852459976541,-0.3446190318907689
2024-09-20 16:00:00,15,0.7999221180996159,0.8996351707795187,-0.37275031288016097,0.13589033252553762,0.8325690191985196
2024-09-20 20:00:00,15,-1.329053932060642,-0.6693606240964964,-0.3575907502948262,-0.35189672316381415,0.7999221180996159
2024-09-21 00:00:00,15,1.7330536312313995,1.8603275010094538,0.6309975869966131,0.4585513063423319,-1.329053932060642
2024-09-23 04:00:00,16,-0.7250789450989004,-1.7158727059588794,-0.7633292791415771,-0.6770471172766674,1.7330536312313995
2024-09-23 08:00:00,16,-1.1000704149099647,-1.0839759466746564,0.3269356017589165,-0.18541538756431208,-0.7250789450989004
2024-09-23 12:00:00,16,-0.06599452398654648,0.2143501145404104,0.493256993090303,0.5604751455193746,-1.1000704149099647
2024-09-23 16:00:00,16,1.0444489992819133,1.331937000636263,0.034609384366614204,0.6052219999113788,-0.06599452398654648
2024-09-23 20:00:00,16,-1.571876891876009,-0.47610948603240727,-0.4579098504788918,-0.10295504975218162,1.0444489992819133
2024-09-24 00:00:00,16,0.737648233940357,0.9346246940968482,0.7025191123798147,0.9628386275728129,-1.571876891876009
2024-09-24 04:00:00,16,-0.3899542406617833,-0.10473129648699499,-0.32183334138162734,0.46268443109163293,0.737648233940357
2024-09-24 08:00:00,16,-0.2651363561037776,0.14777348206568164,0.1782964683418704,0.7270885751384171,-0.3899542406617833
2024-09-24 12:00:00,16,-0.09090786468659928,0.5604362288187008,0.12293551777628145,0.906861338148591,-0.2651363561037776
2024-09-24 16:00:00,16,1.4364715103695591,1.6890968720169641,0.045659293021958716,0.9685004066423453,-0.09090786468659928
2024-09-24 20:00:00,16,-0.2391626189071978,-0.3283174774787441,-0.6317850842546692,-0.005483154870642437,1.4364715103695591
2024-09-25 00:00:00,16,-0.152877758794995,-0.20199735595263701,0.11141528743400853,0.15667840396464427,-0.2391626189071978
2024-09-25 04:00:00,16,-0.2131244913786663,-0.44318122002067856,0.07314503560154353,0.2603354712384416,-0.152877758794995
2024-09-25 08:00:00,16,-1.3525258772223268,-0.33000909803439465,0.09986649780316328,0.4048421667490505,-0.2131244913786663
2024-09-25 12:00:00,16,0.3690192173295248,1.0614520897100508,0.6052295234578766,1.3219073235766796,-1.3525258772223268
2024-09-25 16:00:00,16,1.1632473261837628,1.8752803221173968,-0.15833391309136452,1.0716979397032187,0.3690192173295248
2024-09-25 20:00:00,16,-0.561347692077554,0.04986557493316894,-0.5106009237668034,0.28297100324943614,1.1632473261837628
2024-09-26 00:00:00,16,0.5235364024559157,0.6601969991383314,0.25431525703304264,0.6635865744111165,-0.561347692077554
2024-09-26 04:00:00,16,-1.0446611698579442,-0.2696970179115865,-0.22686750727626476,0.30860852843892417,0.5235364024559157
2024-09-26 08:00:00,16,-0.12279044517219084,0.4702651315757507,0.46868112011293356,1.016929438006283,-1.0446611698579442
2024-09-26 12:00:00,16,0.8733303446439624,0.7080807490188438,0.059800295078006126,1.1001861362736989,-0.12279044517219084
2024-09-26 16:00:00,16,1.0129657825731098,1.026899700141674,-0.38201294344663683,0.5080341908203163,0.8733303446439624
2024-09-26 20:00:00,16,-0.4529481908083852,-0.5889923496550931,-0.4439459797560884,-0.1787960132451465,1.0129657825731098
2024-09-27 00:00:00,16,-0.2654608457953245,-0.04964071828538066,0.20623641438683427,0.12832047941047087,-0.4529481908083852
2024-09-27 04:00:00,16,-0.5839022264230191,-0.40888249943896054,0.12307943992202508,0.3083132590538771,-0.2654608457953245
2024-09-27 08:00:00,16,-0.06415186498321468,0.05611230616179903,0.26431895534399186,0.7042216818533973,-0.5839022264230191
2024-09-27 12:00:00,16,0.22613311940506264,0.25411206485354565,0.033792102817948935,0.7477191417633229,-0.06415186498321468
2024-09-27 16:00:00,16,0.9457110812601677,1.302941124530351,-0.09495909920377649,0.5943920904265934,0.22613311940506264
2024-09-27 20:00:00,16,-0.5298651557512493,-0.47423669542038954,-0.4141162465582072,-0.04683680999977646,0.9457110812601677
2024-09-28 00:00:00,16,-0.6578205768718508,1.3365604522344119,0.24035168808287385,0.3124323768896069,-0.5298651557512493
2024-09-30 04:00:00,16,0.4904991317136389,0.24208199336041028,0.2971042421606893,0.7584603166524637,-0.6578205768718508
2024-09-30 08:00:00,16,-0.03418715461637589,-0.17940841682915584,-0.2122143610635904,0.425882825364404,0.4904991317136389
2024-09-30 12:00:00,16,0.5899604490151109,0.1735255315528652,0.020501740982343256,0.4490630460446514,-0.03418715461637589
2024-09-30 16:00:00,16,-1.0931506778971762,0.6603417418658396,-0.25632881701526344,0.04904691266814609,0.5899604490151109
2024-09-30 20:00:00,16,0.7000371707034532,0.8664371120646949,0.4901878558424767,0.790245594885457,-1.0931506778971762
2024-10-01 00:00:00,16,0.49780214342971263,0.35016746807093185,-0.3051515636063452,0.31559316231628465,0.7000371707034532
2024-10-01 04:00:00,16,-0.7865042527960373,-0.7163407171230296,-0.21545349359676186,-0.02193605499602569,0.49780214342971263
2024-10-01 08:00:00,16,-0.7092889939292508,-0.07261785227147723,0.35417980185843806,0.5113444227256085,-0.7865042527960373
2024-10-01 12:00:00,16,-0.2907443542940982,0.7789873699524806,0.31993222472499633,0.9922699513296838,-0.7092889939292508
2024-10-01 16:00:00,16,2.8788210751661207,2.091680146899767,0.1342935305075355,1.1894059332415736,-0.2907443542940982
2024-10-01 20:00:00,16,-0.007369150798641755,-0.7675348968011949,-1.2715158667283395,-0.7625467393370728,2.8788210751661207
2024-10-02 00:00:00,16,-0.5483771185451438,-0.5635028493719174,0.008607049857920324,-0.757550168442088,-0.007369150798641755
2024-10-02 04:00:00,16,-1.8260556981986227,-0.8125800773040555,0.24856236927438655,-0.385729150679321,-0.5483771185451438
2024-10-02 08:00:00,16,0.17129679915518103,0.6820012640854476,0.8152560040638526,0.8524076446651385,-1.8260556981986227
2024-10-02 12:00:00,16,0.9367776781634802,0.6619610739387615,-0.07063733774064496,0.7362617515426102,0.17129679915518103
2024-10-02 16:00:00,16,1.0357998664701693,0.9535730910236955,-0.4101539803415549,0.1010900459173456,0.9367776781634802
2024-10-02 20:00:00,16,0.19242196286986868,-0.9031474992016483,-0.4540736677417645,-0.6012225552561699,1.0357998664701693
2024-10-03 00:00:00,16,-1.0285776412301217,-0.9123418792439434,-0.08000706186503756,-0.7316921311276037,0.19242196286986868
2024-10-03 04:00:00,16,-0.9786855293672314,-0.5152854030164947,0.4615475315535847,-0.03427647960507052,-1.0285776412301217
2024-10-03 08:00:00,16,0.41191570485902496,0.47714942250281855,0.4394186936211431,0.6293103793150099,-0.9786855293672314
2024-10-03 12:00:00,16,0.23361710686065607,0.35173320388338053,-0.17735995518435035,0.350015508260789,0.41191570485902496
2024-10-03 16:00:00,16,0.7695195925872831,1.1149600538405973,-0.09827850059428836,0.1916140223086149,0.23361710686065607
2024-10-03 20:00:00,16,-1.1143682345276034,-0.385919091412367,-0.3359693661729357,-0.33015019510309074,0.7695195925872831
2024-10-04 00:00:00,16,-0.8563168059715061,0.549807261586689,0.4995985593478208,0.4254348158540022,-1.1143682345276034
2024-10-04 04:00:00,16,1.4085074241311695,0.7899357903899891,0.38514402881109544,1.0060509202757189,-0.8563168059715061
2024-10-04 08:00:00,16,-1.2242823039464916,-0.5894128139552293,-0.6193820668398378,0.051028097010798135,1.4085074241311695
2024-10-04 12:00:00,16,1.5280256038783424,0.7174932734938299,0.5483491641598578,0.8811391225948384,-1.2242823039464916
2024-10-04 16:00:00,16,0.4056448988981618,0.591516482443935,-0.6723924191952129,-0.15492167569107718,1.5280256038783424
2024-10-04 20:00:00,16,-1.333151746546859,-0.7429773296275685,-0.17457864079150456,-0.42996469637497725,0.4056448988981618
2024-10-05 00:00:00,16,0.6310874902255303,1.6778200358225737,0.596636441670167,0.4739640462179846,-1.333151746546859
2024-10-07 04:00:00,16,-0.9289388144895181,-0.7622996032664853,-0.27457004985959094,0.046062179094969125,0.6310874902255303
2024-10-07 08:00:00,16,-0.3268032373673062,0.0865901110929821,0.417354344165952,0.6759188302243633,-0.9289388144895181
2024-10-07 12:00:00,16,0.8595318506149567,0.7575754885144582,0.15028686391752868,0.897504137518828,-0.3268032373673062
2024-10-07 16:00:00,16,0.5924479685007835,1.0519622883965765,-0.3758928449645611,0.31470810776643354,0.8595318506149567
2024-10-07 20:00:00,16,0.2604792041878614,-0.4373382323998854,-0.25743211598371585,-0.08699466058368444,0.5924479685007835
2024-10-08 00:00:00,16,0.037376484331705484,-0.35770961506612114,-0.110192748680494,-0.2636096934357415,0.2604792041878614
2024-10-08 04:00:00,16,-1.1493941185091234,-0.88597269307449,-0.011239151696039219,-0.28895240372511033,0.037376484331705484
2024-10-08 08:00:00,16,-0.12188686315602126,0.020247849713810537,0.5151337227459464,0.4903815190476326,-1.1493941185091234
2024-10-08 12:00:00,16,-0.6388595359982361,0.3804779890643604,0.059399525913344686,0.5730255535595372,-0.12188686315602126
2024-10-08 16:00:00,16,2.15395071279287,1.8948985333542436,0.28869437966227085,1.0061971700422152,-0.6388595359982361
2024-10-08 20:00:00,16,-1.009031574853939,-0.8770675398036588,-0.9500113608643821,-0.454265200025751,2.15395071279287
2024-10-09 00:00:00,16,-1.057914575610388,0.13759631689893143,0.452878190471292,0.22989745816888352,-1.009031574853939
2024-10-09 04:00:00,16,-0.41659595092790447,0.605510271450965,0.47455945352072143,0.9472046923822646,-1.057914575610388
2024-10-09 08:00:00,16,0.04982329212509384,0.8805518145065688,0.19011296731754448,1.2296729523286523,-0.41659595092790447
2024-10-09 12:00:00,16,0.3923504648117859,1.1494372601860408,-0.01675973164649444,1.1958908221854543,0.04982329212509384
2024-10-09 16:00:00,16,1.030637030251805,1.7235348734492564,-0.16868210993088656,0.9298619449539487,0.3923504648117859
2024-10-09 20:00:00,16,0.6820599359881214,-0.02447295303793183,-0.45178377537838077,0.23104994756628727,1.030637030251805
2024-10-10 00:00:00,16,0.12124526666248059,-0.24573883916074096,-0.2971780523911398,-0.23141322056722036,0.6820599359881214
2024-10-10 04:00:00,16,-2.1987866827681675,-0.9054925237046942,-0.048437791370568,-0.3136222276989624,0.12124526666248059
2024-10-10 08:00:00,16,0.32925482567625686,0.8322637572211987,0.9805747937876798,1.1772406740921824,-2.1987866827681675
2024-10-10 12:00:00,16,0.8621356637574671,0.7795225863640073,-0.14069706138231117,0.9539930945596122,0.32925482567625686
2024-10-10 16:00:00,16,0.4405807493554246,1.1814031920778023,-0.37704772410047177,0.3694315782105466,0.8621356637574671
2024-10-10 20:00:00,16,0.95826440341291,0.11934860084527456,-0.19007387127854683,0.07070069194266715,0.4405807493554246
2024-10-11 00:00:00,16,-1.2457919553925159,-0.602641243911542,-0.4196840692271527,-0.5790398492164863,0.95826440341291
2024-10-11 04:00:00,16,-0.1833613119282962,-0.2613367373501876,0.5578894215885359,0.2656555567545418,-1.2457919553925159
2024-10-11 08:00:00,16,-0.665214124302441,-0.1683219231407524,0.08666552174062664,0.38998165883621283,-0.1833613119282962
2024-10-11 12:00:00,16,-0.0037963083930954156,0.5962054578448746,0.3003835303432977,0.8410227113595212,-0.665214124302441
2024-10-11 16:00:00,16,1.3082474845112007,1.5940246736524062,0.00702237349128818,0.8435967561231088,-0.0037963083930954156
2024-10-11 20:00:00,16,-0.05475655535130208,-0.5328060121372604,-0.5749133948969913,-0.043445928055717786,1.3082474845112007
2024-10-12 00:00:00,16,-0.9659790980899121,0.7940792285968126,0.02962496544078086,-0.006318853545534964,-0.05475655535130208
2024-10-14 04:00:00,16,1.7092335090852409,0.06127441503872809,0.433782961880458,0.6486525506994862,-0.9659790980899121
2024-10-14 08:00:00,16,-1.0635207036567227,-1.6870436258290313,-0.7527642498649677,-0.510274256145359,1.7092335090852409
2024-10-14 12:00:00,16,-0.9236576620829311,-0.5768358067399284,0.4770459607927884,0.21083415095690228,-1.0635207036567227
2024-10-14 16:00:00,16,1.4745777751971545,1.3543170459480456,0.4150119745740805,0.8371099753224325,-0.9236576620829311
2024-10-14 20:00:00,16,-0.7145244650417766,-0.8584296797636183,-0.6486865006729179,-0.16271111604395916,1.4745777751971545
2024-10-15 00:00:00,16,0.6441853375141093,-0.13595264465521623,0.3222543331189534,0.3217642656296462,-0.7145244650417766
2024-10-15 04:00:00,16,-1.734546345330843,-1.0912898810761011,-0.28037938783087885,-0.1150184514498056,0.6441853375141093
2024-10-15 08:00:00,16,0.384612863305966,0.4337194651677874,0.7746685131097987,1.0610714430166972,-1.734546345330843
2024-10-15 12:00:00,16,0.3255957913297074,0.3624452054165253,-0.16525022213710766,0.8002889605920522,0.384612863305966
2024-10-15 16:00:00,16,3.1094688720256656,1.121921519697613,-0.13907415597661205,0.5795223486796708,0.3255957913297074
2024-10-15 20:00:00,16,-2.350674877559003,-2.4888772303498095,-1.3738159603825408,-1.5288185021668408,3.1094688720256656
2024-10-16 00:00:00,16,-0.4411196018264061,-0.2586335669917775,1.0479423419005809,0.06503050401010846,-2.350674877559003
2024-10-16 04:00:00,16,0.6227499415430771,-0.3847279011002705,0.20099003537463672,0.36412675321420274,-0.4411196018264061
2024-10-16 08:00:00,16,-0.729220496727141,-1.0399809904238244,-0.27087206521514695,-0.05812193157877665,0.6227499415430771
2024-10-16 12:00:00,16,0.3120206468275093,0.08687631965781602,0.328772519887819,0.43631793124025364,-0.729220496727141
2024-10-16 16:00:00,16,1.0565261909075474,0.6582339366731487,-0.1330531205587456,0.22475579536158286,0.3120206468275093
2024-10-16 20:00:00,16,-1.6075206602036598,-1.1763540768115013,-0.46326649316615964,-0.491610060016324,1.0565261909075474
2024-10-17 00:00:00,16,-0.3461101717110022,0.3439306666743421,0.7183283283695421,0.5983514787461566,-1.6075206602036598
2024-10-17 04:00:00,16,0.41786942115500736,0.18145655195822935,0.1588501418609047,0.833027638548467,-0.3461101717110022
2024-10-17 08:00:00,16,-0.2214108750134347,-0.1440315330043355,-0.18000062959339508,0.5496959162512276,0.41786942115500736
2024-10-17 12:00:00,16,-0.052045861437898466,0.1604595109310783,0.10354178901961336,0.6998211021992677,-0.2214108750134347
2024-10-17 16:00:00,16,0.7540720995627552,1.3802093784067069,0.02842268107047781,0.7351102207925457,-0.052045861437898466
2024-10-17 20:00:00,16,0.1446975268608881,-0.030872764509743994,-0.32911788090124183,0.22382000454540396,0.7540720995627552
2024-10-18 00:00:00,16,-0.27049118855902243,0.0002678869621040034,-0.05883966143985283,0.12570945272678102,0.1446975268608881
2024-10-18 04:00:00,16,0.14225837682284315,-0.22872454230423886,0.1253105669600709,0.30911300043989876,-0.27049118855902243
2024-10-18 08:00:00,16,-0.7459183984086195,-0.5055270795388218,-0.057757815956279455,0.21265628722786722,0.14225837682284315
2024-10-18 12:00:00,16,-0.019989914912898143,0.4516232083599156,0.3361786036618779,0.7184179769206782,-0.7459183984086195
2024-10-18 16:00:00,16,0.9968604740353602,1.426475567225059,0.014204785316292132,0.731971916821788,-0.019989914912898143
2024-10-18 20:00:00,16,-0.9578978989654754,-0.5008525920119898,-0.4368027310705399,0.056061738427303,0.9968604740353602
2024-10-19 00:00:00,16,0.843885277501915,1.7103028105182116,0.4301986769294443,0.7055537753143941,-0.9578978989654754
2024-10-21 04:00:00,17,-0.6213382816245812,-0.7244718923045546,-0.2878948463065766,-0.10937275951520853,0.843885277501915
2024-10-21 08:00:00,17,0.33958298063646275,-0.26801510591445554,0.19556493137189174,0.38651105856346746,-0.6213382816245812
2024-10-21 12:00:00,17,-0.6170587023489951,-0.21583656969647871,-0.1214971148432212,0.11549330547692627,0.33958298063646275
2024-10-21 16:00:00,17,1.2770633898703707,1.3617560438215106,0.19415285713090308,0.6079616344835319,-0.6170587023489951
2024-10-21 20:00:00,17,-0.8457041348828316,-0.4560947430497139,-0.43082470338973855,-0.41124978130373435,1.2770633898703707
2024-10-22 00:00:00,17,0.1469309481967862,0.1760188624514973,0.2695958632793338,0.26369816214844555,-0.8457041348828316
2024-10-22 04:00:00,17,-0.42431005561838475,-0.3239820030505341,-0.05793035863564501,0.14643405378667218,0.1469309481967862
2024-10-22 08:00:00,17,0.18574391863572792,-0.10979408016096208,0.13055422242715853,0.48507163117700536,-0.42431005561838475
2024-10-22 12:00:00,17,0.20341530601857727,0.14340986469109593,-0.07073694363939578,0.33683128242986093,0.18574391863572792
2024-10-22 16:00:00,17,1.0761766350331605,1.0538201825537314,-0.07656772963936677,0.17448757757975208,0.20341530601857727
2024-10-22 20:00:00,17,-1.7100417693561045,-0.6919298074342156,-0.36454084846042956,-0.6843981445617793,1.0761766350331605
2024-10-23 00:00:00,17,-0.2553691720414477,0.6177285591603535,0.5547895308249877,0.6803689504981723,-1.7100417693561045
2024-10-23 04:00:00,17,0.288290688569397,0.45246045929082407,0.07481110970816718,0.884176512009434,-0.2553691720414477
2024-10-23 08:00:00,17,0.5135721334545611,0.13863383576347518,-0.10457289876376774,0.6540946200800697,0.288290688569397
2024-10-23 12:00:00,17,-0.45506825651803773,0.13094120265076611,-0.17890593591763096,0.24421787833098385,0.5135721334545611
2024-10-23 16:00:00,17,1.0571554570058161,1.49463520685105,0.14070308529256384,0.607403265747557,-0.45506825651803773
2024-10-23 20:00:00,17,0.1837110792444765,-0.08875159285391518,-0.3582646905028243,-0.2363018459865618,1.0571554570058161
2024-10-24 00:00:00,17,0.012552863262806468,-0.3790672277360579,-0.07006619542897502,-0.3829198061111381,0.1837110792444765
2024-10-24 04:00:00,17,-0.8077829533060363,-0.883465423668418,-0.013591459863248553,-0.39293811972011916,0.012552863262806468
2024-10-24 08:00:00,17,-0.3956640455573357,-0.396742247474365,0.2570835296492686,0.25174531104633324,-0.8077829533060363
2024-10-24 12:00:00,17,-0.6836310088554622,0.3815793166892972,0.12110229028395286,0.5675207966230857,-0.3956640455573357
2024-10-24 16:00:00,17,1.808680525162881,1.825891789091257,0.21611881058741644,1.1131198122540784,-0.6836310088554622
2024-10-24 20:00:00,17,-0.7635010849039485,-0.3594359994229402,-0.6062351384989058,-0.3303698793149792,1.808680525162881
2024-10-25 00:00:00,17,-0.16983022395898395,0.24421807524538225,0.24247244718372093,0.27897263874049116,-0.7635010849039485
2024-10-25 04:00:00,17,-0.35860729278418013,-0.09237972137909048,0.046586992940994915,0.4145124282119248,-0.16983022395898395
2024-10-25 08:00:00,17,0.33452822309992136,0.19470465633430553,0.10887518040327625,0.7007132930157489,-0.35860729278418013
2024-10-25 12:00:00,17,-0.47434137636036056,0.195551861617653,-0.11982926563371782,0.4337296909558077,0.33452822309992136
2024-10-25 16:00:00,17,2.0227515544340307,1.5829093136998993,0.14706237304500397,0.8122967610021892,-0.47434137636036056
2024-10-25 20:00:00,17,-0.02425013206665838,-0.7734648971999433,-0.6768692281394859,-0.8020408607112248,2.0227515544340307
2024-10-26 00:00:00,17,0.885651050280222,0.052561215487122656,-0.0014480788555802943,-0.7826870748046417,-0.02425013206665838
2024-10-28 04:00:00,17,-3.2934441354724058,-1.8546271714513833,-0.3016757271122382,-1.48951624868082,0.885651050280222
2024-10-28 08:00:00,17,1.253708325339943,0.6796186645167412,1.077243153093055,1.1389483105231122,-3.2934441354724058
2024-10-28 12:00:00,17,-0.45936618618481795,-0.10067331135417236,-0.42311855217805716,0.13837633626605594,1.253708325339943
2024-10-28 16:00:00,17,0.8412996599796383,1.2935464665271348,0.14212121436115321,0.504991858016897,-0.45936618618481795
2024-10-28 20:00:00,17,0.08590947076462285,-0.19601692533648676,-0.2870417054567074,-0.16644091842204745,0.8412996599796383
2024-10-29 00:00:00,17,-0.521850283330652,-0.28591987431655425,-0.03779593632909074,-0.2350044008788057,0.08590947076462285
2024-10-29 04:00:00,17,0.9891566641532172,-0.2742043149093154,0.16273823729011416,0.18147904882403765,-0.521850283330652
2024-10-29 08:00:00,17,-1.3886562386140344,-1.1945702789747739,-0.3358280588569884,-0.6079569119150321,0.9891566641532172
2024-10-29 12:00:00,17,0.15913647515814766,0.17377229250420853,0.44874634289381166,0.5003156313479113,-1.3886562386140344
2024-10-29 16:00:00,17,0.21991576225836162,1.2171744179829016,-0.06195764942989501,0.3733104149774107,0.15913647515814766
2024-10-29 20:00:00,17,1.2336918703767648,0.07666029092397394,-0.08201215950509673,0.197797862364002,0.21991576225836162
2024-10-30 00:00:00,17,-0.7219991006682758,-0.8336510173531039,-0.4165139963025166,-0.7867991809977823,1.2336918703767648
2024-10-30 04:00:00,17,-1.2842728088823279,-0.692110136065398,0.2287786050755888,-0.210578978127554,-0.7219991006682758
2024-10-30 08:00:00,17,0.40915284910190053,0.2731908939889955,0.41430437025620803,0.8143862022860162,-1.2842728088823279
2024-10-30 12:00:00,17,-0.4123552928190044,0.1981499005442717,-0.14445213282114133,0.48784543859779284,0.40915284910190053
2024-10-30 16:00:00,17,2.0080754015927074,1.7551560559234074,0.12660967285369085,0.8169420403288079,-0.4123552928190044
2024-10-30 20:00:00,17,-0.8122090741951844,-0.7664519475561755,-0.67202673871482,-0.7856826917705408,2.0080754015927074
2024-10-31 00:00:00,17,0.13140140081648255,-0.19703734433196443,0.25854395622220827,-0.13746681854770237,-0.8122090741951844
2024-10-31 04:00:00,17,-1.664017713243581,-0.6854531081369979,-0.05280628628698257,-0.2423369517179843,0.13140140081648255
2024-10-31 08:00:00,17,-0.4433365763292194,0.5262205249872596,0.5396036025088427,1.0856988081844534,-1.664017713243581
2024-10-31 12:00:00,17,0.9040863257298621,1.229048962770222,0.13683214323696224,1.4395212599240264,-0.4433365763292194
2024-10-31 16:00:00,17,1.1590629326714517,1.4805753828421533,-0.30775856280977354,0.7179790785804876,0.9040863257298621
2024-10-31 20:00:00,17,0.3691168449979543,-0.046159037232858,-0.39188970644131604,-0.20705736202605607,1.1590629326714517
2024-11-01 00:00:00,17,-0.6934720282799045,-0.40768911909808264,-0.1312420001266007,-0.5016457944917931,0.3691168449979543
2024-11-01 04:00:00,17,0.7654892856703555,-0.4251218124587722,0.21936591716950465,0.05180723952225996,-0.6934720282799045
2024-11-01 08:00:00,17,-1.2323645486485262,-1.0319850947446128,-0.26202759311801604,-0.5591220415193501,0.7654892856703555
2024-11-01 12:00:00,17,0.47992432049201383,0.590971020748193,0.3971769115854843,0.4244156797535119,-1.2323645486485262
2024-11-01 16:00:00,17,1.933432356986863,0.8584495837274184,-0.16780362728157702,0.04139291828428071,0.47992432049201383
2024-11-01 20:00:00,17,-1.6709734839772974,-1.495886523978882,-0.6473977941925937,-1.5016599524847418,1.933432356986863
2024-11-02 00:00:00,17,-0.09447849131994346,0.5748616158095563,0.541898703042518,-0.168072862089522,-1.6709734839772974
2024-11-04 04:00:00,17,-0.39945760263459995,-0.40087671815740294,0.021724212321308705,-0.0926705307225415,-0.09447849131994346
2024-11-04 08:00:00,17,-0.13761620432017985,-0.30687665438893524,0.12235399842757438,0.2261325545099968,-0.39945760263459995
2024-11-04 12:00:00,17,-0.2248449178521028,0.11736242105315625,0.035957773477726995,0.33596265969739747,-0.13761620432017985
2024-11-04 16:00:00,17,1.345609519332248,1.3557444951371176,0.06473943903903094,0.5154091216932066,-0.2248449178521028
2024-11-04 20:00:00,17,-0.3926807039393445,-0.4361076373027029,-0.45344193221051654,-0.5585082689185903,1.345609519332248
2024-11-05 00:00:00,17,0.820940180990986,-0.10786978182984759,0.12011791785396492,-0.2451137582083689,-0.3926807039393445
2024-11-05 04:00:00,17,-1.7850488794953225,-1.3219155969991099,-0.28032396663508263,-0.9002978397357637,0.820940180990986
2024-11-05 08:00:00,17,0.36462372251856756,-0.03987065730514132,0.5795386010718715,0.5243316736861008,-1.7850488794953225
2024-11-05 12:00:00,17,-0.8937202223939682,-0.04154952133488639,-0.12975946595532284,0.2333291569703917,0.36462372251856756
2024-11-05 16:00:00,17,2.456489535557658,1.7127055877734902,0.2854390749507071,0.9465982557551662,-0.8937202223939682
2024-11-05 20:00:00,17,0.15887545456454788,-1.1565265746458144,-0.8199838174583662,-1.0139012756396433,2.456489535557658
2024-11-06 00:00:00,17,0.2475981572182313,-1.2179178758285192,-0.06187152403465056,-1.140698174106065,0.15887545456454788
2024-11-06 04:00:00,17,0.057851109323417305,-1.6282606337712358,-0.09114614075290352,-1.3383037670362068,0.2475981572182313
2024-11-06 08:00:00,17,-0.8100267088926927,-1.9139900246247488,-0.028537902563598824,-1.384474154118065,0.057851109323417305
2024-11-06 12:00:00,17,-0.5191857052362252,-1.0677954307065067,0.25782387099194837,-0.7380000046399999,-0.8100267088926927
2024-11-06 16:00:00,17,0.9322816264153175,0.3162902107247356,0.16185904290021064,-0.3236431278493832,-0.5191857052362252
2024-11-06 20:00:00,17,-0.9509087964017304,-1.4008604153950126,-0.3170617805447479,-1.0676876943980051,0.9322816264153175
2024-11-07 00:00:00,17,-0.5571706146584567,-0.6339760784518804,0.30430880653762216,-0.30877697128695303,-0.9509087964017304
2024-11-07 04:00:00,17,-0.095522628964682,-0.5558214589102142,0.1743924039358172,0.13589527874031582,-0.5571706146584567
2024-11-07 08:00:00,17,-0.04343830809467164,-0.6070780944214642,0.022068732139084467,0.21213092583430715,-0.095522628964682
2024-11-07 12:00:00,17,-0.6003120067526435,-0.2707804249735976,0.004883181148243957,0.24679860156892275,-0.04343830809467164
2024-11-07 16:00:00,17,1.3450899434154913,1.303964435264023,0.18862717903254667,0.7259015616643989,-0.6003120067526435
2024-11-07 20:00:00,17,-0.12464723878454542,-0.7054850179589017,-0.45327049485159776,-0.34760116064672886,1.3450899434154913
2024-11-08 00:00:00,17,-0.45464047893305093,-0.49822868408880533,0.031678581298811015,-0.24812145609700664,-0.12464723878454542
2024-11-08 04:00:00,17,-1.5614710726651477,-0.5964095588927081,0.1405619373736368,0.11472252634194824,-0.45464047893305093
2024-11-08 08:00:00,17,1.287575350109643,0.6018453915363575,0.5057676900660486,1.3609168462992773,-1.5614710726651477
2024-11-08 12:00:00,17,-0.030896844433538462,-0.08689377426134082,-0.4342931911359179,0.33331594102922324,1.287575350109643
2024-11-08 16:00:00,17,1.0984248498929556,0.9832649989031865,0.0007450459158370257,0.3579744010620196,-0.030896844433538462
2024-11-08 20:00:00,17,-0.9497651624789913,-0.7394388281307007,-0.37188178762487456,-0.5186673970471212,1.0984248498929556
2024-11-09 00:00:00,17,3.7534418637966454,0.6873019757112478,0.3039314572938231,0.23933060336059242,-0.9497651624789913
2024-11-11 04:00:00,17,-2.976272781658098,-3.7764677986662263,-1.2479214385568134,-2.7562535050082912,3.7534418637966454
2024-11-11 08:00:00,17,-0.5006005653902754,-1.3110699310461775,0.9725904594846759,-0.3809202054836902,-2.976272781658098
2024-11-11 12:00:00,17,-0.016750942195487895,-0.578939112037788,0.1557267584975474,0.018604058575839133,-0.5006005653902754
2024-11-11 16:00:00,17,1.4482176016186497,0.5609103200103042,-0.003922483969599965,0.031972816654924685,-0.016750942195487895
2024-11-11 20:00:00,17,0.1675921055034184,-1.6398460481987531,-0.48729811773333964,-1.1238350499096406,1.4482176016186497
2024-11-12 00:00:00,17,0.867332342495196,-1.9035543921703502,-0.06474763812574492,-1.257588619606949,0.1675921055034184
2024-11-12 04:00:00,17,-1.5436223974054037,-2.8992207627969524,-0.2956313536526788,-1.9497978174936303,0.867332342495196
2024-11-12 08:00:00,17,0.6383007765338284,-1.65755455744795,0.49987840681013695,-0.7178483453063542,-1.5436223974054037
2024-11-12 12:00:00,17,0.4659789197875508,-1.7190187105521753,-0.22006094033838206,-1.2272697595520405,0.6383007765338284
2024-11-12 16:00:00,17,-0.051069881958103025,-1.051831393297886,-0.16320225414488232,-1.5991628373200122,0.4659789197875508
2024-11-12 20:00:00,17,-0.3402197854469762,-1.936909171425427,0.0074012671975502535,-1.558404479428404,-0.051069881958103025
2024-11-13 00:00:00,17,-0.6548278848437494,-1.677546851759416,0.10280810609646845,-1.2868784988430164,-0.3402197854469762
2024-11-13 04:00:00,17,0.15928125793923975,-1.5095926470157621,0.20661503770278605,-0.7642669660855663,-0.6548278848437494
2024-11-13 08:00:00,17,-0.9839512009224105,-1.6063187970226929,-0.062005421423951795,-0.8913877321339196,0.15928125793923975
2024-11-13 12:00:00,17,0.6439840919858675,-0.5965635440895388,0.3152113568303935,-0.10610619911659036,-0.9839512009224105
2024-11-13 16:00:00,17,1.2125999833722467,-0.21500078812121085,-0.22193618620636238,-0.6200634101239615,0.6439840919858675
2024-11-13 20:00:00,17,0.4555644536238219,-2.009565782320949,-0.409554594825173,-1.5878272311210484,1.2125999833722467
2024-11-14 00:00:00,17,-0.7799415032562695,-2.171313429028254,-0.15976593518536605,-1.951408628444967,0.4555644536238219
2024-11-14 04:00:00,17,-1.5952956676891201,-2.084384666930359,0.24789706716887358,-1.3289451782588628,-0.7799415032562695
2024-11-14 08:00:00,17,1.025288188193759,-0.8371573090931853,0.5169283290610309,-0.05575579004081632,-1.5952956676891201
2024-11-14 12:00:00,17,-0.9916401648096258,-1.4253436926882856,-0.34774988366728454,-0.8740279558297015,1.025288188193759
2024-11-14 16:00:00,17,2.2012797164737457,0.4756432152037104,0.317748379080914,-0.08260993825601659,-0.9916401648096258
2024-11-14 20:00:00,17,-0.6647493046598179,-2.096208077303553,-0.735775724005906,-1.8394290861283373,2.2012797164737457
2024-11-15 00:00:00,17,0.13178582295205388,-1.306094445815313,0.2098886729024485,-1.3088993682458856,-0.6647493046598179
2024-11-15 04:00:00,17,-1.7833661688748812,-1.9280749559223733,-0.05293312880124626,-1.4140763048467289,0.13178582295205388
2024-11-15 08:00:00,17,0.9008533691780389,-0.6673711423168027,0.5789833800631807,0.009210254194465861,-1.7833661688748812
2024-11-15 12:00:00,17,0.2829084847640928,-1.1623695816837585,-0.3066918283540975,-0.7097517371205289,0.9008533691780389
2024-11-15 16:00:00,17,0.1720454572234562,-0.27857854558556655,-0.10279700658750228,-0.9355381464575867,0.2829084847640928
2024-11-15 20:00:00,17,-0.5066478733671822,-1.2415471397353501,-0.06621704968351229,-1.0728458912628671,0.1720454572234562
2024-11-16 00:00:00,17,1.3656882269641901,-0.2931180831806153,0.15772210600056702,-0.668495331677418,-0.5066478733671822
2024-11-18 04:00:00,18,-3.1062707333772597,-1.5708199516245682,-0.4392896952614283,-1.3195881599792454,1.3656882269641901
2024-11-18 08:00:00,18,1.6122929854897894,0.7581899016551704,1.0345311834711177,0.588936487207464,-3.1062707333772597
2024-11-18 12:00:00,18,0.6504315378623424,-0.3447020757126495,-0.5205630801768559,-0.4016728850631761,1.6122929854897894
2024-11-18 16:00:00,18,0.218481320457931,0.12988018055862516,-0.20356296981515368,-0.8013047033651741,0.6504315378623424
2024-11-18 20:00:00,18,0.013019214119493583,-0.6349073143591558,-0.061205391261911324,-0.9355418709640544,0.218481320457931
2024-11-19 00:00:00,18,-0.8718750455247388,-0.6056158779451429,0.00650863402217462,-0.943541009856574,0.013019214119493583
2024-11-19 04:00:00,18,-1.016795079553905,-0.43534830725627655,0.29814271360564865,-0.40785202570874457,-0.8718750455247388
2024-11-19 08:00:00,18,0.5701315561505815,0.2935849004954532,0.34590392380300433,0.21687731601122984,-1.016795079553905
2024-11-19 12:00:00,18,0.7419628717230342,0.3505782643897133,-0.1770985521721978,-0.1334173686601421,0.5701315561505815
2024-11-19 16:00:00,18,-0.37349344805633145,0.7457453294004209,-0.23372889756593668,-0.5892869787250863,0.7419628717230342
2024-11-19 20:00:00,18,0.015433618228653856,0.02392536676243874,0.1338913842801813,-0.3598087675959327,-0.37349344805633145
2024-11-20 00:00:00,18,-0.5022934592864026,-0.10681538274697051,0.005712920282997915,-0.36929134117464724,0.015433618228653856
2024-11-20 04:00:00,18,-0.6173424550921105,-0.25997033187139046,0.1763399280649774,-0.06067708007110717,-0.5022934592864026
2024-11-20 08:00:00,18,-0.4757128857321682,0.14248831742174578,0.21425655780138242,0.31862446587529103,-0.6173424550921105
2024-11-20 12:00:00,18,1.1246016839925783,0.8257460525281374,0.1675797841056228,0.6109073495430142,-0.4757128857321682
2024-11-20 16:00:00,18,0.7260146804797838,0.8919376863943158,-0.3598349453936248,-0.08005947736776875,1.1246016839925783
2024-11-20 20:00:00,18,-0.27145698417665365,-0.26414721922240963,-0.22847286157795718,-0.5261303549079734,0.7260146804797838
2024-11-21 00:00:00,18,-0.7651542354244221,-0.214118023486782,0.10026328702089293,-0.3593443953374642,-0.27145698417665365
2024-11-21 04:00:00,18,1.7884402952061578,-0.20204160598082505,0.26297079912343513,0.11077422681466764,-0.7651542354244221
2024-11-21 08:00:00,18,-1.8572528601088365,-1.5068785669734672,-0.5786158452167055,-0.9880618619868295,1.7884402952061578
2024-11-21 12:00:00,18,0.534091979057143,0.09697530394971483,0.6228930991644206,0.15305337355539983,-1.8572528601088365
2024-11-21 16:00:00,18,0.357954117694101,0.8058821466261191,-0.16522100999167982,-0.17509822473977898,0.534091979057143
2024-11-21 20:00:00,18,0.11862193012882827,0.07178621964262974,-0.10717135884006711,-0.3950289116694403,0.357954117694101
2024-11-22 00:00:00,18,-0.48789968387985283,-0.3212440033644631,-0.028294790849492258,-0.4679114440627412,0.11862193012882827
2024-11-22 04:00:00,18,-0.9912185767993442,-0.5135253337715451,0.1715961799881077,-0.1681408664264188,-0.48789968387985283
2024-11-22 08:00:00,18,0.2971567991640143,0.37665665152848116,0.3374746908652866,0.4408740092711927,-0.9912185767993442
2024-11-22 12:00:00,18,0.4919406681272225,0.4198805403945219,-0.08713442240678791,0.25829781937578566,0.2971567991640143
2024-11-22 16:00:00,18,0.6407447854400932,0.9142142420100932,-0.151329227293003,-0.04395558049239412,0.4919406681272225
2024-11-22 20:00:00,18,-1.1389226561447146,-0.43308562327618705,-0.20037051252884308,-0.43763575860076465,0.6407447854400932
2024-11-23 00:00:00,18,1.1219348414011936,0.9988427156345093,0.38615343723655343,0.2621300207098658,-1.1389226561447146
2024-11-25 04:00:00,18,-1.7853693196121991,-0.6021308744327547,-0.3589560356526517,-0.4271982707181161,1.1219348414011936
2024-11-25 08:00:00,18,0.2624017888213288,0.26592426804412284,0.5992024830919799,0.6697509791324165,-1.7853693196121991
2024-11-25 12:00:00,18,0.2582133776528419,0.31562684994803175,-0.0756802341331763,0.5085286246060612,0.2624017888213288
2024-11-25 16:00:00,18,2.2835316025101253,1.2303635389083725,-0.07429986193307873,0.34987967292631517,0.2582133776528419
2024-11-25 20:00:00,18,-0.8452879401075268,-0.9232160863293487,-0.7417827955520155,-1.0531456008179196,2.2835316025101253
2024-11-26 00:00:00,18,0.7835532271744654,-0.4967876044787319,0.2893804169440625,-0.5337920073496178,-0.8452879401075268
2024-11-26 04:00:00,18,-2.3778482558943796,-1.1738262160263098,-0.24743580649820182,-1.0152151590332652,0.7835532271744654
2024-11-26 08:00:00,18,1.7392689325646238,0.35750557824110646,0.7944654169081826,0.4457592354008808,-2.3778482558943796
2024-11-26 12:00:00,18,0.07452637340628243,-0.857809769527242,-0.5624104682131363,-0.6228654630898003,1.7392689325646238
2024-11-26 16:00:00,18,0.4986743272515497,0.17435660022802618,-0.013762244210902084,-0.6686552324692023,0.07452637340628243
2024-11-26 20:00:00,18,-0.8377016631891081,-1.1249806348212767,-0.15354843536170665,-0.9750458616736548,0.4986743272515497
2024-11-27 00:00:00,18,-0.17111932789676665,-0.5543855996206352,0.28688021213150344,-0.4603533546726757,-0.8377016631891081
2024-11-27 04:00:00,18,-0.3225689991584062,-0.9754675200238077,0.06719506478096968,-0.35521588182080777,-0.17111932789676665
2024-11-27 08:00:00,18,-0.8612945590349987,-0.6923826417841056,0.11710824367238373,-0.15702617520665552,-0.3225689991584062
2024-11-27 12:00:00,18,0.7193989513547816,0.11784193163669028,0.2946557089094929,0.3721620493557598,-0.8612945590349987
2024-11-27 16:00:00,18,0.6556120921071162,0.7342973649051672,-0.22629251962962169,-0.0698440562511724,0.7193989513547816
2024-11-27 20:00:00,18,-0.5350276762305413,-0.4638732994421948,-0.2052703220241219,-0.47265886029745907,0.6556120921071162
2024-11-28 00:00:00,18,-0.23990485331839473,-0.25501415538510575,0.18712812464931025,-0.1439323600471658,-0.5350276762305413
2024-11-28 04:00:00,18,-0.12986000791081587,-0.519164030522603,0.08986466985114752,0.003467646210518538,-0.23990485331839473
2024-11-28 08:00:00,18,-0.1333987835421695,-0.46958190634068075,0.05359725501194659,0.08325496903417662,-0.12986000791081587
2024-11-28 12:00:00,18,-0.20975778033677095,-0.2714886820066612,0.05476352721097426,0.16521655195716622,-0.1333987835421695
2024-11-28 16:00:00,18,0.5802346288400404,0.9512086431180727,0.0799291167776465,0.2940938868946299,-0.20975778033677095
2024-11-28 20:00:00,18,0.3525348324546833,0.5904447833601676,-0.18042821588358843,-0.062408229419117056,0.5802346288400404
2024-11-29 04:00:00,18,-1.3927104207110546,-0.873481736638789,-0.10538532819790507,-0.279009251829061,0.3525348324546833
2024-11-29 08:00:00,18,0.5791530229057607,0.06670743984320464,0.4697941212190765,0.5766863370196642,-1.3927104207110546
2024-11-29 12:00:00,18,-0.011036000511374766,-0.06836864133151836,-0.1800717516533396,0.22084877050253926,0.5791530229057607
2024-11-29 16:00:00,18,1.0573569045131759,1.0343826437909318,0.014436496929632836,0.22762940258203024,-0.011036000511374766
2024-11-29 20:00:00,18,-0.02017574497366148,-0.5274718309548254,-0.3376731230554918,-0.4220215410568713,1.0573569045131759
2024-11-30 00:00:00,18,-0.5376742633736917,0.4512937936017533,0.017448677124991742,-0.40962535609339223,-0.02017574497366148
2024-12-02 04:00:00,18,0.014027316400841983,-0.3103615775103708,0.1880003588141476,-0.07927276551576323,-0.5376742633736917
2024-12-02 08:00:00,18,0.3832527318048147,-0.5594361849555037,0.006176394347498415,-0.0878912928054909,0.014027316400841983
2024-12-02 12:00:00,18,-0.7026141030345308,-0.7901781318625065,-0.11550900818122312,-0.32336570812017484,0.3832527318048147
2024-12-02 16:00:00,18,1.9388249016121861,0.9131922901894824,0.24235948455361594,0.10832761425950199,-0.7026141030345308
2024-12-02 20:00:00,18,-1.1690463556257722,-1.1241520653389145,-0.6281780113114179,-1.0829063215163082,1.9388249016121861
2024-12-03 00:00:00,18,-1.3076128428272895,-0.31206217530036146,0.3960812871192495,-0.3646322318043058,-1.1690463556257722
2024-12-03 04:00:00,18,-0.23868567357856385,0.23184346711849296,0.44174856263347495,0.43877853104328235,-1.3076128428272895
2024-12-03 08:00:00,18,0.37578012892469914,0.3064464855421701,0.08946286550289087,0.5854294607450132,-0.23868567357856385
2024-12-03 12:00:00,18,1.5635386417842234,0.1189782092869487,-0.11304626685446677,0.35454628940082245,0.37578012892469914
2024-12-03 16:00:00,18,-0.05303426088855723,0.06198322393659303,-0.5044951398582177,-0.6061079132770111,1.5635386417842234
2024-12-03 20:00:00,18,-1.5041246368133088,-0.6292792481839066,0.02827783884785366,-0.5735231186023073,-0.05303426088855723
2024-12-04 00:00:00,18,1.3780355628939773,0.40051847318871214,0.5065128387509978,0.3506265091018639,-1.5041246368133088
2024-12-04 04:00:00,18,-1.9835883378158066,-1.1244200716062942,-0.44335899948613783,-0.4960526963592491,1.3780355628939773
2024-12-04 08:00:00,18,0.11737265970272936,0.46973371745774384,0.6645294080886344,0.7226843544443007,-1.9835883378158066
2024-12-04 12:00:00,18,-0.7881804827983778,0.5179529309927012,-0.027883069531498075,0.6505693866336983,0.11737265970272936
2024-12-04 16:00:00,18,2.595892252909982,2.014530729758116,0.27055954589851855,1.1348355717053167,-0.7881804827983778
2024-12-04 20:00:00,18,0.5527853358837529,-0.6534896527598341,-0.844727310995117,-0.46010729431241604,2.595892252909982
2024-12-05 00:00:00,18,-0.17372270352380426,-1.012449543584608,-0.17138176858293303,-0.7997442830659631,0.5527853358837529
2024-12-05 04:00:00,18,1.3647783592185956,-1.4169214862761614,0.06805305775191109,-0.6930072694861424,-0.17372270352380426
2024-12-05 08:00:00,18,-2.2493040628306247,-2.2477659609770084,-0.4389898306847999,-1.5315411128268925,1.3647783592185956
2024-12-05 12:00:00,18,-0.8236817988576135,-0.40604754994654657,0.752101182965677,-0.14954559105790288,-2.2493040628306247
2024-12-05 16:00:00,18,1.983339840780749,1.2701189065722942,0.2822596937072519,0.35653296728130535,-0.8236817988576135
2024-12-05 20:00:00,18,-0.027507846212579068,-0.8111761940746487,-0.6428487735755528,-0.8620514043912646,1.983339840780749
2024-12-06 00:00:00,18,1.1469042268096228,-0.8364317740220687,0.019865113408671864,-0.8451503011089212,-0.027507846212579068
2024-12-06 04:00:00,18,-2.5035042355829624,-2.2337031692190314,-0.3671851812844472,-1.5498200394253008,1.1469042268096228
2024-12-06 08:00:00,18,-0.2628542233815736,-0.4009069139790024,0.8358777840709809,-0.011641320292349988,-2.5035042355829624
2024-12-06 12:00:00,18,0.5730242449184679,0.49200435510056756,0.0974280802162306,0.14985901467537044,-0.2628542233815736
2024-12-06 16:00:00,18,1.1074501256825666,0.902694159596809,-0.17805189390444406,-0.20221296768960872,0.5730242449184679
2024-12-06 20:00:00,18,-0.5288382389176416,-0.7430797119555571,-0.354182316430732,-0.8826417009884642,1.1074501256825666
2024-12-07 00:00:00,18,-0.2900591023539718,0.3251025330156533,0.18508827544222778,-0.5577180546030833,-0.5288382389176416
2024-12-09 04:00:00,18,-1.4615846274619564,-0.8005785676424284,0.10639397614427622,-0.37950276253756243,-0.2900591023539718
2024-12-09 08:00:00,18,1.553829859724873,0.2536688870292291,0.49249295294267326,0.5185098464366487,-1.4615846274619564
2024-12-09 12:00:00,18,-0.41114826660333925,-0.8316886554575084,-0.5012954222773922,-0.4361791808122266,1.553829859724873
2024-12-09 16:00:00,18,1.2724334452238146,0.5968747430673779,0.1463012606345091,-0.18356546236553406,-0.41114826660333925
2024-12-09 20:00:00,18,-0.570441963853602,-1.0541631649432583,-0.4085557718087592,-0.9653616419516,1.2724334452238146
2024-12-10 00:00:00,18,-1.321936505626427,-0.653260575559254,0.19879959054762908,-0.6148762395988863,-0.570441963853602
2024-12-10 04:00:00,18,1.5126808751277228,-0.138243251641329,0.44646920373964505,0.19733512880970672,-1.321936505626427
2024-12-10 08:00:00,18,-1.3113189584237919,-1.247443952800141,-0.4877339756774231,-0.7320715396072384,1.5126808751277228
2024-12-10 12:00:00,18,-0.16913967708011945,-0.1023794739939967,0.4429699849661845,0.0736162987332376,-1.3113189584237919
2024-12-10 16:00:00,18,2.4253349310737775,1.0591351249873413,0.06654263242815761,0.17753745378775587,-0.16913967708011945
2024-12-10 20:00:00,18,-1.964176802158466,-1.5725615861312512,-0.788516834966126,-1.312613241674824,2.4253349310737775
2024-12-11 00:00:00,18,0.3370190239653841,-0.12246392894457765,0.6581319597234406,-0.10580283778060462,-1.964176802158466
2024-12-11 04:00:00,18,-0.03865700813224748,-0.9171247926084296,-0.10027179233929359,-0.3128707880714092,0.3370190239653841
2024-12-11 08:00:00,18,-0.48004554947973155,-0.8396634272089201,0.023539536131084886,-0.2891195251778891,-0.03865700813224748
2024-12-11 12:00:00,18,-0.8592631353305578,-0.24954843462928478,0.16900769754318237,0.005825391602835239,-0.48004554947973155
2024-12-11 16:00:00,18,1.8228944687346331,1.594965798128894,0.2939862137965662,0.5337654885738115,-0.8592631353305578
2024-12-11 20:00:00,18,-0.8299583696671764,-0.7251569924270252,-0.5899708868787747,-0.5862395983677953,1.8228944687346331
2024-12-12 00:00:00,18,-0.8296348055624545,-0.14704562839907398,0.2843282594494721,-0.07630465044826185,-0.8299583696671764
2024-12-12 04:00:00,18,1.3800308411207531,-0.006272249248263655,0.28422162261819156,0.4334314963615773,-0.8296348055624545
2024-12-12 08:00:00,18,-1.7516278557983114,-1.0878844482715924,-0.444016582155295,-0.41447362853819847,1.3800308411207531
2024-12-12 12:00:00,18,0.6876711644706646,0.35368189759455176,0.5880823287504674,0.6617445193420455,-1.7516278557983114
2024-12-12 16:00:00,18,1.6028634500888401,1.122944904428077,-0.21583601160696803,0.2392322919146208,0.6876711644706646
2024-12-12 20:00:00,18,-0.24895810334099977,-0.6421400601034852,-0.5174553937526483,-0.7455834769424925,1.6028634500888401
2024-12-13 00:00:00,18,-0.9187655814990396,-0.6541851114862469,0.09284834412500143,-0.5926210608730598,-0.24895810334099977
2024-12-13 04:00:00,18,-1.629055445544326,-0.44283079948950643,0.31359639990884486,-0.0281220497481387,-0.9187655814990396
2024-12-13 08:00:00,18,0.9230637516557252,0.7970172837101702,0.5476862117487359,0.9727863501693221,-1.629055445544326
2024-12-13 12:00:00,18,-0.3156426053545953,0.2949136438664604,-0.29341420782228494,0.4056464991479647,0.9230637516557252
2024-12-13 16:00:00,18,1.8505002788271803,1.6220448562701806,0.11482551614896282,0.5995805582589373,-0.3156426053545953
2024-12-13 20:00:00,18,-1.5215583743135443,-0.5161320248005073,-0.5990689174397741,-0.5373858219791812,1.8505002788271803
2024-12-14 00:00:00,18,2.7890618317254905,1.425283291687121,0.5122584653432928,0.3974752731300244,-1.5215583743135443
2024-12-16 04:00:00,19,-2.5416404967608077,-1.6827847284181774,-1.1564309780310802,-1.3389227919829354,2.7890618317254905
2024-12-16 08:00:00,19,-0.7495626561291537,0.20094594282936074,1.0643691890215292,0.42293294572772844,-2.5416404967608077
2024-12-16 12:00:00,19,1.1238712604731056,0.7965998353730138,0.31777961740383015,0.942526990659676,-0.7495626561291537
2024-12-16 16:00:00,19,0.3342509910493501,0.9720154548356015,-0.4627033468613571,0.1634636135864067,1.1238712604731056
2024-12-16 20:00:00,19,0.3857657630515643,0.10205782875924696,-0.13374316147011048,-0.06823793002934053,0.3342509910493501
2024-12-17 00:00:00,19,-1.3607768481422085,-0.1346947339847001,-0.15520450131211222,-0.33564932196731334,0.3857657630515643
2024-12-17 04:00:00,19,-0.24299336320203935,0.3952214827304681,0.5724148410729333,0.6076361272135067,-1.3607768481422085
2024-12-17 08:00:00,19,0.2622152504700761,0.6457073275980268,0.10674003930836577,0.7760782226745846,-0.24299336320203935
2024-12-17 12:00:00,19,0.17121147377422474,0.6180957133624804,-0.10373267225983844,0.5943115864627675,0.2622152504700761
2024-12-17 16:00:00,19,1.9877410351071703,1.5438747127893644,-0.06581999396066326,0.4756284297317297,0.17121147377422474
2024-12-17 20:00:00,19,-1.073049103192087,-1.0225042542996516,-0.8225962880910733,-0.9022662616102473,1.9877410351071703
2024-12-18 00:00:00,19,-0.05654292723880694,-0.10599955655671307,0.4525458660907294,-0.15843261491092875,-1.073049103192087
2024-12-18 04:00:00,19,-0.33517992268110675,-0.5249186226472394,0.029063753179712798,-0.11923726808292123,-0.05654292723880694
2024-12-18 08:00:00,19,-0.13062678009188744,-0.15873763745118957,0.14514547147761103,0.11310820748442829,-0.33517992268110675
2024-12-18 12:00:00,19,-0.41244655946944775,-0.049992577086794596,0.05992749732705119,0.20365820552579983,-0.13062678009188744
2024-12-18 16:00:00,19,0.6919418376540598,1.4381916458494162,0.17733518107181878,0.4895646262908038,-0.41244655946944775
2024-12-18 20:00:00,19,1.5983302228591665,-0.03285890164683489,-0.2827591527866795,0.00991311838221165,0.6919418376540598
2024-12-19 00:00:00,19,-0.8489901936399136,-0.5953709908224953,-0.6603655830916388,-1.098043446478031,1.5983302228591665
2024-12-19 04:00:00,19,0.12075416527072669,-0.6972463089094835,0.35920168119710627,-0.5095266024039429,-0.8489901936399136
2024-12-19 08:00:00,19,-1.5069616531950825,-0.6788002379694831,-0.04479919927948421,-0.5932329405764074,0.12075416527072669
2024-12-19 12:00:00,19,0.4897689345183842,0.3273711789436749,0.633316241953474,0.45138727167447,-1.5069616531950825
2024-12-19 16:00:00,19,1.6354171060568508,1.196968332497131,-0.19853279959904752,0.11188126815690858,0.4897689345183842
2024-12-19 20:00:00,19,0.44589736372584987,-0.896563490922074,-0.675816184405606,-1.021783786176539,1.6354171060568508
2024-12-20 00:00:00,19,-0.8289596771887862,-1.1802994765336494,-0.1802556597887316,-1.3308781800184937,0.44589736372584987
2024-12-20 04:00:00,19,-0.49500477679049304,-1.0724700580794357,0.35085685690573654,-0.7562464154368449,-0.8289596771887862
2024-12-20 08:00:00,19,0.6071944457042804,-0.5975150252290414,0.21172939247589198,-0.41311094553305683,-0.49500477679049304
2024-12-20 12:00:00,19,0.668280227413188,-1.0490119084898921,-0.24745291908580314,-0.8340158765937336,0.6071944457042804
2024-12-20 16:00:00,19,-0.8146715483333615,-0.3626807929264031,-0.27290159467564856,-1.2972652443021353,0.668280227413188
2024-12-20 20:00:00,19,-0.3313446933806201,-0.6986821420724715,0.3449043431479468,-0.7325379574926822,-0.8146715483333615
2024-12-21 00:00:00,19,0.3615133475555883,0.3131968541237474,0.14354769367154388,-0.5028510486097675,-0.3313446933806201
2024-12-23 04:00:00,19,-0.41868356415727703,-1.1901923386809428,-0.14510081045376583,-0.7534507563424473,0.3615133475555883
2024-12-23 08:00:00,19,-0.7419794007863683,-0.8098888746593434,0.17993355183032486,-0.4632208671288627,-0.41868356415727703
2024-12-23 12:00:00,19,0.12962500503168606,-0.20606438074132105,0.3146203911528977,0.051116493408404295,-0.7419794007863683
2024-12-23 16:00:00,19,1.1886880470818664,0.8692104918641069,-0.04849484034309423,-0.038739077887736784,0.12962500503168606
2024-12-23 20:00:00,19,-0.3255673928806164,-0.7842417573287349,-0.4897063797936844,-0.8627332103263505,1.1886880470818664
2024-12-24 00:00:00,19,-0.2533655734427782,-0.4597508096979896,0.1411408382283204,-0.6370511046590686,-0.3255673928806164
2024-12-24 04:00:00,19,-1.429674465168647,-0.7128979936841445,0.11106115964409433,-0.46141903164267717,-0.2533655734427782
2024-12-24 08:00:00,19,0.11011375824648795,0.4607258403879623,0.6011179705994492,0.529625989368748,-1.429674465168647
2024-12-24 12:00:00,19,0.7846082339111398,0.3120907021291043,-0.040366346675679725,0.45329554176425546,0.11011375824648795
2024-12-24 16:00:00,19,0.050524911013535956,0.914032156351147,-0.3213644876199835,-0.09059196732018293,0.7846082339111398
2024-12-24 20:00:00,19,0.5833950385481632,-0.14609060364396564,-0.015541302294146993,-0.12561564768724054,0.050524911013535956
2024-12-25 00:00:00,19,0.16378336558188877,0.21776612340952706,-0.23753795401532504,-0.5300229182386698,0.5833950385481632
2024-12-26 04:00:00,19,-2.038747817036782,-0.9680005641344321,-0.06272540287343051,-0.643556938002587,0.16378336558188877
2024-12-26 08:00:00,19,1.4049804200094123,0.5215448787182738,0.8548613083858865,0.7696954648329601,-2.038747817036782
2024-12-26 12:00:00,19,-0.6388086239320678,-0.57595809634392,-0.5798149824374371,-0.20423173593341737,1.4049804200094123
2024-12-26 16:00:00,19,0.9710065559943093,1.0399348855094226,0.2716388730800176,0.23858802587323602,-0.6388086239320678
2024-12-26 20:00:00,19,-0.6343671228549255,-0.5454997268499728,-0.3990190628170523,-0.4345101066964716,0.9710065559943093
2024-12-27 00:00:00,19,-0.15420231440016252,0.00754956908735588,0.2697885190879419,0.005230823085438985,-0.6343671228549255
2024-12-27 04:00:00,19,-0.9228971197595204,-0.3051393344885592,0.06974919572697647,0.1121232938107184,-0.15420231440016252
2024-12-27 08:00:00,19,2.738863687570216,0.41137128546030455,0.3899917166856147,0.7518721441446772,-0.9228971197595204
2024-12-27 12:00:00,19,-2.518448030267969,-1.5257776236749336,-1.1355181526553253,-1.1466979757848748,2.738863687570216
2024-12-27 16:00:00,19,1.9712673510907486,1.5389868480656415,1.054707078798938,0.5990808304265673,-2.518448030267969
2024-12-27 20:00:00,19,-1.7634376750694667,-0.7852227332664025,-0.8157332599268221,-0.7673943644356536,1.9712673510907486
2024-12-28 00:00:00,19,1.8112797996831347,1.18737174494152,0.7401655757044657,0.4550140721138547,-1.7634376750694667
2024-12-30 04:00:00,19,-1.7692542723063873,-1.1945494285767968,-0.7490815583313857,-0.8005583472500142,1.8112797996831347
2024-12-30 08:00:00,19,-0.9552314576798615,0.09182338941445195,0.7425888023863239,0.4258821328669775,-1.7692542723063873
2024-12-30 12:00:00,19,1.3418370725124475,0.9064199645468266,0.4034623812678968,1.0880450259668688,-0.9552314576798615
2024-12-30 16:00:00,19,1.6930950947602685,1.1132441673965767,-0.5535091135240364,0.15788855879856278,1.3418370725124475
2024-12-30 20:00:00,19,-0.4307770413334513,-0.8740228922600345,-0.6998451545214784,-1.0157586627478477,1.6930950947602685
2024-12-31 00:00:00,19,1.1135885850020397,-0.19432089283178733,0.18497176152167732,-0.7171456201422437,-0.4307770413334513
2024-12-31 16:00:00,19,-1.716633317356946,-0.5891189015540216,-0.4584195272074513,-1.4890810848294755,1.1135885850020397
2024-12-31 20:00:00,19,-0.4716492633321252,-0.2984203587186224,0.7206666205909334,-0.29911725493884056,-1.716633317356946
2025-01-01 00:00:00,19,0.26105337872602163,0.7645017148669615,0.20199935598280738,0.02782825991573823,-0.4716492633321252
2025-01-02 04:00:00,19,-0.4185190607856981,-0.5996942180663218,-0.10324863004470643,-0.15313297112514412,0.26105337872602163
2025-01-02 08:00:00,19,-0.8470674866594479,-0.13329850531913157,0.17986501881299038,0.13698288496319755,-0.4185190607856981
2025-01-02 12:00:00,19,-0.3743933356266371,0.46839259704649994,0.35840067080104765,0.7241669157107022,-0.8470674866594479
2025-01-02 16:00:00,19,2.075538670935291,1.8562436650971186,0.16148199688342288,0.983694983261989,-0.3743933356266371
2025-01-02 20:00:00,19,-1.3323826266157663,-0.6556292107355384,-0.859173270315718,-0.4550607026377733,2.075538670935291
2025-01-03 00:00:00,19,-0.14055637912798424,0.40454764507271956,0.5605856508417922,0.4685419778045308,-1.3323826266157663
2025-01-03 04:00:00,19,-1.2011142659617136,0.06476893439608422,0.06406422337913052,0.5659751369606276,-0.14055637912798424
2025-01-03 08:00:00,19,0.6640413604035462,1.0233765828921697,0.5058985234605823,1.3985830781024813,-1.2011142659617136
2025-01-03 12:00:00,19,-0.20280685266108556,0.5755971739051108,-0.2711356591603936,0.9382720772370092,0.6640413604035462
2025-01-03 16:00:00,19,1.0380749776935865,1.8413134051885527,0.08999811604514092,1.0788570330808263,-0.20280685266108556
2025-01-03 20:00:00,19,-0.22934036882554487,0.24031072687880767,-0.42696013942111843,0.35926732007688145,1.0380749776935865
2025-01-04 00:00:00,19,0.001966445658746707,1.1050443825806926,0.10105212609849479,0.5182452106239221,-0.22934036882554487
2025-01-06 04:00:00,19,-0.3082034738889927,0.07752835480891052,0.0046884237956900466,0.5168820778082566,0.001966445658746707
2025-01-06 08:00:00,19,-0.056174331334338135,0.37520219329872895,0.1339069332339975,0.7305275794225565,-0.3082034738889927
2025-01-06 12:00:00,19,0.6188711966771585,0.4898005352369821,0.028910194080784143,0.7694674169407243,-0.056174331334338135
2025-01-06 16:00:00,19,1.5313669117471278,1.2739017263976888,-0.2523175183286881,0.3404682055419741,0.6188711966771585
2025-01-06 20:00:00,19,-1.8343903064939795,-0.6588961580788136,-0.6324682961414145,-0.7210696411521047,1.5313669117471278
2025-01-07 00:00:00,19,0.5096993248807813,0.6536402983291395,0.7697248356313138,0.550522895564308,-1.8343903064939795
2025-01-07 04:00:00,19,-2.0328111103114903,-0.10006456261217839,-0.20683591080631006,0.19720121958655668,0.5096993248807813
2025-01-07 08:00:00,19,0.31917398375691697,1.4600990533704985,0.8523880434247544,1.6063383194040757,-2.0328111103114903
2025-01-07 12:00:00,19,1.745741751516242,1.2397442457053005,-0.12746199657842974,1.3850881011585106,0.31917398375691697
2025-01-07 16:00:00,19,1.59218940114277,0.9321271218934307,-0.7217780438320746,0.17494641298906366,1.745741751516242
2025-01-07 20:00:00,19,-1.3947066008048985,-1.1195529202578671,-0.6578072826926957,-0.9287533571006046,1.59218940114277
2025-01-08 00:00:00,19,-0.6506902504645513,-0.11582043822324882,0.5865501642889179,0.038052070410767413,-1.3947066008048985
2025-01-08 04:00:00,19,-0.5672018387461257,-0.0676682125001514,0.27658882461777096,0.48910813153129773,-0.6506902504645513
2025-01-08 08:00:00,19,1.424292162569735,0.4984964696473385,0.2418070890666347,0.8822903362170074,-0.5672018387461257
2025-01-08 12:00:00,19,0.31788570955844797,-0.5652968142890078,-0.5878603615378342,-0.10502369265446987,1.424292162569735
2025-01-08 16:00:00,19,0.7561478059198254,0.4546039167656249,-0.12692529439945402,-0.3253808840179042,0.31788570955844797
2025-01-08 20:00:00,19,-0.4229585659593731,-1.049837531391774,-0.3095077154082349,-0.8495397302886589,0.7561478059198254
2025-01-09 00:00:00,19,-0.30197629706540496,-0.6653589228164958,0.1817145413006075,-0.5563464257284334,-0.4229585659593731
2025-01-09 04:00:00,19,-0.7763407679518579,-0.9262022525672354,0.13131265681826357,-0.3470175799237811,-0.30197629706540496
2025-01-09 08:00:00,19,0.29083127485083615,-0.13692780450095068,0.3289355273655296,0.19113895251181567,-0.7763407679518579
2025-01-09 12:00:00,19,0.2396182979810888,-0.3832013990567826,-0.11565426679074506,-0.010464205352045397,0.29083127485083615
2025-01-09 16:00:00,19,-0.025280008603765225,0.5359008727250268,-0.09431865647541686,-0.17656671815685954,0.2396182979810888
2025-01-09 20:00:00,19,-0.6011822240372329,0.4462407660047971,0.01603944781637661,-0.1590427102317875,-0.025280008603765225
2025-01-10 04:00:00,19,-0.3081396396266136,-0.3638691441625407,0.2559635061165493,0.2576945711341452,-0.6011822240372329
2025-01-10 08:00:00,19,0.07846529698770333,0.039981446401427034,0.1338803395261107,0.47129582307522,-0.3081396396266136
2025-01-10 12:00:00,19,1.6132380980412808,-0.0697801352525441,-0.02718142211613768,0.41690397108626165,0.07846529698770333
2025-01-10 16:00:00,19,1.2104242432774281,0.15861611435297474,-0.6665762866077439,-0.7013866773944448,1.6132380980412808
2025-01-10 20:00:00,19,-2.4606571828986468,-1.7475194476853797,-0.4987617997304227,-1.5404482601793852,1.2104242432774281
2025-01-11 00:00:00,19,0.775492212586192,0.6560190305589537,1.030631091136662,0.1652701456117125,-2.4606571828986468
2025-01-13 04:00:00,20,-1.4768413408081678,-1.0370361672822674,-0.30647785579455755,-0.26155884271142416,0.775492212586192
2025-01-13 08:00:00,20,-0.3514201624889459,0.35699212727524765,0.5930058831687469,0.7652026132505814,-1.4768413408081678
2025-01-13 12:00:00,20,1.7366083274946238,0.7350096124768916,0.14356177314450716,1.009524510072687,-0.3514201624889459
2025-01-13 16:00:00,20,0.6664770131665776,0.47920772115137644,-0.6903056930670927,-0.19783774713387992,1.7366083274946238
2025-01-13 20:00:00,20,-0.47372229304254354,-0.7405787190350906,-0.26294194210628147,-0.6612002556817842,0.6664770131665776
2025-01-14 00:00:00,20,-0.5650466936943648,-0.4700805086377998,0.19240390734249946,-0.3318488366188195,-0.47372229304254354
2025-01-14 04:00:00,20,-0.6039017258340262,-0.6269742548616661,0.2288748879541799,0.060995099877878545,-0.5650466936943648
2025-01-14 08:00:00,20,0.8995359551289486,0.16846864148367469,0.244391892322317,0.4808526689624486,-0.6039017258340262
2025-01-14 12:00:00,20,-1.3665542145206402,-0.3207386732551398,-0.35601551382447566,-0.1445420985438215,0.8995359551289486
2025-01-14 16:00:00,20,1.764673352258523,1.4696888356544862,0.5489620173909083,0.8055431653101799,-1.3665542145206402
2025-01-14 20:00:00,20,-1.1628814510393362,-0.5388688700966057,-0.7015136393194077,-0.42133106308241963,1.764673352258523
2025-01-15 00:00:00,20,-0.1235712292600315,0.16954567073456245,0.46762400307013346,0.38715243395116694,-1.1628814510393362
2025-01-15 04:00:00,20,-0.4151536636900488,-0.2812750399450948,0.052568851571820244,0.4730642863378378,-0.1235712292600315
2025-01-15 08:00:00,20,0.6625225098193734,0.35203608526616104,0.16901415246514365,0.761696361023052,-0.4151536636900488
2025-01-15 12:00:00,20,1.0230081757054421,-0.0023476482349017946,-0.261362686027125,0.30108318749319274,0.6625225098193734
2025-01-15 16:00:00,20,-0.2550867582018963,0.1539766448846198,-0.40532493091985766,-0.4101545974496048,1.0230081757054421
2025-01-15 20:00:00,20,-0.7553195899604273,-0.5529281049487015,0.10509041505254366,-0.23280768548905506,-0.2550867582018963
2025-01-16 00:00:00,20,-0.12468678562947844,-0.08498583822342784,0.3048615800224345,0.2923218734383788,-0.7553195899604273
2025-01-16 04:00:00,20,-0.9734021499722623,-0.4889472246326938,0.05301435610763922,0.3790093069592242,-0.12468678562947844
2025-01-16 08:00:00,20,0.6199655056822149,0.599698813301902,0.39195423829523374,1.0557589219145722,-0.9734021499722623
2025-01-16 12:00:00,20,0.49117188345175755,0.20720412216005474,-0.24436727558150978,0.6247331457048197,0.6199655056822149
2025-01-16 16:00:00,20,1.553467109264803,0.6866959454942607,-0.19293272286888347,0.28325004644071683,0.49117188345175755
2025-01-16 20:00:00,20,-1.670297370021455,-1.09900654668988,-0.6171670820103977,-0.7967848271936893,1.553467109264803
2025-01-17 00:00:00,20,1.1418304389148783,0.048515564245905494,0.6702637796377315,0.36447529746820884,-1.670297370021455
2025-01-17 04:00:00,20,-1.3269418136847424,-1.2502726021857251,-0.45277735794721113,-0.42937266136561814,1.1418304389148783
2025-01-17 08:00:00,20,-0.5723708037550281,0.08442096513159794,0.533142553013845,0.4931724157177726,-1.3269418136847424
2025-01-17 12:00:00,20,0.17980162023507518,0.595093632146702,0.23179981791937798,0.8911083778110704,-0.5723708037550281
2025-01-17 16:00:00,20,1.6883330796546794,1.3169412853236957,-0.06858502661490327,0.7661028215094934,0.17980162023507518
2025-01-17 20:00:00,20,-0.8176852435505939,-0.7103759987509757,-0.6710266656064338,-0.40769647778857987,1.6883330796546794
2025-01-18 00:00:00,20,2.668079445042146,0.5068426566454403,0.32976770069431854,0.16079227451518463,-0.8176852435505939
2025-01-20 04:00:00,20,-2.4691955090725735,-2.344950978655504,-1.062294611975355,-1.6941674018672845,2.668079445042146
2025-01-20 08:00:00,20,2.4502024013624055,-0.39312379953108534,0.9893088358557914,0.022519899534250598,-2.4691955090725735
2025-01-20 12:00:00,20,-1.8058892646040174,-1.881132111558366,-0.9752840279577353,-1.680962604312617,2.4502024013624055
2025-01-20 16:00:00,20,2.533579002393582,0.15867921483239514,0.7244132656800802,-0.4254333613295511,-1.8058892646040174
2025-01-20 20:00:00,20,-0.031010034993173008,-1.6884980681785426,-1.0085810042091223,-2.186882742120077,2.533579002393582
2025-01-21 04:00:00,20,-3.2133813448877238,-2.814059572818207,0.015603949558710114,-2.1653232774712894,-0.031010034993173008
2025-01-21 08:00:00,20,-0.03318429000039025,-0.35253447597800974,1.2865041855737562,0.06875293442061015,-3.2133813448877238
2025-01-21 12:00:00,20,-0.49529917152097447,-0.21601679174496377,0.016472252133346146,0.09182403148051499,-0.03318429000039025
2025-01-21 16:00:00,20,2.5439359208941994,0.9204300912956422,0.2010207710835236,0.4361765928798018,-0.49529917152097447
2025-01-21 20:00:00,20,-1.3429632187941074,-1.6349995624626563,-1.012717105526369,-1.3324733479337487,2.5439359208941994
2025-01-22 00:00:00,20,-0.2815552692811014,-0.7841099140951235,0.5395408031085077,-0.39878952440407645,-1.3429632187941074
2025-01-22 04:00:00,20,-1.3281261071604238,-1.0984821618240677,0.11566078340426289,-0.20304060389874934,-0.2815552692811014
2025-01-22 08:00:00,20,0.15947659385302337,0.16530558618100832,0.5336155081504989,0.7203278432107751,-1.3281261071604238
2025-01-22 12:00:00,20,0.4645413390512161,0.13307470145564776,-0.06046809797566865,0.6094530896595334,0.15947659385302337
2025-01-22 16:00:00,20,0.894507863400948,0.7106274128193395,-0.1822976454790679,0.2864846512369237,0.4645413390512161
2025-01-22 20:00:00,20,-0.8322196303303997,-0.6980906693713078,-0.3540075133928626,-0.3354143780064076,0.894507863400948
2025-01-23 00:00:00,20,-0.3973210522431536,-0.14389536311666323,0.33557210055531445,0.24317928382229148,-0.8322196303303997
2025-01-23 04:00:00,20,0.648210015085942,-0.36871090818697894,0.16189258559261716,0.5194133861682424,-0.3973210522431536
2025-01-23 08:00:00,20,-0.36659534623084866,-0.3935555778211365,-0.25564690016702535,0.06875085359410527,0.648210015085942
2025-01-23 12:00:00,20,0.5850490476760957,-0.014945224080462194,0.14962207935050892,0.323623168611304,-0.36659534623084866
2025-01-23 16:00:00,20,2.2812437398056584,0.4772839822049788,-0.23042316585967573,-0.08312723537750344,0.5850490476760957
2025-01-23 20:00:00,20,-0.6470807518561905,-1.919964691907705,-0.9078093111697777,-1.6691426582700526,2.2812437398056584
2025-01-24 00:00:00,20,-1.5852566852781926,-1.4589127862818423,0.2616357111664125,-1.2192652364088294,-0.6470807518561905
2025-01-24 04:00:00,20,-0.35833647175072336,-1.0114700142847508,0.6363022409652772,-0.11712892882210646,-1.5852566852781926
2025-01-24 08:00:00,20,-0.8808360867099019,-0.3789972693647228,0.14632384526532366,0.13200147353900427,-0.35833647175072336
2025-01-24 12:00:00,20,-0.48430240775264366,0.2951932753859754,0.35498739181778244,0.7443953156285108,-0.8808360867099019
2025-01-24 16:00:00,20,1.767314777760113,1.4557428968214472,0.1966291434864798,1.0811024699920893,-0.48430240775264366
2025-01-24 20:00:00,20,-0.4147172128600225,-0.484813798311135,-0.7025685094041617,-0.1476081871480588,1.767314777760113
2025-01-25 00:00:00,20,1.3867830401358212,0.4414499415116216,0.16883985304849017,0.14072044878763634,-0.4147172128600225
2025-01-27 04:00:00,20,-1.5460977759636272,-1.5090325181104547,-0.5506007381845447,-0.8234287350468827,1.3867830401358212
2025-01-27 08:00:00,20,1.835739322365015,-0.0593431159199293,0.6206638813133917,0.25148267191530493,-1.5460977759636272
2025-01-27 12:00:00,20,-0.3261977285473634,-1.2263383682965021,-0.7298942867630813,-1.0247995713531264,1.835739322365015
2025-01-27 16:00:00,20,-0.448112932683312,-0.12594997444259162,0.13348903362804473,-0.79801335848106,-0.3261977285473634
2025-01-27 20:00:00,20,0.39644996606493166,-0.5615563216681908,0.18217664629865218,-0.48646663068866225,-0.448112932683312
2025-01-28 00:00:00,20,-0.29714591687455183,-0.8695648170869327,-0.15510492232643086,-0.7620951177339688,0.39644996606493166
2025-01-28 04:00:00,20,-1.6310665116300225,-1.1630765897066744,0.1218870077434963,-0.5555069313033787,-0.29714591687455183
2025-01-28 08:00:00,20,0.26390337526115637,0.28720115457605255,0.6545966866640973,0.578478270746599,-1.6310665116300225
2025-01-28 12:00:00,20,-0.024111324693757652,0.19176785767407983,-0.10217159772921736,0.39500168031735683,0.26390337526115637
2025-01-28 16:00:00,20,1.3214093693257531,1.0142012686221544,0.012848905695517129,0.4117648749569298,-0.024111324693757652
2025-01-28 20:00:00,20,-0.41153883882033426,-0.7168960707245741,-0.5244933466921174,-0.5069338169609727,1.3214093693257531
2025-01-29 00:00:00,20,0.23979287334586274,-0.48522174364852655,0.16757054914777164,-0.220814918704205,-0.41153883882033426
2025-01-29 04:00:00,20,-2.598115072868831,-1.1710392426291534,-0.09254291534406751,-0.38752888652364526,0.23979287334586274
2025-01-29 08:00:00,20,0.7766829790771261,1.0111802790888254,1.0407936841342438,1.4187886516323651,-2.598115072868831
2025-01-29 12:00:00,20,-0.034637984288972135,0.5565032381809002,-0.3069533959710485,0.8788063770423662,0.7766829790771261
2025-01-29 16:00:00,20,0.17776320980508942,1.4509082058789358,0.017052794199166135,0.9028881427658746,-0.034637984288972135
2025-01-29 20:00:00,20,2.6324984040964203,0.5507011379391965,-0.06777097443673358,0.7792997740816183,0.17776320980508942
2025-01-30 00:00:00,20,-2.1774739129188614,-1.2060036928676021,-1.0480850968270168,-1.0509224844099867,2.6324984040964203
2025-01-30 04:00:00,20,-0.4584681974535929,-0.2968574172843792,0.8728079598424504,0.46294784368117625,-2.1774739129188614
2025-01-30 08:00:00,20,-0.09850069559550789,0.38941987392936217,0.18631208718816436,0.7816939817545627,-0.4584681974535929
2025-01-30 12:00:00,20,-0.3757727657331529,0.48026913390648773,0.04255677439773273,0.8501757575745508,-0.09850069559550789
2025-01-30 16:00:00,20,1.996490993243432,1.548907689545293,0.1532871402361521,1.1114285959084942,-0.3757727657331529
2025-01-30 20:00:00,20,-0.5440285971372223,-0.6161345082849252,-0.794091489592302,-0.27661488743270457,1.996490993243432
2025-01-31 00:00:00,20,-1.0869910745864253,-0.23961023801597783,0.2204811773296505,0.10161639513411913,-0.5440285971372223
2025-01-31 04:00:00,20,0.2950856428020767,-0.051975590318165815,0.43731669824828634,0.8573377495683836,-1.0869910745864253
2025-01-31 08:00:00,20,-0.4218664497429234,0.14335576433978814,-0.11462443472345017,0.6521819512677052,0.2950856428020767
2025-01-31 12:00:00,20,0.08446186241698861,0.5369199313708514,0.17169494629721208,0.9454810337016593,-0.4218664497429234
2025-01-31 16:00:00,20,1.1245751391542846,1.265234411227669,-0.030510487564135342,0.8867596379550626,0.08446186241698861
2025-01-31 20:00:00,20,0.472168464568977,-0.2829377199164416,-0.44588634417076545,0.10490828039158906,1.1245751391542846
2025-02-01 00:00:00,20,2.638095753030459,0.1226184383175434,-0.1853435865955242,-0.22336285256226596,0.472168464568977
2025-02-03 04:00:00,20,-2.0123858239030596,-2.573376768990771,-1.0503204337467567,-2.0574766205764146,2.638095753030459
2025-02-03 08:00:00,20,-0.3806991809416509,-0.9175382394182168,0.8068789808320133,-0.6583823906049666,-2.0123858239030596
2025-02-03 12:00:00,20,0.22317614383757878,-0.6358641714975811,0.15525453550260693,-0.39370450374862553,-0.3806991809416509
2025-02-03 16:00:00,20,0.7469655355646161,-0.030689045142704225,-0.08590691866190285,-0.5488658308667178,0.22317614383757878
2025-02-03 20:00:00,20,-1.0279196783843965,-1.3739923977868325,-0.29508554577506857,-1.0681873041063987,0.7469655355646161
2025-02-04 00:00:00,20,-0.36978190540481926,-0.6983407112834875,0.4137261602298348,-0.35353483845128686,-1.0279196783843965
2025-02-04 04:00:00,20,-0.12126205669530421,-0.9709895942214015,0.15089465203669536,-0.09644709510975247,-0.36978190540481926
2025-02-04 08:00:00,20,0.28156366641372976,-0.41841541875018023,0.05164666881194342,-0.012140675425371228,-0.12126205669530421
2025-02-04 12:00:00,20,-0.6774378202426163,-0.5467744338288361,-0.10922434739551687,-0.20789543396616317,0.28156366641372976
2025-02-04 16:00:00,20,1.3906071030875076,0.6449186019396103,0.27375899962652367,0.2630874830311374,-0.6774378202426163
2025-02-04 20:00:00,20,0.38622945645500195,-1.1135151253311613,-0.5521279020615957,-0.7037203482392762,1.3906071030875076
2025-02-05 00:00:00,20,-0.1872595512671804,-1.359960748661692,-0.15102329676782056,-0.9722431123895134,0.38622945645500195
2025-02-05 04:00:00,20,-1.4424010260905433,-1.7848123690533007,0.07800318829381948,-0.8420524925923552,-0.1872595512671804
2025-02-05 08:00:00,20,-0.674225547336464,-0.44051421101574506,0.5792519242994685,0.16076462574438644,-1.4424010260905433
2025-02-05 12:00:00,20,0.6035497367032132,0.07493826706650591,0.27247615799774183,0.6295142371624536,-0.674225547336464
2025-02-05 16:00:00,20,0.5968708353207735,0.5109689293231233,-0.23781153376567718,0.20990138554512505,0.6035497367032132
2025-02-05 20:00:00,20,0.21031248177144057,-0.6923785721762867,-0.23514427199239743,-0.205068016354101,0.5968708353207735
2025-02-06 00:00:00,20,-0.7344603321983616,-0.798603096047296,-0.08076973334822096,-0.35128599117897785,0.21031248177144057
2025-02-06 04:00:00,20,-1.1270598640708869,-0.8374596650419952,0.29653130268160893,0.15934134514792575,-0.7344603321983616
2025-02-06 08:00:00,20,0.6715942948463667,0.32794621538214674,0.4533184243367253,0.9429201867020893,-1.1270598640708869
2025-02-06 12:00:00,20,-0.1337141144355929,0.054501018407371433,-0.26498556111276844,0.475999931331339,0.6715942948463667
2025-02-06 16:00:00,20,0.7474752174429184,1.0103976567399944,0.05661947731854419,0.5689635388813752,-0.1337141144355929
2025-02-06 20:00:00,20,-0.0742254024879454,-0.2712466846486909,-0.2952890904769119,0.049287713625005836,0.7474752174429184
2025-02-07 00:00:00,20,-0.2541109673490354,-0.22210377912215234,0.032862281601177865,0.10089229715202386,-0.0742254024879454
2025-02-07 04:00:00,20,-1.1916380864972176,-0.6292035277594129,0.10470072676527609,0.27756079877213224,-0.2541109673490354
2025-02-07 08:00:00,20,0.6203804624207656,0.5804688814379158,0.47910814845467414,1.1060371034793874,-1.1916380864972176
2025-02-07 12:00:00,20,1.1602029667965787,0.2626765566453345,-0.24453299119593871,0.6747228321054894,0.6203804624207656
2025-02-07 16:00:00,20,0.679219122738612,0.3507576562198135,-0.4601145438841406,-0.13189847140407274,1.1602029667965787
2025-02-07 20:00:00,20,-0.8323674348659988,-0.85522520789151,-0.2680305846578524,-0.604119823901355,0.679219122738612
2025-02-08 00:00:00,20,0.00790129063695666,0.32878644112979877,0.33563112723727107,-0.02542340221892303,-0.8323674348659988
2025-02-10 04:00:00,21,-0.28673700618672093,-0.5948248410413393,-0.012505126203294322,-0.07687472611765234,0.00790129063695666
2025-02-10 08:00:00,21,-1.193980112705269,0.010129492337959968,0.09818975627770397,0.11643995956632658,-0.28673700618672093
2025-02-10 12:00:00,21,1.0754519226087904,0.6595537224768542,0.4390387570369834,0.9214071776805977,-1.193980112705269
2025-02-10 16:00:00,21,-0.05283518966423273,1.0154429187399971,-0.4135812694697493,0.1963502582679535,1.0754519226087904
2025-02-10 20:00:00,21,-0.7710381992062825,0.03852563976886943,0.010313419863964028,0.23197111592712716,-0.05283518966423273
2025-02-11 00:00:00,21,-0.42096599489584285,0.4753945004677547,0.280140521757419,0.751795916751199,-0.7710381992062825
2025-02-11 04:00:00,21,0.43729331146082195,0.14606206094324722,0.14861925675635815,1.0356061931755107,-0.42096599489584285
2025-02-11 08:00:00,21,-0.9541180727731575,0.4270788293445459,-0.1738266509194813,0.7407882337464926,0.43729331146082195
2025-02-11 12:00:00,21,1.4057217962220445,1.0134541435132092,0.34892317936709555,1.3840433119676732,-0.9541180727731575
2025-02-11 16:00:00,21,0.0866963826305387,1.2293242132638031,-0.5376628475970886,0.43632236443562533,1.4057217962220445
2025-02-11 20:00:00,21,0.4750524365281148,0.264766238995797,-0.04210824820860752,0.377872692448582,0.0866963826305387
2025-02-12 00:00:00,21,-0.11322745623211361,-0.08590396534810547,-0.18801266121403107,0.05759797914199716,0.4750524365281148
2025-02-12 04:00:00,21,-0.11627528506988405,-0.5718550191497305,0.0330026456793485,0.133934585997876,-0.11322745623211361
2025-02-12 08:00:00,21,-1.5549004708815026,0.01717705014684813,0.03414770746750123,0.21232600287506287,-0.11627528506988405
2025-02-12 12:00:00,21,3.430467163270377,0.9108870741752676,0.5746356467285728,1.260621441945764,-1.5549004708815026
2025-02-12 16:00:00,21,-0.2800724821919349,-0.04098230750993721,-1.2983546954510963,-1.0521587960712848,3.430467163270377
2025-02-12 20:00:00,21,-1.283452326740278,-0.8122874855817723,0.09568591102626296,-0.8633372533492807,-0.2800724821919349
2025-02-13 00:00:00,21,-0.3664115371081227,-0.15760091158471204,0.4726532474976279,0.0019510693327227102,-1.283452326740278
2025-02-13 04:00:00,21,-1.5484180155162957,-0.49077319670207487,0.12812328132231549,0.24898137793863206,-0.3664115371081227
2025-02-13 08:00:00,21,0.45263445094856714,1.0268144385447409,0.5722002042128658,1.2929064225560651,-1.5484180155162957
2025-02-13 12:00:00,21,-0.14368498573313815,0.7350186904235197,-0.1795902792428449,0.987745649000793,0.45263445094856714
2025-02-13 16:00:00,21,1.476809005832484,1.7846147811584963,0.04444546450203221,1.084616360681519,-0.14368498573313815
2025-02-13 20:00:00,21,-0.15569374519588308,0.019253919720318993,-0.5643701371740399,0.0889692603143395,1.476809005832484
2025-02-14 00:00:00,21,-0.567697132849581,0.06729685151250688,0.04895712585699393,0.1939361350675206,-0.15569374519588308
2025-02-14 04:00:00,21,-0.3219360838011873,-0.19112382840418876,0.20374578391590195,0.576670802838473,-0.567697132849581
2025-02-14 08:00:00,21,-0.6607492719138239,0.5211851845780829,0.1114139630491157,0.793716288797933,-0.3219360838011873
2025-02-14 12:00:00,21,0.276486774932863,0.9074086951494663,0.23870524339338467,1.2391856040936347,-0.6607492719138239
2025-02-14 16:00:00,21,2.395650564451591,1.7354003596690992,-0.11341203118051632,1.052781502639366,0.276486774932863
2025-02-14 20:00:00,21,-1.0822999143118768,-0.7178721871810507,-0.9095766478228134,-0.5623376688777819,2.395650564451591
2025-02-15 00:00:00,21,0.5058085206398655,0.8841951907881925,0.3970807815467529,0.16733608524780585,-1.0822999143118768
2025-02-17 04:00:00,21,-1.6814618606571337,-0.7244884522575122,-0.19956764626868384,-0.17367401485800205,0.5058085206398655
2025-02-17 08:00:00,21,-0.12854904059510375,0.7557382750132636,0.6221844491716891,0.959947610775,-1.6814618606571337
2025-02-17 12:00:00,21,0.5615275772627264,0.8124651771266862,0.038758927190502,1.0466138479241636,-0.12854904059510375
2025-02-17 16:00:00,21,0.8854751014348281,1.3913845945827632,-0.22050115861691305,0.6680386212903819,0.5615275772627264
2025-02-17 20:00:00,21,-0.6296519311202502,0.75704707804885,-0.34220744562990346,0.0710618194771051,0.8854751014348281
2025-02-18 04:00:00,21,-0.8147000704152028,-0.29808544390550323,0.22702204904381848,0.4955656767697967,-0.6296519311202502
2025-02-18 08:00:00,21,0.283770041104626,0.7752153726775751,0.2965441792400858,1.0448267928479602,-0.8147000704152028
2025-02-18 12:00:00,21,-0.29954508618050824,0.5772339216316554,-0.11614833634400838,0.853512399801156,0.283770041104626
2025-02-18 16:00:00,21,1.4885335923898673,1.6565423578307634,0.10300172038761046,1.0554621409707927,-0.29954508618050824
2025-02-18 20:00:00,21,0.7468206023514821,-0.01756318331825578,-0.5687750354683186,0.05191046353050588,1.4885335923898673
2025-02-19 00:00:00,21,-1.2829552005524452,-0.5609603054943227,-0.29011529180280715,-0.45158712098386466,0.7468206023514821
2025-02-19 04:00:00,21,-0.9729210688941929,-0.39452116565753725,0.4724664784131823,0.41336604512374286,-1.2829552005524452
2025-02-19 08:00:00,21,0.3227797296147319,0.739570689371659,0.35598741870172035,1.0692978801172508,-0.9729210688941929
2025-02-19 12:00:00,21,-0.7659318796008137,0.48425626442670094,-0.1308041802441334,0.851683618165314,0.3227797296147319
2025-02-19 16:00:00,21,1.9111504814793285,1.9246015038770194,0.27822209005749626,1.3680657989290719,-0.7659318796008137
2025-02-19 20:00:00,21,-0.3776902895323637,-0.1022490786260893,-0.7275511598776951,0.07959083179708415,1.9111504814793285
2025-02-20 00:00:00,21,-0.7628783885084367,0.10098255635253524,0.13236068083077376,0.3342251413960824,-0.3776902895323637
2025-02-20 04:00:00,21,-0.36914695081986615,-0.026323592888701605,0.2770749009742329,0.8485486947136938,-0.7628783885084367
2025-02-20 08:00:00,21,-0.6172898499049335,0.7622822443318757,0.12915096951703633,1.0974231867716568,-0.36914695081986615
2025-02-20 12:00:00,21,0.44379122622463285,1.1176622367360332,0.2223776455765769,1.5135926756606306,-0.6172898499049335
2025-02-20 16:00:00,21,2.1089671297390495,1.7837701150765475,-0.17626790149317043,1.2143938992353256,0.44379122622463285
2025-02-20 20:00:00,21,-1.9130019180669269,-0.3711161166486868,-0.8018703874457221,-0.20744670384978203,2.1089671297390495
2025-02-21 00:00:00,21,-0.057064573865705626,0.761318237251044,0.7091734785033336,1.0822764798509539,-1.9130019180669269
2025-02-21 04:00:00,21,-0.9500331953413337,0.23965614657382353,0.011902389092323383,1.1207487381312653,-0.057064573865705626
2025-02-21 08:00:00,21,0.37166636050596047,1.3260159494438473,0.34738850097620183,1.7612498404799464,-0.9500331953413337
2025-02-21 12:00:00,21,1.1782564018695947,1.1146782678211613,-0.1491707670718971,1.5106767923198117,0.37166636050596047
2025-02-21 16:00:00,21,2.006722321535312,1.3602193069318862,-0.4522046591410015,0.7163103133930182,1.1782564018695947
2025-02-21 20:00:00,21,-0.5691592091711559,-0.5966243335466535,-0.7634572648122512,-0.6365980537606966,2.006722321535312
2025-02-22 00:00:00,21,-0.22700398380277953,0.6179435709664761,0.2042950823891138,-0.2528776714902099,-0.5691592091711559
2025-02-24 04:00:00,21,-1.1772153961436533,-0.6240613460958078,0.07574820687863797,-0.09983428040008757,-0.22700398380277953
2025-02-24 08:00:00,21,-0.06419090820734219,0.5583479368029711,0.4327402943129545,0.693830364824171,-1.1772153961436533
2025-02-24 12:00:00,21,-0.1051104111573764,0.5559777958736734,0.014579735353728899,0.7371071131201017,-0.06419090820734219
2025-02-24 16:00:00,21,1.5896726735384235,1.5869127919568862,0.02995309183544101,0.8079713045449441,-0.1051104111573764
2025-02-24 20:00:00,21,-0.40313102181523774,-0.34121264116560723,-0.6067727391703444,-0.26376714077234187,1.5896726735384235
2025-02-25 00:00:00,21,1.4393915727995363,-0.10690976565040185,0.14191870129397435,0.008019008521989335,-0.40313102181523774
2025-02-25 04:00:00,21,-1.955222175165364,-1.4102275581190642,-0.550312499735274,-0.9624017026809151,1.4393915727995363
2025-02-25 08:00:00,21,1.704576013935105,0.20826648325120103,0.7250355251151013,0.35578587715418664,-1.955222175165364
2025-02-25 12:00:00,21,-0.27147996222876536,-0.5728448248962925,-0.6499416411732515,-0.7934190362281219,1.704576013935105
2025-02-25 16:00:00,21,0.6221996272054362,0.3448753166483353,0.09245772243777174,-0.6103904684625201,-0.27147996222876536
2025-02-25 20:00:00,21,-0.38808414478858566,-0.9219569808059453,-0.2432954983571698,-1.0298700709229767,0.6221996272054362
2025-02-26 00:00:00,21,-1.3872571189450529,-0.8455708941455639,0.1362656266525334,-0.7682283474968532,-0.38808414478858566
2025-02-26 04:00:00,21,0.13921265824449236,-0.5883555067018348,0.5116524522783575,0.16704393381129812,-1.3872571189450529
2025-02-26 08:00:00,21,-0.2280624812778136,-0.1154091381076272,-0.06183848361960435,0.07318841223191619,0.13921265824449236
2025-02-26 12:00:00,21,0.29707695208922935,-0.002931359486743267,0.07614588177313902,0.22694542975416532,-0.2280624812778136
2025-02-26 16:00:00,21,1.7347412990294941,0.9795053106402037,-0.12114771002864272,0.02665967528937152,0.29707695208922935
2025-02-26 20:00:00,21,0.020025391638911927,-1.0175778830799282,-0.6612746644921023,-1.1428823152080971,1.7347412990294941
2025-02-27 00:00:00,21,-1.0052599063433085,-1.0199836325383276,-0.017060121090474042,-1.1563831965273845,0.020025391638911927
2025-02-27 04:00:00,21,-0.3983889752974399,-1.0628387038994926,0.3681370402872137,-0.478648901223643,-1.0052599063433085
2025-02-27 08:00:00,21,-0.8511806594483069,-0.400171976147912,0.14013712609595727,-0.21005978339824694,-0.3983889752974399
2025-02-27 12:00:00,21,0.7647974954665067,0.08828799940478473,0.31024984669537137,0.36379611274087864,-0.8511806594483069
2025-02-27 16:00:00,21,0.735469910438546,0.6634861147928857,-0.29686916627260146,-0.1518212797059295,0.7647974954665067
2025-02-27 20:00:00,21,-0.011002058457870945,-0.6583262453269857,-0.28585086480561883,-0.6476663624779331,0.735469910438546
2025-02-28 00:00:00,21,0.5475237452668047,-0.6785836375472192,-0.005403184503565252,-0.6402489052723039,-0.011002058457870945
2025-02-28 04:00:00,21,0.5573461199937437,-1.4195231046491643,-0.21523995342470456,-1.0093829146154922,0.5475237452668047
2025-02-28 08:00:00,21,-0.6254091683654686,-1.1151574009157772,-0.21893019541905576,-1.3851390523970721,0.5573461199937437
2025-02-28 12:00:00,21,-0.8528316879150211,-0.920065373004723,0.22542805352592973,-0.9634956153873446,-0.6254091683654686
2025-02-28 16:00:00,21,1.2822381477965035,0.3473097633553254,0.3108701340241604,-0.38852661545550404,-0.8528316879150211
2025-02-28 20:00:00,21,-1.4273353081357278,-1.3892976790543132,-0.4912703449993349,-1.2529963531072692,1.2822381477965035
2025-03-01 00:00:00,21,4.353960720444094,0.3893638856131978,0.5267097292526672,-0.290703832419438,-1.4273353081357278
2025-03-03 04:00:00,21,-4.483238909134645,-3.2133813448877238,-1.6453089504998877,-3.2260924637875776,4.353960720444094
2025-03-03 08:00:00,21,0.10530625369065127,-0.44834850010936617,1.6748051860638014,-0.20354601228012292,-4.483238909134645
2025-03-03 12:00:00,21,-0.5126445876573165,-0.3047703775235634,-0.04909993093347232,-0.2745422384160303,0.10530625369065127
2025-03-03 16:00:00,21,2.704766984197027,0.8488321612668969,0.18306267827066242,0.07107665692122644,-0.5126445876573165
2025-03-03 20:00:00,21,-0.5716819651840304,-1.4678891847988316,-1.0257109254287726,-1.7524451352326604,2.704766984197027
2025-03-04 00:00:00,21,0.279182659946251,-0.991732967194793,0.2052428756101033,-1.367023940806213,-0.5716819651840304
2025-03-04 04:00:00,21,-1.828830171476774,-1.7128129169841733,-0.11442486854061638,-1.5552455759333563,0.279182659946251
2025-03-04 08:00:00,21,-0.18810927455741755,-0.3034173061601153,0.6775503606077221,-0.3222699845714727,-1.828830171476774
2025-03-04 12:00:00,21,0.7307103647121682,-0.1965782621133726,0.06113556040510612,-0.19544894473112429,-0.18810927455741755
2025-03-04 16:00:00,21,0.9715018637177586,0.33765609761165666,-0.28406271519803533,-0.6880851982755036,0.7307103647121682
2025-03-04 20:00:00,21,0.38159035709653466,-1.3757879399069222,-0.37452748835275596,-1.3430602219866037,0.9715018637177586
2025-03-05 00:00:00,21,-0.7049786338174364,-1.5837805820018331,-0.15289918815014153,-1.6003239108392284,0.38159035709653466
2025-03-05 04:00:00,21,-1.8311436364816558,-1.6930772001914662,0.2553221057324303,-1.1250356847998182,-0.7049786338174364
2025-03-05 08:00:00,21,-0.5133856962504968,-0.04607792926551545,0.678419523712451,0.10949961720495516,-1.8311436364816558
2025-03-05 12:00:00,21,1.8500420426728077,0.21934875232726794,0.18334111094391686,0.45561815915795023,-0.5133856962504968
2025-03-05 16:00:00,21,0.26656462545223647,0.13977036864191666,-0.7045928699160438,-0.7916582239558005,1.8500420426728077
2025-03-05 20:00:00,21,-1.106602892596614,-0.9223345323083508,-0.10968430405693017,-0.9713729300171794,0.26656462545223647
2025-03-06 00:00:00,21,-0.25526036179398304,-0.37335642192877194,0.40621135063491587,-0.2253143964353974,-1.106602892596614
2025-03-06 04:00:00,21,0.04115222714770539,-0.8385764882858806,0.08636405850008129,-0.053220890738232995,-0.25526036179398304
2025-03-06 08:00:00,21,-0.8193011542507893,-0.30781736345928135,-0.024997421159924274,-0.08096523375852005,0.04115222714770539
2025-03-06 12:00:00,21,1.101825130437387,0.27867439189638354,0.2982727951055592,0.47139787842161596,-0.8193011542507893
2025-03-06 16:00:00,21,0.9066132536796001,0.728649316206479,-0.4234896186989756,-0.2714395446297653,1.101825130437387
2025-03-06 20:00:00,21,-0.737521125741532,-0.746313196131421,-0.3501489973691899,-0.8826674377530948,0.9066132536796001
2025-03-07 00:00:00,21,2.4070342241296068,-0.45077573562261497,0.2675482398026131,-0.385439449974025,-0.737521125741532
2025-03-07 04:00:00,21,-2.4201987659308397,-2.320615733955994,-0.9138534607281491,-2.008233349709392,2.4070342241296068
2025-03-07 08:00:00,21,-0.4983499606374462,-0.4514908022788975,0.8997260851206169,-0.37656407216938437,-2.4201987659308397
2025-03-07 12:00:00,21,1.0655465555391608,-0.1996700404065803,0.17769222210412688,-0.040582444675805185,-0.4983499606374462
2025-03-07 16:00:00,21,0.6295593737607703,0.12879943484439654,-0.40985984745664295,-0.7589612831978272,1.0655465555391608
2025-03-07 20:00:00,21,-0.4352865766272682,-1.0801328680597357,-0.2460605370124135,-1.1834027394175148,0.6295593737607703
2025-03-08 00:00:00,21,2.012530589270094,0.15278265059457843,0.1539994640441036,-0.8899376967911046,-0.4352865766272682
2025-03-10 04:00:00,22,-2.9379413904267846,-1.3643898160011103,-0.6414639987402427,-1.628252543635118,2.012530589270094
2025-03-10 08:00:00,22,-0.8708649032397737,0.4758609380271446,0.9807945156026607,-0.1880734187630102,-2.9379413904267846
2025-03-10 12:00:00,22,2.28551570401374,1.128872939154177,0.30341820787079166,0.23882463247670405,-0.8708649032397737
2025-03-10 16:00:00,22,-0.23286859581642716,0.6472884690101902,-0.7309206058068017,-0.8815353642248693,2.28551570401374
2025-03-10 20:00:00,22,-0.19699786370688166,-0.06988240624173121,0.09434825533260355,-0.7673831583211355,-0.23286859581642716
2025-03-11 00:00:00,22,-0.6537024178222879,0.08171980921819459,0.08259349723699533,-0.6708147884143969,-0.19699786370688166
2025-03-11 04:00:00,22,1.4130400904370433,-0.3228792015305726,0.2322545506661398,-0.35036980639611315,-0.6537024178222879
2025-03-11 08:00:00,22,-2.183950711245286,-0.7805741613005532,-0.44501231292358256,-1.0430421815108541,1.4130400904370433
2025-03-11 12:00:00,22,-0.10730765562543532,0.666015013274466,0.7337134687744207,0.02753064691039242,-2.183950711245286
2025-03-11 16:00:00,22,2.0552112434989596,1.6442673591900017,0.05320221812057011,0.08013286902220518,-0.10730765562543532
2025-03-11 20:00:00,22,-0.5395715563197303,-0.4523646757945168,-0.6554503529716108,-0.9273318611233057,2.0552112434989596
2025-03-12 00:00:00,22,-1.4056557285193154,-0.2918081062637013,0.19485412448836115,-0.6628338373306848,-0.5395715563197303
2025-03-12 04:00:00,22,-0.2979358437562034,-0.19939016610050483,0.4786679564322059,0.026218722930340554,-1.4056557285193154
2025-03-12 08:00:00,22,0.37456662524795625,0.5731842399841576,0.11567064588608489,0.17226689942800455,-0.2979358437562034
2025-03-12 12:00:00,22,-0.5393563793452891,0.4623296831828459,-0.10470689805982059,-0.011345692815551978,0.37456662524795625
2025-03-12 16:00:00,22,1.8874065512588292,1.743484649879721,0.19478361147863008,0.2530468512055011,-0.5393563793452891
2025-03-12 20:00:00,22,-0.5426851774016601,-0.37082005707328447,-0.6004611333881661,-0.6721600042229392,1.8874065512588292
2025-03-13 00:00:00,22,-1.2214613396636302,-0.11677095834726957,0.1958744511019273,-0.40613568310540593,-0.5426851774016601
2025-03-13 04:00:00,22,-0.020639778298393807,-0.30066432108164154,0.4183078701937985,0.19262477173346326,-1.2214613396636302
2025-03-13 08:00:00,22,-0.25390061438586464,0.2660662445483218,0.02480134998305805,0.20274239284877638,-0.020639778298393807
2025-03-13 12:00:00,22,0.2839697752745991,0.6820559451194241,0.10124040043271118,0.32720449608277136,-0.25390061438586464
2025-03-13 16:00:00,22,1.0205764996270723,1.4306182956816422,-0.07501851443807864,0.18800248756833593,0.2839697752745991
2025-03-13 20:00:00,22,-0.4745739956839845,-0.13922475591572586,-0.3164028784348636,-0.3122842012292377,1.0205764996270723
2025-03-14 00:00:00,22,-0.137727430190818,0.07134787482987567,0.17355457030740523,-0.07964798730805622,-0.4745739956839845
2025-03-14 04:00:00,22,-0.282281271920656,-0.7097904937687949,0.06317070970995295,-0.012133989061044126,-0.137727430190818
2025-03-14 08:00:00,22,-0.5657842004501195,-0.10365919244924572,0.11054067796529596,0.12624031496256993,-0.282281271920656
2025-03-14 12:00:00,22,-0.6046256156341236,0.4552427904761958,0.2034439489128533,0.40358777918558886,-0.5657842004501195
2025-03-14 16:00:00,22,2.3585028436350886,1.6061515092157002,0.21617219315901845,0.6999753085068319,-0.6046256156341236
2025-03-14 20:00:00,22,-1.0137081834375579,-0.7022333350608672,-0.7548383270208338,-0.4561629903791573,2.3585028436350886
2025-03-15 00:00:00,22,1.8232648024125968,1.0360665148568862,0.3502276289659724,0.04075684922551126,-1.0137081834375579
2025-03-17 04:00:00,22,-2.3908615415602092,-1.5750530992122358,-0.5794420268024915,-0.8530077153450719,1.8232648024125968
2025-03-17 08:00:00,22,-0.25123229394664115,0.35053497213551926,0.8015176816989218,0.318992820075537,-2.3908615415602092
2025-03-17 12:00:00,22,0.08318891149597185,0.6314293955140696,0.10036599783649841,0.4421469123983677,-0.25123229394664115
2025-03-17 16:00:00,22,1.270179458362147,1.6206800333974225,-0.009223077736718956,0.4013677007545553,0.08318891149597185
2025-03-17 20:00:00,22,-0.9250155316529085,-0.3165952798452908,-0.39819720565736594,-0.22127438010356304,1.270179458362147
2025-03-18 00:00:00,22,-0.8128850197084336,0.20436323092917766,0.32116324680051517,0.2321683138895505,-0.9250155316529085
2025-03-18 04:00:00,22,0.36073805286206095,-0.06628943560913987,0.2844183306661366,0.6306446211841878,-0.8128850197084336
2025-03-18 08:00:00,22,0.6261891746017625,0.2341168664590577,-0.10017530604470945,0.45381079632579535,0.36073805286206095
2025-03-18 12:00:00,22,-1.5397417811157936,0.040083211765333776,-0.18716304057794747,0.14685280852490568,0.6261891746017625
2025-03-18 16:00:00,22,2.602960093755284,1.8468148510628446,0.5226076537724554,0.9016343634197899,-1.5397417811157936
2025-03-18 20:00:00,22,-1.3738962287798326,-0.48174295095676034,-0.8349464171235116,-0.37433690071660664,2.602960093755284
2025-03-19 00:00:00,22,-0.43385796542988686,0.19756308090565075,0.46826043992166866,0.2991471500124643,-1.3738962287798326
2025-03-19 04:00:00,22,-0.12506726646066824,-0.3569368964248512,0.1602120189262746,0.5118243623651724,-0.43385796542988686
2025-03-19 08:00:00,22,-0.6669685803183576,0.2271961604068989,0.0590220025789072,0.5731323472515921,-0.12506726646066824
2025-03-19 12:00:00,22,0.5689219089688464,0.8862435284913854,0.23660184222746347,0.9000804032781788,-0.6669685803183576
2025-03-19 16:00:00,22,0.6636491106438669,1.402997003677932,-0.16839668665307922,0.6211948340666371,0.5689219089688464
2025-03-19 20:00:00,22,1.7287924779858326,-0.018655194549119365,-0.19943857722178188,0.29587398236292195,0.6636491106438669
2025-03-20 00:00:00,22,-0.3248719816250638,-0.9923978576814302,-0.5484836589338044,-0.5515802405647303,1.7287924779858326
2025-03-20 04:00:00,22,-1.3747450433716253,-1.5994058778613076,0.12449755757864409,-0.3923279669432054,-0.3248719816250638
2025-03-20 08:00:00,22,-0.5300998084633477,-0.17581232490853568,0.4685385945510215,0.2815721727725178,-1.3747450433716253
2025-03-20 12:00:00,22,0.19456569648935051,0.35642485059272644,0.1917502540556541,0.5414271449429169,-0.5300998084633477
2025-03-20 16:00:00,22,1.6468140782745522,1.3028044301558046,-0.045720999247368686,0.44605102361754945,0.19456569648935051
2025-03-20 20:00:00,22,-0.5796656635116619,-0.44282949120804965,-0.5216195220455933,-0.36121738064833053,1.6468140782745522
2025-03-21 00:00:00,22,-0.9662416868958523,-0.23447291481109572,0.20799287308321146,-0.07706522202635036,-0.5796656635116619
2025-03-21 04:00:00,22,-0.1831959540512571,-0.42412008246681354,0.3346729649911801,0.39658653684909506,-0.9662416868958523
2025-03-21 08:00:00,22,-0.0036352699917436837,0.24396137452880637,0.07807064253852283,0.48638920944336483,-0.1831959540512571
2025-03-21 12:00:00,22,0.6250909070742754,0.49453079893278706,0.019229010922093018,0.48817121910919514,-0.0036352699917436837
2025-03-21 16:00:00,22,0.10809747434653083,1.1040621388543697,-0.18680314078358456,0.1817516021457113,0.6250909070742754
2025-03-21 20:00:00,22,-0.6390576907579479,0.11038975329257915,-0.017385557663903366,0.12876221082818784,0.10809747434653083
2025-03-22 00:00:00,22,1.7628464842373912,1.5022910717016482,0.22745550660169725,0.4420283463670165,-0.6390576907579479
2025-03-24 04:00:00,22,-2.093859525033835,-1.2195098686211148,-0.5596430800588301,-0.4221191533841857,1.7628464842373912
2025-03-24 08:00:00,22,0.2899610219369908,0.43715904237553005,0.704190790028196,0.6042909677279651,-2.093859525033835
2025-03-24 12:00:00,22,-0.029497494521683265,0.5235413105249472,-0.07698183247107729,0.4621520495790312,0.2899610219369908
2025-03-24 16:00:00,22,1.1932827231466732,1.522752179987578,0.027704003633012543,0.47661172395666895,-0.029497494521683265
2025-03-24 20:00:00,22,-0.5233473114836222,-0.2218058369284269,-0.3729983187754503,-0.10833557061707833,1.1932827231466732
2025-03-25 00:00:00,22,-0.4636323011868413,0.08916032876928158,0.18953747600876067,0.14820932694711875,-0.5233473114836222
2025-03-25 04:00:00,22,-0.349153054923077,-0.4036226355583915,0.16996900167230788,0.37548192127505065,-0.4636323011868413
2025-03-25 08:00:00,22,-0.5419623868778274,0.3574181638447663,0.132454410593192,0.5466367791371036,-0.349153054923077
2025-03-25 12:00:00,22,0.670200381945703,0.8156305010707274,0.19563759427571295,0.8123067882770494,-0.5419623868778274
2025-03-25 16:00:00,22,1.0081573407912963,1.3021107897986115,-0.20158541406739203,0.4837745028119187,0.670200381945703
2025-03-25 20:00:00,22,-0.3632673933020172,-0.2602169132119444,-0.3123331480647205,-0.010424313245226635,1.0081573407912963
2025-03-26 00:00:00,22,-0.20161945576833595,-0.012190845223744994,0.1370796474803937,0.1676493945166131,-0.3632673933020172
2025-03-26 04:00:00,22,-0.8679206205528729,-0.6677175976948757,0.08410798254309595,0.2664832692534578,-0.20161945576833595
2025-03-26 08:00:00,22,0.10332464629068383,0.4305672506779269,0.3024533730677574,0.6919380328642175,-0.8679206205528729
2025-03-26 12:00:00,22,-0.3533378776840106,0.4742107157643597,-0.01582151266317465,0.6412882822743935,0.10332464629068383
2025-03-26 16:00:00,22,2.220790060974366,1.6376190136446513,0.13382576758355236,0.8144945406174857,-0.3533378776840106
2025-03-26 20:00:00,22,-0.7781887645038115,-0.46029501625854413,-0.7097101584095471,-0.27413694024201707,2.220790060974366
2025-03-27 00:00:00,22,-0.593909915338056,-0.093083826576782,0.2730484460061775,0.10733125973647262,-0.7781887645038115
2025-03-27 04:00:00,22,-1.1345429505719586,-0.5303028495557872,0.21266068231444907,0.3984659518414695,-0.593909915338056
2025-03-27 08:00:00,22,-0.47667425247738393,0.5850922527189699,0.3898249099154197,0.9546190047950498,-1.1345429505719586
2025-03-27 12:00:00,22,0.5551304015354983,1.07309897155962,0.17424281972672775,1.1882847647788521,-0.47667425247738393
2025-03-27 16:00:00,22,2.0389819503997604,1.7300002045810146,-0.16387724073941054,0.9161597937095154,0.5551304015354983
2025-03-27 20:00:00,22,-0.9780971649820458,-0.3947369756205915,-0.6501320501875691,-0.08334933554856505,2.0389819503997604
2025-03-28 00:00:00,22,-0.1645860452135235,0.08579933220837037,0.33855797844965657,0.39611397971488405,-0.9780971649820458
2025-03-28 04:00:00,22,0.3470407232075452,-0.5964725802155111,0.07197221734048602,0.47679407337983637,-0.1645860452135235
2025-03-28 08:00:00,22,-0.34665915847023143,-0.20660900011851938,-0.09568672197698178,0.30667468070828185,0.3470407232075452
2025-03-28 12:00:00,22,0.46508643755116275,0.26862766863652116,0.13163716634433836,0.4766070303124499,-0.34665915847023143
2025-03-28 16:00:00,22,0.018523195716957375,0.9149540919375043,-0.1343700366106199,0.24862161821237372,0.46508643755116275
2025-03-28 20:00:00,22,-0.4554685712001465,0.016477330053764536,0.011967731632331925,0.2395415460623962,0.018523195716957375
2025-03-29 00:00:00,22,2.738837121581769,1.2868948258669033,0.1672937657485358,0.4628122792414837,-0.4554685712001465
2025-03-31 04:00:00,22,-2.0713060660910223,-1.661079906014823,-0.8794730130115708,-0.8797659157421416,2.738837121581769
2025-03-31 08:00:00,22,-0.8025124048256256,-0.2351931136884038,0.6968000723455354,0.13558849783651716,-2.0713060660910223
2025-03-31 12:00:00,22,0.6073644191082757,0.4168811382475776,0.2810192481385216,0.5289801484143002,-0.8025124048256256
2025-03-31 16:00:00,22,1.5457042859472683,0.9677840937581336,-0.18099421061486945,0.23125005739204685,0.6073644191082757
2025-03-31 20:00:00,22,-0.7508962463574314,-0.9951222365392186,-0.4884860709001082,-0.5264543178893222,1.5457042859472683
2025-04-01 00:00:00,22,-1.2510662103526649,-0.43254982608853376,0.2641047492995992,-0.15836491267770203,-0.7508962463574314
2025-04-01 04:00:00,22,-0.7174190232142195,-0.5164445850944578,0.42800931961887895,0.4549078523453707,-1.2510662103526649
2025-04-01 08:00:00,22,0.3956409958906324,0.3657571264839753,0.25313433869968743,0.8065867198632715,-0.7174190232142195
2025-04-01 12:00:00,22,0.15608931091211176,0.3500441998886,-0.11161292183890939,0.6126434692994716,0.3956409958906324
2025-04-01 16:00:00,22,2.318342955353149,1.3001399497289363,-0.033112374380929586,0.5361284755273727,0.15608931091211176
2025-04-01 20:00:00,22,-2.5415399351732457,-0.8249339003015377,-0.7416780221109925,-0.6003234426332185,2.318342955353149
2025-04-02 00:00:00,22,-0.049359373817678076,0.543427115112967,0.8508946518077855,0.6455396544293146,-2.5415399351732457
2025-04-02 04:00:00,22,0.7284224249216873,-0.2365374127608968,0.03421269672953453,0.6697356237636969,-0.049359373817678076
2025-04-02 08:00:00,22,0.43475171309195737,0.016352130128982154,-0.22066464637647226,0.31266288777268336,0.7284224249216873
2025-04-02 12:00:00,22,-0.4088464126896749,-0.180724835070355,-0.12442941574941363,0.09954756023836886,0.43475171309195737
2025-04-02 16:00:00,22,1.292993037178519,1.1121231945126213,0.15201578944428693,0.2999641072645103,-0.4088464126896749
2025-04-02 20:00:00,22,1.262166539691858,-0.6422968863287304,-0.4056731640365422,-0.3338611919117209,1.292993037178519
2025-04-03 00:00:00,22,0.33485074150979877,-1.1212684984796044,-0.3955713902622024,-0.9525753393414007,1.262166539691858
2025-04-03 04:00:00,22,-2.5683835793565457,-1.8628563157256814,-0.09169209243863538,-1.116719201925502,0.33485074150979877
2025-04-03 08:00:00,22,-0.8503020846879323,0.08108956570832203,0.8596912535279746,0.14230265184819402,-2.5683835793565457
2025-04-03 12:00:00,22,0.7970533847720915,0.9182499455266246,0.2966798185593435,0.5591208076470418,-0.8503020846879323
2025-04-03 16:00:00,22,0.9160116300697965,1.9279750569570189,-0.24315485729403039,0.16840516917384907,0.7970533847720915
2025-04-03 20:00:00,22,-0.4365635864025901,-0.3722746615518138,-0.28213720626539246,-0.2806238114808517,0.9160116300697965
2025-04-04 00:00:00,22,-0.24434521619865457,-0.10195861455785944,0.16109864482327063,-0.06662030349222636,-0.4365635864025901
2025-04-04 04:00:00,22,-0.7621196951847065,-0.6514948198794694,0.09810911797505603,0.05315774272010643,-0.24434521619865457
2025-04-04 08:00:00,22,0.25493819163619946,0.4681784652467476,0.2677826481938888,0.42674888352209006,-0.7621196951847065
2025-04-04 12:00:00,22,1.7892223429845906,0.4248515044406149,-0.06550492988787668,0.3017781598298228,0.25493819163619946
2025-04-04 16:00:00,22,0.45559963906070067,0.5272245355911532,-0.5682863895455288,-0.5752987881711196,1.7892223429845906
2025-04-04 20:00:00,22,-1.1822158354594112,-0.3422641332371145,-0.13126123411903406,-0.7986337708268394,0.45559963906070067
2025-04-05 00:00:00,22,3.340734074025871,1.4654863640046742,0.40544720688612074,-0.21911146555901695,-1.1822158354594112
2025-04-07 04:00:00,23,-2.7056020201450917,-3.095637379319615,-0.964814398285887,-1.8626896558326917,3.340734074025871
2025-04-07 08:00:00,23,0.487792292339039,-1.4885234047570262,0.8150803684156392,-0.5525654225255359,-2.7056020201450917
2025-04-07 12:00:00,23,-0.3931505029115705,-1.3034678415461873,-0.12497750072672532,-0.7887673835883655,0.487792292339039
2025-04-07 16:00:00,23,1.9117058394360562,1.2553395431177214,0.13435070177620995,-0.5983934862574776,-0.3931505029115705
2025-04-07 20:00:00,23,-2.2496715584356384,4.353960720444094,-0.5441431295042456,-1.5240921398479514,1.9117058394360562
2025-04-08 00:00:00,23,-0.10542085994308259,4.353960720444094,0.6808654934670221,-0.4347415244420869,-2.2496715584356384
2025-04-08 04:00:00,23,-0.0322941060018227,1.329313363994064,0.04965007022543766,-0.3836939489749067,-0.10542085994308259
2025-04-08 08:00:00,23,-0.9710164027339108,-0.7379210455093502,0.028123326654004563,-0.3680562866169703,-0.0322941060018227
2025-04-08 12:00:00,23,-0.05807289292756579,-0.3281832984721175,0.304460413662823,0.10213560069253713,-0.9710164027339108
2025-04-08 16:00:00,23,0.9475078681363929,0.4174814668303361,0.03571197657792764,0.13025603516744066,-0.05807289292756579
2025-04-08 20:00:00,23,0.323032977113872,-0.6964721138567659,-0.2603066215014913,-0.3285523963949073,0.9475078681363929
2025-04-09 00:00:00,23,0.21026899407029553,-0.09806160162563918,-0.07647635253264513,-0.4849735286690269,0.323032977113872
2025-04-09 04:00:00,23,0.44182074358409196,-1.3709174980838712,-0.04328136962635644,-0.5867913505783404,0.21026899407029553
2025-04-09 08:00:00,23,-0.7857270726590819,-2.384304366095461,-0.11144459124705249,-0.8007326688644145,0.44182074358409196
2025-04-09 12:00:00,23,-0.17522009617130863,-0.13914776994418127,0.24991572679968907,-0.42026278785769033,-0.7857270726590819
2025-04-09 16:00:00,23,0.3673277566399413,0.15261131467163447,0.07019727325011793,-0.3354165715822708,-0.17522009617130863
2025-04-09 20:00:00,23,1.24431142273313,-1.1768848261089078,-0.08951566180072491,-0.5132864105153949,0.3673277566399413
2025-04-10 00:00:00,23,-1.8981346795166,4.353960720444094,-0.34767839265963724,-1.1158149925335872,1.24431142273313
2025-04-10 04:00:00,23,-0.8776903599245749,1.4828421727614134,0.5773815585111409,-0.19668785439593428,-1.8981346795166
2025-04-10 08:00:00,23,-0.2814270561653025,-0.5011095829169492,0.27698748913362914,0.2283130885792639,-0.8776903599245749
2025-04-10 12:00:00,23,0.6838887556307061,-0.9857859721722384,0.10146202753045498,0.3645875308088291,-0.2814270561653025
2025-04-10 16:00:00,23,1.6164649556415007,-0.9961108097835056,-0.18270354561496818,0.03343046300400321,0.6838887556307061
2025-04-10 20:00:00,23,-0.8657607794781743,-2.222707217986665,-0.45723137074692577,-0.7493047267650157,1.6164649556415007
2025-04-11 00:00:00,23,-0.6776930157981216,-0.21875741531624643,0.27347570985527186,-0.3300804029376616,-0.8657607794781743
2025-04-11 04:00:00,23,0.383899025028656,-1.4840433455703823,0.2181131194954512,-0.0019234766309184081,-0.6776930157981216
2025-04-11 08:00:00,23,-0.5507399931719199,-2.679708929790266,-0.09439384148231998,-0.18781756308124553,0.383899025028656
2025-04-11 12:00:00,23,0.29721387412003075,-2.7930770168611136,0.18074122731645723,0.07886534369277332,-0.5507399931719199
2025-04-11 16:00:00,23,1.3917396297558806,-1.8795690805448788,-0.0688758345356437,-0.06505349435528363,0.29721387412003075
2025-04-11 20:00:00,23,-1.0491839956595257,-3.295851232355088,-0.39107768275152593,-0.7389707230611258,1.3917396297558806
2025-04-12 00:00:00,23,0.052792809544298436,-0.8454234398664418,0.32747105802777765,-0.23092801475554037,-1.0491839956595257
2025-04-14 04:00:00,23,-0.21372175195506138,-3.1465697636679266,0.0030758014525327643,-0.25649169286243545,0.052792809544298436
2025-04-14 08:00:00,23,-0.8072076408806037,-3.2961282736838027,0.08153122732933478,-0.15300195404040018,-0.21372175195506138
2025-04-14 12:00:00,23,-0.10018922130578645,-2.4527819367544006,0.2562390853374522,0.23786938762560972,-0.8072076408806037
2025-04-14 16:00:00,23,1.6205207333042377,-1.3050301795397055,0.04811000263958612,0.28638366495522494,-0.10018922130578645
2025-04-14 20:00:00,23,-2.3331259519170633,-3.1923937385640895,-0.4584252933678945,-0.4983154398912122,1.6205207333042377
2025-04-15 00:00:00,23,0.6967477105648872,-1.2277608915640628,0.7054324437493658,0.631446005511779,-2.3331259519170633
2025-04-15 04:00:00,23,-0.00905044535194044,-2.2509259642243977,-0.18648891021199493,0.2940622907910946,0.6967477105648872
2025-04-15 08:00:00,23,-0.6153907005882271,-2.427805242543995,0.02128095644742672,0.29844475639006784,-0.00905044535194044
2025-04-15 12:00:00,23,0.48726965789347076,-1.4726471353251576,0.1997728282730717,0.5964332498157452,-0.6153907005882271
2025-04-15 16:00:00,23,1.1954917433290486,-0.49706737401409473,-0.12482364981601236,0.36048436220836155,0.48726965789347076
2025-04-15 20:00:00,23,-1.2794890295558439,-1.9347221991417791,-0.33330706256319387,-0.2184044366586697,1.1954917433290486
2025-04-16 00:00:00,23,-0.23886925704699102,-1.1420569897633328,0.3952672767944223,0.40115807526681824,-1.2794890295558439
2025-04-16 04:00:00,23,0.03303551672478022,-1.5684914833371606,0.08893404318534993,0.5168249028043572,-0.23886925704699102
2025-04-16 08:00:00,23,0.8682275030189714,-1.9852544200801425,0.008891869488769154,0.5008282297169249,0.03303551672478022
2025-04-16 12:00:00,23,-0.9606386786588548,-1.9360511197744874,-0.23696840397985466,0.08040945294948365,0.8682275030189714
2025-04-16 16:00:00,23,0.9509032038173437,-0.2441246784385135,0.3014054632790241,0.5455761711113958,-0.9606386786588548
2025-04-16 20:00:00,23,1.8625458016470322,-1.988973555599706,-0.26130612601390923,0.08512362798988082,0.9509032038173437
2025-04-17 00:00:00,23,-2.931455806625806,-3.289579703157838,-0.5296716061504764,-0.8167704318953284,1.8625458016470322
2025-04-17 04:00:00,23,0.20355265316214677,-1.5193270322627033,0.8815662478533198,0.6027181930146606,-2.931455806625806
2025-04-17 08:00:00,23,-0.1425353059846266,-1.9501450355606913,-0.04130424168513562,0.504152601447208,0.20355265316214677
2025-04-17 12:00:00,23,0.08411281028328155,-1.361219182190342,0.06057566338623732,0.5731719757239526,-0.1425353059846266
2025-04-17 16:00:00,23,0.9653372815360193,-0.19809698090245875,-0.006144047484106206,0.5324423228543909,0.08411281028328155
2025-04-17 20:00:00,23,-0.44481342680523817,-1.6644495622336335,-0.2655551685734854,0.065000416602647,0.9653372815360193
2025-04-18 00:00:00,23,0.9348296418959627,0.37835625252451677,0.1495590141225064,0.28039087145109853,-0.44481342680523817
2025-04-21 04:00:00,23,-1.5845689214287866,-2.7982568931231198,-0.25657445905055604,-0.17227842682066807,0.9348296418959627
2025-04-21 08:00:00,23,-0.8136431266286159,-1.6221182321700063,0.4850754010060442,0.5950118575050025,-1.5845689214287866
2025-04-21 12:00:00,23,1.4629486730042185,-0.6676435139895379,0.25813353632821207,0.9889994319978648,-0.8136431266286159
2025-04-21 16:00:00,23,1.497948661854096,-0.60703759070687,-0.41203989878541936,0.2806008965456366,1.4629486730042185
2025-04-21 20:00:00,23,-1.462148884689265,-2.3511494877739327,-0.42234304700911246,-0.4447455614821543,1.497948661854096
2025-04-22 00:00:00,23,-0.3438590292616386,-1.21989942076571,0.44903790998033905,0.263265695262735,-1.462148884689265
2025-04-22 04:00:00,23,0.9349681093652542,-1.711712494600556,0.11984048689134758,0.4297713541596737,-0.3438590292616386
2025-04-22 08:00:00,23,-1.2714902644613275,-2.7478890084738135,-0.25661522051669217,-0.022964993731989125,0.9349681093652542
2025-04-22 12:00:00,23,1.0827260050203709,-1.3280437285813609,0.3929126342621407,0.5927243040589616,-1.2714902644613275
2025-04-22 16:00:00,23,0.8156356343999072,-1.2504586813460057,-0.3001115629494117,0.0684396655026358,1.0827260050203709
2025-04-22 20:00:00,23,-1.0813224113603521,-3.3916380645280966,-0.22148663282651593,-0.3265127340815681,0.8156356343999072
2025-04-23 00:00:00,23,1.7632327950324012,-1.6929392686658746,0.33693182848860703,0.19709224721030516,-1.0813224113603521
2025-04-23 04:00:00,23,-1.5135905922318251,-3.5972603365627727,-0.5004362646170823,-0.6567118217303207,1.7632327950324012
2025-04-23 08:00:00,23,-0.771934731281041,-2.3143206250371673,0.4641811015957478,0.07620887370969154,-1.5135905922318251
2025-04-23 12:00:00,23,0.3709364507131916,-1.2687908748040402,0.24585559586138367,0.4500001373370397,-0.771934731281041
2025-04-23 16:00:00,23,1.308075145453211,-0.08455404054017414,-0.09057797385145547,0.27038287305430675,0.3709364507131916
2025-04-23 20:00:00,23,-1.2261989302362224,-1.268501880804112,-0.36644888682457344,-0.3630217941085059,1.308075145453211
2025-04-24 00:00:00,23,0.027228268298282288,-0.13276871824190684,0.37957996344982664,0.2307362388159513,-1.2261989302362224
2025-04-24 04:00:00,23,-0.020387229531410256,-0.8077446922633368,0.010601382642234798,0.2175515893874822,0.027228268298282288
2025-04-24 08:00:00,23,-0.3476000615979089,-0.8283675723038489,0.02461823087577285,0.22742362646471115,-0.020387229531410256
2025-04-24 12:00:00,23,-1.01430029534529,-0.18485892758698508,0.12094175611847639,0.3957407924069729,-0.3476000615979089
2025-04-24 16:00:00,23,1.085264737667643,1.9837850910951265,0.3172021423298312,0.8868918881291767,-1.01430029534529
2025-04-24 20:00:00,23,0.2540854610909449,0.3511746572577483,-0.30085890429507234,0.3613779279141909,1.085264737667643
2025-04-25 00:00:00,23,-0.5731568784922363,-0.017055310434956852,-0.05617987528842007,0.23834301094276622,0.2540854610909449
2025-04-25 04:00:00,23,0.8093903079439126,-0.1918195163077695,0.1873402149092649,0.5158807679404109,-0.5731568784922363
2025-04-25 08:00:00,23,-1.4488156802257368,-0.8901573368719641,-0.21964816012135424,0.12395252101206289,0.8093903079439126
2025-04-25 12:00:00,23,1.4910621564143103,0.5982195380233811,0.44511293781895456,0.8255074866449394,-1.4488156802257368
2025-04-25 16:00:00,23,1.012096929873767,0.6545266099230876,-0.4203158267550229,0.10349565713689657,1.4910621564143103
2025-04-25 20:00:00,23,-0.9091275576408773,-1.131735173054163,-0.2793200754646847,-0.3865885106049234,1.012096929873767
2025-04-26 00:00:00,23,0.42781618408483446,1.149224237838708,0.2862418380192215,0.05363515701666888,-0.9091275576408773
2025-04-28 04:00:00,23,-1.2661902505300482,-1.3303041905945932,-0.10732198843859804,-0.15352478224907706,0.42781618408483446
2025-04-28 08:00:00,23,-0.7824546666387935,-0.551766794726847,0.39135243864734126,0.4595981082740881,-1.2661902505300482
2025-04-28 12:00:00,23,1.4623385509356073,0.5223188198925234,0.24895240979922506,0.8384834035226421,-0.7824546666387935
2025-04-28 16:00:00,23,0.8173295180552138,0.4565358221980218,-0.41186029363941745,0.13038030535254563,1.4623385509356073
2025-04-28 20:00:00,23,-1.0512030899266112,-1.05385671008489,-0.22198527111035005,-0.26539231760845094,0.8173295180552138
2025-04-29 00:00:00,23,-0.8572881886335963,-0.5996310254352825,0.32806543043174097,0.2436280896746421,-1.0512030899266112
2025-04-29 04:00:00,23,0.6480389443005219,-0.32937779043383847,0.2709815845089806,0.6587497603764705,-0.8572881886335963
2025-04-29 08:00:00,23,-0.7544853259492452,-0.5796014409149884,-0.1721502302550517,0.3449521217239937,0.6480389443005219
2025-04-29 12:00:00,23,0.3003142109441779,0.22257058749623465,0.24071891395214298,0.7102939206437577,-0.7544853259492452
2025-04-29 16:00:00,23,0.831275361604213,1.30959688557065,-0.06978849853618305,0.5648738173044698,0.3003142109441779
2025-04-29 20:00:00,23,-1.3041363104285395,-0.10703854269273895,-0.22609058936648072,0.1623482471430293,0.831275361604213
2025-04-30 00:00:00,23,1.1889326049067215,0.8232896122002785,0.40252283876707323,0.79384562595434,-1.3041363104285395
2025-04-30 04:00:00,23,-0.8129709557183791,-0.7717508634606914,-0.3313762112227886,0.2181329358175379,1.1889326049067215
2025-04-30 08:00:00,23,-0.5870206529843323,-0.05164865217019944,0.2579356655074661,0.6117950273340167,-0.8129709557183791
2025-04-30 12:00:00,23,1.0054453939428267,0.4835618291026146,0.19142137402461756,0.8960459915188093,-0.5870206529843323
2025-04-30 16:00:00,23,1.7919122118339406,0.9776840390017708,-0.27736202453770736,0.4091826738306752,1.0054453939428267
2025-04-30 20:00:00,23,-1.2635217937021732,-1.0055601532027032,-0.508878789657383,-0.4585087291188161,1.7919122118339406
2025-05-01 00:00:00,23,-1.3473596809580197,0.22177932690212177,0.39056690964777363,0.15332202385799132,-1.2635217937021732
2025-05-01 04:00:00,23,-0.2794611401797944,0.4393322540820671,0.4152467512003882,0.8057493046852864,-1.3473596809580197
2025-05-01 08:00:00,23,-0.12337411460178771,0.7493138734193922,0.10088330952340373,0.9410717982712296,-0.2794611401797944
2025-05-01 12:00:00,23,1.4858088936009217,1.2297751385625282,0.05493507316185986,1.000812815648925,-0.12337411460178771
2025-05-01 16:00:00,23,1.0055826173604867,1.0069738849422458,-0.4187693935359578,0.2813447552778463,1.4858088936009217
2025-05-01 20:00:00,23,-0.8418859289253167,-0.31067796241295564,-0.27740241978520236,-0.20558500962740123,1.0055826173604867
2025-05-02 00:00:00,23,-0.7680275711096769,0.30621072751383205,0.2664475326429962,0.20207847855487593,-0.8418859289253167
2025-05-02 04:00:00,23,-0.10110448362698143,0.46105706871249497,0.24470542262698808,0.5739777916345075,-0.7680275711096769
2025-05-02 08:00:00,23,-0.10206967421338398,0.38906245399526496,0.04837943367852962,0.6229352632469114,-0.10110448362698143
2025-05-02 12:00:00,23,0.38037725459529703,1.8584017595932596,0.04866356238835501,0.6723601057318929,-0.10206967421338398
2025-05-02 16:00:00,23,0.9599635878018979,1.8678099097752414,-0.09335711764391098,0.4881713539000847,0.38037725459529703
2025-05-02 20:00:00,23,-0.7674226525054912,0.004316961318394305,-0.26397328341092546,0.023331532630176177,0.9599635878018979
2025-05-03 00:00:00,23,2.152101589161118,2.1309130658842705,0.2445273492547671,0.39493792808311223,-0.7674226525054912
2025-05-05 04:00:00,24,-2.3072961895886,-1.6564427099777124,-0.7384585415764939,-0.7120003886052579,2.152101589161118
2025-05-05 08:00:00,24,-0.7293952729200157,-0.2774047685796312,0.7853534972921732,0.5107950011721112,-2.3072961895886
2025-05-05 12:00:00,24,0.23270612122732892,0.6041949065713293,0.24617208037098018,0.8973518641689813,-0.7293952729200157
2025-05-05 16:00:00,24,0.9774598160768626,1.4435767872788436,-0.08258569360474537,0.7740248403157981,0.23270612122732892
2025-05-05 20:00:00,24,-0.41439129310257705,-0.25692246174035654,-0.3370740129943252,0.2560014663836734,0.9774598160768626
2025-05-06 00:00:00,24,0.5872176470033299,0.025126417472668406,0.13853269035631877,0.47561599400964916,-0.41439129310257705
2025-05-06 04:00:00,24,-0.6642914089097172,-0.5372902575147751,-0.20372512939794085,0.1644088612662724,0.5872176470033299
2025-05-06 08:00:00,24,-0.3773410794547303,-0.28932571030900767,0.22392556712461625,0.516462696378075,-0.6642914089097172
2025-05-06 12:00:00,24,-0.23102630343977815,0.36406702442753264,0.12587233476564208,0.7164417603634101,-0.3773410794547303
2025-05-06 16:00:00,24,1.3668113829152482,1.5168566719949819,0.07587540060148085,0.8388785329105186,-0.23102630343977815
2025-05-06 20:00:00,24,-0.6386688755783361,-0.43894195682107795,-0.4701185706536452,0.11451090934069796,1.3668113829152482
2025-05-07 00:00:00,24,0.6242114654497879,-0.007527409247793724,0.2151701416851707,0.45298559680192696,-0.6386688755783361
2025-05-07 04:00:00,24,-1.1532778568703588,-0.613971852298535,-0.2163662142953369,0.12217288812481897,0.6242114654497879
2025-05-07 08:00:00,24,-0.3980671248352614,-0.019361175337803977,0.3910161639304843,0.7333743684015435,-1.1532778568703588
2025-05-07 12:00:00,24,-0.4331845308859723,0.645774794010703,0.13295459094370532,0.9443375933515572,-0.3980671248352614
2025-05-07 16:00:00,24,2.0233289135153996,1.9932975813176044,0.1449544906541357,1.1739119538868152,-0.4331845308859723
2025-05-07 20:00:00,24,0.15093539468707462,-0.5655947810857199,-0.6944558840065984,0.10161040950164058,2.0233289135153996
2025-05-08 00:00:00,24,0.07748754682115333,-0.5971587585971849,-0.05464397956370457,0.021619333535580765,0.15093539468707462
2025-05-08 04:00:00,24,-0.7059501437384537,-0.943267803416405,-0.029546260015020483,-0.019446661998767212,0.07748754682115333
2025-05-08 08:00:00,24,-1.158361609388649,-0.6157046347114622,0.23816069141843155,0.35468500998651376,-0.7059501437384537
2025-05-08 12:00:00,24,-0.026978288159520858,0.5968603954807066,0.3927533229986694,0.9685807213594391,-1.158361609388649
2025-05-08 16:00:00,24,2.3452969226159226,1.6102875424992993,0.0061505548671562625,0.9828783770026144,-0.026978288159520858
2025-05-08 20:00:00,24,-0.673545703096444,-0.8589255963948722,-0.8044749387623527,-0.2600562221938345,2.3452969226159226
2025-05-09 00:00:00,24,0.010106298271196579,-0.38839557209315273,0.2270878337786846,0.09690210169502045,-0.673545703096444
2025-05-09 04:00:00,24,-0.944933403674936,-0.6349109775826582,-0.006521546179509402,0.0915460771891512,0.010106298271196579
2025-05-09 08:00:00,24,1.3229131433277495,-0.16465533214847872,0.3198231908515709,0.5923314617766291,-0.944933403674936
2025-05-09 12:00:00,24,-1.4386783546273811,-0.6680243942820923,-0.4551181895960652,-0.1087714568848428,1.3229131433277495
2025-05-09 16:00:00,24,1.5345220211743094,1.3112283411882133,0.4885398063500203,0.6536834318065505,-1.4386783546273811
2025-05-09 20:00:00,24,-1.7109866433000906,-0.7650194563795432,-0.5274266427981213,-0.15956562632081805,1.5345220211743094
2025-05-10 00:00:00,24,1.4404146798484518,2.339218717044041,0.5815897357688615,0.7472042061951587,-1.7109866433000906
2025-05-12 04:00:00,24,-1.2201750265963156,-0.8021683584493615,-0.49526940839718614,-0.016170880988764402,1.4404146798484518
2025-05-12 08:00:00,24,1.9135214092395554,-0.21565380045727187,0.4138754641437149,0.6304840235597009,-1.2201750265963156
2025-05-12 12:00:00,24,-1.5206085728649583,-0.9673122999834167,-0.6569337778219899,-0.38362295066263563,1.9135214092395554
2025-05-12 16:00:00,24,1.6672596518597018,1.0370320374177957,0.5165360199850733,0.42225241156675875,-1.5206085728649583
2025-05-12 20:00:00,24,-0.5682303967333162,-1.0989214064148354,-0.5727841573515806,-0.461343472245356,1.6672596518597018
2025-05-13 00:00:00,24,-0.9356333964811476,-0.7569399554291809,0.19110074770217178,-0.1601989930093568,-0.5682303967333162
2025-05-13 04:00:00,24,0.5014314076927704,-0.3438658052117985,0.3166453036958229,0.33565767632570687,-0.9356333964811476
2025-05-13 08:00:00,24,-0.5009126095847964,-0.8401992530767199,-0.17441128239069997,0.0699145886445276,0.5014314076927704
2025-05-13 12:00:00,24,-0.7413425928282358,-0.08553913866865799,0.16809771913725352,0.33538272942573055,-0.5009126095847964
2025-05-13 16:00:00,24,1.7294349551003059,1.4108089307156164,0.25025457554445746,0.7282713012729376,-0.7413425928282358
2025-05-13 20:00:00,24,-1.2871113219866785,-0.8393221172902767,-0.5940299578607484,-0.18827556408358692,1.7294349551003059
2025-05-14 00:00:00,24,-0.630995439522259,0.018052553175665887,0.4367481339107303,0.4938535001247635,-1.2871113219866785
2025-05-14 04:00:00,24,-0.1212604090746261,0.24726585704914958,0.21254806695179326,0.828261504567374,-0.630995439522259
2025-05-14 08:00:00,24,0.6362573657903816,0.13891942942177118,0.03836751285756657,0.8925257589132407,-0.1212604090746261
2025-05-14 12:00:00,24,-0.20535246760272408,0.13068883113136862,-0.220482395194354,0.5553290968153872,0.6362573657903816
2025-05-14 16:00:00,24,0.8217263138493394,1.3724703743498408,0.06710244468378528,0.6641595329757273,-0.20535246760272408
2025-05-14 20:00:00,24,-0.6827340247065123,-0.23041210187150638,-0.28385862443214704,0.22867008313058879,0.8217263138493394
2025-05-15 00:00:00,24,-0.930140086705558,0.21654596280855662,0.2302275570734172,0.5904979323778621,-0.6827340247065123
2025-05-15 04:00:00,24,0.4224489292825968,0.5858021626988099,0.3147681956232559,1.0834433179780856,-0.930140086705558
2025-05-15 08:00:00,24,0.8006054215250078,0.10068654393352075,-0.14742233513090858,0.8595584931887501,0.4224489292825968
2025-05-15 12:00:00,24,0.060623754359530935,0.017691735828183997,-0.2766414458819777,0.43526246093720733,0.8006054215250078
2025-05-15 16:00:00,24,0.8042714603788532,0.8701965003961096,-0.023783766680952487,0.40313375215836267,0.060623754359530935
2025-05-15 20:00:00,24,0.008632801430564996,-0.6611623318425135,-0.27789416080395,-0.02310516693599496,0.8042714603788532
2025-05-16 00:00:00,24,-0.7526430589603113,-0.6726168984086403,-0.0060180404739432845,-0.027680283835936237,0.008632801430564996
2025-05-16 04:00:00,24,-0.7574070564765822,-0.3911967330197604,0.2541160355870985,0.37119718443080707,-0.7526430589603113
2025-05-16 08:00:00,24,0.04223270597245232,-0.08188795167877029,0.2557439318028224,0.7725994235640279,-0.7574070564765822
2025-05-16 12:00:00,24,-0.7342499147537342,0.3400000770443204,-0.017499397730240986,0.7502173997935353,0.04223270597245232
2025-05-16 16:00:00,24,2.2622372035142337,1.8755122893811011,0.24783095047803078,1.1393470723326216,-0.7342499147537342
2025-05-16 20:00:00,24,-1.4094111489595367,-0.773190913857471,-0.776092765609885,-0.05956845291396018,2.2622372035142337
2025-05-17 00:00:00,24,2.252227734628592,2.1747592563453213,0.47853896709920773,0.6873757248752979,-1.4094111489595367
2025-05-19 04:00:00,24,-1.334984826074951,-1.4804690485422642,-0.7726724496956368,-0.5062350924353396,2.252227734628592
2025-05-19 08:00:00,24,0.24792457794146117,-0.7342164328200456,0.4531068947775375,0.20126544352240305,-1.334984826074951
2025-05-19 12:00:00,24,-1.2025940640659005,-0.5278379379087967,-0.08778596249856407,0.06987310980846662,0.24792457794146117
2025-05-19 16:00:00,24,1.4328250026838187,1.3913056113383475,0.40786790803683254,0.7072106497172959,-1.2025940640659005
2025-05-19 20:00:00,24,-0.5303701639863423,-0.65499318857163,-0.4926759547497663,-0.052142144061607,1.4328250026838187
2025-05-20 00:00:00,24,0.10793792847564632,-0.3103181707568121,0.17816360207925236,0.2289375865444594,-0.5303701639863423
2025-05-20 04:00:00,24,-0.04378955352946434,-0.5988372308644901,-0.03995140000373693,0.171733833546595,0.10793792847564632
2025-05-20 08:00:00,24,-0.3450735832212519,-0.7384923195750739,0.01189509927210013,0.19494093821649283,-0.04378955352946434
2025-05-20 12:00:00,24,-1.004450907966902,-0.04987200859709469,0.11484627213022737,0.3778192303928174,-0.3450735832212519
2025-05-20 16:00:00,24,1.7859684189967222,1.6846993428380386,0.34016080011255573,0.9101470455480181,-1.004450907966902
2025-05-20 20:00:00,24,0.5493958619899306,-0.5971104659883005,-0.6133478965507702,-0.03636080155528809,1.7859684189967222
2025-05-21 00:00:00,24,-1.0844860781704302,-1.015931324733592,-0.19080112167439595,-0.3275235617745711,0.5493958619899306
2025-05-21 04:00:00,24,0.06736426734657996,-0.47052822954075674,0.3675094606133538,0.24722041026006814,-1.0844860781704302
2025-05-21 08:00:00,24,-0.02047826991330126,-0.6784974502015524,-0.026087054108407694,0.2115194387424868,0.06736426734657996
2025-05-21 12:00:00,24,-0.8355347340456536,-0.17430331774873742,0.0039294464242955246,0.22237228639750128,-0.02047826991330126
2025-05-21 16:00:00,24,1.8630764592754403,1.4406892128523419,0.2824407867494513,0.6651797704995124,-0.8355347340456536
2025-05-21 20:00:00,24,1.1120370901087977,-0.9336027353970942,-0.6396963332455616,-0.3221929454459671,1.8630764592754403
2025-05-22 00:00:00,24,-1.555616360010001,-1.5184517341502324,-0.383060148455308,-0.9115380989561173,1.1120370901087977
2025-05-22 04:00:00,24,-0.4400077229222674,-0.751156880444561,0.528498462034978,-0.08710969576023153,-1.555616360010001
2025-05-22 08:00:00,24,-0.4753844795356432,-0.6166140679445457,0.1472860301767962,0.14608074484450118,-0.4400077229222674
2025-05-22 12:00:00,24,0.10065398227792954,0.1616677145189199,0.15937455205759213,0.39801976878557,-0.4753844795356432
2025-05-22 16:00:00,24,0.4563549572556109,1.1427203283696654,-0.0374624170833426,0.3446762812664703,0.10065398227792954
2025-05-22 20:00:00,24,-0.4245299523296122,-0.11065344444246951,-0.15900829722240478,0.10282231368647388,0.4563549572556109
2025-05-23 00:00:00,24,-0.46440834775583184,0.11145619492318423,0.14199715164787788,0.32781001612081795,-0.4245299523296122
2025-05-23 04:00:00,24,-0.29605376340882295,0.1484309963770247,0.1556239196681723,0.5739320307856159,-0.46440834775583184
2025-05-23 08:00:00,24,-0.09310028127770309,0.19340610290153906,0.09809580597327133,0.7308313394465884,-0.29605376340882295
2025-05-23 12:00:00,24,2.3344537102588383,0.6680384621543768,0.028744971007294055,0.7801715998115357,-0.09310028127770309
2025-05-23 16:00:00,24,-0.426017655523804,0.2900843249971263,-0.800769726007287,-0.4570164332784685,2.3344537102588383
2025-05-23 20:00:00,24,-0.762821065747854,-0.6341910658888704,0.1425055117785609,-0.23124029431160498,-0.426017655523804
2025-05-24 00:00:00,24,0.1953455801040036,1.8862581438207682,0.25759394225612253,0.17303120174970132,-0.762821065747854
2025-05-26 04:00:00,24,-1.111704143046076,-0.49742014030891396,-0.06981929662314831,0.06950410547033226,0.1953455801040036
2025-05-26 08:00:00,24,-0.017984474066173206,0.022082154194052062,0.37681009199677923,0.6586728073679096,-1.111704143046076
2025-05-26 12:00:00,24,-1.014799289263987,0.4776109349157248,0.0030772963531709337,0.6682040206013564,-0.017984474066173206
2025-05-26 16:00:00,24,1.9091174333328382,2.1116348872596555,0.34369692511993793,1.206016156754803,-1.014799289263987
2025-05-26 20:00:00,24,0.16950077555986987,1.70391440365008,-0.6554289038819432,0.19424315311661733,1.9091174333328382
2025-05-27 04:00:00,24,-0.2249938686063917,-0.6590605174891488,-0.06098791932502346,0.10441300133395792,0.16950077555986987
2025-05-27 08:00:00,24,-0.6153830400016673,-0.6408173831794651,0.0738140691664138,0.22365277059354582,-0.2249938686063917
2025-05-27 12:00:00,24,0.7254865055234472,0.2019859388799979,0.2072131846368599,0.5497866877112223,-0.6153830400016673
2025-05-27 16:00:00,24,0.22081262112289224,0.7138361672407826,-0.2509727089293313,0.16530135015343728,0.7254865055234472
2025-05-27 20:00:00,24,-1.5763964808514093,-0.4717517996356972,-0.07852158909050137,0.04827751232450517,0.22081262112289224
2025-05-28 00:00:00,24,1.349178044185809,0.5516193336268922,0.535599196232357,0.8837187348014819,-1.5763964808514093
2025-05-28 04:00:00,24,-0.6531002075842984,-0.5620409804393003,-0.46409311717887086,0.1686962336316542,1.349178044185809
2025-05-28 08:00:00,24,-0.20476954774749956,-0.25960782671372873,0.22010144374402443,0.5148190792811835,-0.6531002075842984
2025-05-28 12:00:00,24,-0.5473096617230073,0.27234091393962107,0.06690325628724449,0.6233405860050718,-0.20476954774749956
2025-05-28 16:00:00,24,1.3503173269729611,1.5998533690366568,0.18395196451386697,0.9133977248134331,-0.5473096617230073
2025-05-28 20:00:00,24,-0.17777057285261755,-0.36996121887628697,-0.46448241925795675,0.19777143911604078,1.3503173269729611
2025-05-29 00:00:00,24,0.26617652627069965,-0.25328043257093025,0.05767748970997608,0.2919843268688789,-0.17777057285261755
2025-05-29 04:00:00,24,-0.6791593214768312,-0.6227294549005912,-0.09402279984226035,0.1509190268612537,0.26617652627069965
2025-05-29 08:00:00,24,-1.0651736094288395,-0.41012131675523733,0.22900605226782927,0.5108523943125611,-0.6791593214768312
2025-05-29 12:00:00,24,0.3453935101149259,0.7073777430056231,0.36091023492665997,1.0753613571407552,-1.0651736094288395
2025-05-29 16:00:00,24,1.3629025250838769,1.5517951705172661,-0.12109187949241453,0.8923135136374638,0.3453935101149259
2025-05-29 20:00:00,24,-0.07953151837270589,-0.29957978583485767,-0.468782882536731,0.17001746343436785,1.3629025250838769
2025-05-30 00:00:00,24,0.8404796817543385,-0.253363272236945,0.024108415738392626,0.21216670047076214,-0.07953151837270589
2025-05-30 04:00:00,24,-1.909445554976605,-1.0339387097830222,-0.2902668008722813,-0.23326145248518948,0.8404796817543385
2025-05-30 08:00:00,24,0.5861862428897577,0.10156645696814509,0.6494047399101235,0.7786854454432452,-1.909445554976605
2025-05-30 12:00:00,24,0.9426809104921343,0.1512528260885241,-0.20337269032809843,0.46802492487769154,0.5861862428897577
2025-05-30 16:00:00,24,0.006843308744761245,0.5458665451144301,-0.32518978161195583,-0.03156670821317942,0.9426809104921343
2025-05-30 20:00:00,24,-0.9271733971150553,-0.5011615937132998,-0.005406556450004136,-0.03519344951396164,0.006843308744761245
2025-05-31 00:00:00,24,1.3447028659628195,2.063548112961556,0.31375445396173907,0.4561796826536355,-0.9271733971150553
2025-06-02 04:00:00,25,-2.0954880342573485,-1.1136466125563482,-0.48025472300282357,-0.5191169711534869,1.3447028659628195
2025-06-02 08:00:00,25,0.9437841151978965,0.39351818660325005,0.7612122412275405,0.7550104820997472,-2.0954880342573485
2025-06-02 12:00:00,25,-1.0451920956217027,-0.2211494456777306,-0.3355745587760927,0.18115788477669703,0.9437841151978965
2025-06-02 16:00:00,25,1.2465342764420289,1.7167120798637745,0.38219033567048916,0.8166699569927776,-1.0451920956217027
2025-06-02 20:00:00,25,0.04682942963123082,-0.20256201832586365,-0.444828473602724,0.05873504299131227,1.2465342764420289
2025-06-03 00:00:00,25,-0.25727858074132826,-0.2786212452447092,-0.011889146297563106,0.030261169154810474,0.04682942963123082
2025-06-03 04:00:00,25,-0.2339006732687281,-0.32282056984571206,0.09785477762572699,0.18669523009791256,-0.25727858074132826
2025-06-03 08:00:00,25,-1.006457545325313,-0.2999974492244928,0.08941835631602298,0.32891473422966566,-0.2339006732687281
2025-06-03 12:00:00,25,-0.48209869676812467,0.6614361732142052,0.36821213912209133,0.94087489246904,-1.006457545325313
2025-06-03 16:00:00,25,2.367231916574351,2.221858875350289,0.17898595756223654,1.234007172247276,-0.48209869676812467
2025-06-03 20:00:00,25,-0.6859094032161739,-0.6678690174924807,-0.8492563491099131,-0.2053497335503689,2.367231916574351
2025-06-04 00:00:00,25,-0.36922212126503773,-0.18852221557649318,0.25253543965507974,0.21170633491436774,-0.6859094032161739
2025-06-04 04:00:00,25,-1.0328048470041082,-0.19501075215553396,0.13825201471227186,0.4362058468950716,-0.36922212126503773
2025-06-04 08:00:00,25,-0.7524886473839967,0.6623278737049919,0.3777201302712866,1.0641860538482977,-1.0328048470041082
2025-06-04 12:00:00,25,1.5973030570597953,1.3943810073597902,0.2765619935688435,1.5217245499977796,-0.7524886473839967
2025-06-04 16:00:00,25,0.35635281132584495,1.2427856819959315,-0.5714109412188251,0.5505103779796254,1.5973030570597953
2025-06-04 20:00:00,25,-1.0021192977705198,0.15103062703240938,-0.12358732357200927,0.33383584081618967,0.35635281132584495
2025-06-05 00:00:00,25,0.3245011916684355,0.8557312156444458,0.3666465890761377,0.9431581981145865,-1.0021192977705198
2025-06-05 04:00:00,25,-0.08259003988816715,0.33496543187440925,-0.11209298075534359,0.7458505207817154,0.3245011916684355
2025-06-05 08:00:00,25,-0.18483424541921067,0.3224159684797084,0.034814656077551735,0.7960680526723642,-0.08259003988816715
2025-06-05 12:00:00,25,0.3906853307690259,0.557207534313197,0.071711679275493,0.9084535125461191,-0.18483424541921067
2025-06-05 16:00:00,25,1.8087631386156406,1.631413009396335,-0.13597695249776975,0.6709036447452501,0.3906853307690259
2025-06-05 20:00:00,25,-0.12776378826537815,-0.8686413401466516,-0.6477208650338784,-0.4288853942121742,1.8087631386156406
2025-06-06 00:00:00,25,0.047785569869366995,-1.0541503331872624,0.05111657590914402,-0.3512006985712164,-0.12776378826537815
2025-06-06 04:00:00,25,-1.7234417293859607,-1.2925528704942983,-0.012234190091133235,-0.38025593794484003,0.047785569869366995
2025-06-06 08:00:00,25,-0.053634713293549297,0.2212448152544098,0.6269513208140116,0.6676548043711446,-1.7234417293859607
2025-06-06 12:00:00,25,-0.3603463800782585,0.9809380916590981,0.024365502978687833,0.7002665203711818,-0.053634713293549297
2025-06-06 16:00:00,25,1.7629346941360442,1.8303269476801403,0.13504901238302902,0.9193692821299013,-0.3603463800782585
2025-06-06 20:00:00,25,-0.7146199575731664,-0.4181146098205596,-0.6311826840161205,-0.15255451574918943,1.7629346941360442
2025-06-07 00:00:00,25,1.450060467660217,1.2680760354037734,0.26289626142129785,0.2819585388239547,-0.7146199575731664
2025-06-09 04:00:00,25,-2.8634244850860124,-1.3794691795758196,-0.5182752822483844,-0.5997271690010919,1.450060467660217
2025-06-09 08:00:00,25,0.03092702780514145,0.8817393534572358,1.0383386455416406,1.1413315663013943,-2.8634244850860124
2025-06-09 12:00:00,25,1.815565281837502,0.9781291738952455,-0.006150422171020276,1.1225268895245009,0.03092702780514145
2025-06-09 16:00:00,25,0.2705387084501272,0.7238883281703313,-0.6501755648865418,0.018601917897337117,1.815565281837502
2025-06-09 20:00:00,25,-0.8444534837150606,-0.5492228423439081,-0.09261945670786187,-0.145894748258117,0.2705387084501272
2025-06-10 00:00:00,25,1.4054149489122878,0.027094765451740006,0.30974948504455235,0.36756147244419335,-0.8444534837150606
2025-06-10 04:00:00,25,-2.525750633857884,-1.342982908933869,-0.5021639854529262,-0.4869782530743363,1.4054149489122878
2025-06-10 08:00:00,25,0.44806001137371254,0.7542331719644512,0.9164817651698763,1.0487633832698702,-2.525750633857884
2025-06-10 12:00:00,25,-0.06145347046626348,0.5178573742992597,-0.15668184144722558,0.7763277731097169,0.44806001137371254
2025-06-10 16:00:00,25,1.6871848195902999,1.603017762841563,0.027187069866340098,0.8136935573750996,-0.06145347046626348
2025-06-10 20:00:00,25,-0.4450305957662746,-0.7136338236666674,-0.6038467106586195,-0.2121717600157318,1.6871848195902999
2025-06-11 00:00:00,25,-0.5832147474517697,-0.1464607863815429,0.1656091351255496,0.05842186320407805,-0.4450305957662746
2025-06-11 04:00:00,25,-1.0781876707502214,0.04462491264043018,0.215475861790852,0.41303611473990554,-0.5832147474517697
2025-06-11 08:00:00,25,-0.007368320946211426,0.7762620366716659,0.39409749945178263,1.0686106103245958,-1.0781876707502214
2025-06-11 12:00:00,25,0.9794558434870595,0.9101793063338549,0.007669279042491585,1.073090798160779,-0.007368320946211426
2025-06-11 16:00:00,25,0.16828661955903534,1.3807303197563836,-0.34844747005120924,0.4775485860199957,0.9794558434870595
2025-06-11 20:00:00,25,0.11723737327395689,0.1239757286879754,-0.05571958862969419,0.37522464119664,0.16828661955903534
2025-06-12 00:00:00,25,-0.5099726466461849,-0.0015469741506273444,-0.03729736886051553,0.3039403611656235,0.11723737327395689
2025-06-12 04:00:00,25,0.08714634429644086,0.1251522091748919,0.18904487258756553,0.6140209432913988,-0.5099726466461849
2025-06-12 08:00:00,25,-0.6292330953783178,-0.09039099161683353,-0.026438373101619148,0.5610330245328434,0.08714634429644086
2025-06-12 12:00:00,25,1.165839037847217,0.6681915545514956,0.23208257355664735,0.94362798485251,-0.6292330953783178
2025-06-12 16:00:00,25,0.4587133532813521,1.0413098474565625,-0.41570785913922587,0.23475849960063222,1.165839037847217
2025-06-12 20:00:00,25,0.7456610674364264,-0.2330228447463292,-0.1605263292737991,-0.04415470201865368,0.4587133532813521
2025-06-13 00:00:00,25,0.6857525016091497,-1.0740993918408361,-0.264077590793078,-0.49754179911060614,0.7456610674364264
2025-06-13 04:00:00,25,-1.0995280034573458,-1.6576152680698042,-0.2424582947987121,-0.9145024661024159,0.6857525016091497
2025-06-13 08:00:00,25,0.12992568432008866,-0.8299697067740077,0.40179861803211614,-0.2459523279374798,-1.0995280034573458
2025-06-13 12:00:00,25,-1.8781613648947584,-0.704293745370572,-0.04187621911985541,-0.32495152934957794,0.12992568432008866
2025-06-13 16:00:00,25,2.1660336363881196,1.874276423293267,0.6827852328767527,0.8170339735645786,-1.8781613648947584
2025-06-13 20:00:00,25,-0.7977905060932571,-0.8147250978483284,-0.7766496172872154,-0.49998758689025014,2.1660336363881196
2025-06-14 00:00:00,25,-0.8647006770892336,1.0917497508880083,0.29291014477236504,-0.014904031584500821,-0.7977905060932571
2025-06-16 04:00:00,25,-0.036254371693596354,0.2332768592092161,0.31705612075794,0.5108631660871925,-0.8647006770892336
2025-06-16 08:00:00,25,0.13818861587263598,0.14853741209584717,0.018093432460159525,0.5329070477606219,-0.036254371693596354
2025-06-16 12:00:00,25,-0.7387293174635285,0.27967504901133683,-0.044858075896910335,0.44888370506814557,0.13818861587263598
2025-06-16 16:00:00,25,1.0121767188563773,1.869013220169759,0.27159664308637044,0.898056064211147,-0.7387293174635285
2025-06-16 20:00:00,25,-0.4588930337918278,0.051086305094918634,-0.3602555025092648,0.28261845542721264,1.0121767188563773
2025-06-17 00:00:00,25,2.1514356808251094,0.4544844299507283,0.17061169438797708,0.5616409088615733,-0.4588930337918278
2025-06-17 04:00:00,25,-1.538669726269859,-1.7802315929467831,-0.7713816306834429,-0.7465046018902113,2.1514356808251094
2025-06-17 08:00:00,25,-0.7735788732916529,-0.44304103637186915,0.5602723647803131,0.18905852597315675,-1.538669726269859
2025-06-17 12:00:00,25,0.13177355207421648,0.21925656880380373,0.28417285572502055,0.6594205913270219,-0.7735788732916529
2025-06-17 16:00:00,25,1.2429434016506526,1.3123168608937639,-0.04254306198920589,0.5792978239498492,0.13177355207421648
2025-06-17 20:00:00,25,-0.2277000708858523,-0.42422392834548406,-0.44353262911168256,-0.17645371697666246,1.2429434016506526
2025-06-18 00:00:00,25,-0.3521161142148692,-0.15856166017593004,0.08718073542813105,-0.03800438838090603,-0.2277000708858523
2025-06-18 04:00:00,25,-1.1594755277206996,-0.1711635139259884,0.13207894372329948,0.176094093938997,-0.3521161142148692
2025-06-18 08:00:00,25,0.528083401993479,0.6393432910851616,0.42343197301703545,0.8810943502481638,-1.1594755277206996
2025-06-18 12:00:00,25,0.5087306810308849,0.24505672913884896,-0.18556000510197626,0.560001817583947,0.528083401993479
2025-06-18 16:00:00,25,0.8543590036576223,0.9787490030687983,-0.17857615901904772,0.2506763924719939,0.5087306810308849
2025-06-18 20:00:00,25,0.6721059082557961,-0.40349424409254214,-0.3033035816792226,-0.268802718693653,0.8543590036576223
2025-06-19 00:00:00,25,-0.9449900416927743,-0.7701758880550198,-0.23753362773404718,-0.6774657963169535,0.6721059082557961
2025-06-19 04:00:00,25,-0.8586361592095191,-0.38130087754241276,0.34603026685197313,-0.10287995498171654,-0.9449900416927743
2025-06-19 08:00:00,25,-0.7421189883641564,0.19498762098250494,0.3148676088933315,0.41919981112512605,-0.8586361592095191
2025-06-19 12:00:00,25,-0.45972917735873864,0.8749080890612912,0.272819878820897,0.8704332045863286,-0.7421189883641564
2025-06-19 16:00:00,25,1.432215782481757,2.198815506284963,0.1709134347988383,1.1499640615314917,-0.45972917735873864
2025-06-19 20:00:00,25,0.04730719287106311,1.5212567858751291,-0.511835643350807,0.2791285246016457,1.432215782481757
2025-06-20 04:00:00,25,-1.0850271951710209,0.10124095939809885,-0.012061557450367879,0.25036415458951655,0.04730719287106311
2025-06-20 08:00:00,25,1.44308433247034,0.7037246730478841,0.396565689115015,0.910097311874619,-1.0850271951710209
2025-06-20 12:00:00,25,-1.8944804944104288,-0.4523300244564813,-0.5157577936474805,0.032653329708567824,1.44308433247034
2025-06-20 16:00:00,25,2.550457886810019,2.2692001609773764,0.6886743421635092,1.1845614141832908,-1.8944804944104288
2025-06-20 20:00:00,25,-0.6472441421863184,-0.7949225818334287,-0.9153773858878664,-0.3662030658928499,2.550457886810019
2025-06-21 00:00:00,25,2.814471321236889,1.1042934708700285,0.23858224763052172,0.02734321880793278,-0.6472441421863184
2025-06-23 04:00:00,25,-3.466324396684362,-2.569444557860129,-1.0106523187216756,-1.683950340571763,2.814471321236889
2025-06-23 08:00:00,25,-0.38507579860056396,0.10438637579890767,1.2559080609304365,0.4236918904955411,-3.466324396684362
2025-06-23 12:00:00,25,0.6681602997695073,0.5312610119410798,0.1439731555572069,0.6578309734010066,-0.38507579860056396
2025-06-23 16:00:00,25,1.7564974951653571,1.1309730874099195,-0.23610976995068958,0.2515669589123952,0.6681602997695073
2025-06-23 20:00:00,25,-0.6827722010837487,-1.1824996368815528,-0.6288596821548651,-0.8164428047195313,1.7564974951653571
2025-06-24 00:00:00,25,0.9763294485730434,-0.7749760905724228,0.25140331271198785,-0.40129426104042043,-0.6827722010837487
2025-06-24 04:00:00,25,-1.870624135103057,-1.769992945915117,-0.34731924312559287,-0.9949355195491449,0.9763294485730434
2025-06-24 08:00:00,25,-0.33644387613403026,-0.5604398137053606,0.680065261206689,0.14246709324963636,-1.870624135103057
2025-06-24 12:00:00,25,-0.650194452724211,-0.2158468554274956,0.12642327914036325,0.3470363258356972,-0.33644387613403026
2025-06-24 16:00:00,25,1.2194277549448493,1.6097934392761155,0.23964693071737594,0.7423764989245303,-0.650194452724211
2025-06-24 20:00:00,25,-0.11347233069066931,-0.2928138122582199,-0.43504650163372804,0.0009232649122301595,1.2194277549448493
2025-06-25 00:00:00,25,0.018040376835852356,-0.455505189650664,0.04595919570429395,0.06991827197217315,-0.11347233069066931
2025-06-25 04:00:00,25,-0.5277795166012478,-0.6450681086178935,-0.001499996679540796,0.05894911394415292,0.018040376835852356
2025-06-25 08:00:00,25,-0.4978782352856719,-0.3626576802949524,0.19547086504750197,0.3798568740329351,-0.5277795166012478
2025-06-25 12:00:00,25,0.5361280971444025,0.18517092180261652,0.18468034381826717,0.6825836458322154,-0.4978782352856719
2025-06-25 16:00:00,25,0.6213446815168524,0.9956688400191401,-0.1884631065742046,0.3565996669858791,0.5361280971444025
2025-06-25 20:00:00,25,-0.5093844383371593,-0.44282358940954986,-0.2192153460200375,-0.021198871450577528,0.6213446815168524
2025-06-26 00:00:00,25,-0.9066040403100271,-0.047865800359824205,0.18883260495332047,0.2885240601696788,-0.5093844383371593
2025-06-26 04:00:00,25,-0.3886380845854749,0.41311490340988394,0.3321778516843928,0.8397699170321786,-0.9066040403100271
2025-06-26 08:00:00,25,1.1259764586107064,0.5904540199189157,0.14525868316183044,1.0760749900533177,-0.3886380845854749
2025-06-26 12:00:00,25,-1.0207067630014812,-0.20702750242290088,-0.4013225890578545,0.391443298447788,1.1259764586107064
2025-06-26 16:00:00,25,1.4952395412815207,1.6607349570660075,0.3733542761499981,1.0120674619841523,-1.0207067630014812
2025-06-26 20:00:00,25,-0.47665647337337447,-0.3667798315542644,-0.5345791238089764,0.10291135248064887,1.4952395412815207
2025-06-27 00:00:00,25,0.8004630381298394,0.009923149351659707,0.17702201406244075,0.392734576745025,-0.47665647337337447
2025-06-27 04:00:00,25,-2.6803784213559183,-0.8752243353612624,-0.2838540619726974,-0.0939739682441969,0.8004630381298394
2025-06-27 08:00:00,25,1.771882038697008,1.1892458861539288,0.9722825319001636,1.5357865820075176,-2.6803784213559183
2025-06-27 12:00:00,25,-0.24529156804890562,-0.10826492536810722,-0.6344115259647787,0.4584224966381285,1.771882038697008
2025-06-27 16:00:00,25,0.31937069905224114,1.2104519783836383,0.09352900597843254,0.6075680492699327,-0.24529156804890562
2025-06-27 20:00:00,25,-0.222065093815214,0.04817910988864938,-0.11024153201951166,0.41337988461579744,0.31937069905224114
2025-06-28 00:00:00,25,0.6716777275050649,1.6483865412634209,0.08514723261381184,0.5484029569567923,-0.222065093815214
2025-06-30 04:00:00,26,-1.56116147628477,-0.7260176562593615,-0.26863416750537455,-0.13463066173240712,0.6716777275050649
2025-06-30 08:00:00,26,0.5411299538668057,0.5885827325204673,0.6261153475194325,1.1009520361179188,-1.56116147628477
2025-06-30 12:00:00,26,-0.707770977272002,0.22013653072757347,-0.21632070178328344,0.672674232416588,0.5411299538668057
2025-06-30 16:00:00,26,2.0017465616706644,1.8030969986107126,0.2841423412131875,1.232840228594668,-0.707770977272002
2025-06-30 20:00:00,26,-1.1588973932919089,-0.43600328823600504,-0.801623037594784,-0.3514439435767027,2.0017465616706644
2025-07-01 00:00:00,26,0.0661212109764584,0.5553804294508801,0.4649189691331817,0.5657664728262013,-1.1588973932919089
2025-07-01 04:00:00,26,-1.1335123222263004,-0.11304865398119064,-0.025973881639540668,0.5134347790940144,0.0661212109764584
2025-07-01 08:00:00,26,0.9036621596368217,0.8848906915372834,0.4547465930900381,1.4105541574660485,-1.1335123222263004
2025-07-01 12:00:00,26,-0.4831251746378875,0.26254409554627356,-0.36159561219466796,0.6953499033830788,0.9036621596368217
2025-07-01 16:00:00,26,2.2050402313620676,1.6922617641222195,0.19412165247838348,1.0777197707840376,-0.4831251746378875
2025-07-01 20:00:00,26,-1.3476542005578658,-0.7486857371566152,-0.8830874404300888,-0.6674613647501282,2.2050402313620676
2025-07-02 00:00:00,26,-0.04672994883773107,0.3614003243500408,0.5405581201621433,0.3991408017709688,-1.3476542005578658
2025-07-02 04:00:00,26,-0.7897122804502033,-0.24801613485756677,0.019248147937129697,0.4361252631046799,-0.04672994883773107
2025-07-02 08:00:00,26,0.4861651541235066,0.5091157958101256,0.31697808735861266,1.0611437796557546,-0.7897122804502033
2025-07-02 12:00:00,26,-0.15274504484962925,0.16751011946488098,-0.19429505487137014,0.6763679176723603,0.4861651541235066
2025-07-02 16:00:00,26,1.4091919155007844,1.5309676159768444,0.061730811077830544,0.7972581250375264,-0.15274504484962925
2025-07-02 20:00:00,26,-0.7861072893442493,-0.44092020309706065,-0.5641728972594211,-0.3180481230303851,1.4091919155007844
2025-07-03 00:00:00,26,-0.3737076074071126,0.24012525946085536,0.3155334853298386,0.304117219967484,-0.7861072893442493
2025-07-03 04:00:00,26,0.1454776332612795,-0.16200134855952855,0.15027554163942985,0.5998884523361756,-0.3737076074071126
2025-07-03 08:00:00,26,-0.20069647033900573,-0.05578970291148655,-0.05777380714825217,0.48475004461065474,0.1454776332612795
2025-07-03 12:00:00,26,1.3292773869251775,0.08579379117764989,0.0809460392181038,0.6435914521379775,-0.20069647033900573
2025-07-03 16:00:00,26,0.16917770907620877,0.48061389126519843,-0.5321493258508323,-0.40846636819530424,1.3292773869251775
2025-07-03 20:00:00,26,-1.4898478404110733,0.5115077422702828,-0.06727096722384851,-0.5423622228982854,0.16917770907620877
2025-07-04 04:00:00,26,-0.45716877652620624,0.09945921300632625,0.5975383496754572,0.6367792317207304,-1.4898478404110733
2025-07-04 08:00:00,26,0.40138308380333676,0.6246644233471185,0.18372033267765697,0.9986058837704928,-0.45716877652620624
2025-07-04 12:00:00,26,-0.9396693727788641,0.3487726686736624,-0.16032094864239727,0.6809308699484475,0.40138308380333676
2025-07-04 16:00:00,26,1.5388682094564246,2.072615846341906,0.3770693090676653,1.424633066257094,-0.9396693727788641
2025-07-04 20:00:00,26,1.9811872779171598,1.0053780622425532,-0.6161371412274091,0.20669439510746201,1.5388682094564246
2025-07-07 04:00:00,26,-2.243888964685894,-1.7894482259176132,-0.7933844644201089,-1.361318112875475,1.9811872779171598
2025-07-07 08:00:00,26,-0.49482069675522133,-0.005260539743053728,0.899699799146836,0.4146098886667815,-2.243888964685894
2025-07-07 12:00:00,26,-1.031277234806721,0.36857923424955574,0.1988083145204529,0.8062361878911108,-0.49482069675522133
2025-07-07 16:00:00,26,2.1232956085686006,2.1746615328532357,0.4137786654703843,1.6224415115367474,-1.031277234806721
2025-07-07 20:00:00,26,-0.13561733013124133,-0.12996980062383173,-0.8503305085936192,-0.05804276649727491,2.1232956085686006
2025-07-08 00:00:00,26,-0.8798715523179563,0.1412904541169499,0.0548673457589892,0.049291695173909744,-0.13561733013124133
2025-07-08 04:00:00,26,0.11187355090035744,0.10389221882984011,0.35310696069697906,0.74566685103669,-0.8798715523179563
2025-07-08 08:00:00,26,-1.1496130112750844,0.23328520647760284,-0.044307886116296505,0.6571244254520447,0.11187355090035744
2025-07-08 12:00:00,26,1.0745630418792071,1.039869168847147,0.46119850583570876,1.5669867090996359,-1.1496130112750844
2025-07-08 16:00:00,26,1.0570136517738078,1.4012041870190417,-0.4300794874527445,0.7165227933136578,1.0745630418792071
2025-07-08 20:00:00,26,-0.6238517950124365,-0.3253048216006333,-0.42304704720396374,-0.12005164140232871,1.0570136517738078
2025-07-09 00:00:00,26,-0.6632918727595651,0.2807127723168706,0.2505140138797285,0.37369644017000425,-0.6238517950124365
2025-07-09 04:00:00,26,-0.12243397703596948,0.10903950869599606,0.2663185511598369,0.8986594078425192,-0.6632918727595651
2025-07-09 08:00:00,26,0.3854754543818686,0.4172197085606966,0.04958447596327169,0.9955598924833886,-0.12243397703596948
2025-07-09 12:00:00,26,0.02192561063689169,0.16141287318869418,-0.15394639928573312,0.6904749867158628,0.3854754543818686
2025-07-09 16:00:00,26,0.6462484415356844,1.2596867398776685,-0.00826369816419733,0.6731219418487697,0.02192561063689169
2025-07-09 20:00:00,26,1.527821068174994,-0.05365600267424764,-0.2584440735434307,0.16164801362036307,0.6462484415356844
2025-07-10 00:00:00,26,-1.127034735464294,-0.9507917584927278,-0.6117103001511716,-1.0475473873196233,1.527821068174994
2025-07-10 04:00:00,26,-1.6008937779144397,-0.8038400469064869,0.45215087656732617,-0.15555470099613267,-1.127034735464294
2025-07-10 08:00:00,26,0.21558902852750883,0.5103709999905428,0.642036985563778,1.111474163817153,-1.6008937779144397
2025-07-10 12:00:00,26,-0.5048245435295531,0.366302217360845,-0.08586903980347202,0.9408460273037704,0.21558902852750883
2025-07-10 16:00:00,26,2.7439574751235583,1.8122490809815754,0.2028170837298627,1.3403898803328005,-0.5048245435295531
2025-07-10 20:00:00,26,-0.37035719021322144,-0.8855392497097907,-1.0990438521930406,-0.8313178074383121,2.7439574751235583
2025-07-11 00:00:00,26,1.6301567568857287,-0.4375817128968706,0.1489329531743596,-0.5381982658640965,-0.37035719021322144
2025-07-11 04:00:00,26,-2.598256682826163,-2.1751362833486607,-0.6527185409990772,-1.8283873425156383,1.6301567568857287
2025-07-11 08:00:00,26,0.5833308926531853,-0.16545878222400387,1.0417030134438103,0.22800531810391433,-2.598256682826163
2025-07-11 12:00:00,26,0.0007901228951290307,-0.5493134778099987,-0.2332315789519641,-0.23367245772687184,0.5833308926531853
2025-07-11 16:00:00,26,0.2682666859123888,0.5620285598955468,0.00020577306985167698,-0.23429780122479116,0.0007901228951290307
2025-07-11 20:00:00,26,-1.0121380351117146,-0.6094691330507189,-0.10697817668971271,-0.44661771851599497,0.2682666859123888
2025-07-12 00:00:00,26,0.9326055595160909,1.0444714467359613,0.4061091523160095,0.3544398677859508,-1.0121380351117146
2025-07-14 04:00:00,26,0.5654428015168218,-1.0066409650552184,-0.37319389162347305,-0.38367166696659716,0.9326055595160909
2025-07-14 08:00:00,26,-0.29771773537166446,-1.1872674959323937,-0.22606341348719863,-0.831191896482407,0.5654428015168218
2025-07-14 12:00:00,26,-1.3216677321600798,-0.9706138316578667,0.11982466947850101,-0.5955629187908578,-0.29771773537166446
2025-07-14 16:00:00,26,1.539610023184844,1.0297706246161662,0.5301447505130161,0.4504722332232287,-1.3216677321600798
2025-07-14 20:00:00,26,-0.8901335125758774,-0.8744962656806164,-0.6164344028809199,-0.76805354708954,1.539610023184844
2025-07-15 00:00:00,26,-0.19060996429688082,-0.08045466614272406,0.3572191618570062,-0.06355655326616017,-0.8901335125758774
2025-07-15 04:00:00,26,0.9470481658931682,-0.5767165635555119,0.07690414655777791,0.08730187970232883,-0.19060996429688082
2025-07-15 08:00:00,26,-1.2019314929359144,-1.0097765512536434,-0.3789813728848422,-0.6622402692579463,0.9470481658931682
2025-07-15 12:00:00,26,1.4310645316494917,-0.178645802731624,0.4821637128301969,0.2890295252076527,-1.2019314929359144
2025-07-15 16:00:00,26,0.683959850560468,-0.09233164704617901,-0.572937752631972,-0.8435878251905429,1.4310645316494917
2025-07-15 20:00:00,26,-1.4294571362398365,-1.4197564956977882,-0.273555893901366,-1.3849084830560816,0.683959850560468
2025-07-16 00:00:00,26,0.567811712809009,-0.2627445086906977,0.5733384193009335,-0.25356330724516774,-1.4294571362398365
2025-07-16 04:00:00,26,-1.106338604252164,-1.2878191545046656,-0.22701269018666884,-0.7029584137995375,0.567811712809009
2025-07-16 08:00:00,26,0.14225739323882003,-0.31455618710888106,0.4438574654996987,0.17265430028751183,-1.106338604252164
2025-07-16 12:00:00,26,-0.13794046838180307,-0.4113295876323233,-0.056483383640160506,0.06006455451344195,0.14225739323882003
2025-07-16 16:00:00,26,0.9449599825229811,0.7823260750440331,0.05579828015833942,0.16923766610695168,-0.13794046838180307
2025-07-16 20:00:00,26,-0.06159529955192511,-0.6251827554905302,-0.37814459025643504,-0.5786517881889122,0.9449599825229811
2025-07-17 00:00:00,26,-0.28151293034748726,-0.43340510568751506,0.025205032481087533,-0.5299021312499121,-0.06159529955192511
2025-07-17 04:00:00,26,-0.3925206330970248,-0.8910933915570627,0.11333103509056823,-0.3070984615191765,-0.28151293034748726
2025-07-17 08:00:00,26,0.27885887779902063,-0.41794450709684344,0.1578143494423506,0.003562357474459432,-0.3925206330970248
2025-07-17 12:00:00,26,0.08671700627705725,-0.5994013961058913,-0.11122270918337704,-0.21714075990606396,0.27885887779902063
2025-07-17 16:00:00,26,0.292851986129282,0.42764824475319224,-0.034227085822574874,-0.2857730149244837,0.08671700627705725
2025-07-17 20:00:00,26,0.0005688501195209028,-0.579405975997833,-0.11683006634144734,-0.5175509908668285,0.292851986129282
2025-07-18 00:00:00,26,0.3994550434768307,-0.3994763206706397,0.00029444210984682056,-0.518001207821337,0.0005688501195209028
2025-07-18 04:00:00,26,-1.352693848324762,-1.3134387236927219,-0.15954833897835988,-0.8341502723393699,0.3994550434768307
2025-07-18 08:00:00,26,0.8233234902153015,-0.1641986177631841,0.5425776217848632,0.23644052807939175,-1.352693848324762
2025-07-18 12:00:00,26,-0.37858467630260506,-0.7182958746967725,-0.3294020778906145,-0.4151796116032038,0.8233234902153015
2025-07-18 16:00:00,26,0.8905157799903289,0.6253123178618093,0.15222989420614302,-0.11554841853535791,-0.37858467630260506
2025-07-18 20:00:00,26,-0.5543582641879006,-0.9268539900272531,-0.3563275585018331,-0.8203479582583277,0.8905157799903289
2025-07-19 00:00:00,26,0.14832389880549357,0.42354460026796004,0.2226663735762633,-0.38160059608861907,-0.5543582641879006
2025-07-21 04:00:00,26,-0.5696633495626919,-1.0804536265617082,-0.0589143705667889,-0.49899168331804944,0.14832389880549357
2025-07-21 08:00:00,26,-0.13142100363955578,-0.4672796845357086,0.22879946981233099,-0.048131097138215395,-0.5696633495626919
2025-07-21 12:00:00,26,-0.40395365999754773,-0.3751682033261996,0.05318578217530233,0.055882178040462804,-0.13142100363955578
2025-07-21 16:00:00,26,0.5657304103465659,0.9185616566297791,0.16239582367352023,0.37559167677475,-0.40395365999754773
2025-07-21 20:00:00,26,0.44079864350446485,-0.34707578168322323,-0.22617866489468627,-0.07215618101602139,0.5657304103465659
2025-07-22 00:00:00,26,-0.47130504945703855,-0.4676412976115158,-0.17611566098314993,-0.4210266761080117,0.44079864350446485
2025-07-22 04:00:00,26,0.5753418453981265,-0.7786302392128969,0.18938505915131085,-0.04801185774057082,-0.47130504945703855
2025-07-22 08:00:00,26,-0.167028009559818,-0.9763621918084608,-0.23003018579080797,-0.5033666947142255,0.5753418453981265
2025-07-22 12:00:00,26,-1.4486842266584326,-0.8869582742475524,0.06745432028792801,-0.3711722216866029,-0.167028009559818
2025-07-22 16:00:00,26,2.26459929322235,1.2383169196924704,0.5810431522696924,0.7753902526626746,-1.4486842266584326
2025-07-22 20:00:00,26,-0.9897506835996115,-1.2118446160906324,-0.9069541127925094,-1.0169289576015252,2.26459929322235
2025-07-23 00:00:00,26,-0.7602257851022056,-0.3476770818293537,0.39713803076182635,-0.233589861410465,-0.9897506835996115
2025-07-23 04:00:00,26,0.006869716580361285,-0.45564843554152473,0.3051621772081541,0.3680915410587726,-0.7602257851022056
2025-07-23 08:00:00,26,-0.782053774834198,-0.25103838753193586,-0.0022304585639249617,0.3626544975019268,0.006869716580361285
2025-07-23 12:00:00,26,1.3650050309828217,0.314953717420974,0.31390914975929757,0.9816116826825638,-0.782053774834198
2025-07-23 16:00:00,26,0.6593568389846958,0.4673211479060357,-0.5464662064122705,-0.0987228146653436,1.3650050309828217
2025-07-23 20:00:00,26,-1.0907933257040483,-0.8423614434420746,-0.2636969069048066,-0.6205713962083372,0.6593568389846958
2025-07-24 00:00:00,26,0.3381947146501414,0.1057032897309166,0.4376281183894169,0.24273799275886354,-1.0907933257040483
2025-07-24 04:00:00,26,0.07292385830675485,-0.751044143274191,-0.1349999302013615,-0.024926527711228275,0.3381947146501414
2025-07-24 08:00:00,26,0.023187685903316435,-0.5802312873236801,-0.028699857334224168,-0.08264218298011272,0.07292385830675485
2025-07-24 12:00:00,26,-0.7889974617160984,-0.5823188600888525,-0.008769440463347964,-0.10099409848696084,0.023187685903316435
2025-07-24 16:00:00,26,1.2626266403849868,1.0604222436103368,0.3166916432140521,0.5234586741142575,-0.7889974617160984
2025-07-24 20:00:00,26,-0.9658984921215694,-0.5554912704975917,-0.5054408539457993,-0.4758483510739584,1.2626266403849868
2025-07-25 00:00:00,26,-1.1142839035836758,0.28450747875923804,0.38757991447605294,0.2886129060570344,-0.9658984921215694
2025-07-25 04:00:00,26,2.2826484734750814,0.422323446940211,0.44704132787166473,1.1705139346665643,-1.1142839035836758
2025-07-25 08:00:00,26,-0.5159251189070986,-0.9491200554082083,-0.9141868303345142,-0.6360903160431182,2.2826484734750814
2025-07-25 12:00:00,26,0.0996710896269768,-0.5693258339584042,0.20726533706521127,-0.2277609023395346,-0.5159251189070986
2025-07-25 16:00:00,26,0.6036449187727957,0.4641497833147242,-0.03941808201041429,-0.306645678635741,0.0996710896269768
2025-07-25 20:00:00,26,-0.8090929042405506,-0.9279599594557847,-0.24137187180774716,-0.7844010092732248,0.6036449187727957
2025-07-26 00:00:00,26,2.265422071248464,0.5945631859283517,0.3247443446456841,-0.1440436800543612,-0.8090929042405506
2025-07-28 04:00:00,27,-3.180541196430678,-2.262564742973859,-0.9093839131203991,-1.8825902124280605,2.265422071248464
2025-07-28 08:00:00,27,0.48782091099373837,0.27704442877577956,1.3012339422576285,0.48367029835084985,-3.180541196430678
2025-07-28 12:00:00,27,-0.6190819971769219,-0.06433111413673603,-0.18782251590692933,0.1207410713022945,0.48782091099373837
2025-07-28 16:00:00,27,0.7952049103825267,1.353179969294027,0.2614899771636891,0.5813259819765744,-0.6190819971769219
2025-07-28 20:00:00,27,0.47524874663624317,0.0719604930528112,-0.3125954025584297,-0.010290935146628044,0.7952049103825267
2025-07-29 00:00:00,27,-0.2819027917231445,0.0021907605620909,-0.18271924039011336,-0.3638667175400574,0.47524874663624317
2025-07-29 04:00:00,27,-0.5594352357210948,-0.5116295428910711,0.12462266179599907,-0.15413654813322708,-0.2819027917231445
2025-07-29 08:00:00,27,-0.763622744489636,0.13075416359174863,0.2372782464911248,0.2620723373579281,-0.5594352357210948
2025-07-29 12:00:00,27,0.7803263067860033,0.6901091205083945,0.3201617568166096,0.8301927400888349,-0.763622744489636
2025-07-29 16:00:00,27,0.4372224877733579,1.159397418678052,-0.30655590042502967,0.24964521335287237,0.7803263067860033
2025-07-29 20:00:00,27,0.04920636050838034,0.02140919754992799,-0.16728367413971063,-0.07563977537912692,0.4372224877733579
2025-07-30 00:00:00,27,-0.30430101053200254,0.22445220018205408,-0.009780705987643993,-0.11224834623518021,0.04920636050838034
2025-07-30 04:00:00,27,-0.41047827914465884,-0.292050224369608,0.13371451570573475,0.11414566036346585,-0.30430101053200254
2025-07-30 08:00:00,27,-0.4258779463145981,0.23595782711128957,0.17681384529971392,0.41953348038683735,-0.41047827914465884
2025-07-30 12:00:00,27,0.6821284826537486,0.5192707303141804,0.18306485683605395,0.7363783519158638,-0.4258779463145981
2025-07-30 16:00:00,27,0.5255671840042613,1.0611371753648753,-0.2666955758660387,0.22888808780845338,0.6821284826537486
2025-07-30 20:00:00,27,0.643541753607435,-0.21512740949600123,-0.20314443068851684,-0.16212362889755916,0.5255671840042613
2025-07-31 00:00:00,27,-1.932804940391792,-0.4417478583736784,-0.2510325043362216,-0.6409061204771724,0.643541753607435
2025-07-31 04:00:00,27,-0.05120855245430178,0.23140032074939715,0.7947545719739655,0.7970629932761906,-1.932804940391792
2025-07-31 08:00:00,27,-0.1899325933059366,0.4827509503533345,0.030979576194012086,0.8351611558224725,-0.05120855245430178
2025-07-31 12:00:00,27,0.3181662716117586,0.652023083647759,0.08729024642875716,0.9764672944614059,-0.1899325933059366
2025-07-31 16:00:00,27,0.8530819581467828,1.4490971115223428,-0.11895654002138999,0.7397578045099618,0.3181662716117586
2025-07-31 20:00:00,27,0.2839645044278516,0.23054103558727673,-0.33608877350412764,0.10508149461463745,0.8530819581467828
2025-08-01 00:00:00,27,0.6864512187327598,0.27078739384087197,-0.10507340612826553,-0.10618254876407995,0.2839645044278516
2025-08-01 04:00:00,27,-0.7985508966777743,-0.8892473203136023,-0.2684502548990505,-0.6168888440594404,0.6864512187327598
2025-08-01 08:00:00,27,0.1492915086989175,-0.05160037344768443,0.334339743903064,-0.022782578504299877,-0.7985508966777743
2025-08-01 12:00:00,27,-0.22067774989397826,-0.7439405751871235,-0.05040713051041634,-0.13385254421494608,0.1492915086989175
2025-08-01 16:00:00,27,1.711431599153121,1.0427907680080035,0.09977027774356305,0.03032739024641984,-0.22067774989397826
2025-08-01 20:00:00,27,-1.5597402592332728,-1.0988518530114233,-0.6845088691421515,-1.2429442826751416,1.711431599153121
2025-08-02 00:00:00,27,0.023645815439371276,0.7706721319481377,0.6433206740858899,-0.0825280030062423,-1.5597402592332728
2025-08-04 04:00:00,27,-0.9796484428980481,-0.5425335457158444,0.0005947950110666185,-0.10012002771642159,0.023645815439371276
2025-08-04 08:00:00,27,-0.3750384751581919,0.3916051965351501,0.4078506086596478,0.6287192740593781,-0.9796484428980481
2025-08-04 12:00:00,27,1.117127249665744,0.6506964372531994,0.16242816922500758,0.9077405723168823,-0.3750384751581919
2025-08-04 16:00:00,27,0.506871606797981,0.8367320173802402,-0.44326967197336464,0.07661972427830399,1.117127249665744
2025-08-04 20:00:00,27,-0.45365030285609187,-0.28112566865542593,-0.1955555479220684,-0.3004828482483841,0.506871606797981
2025-08-05 00:00:00,27,0.04290550749909272,0.2702409600776672,0.19433817327961395,0.03702411394909788,-0.45365030285609187
2025-08-05 04:00:00,27,-0.9967390192587082,-0.4724313939915121,-0.007223072474192205,0.005103254629945653,0.04290550749909272
2025-08-05 08:00:00,27,0.394966990058391,0.4677840416620921,0.41478799170918085,0.7466576113134025,-0.9967390192587082
2025-08-05 12:00:00,27,1.1474031469453685,0.162527130654684,-0.1501313811209589,0.45280988732063854,0.394966990058391
2025-08-05 16:00:00,27,0.05543331622452996,0.37981772752598975,-0.4555592222006197,-0.4008356367830004,1.1474031469453685
2025-08-05 20:00:00,27,-0.9955411962972356,-0.458266891828679,-0.012308343214370075,-0.44207694103361916,0.05543331622452996
2025-08-06 00:00:00,27,0.2519830624362065,0.48782706393327974,0.41430177307419147,0.2985862587687951,-0.9955411962972356
2025-08-06 04:00:00,27,-0.10626768274988407,-0.4189140423356262,-0.09209154355731279,0.11111578339904504,0.2519830624362065
2025-08-06 08:00:00,27,-0.4444505985552585,-0.10970269026194729,0.05332910198963311,0.19017686317541305,-0.10626768274988407
2025-08-06 12:00:00,27,-0.05276594171627558,0.19177364646395428,0.19060384207097045,0.5208394251109727,-0.4444505985552585
2025-08-06 16:00:00,27,1.4587360487714989,1.1826571077899033,0.03161174948293705,0.5600962548408965,-0.05276594171627558
2025-08-06 20:00:00,27,-1.6660699418925748,-0.6553218482685768,-0.58193504185186,-0.5251748655996558,1.4587360487714989
2025-08-07 00:00:00,27,-1.5326187377441602,0.7635502179062353,0.686481871378266,0.7143486205669038,-1.6660699418925748
2025-08-07 04:00:00,27,1.415938624753478,1.140285455696545,0.6323115437040022,1.8545870181307222,-1.5326187377441602
2025-08-07 08:00:00,27,-0.30125738515243405,0.3530782814571887,-0.5645627708598928,0.8011563450110692,1.415938624753478
2025-08-07 12:00:00,27,1.67532426182086,0.5791861771653265,0.1324790515135528,1.0252859537917107,-0.30125738515243405
2025-08-07 16:00:00,27,-0.11863587812725918,0.3202959425748942,-0.6698522288576735,-0.2211225655965503,1.67532426182086
2025-08-07 20:00:00,27,-0.16312665947648952,-0.15308758867150732,0.05834958270096945,-0.13285979010125182,-0.11863587812725918
2025-08-08 00:00:00,27,-0.07250917130602375,0.21286404660998795,0.07640921895192092,-0.01149674251435684,-0.16312665947648952
2025-08-08 04:00:00,27,-1.4601589232623944,-0.44667109604559513,0.039625893851656754,0.04244866429983496,-0.07250917130602375
2025-08-08 08:00:00,27,0.5662585019385542,0.8567647708653497,0.6028987563204703,1.1287783755624083,-1.4601589232623944
2025-08-08 12:00:00,27,-0.19945155047840224,0.4519278528580331,-0.21966179402041214,0.7074931133140439,0.5662585019385542
2025-08-08 16:00:00,27,0.8690760004179605,1.5739640324038875,0.0911541683202096,0.855881170114035,-0.19945155047840224
2025-08-08 20:00:00,27,-0.4463689761290155,-0.04433345302201888,-0.3425810529570892,0.209305605250254,0.8690760004179605
2025-08-09 00:00:00,27,2.5810845686646307,1.078901979403481,0.19138254723467812,0.5413954026206635,-0.4463689761290155
2025-08-11 04:00:00,27,-0.7849779886172428,-1.9880796067001767,-1.0375171962078515,-1.3788810888978293,2.5810845686646307
2025-08-11 08:00:00,27,-1.5681705730091213,-1.1711248886498962,0.3288302478904693,-0.7948728017609898,-0.7849779886172428
2025-08-11 12:00:00,27,0.4708790040487383,-0.05223956421458653,0.6467426953598733,0.37181546665109977,-1.5681705730091213
2025-08-11 16:00:00,27,0.6870306356532279,0.6499207469812026,-0.18094548054037776,0.021490687369556838,0.4708790040487383
2025-08-11 20:00:00,27,-1.0490205055998523,-0.5797788629061986,-0.2686854510116825,-0.4896466827943584,0.6870306356532279
2025-08-12 00:00:00,27,-0.26301349001198204,0.4037985612649937,0.436010020123759,0.29080407828489996,-1.0490205055998523
2025-08-12 04:00:00,27,-0.7888782061136084,-0.09532713547401062,0.11695514264724917,0.48648097626563747,-0.26301349001198204
2025-08-12 08:00:00,27,1.2238212842547238,0.7015278003741307,0.33041341876650016,1.0733909490198368,-0.7888782061136084
2025-08-12 12:00:00,27,0.07504230159196368,-0.1977641284882255,-0.48657876649563336,0.16289182376638855,1.2238212842547238
2025-08-12 16:00:00,27,0.3636260182941591,0.7344971045858744,-0.02026799535458157,0.107061817510127,0.07504230159196368
2025-08-12 20:00:00,27,-0.15342325437899262,-0.3436996129228838,-0.1374094973363047,-0.16346883580976979,0.3636260182941591
2025-08-13 00:00:00,27,-0.30173892330763685,0.011748677782191531,0.07247042621459233,-0.04932493203653365,-0.15342325437899262
2025-08-13 04:00:00,27,-0.31160894932894934,-0.4896008357318596,0.13267451681355855,0.17516293172359454,-0.30173892330763685
2025-08-13 08:00:00,27,0.2951346095152889,-0.023330288663145238,0.13668094408515807,0.40699390200936847,-0.31160894932894934
2025-08-13 12:00:00,27,-0.2917929838010629,-0.2665618696374596,-0.10960755969101275,0.18741951867991702,0.2951346095152889
2025-08-13 16:00:00,27,2.4462015364674574,0.9615492362721659,0.12863727484532322,0.4045077977645146,-0.2917929838010629
2025-08-13 20:00:00,27,-1.9649171803354282,-1.568191139288616,-0.9827656628781618,-1.4154183530570936,2.4462015364674574
2025-08-14 00:00:00,27,0.8795635948238996,0.05136059178326858,0.8077895278681572,0.04644163982607097,-1.9649171803354282
2025-08-14 04:00:00,27,-1.4605772131387553,-1.2672132900922677,-0.34683816273073104,-0.6079364903758648,0.8795635948238996
2025-08-14 08:00:00,27,0.7888170590387933,0.028179892054718388,0.6030685479668619,0.4787044203824422,-1.4605772131387553
2025-08-14 12:00:00,27,1.4544253420658002,-0.5331888034579646,-0.3100024548017373,-0.1081600601427457,0.7888170590387933
2025-08-14 16:00:00,27,-0.12427443896750567,-0.5107216674345816,-0.580185245765377,-1.1902240990140704,1.4544253420658002
2025-08-14 20:00:00,27,-1.1434409135461134,-0.9512867818864174,0.060638379495846884,-1.097766344416197,-0.12427443896750567
2025-08-15 00:00:00,27,-0.6795051939302432,0.11658380998344842,0.4743370211442844,-0.24706864455004052,-1.1434409135461134
2025-08-15 04:00:00,27,-0.4292431461298367,-0.107802481400645,0.2860168773751985,0.25846994399920575,-0.6795051939302432
2025-08-15 08:00:00,27,0.1637084781515039,0.43570706295389766,0.18443085407709883,0.5778184584436641,-0.4292431461298367
2025-08-15 12:00:00,27,-0.00399634676120364,0.31558535558802486,-0.05625924675245428,0.4560225491297576,0.1637084781515039
2025-08-15 16:00:00,27,0.9473368416714969,1.3258679052528257,0.011815263148356793,0.45899575304204276,-0.00399634676120364
2025-08-15 20:00:00,27,-0.7097470817878726,-0.32478101176308904,-0.37434858508106195,-0.245804348704457,0.9473368416714969
2025-08-16 00:00:00,27,0.27793506192619155,1.0036343075984808,0.2982926225450526,0.2822336135643386,-0.7097470817878726
2025-08-18 04:00:00,27,0.411371505331811,-0.46470606485390736,-0.1026259431915893,0.07545535760749189,0.27793506192619155
2025-08-18 08:00:00,27,0.011109067373569204,-0.5010177908563219,-0.15679027920561273,-0.23059700524784077,0.411371505331811
2025-08-18 12:00:00,27,-0.6390889543914628,-0.5092133061473207,0.00568369439588539,-0.23886193433197356,0.011109067373569204
2025-08-18 16:00:00,27,1.0086562839867508,0.9464909873475955,0.2696111734840412,0.23660776162688002,-0.6390889543914628
2025-08-18 20:00:00,27,-0.7611913252234253,-0.5037995124441509,-0.3992392880478653,-0.5138128071823971,1.0086562839867508
2025-08-19 00:00:00,27,0.7333480262444088,0.2823685689910366,0.3191747984807547,0.0524986671179537,-0.7611913252234253
2025-08-19 04:00:00,27,-0.9152949819970733,-0.9503222495775729,-0.287486541952389,-0.49309793672645164,0.7333480262444088
2025-08-19 08:00:00,27,-0.37184107662764276,-0.05787749110470081,0.38172834107709525,0.18786364743549555,-0.9152949819970733
2025-08-19 12:00:00,27,-1.0004890122211432,0.16449238249184367,0.16113028564868234,0.4645061436549849,-0.37184107662764276
2025-08-19 16:00:00,27,2.3806130380427835,1.8568139993891752,0.416310183650779,1.2088504218375462,-1.0004890122211432
2025-08-19 20:00:00,27,-0.41210274980826433,-0.6219192476967458,-0.9561420705771422,-0.5622791675819485,2.3806130380427835
2025-08-20 00:00:00,27,-0.5149672477677161,-0.07697637600491328,0.17747324817813884,-0.25568277312271626,-0.41210274980826433
2025-08-20 04:00:00,27,-0.07865865010094097,-0.40557364216714126,0.21922786250380014,0.12744279811803594,-0.5149672477677161
2025-08-20 08:00:00,27,-0.7689313157131998,-0.09729953859831941,0.04212208175398645,0.1859632970110887,-0.07865865010094097
2025-08-20 12:00:00,27,1.1602526743471664,0.4373211662151125,0.32231660468402046,0.7580331730168819,-0.7689313157131998
2025-08-20 16:00:00,27,1.1328777738351796,0.6538470715937519,-0.4607750845396415,-0.10517214842790246,1.1602526743471664
2025-08-20 20:00:00,27,-0.5862274128542335,-0.8862847644913995,-0.4496631028962573,-0.9480110787249441,1.1328777738351796
2025-08-21 00:00:00,27,-1.2810923831053866,-0.22335961546341038,0.24815368986887784,-0.5118693368950353,-0.5862274128542335
2025-08-21 04:00:00,27,0.7578284924097751,-0.024131539606174923,0.5302123147278257,0.4412383669774602,-1.2810923831053866
2025-08-21 08:00:00,27,-0.764451274209307,-0.3333920506323826,-0.2974236188207387,-0.12257122541039678,0.7578284924097751
2025-08-21 12:00:00,27,-0.3982605911125727,0.1965350126755015,0.3204980724511432,0.44616558724466593,-0.764451274209307
2025-08-21 16:00:00,27,1.6504998959817563,1.503871099520581,0.17185445832120458,0.742463686073485,-0.3982605911125727
2025-08-21 20:00:00,27,-1.0618486813702752,-0.2255869077797614,-0.6597755567107926,-0.4854759901329544,1.6504998959817563
2025-08-22 00:00:00,27,-0.06298109661684492,0.7789692669271749,0.4412172154381905,0.30451868309086194,-1.0618486813702752
2025-08-22 04:00:00,27,0.5988579554727433,0.09921086037616647,0.035758270990467245,0.3513753884896911,-0.06298109661684492
2025-08-22 08:00:00,27,-0.8455899492527088,-0.07214353639249876,-0.23289451897945435,-0.09416323028098184,0.5988579554727433
2025-08-22 12:00:00,27,0.11060933121358474,0.5182270886411231,0.35343377087517946,0.5349391713711942,-0.8455899492527088
2025-08-22 16:00:00,27,3.3029454232111792,1.4230163930239823,-0.034705314682631626,0.4526479899621645,0.11060933121358474
2025-08-22 20:00:00,27,-2.1390654385302135,-1.8644156505054421,-1.330533952973288,-2.0046788740864887,3.3029454232111792
2025-08-23 00:00:00,27,2.8423145779045864,0.4646546364857477,0.8784795472689741,-0.4132559795029138,-2.1390654385302135
2025-08-25 04:00:00,28,-3.2838243161765366,-2.318433994129914,-1.2416407328029617,-2.5810608931181322,2.8423145779045864
2025-08-25 08:00:00,28,-0.9833344632631782,-0.07013607131416541,1.462519133317211,-0.11402608017729854,-3.2838243161765366
2025-08-25 12:00:00,28,0.9925131028802276,0.5380719902648864,0.44705206013749127,0.6247224398590383,-0.9833344632631782
2025-08-25 16:00:00,28,1.1157947545645381,0.8622890221583942,-0.4251135538511929,-0.12092170591438567,0.9925131028802276
2025-08-25 20:00:00,28,-0.05193471280282047,-0.7702352005605969,-0.4795317282474368,-0.9591835124450565,1.1157947545645381
2025-08-26 00:00:00,28,0.052837020751667296,-0.7198468937705137,0.03591971918735627,-0.9201665821380711,-0.05193471280282047
2025-08-26 04:00:00,28,-1.4940080596166094,-0.9713854850913258,-0.010327929107986196,-0.9598613882713707,0.052837020751667296
2025-08-26 08:00:00,28,-0.08485096947931403,0.16436599778751398,0.6724702342635177,0.16254028094454576,-1.4940080596166094
2025-08-26 12:00:00,28,1.0579541586086165,0.21465213991076865,0.05044939632763193,0.2262861685019466,-0.08485096947931403
2025-08-26 16:00:00,28,-0.21075176272170637,0.5016934887933233,-0.4540001134863685,-0.5685218018653302,1.0579541586086165
2025-08-26 20:00:00,28,0.05350617942694491,-0.3094599834710258,0.1060236949331873,-0.4101905741678422,-0.21075176272170637
2025-08-27 00:00:00,28,-0.025492894821233847,-0.3238488983809622,-0.010623304721408895,-0.4503880983482542,0.05350617942694491
2025-08-27 04:00:00,28,-1.0268584446507152,-0.5165875228248359,0.024247946116369413,-0.43123608138534664,-0.025492894821233847
2025-08-27 08:00:00,28,-0.7065736569718073,0.32302982332408026,0.4662641292264981,0.34021064870805695,-1.0268584446507152
2025-08-27 12:00:00,28,0.8563076617739434,0.7384732134950412,0.32488612857311394,0.8710374048988268,-0.7065736569718073
2025-08-27 16:00:00,28,0.6390991707608329,1.1438660295329597,-0.3649906454818334,0.22772015988738126,0.8563076617739434
2025-08-27 20:00:00,28,-0.16501123778976634,-0.2826248006830015,-0.2691119045434469,-0.25241511879414524,0.6390991707608329
2025-08-28 00:00:00,28,1.1807196592798608,-0.1657023650520148,0.08583321379738965,-0.128447321202648,-0.16501123778976634
2025-08-28 04:00:00,28,-1.645335077450417,-1.10013982533334,-0.508190451903291,-1.0154851841656125,1.1807196592798608
2025-08-28 08:00:00,28,-0.6629508624334974,0.12545220055675738,0.7392680093974119,0.220603754888538,-1.645335077450417
2025-08-28 12:00:00,28,0.034961196699573094,0.524060726706472,0.3056304420341627,0.7186580657832469,-0.6629508624334974
2025-08-28 16:00:00,28,1.493874908777908,1.4375465036405437,-0.0024373006368944797,0.6923928088585569,0.034961196699573094
2025-08-28 20:00:00,28,-0.6721196262874454,-0.45429590724439384,-0.6464213787886806,-0.4299088282841357,1.493874908777908
2025-08-29 00:00:00,28,-0.025966903551582377,-0.020597549000028505,0.30967765736252134,0.07503368899478424,-0.6721196262874454
2025-08-29 04:00:00,28,-0.4624277728594066,-0.21209666389188506,0.024457179926924623,0.09454181393632233,-0.025966903551582377
2025-08-29 08:00:00,28,0.9595494395270521,0.2724282390593395,0.21711686106057787,0.44194938032012665,-0.4624277728594066
2025-08-29 12:00:00,28,-1.45454124127847,-0.32916090748887633,-0.4105629507680541,-0.27893019304491773,0.9595494395270521
2025-08-29 16:00:00,28,2.1015458512098935,1.5219867600055683,0.6550490513555418,0.8138212862029892,-1.45454124127847
2025-08-29 20:00:00,28,-0.5703144938690947,-0.7777582359487065,-0.91465548231507,-0.7650045816688849,2.1015458512098935
2025-08-30 00:00:00,28,1.0444886608917212,0.7845679682411851,0.2647395065940598,-0.3365450859008572,-0.5703144938690947
2025-09-01 04:00:00,28,-2.109820147660182,-1.2051029119264207,-0.4480562622069693,-1.121236847712911,1.0444886608917212
2025-09-01 08:00:00,28,0.8730000444767327,0.30311363991476165,0.9442979486445948,0.46380524107397925,-2.109820147660182
2025-09-01 12:00:00,28,0.2086457446525234,-0.2435322834870387,-0.3723588870700895,-0.19205247056226504,0.8730000444767327
2025-09-01 16:00:00,28,-0.5383130435182384,0.5762709253521286,-0.0791039894044922,-0.34880151255397074,0.2086457446525234
2025-09-01 20:00:00,28,1.098327042059985,1.1249666270981846,0.25061363723448127,0.05561629143071656,-0.5383130435182384
2025-09-02 04:00:00,28,-0.8951772831497244,-0.9213282338724952,-0.47182124568665523,-0.7695225673713288,1.098327042059985
2025-09-02 08:00:00,28,-0.6642461529103105,-0.1617828543726882,0.4081382985504899,-0.09700378784797259,-0.8951772831497244
2025-09-02 12:00:00,28,1.017348472621748,0.23408723457353772,0.30620220062190046,0.40202363439237665,-0.6642461529103105
2025-09-02 16:00:00,28,1.003301380558753,0.5444801909757977,-0.4360762191247736,-0.3622785502544321,1.017348472621748
2025-09-02 20:00:00,28,-1.6655961177056575,-1.0104642731973283,-0.4298756443011849,-1.1160275926489938,1.003301380558753
2025-09-03 00:00:00,28,-0.23638739918189167,0.04765637040485357,0.7482115042889499,0.13528283417167586,-1.6655961177056575
2025-09-03 04:00:00,28,0.015376348374402937,-0.01621983942777689,0.11733960866884513,0.3128733161744641,-0.23638739918189167
2025-09-03 08:00:00,28,-0.9372754683614062,0.17424355930572338,0.0062077140682315814,0.3013215451041642,0.015376348374402937
2025-09-03 12:00:00,28,0.7084142830690006,0.7436774758969523,0.4267210020859765,1.0054673784766663,-0.9372754683614062
2025-09-03 16:00:00,28,1.915764311753744,1.2505986911749023,-0.2997085247083043,0.47325781729324845,0.7084142830690006
2025-09-03 20:00:00,28,-1.1194310404684735,-0.8912446749818431,-0.8326490192639748,-0.9659961730021447,1.915764311753744
2025-09-04 00:00:00,28,-0.8106262248134346,-0.18098011718726523,0.5071269145209694,-0.1250025382580624,-1.1194310404684735
2025-09-04 04:00:00,28,0.16790682490633024,0.09742148112601534,0.37081632747799514,0.4839956675978545,-0.8106262248134346
2025-09-04 08:00:00,28,-0.27490314385790704,0.16361798947697415,-0.061121283874719844,0.3578525056955204,0.16790682490633024
2025-09-04 12:00:00,28,0.8495050542650002,0.32879972539539704,0.13434097490741367,0.5643786656802252,-0.27490314385790704
2025-09-04 16:00:00,28,0.3678788019807353,0.7376378209473572,-0.36198788329692366,-0.07382799242781424,0.8495050542650002
2025-09-04 20:00:00,28,-0.49791532543016004,-0.44030938121102514,-0.1493915963999175,-0.3502038652047581,0.3678788019807353
2025-09-05 00:00:00,28,0.6828784634969693,-0.11577819992521388,0.232781542692491,0.02386439285698927,-0.49791532543016004
2025-09-05 04:00:00,28,-1.6900966439345808,-0.7400755240578974,-0.28843667148573215,-0.48916090333671924,0.6828784634969693
2025-09-05 08:00:00,28,0.8776928606230445,0.5115452577860365,0.7590263651454496,0.7805560048673712,-1.6900966439345808
2025-09-05 12:00:00,28,0.14948801116180732,-0.0602664242313038,-0.3744303590529069,0.12117272679121349,0.8776928606230445
2025-09-05 16:00:00,28,1.4803103364450827,0.7804298573780659,-0.05299097247130002,0.008867045321974132,0.14948801116180732
2025-09-05 20:00:00,28,-1.580659316206079,-1.0747360141046118,-0.6404337946451102,-1.1032439515958803,1.4803103364450827
2025-09-06 00:00:00,28,-0.00992327557364625,1.0735649526741435,0.7107192610109386,0.08425610474696832,-1.580659316206079
2025-09-08 04:00:00,28,-1.029478847528308,-0.2738318333147411,0.01737530737473448,0.09171115225909965,-0.00992327557364625
2025-09-08 08:00:00,28,0.7899118655728525,0.5706407545998963,0.4674208101991576,0.8651265093253606,-1.029478847528308
2025-09-08 12:00:00,28,-0.2301256772307081,0.07818044216811909,-0.3356826505978855,0.2716903556543109,0.7899118655728525
2025-09-08 16:00:00,28,0.46205782419168706,1.1549308033287118,0.11457560062300173,0.4445766012074124,-0.2301256772307081
2025-09-08 20:00:00,28,-0.690440824400671,-0.08297035599040925,-0.1909634798482923,0.09744696572197142,0.46205782419168706
2025-09-09 00:00:00,28,0.6858901336051737,0.3590249319647153,0.31776487991715335,0.6161536278540325,-0.690440824400671
2025-09-09 04:00:00,28,-0.9145269257548971,-0.26985323093708613,-0.28976606306130814,0.10086575781755336,0.6858901336051737
2025-09-09 08:00:00,28,0.9115471536855662,0.498368179482153,0.4166794902964412,0.7879213204720195,-0.9145269257548971
2025-09-09 12:00:00,28,-0.46440734372557024,-0.08733399967475503,-0.3893740980340769,0.10310436765835895,0.9115471536855662
2025-09-09 16:00:00,28,1.2936567690078817,1.1448174461470493,0.21799067018912902,0.45199912390717856,-0.46440734372557024
2025-09-09 20:00:00,28,-1.6847219308711612,-0.6190101179719867,-0.5580424067483227,-0.5198848680034978,1.2936567690078817
2025-09-10 00:00:00,28,0.46689794133433615,0.44320469559714804,0.7566538947184318,0.7457941858696788,-1.6847219308711612
2025-09-10 04:00:00,28,-0.388335845215936,-0.06010931383533658,-0.19309997246636165,0.39502832129889853,0.46689794133433615
2025-09-10 08:00:00,28,0.6551342287849025,0.37928100776938767,0.1844116905443607,0.6867729327694647,-0.388335845215936
2025-09-10 12:00:00,28,0.3147884812704316,-0.03776598734505277,-0.27618999420306783,0.19459101499764486,0.6551342287849025
2025-09-10 16:00:00,28,-0.6061065752263808,0.6891354635580732,-0.12595681683869017,-0.041899755285443874,0.3147884812704316
2025-09-10 20:00:00,28,0.8416375568653596,0.12215810975790992,0.280538611316415,0.4134492151420712,-0.6061065752263808
2025-09-11 00:00:00,28,-0.7276159902072479,-0.37979287932344524,-0.3585150644329132,-0.2188468374929471,0.8416375568653596
2025-09-11 04:00:00,28,-0.47617734042490767,-0.1286792364366308,0.334174496664112,0.32778836751818297,-0.7276159902072479
2025-09-11 08:00:00,28,-0.218967700023871,0.3626365269604801,0.2231861045808413,0.685525555276639,-0.47617734042490767
2025-09-11 12:00:00,28,1.3565005892889488,0.4905862577353057,0.10965031984313489,0.8500291604809043,-0.218967700023871
2025-09-11 16:00:00,28,0.38421110241651846,0.586484671088774,-0.5857825118252613,-0.1690674340187286,1.3565005892889488
2025-09-11 20:00:00,28,-1.917187906376581,-0.5964955736454444,-0.15660089284641707,-0.457713254841309,0.38421110241651846
2025-09-12 00:00:00,28,1.0161123877238243,0.618679454433544,0.8592674939314024,0.9826102377038719,-1.917187906376581
2025-09-12 04:00:00,28,-1.052515406560211,-0.22319308116334272,-0.4355305946735695,0.2192366850974281,1.0161123877238243
2025-09-12 08:00:00,28,-0.34649233593548523,0.6379485299366064,0.47758945630147936,1.0099586906412306,-1.052515406560211
2025-09-12 12:00:00,28,0.6923705122064945,0.841983340292579,0.16594140438040428,1.2702675783485091,-0.34649233593548523
2025-09-12 16:00:00,28,0.9141963467972101,1.3409687548539981,-0.2926265890849487,0.7501112019392213,0.6923705122064945
2025-09-12 20:00:00,28,0.09853114211971103,-0.1665039867123627,-0.3905434874021552,0.06330399294759204,0.9141963467972101
2025-09-13 00:00:00,28,-0.36073062388124555,0.9393393231320873,-0.030497927088357128,-0.010719381741091993,0.09853114211971103
2025-09-15 04:00:00,28,-0.3086107832570253,-0.18349317676004465,0.17222637563079296,0.260286287723309,-0.36073062388124555
2025-09-15 08:00:00,28,0.8896219533571355,0.21160848217954026,0.14921997899477019,0.49213594612113987,-0.3086107832570253
2025-09-15 12:00:00,28,-0.9621376887007358,-0.3448946090654321,-0.3796960205680125,-0.17620928735465036,0.8896219533571355
2025-09-15 16:00:00,28,1.1987782160301936,1.1951099608038953,0.43769551957352626,0.5466147569081201,-0.9621376887007358
2025-09-15 20:00:00,28,-0.6111314069509763,-0.49187596190964283,-0.5161617410380321,-0.3539899366416943,1.1987782160301936
2025-09-16 00:00:00,28,-0.774022934359941,-0.08761625221886901,0.28275663942818163,0.10513403317682979,-0.6111314069509763
2025-09-16 04:00:00,28,0.5131838822178114,0.18492622735545056,0.35465914418136607,0.6866333282743007,-0.774022934359941
2025-09-16 08:00:00,28,-0.7083351378397698,0.06699790952736517,-0.21353120751779586,0.3010942796002336,0.5131838822178114
2025-09-16 12:00:00,28,-0.9743755641359169,0.4892079191973519,0.3256636698516319,0.8332443814408261,-0.7083351378397698
2025-09-16 16:00:00,28,2.6079933821068035,2.0353993695159955,0.4430974819140093,1.5652623599181332,-0.9743755641359169
2025-09-16 20:00:00,28,-0.5646019261904804,-0.526991814405008,-1.1382082144723937,-0.394041745932487,2.6079933821068035
2025-09-17 00:00:00,28,-1.2539262530298103,-0.1554684648994986,0.26221790260889244,0.030126075867174862,-0.5646019261904804
2025-09-17 04:00:00,28,0.24031805391045147,0.4182222314084245,0.5664949050745398,0.9721617699955498,-1.2539262530298103
2025-09-17 08:00:00,28,0.4634700870286821,0.47010225582161097,-0.0930845714715075,0.7916183096603824,0.24031805391045147
2025-09-17 12:00:00,28,-1.553800528154559,0.17599713357659974,-0.19158687160454266,0.4434276851425132,0.4634700870286821
2025-09-17 16:00:00,28,2.309975183997773,2.0818267562921156,0.6988634317590552,1.6107495715296523,-1.553800528154559
2025-09-17 20:00:00,28,1.270166795070054,-0.2982193776092921,-1.0066589850746543,-0.12466275484814915,2.309975183997773
2025-09-18 00:00:00,28,-1.0502846023903132,-1.0906712214421423,-0.5476736172257322,-1.0788994618007912,1.270166795070054
2025-09-18 04:00:00,28,-0.17581232817780013,-0.6351485616061859,0.4766047494233445,-0.2898533898691742,-1.0502846023903132
2025-09-18 08:00:00,28,-1.331027060776469,-0.32378376671895487,0.09060095994919123,-0.1577710698674082,-0.17581232817780013
2025-09-18 12:00:00,28,0.08016323554337212,0.4829153276709652,0.6005282356207017,0.8421880569732068,-1.331027060776469
2025-09-18 16:00:00,28,0.7007208206196776,1.3748489768785115,-0.022390086791694942,0.7819639177495397,0.08016323554337212
2025-09-18 20:00:00,28,-0.363383205739213,-0.04830356857456764,-0.2963125272053645,0.25553421500770845,0.7007208206196776
2025-09-19 00:00:00,28,0.2753992904736169,0.2054865783271227,0.1733972608369453,0.5285326865095215,-0.363383205739213
2025-09-19 04:00:00,28,-0.5501015053061877,-0.17509690397717742,-0.10856989976852591,0.3216337870432149,0.2753992904736169
2025-09-19 08:00:00,28,-0.7287377598098796,0.3706294518401049,0.255817222363944,0.7349078947828342,-0.5501015053061877
2025-09-19 12:00:00,28,0.41370097214854695,0.8248457193885493,0.33466966081088007,1.2823858503175423,-0.7287377598098796
2025-09-19 16:00:00,28,0.9620670567793024,1.503377042068215,-0.16961811683778147,0.971585209914748,0.41370097214854695
2025-09-19 20:00:00,28,-0.42768706111965216,-0.03250331476534913,-0.4116742607872188,0.24881422921211716,0.9620670567793024
2025-09-20 00:00:00,28,0.5880345398633295,1.4039520255037037,0.20178184498742613,0.5701221821464095,-0.42768706111965216
2025-09-22 04:00:00,29,-0.4061314295596894,-0.4225537836261559,-0.24483741026658948,0.06370087933500024,0.5880345398633295
2025-09-22 08:00:00,29,1.307359132894664,-0.06941161518734686,0.157013964521795,0.3750153787497492,-0.4061314295596894
2025-09-22 12:00:00,29,-1.2593186853247822,-0.8741788717522494,-0.5355952771814053,-0.6271229055333816,1.307359132894664
2025-09-22 16:00:00,29,0.9484116272611711,0.8756228120060111,0.5018803975180007,0.3381906299163653,-1.2593186853247822
2025-09-22 20:00:00,29,-0.21283843186148665,-0.6513713801991898,-0.3905052690217066,-0.38880134728677973,0.9484116272611711
2025-09-23 00:00:00,29,-0.8359204351979059,-0.4960629687225938,0.07888308974736388,-0.225652954799612,-0.21283843186148665
2025-09-23 04:00:00,29,1.0298755341901238,-0.09059207574878467,0.33073878321065636,0.41511043580113594,-0.8359204351979059
2025-09-23 08:00:00,29,-2.023591220287104,-0.7439614731546574,-0.42343375782728476,-0.3743265864295573,1.0298755341901238
2025-09-23 12:00:00,29,1.0104490357107547,0.7725701132558433,0.8108066516180653,1.1768296204337023,-2.023591220287104
2025-09-23 16:00:00,29,0.6038903485862175,0.9234575425589397,-0.4155813817036184,0.4022837152387986,1.0104490357107547
2025-09-23 20:00:00,29,-0.06333525421436192,-0.3662764154026882,-0.2512464795061774,-0.060620182091525976,0.6038903485862175
2025-09-24 00:00:00,29,-0.31126648149422564,-0.34824974703817557,0.018452478239311097,-0.01207140815786012,-0.06333525421436192
2025-09-24 04:00:00,29,0.7248351182526385,-0.3080919221326349,0.1186686469673631,0.2265256612096156,-0.31126648149422564
2025-09-24 08:00:00,29,-1.664828051370721,-0.7381528442116805,-0.30013350990022986,-0.3290867971556306,0.7248351182526385
2025-09-24 12:00:00,29,-0.22841263943265844,0.5465161047570564,0.665791154119034,0.9470644034200326,-1.664828051370721
2025-09-24 16:00:00,29,1.7465929643035398,1.5760217192735548,0.08517833311336573,1.1221509919711146,-0.22841263943265844
2025-09-24 20:00:00,29,-1.6486055710641132,-0.5096451145697668,-0.7131377846036467,-0.21667598567249868,1.7465929643035398
2025-09-25 00:00:00,29,0.915473782325833,0.6424666585126187,0.6592338727251926,1.047040094229562,-1.6486055710641132
2025-09-25 04:00:00,29,0.47382142645679437,-0.18249659502627769,-0.37719147768612704,0.34529617211774877,0.915473782325833
2025-09-25 08:00:00,29,-0.4184423070963028,-0.4505093270207363,-0.19867137959073083,-0.017905169746633476,0.47382142645679437
2025-09-25 12:00:00,29,0.6169172767873441,-0.042800607233597306,0.16199013873726398,0.30284606467240316,-0.4184423070963028
2025-09-25 16:00:00,29,1.3751245116098794,0.3731589685612383,-0.25651208823540245,-0.17004344651755865,0.6169172767873441
2025-09-25 20:00:00,29,-0.35296045732943604,-1.467605476645618,-0.5629866901218111,-1.224126356153251,1.3751245116098794
2025-09-26 00:00:00,29,-0.3353242258162741,-1.212912084718972,0.13552174999551936,-0.9535693391653197,-0.35296045732943604
2025-09-26 04:00:00,29,-2.0790658453756166,-1.1410735919165895,0.12839301686883275,-0.6965311345259781,-0.3353242258162741
2025-09-26 08:00:00,29,1.4302079052732015,0.3846606005435571,0.8332300246194837,0.8971483883937967,-2.0790658453756166
2025-09-26 12:00:00,29,0.19941888128264296,-0.503452811613076,-0.5852519236466143,-0.1991579441938054,1.4302079052732015
2025-09-26 16:00:00,29,0.13144667860082038,0.2253464472854004,-0.08775525148421254,-0.35201976350107245,0.19941888128264296
2025-09-26 20:00:00,29,-0.4613478439298504,-0.7344622056576362,-0.060280238322237514,-0.45277841936947283,0.13144667860082038
2025-09-27 00:00:00,29,2.09033604174852,0.5323563666321585,0.1793329662860698,-0.09913853179710053,-0.4613478439298504
2025-09-29 04:00:00,29,-2.9625889647190835,-1.9608310786799286,-0.8520820177535942,-1.701457069791232,2.09033604174852
2025-09-29 08:00:00,29,-0.3320926006305509,0.17306713601078896,1.1903585032492146,0.5694750309897785,-2.9625889647190835
2025-09-29 12:00:00,29,0.46807161743754655,0.5022203773713352,0.12708676312084208,0.8240360774882678,-0.3320926006305509
2025-09-29 16:00:00,29,1.809452236914181,1.0326666677834726,-0.19634725189956037,0.4652421731829488,0.46807161743754655
2025-09-29 20:00:00,29,-2.478930918569146,-1.0678395215449397,-0.7385461026246751,-0.9217687211980934,1.809452236914181
2025-09-30 00:00:00,29,0.4969731202913259,0.6686891154735062,0.9948593041712018,0.9784219112648298,-2.478930918569146
2025-09-30 04:00:00,29,-0.8184120622879867,0.13782731845130655,-0.208029515236317,0.5974739547527843,0.4969731202913259
2025-09-30 08:00:00,29,0.7461711043638477,0.7742761278782806,0.32366173175189233,1.2248165412706573,-0.8184120622879867
2025-09-30 12:00:00,29,0.08205039477857135,0.31989077840439806,-0.3087577191519621,0.6528492742097818,0.7461711043638477
2025-09-30 16:00:00,29,1.1164623970882914,1.12027798272827,-0.04031378888228306,0.5899546649327636,0.08205039477857135
2025-09-30 20:00:00,29,-0.7607155506700778,-0.546603632844433,-0.45843299433749835,-0.2658543342420945,1.1164623970882914
2025-10-01 00:00:00,29,0.5417599798721948,-0.008367605053273225,0.30034025100596945,0.31726177945199474,-0.7607155506700778
2025-10-01 04:00:00,29,-0.47605211469921294,-0.5662423185688108,-0.22613279139801437,-0.09801693246574139,0.5417599798721948
2025-10-01 08:00:00,29,0.7937167425447686,-0.15979390946524752,0.1852765728926793,0.26689431299879196,-0.47605211469921294
2025-10-01 12:00:00,29,-1.2490779574632676,-0.6004211346701409,-0.32797611995809994,-0.34151841351764745,0.7937167425447686
2025-10-01 16:00:00,29,0.9900248297641223,1.1395455429810173,0.4977409975621044,0.6159452318822076,-1.2490779574632676
2025-10-01 20:00:00,29,-0.12755542407909282,-0.42126470507209,-0.40732572269793077,-0.14294477724694943,0.9900248297641223
2025-10-02 00:00:00,29,0.48028423692959343,-0.33159910565999273,0.04441088392107387,-0.04516890937612139,-0.12755542407909282
2025-10-02 04:00:00,29,-0.9148022937706379,-0.8347995563542479,-0.2012837092754799,-0.41332423032390686,0.48028423692959343
2025-10-02 08:00:00,29,-0.5780520009000654,-0.12583671786985162,0.36262358342335343,0.2879049714087163,-0.9148022937706379
2025-10-02 12:00:00,29,0.3891423381765602,0.38484269186193765,0.22650590054896574,0.7310028362821601,-0.5780520009000654
2025-10-02 16:00:00,29,1.350650370622688,0.9786148974147815,-0.16444328379201018,0.43271109278951236,0.3891423381765602
2025-10-02 20:00:00,29,-0.32047015369902354,-0.8812721959760372,-0.5530940087135192,-0.6026114983987902,1.350650370622688
2025-10-03 00:00:00,29,-0.7323277815931917,-0.6399246016435844,0.12238885912745762,-0.35695947982848963,-0.32047015369902354
2025-10-03 04:00:00,29,-0.4427060966356873,-0.30097865521132294,0.28886564376574925,0.2043963772677433,-0.7323277815931917
2025-10-03 08:00:00,29,-0.3250315914783162,0.07315660075438118,0.17179779408241375,0.5437466881053368,-0.4427060966356873
2025-10-03 12:00:00,29,-0.27580267642140477,0.4177496414040557,0.12423263581967758,0.7928952144943278,-0.3250315914783162
2025-10-03 16:00:00,29,3.072546453160058,1.4769961952601873,0.10433383843231409,1.0043079885326858,-0.27580267642140477
2025-10-03 20:00:00,29,-0.6351531884441819,-1.5273524997199117,-1.2491008418703193,-1.350910522950441,3.072546453160058
2025-10-04 00:00:00,29,-0.9763874848974883,-0.10507131733275277,0.24958674562151417,-0.8640425227896174,-0.6351531884441819
2025-10-06 04:00:00,29,-0.3745534203184846,-0.5663822455680368,0.387516905546714,-0.11560603407651371,-0.9763874848974883
2025-10-06 08:00:00,29,-0.007303102410118001,-0.24088177857442028,0.14424983175428224,0.17150277372235045,-0.3745534203184846
2025-10-06 12:00:00,29,0.23757748003233736,-0.13518329969162132,-0.004196252382553549,0.1771008671115908,-0.007303102410118001
2025-10-06 16:00:00,29,0.23871030880905586,0.5685088166670901,-0.10317932134697644,-0.00501090480586619,0.23757748003233736
2025-10-06 20:00:00,29,0.19461641186551937,-0.48027788268843385,-0.10363722155209848,-0.1879910311472308,0.23871030880905586
2025-10-07 00:00:00,29,-1.2746243847925722,-0.6060010553524959,-0.08581404750318078,-0.3371715831264126,0.19461641186551937
2025-10-07 04:00:00,29,0.4196554281072089,0.09472095073274106,0.5080671073455347,0.6398743271685259,-1.2746243847925722
2025-10-07 08:00:00,29,-0.10402651464491797,-0.13735218570500518,-0.17677696600886286,0.31819319141028757,0.4196554281072089
2025-10-07 12:00:00,29,-0.2941231048457116,0.047941869173170726,0.03490027412934865,0.39793329516845866,-0.10402651464491797
2025-10-07 16:00:00,29,2.5007055280987522,1.1153527433309818,0.11173913048158088,0.6233893433512474,-0.2941231048457116
2025-10-07 20:00:00,29,-1.1323088518799231,-1.5120577309942058,-1.0179572813745676,-1.2934923185969094,2.5007055280987522
2025-10-08 00:00:00,29,-0.9067756530985758,-0.7042948917888117,0.4505418104498056,-0.4255364359702991,-1.1323088518799231
2025-10-08 04:00:00,29,0.3020796354174031,-0.2448864055360602,0.3593791386443066,0.26954005400220815,-0.9067756530985758
2025-10-08 08:00:00,29,0.9981238765235485,-0.3912191318099908,-0.12925170826779,0.03798503599900904,0.3020796354174031
2025-10-08 12:00:00,29,-1.5598530604272547,-0.953043871046429,-0.4105994347086524,-0.7271131867874381,0.9981238765235485
2025-10-08 16:00:00,29,1.7213138354227997,0.9976007783998755,0.6233592607265127,0.46857086847995966,-1.5598530604272547
2025-10-08 20:00:00,29,-0.4465901966737764,-1.068031914965749,-0.7029197194046601,-0.8508787382429137,1.7213138354227997
2025-10-09 00:00:00,29,-0.3252163477771184,-0.7609628063180494,0.17336778439401895,-0.5085511235794495,-0.4465901966737764
2025-10-09 04:00:00,29,-0.2279537513623957,-0.722848996807869,0.12430731607927004,-0.2592609747734542,-0.3252163477771184
2025-10-09 08:00:00,29,0.0023247185680830285,-0.5091562515161427,0.08499284617498654,-0.08452614060404251,-0.2279537513623957
2025-10-09 12:00:00,29,0.21177378191106122,-0.3908878189141106,-0.008087909525627903,-0.0863081218658408,0.0023247185680830285
2025-10-09 16:00:00,29,1.162799136034506,0.33503315171337467,-0.09274922025361751,-0.24864042147704524,0.21177378191106122
2025-10-09 20:00:00,29,-1.3266092804080376,-1.4717336651215664,-0.4771627465332545,-1.1399682149131412,1.162799136034506
2025-10-10 00:00:00,29,-0.9352410570455874,-0.5535133747474826,0.5290798983822561,-0.12307399301817945,-1.3266092804080376
2025-10-10 04:00:00,29,1.069110778453016,-0.07695255865794273,0.3708851266401058,0.5938222635013535,-0.9352410570455874
2025-10-10 08:00:00,29,-0.49021866874204,-0.7750104403750965,-0.4392930180837506,-0.225689999250271,1.069110778453016
2025-10-10 12:00:00,29,-0.35928287540830084,-0.33056547196156505,0.1910028292655744,0.15008042469512084,-0.49021866874204
2025-10-10 16:00:00,29,2.2418656656196436,0.7880183373043009,0.13807733173450534,0.42548380489470183,-0.35928287540830084
2025-10-10 20:00:00,29,1.094580086444351,-1.6706954362786461,-0.9133317381691076,-1.2929876963238893,2.2418656656196436
2025-10-11 00:00:00,29,0.05323306532448058,-1.4613412973561162,-0.44958795549462044,-2.1320231091955595,1.094580086444351
2025-10-13 04:00:00,29,-2.7507355719712336,-2.6542596007988726,-0.028665549237169286,-2.17282818823554,0.05323306532448058
2025-10-13 08:00:00,29,-0.22508333686818105,-0.6482326311045752,1.1047253396249197,-0.06428941166515756,-2.7507355719712336
2025-10-13 12:00:00,29,1.039042150818,-0.37591764378728976,0.08383259723648975,0.10824514548469821,-0.22508333686818105
2025-10-13 16:00:00,29,0.5935921254455003,-0.23219162248283567,-0.4271389917694685,-0.6882184215025244,1.039042150818
2025-10-13 20:00:00,29,-0.9921181315176923,-1.4914950924915467,-0.24708383940959824,-1.1432283565620889,0.5935921254455003
2025-10-14 00:00:00,29,-1.1544456834445516,-0.7770333385320198,0.3938753830696451,-0.3827337555690544,-0.9921181315176923
2025-10-14 04:00:00,29,0.7142674250003509,-0.16428501983200752,0.45948972907839,0.5021908128956412,-1.1544456834445516
2025-10-14 08:00:00,29,0.5854953326044186,-0.5963841227758003,-0.29586194741229005,-0.04532112456588777,0.7142674250003509
2025-10-14 12:00:00,29,0.35880867841635045,-1.1018218468337744,-0.24381103845418653,-0.49412457367848006,0.5854953326044186
2025-10-14 16:00:00,29,0.540248559154044,-0.47378555465577643,-0.15218212896282424,-0.7691644646515989,0.35880867841635045
2025-10-14 20:00:00,29,0.12262214497611623,-1.687776319513698,-0.22552186071626407,-1.1832846176644356,0.540248559154044
2025-10-15 00:00:00,29,-1.2612739252674885,-1.746070574502213,-0.05671327759533619,-1.2772789478293998,0.12262214497611623
2025-10-15 04:00:00,29,0.43798591941880183,-1.072527535765279,0.5026707241668537,-0.31046664991091255,-1.2612739252674885
2025-10-15 08:00:00,29,-0.5522124849777832,-1.3015678743572563,-0.18418632557322737,-0.6461987733823698,0.43798591941880183
2025-10-15 12:00:00,29,-0.2971229980705079,-0.7871109850513274,0.21606132155853644,-0.22290783646125334,-0.5522124849777832
2025-10-15 16:00:00,29,1.1645291783869407,0.2780373423189071,0.11295171595893574,0.004847738893287712,-0.2971229980705079
2025-10-15 20:00:00,29,-0.3209370229962367,-1.3998812324256265,-0.47786204616646516,-0.8878061948750098,1.1645291783869407
2025-10-16 00:00:00,29,0.07906458821834583,-1.1529632673501575,0.1225775721539561,-0.6417963040225487,-0.3209370229962367
2025-10-16 04:00:00,29,-0.5645487926186625,-1.3839567723059378,-0.03910689736921392,-0.7024021840681112,0.07906458821834583
2025-10-16 08:00:00,29,0.5888709872363034,-0.9074627657439982,0.22104777486489627,-0.2696550190436682,-0.5645487926186625
2025-10-16 12:00:00,29,-0.6661968498248303,-1.21003415151745,-0.24517551027916862,-0.7210460301015686,0.5888709872363034
2025-10-16 16:00:00,29,2.1970580416389787,0.13049169030935523,0.26213488988309924,-0.21038193537797056,-0.6661968498248303
2025-10-16 20:00:00,29,-1.1662256166722837,-2.2402715465602423,-0.8952200688388032,-1.8945067645238591,2.1970580416389787
2025-10-17 00:00:00,29,-1.2290502484200942,-1.4125653609301851,0.46425129053600744,-1.0005524491619422,-1.1662256166722837
2025-10-17 04:00:00,29,-0.08314482477265095,-0.7852880539760224,0.4896456063896105,-0.0584407705427914,-1.2290502484200942
2025-10-17 08:00:00,29,1.1186940996539594,-0.8038397192639201,0.026459695753943954,0.005292759095846478,-0.08314482477265095
2025-10-17 12:00:00,29,0.7741959674614822,-1.471528588134281,-0.4593350698175643,-0.8522269211947933,1.1186940996539594
2025-10-17 16:00:00,29,-0.3485514334481685,-1.1905184027739586,-0.32008563633119996,-1.4456762642325653,0.7741959674614822
2025-10-17 20:00:00,29,-1.1227775143967094,-2.016753151956511,0.13373958045576892,-1.1784989242718265,-0.3485514334481685
2025-10-18 00:00:00,29,2.0068369860495334,-0.2932951158281828,0.44668915285640154,-0.31784915819117465,-1.1227775143967094
2025-10-20 04:00:00,30,-1.3593414680060913,-1.432277801063155,-0.7500687469653178,-1.6614866407127629,2.0068369860495334
2025-10-20 08:00:00,30,-1.6236950948740958,-0.4819309730149112,0.5240867040254487,-0.7001756508051589,-1.3593414680060913
2025-10-20 12:00:00,30,0.26957458723767935,0.7620871086144293,0.6241490207624689,0.4480832493305531,-1.6236950948740958
2025-10-20 16:00:00,30,0.7146892264134177,1.6180819378470865,-0.0924855601379801,0.25744313467892965,0.26957458723767935
2025-10-20 20:00:00,30,-0.19544069312440904,0.02191606182344973,-0.2609689758458579,-0.24797704405477994,0.7146892264134177
2025-10-21 00:00:00,30,-0.01915712377642187,0.09606954977034056,0.08353058468449627,-0.10976358511334183,-0.19544069312440904
2025-10-21 04:00:00,30,0.3152811478354458,-0.004426334498150979,0.016804273566251852,-0.09621588274808701,-0.01915712377642187
2025-10-21 08:00:00,30,-0.27273329908238964,-0.10519877230708066,-0.10978626600564399,-0.3191791627320839,0.3152811478354458
2025-10-21 12:00:00,30,0.7722894074555757,0.20551211232872502,0.11278714269139242,-0.12630524260792875,-0.27273329908238964
2025-10-21 16:00:00,30,1.7033840930328257,0.6688098505213108,-0.2827716181165008,-0.6724596212169018,0.7722894074555757
2025-10-21 20:00:00,30,-1.8577191481992514,-1.5162673346872768,-0.6352066970076519,-1.8770736841338103,1.7033840930328257
2025-10-22 00:00:00,30,0.5256943769334708,-0.036767002557743136,0.7127310811841157,-0.5633156068898,-1.8577191481992514
2025-10-22 04:00:00,30,-1.2597745509408576,-0.32461229618516657,-0.18943123031013812,-0.935080754774269,0.5256943769334708
2025-10-22 08:00:00,30,0.2824475583926507,0.6496553534241367,0.4863989427113788,-0.044182368218216084,-1.2597745509408576
2025-10-22 12:00:00,30,-0.1270761144913024,0.562571662635621,-0.09735819734109452,-0.2439261032149087,0.2824475583926507
2025-10-22 16:00:00,30,1.6925548952899128,1.696870555298729,0.05765343595071132,-0.1540593049964798,-0.1270761144913024
2025-10-22 20:00:00,30,-2.162833816667531,-0.3826594905326998,-0.6311076625915277,-1.3510150811273505,1.6925548952899128
2025-10-23 00:00:00,30,0.910821464242467,1.1701374508417888,0.828222141242952,0.1785166562925724,-2.162833816667531
2025-10-23 04:00:00,30,-0.8515062582666459,0.27196249057715366,-0.33520834353113715,-0.46560603401594847,0.910821464242467
2025-10-23 08:00:00,30,1.3447170299676756,0.9184255877112241,0.3318624920514922,0.1365696100828906,-0.8515062582666459
2025-10-23 12:00:00,30,-1.3091141229070988,-0.08233161315481795,-0.49944515027660663,-0.8143991418084102,1.3447170299676756
2025-10-23 16:00:00,30,0.9728928940327268,1.8922080302902704,0.5050748047990216,0.11139163483860237,-1.3091141229070988
2025-10-23 20:00:00,30,0.15614480157116262,-0.006335976727266084,-0.35870342904057084,-0.5766272721462062,0.9728928940327268
2025-10-24 00:00:00,30,-1.2605981060255473,-0.15535114863118737,-0.04955046870289055,-0.687051118766199,0.15614480157116262
2025-10-24 04:00:00,30,0.030518755463642577,0.6104498644572632,0.48671067223334885,0.20442967667852585,-1.2605981060255473
2025-10-24 08:00:00,30,0.2114831942315174,0.5943531834355185,-0.001998886509895806,0.18284715623314085,0.030518755463642577
2025-10-24 12:00:00,30,0.2867985237010462,0.5261910649861153,-0.07049698583489443,0.03328862103026076,0.2114831942315174
2025-10-24 16:00:00,30,0.8124999504855612,1.5720585635586426,-0.0990051112645333,-0.16953206767240658,0.2867985237010462
2025-10-24 20:00:00,30,-1.531825222221288,-0.19127963075403084,-0.2979919884231394,-0.7441228898348733,0.8124999504855612
2025-10-25 00:00:00,30,3.7714435552196317,1.7831674715441388,0.5893747208790593,0.33916667014519675,-1.531825222221288
2025-10-27 04:00:00,30,-3.8100351572633695,-2.2009251127492924,-1.4180021645336314,-2.3279557731705633,3.7714435552196317
2025-10-27 08:00:00,30,0.491114372323711,0.6543920682754045,1.4517156950296888,0.3664582168506776,-3.8100351572633695
2025-10-27 12:00:00,30,-1.2241360584372494,0.2914217684399731,-0.17634211398128552,0.01914765910769667,0.491114372323711
2025-10-27 16:00:00,30,1.2401370829898521,2.1947545557513313,0.4729091708206888,0.8848429047945832,-1.2241360584372494
2025-10-27 20:00:00,30,-0.2849897127620249,0.23393974430485534,-0.45985987239403453,0.007831914598879663,1.2401370829898521
2025-10-28 00:00:00,30,-0.4248196800894899,0.43913482755295336,0.11742640246702611,0.20937343255948448,-0.2849897127620249
2025-10-28 04:00:00,30,0.12077362436033034,0.6780809829337755,0.17035440896278817,0.5098011299489311,-0.4248196800894899
2025-10-28 08:00:00,30,-0.24967956411637005,0.6424297276274926,-0.036161880169551436,0.4243913818310734,0.12077362436033034
2025-10-28 12:00:00,30,0.09903823587837302,0.7875263019976358,0.10406091427731057,0.600961960004101,-0.24967956411637005
2025-10-28 16:00:00,30,2.240094029218014,1.7385519235230142,-0.027934668186680663,0.5309232340388057,0.09903823587837302
2025-10-28 20:00:00,30,-0.06755254662766319,-0.9039457289013428,-0.8383604810761549,-1.0532460563105666,2.240094029218014
2025-10-29 00:00:00,30,-1.6462446792004712,-0.7989402123362863,0.03512275925277846,-1.005473655484252,-0.06755254662766319
2025-10-29 04:00:00,30,-0.001238388084530584,0.3240590053700178,0.6326844196366466,0.15873205694328973,-1.6462446792004712
2025-10-29 08:00:00,30,0.016121669088533963,0.3208991302106505,0.010021729185938733,0.15960783106145549,-0.001238388084530584
2025-10-29 12:00:00,30,-0.7660768713831398,0.3617078901124913,0.0034506540696086,0.14820676809440414,0.016121669088533963
2025-10-29 16:00:00,30,1.3679696173291553,1.8833417391891896,0.2995260249098664,0.6899677111007776,-0.7660768713831398
2025-10-29 20:00:00,30,2.104242093627356,0.0027414473630423646,-0.5082466476840222,-0.2774450089180931,1.3679696173291553
2025-10-30 00:00:00,30,-1.6514593787149838,-1.3028368863933615,-0.7869382268424454,-1.7655413391192836,2.104242093627356
2025-10-30 04:00:00,30,1.256797346257569,-0.244383127239651,0.6346582715587542,-0.5976478498745461,-1.6514593787149838
2025-10-30 08:00:00,30,-0.8424516016244414,-1.064424113372502,-0.4661660636869908,-1.4864407907801782,1.256797346257569
2025-10-30 12:00:00,30,-0.9623004134243072,-0.46348481172930783,0.32843515144106955,-0.8906684979693402,-0.8424516016244414
2025-10-30 16:00:00,30,1.1762878824321596,1.3456797183335485,0.3737999527829541,-0.21014047407676628,-0.9623004134243072
2025-10-30 20:00:00,30,-0.5663544777177361,-0.46380714739077117,-0.4356918705954459,-1.0419980281141825,1.1762878824321596
2025-10-31 00:00:00,30,-0.4578639882267428,-0.13472292917690187,0.22392772254799978,-0.6414785144911335,-0.5663544777177361
2025-10-31 04:00:00,30,0.5787752882427064,-0.054285653655450725,0.18286223821544476,-0.3176822542248203,-0.4578639882267428
2025-10-31 08:00:00,30,-0.7678840090635024,-0.4548855059638895,-0.20952325258742835,-0.7269856252834312,0.5787752882427064
2025-10-31 12:00:00,30,0.6506662344809797,0.10626802992981756,0.3002100570720207,-0.18394669484469084,-0.7678840090635024
2025-10-31 16:00:00,30,0.5611235457492842,0.6650672046437973,-0.23673519107393926,-0.6440905341155165,0.6506662344809797
2025-10-31 20:00:00,30,-1.0914655960544497,-0.49745387425422033,-0.20284176964632591,-1.0409107915126032,0.5611235457492842
2025-11-01 00:00:00,30,0.845929827750604,1.1648490253229162,0.42269115797979373,-0.2690386039214747,-1.0914655960544497
2025-11-03 04:00:00,30,-0.43159728666910624,-0.6187269013780156,-0.3106457621088118,-0.8672706591092876,0.845929827750604
2025-11-03 08:00:00,30,-0.3906251249809696,-0.17409658683628493,0.17291984763039195,-0.5620499146131337,-0.43159728666910624
2025-11-03 12:00:00,30,0.15902608449529332,0.09818115466396561,0.15741119178627974,-0.28580422181524767,-0.3906251249809696
2025-11-03 16:00:00,30,1.5575323525159668,0.9437937708980584,-0.050641082998518466,-0.3982656792969639,0.15902608449529332
2025-11-03 20:00:00,30,-1.700053674877477,-1.094335110330834,-0.5799993475600471,-1.4997350325467202,1.5575323525159668
2025-11-04 00:00:00,30,0.9586541091523717,0.10808243589724538,0.6530520341555952,-0.2974762038730674,-1.700053674877477
2025-11-04 04:00:00,30,0.3398434524512357,-0.7280210756702905,-0.353313808252959,-0.9754256024153101,0.9586541091523717
2025-11-04 08:00:00,30,-0.9234662137014258,-0.8070592127045062,-0.11908351353492998,-1.2157590678312644,0.3398434524512357
2025-11-04 12:00:00,30,-0.27154343923657187,-0.004610196888825597,0.3591005516854994,-0.5626941529929805,-0.9234662137014258
2025-11-04 16:00:00,30,1.1922254567849908,1.1349977956899746,0.11233676062485724,-0.3706616883626488,-0.27154343923657187
2025-11-04 20:00:00,30,0.15613433726477055,-0.5982735651285244,-0.44172451191687206,-1.213790115641591,1.1922254567849908
2025-11-05 00:00:00,30,0.9302421829441645,-0.7391024192382306,-0.04954650778601931,-1.324206562021856,0.15613433726477055
2025-11-05 04:00:00,30,-1.9401262014695657,-1.5002486276713747,-0.3425594138720791,-1.9820633660606317,0.9302421829441645
2025-11-05 08:00:00,30,-0.7324026630734242,-0.06781997531397214,0.743923543959805,-0.61002794804598,-1.9401262014695657
2025-11-05 12:00:00,30,0.38794518632235686,0.4977137218313901,0.28677976779330483,-0.09208102623036218,-0.7324026630734242
2025-11-05 16:00:00,30,0.3160052858851028,1.1403065363184475,-0.13729083297759176,-0.36643149656543095,0.38794518632235686
2025-11-05 20:00:00,30,-0.26566742346610184,-0.14867659068416383,-0.11006036449918305,-0.589906878829634,0.3160052858851028
2025-11-06 00:00:00,30,0.2810324689369992,0.0302803134364087,0.11011258932014471,-0.40202986643111416,-0.26566742346610184
2025-11-06 04:00:00,30,-0.43232886793427205,-0.2827295853606597,-0.09682256205967157,-0.600772866088354,0.2810324689369992
2025-11-06 08:00:00,30,-0.7915024306934839,0.05207687022474146,0.1731967635068306,-0.2950347555537398,-0.43232886793427205
2025-11-06 12:00:00,30,1.1874218113336816,0.7369192032031163,0.3091500289345885,0.2647068568906299,-0.7915024306934839
2025-11-06 16:00:00,30,1.0957136600536508,0.8724821481412722,-0.4399062509066638,-0.575024486379144,1.1874218113336816
2025-11-06 20:00:00,30,-1.231625464002219,-0.7752742643783262,-0.40519316529679245,-1.3499008570283024,1.0957136600536508
2025-11-07 00:00:00,30,0.4042063602641566,-0.009107475871245954,0.47574403743739757,-0.4789091880019285,-1.231625464002219
2025-11-07 04:00:00,30,-0.13993893028856697,-0.47517379569147905,-0.14344596221397857,-0.764759377566472,0.4042063602641566
2025-11-07 08:00:00,30,-1.421716782443374,-0.4120932665149834,0.06252222917925473,-0.6657961407576689,-0.13993893028856697
2025-11-07 12:00:00,30,1.5288007678669224,0.7195733808523485,0.5476968150110303,0.339625969629072,-1.421716782443374
2025-11-07 16:00:00,30,0.5840018679754202,0.6425888540726806,-0.5691239570554005,-0.7415247302648798,1.5288007678669224
2025-11-07 20:00:00,30,-1.0033817277364285,-0.7968472774444563,-0.21150160137296337,-1.1545242796973154,0.5840018679754202
2025-11-08 00:00:00,30,0.838743341029403,0.7230222913361373,0.3893499247404983,-0.44494401259905203,-1.0033817277364285
2025-11-10 04:00:00,30,-1.6650827047886807,-1.0810802423471335,-0.30792555539539207,-1.0380938652450347,0.838743341029403
2025-11-10 08:00:00,30,0.4148584110237028,0.19639764030187828,0.6398149307835531,0.13943388689977532,-1.6650827047886807
2025-11-10 12:00:00,30,-0.5506479364813881,-0.07475914517014733,-0.14747794350218207,-0.15394931309755222,0.4148584110237028
2025-11-10 16:00:00,30,1.6156891585459476,1.3156779048108793,0.217982531166838,0.23546271130420138,-0.5506479364813881
2025-11-10 20:00:00,30,-0.7678513642101841,-0.8818856566217103,-0.6020126817984726,-0.9071344807486721,1.6156891585459476
2025-11-11 00:00:00,30,0.35057009465805855,-0.382352751934319,0.3001977004431699,-0.36411863638285524,-0.7678513642101841
2025-11-11 04:00:00,30,-0.3490649895977995,-0.7986403335590843,-0.1231437289469157,-0.612037862463751,0.35057009465805855
2025-11-11 08:00:00,30,-0.7520891781638639,-0.44633176111970746,0.14167997795874768,-0.3651830297449692,-0.3490649895977995
2025-11-11 12:00:00,30,-0.12159403481277309,0.1502203369442346,0.2942314465607435,0.16668597401609375,-0.7520891781638639
2025-11-11 16:00:00,30,1.3253206980763501,1.337896639358322,0.05557837611639144,0.2526759071740834,-0.12159403481277309
2025-11-11 20:00:00,30,-1.0229633510145408,-0.6919584034851024,-0.49210331075565594,-0.6845759770648403,1.3253206980763501
2025-11-12 00:00:00,30,-0.023628051375691683,0.04601223476554685,0.39676190018374735,0.03885219366950565,-1.0229633510145408
2025-11-12 04:00:00,30,-0.48187237571166897,-0.12843354504679672,0.018496595244780593,0.0555616857229424,-0.023628051375691683
2025-11-12 08:00:00,30,1.33800797769638,0.25935102098480284,0.19194981874658426,0.39633640745933363,-0.48187237571166897
2025-11-12 12:00:00,30,-1.0560147902454204,-0.7259538570575939,-0.49690566057363084,-0.5498877781606808,1.33800797769638
2025-11-12 16:00:00,30,1.5306645581690148,1.1232327240224353,0.4092724286758947,0.1969139984797028,-1.0560147902454204
2025-11-12 20:00:00,30,-0.9274581584119694,-0.7719005336797957,-0.5698294331926069,-0.8855547529432091,1.5306645581690148
2025-11-13 00:00:00,30,0.6457485331447366,-0.17488549860690608,0.3606115702433138,-0.22966677972579852,-0.9274581584119694
2025-11-13 04:00:00,30,0.5727613372940183,-0.8250219530025049,-0.23487375798313875,-0.6863328759490681,0.6457485331447366
2025-11-13 08:00:00,30,-0.45824340705368805,-1.2368003443470406,-0.20724687048592988,-1.091383248569974,0.5727613372940183
2025-11-13 12:00:00,30,-1.1072175930486488,-0.5961454002058667,0.18300585465561844,-0.7673186675787314,-0.45824340705368805
2025-11-13 16:00:00,30,1.7139947736940453,1.2067709264258368,0.42865355513374365,0.015693155034144368,-1.1072175930486488
2025-11-13 20:00:00,30,-0.49676353242901605,-0.9473854115618286,-0.6392230190142664,-1.1964246618475372,1.7139947736940453
2025-11-14 00:00:00,30,0.693676440067641,-0.5801661426983369,0.19758637330301482,-0.8451190816464074,-0.49676353242901605
2025-11-14 04:00:00,30,-0.04546148821134466,-1.2140198803574678,-0.2530152809873103,-1.3356792543270348,0.693676440067641
2025-11-14 08:00:00,30,-0.5306513390004444,-1.0435829621017743,0.026760920187058335,-1.3035294014286132,-0.04546148821134466
2025-11-14 12:00:00,30,0.3763772110292454,0.33246577035619057,0.21041348097256934,-0.9282587457496039,-0.5306513390004444
2025-11-14 16:00:00,30,0.19731866230888961,0.7976241496971082,-0.132912158769489,-1.1944284741283795,0.3763772110292454
2025-11-14 20:00:00,30,-0.011979643474344215,-0.6380335031280141,-0.0651354710470481,-1.333970011744852,0.19731866230888961
2025-11-15 00:00:00,30,0.1616632578515933,0.19127357540778206,0.014087475934726174,-1.3254981426831698,-0.011979643474344215
2025-11-17 04:00:00,31,-1.594345651762282,-0.756299463002645,-0.05255741164053957,-1.037166146115882,0.1616632578515933
2025-11-17 08:00:00,31,-0.3655761065689447,0.34391849713699824,0.6598853502429504,-0.08938152309869274,-1.594345651762282
2025-11-17 12:00:00,31,0.7490220660854696,0.418224318123898,0.1613525901282213,0.1279411208120269,-0.3655761065689447
2025-11-17 16:00:00,31,1.3129213124276493,1.2809793537228085,-0.2908588970508568,-0.31732719083148986,0.7490220660854696
2025-11-17 20:00:00,31,-1.1382009452481956,-0.6213555494527253,-0.519642438118641,-1.0978145523863905,1.3129213124276493
2025-11-18 00:00:00,31,0.5112433137213088,0.32210594379735874,0.4748196636463556,-0.4211925459742485,-1.1382009452481956
2025-11-18 04:00:00,31,0.18876978260541222,-0.10258624617087915,-0.19438800210033919,-0.7251094229888544,0.5112433137213088
2025-11-18 08:00:00,31,-0.5444639022948579,-0.24301620536151178,-0.063554991012116,-0.8373266809253304,0.18876978260541222
2025-11-18 12:00:00,31,-0.23432746213218536,-0.16479122231541563,0.23393041963493108,-0.5136612864027503,-0.5444639022948579
2025-11-18 16:00:00,31,0.8927978151691587,1.1391584248990847,0.10810277674512746,-0.3743615272106062,-0.23432746213218536
2025-11-18 20:00:00,31,-1.191955441206547,-0.7918808252782635,-0.3491911704284302,-0.9050996640414501,0.8927978151691587
2025-11-19 00:00:00,31,0.4305858750730902,0.254453523831142,0.49662877939431826,-0.19652242594472913,-1.191955441206547
2025-11-19 04:00:00,31,-0.6657620687630974,-0.11258307037151212,-0.16166390369606595,-0.45249118079508843,0.4305858750730902
2025-11-19 08:00:00,31,0.08702283030278402,0.4216273913129783,0.2831431544091744,-0.05671812451691416,-0.6657620687630974
2025-11-19 12:00:00,31,-0.1316260894011112,0.09763069249000086,-0.022274517254353803,-0.10845025695710753,0.08702283030278402
2025-11-19 16:00:00,31,1.7327402729911316,1.301364990850262,0.06643507834270812,-0.03020299395967374,-0.1316260894011112
2025-11-19 20:00:00,31,-0.4941721732741815,-0.49193138890459137,-0.68997015007807,-1.0602585434626004,1.7327402729911316
2025-11-20 00:00:00,31,-0.44246703227891615,-0.4659878291251215,0.21352620748815712,-0.7664898826740494,-0.4941721732741815
2025-11-20 04:00:00,31,-0.5420520736865502,-0.36539132258983675,0.1925485499987415,-0.503458181284536,-0.44246703227891615
2025-11-20 08:00:00,31,0.18745043530451255,0.03933385436762335,0.23295189963683485,-0.18122653738295824,-0.5420520736865502
2025-11-20 12:00:00,31,0.3680537442973151,-0.05350993290336343,-0.06301970931178386,-0.2926594879248432,0.18745043530451255
2025-11-20 16:00:00,31,1.4254448492269525,0.9048493474644985,-0.13629355180750466,-0.5114550037549996,0.3680537442973151
2025-11-20 20:00:00,31,-0.35216650564983887,-0.8896485639050067,-0.5652951559922773,-1.3588338061891134,1.4254448492269525
2025-11-21 00:00:00,31,-0.6251868391550719,-0.7526515305937559,0.15591208634588924,-1.1494827169647177,-0.35216650564983887
2025-11-21 04:00:00,31,-0.3394473411272436,-0.2839420382428525,0.2666810917808277,-0.7778302638037982,-0.6251868391550719
2025-11-21 08:00:00,31,0.3130773249104557,-0.09076952555384128,0.15075170438443278,-0.5760402881552551,-0.3394473411272436
2025-11-21 12:00:00,31,1.7412638152821334,0.004555122098579256,-0.11398868088572127,-0.7621541801067906,0.3130773249104557
2025-11-21 16:00:00,31,-0.17952714993891838,-0.9634463831697176,-0.6934282965473652,-1.7972766875232162,1.7412638152821334
2025-11-21 20:00:00,31,-0.6551495497070245,-1.8534324731517293,0.08586935551514435,-1.6905538624331031,-0.17952714993891838
2025-11-22 00:00:00,31,0.5197330345183744,-0.35604214203762524,0.27883747444055046,-1.301089590176578,-0.6551495497070245
2025-11-24 04:00:00,31,-1.219161598413077,-2.3870562749632156,-0.19783242661274733,-1.6100533193692375,0.5197330345183744
2025-11-24 08:00:00,31,-0.7240608101922756,-1.1647851607776039,0.5076667813511071,-0.8853029400071737,-1.219161598413077
2025-11-24 12:00:00,31,-0.3452632071014836,-0.47682527171012296,0.30679594804293114,-0.45487325164501247,-0.7240608101922756
2025-11-24 16:00:00,31,1.1073500910035552,0.8787268019190412,0.15311130039487833,-0.24962594017106543,-0.3452632071014836
2025-11-24 20:00:00,31,-1.662723236073047,-1.1706784046584924,-0.43623868774282526,-0.9079081560693405,1.1073500910035552
2025-11-25 00:00:00,31,-0.10366069025092095,0.12756995875436675,0.6876273023199444,0.0805246305986671,-1.662723236073047
2025-11-25 04:00:00,31,0.299031869709534,0.352272625327329,0.055089038981144325,0.14214740864718678,-0.10366069025092095
2025-11-25 08:00:00,31,0.30882800672613264,0.06804589989070396,-0.10829020017729718,-0.03561693473061478,0.299031869709534
2025-11-25 12:00:00,31,-0.13785118877882496,-0.15302127719000017,-0.1122646600297983,-0.21920475059008293,0.30882800672613264
2025-11-25 16:00:00,31,0.8752052689825405,1.072669943230783,0.06896070732407404,-0.137256876335341,-0.13785118877882496
2025-11-25 20:00:00,31,-0.23797312352724553,-0.7075974590234897,-0.3420535744144594,-0.6575368388443454,0.8752052689825405
2025-11-26 00:00:00,31,0.06770677576490414,-0.42677254820232746,0.10958188374678829,-0.5160698571260536,-0.23797312352724553
2025-11-26 04:00:00,31,-0.5836891284720771,-0.6708653269825141,-0.014437664509292696,-0.5563192477604604,0.06770677576490414
2025-11-26 08:00:00,31,-0.873782551564183,-0.25488774209760584,0.24984476284822807,-0.2093357815486918,-0.5836891284720771
2025-11-26 12:00:00,31,0.6603927229673072,0.3157262022564917,0.3675406118957258,0.3100984235233808,-0.873782551564183
2025-11-26 16:00:00,31,1.3132264506213716,1.397095290619646,-0.25490046104901015,-0.08248273808923745,0.6603927229673072
2025-11-26 20:00:00,31,-0.5111273486219385,-1.0783115369370238,-0.519766237887709,-0.8631514939908316,1.3132264506213716
2025-11-27 00:00:00,31,-0.6194224697177404,-0.7250897117427286,0.220405211282979,-0.5593035543097757,-0.5111273486219385
2025-11-27 04:00:00,31,0.45157459327136884,-0.36433067049718004,0.264342388793636,-0.19107782402294227,-0.6194224697177404
2025-11-27 08:00:00,31,-1.6310728510258041,-0.664605596448971,-0.17017938461402093,-0.4595236627121668,0.45157459327136884
2025-11-27 12:00:00,31,-0.4050901010118295,0.4489790942531098,0.6747862013356152,0.5100940393929712,-1.6310728510258041
2025-11-27 16:00:00,31,0.6708521377632142,1.9151990496755806,0.17738409155159843,0.7509064179704215,-0.4050901010118295
2025-11-27 20:00:00,31,-0.0688999463741844,1.4154638408089952,-0.25914402400822056,0.3521074876460055,0.6708521377632142
2025-11-28 04:00:00,31,0.39725836082307886,0.44192675586485247,0.04098601237513905,0.3930661778948732,-0.0688999463741844
2025-11-28 08:00:00,31,0.9557989544730212,1.0420238188703497,-0.14814236279214738,0.15690950425452854,0.39725836082307886
2025-11-28 16:00:00,31,1.198173015978961,0.27706895919823815,-0.37475180707538197,-0.4112806813204273,0.9557989544730212
2025-11-28 20:00:00,31,-0.17177941248250939,-1.3912022335465286,-0.4730870973138468,-1.123554057550833,1.198173015978961
2025-11-29 00:00:00,31,0.3700614809404801,-0.15308575492246188,0.08272596629794161,-1.021437000611586,-0.17177941248250939
2025-12-01 04:00:00,31,-1.5282943958724289,-1.2139002858288723,-0.13710812480389437,-1.2414260480422188,0.3700614809404801
2025-12-01 08:00:00,31,-0.7641221117881418,-0.13753600921954767,0.6330872292798925,-0.3329066650275232,-1.5282943958724289
2025-12-01 12:00:00,31,0.9696880872596534,0.1243398047536741,0.3230495013121354,0.1213381136123628,-0.7641221117881418
2025-12-01 16:00:00,31,1.4975897580748132,0.5694749512493937,-0.3803868651143817,-0.45510869214257976,0.9696880872596534
2025-12-01 20:00:00,31,-0.9375933401387773,-1.4559952486338066,-0.5945655758825185,-1.3453752053810604,1.4975897580748132
2025-12-02 00:00:00,31,-0.8929185307438736,-0.999186592082801,0.3934297370596999,-0.7880076424284352,-0.9375933401387773
2025-12-02 04:00:00,31,-0.15439194059352346,-0.3302507233567203,0.3753044049969359,-0.25719774426694997,-0.8929185307438736
2025-12-02 08:00:00,31,-0.35978370413232064,-0.39109545831861997,0.07567157242388972,-0.16541695190829042,-0.15439194059352346
2025-12-02 12:00:00,31,0.5722047772393584,-0.10672230883395115,0.15900251367513743,0.0484623044573933,-0.35978370413232064
2025-12-02 16:00:00,31,1.5244932392417407,0.4047365080930219,-0.21912110749603386,-0.2916941029596476,0.5722047772393584
2025-12-02 20:00:00,31,-1.5044037201739133,-1.964015891772691,-0.6054807770081556,-1.1979538267842154,1.5244932392417407
2025-12-03 00:00:00,31,-0.06670071051324378,-0.765542766269725,0.6233943747136501,-0.30363664329602447,-1.5044037201739133
2025-12-03 04:00:00,31,-0.802580676854701,-0.8429389952417621,0.0400937448802399,-0.26398532446256073,-0.06670071051324378
2025-12-03 08:00:00,31,0.7226830619390192,-0.26275498635141775,0.33865279703807805,0.2131217717388285,-0.802580676854701
2025-12-03 12:00:00,31,0.7360825764344359,-0.7589202377657269,-0.2801727138791074,-0.21648889183571463,0.7226830619390192
2025-12-03 16:00:00,31,0.8675949769029767,0.07708566805720952,-0.28560912542733335,-0.6540651140584801,0.7360825764344359
2025-12-03 20:00:00,31,-1.4257307282439005,-1.5790009992235354,-0.3389659491306579,-1.169821015049389,0.8675949769029767
2025-12-04 00:00:00,31,0.3911363330153659,-0.5915925853344103,0.5914754001860205,-0.32227226719847835,-1.4257307282439005
2025-12-04 04:00:00,31,-1.9357494499108423,-0.9049337732944529,-0.1456585517045296,-0.5547896021474799,0.3911363330153659
2025-12-04 08:00:00,31,0.20124411702078504,0.5909126360125616,0.7983986935060875,0.5959480441160849,-1.9357494499108423
2025-12-04 12:00:00,31,0.7116682413927471,0.278388324396565,-0.068616041223701,0.4763152158306099,0.20124411702078504
2025-12-04 16:00:00,31,1.4288220504382263,0.9986258263818281,-0.27570381333499644,0.0532524909213814,0.7116682413927471
2025-12-04 20:00:00,31,-0.20309780996892712,-1.1194949198482071,-0.5666653441190137,-0.796133943529882,1.4288220504382263
2025-12-05 00:00:00,31,-1.9207972623529272,-1.0093598501094332,0.09543237426707582,-0.6753991574160629,-0.20309780996892712
2025-12-05 04:00:00,31,0.4294442552985611,0.36295948085791746,0.7923323360168745,0.46644991852261874,-1.9207972623529272
2025-12-05 08:00:00,31,0.4585619574557338,0.07753651768846491,-0.16120072908417565,0.21115981805716988,0.4294442552985611
2025-12-05 12:00:00,31,0.016856844332252763,-0.3402191487345911,-0.1730142774272296,-0.06143977256284927,0.4585619574557338
2025-12-05 16:00:00,31,1.8387794401940631,0.8003503748690702,0.006193019875691574,-0.07146059698887264,0.016856844332252763
2025-12-05 20:00:00,31,-1.7378966654112986,-1.2770537996247024,-0.7329920486209958,-1.1645528487284817,1.8387794401940631
2025-12-06 00:00:00,31,0.7574437031805417,0.9840132343945427,0.7181264446220036,-0.13143199814691187,-1.7378966654112986
2025-12-08 04:00:00,31,-1.5191709848144548,-0.9019659356008383,-0.294275698844256,-0.58170668850794,0.7574437031805417
2025-12-08 08:00:00,31,-0.29618649211121983,0.14012024439704016,0.62938570582158,0.32138913487860776,-1.5191709848144548
2025-12-08 12:00:00,31,-0.2867697267469289,0.16785921596572148,0.1332000401612838,0.4974619974088412,-0.29618649211121983
2025-12-08 16:00:00,31,2.280519902370777,1.6441502077225316,0.12937949785798797,0.6679369110871605,-0.2867697267469289
2025-12-08 20:00:00,31,-0.8971862975932279,-0.7789992444379561,-0.9122136876376619,-0.6877551206642796,2.280519902370777
2025-12-09 00:00:00,31,-0.13464320038515076,-0.35805026033342063,0.3770359107908885,-0.15440817930267592,-0.8971862975932279
2025-12-09 04:00:00,31,0.0890485842415405,-0.12680748220209148,0.06765917172321996,-0.07436734576208615,-0.13464320038515076
2025-12-09 08:00:00,31,-1.1624559730450557,-0.2341446731689731,-0.023096400174834754,-0.12730372047624794,0.0890485842415405
2025-12-09 12:00:00,31,0.9327041606449331,0.4446754454197381,0.48466034207261455,0.5637370804747732,-1.1624559730450557
2025-12-09 16:00:00,31,1.6684338393900866,0.839183806111543,-0.365381855357067,0.009275969544215279,0.9327041606449331
2025-12-09 20:00:00,31,-1.356247879828505,-1.6366924105255414,-0.6638799332740564,-0.9825515778559195,1.6684338393900866
2025-12-10 00:00:00,31,-0.23018287265569803,-0.4784641672053503,0.5632850236124294,-0.1763080358233049,-1.356247879828505
2025-12-10 04:00:00,31,-1.342185307830544,-0.23628106934003054,0.10642124611203338,-0.039472095044810196,-0.23018287265569803
2025-12-10 08:00:00,31,0.4325332157804809,0.7046574089846334,0.5575795983275339,0.7584117230565433,-1.342185307830544
2025-12-10 12:00:00,31,0.8686493949532608,0.15128439516329803,-0.16245397303131018,0.501285339948975,0.4325332157804809
2025-12-10 16:00:00,31,-0.497499679995391,0.7995156271633487,-0.33939374451587007,-0.015097376947999841,0.8686493949532608
2025-12-10 20:00:00,31,2.749930604239365,0.3308907286894325,0.21487623371277673,0.2806493741623477,-0.497499679995391
2025-12-11 00:00:00,31,-1.9568212788059807,-1.7144395016386549,-1.102661614789957,-1.3540914602241996,2.749930604239365
2025-12-11 04:00:00,31,-0.11325688377865539,-0.15659547179901315,0.8069478938511414,-0.1908273236204847,-1.9568212788059807
2025-12-11 08:00:00,31,-0.9574760207955837,-0.15967232117285005,0.05898237835034543,-0.12349993273908755,-0.11325688377865539
2025-12-11 12:00:00,31,-0.5458315971783207,0.32626130043904344,0.40149647968454083,0.44568721210285567,-0.9574760207955837
2025-12-11 16:00:00,31,2.6684005363286047,1.8657534459646772,0.23448531677403642,0.7701656550243783,-0.5458315971783207
2025-12-11 20:00:00,31,0.46289695995391256,-1.1970973753595149,-1.0695834758119134,-0.8161083085842087,2.6684005363286047
2025-12-12 00:00:00,31,-0.5134687132214708,-1.9297737017887424,-0.17477306187055763,-1.091284911725932,0.46289695995391256
2025-12-12 04:00:00,31,-1.8133387792121152,-1.4048160361233815,0.22135514283101074,-0.786045109896377,-0.5134687132214708
2025-12-12 08:00:00,31,-0.13378556654020812,-0.12241114318900008,0.7487345967927126,0.29192352843391145,-1.8133387792121152
2025-12-12 12:00:00,31,-0.21362043273200726,-0.061279454921377166,0.06731121504610375,0.37145452762991216,-0.13378556654020812
2025-12-12 16:00:00,31,2.8460176167401983,1.3162696516642118,0.09970158177652709,0.49844465745645383,-0.21362043273200726
2025-12-12 20:00:00,31,-2.2492450837684554,-1.4093828116339713,-1.1416457544446241,-1.1934166594423319,2.8460176167401983
2025-12-13 00:00:00,31,2.6830993370346015,1.2191446218121047,0.9255892185661481,0.14368354930876492,-2.2492450837684554
2025-12-15 04:00:00,32,-2.6883931273069077,-1.5341320868103274,-0.9491081214436883,-1.3069263142767582,2.6830993370346015
2025-12-15 08:00:00,32,-1.1842024886483564,0.12285149651517667,0.9770317861057762,0.49341492610018634,-2.6883931273069077
2025-12-15 12:00:00,32,0.6585986221974025,0.9736298157995827,0.4376506668142443,1.286442015633904,-1.1842024886483564
2025-12-15 16:00:00,32,2.3553697973259844,1.5811379686982412,-0.22315129555277033,0.8453970477853243,0.6585986221974025
2025-12-15 20:00:00,32,-0.8490295223741668,-0.6658087329509623,-0.8315890241897803,-0.7319278379958476,2.3553697973259844
2025-12-16 00:00:00,32,-0.30694347654236687,-0.1997141478348664,0.31746246389705185,-0.1633566540042537,-0.8490295223741668
2025-12-16 04:00:00,32,-0.8670352802260126,-0.07187596699415787,0.12307820791349287,0.04219475649107984,-0.30694347654236687
2025-12-16 08:00:00,32,0.04060012315505013,0.38507123288889267,0.3239190695786841,0.6228238899304888,-0.8670352802260126
2025-12-16 12:00:00,32,1.4859946688117063,0.47567951446090423,-0.0015459261487811363,0.595635129723517,0.04060012315505013
2025-12-16 16:00:00,32,-0.2155151670119686,0.5362802955861926,-0.5198436125041703,-0.39949369205039087,1.4859946688117063
2025-12-16 20:00:00,32,-0.26087993235565676,-0.3954995627233039,0.09029333167372444,-0.2551692481447301,-0.2155151670119686
2025-12-17 00:00:00,32,-0.8278391136235062,-0.2636427621692319,0.1065604837744035,-0.08046529720987117,-0.26087993235565676
2025-12-17 04:00:00,32,-0.11670647999933692,0.21845254480977938,0.3098638882269031,0.4739152662259869,-0.8278391136235062
2025-12-17 08:00:00,32,0.20156110739623578,0.2566251965849188,0.05486195826474665,0.5520703123864106,-0.11670647999933692
2025-12-17 12:00:00,32,0.040256203765538956,0.27870647666418014,-0.059264219037309857,0.4170905096129207,0.20156110739623578
2025-12-17 16:00:00,32,3.203330782458167,1.18749428175125,-0.001422601604343052,0.39013206254505484,0.040256203765538956
2025-12-17 20:00:00,32,-2.199423878302163,-1.7895158292634157,-1.1356556321857163,-1.755048437899668,3.203330782458167
2025-12-18 00:00:00,32,-1.2025226762216334,-0.3899838040060124,0.8016944491691993,-0.2821561466060123,-2.199423878302163
2025-12-18 04:00:00,32,0.2217101712366656,0.24797423722960454,0.4442200224696667,0.5231394571135937,-1.2025226762216334
2025-12-18 08:00:00,32,-0.2729645826003111,0.05763860126457897,-0.06648938340651492,0.37466639317288397,0.2217101712366656
2025-12-18 12:00:00,32,2.0520014696735824,0.28595353656498446,0.11089386546664787,0.5574630943792691,-0.2729645826003111
2025-12-18 16:00:00,32,0.7796465949798819,-0.018493559096303777,-0.7228055070468467,-0.816704557532641,2.0520014696735824
2025-12-18 20:00:00,32,-0.6730658350754872,-1.4381901415058458,-0.26655735683873316,-1.3388119471121653,0.7796465949798819
2025-12-19 00:00:00,32,-1.6479410162378034,-0.9689352183899651,0.25436441756532513,-0.8880786938289988,-0.6730658350754872
2025-12-19 04:00:00,32,1.106378506734913,0.027933716130823585,0.6039406300950105,0.21550104051351937,-1.6479410162378034
2025-12-19 08:00:00,32,-0.6930319979544883,-0.8789289836148222,-0.38371871906330907,-0.5254095178827018,1.106378506734913
2025-12-19 12:00:00,32,-1.0908540492562686,-0.3803645638155071,0.26152399628151557,-0.06130548706033068,-0.6930319979544883
2025-12-19 16:00:00,32,2.0602167524045534,1.3612436523415508,0.40417725963473616,0.6692087789375094,-1.0908540492562686
2025-12-19 20:00:00,32,-1.3022440429423963,-0.9056263706025042,-0.7257513892248393,-0.7104604166852866,2.0602167524045534
2025-12-20 00:00:00,32,1.4261704511120428,0.9679944390046344,0.47997866968947306,0.16161578070217786,-1.3022440429423963
2025-12-22 04:00:00,32,-2.773983287477815,-1.1539596309684779,-0.49839150884504785,-0.7934504456112652,1.4261704511120428
2025-12-22 08:00:00,32,1.5890914709388948,0.535857429402798,1.0077231859900997,1.064208116983549,-2.773983287477815
2025-12-22 12:00:00,32,-0.9809829274822501,-0.40903944615684784,-0.5568126422917328,3.826741676959955e-05,1.5890914709388948
2025-12-22 16:00:00,32,1.1701844028415138,1.227168692934503,0.36477905629720114,0.6569749343473212,-0.9809829274822501
2025-12-22 20:00:00,32,-0.3956607672948138,-0.48498046609222456,-0.40659859530696774,-0.12666463751539236,1.1701844028415138
2025-12-23 00:00:00,32,-0.5301170507195732,-0.16152251962778408,0.1548909518282152,0.13829824656756529,-0.3956607672948138
2025-12-23 04:00:00,32,0.21413757689547808,0.08288489042822482,0.20310504037892102,0.49330272078056936,-0.5301170507195732
2025-12-23 08:00:00,32,-0.5978551651140673,-0.022242229594773136,-0.06377396003748435,0.34990081021791575,0.21413757689547808
2025-12-23 12:00:00,32,-0.38834738072161556,0.4877100885419194,0.22739495352010622,0.7502675938532573,-0.5978551651140673
2025-12-23 16:00:00,32,2.1036308121166485,1.7389348374076503,0.15226847663505666,1.010332908707662,-0.38834738072161556
2025-12-23 20:00:00,32,-0.38573663615316534,-0.6332394220266148,-0.7413190463546446,-0.3984094612652589,2.1036308121166485
2025-12-24 00:00:00,32,-0.9769454703285394,-0.40299646443282666,0.15133230119869656,-0.140092488595978,-0.38573663615316534
2025-12-24 04:00:00,32,0.01981983041646984,0.1715201441403618,0.36333128225666983,0.5141404068711477,-0.9769454703285394
2025-12-24 08:00:00,32,-0.456868090516684,0.14264038748832006,0.005905587820576466,0.5008676240650889,0.01981983041646984
2025-12-24 12:00:00,32,-0.5261417978430885,0.5258841811469185,0.17683901722615777,0.8068193304635525,-0.456868090516684
2025-12-24 16:00:00,32,1.5290000815248312,1.8501461202417695,0.20167957189714839,1.1591616896674957,-0.5261417978430885
2025-12-24 20:00:00,32,0.6029728737548989,0.9635287676569564,-0.5352647347001482,0.13523335294153505,1.5290000815248312
2025-12-26 04:00:00,32,-0.1653459592006712,-0.6650653082995498,-0.20320470255768025,-0.26856061618566596,0.6029728737548989
2025-12-26 08:00:00,32,-0.283601976581334,-0.656931946234129,0.07230337563506722,-0.1578330792584861,-0.1653459592006712
2025-12-26 12:00:00,32,-1.762636420744336,-0.325920704616533,0.11470828188725928,0.0320871854177085,-0.283601976581334
2025-12-26 16:00:00,32,2.913434292119586,1.8265669309687884,0.6450687518040379,1.2124752052440098,-1.762636420744336
2025-12-26 20:00:00,32,-3.359288386935493,-0.9372478547345143,-1.031702922057858,-0.738569771755186,2.913434292119586
2025-12-27 00:00:00,32,2.416211241206428,2.2699960367856558,1.2176051727268802,1.5110511485964988,-3.359288386935493
2025-12-29 04:00:00,32,-0.6306425030733038,-0.5953645102223682,-0.8534058905205086,-0.10701754039911116,2.416211241206428
2025-12-29 08:00:00,32,0.8675966719341339,-0.26661889426146534,0.23915202113675765,0.31530600100748707,-0.6306425030733038
2025-12-29 12:00:00,32,-0.7308730708850639,-0.5288414393287751,-0.2980949889248276,-0.2656990806642954,0.8675966719341339
2025-12-29 16:00:00,32,0.7199702210588157,1.0288561566497187,0.27509326054092403,0.22374605205460973,-0.7308730708850639
2025-12-29 20:00:00,32,-1.8253079001954067,-0.34102869125195495,-0.24515826783129824,-0.2583977488834428,0.7199702210588157
2025-12-30 00:00:00,32,-0.5116761888992762,0.84669245006345,0.6675418425580937,0.9639595974915487,-1.8253079001954067
2025-12-30 04:00:00,32,0.8810604608787767,1.1037983530283038,0.1964924126748936,1.3066147453705614,-0.5116761888992762
2025-12-30 08:00:00,32,-0.08026621751346319,0.46863320265712477,-0.3029229099105231,0.7165933430414455,0.8810604608787767
2025-12-30 12:00:00,32,-0.5056649962788917,0.5940963548688457,0.04179500447460975,0.7703453706488492,-0.08026621751346319
2025-12-30 16:00:00,32,2.3527114444331687,1.9412196774114185,0.1943368854960039,1.1089749919527474,-0.5056649962788917
2025-12-30 20:00:00,32,-1.7979904516627165,-0.5729871935155179,-0.8306357770933368,-0.4665696696879147,2.3527114444331687
2025-12-31 00:00:00,32,-0.26377500001319376,0.5468893457278244,0.6577461985838089,0.7374939499713911,-1.7979904516627165
2025-12-31 04:00:00,32,-0.6219957821174784,0.597729918207312,0.107598613379398,0.914136646264808,-0.26377500001319376
2025-12-31 08:00:00,32,0.027031142522485396,0.9746112759598905,0.23605143141927748,1.330669721919696,-0.6219957821174784
2025-12-31 12:00:00,32,-0.037103483887554134,1.0768703749803297,0.0033197150626047365,1.3125677262839286,0.027031142522485396
2025-12-31 16:00:00,32,1.7849282794942525,2.103544241695373,0.02631746926299098,1.3374148855501549,-0.037103483887554134
2025-12-31 20:00:00,32,-0.8468749554879107,-0.10113889687911674,-0.6270369039526567,0.14209863509251974,1.7849282794942525
2026-01-01 00:00:00,32,1.2068690582576558,1.5103950761853797,0.3166898672136064,0.7092269662583579,-0.8468749554879107
2026-01-02 04:00:00,32,-1.407394861639693,-0.510240153194809,-0.4197531848853399,-0.09897928722686622,1.2068690582576558
2026-01-02 08:00:00,32,0.1259706059686625,0.3224890943902824,0.5176842402639243,0.8435134550614478,-1.407394861639693
2026-01-02 12:00:00,32,-0.16692261979780199,0.28428693215150025,-0.03215855289370623,0.7591544843822433,0.1259706059686625
2026-01-02 16:00:00,32,1.932605544328032,1.4874677069615978,0.07286874343869994,0.8709378665525396,-0.16692261979780199
2026-01-02 20:00:00,32,-1.3160826308595013,-0.8625434258785233,-0.6799918462005303,-0.42327369331717435,1.932605544328032
2026-01-03 00:00:00,32,1.5941935391855306,1.0842521284952065,0.484940988193728,0.4580698170546462,-1.3160826308595013
2026-01-05 04:00:00,32,-1.9833082954644912,-1.3043959422412006,-0.5586421705515459,-0.609516744072037,1.5941935391855306
2026-01-05 08:00:00,32,-0.21210143616768917,-0.00039262699298665653,0.7241985108410085,0.7186490217299681,-1.9833082954644912
2026-01-05 12:00:00,32,0.2311915898083896,0.24777734428134968,0.08906921691298537,0.8606873861333142,-0.21210143616768917
2026-01-05 16:00:00,32,1.1774546509893629,1.1894699074411719,-0.0698892836786299,0.7058648829314453,0.2311915898083896
2026-01-05 20:00:00,32,-0.06140859022790224,-0.7164158117973838,-0.4092056016815129,-0.08264336957004659,1.1774546509893629
2026-01-06 00:00:00,32,-1.024536250551689,-0.6628064467522188,0.03503293067155819,-0.04151976440317462,-0.06140859022790224
2026-01-06 04:00:00,32,-0.9605313062301999,-0.03728477845561744,0.3803966512630958,0.6445833376297898,-1.024536250551689
2026-01-06 08:00:00,32,0.5872933379691663,0.5463378867656703,0.35744539919367396,1.2878241292069035,-0.9605313062301999
2026-01-06 12:00:00,32,-0.0014012624526991146,0.30845827880233023,-0.19758224663705148,0.8945303040572679,0.5872933379691663
2026-01-06 16:00:00,32,2.0626954267842894,1.303581429246857,0.013515166374109917,0.8954686900978217,-0.0014012624526991146
2026-01-06 20:00:00,32,-0.6674314768286926,-0.8366143451040527,-0.7266402061918784,-0.4858604040204657,2.0626954267842894
2026-01-07 00:00:00,32,0.29785069906596107,-0.5582054295321981,0.25234401777055193,-0.03890032193452164,-0.6674314768286926
2026-01-07 04:00:00,32,-1.9489603788414875,-0.7643065787452521,-0.09379228110347097,-0.23836255517595273,0.29785069906596107
2026-01-07 08:00:00,32,0.9769635545524871,0.44021510546470055,0.7118818421706263,1.066801377229993,-1.9489603788414875
2026-01-07 12:00:00,32,-0.2897152670329177,0.021496913635052114,-0.33731237935661557,0.4125563712668825,0.9769635545524871
2026-01-07 16:00:00,32,0.9398120817471494,1.2389143131657192,0.11690041987933593,0.6065705345632608,-0.2897152670329177
2026-01-07 20:00:00,32,-1.1917573225679252,-0.34605736517877805,-0.3239903957794922,-0.022795175305533988,0.9398120817471494
2026-01-08 00:00:00,32,-0.31646556373830137,0.38445025996899107,0.4403597215516363,0.7752911739515636,-1.1917573225679252
2026-01-08 04:00:00,32,0.7433084804977206,0.4784082478016716,0.12649269136907074,0.9872192583414936,-0.31646556373830137
2026-01-08 08:00:00,32,0.5908186088297747,0.04966275311545597,-0.2535270318529245,0.4894464816708002,0.7433084804977206
2026-01-08 12:00:00,32,-0.6075984655743039,-0.174284853173579,-0.19884635804270184,0.09379188180805187,0.5908186088297747
2026-01-08 16:00:00,32,1.0088179761528195,1.2410265062155728,0.23088876086923507,0.5006834796373347,-0.6075984655743039
2026-01-08 20:00:00,32,-0.7651987733869561,-0.5312423637475653,-0.34873491659065553,-0.17489353625874404,1.0088179761528195
2026-01-09 00:00:00,32,0.28671100836989716,-0.04472562564962936,0.2874019635471136,0.33753855368429697,-0.7651987733869561
2026-01-09 04:00:00,32,-1.2659153631758588,-0.30675109780457127,-0.0897977483083707,0.14553625789080016,0.28671100836989716
2026-01-09 08:00:00,32,0.794478246977004,0.4891264942509465,0.4669517278569314,0.9932841605330456,-1.2659153631758588
2026-01-09 12:00:00,32,-0.9496686811878003,0.15904099604288566,-0.2718757738329278,0.4612444308942809,0.794478246977004
2026-01-09 16:00:00,32,3.072205381614234,1.82014995149357,0.35355021815529253,1.0972108280965749,-0.9496686811878003
2026-01-09 20:00:00,32,-1.431149497470603,-1.2663160644923734,-1.0886359502005754,-0.9601586805692879,3.072205381614234
2026-01-10 00:00:00,32,-0.2676052169988328,0.7845512120031061,0.5262023108685023,-0.0017581269932094301,-1.431149497470603
2026-01-12 04:00:00,33,-0.2621553712452833,-0.4095695956358274,0.10775743098154687,0.08376485527758959,-0.2676052169988328
2026-01-12 08:00:00,33,0.7195600964869708,-0.21070845665309934,0.10552222402547325,0.26071590787166343,-0.2621553712452833
2026-01-12 12:00:00,33,-1.7133976547016019,-0.6183558124020987,-0.29711985826301224,-0.22497666395411464,0.7195600964869708
2026-01-12 16:00:00,33,1.8819955975273661,1.9474120663498105,0.7007366564370799,0.9315417665913799,-1.7133976547016019
2026-01-12 20:00:00,33,-1.1331309917264214,-0.7495166511726165,-0.773882694389187,-0.3387778167075357,1.8819955975273661
2026-01-13 00:00:00,33,-0.24114242631763538,0.022497451894560413,0.4627453186794897,0.4260690783246215,-1.1331309917264214
2026-01-13 04:00:00,33,-0.041457227446544564,0.05030187473067302,0.09690394695969012,0.5888366995230836,-0.24114242631763538
2026-01-13 08:00:00,33,0.3595882941258992,0.09686994650382501,0.015004794997286184,0.6168197234811714,-0.041457227446544564
2026-01-13 12:00:00,33,-0.8405283397701329,-0.11534414001571228,-0.14948054643408745,0.37410286880131416,0.3595882941258992
2026-01-13 16:00:00,33,1.914529176419295,1.9327710154344837,0.34273687943287007,0.9414472407703869,-0.8405283397701329
2026-01-13 20:00:00,33,-1.2754510027945223,-0.8543801241682947,-0.7872260595289889,-0.3508320338452968,1.914529176419295
2026-01-14 00:00:00,33,2.2306991486905066,0.03467764203580735,0.5211166365320563,0.5100787932134061,-1.2754510027945223
2026-01-14 04:00:00,33,-2.577706144925454,-1.8490911360927305,-0.9169004307461827,-0.9956106019970772,2.2306991486905066
2026-01-14 08:00:00,33,0.05079271030916743,0.1720402882795064,1.0552252854562791,0.744303455289204,-2.577706144925454
2026-01-14 12:00:00,33,0.5958306424380151,0.13795034815175528,-0.022830716665522166,0.7100191165376479,0.05079271030916743
2026-01-14 16:00:00,33,1.3236134150756165,1.0975637217165592,-0.2463732960908084,0.3078421218555025,0.5958306424380151
2026-01-14 20:00:00,33,-0.21887904691949522,-1.1503099679758764,-0.544867086461046,-0.5855776311432885,1.3236134150756165
2026-01-15 00:00:00,33,-1.4341799415571277,-1.0486841125928055,0.08777281504388888,-0.4378374663730069,-0.21887904691949522
2026-01-15 04:00:00,33,-0.1630014756357525,-0.20039783283485746,0.5862179337240524,0.5302130796155957,-1.4341799415571277
2026-01-15 08:00:00,33,0.4203448923532296,0.044402451231088796,0.06485511394371068,0.6402366986287156,-0.1630014756357525
2026-01-15 12:00:00,33,-0.4767050677032234,-0.23530733832501444,-0.17439933810753097,0.35651002615533933,0.4203448923532296
2026-01-15 16:00:00,33,2.3193981319411776,1.3582349218547205,0.1935179207172442,0.6782789950928105,-0.4767050677032234
2026-01-15 20:00:00,33,-1.9435043582036862,-1.2061290428793614,-0.9532795492247987,-0.8872809203197756,2.3193981319411776
2026-01-16 00:00:00,33,-0.7556975168193283,0.19220987849938853,0.7951129246043115,0.424556179456987,-1.9435043582036862
2026-01-16 04:00:00,33,0.33394855514791644,0.5212882681439196,0.3079442533432979,0.9346409830172124,-0.7556975168193283
2026-01-16 08:00:00,33,-1.0509812432137817,0.4092884053031152,-0.13896462992797834,0.7092305782446751,0.33394855514791644
2026-01-16 12:00:00,33,-0.026365492434679894,1.2207416699784561,0.4290523120112625,1.4186275910157917,-1.0509812432137817
2026-01-16 16:00:00,33,2.799611322425477,2.6211599893627886,0.008815050809431022,1.4364239139227628,-0.026365492434679894
2026-01-16 20:00:00,33,-1.5146999463613078,-0.931700273839948,-1.1502348232469553,-0.45327290214577065,2.799611322425477
2026-01-17 00:00:00,33,2.091348153541251,1.0799264053058375,0.6192425151489792,0.5691274728671196,-1.5146999463613078
2026-01-19 04:00:00,33,-3.0588741696383615,-1.241461983705796,-0.8597468290152466,-0.8425020327650525,2.091348153541251
2026-01-19 08:00:00,33,0.5141641667753571,0.9154650854540402,1.2525721764537034,1.2221934243571955,-3.0588741696383615
2026-01-19 12:00:00,33,-0.28427113880477606,0.6185805497677672,-0.21287849958940233,0.875140109809891,0.5141641667753571
2026-01-19 16:00:00,33,0.05427292078911705,2.0988363566019217,0.11459281422624912,1.067018982993675,-0.28427113880477606
2026-01-19 20:00:00,33,1.7299325408081607,1.7480141653602042,-0.024258094801557908,1.03038555291986,0.05427292078911705
2026-01-20 04:00:00,33,-0.2629457065120615,-0.604626752760025,-0.7115153508879114,-0.1372936846202819,1.7299325408081607
2026-01-20 08:00:00,33,-0.44036062080788163,-0.26012287546588453,0.10584637317864558,0.040190832753454586,-0.2629457065120615
2026-01-20 12:00:00,33,-0.3753969628302958,0.2029249356046257,0.17861156112675353,0.33742783004551846,-0.44036062080788163
2026-01-20 16:00:00,33,1.4582974661988093,1.7379308352513483,0.15196728039478688,0.5908153055639502,-0.3753969628302958
2026-01-20 20:00:00,33,-0.7833549564636471,-0.4855374045629222,-0.6001065815874295,-0.3935142178533333,1.4582974661988093
2026-01-21 00:00:00,33,1.3437487728680413,-0.007934309183937853,0.3192877122732877,0.135238954139977,-0.7833549564636471
2026-01-21 04:00:00,33,-1.8872463244606053,-1.1352279713277067,-0.5531254287767613,-0.7717718717359521,1.3437487728680413
2026-01-21 08:00:00,33,0.49820064384307017,0.26325978890880775,0.7720391801271104,0.5020918756718551,-1.8872463244606053
2026-01-21 12:00:00,33,1.0777466105288713,-0.031449690166462665,-0.20633119914911935,0.16581370630872172,0.49820064384307017
2026-01-21 16:00:00,33,0.8427002539285482,0.6736832771386003,-0.44402694957596933,-0.5616495390822909,1.0777466105288713
2026-01-21 20:00:00,33,-0.5018812336977536,-1.1260660119033634,-0.3476247255441002,-1.1304599214353974,0.8427002539285482
2026-01-22 00:00:00,33,-1.5330176944120257,-0.7183566444476083,0.2038437067858843,-0.791697407594179,-0.5018812336977536
2026-01-22 04:00:00,33,-0.9983205906763235,0.01825770183345564,0.6267553805976761,0.24306718022629425,-1.5330176944120257
2026-01-22 08:00:00,33,-0.3096490660190554,0.7527734137610259,0.4074540022267258,0.9169190204818527,-0.9983205906763235
2026-01-22 12:00:00,33,1.078456170760509,0.995667449889407,0.12500135090880435,1.1259276244504424,-0.3096490660190554
2026-01-22 16:00:00,33,1.1030902493366117,1.5764972216063673,-0.4443179695492368,0.39798543625054883,1.078456170760509
2026-01-22 20:00:00,33,-0.683811234892584,-0.32574640955873974,-0.4544214231660493,-0.34658439575088096,1.1030902493366117
2026-01-23 00:00:00,33,-1.334129138346773,0.14802624544058463,0.2784607184553098,0.11497821582224965,-0.683811234892584
2026-01-23 04:00:00,33,0.3093936632435419,0.8591530781957762,0.5451829647708694,1.0154959286788916,-1.334129138346773
2026-01-23 08:00:00,33,0.02564395956817833,0.6538570744215563,-0.12889365403759695,0.806659717859251,0.3093936632435419
2026-01-23 12:00:00,33,-0.5786157423787053,0.7334768261831562,-0.012516174725282896,0.7893504191150971,0.02564395956817833
2026-01-23 16:00:00,33,2.9543578013880207,2.462805586651198,0.23531569981666817,1.179907607301093,-0.5786157423787053
2026-01-23 20:00:00,33,-1.2674038555746776,-1.047846975464419,-1.2137027491014993,-0.8142408254082776,2.9543578013880207
2026-01-24 00:00:00,33,2.7818265910948856,0.9015587909586442,0.5178161689122837,0.04123829462810846,-1.2674038555746776
2026-01-26 04:00:00,33,-2.8322284613264657,-1.9798749214009814,-1.14294056998187,-1.8364540871459756,2.7818265910948856
2026-01-26 08:00:00,33,-0.6024427974094735,-0.04636605463087169,1.159615405438113,0.07525882202689083,-2.8322284613264657
2026-01-26 12:00:00,33,-0.6746451651311958,0.4180531835169793,0.24508815972763634,0.4818989248900998,-0.6024427974094735
2026-01-26 16:00:00,33,2.5666896613063965,2.1823580082380194,0.2747013344622551,0.9372745730425542,-0.6746451651311958
2026-01-26 20:00:00,33,-1.3904303203526194,-0.9350259166146251,-1.0547040246340749,-0.7952035184536017,2.5666896613063965
2026-01-27 00:00:00,33,-0.49933607779865774,-0.006639700404172793,0.5682744061337139,0.14331667122013414,-1.3904303203526194
2026-01-27 04:00:00,33,-0.5957340547770276,0.12255620234754637,0.20279983317418696,0.4803612419453227,-0.49933607779865774
2026-01-27 08:00:00,33,-0.19660987521786666,0.6548613948188728,0.24233662713815263,0.8824730413648343,-0.5957340547770276
2026-01-27 12:00:00,33,0.6325700696360794,0.8391403458211933,0.07863930746506259,1.015181839986548,-0.19660987521786666
2026-01-27 16:00:00,33,1.8777690558590212,1.757818768745909,-0.26144165342583753,0.588206267714634,0.6325700696360794
2026-01-27 20:00:00,33,-0.7668938628678195,-0.7453028779480038,-0.7721492149909734,-0.6792604615935609,1.8777690558590212
2026-01-28 00:00:00,33,-0.9475337323265798,-0.12895342989160152,0.31253633754199206,-0.16161828772626485,-0.7668938628678195
2026-01-28 04:00:00,33,-0.4340031852510986,0.25199771220135836,0.38662421287231347,0.47795316376500985,-0.9475337323265798
2026-01-28 08:00:00,33,0.30825257744706924,0.6081264470095266,0.17600411408661368,0.7708989847663581,-0.4340031852510986
2026-01-28 12:00:00,33,0.5911764764061989,0.39147205435291876,-0.1284256475975814,0.5628329902189488,0.30825257744706924
2026-01-28 16:00:00,33,0.8232227869885271,1.2674475566722632,-0.2444644302697415,0.16379748973684727,0.5911764764061989
2026-01-28 20:00:00,33,-0.26013437442157716,-0.5680438378646608,-0.3396362114540134,-0.3918658864705096,0.8232227869885271
2026-01-29 00:00:00,33,-1.07579446214746,-0.24934412131859407,0.10469332971124268,-0.21627897726035883,-0.26013437442157716
2026-01-29 04:00:00,33,0.3512060722890986,0.4293733925403337,0.43922923849161527,0.5098665964412668,-1.07579446214746
2026-01-29 08:00:00,33,0.23431248653538006,0.2306086938382601,-0.14604265086708607,0.2728076192637978,0.3512060722890986
2026-01-29 12:00:00,33,-1.3208845356672025,0.036082616693582856,-0.09809976077209023,0.1146501078177451,0.23431248653538006
2026-01-29 16:00:00,33,3.528103011108744,2.3718878112763906,0.539750805884441,1.0062279070109472,-1.3208845356672025
2026-01-29 20:00:00,33,-1.3163192010411038,-0.9300377380248649,-1.4490193693831723,-1.375190175366976,3.528103011108744
2026-01-30 00:00:00,33,1.1647809626742323,-0.09998439026154227,0.5378783734937786,-0.48669391047038246,-1.3163192010411038
2026-01-30 04:00:00,33,-1.4198545098384177,-1.0807635097216708,-0.4797233340481299,-1.2729040743426312,1.1647809626742323
2026-01-30 08:00:00,33,-0.08210528163794173,0.04004374633515209,0.5803424821838755,-0.3145229858572218,-1.4198545098384177
2026-01-30 12:00:00,33,-0.5446491514456735,0.08323423378303553,0.031676241784618524,-0.2591031180881451,-0.08210528163794173
2026-01-30 16:00:00,33,1.7717657649669132,1.7614327408270223,0.22138459722020065,0.108527116550869,-0.5446491514456735
2026-01-30 20:00:00,33,-0.6929760907966074,-0.9088347997449203,-0.7286728848554976,-1.0873889372449623,1.7717657649669132
2026-01-31 00:00:00,33,3.8354864445887342,0.5064933616837977,0.2822196045952971,-0.6196401815871759,-0.6929760907966074
2026-02-02 04:00:00,33,-2.1442865149831123,-2.992562453591158,-1.5750900179421317,-3.2085375990094054,3.8354864445887342
2026-02-02 08:00:00,33,-1.9664259126497061,-1.4356143898629323,0.8774619843362397,-1.7611754714010148,-2.1442865149831123
2026-02-02 12:00:00,33,-0.39964297677408034,-0.08659110822773673,0.8045140013060503,-0.43386665663688095,-1.9664259126497061
2026-02-02 16:00:00,33,0.9953015016987479,1.3881300245951698,0.16191157266928083,-0.16411347528460318,-0.39964297677408034
2026-02-02 20:00:00,33,-1.2443505225040443,-0.5750650174050825,-0.41021280343590333,-0.8359274745074963,0.9953015016987479
2026-02-03 00:00:00,33,0.2534470168593792,0.23107115142719714,0.5083610443508956,0.003990981891623946,-1.2443505225040443
2026-02-03 04:00:00,33,0.6257903447230042,-0.089706898121136,-0.10594762238423752,-0.16708205848538782,0.2534470168593792
2026-02-03 08:00:00,33,0.024910129999552666,-0.4550429684135213,-0.25866100806975534,-0.5894814153093106,0.6257903447230042
2026-02-03 12:00:00,33,-1.509210680801699,-0.543858201149159,-0.012215200893996697,-0.6062953897960357,0.024910129999552666
2026-02-03 16:00:00,33,2.532534543943946,1.858730922064118,0.616991140501434,0.4123998110137581,-1.509210680801699
2026-02-03 20:00:00,33,0.4400466245508863,-0.9719188458961485,-1.0406955995581288,-1.2970240743448285,2.532534543943946
2026-02-04 00:00:00,33,-1.3293631866055406,-1.4049323894054226,-0.18247983264743986,-1.5940491287424106,0.4400466245508863
2026-02-04 04:00:00,33,-0.4434383374175148,-0.6176702741018283,0.5432282510108742,-0.6967483638095029,-1.3293631866055406
2026-02-04 08:00:00,33,-0.7395037904691186,-0.28367821781132097,0.17987385989368562,-0.3974339526880968,-0.4434383374175148
2026-02-04 12:00:00,33,1.047715915954436,0.2642092461374982,0.3013025369682671,0.10172032173790413,-0.7395037904691186
2026-02-04 16:00:00,33,1.3228449488274734,0.8531663164717613,-0.43171012072539455,-0.6054726427512334,1.047715915954436
2026-02-04 20:00:00,33,-0.6278147034871306,-1.2248972403212761,-0.5445519066961437,-1.498373692239027,1.3228449488274734
2026-02-05 00:00:00,33,-0.2979393636990757,-0.6721653678901239,0.25549422689324197,-1.0746079227704248,-0.6278147034871306
2026-02-05 04:00:00,33,0.45921267397351606,-0.6454218452746334,0.12019871808894458,-0.873503197105916,-0.2979393636990757
2026-02-05 08:00:00,33,-0.5021973128319459,-0.8361317344301998,-0.19034062154444886,-1.1834650553663932,0.45921267397351606
2026-02-05 12:00:00,33,0.09674093748929913,-0.48773805850996654,0.20397334390065147,-0.8444891927189584,-0.5021973128319459
2026-02-05 16:00:00,33,1.7985032344087521,0.9831620691267074,-0.0416759834229146,-0.9097879147567847,0.09674093748929913
2026-02-05 20:00:00,33,-0.9659457023804379,-1.1469969642994022,-0.7396390259880757,-2.1237513705149,1.7985032344087521
2026-02-06 00:00:00,33,1.868869971477075,-0.4776577344051203,0.39417572265818207,-1.4717521077379558,-0.9659457023804379
2026-02-06 04:00:00,33,-2.2371611216530205,-2.032070446315524,-0.7684993327350843,-2.7332120848631645,1.868869971477075
2026-02-06 08:00:00,33,-0.3575926727428005,-0.5010101560957582,0.9155536985349354,-1.22316095213756,-2.2371611216530205
2026-02-06 12:00:00,33,-0.9955766552014396,-0.2622016557847293,0.14466500527523818,-0.9817911127892636,-0.3575926727428005
2026-02-06 16:00:00,33,1.7051198481722594,1.6446844374839764,0.4063286008965169,-0.3097913889646007,-0.9955766552014396
2026-02-06 20:00:00,33,-0.6735064633202192,-1.0390776730041547,-0.7013386402640259,-1.460722420817559,1.7051198481722594
2026-02-07 00:00:00,33,0.36275361233427894,0.1871387918287002,0.2742343057932087,-1.0061153797818925,-0.6735064633202192
2026-02-09 04:00:00,34,-1.3525890986623423,-1.027080482669548,-0.15207707168199314,-1.2350183497980254,0.36275361233427894
2026-02-09 08:00:00,34,-0.034510179669133834,-0.040548824361432007,0.6267176782032957,-0.3588890996395744,-1.3525890986623423
2026-02-09 12:00:00,34,0.3430416347976539,-0.09407295923079655,0.02828744297060603,-0.33653539453707637,-0.034510179669133834
2026-02-09 16:00:00,34,0.7939009663156984,1.3134824347134921,-0.14312749879666517,-0.5587379914422481,0.3430416347976539
2026-02-09 20:00:00,34,-0.8580964950827923,-0.7191412633962351,-0.34782529945892343,-1.0729812741998304,0.7939009663156984
2026-02-10 00:00:00,34,-0.2700087901509445,-0.18029247841746693,0.40220963030357804,-0.5171558283611892,-0.8580964950827923
2026-02-10 04:00:00,34,-0.3589405088297841,-0.25090112254796504,0.13520781536776721,-0.3422596983501691,-0.2700087901509445
2026-02-10 08:00:00,34,-0.7605101473302369,0.13040657558249472,0.1755843273973171,-0.10975872731355629,-0.3589405088297841
2026-02-10 12:00:00,34,0.4250433296696592,0.5210530355721886,0.357903769554612,0.3828559076685547,-0.7605101473302369
2026-02-10 16:00:00,34,1.8352092660200032,1.8456581235809757,-0.18035766221450997,0.10753733968910595,0.4250433296696592
2026-02-10 20:00:00,34,-0.8193386140707677,-0.9142584862197658,-0.8205969687135852,-1.0812054349732634,1.8352092660200032
2026-02-11 00:00:00,34,-0.6917979728071622,-0.3658264361118718,0.3846128934793045,-0.5504851103147193,-0.8193386140707677
2026-02-11 04:00:00,34,0.34594592102129695,-0.14941244919358151,0.32670727428359925,-0.1023782611791697,-0.6917979728071622
2026-02-11 08:00:00,34,-0.6040130312776775,-0.2298961949024428,-0.14444609411213027,-0.32646208728682513,0.34594592102129695
2026-02-11 12:00:00,34,1.3741881875755304,0.0833207110621073,0.2868514185739093,0.06478273695624814,-0.6040130312776775
2026-02-11 16:00:00,34,0.8445914213319163,0.8633611481516839,-0.6112855622072987,-0.8253371579533191,1.3741881875755304
2026-02-11 20:00:00,34,-0.8940834876657711,-1.0112676394338418,-0.3708396277228016,-1.3724147954957147,0.8445914213319163
2026-02-12 00:00:00,34,-0.21027446595464028,-0.5259930207520764,0.41854833667876135,-0.7932790502776363,-0.8940834876657711
2026-02-12 04:00:00,34,-0.7438843776530497,-0.6639175003350168,0.10808741675949218,-0.6570753721861147,-0.21027446595464028
2026-02-12 08:00:00,34,-0.3444290086146591,-0.04735499908959592,0.350355387499884,-0.17522995243351058,-0.7438843776530497
2026-02-12 12:00:00,34,0.6209443505292569,0.051293607675319,0.1689958596188098,0.047871305257249475,-0.3444290086146591
2026-02-12 16:00:00,34,1.0839571804246546,1.2416071152751125,-0.2693000558041742,-0.3543406516166794,0.6209443505292569
2026-02-12 20:00:00,34,-0.9055515263687699,-0.5888402053192903,-0.47951575132694274,-1.0564656300218163,1.0839571804246546
2026-02-13 00:00:00,34,-0.11923895429927178,-0.053224048964432766,0.4237550211949929,-0.46990155038970016,-0.9055515263687699
2026-02-13 04:00:00,34,-1.0674806917433788,-0.24765434190980984,0.06675574695624337,-0.3926654291439986,-0.11923895429927178
2026-02-13 08:00:00,34,0.5457876686300462,0.561581931772235,0.4972736149072558,0.2987870296557045,-1.0674806917433788
2026-02-13 12:00:00,34,-0.3168460640329087,0.026383806548594253,-0.23517764463428217,-0.054742760977291915,0.5457876686300462
2026-02-13 16:00:00,34,1.2858833730211803,1.902108661928559,0.15647273389650837,0.15049185519057673,-0.3168460640329087
2026-02-13 20:00:00,34,-1.622088151694868,-0.5106292954572536,-0.5711936753070037,-0.6824292710483011,1.2858833730211803
2026-02-14 00:00:00,34,0.23150938508007002,2.101477926577759,0.7490748294916492,0.36826593079888426,-1.622088151694868
2026-02-16 04:00:00,34,0.5363494449946469,0.07389596883823508,-0.09248996148933439,0.2183074961527378,0.23150938508007002
2026-02-16 08:00:00,34,-1.471163576870321,-0.18256229631885149,-0.2308925306635459,-0.12910875726138826,0.5363494449946469
2026-02-16 12:00:00,34,2.878244695590894,0.6710127943783646,0.6805525069560343,0.8238262048335443,-1.471163576870321
2026-02-16 16:00:00,34,-0.7340769946959504,0.34284023603416713,-1.2941527842871394,-1.040534796903394,2.878244695590894
2026-02-16 20:00:00,34,0.12505973905740397,0.9690626576059125,0.3459026689217605,-0.5650420344986262,-0.7340769946959504
2026-02-17 04:00:00,34,-1.5450337585244132,-0.8679532863127775,-0.04416001265862343,-0.6460485245803032,0.12505973905740397
2026-02-17 08:00:00,34,-0.7506608898068325,0.3139256300880262,0.7140908251454382,0.35473528305513646,-1.5450337585244132
2026-02-17 12:00:00,34,1.1204935405180567,0.7952462163765609,0.3534320392115607,0.8409701367591573,-0.7506608898068325
2026-02-17 16:00:00,34,1.7924668753906339,1.703828585891515,-0.4961038798905508,0.11517901036878975,1.1204935405180567
2026-02-17 20:00:00,34,-1.1259894651962412,-0.6365714672787339,-0.8011911967903997,-1.0458777074644043,1.7924668753906339
2026-02-18 00:00:00,34,-0.8659753335341502,-0.03641063236490302,0.5238375926448839,-0.3165266378717835,-1.1259894651962412
2026-02-18 04:00:00,34,-0.5867420089279989,0.2270757909556819,0.4057867568927871,0.24440226535190845,-0.8659753335341502
2026-02-18 08:00:00,34,0.3750152158751838,0.6857829608934658,0.2790100808372267,0.6244599168788483,-0.5867420089279989
2026-02-18 12:00:00,34,0.6344027868106714,0.2744243158693189,-0.15764404812443444,0.3815466772204257,0.3750152158751838
2026-02-18 16:00:00,34,1.3432613760824665,1.4978066367735854,-0.27541041465575417,-0.02938287888537694,0.6344027868106714
2026-02-18 20:00:00,34,-1.1310355498419273,-0.9361282135290121,-0.5972442640649022,-0.8994701680390591,1.3432613760824665
2026-02-19 00:00:00,34,-0.9887493015117119,-0.13836098732764743,0.5261286008523657,-0.1668505356868888,-1.1310355498419273
2026-02-19 04:00:00,34,0.23751309878622706,0.2882510781416179,0.46152822538799904,0.473604266872778,-0.9887493015117119
2026-02-19 08:00:00,34,-0.23262393452814045,0.24623871074622314,-0.09521574956899626,0.31975697256278934,0.23751309878622706
2026-02-19 12:00:00,34,0.25445161632306856,0.35401334482244107,0.11823445541024405,0.47043734809487603,-0.23262393452814045
2026-02-19 16:00:00,34,1.3590131035985813,1.8518208241999854,-0.10290612446840494,0.30561825851977353,0.25445161632306856
2026-02-19 20:00:00,34,-1.1221851690058564,-0.6093848214829927,-0.6043958161206698,-0.574672091734314,1.3590131035985813
2026-02-20 00:00:00,34,-0.41583316590786445,0.14130027123132735,0.522110377505258,0.15221477407908068,-1.1221851690058564
2026-02-20 04:00:00,34,0.688765648949488,0.1710021145520849,0.20141456082844886,0.42156752887961346,-0.41583316590786445
2026-02-20 08:00:00,34,-0.989487504835104,-0.17562483106977214,-0.30009207818050243,-0.024575155654661174,0.688765648949488
2026-02-20 12:00:00,34,1.791424728440031,0.392490678554103,0.4618633822455296,0.6163578124652833,-0.989487504835104
2026-02-20 16:00:00,34,0.6849435398123944,0.9120272126204216,-0.800718044359381,-0.5440238626462968,1.791424728440031
2026-02-20 20:00:00,34,-2.013356488912722,-0.8507008023795495,-0.29835677566026864,-0.987690805201269,0.6849435398123944
2026-02-21 00:00:00,34,2.450707814504362,1.9469745808086836,0.9267173057549314,0.31644547142349566,-2.013356488912722
2026-02-23 04:00:00,34,-1.8371016262549489,-1.5267101979694175,-1.1000437725788792,-1.2709817834631485,2.450707814504362
2026-02-23 08:00:00,34,0.11374261098290894,-0.20681251740486933,0.8466946019537336,-0.08101324692282752,-1.8371016262549489
2026-02-23 12:00:00,34,-0.5147154979314248,-0.41817354508675464,-0.039021844133060785,-0.1546891537965953,0.11374261098290894
2026-02-23 16:00:00,34,1.3056340687670378,1.5439392711352122,0.24630882046687422,0.17871387576616726,-0.5147154979314248
2026-02-23 20:00:00,34,-0.6632815951265698,-0.6288572324015171,-0.5801608269174936,-0.6670006126778603,1.3056340687670378
2026-02-24 00:00:00,34,0.3187194561558577,-0.23260034026684798,0.3137603540670041,-0.23736502922029157,-0.6632815951265698
2026-02-24 04:00:00,34,0.6011524713267722,-0.7063438430592202,-0.13208481624082907,-0.44381312081654745,0.3187194561558577
2026-02-24 08:00:00,34,-1.6258707164868156,-0.9771845267977162,-0.2603142062042984,-0.8332050392160806,0.6011524713267722
2026-02-24 12:00:00,34,-0.48046285603807704,0.022511044312690538,0.7507921782069727,0.21994029006309646,-1.6258707164868156
2026-02-24 16:00:00,34,1.4977318245981923,1.9705825066663016,0.23075753878699265,0.5311564326491407,-0.48046285603807704
2026-02-24 20:00:00,34,-0.4612993597714983,-0.4811803845902388,-0.6673764735325822,-0.4389879088374089,1.4977318245981923
2026-02-25 00:00:00,34,1.7040131306810125,-0.24167755295189008,0.22205698572189309,-0.14018477448206568,-0.4612993597714983
2026-02-25 04:00:00,34,-2.089681316345743,-1.6876235407032014,-0.7610316930679495,-1.2439462552748388,1.7040131306810125
2026-02-25 08:00:00,34,-0.31761321763785233,-0.11630258141336301,0.9613700748544671,0.10962884493167557,-2.089681316345743
2026-02-25 12:00:00,34,0.3547659270174801,-0.02619351588569668,0.1568210346739889,0.3153603789834172,-0.31761321763785233
2026-02-25 16:00:00,34,1.114759360053604,1.3549807213865155,-0.1484505267655872,0.08556346140735371,0.3547659270174801
2026-02-25 20:00:00,34,0.16061651329626692,-0.9765234937110985,-0.49350046448441554,-0.636513393416311,1.114759360053604
2026-02-26 00:00:00,34,0.06540625483675377,-1.1003673567057923,-0.060303392592301,-0.7405515122333934,0.16061651329626692
2026-02-26 04:00:00,34,-1.3100042493185953,-1.3037123171073894,-0.01707631677349321,-0.7829179138719029,0.06540625483675377
2026-02-26 08:00:00,34,0.2814936040209961,-0.27392242373792486,0.6073834327018255,0.0656273256209694,-1.3100042493185953
2026-02-26 12:00:00,34,-0.6171586876977884,-0.5552469419692753,-0.11518364656973037,-0.11670800479032639,0.2814936040209961
2026-02-26 16:00:00,34,1.5697761231319038,1.4867804981467732,0.29281977005151577,0.28305181792019063,-0.6171586876977884
2026-02-26 20:00:00,34,-1.3844578218023358,-0.7206944860627038,-0.7000858097471653,-0.733758667271756,1.5697761231319038
2026-02-27 00:00:00,34,-0.3219205408910195,0.14728535206975593,0.6411866202449444,0.1630133047123863,-1.3844578218023358
2026-02-27 04:00:00,34,0.5761366273164246,0.12447188880206268,0.15877663265106975,0.37153487447838707,-0.3219205408910195
2026-02-27 08:00:00,34,0.5181924045225941,-0.15587478910217645,-0.2489565877795296,-0.0016532221717744378,0.5761366273164246
2026-02-27 12:00:00,34,-0.18415763941277774,-0.578784878968111,-0.22264892563789263,-0.33730839140327085,0.5181924045225941
2026-02-27 16:00:00,34,0.06834579141884767,1.2256339292090461,0.09622993354982508,-0.21802168808055988,-0.18415763941277774
2026-02-27 20:00:00,34,-1.0163402038302944,-0.29464451638035294,-0.018410916350915487,-0.26229215207180445,0.06834579141884767
2026-02-28 00:00:00,34,1.8437781501600163,1.9121810889760733,0.4740549640580958,0.39603444657396203,-1.0163402038302944
2026-03-02 04:00:00,34,-1.024883486682917,-0.6210038600791689,-0.8244873877755231,-0.7982587572939286,1.8437781501600163
2026-03-02 08:00:00,34,0.5761302543131226,0.1522765432507676,0.4779337597003624,-0.1343983124808652,-1.024883486682917
2026-03-02 12:00:00,34,-0.9784154929644764,-0.22676486044289484,-0.24895369432769585,-0.50758228106685,0.5761302543131226
2026-03-02 16:00:00,34,2.760821809390025,2.0015964611632966,0.45683650064325054,0.12617887599269828,-0.9784154929644764
2026-03-02 20:00:00,34,-2.3731221813088794,-1.1662090209829326,-1.2408407978815292,-1.6621223487281833,2.760821809390025
2026-03-03 00:00:00,34,-0.13768062923177382,0.5271493424032998,1.0900570457560332,-0.12495059471896841,-2.3731221813088794
2026-03-03 04:00:00,34,-0.44927351742958344,0.31382053912163865,0.0751285808654388,-0.03576901949448086,-0.13768062923177382
2026-03-03 08:00:00,34,0.9126405155012058,0.7280438862947911,0.21659704887149542,0.25524446740328166,-0.44927351742958344
2026-03-03 12:00:00,34,0.5652855202345695,0.1175655119225331,-0.4017350732414998,-0.33591145075475826,0.9126405155012058
2026-03-03 16:00:00,34,1.2236428569773299,1.3436252892373726,-0.2440300007065114,-0.7020708257329682,0.5652855202345695
2026-03-03 20:00:00,34,-1.8901218026208149,-0.8567861403946118,-0.5429354229972136,-1.4946761334391496,1.2236428569773299
2026-03-04 00:00:00,34,0.753248436090951,0.3237053003113356,0.8707666633132608,-0.27036418291698094,-1.8901218026208149
2026-03-04 04:00:00,34,-0.6441148325248545,-0.3569343534251561,-0.32936835968495154,-0.7582750999486567,0.753248436090951
2026-03-04 08:00:00,34,1.1488419338041833,0.189392606943005,0.3050583180302281,-0.34105464046540757,-0.6441148325248545
2026-03-04 12:00:00,34,-1.1599754245751903,-0.7335089571275349,-0.5089745323364936,-1.0852082219262265,1.1488419338041833
2026-03-04 16:00:00,34,1.3059103935325176,1.8192158176529827,0.5392677959298953,-0.3338430069172027,-1.1599754245751903
2026-03-04 20:00:00,34,-1.2941212673972213,-0.5370769465094222,-0.5802862830582632,-1.1797364826159855,1.3059103935325176
2026-03-05 00:00:00,34,0.21978204851316363,0.18881790782772692,0.600172288914878,-0.34147932326128405,-1.2941212673972213
2026-03-05 04:00:00,34,-0.5541495802137959,-0.19817767207223336,-0.08716555133508712,-0.48384146528398553,0.21978204851316363
2026-03-05 08:00:00,34,0.13299020074275347,0.33188760276605656,0.2642125641626234,-0.1248953103367949,-0.5541495802137959
2026-03-05 12:00:00,34,-0.1893771657711305,0.2620277528790238,-0.04776057707360744,-0.21103869635875938,0.13299020074275347
2026-03-05 16:00:00,34,1.6455976063244666,1.9678043821319418,0.09859968724319126,-0.08837108473281852,-0.1893771657711305
2026-03-05 20:00:00,34,-1.2816522478736623,-0.3433792937139528,-0.7345100520051894,-1.1542943561220653,1.6455976063244666
2026-03-06 00:00:00,34,0.41232940477870095,0.42376123507774677,0.5945111420904495,-0.32411390885693336,-1.2816522478736623
2026-03-06 04:00:00,34,-1.1434053008125087,-0.1961996003393807,-0.17458532419013853,-0.5911971291670115,0.41232940477870095
2026-03-06 08:00:00,34,0.17118026036515843,0.6519455259077747,0.5317446780662771,0.14943491482829607,-1.1434053008125087
2026-03-06 12:00:00,34,1.0743417291762647,0.48385073258475353,-0.0650995133346038,0.038554209591225685,0.17118026036515843
2026-03-06 16:00:00,34,-0.14784825179720862,1.7278364049271608,-0.4751501730072184,-0.6573424337633647,1.0743417291762647
2026-03-06 20:00:00,34,-0.4371360223712184,0.3666338643211656,0.07974485434945597,-0.5615748587382292,-0.14784825179720862
2026-03-07 00:00:00,34,2.337037285630519,2.0873043704578365,0.211086419789846,-0.27842334149171055,-0.4371360223712184
2026-03-09 04:00:00,35,-1.2041359014366115,-0.7916278039259661,-1.0447443596026964,-1.5543570391954873,2.337037285630519
2026-03-09 08:00:00,35,-1.0850906415281951,0.057636439167979336,0.5549384830205805,-0.8113432049646789,-1.2041359014366115
2026-03-09 12:00:00,35,0.0701150339707155,0.7097972668782487,0.5011612036526532,-0.14178642396683827,-1.0850906415281951
2026-03-09 16:00:00,35,0.30939068650987345,1.9413485104140584,-0.020689211781887963,-0.1850510091068127,0.0701150339707155
2026-03-09 20:00:00,35,0.5142358735912147,0.31013231643202627,-0.1287791401204094,-0.37596098860724947,0.30939068650987345
2026-03-10 00:00:00,35,-1.1689332210833392,0.06137935106997605,-0.22131551545633982,-0.6932709929682073,0.5142358735912147
2026-03-10 04:00:00,35,1.1154319784508822,0.44729497356473163,0.5390360911293437,0.02802097542230797,-1.1689332210833392
2026-03-10 08:00:00,35,-0.9332825865491365,-0.1625293998098306,-0.4928987007996335,-0.6602579722809017,1.1154319784508822
2026-03-10 12:00:00,35,-0.4247310505075639,0.36262193018375904,0.43258372153206254,-0.08437457554354033,-0.9332825865491365
2026-03-10 16:00:00,35,2.092813867098185,1.978731350859252,0.2028516175597089,0.17770634570296995,-0.4247310505075639
2026-03-10 20:00:00,35,-1.7807243459296362,-0.747412051947164,-0.9344193368617026,-1.1136675381491976,2.092813867098185
2026-03-11 00:00:00,35,0.11762223355342272,0.6726645912025253,0.815405450656877,-0.014868953704716859,-1.7807243459296362
2026-03-11 04:00:00,35,-0.5078352978138376,0.18460994491294008,-0.042150023795004495,-0.08744792642619537,0.11762223355342272
2026-03-11 08:00:00,35,0.13799238675903247,0.6353959309074952,0.24039297223010042,0.22591259320969215,-0.5078352978138376
2026-03-11 12:00:00,35,0.3547328921152939,0.5403547586538832,-0.051351998073932564,0.14076418740419783,0.13799238675903247
2026-03-11 16:00:00,35,0.6088815918762531,1.649369239574826,-0.14926194187057215,-0.0781242669504234,0.3547328921152939
2026-03-11 20:00:00,35,-0.5041109735430727,-0.1432354936850472,-0.264070592282652,-0.45383555139330234,0.6088815918762531
2026-03-12 00:00:00,35,-0.7074890541547845,0.3483164583293317,0.23871055306515623,-0.1427731315425298,-0.5041109735430727
2026-03-12 04:00:00,35,-0.4856121702936189,0.44875914262768885,0.33058418051393473,0.2937840329575163,-0.7074890541547845
2026-03-12 08:00:00,35,-0.24290121907477413,0.9229421924191848,0.2303539388573875,0.593431738975192,-0.4856121702936189
2026-03-12 12:00:00,35,1.5216817337788786,1.0170182711158964,0.1207121552249055,0.7433142945146143,-0.24290121907477413
2026-03-12 16:00:00,35,0.5159730574969306,1.3487113054379913,-0.6764171928608297,-0.19564166398235727,1.5216817337788786
2026-03-12 20:00:00,35,-1.3900465438973626,-0.3494119744251598,-0.22210026761096588,-0.5140236002348981,0.5159730574969306
2026-03-13 00:00:00,35,0.7588881935308152,0.7238426924481243,0.6389214031702286,0.3437066701675011,-1.3900465438973626
2026-03-13 04:00:00,35,-1.0408811727322167,-0.23099442467242182,-0.33183428930357334,-0.12456640910461036,0.7588881935308152
2026-03-13 08:00:00,35,0.40193010839818477,0.6031066942389972,0.4811901022750929,0.5177108539582393,-1.0408811727322167
2026-03-13 12:00:00,35,0.008821170995959804,0.34963469822512067,-0.17058272261720703,0.26969928767453055,0.40193010839818477
2026-03-13 16:00:00,35,1.756608159579466,1.662565524377001,0.006999561339097507,0.2642561710991558,0.008821170995959804
2026-03-13 20:00:00,35,-1.0522093324822706,-0.773880838918581,-0.7825424097817398,-0.8196614849835955,1.756608159579466
2026-03-14 00:00:00,35,0.4446902161536279,1.4588327804146826,0.4863074636221287,-0.17039416423653808,-1.0522093324822706
2026-03-16 04:00:00,35,0.06232506994422593,-0.5990847089482183,-0.1898990923940146,-0.4447909180871896,0.4446902161536279
2026-03-16 08:00:00,35,-0.4381753128845922,-0.5524930304421815,-0.01717018824377382,-0.48324869443345886,0.06232506994422593
2026-03-16 12:00:00,35,-0.41595322936608703,-0.2656241032916646,0.20892490308406644,-0.2128719712552538,-0.4381753128845922
2026-03-16 16:00:00,35,0.9902995388967426,1.2809685380123395,0.19888634132670263,0.04379258250753626,-0.41595322936608703
2026-03-16 20:00:00,35,-1.2453267627788147,-0.7418935057976699,-0.43637161047222195,-0.5672732087829697,0.9902995388967426
2026-03-17 00:00:00,35,1.2084013076803917,0.216189788521785,0.5735459644063101,0.20115750720065861,-1.2453267627788147
2026-03-17 04:00:00,35,-0.627886276707958,-0.9861871536437069,-0.5348964888213527,-0.5444883022448757,1.2084013076803917
2026-03-17 08:00:00,35,-0.467490863204846,-0.38411162601940557,0.2946245731804363,-0.15705014899233394,-0.627886276707958
2026-03-17 12:00:00,35,-0.1072641268473582,-0.07980311761136043,0.22216785404750383,0.13141577775504576,-0.467490863204846
2026-03-17 16:00:00,35,0.008216783508387948,1.3426497971399576,0.059439713071571455,0.19760326545405782,-0.1072641268473582
2026-03-17 20:00:00,35,-0.3601842335348202,-0.015974173776149347,0.007272586193599365,0.19253308706943617,0.008216783508387948
2026-03-18 00:00:00,35,0.2914100897250034,0.3816443565896335,0.17369336118457795,0.4147852996883783,-0.3601842335348202
2026-03-18 04:00:00,35,-0.41038646126827416,-0.16943693347338423,-0.12065661951567552,0.23497027395764913,0.2914100897250034
2026-03-18 08:00:00,35,-0.14314213321758906,0.23478038478070246,0.19637162009040263,0.4881998452540133,-0.41038646126827416
2026-03-18 12:00:00,35,0.9559946384669278,0.33311868053115495,0.07564717545369837,0.5765259097082724,-0.14314213321758906
2026-03-18 16:00:00,35,-0.3722583866379292,1.1957332978729542,-0.42087477997664124,-0.013371992168046631,0.9559946384669278
2026-03-18 20:00:00,35,0.7740602845203579,0.1150097342254799,0.17914771615055095,0.21633059443403813,-0.3722583866379292
2026-03-19 00:00:00,35,-1.109324962580546,-0.10512166204784787,-0.3386881008401935,-0.2613044459638818,0.7740602845203579
2026-03-19 04:00:00,35,0.37863532595604354,0.21012115755178978,0.5121087697676495,0.42320615858793253,-1.109324962580546
2026-03-19 08:00:00,35,0.3924117393650164,0.11757824498489529,-0.16005958188762348,0.18956867217283158,0.37863532595604354
2026-03-19 12:00:00,35,-0.41200037408396284,-0.10864040868837055,-0.16628291268762632,-0.05256957045818922,0.3924117393650164
2026-03-19 16:00:00,35,1.396933082200972,1.5332352836331384,0.19710068599719757,0.2016558681218159,-0.41200037408396284
2026-03-19 20:00:00,35,-0.6591910083344565,-0.7840513675520795,-0.620063474184098,-0.6603237508993214,1.396933082200972
2026-03-20 00:00:00,35,-0.7265640091394658,-0.24749439369284515,0.308766113125087,-0.25356896681829877,-0.6591910083344565
2026-03-20 04:00:00,35,0.003721533913921604,-0.11483990448933862,0.3392010644111266,0.19475842679296207,-0.7265640091394658
2026-03-20 08:00:00,35,0.47995998544841,0.03426041043323608,0.00930326169849687,0.19246204880165418,0.003721533913921604
2026-03-20 12:00:00,35,-0.3644364007129557,-0.2753404613054004,-0.20583179091613144,-0.1036979682196133,0.47995998544841
2026-03-20 16:00:00,35,0.1594161573675592,1.3827501693415514,0.17561422710089955,0.12117805042907026,-0.3644364007129557
2026-03-20 20:00:00,35,-0.02907995295149135,0.05863491862993048,-0.06102993147519079,0.022810075366873406,0.1594161573675592
2026-03-21 00:00:00,35,2.4039043873555883,1.6006911560949904,0.024120943008964543,0.04075390323211803,-0.02907995295149135
2026-03-23 04:00:00,35,-2.4846514158373303,-1.505119628879781,-1.07495077700024,-1.4425788450418633,2.4039043873555883
2026-03-23 08:00:00,35,1.1669945096926444,0.21155086887037117,1.1333961268265558,0.09057897626862843,-2.4846514158373303
2026-03-23 12:00:00,35,1.5649973392252825,-0.4783614521515726,-0.5161914606259295,-0.6295167073984196,1.1669945096926444
2026-03-23 16:00:00,35,-1.6537981254959213,-0.478576515957397,-0.6959845021083731,-1.5952006241319685,1.5649973392252825
2026-03-23 20:00:00,35,-1.214839883887164,-0.5065931679054905,0.758068041165477,-0.5747220512379814,-1.6537981254959213
2026-03-24 00:00:00,35,-0.42266781857464863,0.5189552167241217,0.5597738797011,0.17489669115363693,-1.214839883887164
2026-03-24 04:00:00,35,0.514902962598697,0.5069447209389784,0.20191957708919736,0.43570449209241957,-0.42266781857464863
2026-03-24 08:00:00,35,-0.046118792852350765,0.35539826752428766,-0.22161686497623034,0.11798285947535625,0.514902962598697
2026-03-24 12:00:00,35,-0.3608086711535403,0.35790038975977473,0.031818036149496395,0.14644052863582058,-0.046118792852350765
2026-03-24 16:00:00,35,0.178179372417695,1.9716683422196526,0.173975443447203,0.36907805140851746,-0.3608086711535403
2026-03-24 20:00:00,35,0.7672098563478791,0.6013373923093578,-0.06950599056706827,0.25913220682157245,0.178179372417695
2026-03-25 00:00:00,35,0.11891034751500129,0.19528175700134215,-0.3355935014424121,-0.21427576676729032,0.7672098563478791
2026-03-25 04:00:00,35,-1.1973803291174452,-0.3027675331990292,-0.04273191394689152,-0.2876495721088883,0.11891034751500129
2026-03-25 08:00:00,35,0.6342561422622648,0.6312702228282324,0.5518867336256231,0.4511957262570734,-1.1973803291174452
2026-03-25 12:00:00,35,-0.03363742589608876,0.20540844340565728,-0.2755332434288958,0.059827038067907345,0.6342561422622648
2026-03-25 16:00:00,35,0.5809195183781473,1.5721686793312275,0.026179727171743775,0.08058306133645132,-0.03363742589608876
2026-03-25 20:00:00,35,-1.2784792974914492,-0.13740662139539483,-0.25143905836545954,-0.2778741844069055,0.5809195183781473
2026-03-26 00:00:00,35,0.02233676051886313,0.874702677328853,0.5885222274038274,0.511013352025242,-1.2784792974914492
2026-03-26 04:00:00,35,0.09911348318579094,0.4438408723036222,0.0008940546254781068,0.4972304209975942,0.02233676051886313
2026-03-26 08:00:00,35,0.07838445480550682,0.5451470050738957,-0.03378891609498267,0.43607229999315855,0.09911348318579094
2026-03-26 12:00:00,35,0.3758968524980517,0.4941363320147181,-0.024424824226983652,0.3877050565286577,0.07838445480550682
2026-03-26 16:00:00,35,0.08990225222837722,1.6091641386625175,-0.15882250909442386,0.15575734920039697,0.3758968524980517
2026-03-26 20:00:00,35,0.8762969430705194,0.20651430745599414,-0.0296278521357757,0.10028303184593845,0.08990225222837722
2026-03-27 00:00:00,35,-1.7406106475510512,-0.19229502611623936,-0.384872294589068,-0.4404372895220714,0.8762969430705194
2026-03-27 04:00:00,35,0.551277278443477,0.5445635982566428,0.7972845648203009,0.6336090781652386,-1.7406106475510512
2026-03-27 08:00:00,35,0.4245104094577137,0.3229737488739913,-0.2380485292567471,0.2934426202995386,0.551277278443477
2026-03-27 12:00:00,35,0.8466274456881564,0.08553701480837446,-0.1807831048854668,0.031497845938311286,0.4245104094577137
2026-03-27 16:00:00,35,-0.03556492283592405,0.9249829462990756,-0.3714694522527599,-0.4909148683037339,0.8466274456881564
2026-03-27 20:00:00,35,-1.0284944430595662,-0.36714627187332594,0.02705045097455702,-0.4689694802051676,-0.03556492283592405
2026-03-28 00:00:00,35,1.4053876081783958,1.8400220443778756,0.4755945445639032,0.1656645330412152,-1.0284944430595662
2026-03-30 04:00:00,35,-1.6637982790832826,-0.8020432356479428,-0.6238827056743824,-0.7015319637057633,1.4053876081783958
2026-03-30 08:00:00,35,0.010822821949430406,0.3517025124866065,0.7625854915335424,0.3251172187107674,-1.6637982790832826
2026-03-30 12:00:00,35,-1.225820116868972,0.3445186549545202,0.006095339343155136,0.31843898046187125,0.010822821949430406
2026-03-30 16:00:00,35,2.4170529591370578,2.4518850609821468,0.5647340692713684,1.074833091812116,-1.225820116868972
2026-03-30 20:00:00,35,-0.9573567451989078,-0.3484133137482773,-1.0808904878171621,-0.4166130020753904,2.4170529591370578
2026-03-31 00:00:00,35,-0.41813930271898947,0.45278294465432506,0.4434589361878375,0.17412538976917258,-0.9573567451989078
2026-03-31 04:00:00,35,0.6472095656201358,0.2932808665228494,0.1998738739467184,0.4321388633190999,-0.41813930271898947
2026-03-31 08:00:00,35,-0.19869440436591468,0.02338669236149077,-0.2813847982679811,0.03277724613905786,0.6472095656201358
2026-03-31 12:00:00,35,0.487744801454971,0.1577847176954128,0.1007422527996141,0.1553819214518608,-0.19869440436591468
2026-03-31 16:00:00,35,1.5170032615979885,1.1433624285762527,-0.20934848889751106,-0.14558172776982126,0.487744801454971
2026-03-31 20:00:00,35,-0.7828144281449383,-1.0561839064064558,-0.6743037487331058,-1.08165082810625,1.5170032615979885
2026-04-01 00:00:00,35,-1.7108078274262262,-0.336360974320238,0.3646115217426275,-0.5986140304713388,-0.7828144281449383
2026-04-01 04:00:00,35,0.3037473727350566,0.3856046191383173,0.7838214955218021,0.4570424630951022,-1.7108078274262262
2026-04-01 08:00:00,35,0.5447981390739844,0.34444632616525833,-0.12622984028551743,0.269614698684002,0.3037473727350566
2026-04-01 12:00:00,35,-0.8682906462776785,-0.04397880194217632,-0.23512165515688802,-0.06655379667621908,0.5447981390739844
2026-04-01 16:00:00,35,0.9952562786295154,1.8918175983405139,0.40322438600429206,0.4692262274454899,-0.8682906462776785
2026-04-01 20:00:00,35,-1.0740516987658513,-0.11916962479779951,-0.43861075865475774,-0.14489812740892738,0.9952562786295154
2026-04-02 00:00:00,35,0.6502265976759531,0.803608848603112,0.4961744926377516,0.5178470576736034,-1.0740516987658513
2026-04-02 04:00:00,35,0.7455840578557247,0.01153882349777313,-0.28274770659253345,0.11662377641302424,0.6502265976759531
2026-04-02 08:00:00,35,-1.478477192807409,-0.11966598182417636,-0.3258243043491235,-0.3434399663155281,0.7455840578557247
2026-04-02 12:00:00,35,0.044688278763967304,0.8336500585521179,0.6788688963739159,0.5688565664429577,-1.478477192807409
2026-04-02 16:00:00,35,1.7495669324540444,2.153190005064814,-0.00920297772918274,0.5412815981109151,0.044688278763967304
2026-04-02 20:00:00,35,-1.234636473883846,-0.45510610116832,-0.7793616192277258,-0.5382912583874138,1.7495669324540444
2026-04-03 00:00:00,35,1.0374151822756552,1.860423295431221,0.5687167536265542,0.22354299906407604,-1.234636473883846
2026-04-06 04:00:00,36,-1.4686006390638813,-0.6111747609319759,-0.447612002559201,-0.2924260920157673,1.0374151822756552
2026-04-06 08:00:00,36,0.8513745044792405,0.33917044042792693,0.6211261855937131,0.7215791104404339,-1.4686006390638813
2026-04-06 12:00:00,36,-0.9204039074436281,-0.25246220110190964,-0.3682714113235875,0.13374184970574987,0.8513745044792405
2026-04-06 16:00:00,36,1.0785478449108457,1.3016901121807358,0.3873372459093619,0.7692409266391191,-0.9204039074436281
2026-04-06 20:00:00,36,-0.26811965554343864,-0.3396866125972051,-0.46515381014249896,0.024550302961712234,1.0785478449108457
2026-04-07 00:00:00,36,0.05285123215255716,-0.16002617365149704,0.10915820027035374,0.2096753249521086,-0.26811965554343864
2026-04-07 04:00:00,36,-0.8011662728456663,-0.1910212009929923,-0.02772594948042066,0.17318383575251595,0.05285123215255716
2026-04-07 08:00:00,36,-0.6123567601781144,0.331669553839886,0.33648608508478745,0.7263544847968912,-0.8011662728456663
2026-04-07 12:00:00,36,1.1251109091560334,0.7065141502536019,0.2559646714703703,1.1491603341635575,-0.6123567601781144
2026-04-07 16:00:00,36,0.3118892517435121,0.9473866936525611,-0.48501151594487074,0.37231992916982115,1.1251109091560334
2026-04-07 20:00:00,36,0.17250810490999768,-0.2088273079017085,-0.1381976477685725,0.1569738946892123,0.3118892517435121
2026-04-08 00:00:00,36,1.7774869066449934,-0.3573961369852284,-0.07875590240484964,0.03786451178979,0.17250810490999768
2026-04-08 04:00:00,36,-2.3265050991119214,-1.7007251013029,-0.7632296882380201,-1.1894132945066058,1.7774869066449934
2026-04-08 08:00:00,36,-1.763320010221456,-0.1535931335794919,0.9869958861887997,0.4169378204868508,-2.3265050991119214
2026-04-08 12:00:00,36,2.040694064157572,1.007581704825865,0.7468148760091423,1.6344339977317421,-1.763320010221456
2026-04-08 16:00:00,36,0.7310295404425577,0.6029645937661436,-0.8754793948174898,0.22542303679666453,2.040694064157572
2026-04-08 20:00:00,36,-0.7992191096060441,-0.7776510160734367,-0.31694800876456364,-0.2793212329800525,0.7310295404425577
2026-04-09 00:00:00,36,-0.8038722423466513,-0.19090084380228176,0.33565568022659326,0.27250498409113,-0.7992191096060441
2026-04-09 04:00:00,36,-0.2985102873402887,0.3264686719599548,0.33764009732886574,0.8275439880025122,-0.8038722423466513
2026-04-09 08:00:00,36,0.3530473400820249,0.5290212092393649,0.1221188641603473,1.033652426401865,-0.2985102873402887
2026-04-09 12:00:00,36,-0.11924883062994951,0.28180655514547764,-0.15575029862742754,0.7898885126229036,0.3530473400820249
2026-04-09 16:00:00,36,1.6021293609834366,1.324887279581681,0.045669400905221834,0.8722246708875918,-0.11924883062994951
2026-04-09 20:00:00,36,-0.4151714783011986,-0.7367581936136882,-0.6884451222215543,-0.2339763369511152,1.6021293609834366
2026-04-10 00:00:00,36,-0.5980815971404887,-0.41855544367696745,0.17187125151306512,0.05268160647535147,-0.4151714783011986
2026-04-10 04:00:00,36,0.052970098611128336,-0.045100719316763994,0.2498767562423393,0.4656310733776259,-0.5980815971404887
2026-04-10 08:00:00,36,-0.7909182385707965,-0.06802757458903284,-0.027776642346157482,0.4290575120311342,0.052970098611128336
2026-04-10 12:00:00,36,-0.3380330202290782,0.47055273838249007,0.3321156156369134,0.975152336788593,-0.7909182385707965
2026-04-10 16:00:00,36,1.7708782715365707,1.6160781950792724,0.13897408653314072,1.2085495123017083,-0.3380330202290782
2026-04-10 20:00:00,36,-1.0940697671213258,-0.5267436589562537,-0.7604113098974699,-0.014165317374066788,1.7708782715365707
2026-04-11 00:00:00,36,3.2856896349242,1.4777838126909466,0.46140036021035247,0.741242522035714,-1.0940697671213258
2026-04-13 04:00:00,36,-3.664386378276445,-1.8264660765816494,-1.4064314739022497,-1.527384015940778,3.2856896349242
2026-04-13 08:00:00,36,0.03653801112436739,0.590231822329878,1.5575608451497147,1.002716239054637,-3.664386378276445
2026-04-13 12:00:00,36,-0.3925785469135441,0.5646016912314571,-0.020768865596055446,0.9774883231856037,0.03653801112436739
2026-04-13 16:00:00,36,2.226154731092059,1.7573253000874944,0.16223606551356162,1.2485468249691607,-0.3925785469135441
2026-04-13 20:00:00,36,-0.4710742691767198,-0.7204369144201863,-0.9545726293714706,-0.2885167025523234,2.226154731092059
2026-04-14 00:00:00,36,0.20969359640322693,-0.4268568108720778,0.19571206166447916,0.036739699346647114,-0.4710742691767198
2026-04-14 04:00:00,36,-2.215306114309108,-0.6416781876727202,-0.09461436365862036,-0.1080446566033526,0.20969359640322693
2026-04-14 08:00:00,36,0.5686681481093139,0.8262947209517559,0.9395729607105889,1.42152837039351,-2.215306114309108
2026-04-14 12:00:00,36,-0.1183109854311084,0.4327021235553595,-0.24770589991967087,1.0288876174781798,0.5686681481093139
2026-04-14 16:00:00,36,2.5615083527984837,1.4714384746929134,0.045269438953648204,1.1105762342088212,-0.1183109854311084
2026-04-14 20:00:00,36,-1.5547348457372525,-1.1635773736434036,-1.097590570040921,-0.658034460069719,2.5615083527984837
2026-04-15 00:00:00,36,0.28117503135694655,-0.09569378754877685,0.6578597589391844,0.4154426855090918,-1.5547348457372525
2026-04-15 04:00:00,36,-1.7356409481966732,-0.3340501395044527,-0.1250989833599331,0.22130349135862026,0.28117503135694655
2026-04-15 08:00:00,36,0.805699826888242,0.8399118203267797,0.7350106127055187,1.4196884738064508,-1.7356409481966732
2026-04-15 12:00:00,36,0.13124505863581604,0.3281634685053782,-0.3487925749342069,0.8633876018393103,0.805699826888242
2026-04-15 16:00:00,36,1.365120688833997,1.1932922231144678,-0.061158490234815385,0.7727685671518287,0.13124505863581604
2026-04-15 20:00:00,36,-0.8082474883233957,-0.6866775332949205,-0.5873682588224541,-0.1697882067173504,1.365120688833997
2026-04-16 00:00:00,36,-0.3125079293161761,-0.15555811410028975,0.3395060043267751,0.38827171524652115,-0.8082474883233957
2026-04-16 04:00:00,36,0.12338427328662682,0.016944209515512086,0.12808842524465305,0.6040449198240481,-0.3125079293161761
2026-04-16 08:00:00,36,-0.8551582400406126,-0.05454462668094504,-0.057806108569858135,0.5188534173243173,0.12338427328662682
2026-04-16 12:00:00,36,0.24776448134075046,0.5286526280516244,0.3595119880752539,1.1093031837612983,-0.8551582400406126
2026-04-16 16:00:00,36,2.011113815646514,1.3272260501032405,-0.11085041781400003,0.9382325288938684,0.24776448134075046
2026-04-16 20:00:00,36,-0.8585365739278892,-0.8906406311545771,-0.8628643343180222,-0.45035455022996285,2.011113815646514
2026-04-17 00:00:00,36,-1.0308160577208358,-0.350694116002111,0.36095274292082136,0.14242780959300205,-0.8585365739278892
2026-04-17 04:00:00,36,-0.5864749953946404,0.3011923092278996,0.4344246108144466,0.8541616993253314,-1.0308160577208358
2026-04-17 08:00:00,36,0.6174120355875541,0.7018832872809124,0.24492689981492066,1.259097309880227,-0.5864749953946404
2026-04-17 12:00:00,36,1.8273930945646697,0.2576863729139431,-0.26849365933580177,0.832801011559182,0.6174120355875541
2026-04-17 16:00:00,36,-0.03606724924169491,-0.02221012597667158,-0.7845131328199396,-0.42893485831096,1.8273930945646697
2026-04-17 20:00:00,36,-0.9269082425306081,-0.9324695746323712,0.01019503086191613,-0.40403198315446076,-0.03606724924169491
2026-04-18 00:00:00,36,3.059564204100573,1.0064317641410598,0.3901111435187883,0.23595805574725048,-0.9269082425306081
2026-04-20 04:00:00,36,-3.5232718207968254,-2.19540914830043,-1.309995976098983,-1.8765386555331531,3.059564204100573
2026-04-20 08:00:00,36,0.6567493670358004,0.12211398236154307,1.4973798537934213,0.5561281028257294,-3.5232718207968254
2026-04-20 12:00:00,36,-0.8917012991989477,-0.32987567793232897,-0.2852698137322641,0.10267107906424577,0.6567493670358004
2026-04-20 16:00:00,36,1.5649906444911945,1.208242003421128,0.37509647182107797,0.7183522468193129,-0.8917012991989477
2026-04-20 20:00:00,36,-1.219529350466443,-0.7947738745653408,-0.6726066090580471,-0.3622060840832848,1.5649906444911945
2026-04-21 00:00:00,36,-0.603582996233877,0.008496547340808201,0.5149049896101018,0.4798261696335917,-1.219529350466443
2026-04-21 04:00:00,36,-0.29377126906871887,0.3744825128185865,0.25222293269075097,0.8965741145925286,-0.603582996233877
2026-04-21 08:00:00,36,0.17002508320094023,0.5910644767353375,0.12009781953722364,1.0994104659083774,-0.29377126906871887
2026-04-21 12:00:00,36,1.3895145055887799,0.4888148192497092,-0.0776969704939314,0.9820155020714445,0.17002508320094023
2026-04-21 16:00:00,36,0.39278265600240836,0.5502348339268116,-0.5977714666947433,0.022615853128426622,1.3895145055887799
2026-04-21 20:00:00,36,0.4595188680926938,-0.60635343202063,-0.1726961810838817,-0.2485835771502387,0.39278265600240836
2026-04-22 00:00:00,36,-1.7891425372205045,-0.866000258135187,-0.20115711009566897,-0.5658614745436283,0.4595188680926938
2026-04-22 04:00:00,36,0.694487897191145,0.2419900726919113,0.7578273845829075,0.6694640403858028,-1.7891425372205045
2026-04-22 08:00:00,36,0.15093735449060652,-0.23535322086814986,-0.30136412885922054,0.18995019430469817,0.694487897191145
2026-04-22 12:00:00,36,-1.3441826591839394,-0.36081993302802534,-0.06955664495243816,0.08573448131412675,0.15093735449060652
2026-04-22 16:00:00,36,1.137964987034092,1.4845491528628847,0.5680657678348745,1.0138344515910962,-1.3441826591839394
2026-04-22 20:00:00,36,-0.8643255761029849,-0.22985922207783044,-0.49049338233405804,0.22811886195258424,1.137964987034092
2026-04-23 00:00:00,36,1.1331688861749196,0.38073607728209485,0.3634215731824428,0.8248982773170201,-0.8643255761029849
2026-04-23 04:00:00,36,-1.007699750545461,-0.39582704934716545,-0.4884479937539929,0.042494187819080764,1.1331688861749196
2026-04-23 08:00:00,36,0.04081326951611963,0.2896706576428823,0.4245662212396391,0.7382672675708655,-1.007699750545461
2026-04-23 12:00:00,36,0.18488220228809737,0.28462180751479854,-0.022592130983519962,0.71008747075083,0.04081326951611963
2026-04-23 16:00:00,36,0.20603609002897727,1.1308623111429559,-0.08403307196590573,0.5824343089755573,0.18488220228809737
2026-04-23 20:00:00,36,0.9073024954537825,0.0486266610167334,-0.09305455038757568,0.44017530293543494,0.20603609002897727
2026-04-24 00:00:00,36,-1.2782048931763423,-0.5187724019623161,-0.3921229685373064,-0.18627781584984948,0.9073024954537825
2026-04-24 04:00:00,36,0.5411847109919261,0.26312987527537274,0.5399282926039141,0.6962673615184176,-1.2782048931763423
2026-04-24 08:00:00,36,-0.7890031917173665,-0.0562291436314347,-0.23598506458458068,0.3226027328652794,0.5411847109919261
2026-04-24 12:00:00,36,0.2807930467354627,0.4564372600389291,0.33129890742344786,0.8673753006246994,-0.7890031917173665
2026-04-24 16:00:00,36,0.2813426391357794,1.180277675493809,-0.12493607874105934,0.673499850328847,0.2807930467354627
2026-04-24 20:00:00,36,-1.43639574300963,0.03569814534482379,-0.12517046289024764,0.4792449302586217,0.2813426391357794
2026-04-25 00:00:00,36,2.630914889742664,2.281660509216645,0.6073917941483008,1.4710140453300404,-1.43639574300963
2026-04-27 04:00:00,36,-1.0200022175625296,-0.7981901504202104,-1.1271903099579828,-0.3455188598435788,2.630914889742664
2026-04-27 08:00:00,36,-0.14573671775569075,-0.09717360217022432,0.42981284266863107,0.3587485411188407,-1.0200022175625296
2026-04-27 12:00:00,36,-1.5783061682096946,0.004231167432292091,0.05696566498053474,0.45937343944883047,-0.14573671775569075
2026-04-27 16:00:00,36,2.353394514877561,2.0073073612141723,0.6679121984557475,1.5491255633846333,-1.5783061682096946
2026-04-27 20:00:00,36,-1.6256320169546008,-0.4468972318325615,-1.008836459162935,-0.07579152982788884,2.353394514877561
2026-04-28 00:00:00,36,-0.4534582541153416,0.6294001868350365,0.6880952082395381,1.0466370451195246,-1.6256320169546008
2026-04-28 04:00:00,36,0.7353342164280381,0.8742641746560293,0.18819937644563312,1.3597303507732352,-0.4534582541153416
2026-04-28 08:00:00,36,0.32789071266739356,0.418833573759333,-0.31878381984529675,0.852013888469795,0.7353342164280381
2026-04-28 12:00:00,36,-0.8341850971479587,0.2115674653952453,-0.1450217756172337,0.6256195375223914,0.32789071266739356
2026-04-28 16:00:00,36,0.4150426611642466,1.724526532608793,0.35056759173741053,1.2015882561923217,-0.8341850971479587
2026-04-28 20:00:00,36,-0.6574867865574987,0.4831152111860985,-0.18218938435193652,0.915019255425662,0.4150426611642466
2026-04-29 00:00:00,36,-0.15974503412606111,0.9206066822992587,0.2752112309746175,1.368985435462518,-0.6574867865574987
2026-04-29 04:00:00,36,1.172130074107388,0.9946001422273115,0.06293977836372157,1.479282470178246,-0.15974503412606111
2026-04-29 08:00:00,36,-1.5821896093593004,0.213542859232835,-0.5050637345823863,0.669977366063712,1.172130074107388
2026-04-29 12:00:00,36,2.0162580153510614,1.2524770687001592,0.6695683659159393,1.7624108380967378,-1.5821896093593004
2026-04-29 16:00:00,36,0.10018917953683548,0.8891583592087801,-0.8650581762821947,0.370271911640053,2.0162580153510614
2026-04-29 20:00:00,36,0.9872694578624035,-0.07220517917287868,-0.04791411895945803,0.3010956178418116,0.10018917953683548
2026-04-30 00:00:00,36,-1.3055942792531905,-0.683277189337185,-0.4262264030762787,-0.38057122872630167,0.9872694578624035
2026-04-30 04:00:00,36,0.31774039748609795,0.09745445661152462,0.551609018081036,0.5208851347297703,-1.3055942792531905
2026-04-30 08:00:00,36,-0.8746453681664246,-0.06900294533924624,-0.14069298033842326,0.30149913726297406,0.31774039748609795
2026-04-30 12:00:00,36,-0.14913961311681234,0.4729405989428925,0.36782264510628243,0.9054039225627406,-0.8746453681664246
2026-04-30 16:00:00,36,0.6266190052783838,1.5300719399995364,0.05841689453453455,1.0083783729137554,-0.14913961311681234
2026-04-30 20:00:00,36,-1.9348087241650287,0.16997595809854885,-0.2724201469588913,0.5757250603595505,0.6266190052783838
2026-05-01 00:00:00,36,0.6184006632202088,1.4467384650189608,0.8199495050358501,1.9116267751453684,-1.9348087241650287
2026-05-01 04:00:00,36,1.2579735649912749,0.9975627734400092,-0.2689152784237118,1.4846478722168222,0.6184006632202088
2026-05-01 08:00:00,36,-1.139038232021182,0.1722714352632602,-0.5416733266411176,0.6160715516545352,1.2579735649912749
2026-05-01 12:00:00,36,1.1275091601476603,0.9088773165949984,0.4805780187438094,1.402528170522828,-1.139038232021182
2026-05-01 16:00:00,36,0.6167430836747254,1.0952507651973327,-0.48603429576840645,0.6240318769793944,1.1275091601476603
2026-05-01 20:00:00,36,-1.0887236931652833,-0.2458444476754431,-0.2682083720486306,0.1981974610120396,0.6167430836747254
2026-05-02 00:00:00,36,2.522765623608091,1.7956425090477686,0.4591204251258013,0.9499140676523723,-1.0887236931652833
2026-05-04 04:00:00,37,-0.5754217032730917,-1.8153128778803054,-1.2424128656738298,-1.1949399032497183,2.522765623608091
2026-05-04 08:00:00,37,-2.333256019540249,-1.2869254722225503,0.29207468107281565,-0.7473965793850894,-0.5754217032730917
2026-05-04 12:00:00,37,2.4340244380583353,0.6234848197996201,1.1627046924192224,1.0673301653178466,-2.333256019540249
2026-05-04 16:00:00,37,-0.09943644128857443,-0.4177722322172287,-1.1984606349845666,-0.825770809463032,2.4340244380583353
2026-05-04 20:00:00,37,-1.62017160401963,-1.1283226620024784,0.056326038434916084,-0.7484325457263257,-0.09943644128857443
2026-05-05 00:00:00,37,0.3378993465504667,0.12442445849182274,0.8095242549738837,0.5116815249970479,-1.62017160401963
2026-05-05 04:00:00,37,-0.4582098255597291,-0.2701869447536004,-0.1602800764900961,0.24887496795081177,0.3378993465504667
2026-05-05 08:00:00,37,-0.5023163755699862,0.18937571932937441,0.23402132673836248,0.6052549014708166,-0.4582098255597291
2026-05-05 12:00:00,37,0.02891714802562184,0.5935109088656156,0.2558666655057989,0.995939401334967,-0.5023163755699862
2026-05-05 16:00:00,37,1.1277030485381108,1.4337214596993324,-0.007245645134371497,0.9734486324424179,0.02891714802562184
2026-05-05 20:00:00,37,-1.0270933051539561,-0.3636851860320146,-0.5514584712111321,0.09635976387136935,1.1277030485381108
2026-05-06 00:00:00,37,1.1302352040000585,0.41391350404379623,0.5157811181535569,0.8951978144576422,-1.0270933051539561
2026-05-06 04:00:00,37,-1.0369624591915017,-0.5222707104450974,-0.5527126113301212,0.016139521957089897,1.1302352040000585
2026-05-06 08:00:00,37,0.0987160656293895,0.34251593356212795,0.5206691679613079,0.8226534630712514,-1.0369624591915017
2026-05-06 12:00:00,37,0.5866965048325916,0.2499377991290574,-0.04181604341535455,0.7458754828885183,0.0987160656293895
2026-05-06 16:00:00,37,0.3592996157950328,0.6692471127679817,-0.28350572451254574,0.2895630039205095,0.5866965048325916
2026-05-06 20:00:00,37,-1.202765389968187,-0.47591376637249216,-0.1708793215286035,0.010112049252786193,0.3592996157950328
2026-05-07 00:00:00,37,0.42740204661058456,0.4437640487666159,0.6027889708161716,0.9455818401797185,-1.202765389968187
2026-05-07 04:00:00,37,-0.3903469876654704,0.008003024280887073,-0.20460947434503676,0.6131631436331535,0.42740204661058456
2026-05-07 08:00:00,37,0.5240328169005153,0.35275563094392093,0.20040984084397842,0.9167616824554532,-0.3903469876654704
2026-05-07 12:00:00,37,0.14570641539480178,-0.024742377415797275,-0.2524693026891481,0.509186877133077,0.5240328169005153
2026-05-07 16:00:00,37,0.2893437445512195,0.6704509846503129,-0.06508968665399,0.3958614097701574,0.14570641539480178
2026-05-07 20:00:00,37,-0.4990074250689638,-0.35258601695941505,-0.136231186370971,0.17081973956670637,0.2893437445512195
2026-05-08 00:00:00,37,-0.8517501340936029,0.1238528352184248,0.2542277899954109,0.558930650883001,-0.4990074250689638
2026-05-08 04:00:00,37,0.09216647041618486,0.6738960073028799,0.42893617173450604,1.221392778998947,-0.8517501340936029
2026-05-08 08:00:00,37,0.3517655148236667,0.6281001270932938,-0.0385721232676948,1.149708850005128,0.09216647041618486
2026-05-08 12:00:00,37,0.5295583420291727,0.32578753094585744,-0.16714778986291462,0.8761176614391655,0.3517655148236667
2026-05-08 16:00:00,37,0.31594462688333813,0.7493491139718009,-0.25520601567793166,0.46424529162085193,0.5295583420291727
2026-05-08 20:00:00,37,-1.321208525733665,-0.35064214818639206,-0.14940622014538113,0.21851436477495945,0.31594462688333813
2026-05-09 00:00:00,37,2.8668853245949535,2.589415710903289,0.6614521495248353,1.2461051764557354,-1.321208525733665
2026-05-11 04:00:00,37,-1.5858097058460512,-1.5246279174647839,-1.4128503957653635,-0.9836601938973892,2.8668853245949535
2026-05-11 08:00:00,37,-0.8700432306543355,-0.2524608398622864,0.792505301867839,0.24972836745533122,-1.5858097058460512
2026-05-11 12:00:00,37,0.2112390811736482,0.44944398565118493,0.4379964789084223,0.9264182405311878,-0.8700432306543355
2026-05-11 16:00:00,37,1.0215059291440536,1.154946634818849,-0.09754707187090604,0.7621237066600912,0.2112390811736482
2026-05-11 20:00:00,37,-1.1455571062533227,-0.5929595694768107,-0.49886056798021594,-0.03236867392984699,1.0215059291440536
2026-05-12 00:00:00,37,-0.5855060427733871,0.31750759561841335,0.5744545321043658,0.8586064702003018,-1.1455571062533227
2026-05-12 04:00:00,37,0.8051519499581001,0.7096248496857753,0.2970693091400429,1.3139930484873297,-0.5855060427733871
2026-05-12 08:00:00,37,-1.3022443214339692,0.1986274463404572,-0.39170355914817356,0.6877733945350002,0.8051519499581001
2026-05-12 12:00:00,37,0.27783955789767845,1.3765952835605235,0.6520594523566056,1.7006144966054908,-1.3022443214339692
2026-05-12 16:00:00,37,1.9386268982462855,1.9845126620478168,-0.13053332846478743,1.4845203893875834,0.27783955789767845
2026-05-12 20:00:00,37,-1.3385270911539067,-0.4162733590319736,-0.9530973708155924,-0.02327731938731681,1.9386268982462855
2026-05-13 00:00:00,37,0.05446370638565057,0.5584448693883006,0.6700297854651482,1.017783280257058,-1.3385270911539067
2026-05-13 04:00:00,37,-0.7522242212275305,0.41888999654489145,-0.01989848743527988,0.9754232718542237,0.05446370638565057
2026-05-13 08:00:00,37,-0.18858815752046,1.0938871607968035,0.3796424209833795,1.5604775483000282,-0.7522242212275305
2026-05-13 12:00:00,37,1.2869185306232716,1.307472796446576,0.10048159905643354,1.7071549683175995,-0.18858815752046
2026-05-13 16:00:00,37,0.8344566133015494,1.145772422561068,-0.6303156056358874,0.706233742263704,1.2869185306232716
2026-05-13 20:00:00,37,-1.4724868257059,-0.43415076018701326,-0.40621773670353556,0.05722192325597142,0.8344566133015494
2026-05-14 00:00:00,37,0.627856544951424,0.6518779963410584,0.7363781120017648,1.2024718235895655,-1.4724868257059
2026-05-14 04:00:00,37,-0.08433571876647683,0.09214844202323466,-0.3038916993817673,0.7141464729130309,0.627856544951424
2026-05-14 08:00:00,37,-0.25045831738674806,0.24999380151213907,0.04884686812910971,0.7797399110516476,-0.08433571876647683
2026-05-14 12:00:00,37,0.42412438461965785,0.4915597257440971,0.13112499786137743,0.9745378257205175,-0.25045831738674806
2026-05-14 16:00:00,37,1.003760172850816,1.0227436659228404,-0.20298609558291883,0.6446683825885859,0.42412438461965785
2026-05-14 20:00:00,37,-0.585745345182394,-0.48262825527461095,-0.49007135055513984,-0.13602195558482144,1.003760172850816
2026-05-15 00:00:00,37,-0.0992701211803908,-0.010307761055857569,0.29718783217554223,0.31955074393282246,-0.585745345182394
2026-05-15 04:00:00,37,-0.03393491281298644,0.052921819904887646,0.05624366248154265,0.3967596495768131,-0.0992701211803908
2026-05-15 08:00:00,37,-0.11412044828744783,0.15699534708975377,0.023884075075702067,0.42315306433505384,-0.03393491281298644
2026-05-15 12:00:00,37,-0.2410775255462987,0.33187811035597925,0.06359881554578055,0.5119120465857581,-0.11412044828744783
2026-05-15 16:00:00,37,1.7970984618380133,1.3333859399090515,0.12647882681390799,0.6994139021437586,-0.2410775255462987
2026-05-15 20:00:00,37,-2.413823257417338,-0.9864243688789787,-0.8830003752934921,-0.6983078284550785,1.7970984618380133
2026-05-16 00:00:00,37,2.507082416716667,2.790208660582675,1.2026084845900529,1.1790813588165072,-2.413823257417338
2026-05-18 04:00:00,37,-1.6113195640124065,-1.1406691398008584,-1.2346451992518748,-0.7708416134969571,2.507082416716667
2026-05-18 08:00:00,37,-0.8415588259615472,0.18258117201477916,0.8051399670915685,0.48238764321039795,-1.6113195640124065
2026-05-18 12:00:00,37,1.647611483844873,0.8297254225088049,0.4238885636450882,1.136923320360026,-0.8415588259615472
2026-05-18 16:00:00,37,-0.09422448054779586,0.3347111546213857,-0.8089616287848435,-0.14453255056584524,1.647611483844873
2026-05-18 20:00:00,37,-0.3653607215659207,-0.4589418969497655,0.05374462936985865,-0.07124797166673247,-0.09422448054779586
2026-05-19 00:00:00,37,-0.8934137639706794,-0.21513660088265926,0.18803450322743304,0.21291710380590523,-0.3653607215659207
2026-05-19 04:00:00,37,0.6973698643846014,0.3896418509677695,0.4495715673556589,0.9077837785237417,-0.8934137639706794
2026-05-19 08:00:00,37,-1.1444444396928635,-0.07801997292918489,-0.3383206450035319,0.365393345047881,0.6973698643846014
2026-05-19 12:00:00,37,0.9531812378486268,0.9067187614809891,0.573903444387399,1.2555030951757011,-1.1444444396928635
2026-05-19 16:00:00,37,0.2648275107965574,1.0096197293576932,-0.46502033275025556,0.5141513230655033,0.9531812378486268
2026-05-19 20:00:00,37,-0.4994512472884196,-0.0763078463095053,-0.12408864900299041,0.3081775411269412,0.2648275107965574
2026-05-20 00:00:00,37,0.0482126320322287,0.30859893691957463,0.25444760874646427,0.696633642188722,-0.4994512472884196
2026-05-20 04:00:00,37,0.6652296394727664,0.16679821328046787,-0.016802420368615685,0.65913550565819,0.0482126320322287
2026-05-20 08:00:00,37,-1.5305483822143913,-0.2987624036086384,-0.32240205465589966,0.1417426400616435,0.6652296394727664
2026-05-20 12:00:00,37,-0.14402988048052023,0.9611666978766941,0.7651351644349677,1.3321508335926548,-1.5305483822143913
2026-05-20 16:00:00,37,1.918725874169267,1.8848207828544588,0.07841252639932474,1.4441723494295111,-0.14402988048052023
2026-05-20 20:00:00,37,-1.7302817020783117,-0.5196992399416338,-0.9432406803086206,-0.048147023347500095,1.918725874169267
2026-05-21 00:00:00,37,0.8793547689202725,0.7926767906068226,0.864060200162255,1.2976069163553294,-1.7302817020783117
2026-05-21 04:00:00,37,-0.5113455359346553,-0.02005398338869647,-0.42845514632401127,0.613674847230687,0.8793547689202725
2026-05-21 08:00:00,37,0.09981363114381558,0.48575116126954665,0.2603386785493454,1.011381919268123,-0.5113455359346553
2026-05-21 12:00:00,37,0.12128358474924106,0.47325441219981434,-0.042359651801785074,0.9337502901602779,0.09981363114381558
2026-05-21 16:00:00,37,1.2939211029584001,1.266181165871002,-0.052993410500268415,0.839420065317972,0.12128358474924106
2026-05-21 20:00:00,37,-0.1916199224513626,-0.6733865495366205,-0.6337838788258964,-0.1669475220404042,1.2939211029584001
2026-05-22 00:00:00,37,-1.7613511866862783,-0.5112306049809021,0.10198318854741388,-0.01791209893286627,-0.1916199224513626
2026-05-22 04:00:00,37,-0.4093081719144216,0.7551606467627998,0.8794484682637693,1.3520066234556278,-1.7613511866862783
2026-05-22 08:00:00,37,0.24492432789278062,1.138259569259896,0.20980104222458495,1.6703525229960174,-0.4093081719144216
2026-05-22 12:00:00,37,-0.4265213725940722,1.0348618023139629,-0.11423088926022794,1.4798587561169754,0.24492432789278062
2026-05-22 16:00:00,37,1.5461750388164752,2.1948391632208852,0.2183264925268958,1.8115924945287532,-0.4265213725940722
2026-05-22 20:00:00,37,0.5548639092331928,0.09024054145873803,-0.7587216189791689,0.609030421856918,1.5461750388164752
2026-05-23 00:00:00,37,1.54747188138146,1.5287605888354112,-0.26773949853128093,0.177476247208606,0.5548639092331928
2026-05-25 12:00:00,37,-3.672301457634026,-1.6281111597862736,-0.7593639264177134,-1.026094465263851,1.54747188138146
2026-05-25 16:00:00,37,0.7219572199677398,2.1443972709234633,1.8259146059886635,1.8300960316080612,-3.672301457634026
2026-05-25 20:00:00,37,0.968664276704315,2.5670092524103434,-0.35049840798848914,1.2685823937411822,0.7219572199677398
2026-05-26 04:00:00,37,-1.2871110350821002,-0.20273819186881112,-0.47268885882797484,0.5151884434621987,0.968664276704315
2026-05-26 08:00:00,37,0.3831118854181703,0.9475811757157552,0.6445641536550676,1.5162593929013486,-1.2871110350821002
2026-05-26 12:00:00,37,1.3700056762340918,0.6298757523938363,-0.18267319560440412,1.2182880691976976,0.3831118854181703
2026-05-26 16:00:00,37,1.62584748024587,0.4343631358821177,-0.6714674718023771,0.15274450250983662,1.3700056762340918
2026-05-26 20:00:00,37,-2.0058299356192872,-1.7059188121692073,-0.7981822313609832,-1.1117840706518134,1.62584748024587
2026-05-27 00:00:00,37,-0.5587451024543402,-0.11624003791784016,1.000535270351863,0.44828186253769253,-2.0058299356192872
2026-05-27 04:00:00,37,0.08048158978851028,0.23718028458742024,0.28381500095069745,0.8828546965533395,-0.5587451024543402
2026-05-27 08:00:00,37,-0.7434288514574323,0.23003224917611537,-0.032784770239420204,0.8202588681391916,0.08048158978851028
2026-05-27 12:00:00,37,1.2773882321170724,0.8796485491197201,0.37528620105305216,1.3984724067415346,-0.7434288514574323
2026-05-27 16:00:00,37,0.5645905681647054,0.7924334219023635,-0.6255953860908472,0.4049635209706466,1.2773882321170724
2026-05-27 20:00:00,37,-0.6794919447837735,-0.4639334255872307,-0.27255697256597167,-0.03415571638479875,0.5645905681647054
2026-05-28 00:00:00,37,1.216395436893718,-0.0054619254560305894,0.34361917233048755,0.494329882573302,-0.6794919447837735
2026-05-28 04:00:00,37,-0.7431111016937297,-1.0706068831066244,-0.5953865333531654,-0.45174089276347296,1.216395436893718
2026-05-28 08:00:00,37,-0.72155639514774,-0.3027812173728719,0.3751288241729801,0.126225510938335,-0.7431111016937297
2026-05-28 12:00:00,37,-0.24357785320759007,0.22190784560904497,0.36445308856408926,0.6874274009666976,-0.72155639514774
2026-05-28 16:00:00,37,1.4799217812283239,1.270095686579704,0.12771720308178203,0.8768739258792273,-0.24357785320759007
2026-05-28 20:00:00,37,-1.326009787186205,-0.802915659538719,-0.7259073350208268,-0.27415862861628604,1.4799217812283239
2026-05-29 00:00:00,37,-0.03620505803082352,0.20553117357275763,0.6638301451494621,0.7571664400398337,-1.326009787186205
2026-05-29 04:00:00,37,0.291688640489701,0.1627850844716506,0.02500844529562165,0.7853254961193308,-0.03620505803082352
2026-05-29 08:00:00,37,0.27740318903121164,-0.011335443702169082,-0.13739257954587591,0.5584600460402598,0.291688640489701
2026-05-29 12:00:00,37,-1.7161889701600685,-0.17726504986907463,-0.13031720125208746,0.34270533160475836,0.27740318903121164
2026-05-29 16:00:00,37,3.027891916293175,2.012954302415054,0.8570802730801983,1.677498426332244,-1.7161889701600685
2026-05-29 20:00:00,37,-0.6626586706883728,-1.2248679989051128,-1.4925946409765627,-0.6774923653125402,3.027891916293175
2026-05-30 00:00:00,37,-0.6641087650854622,1.2085917721997648,0.3352818941916709,-0.16209911132044752,-0.6626586706883728
2026-06-01 04:00:00,38,-0.01684205505145009,-0.3942028881790212,0.3045644154784521,-0.011983473121466304,-0.6641087650854622
2026-06-01 08:00:00,38,-0.5191527141516374,-0.5402344242380627,0.008231004640128124,0.0020514453975017943,-0.01684205505145009
2026-06-01 12:00:00,38,0.7854866038440758,0.01839298209404626,0.23820024082065616,0.43467478143103655,-0.5191527141516374
2026-06-01 16:00:00,38,0.4881173330986712,0.3735638674724854,-0.35909329061268325,-0.21989144870027566,0.7854866038440758
2026-06-01 20:00:00,38,-1.522472796493446,-0.9688618004365598,-0.22295087989939283,-0.6266522018748404,0.4881173330986712
2026-06-02 00:00:00,38,1.5731748962583296,0.21106474289924956,0.697542977831359,0.6420636158121216,-1.522472796493446
2026-06-02 04:00:00,38,0.2020598086027814,-1.0023092352709002,-0.7197148933462233,-0.668903568276793,1.5731748962583296
2026-06-02 08:00:00,38,-0.935725222906207,-1.309419638289417,-0.09198724371087313,-0.8372852141647122,0.2020598086027814
2026-06-02 12:00:00,38,-0.24527785316116457,-0.425626671157832,0.4289166031286026,-0.05752127089817449,-0.935725222906207
2026-06-02 16:00:00,38,1.7779386766791863,0.731104084617483,0.11281410487074148,0.146875085312983,-0.24527785316116457
2026-06-02 20:00:00,38,-0.2079603154931089,-1.5975713750518141,-0.8134604058646618,-1.3347270340651942,1.7779386766791863
2026-06-03 00:00:00,38,0.327925023451062,-1.4149099994518635,0.09572928797867317,-1.161428343720802,-0.2079603154931089
2026-06-03 04:00:00,38,0.195148426081861,-1.652340861156391,-0.1496111997149283,-1.4346967168739795,0.327925023451062
2026-06-03 08:00:00,38,-1.655185186774478,-1.9160943806013042,-0.08882305571188723,-1.5973189295906955,0.195148426081861
2026-06-03 12:00:00,38,-0.08224125620708023,-0.4711988513059065,0.7583017263701469,-0.2180104568885568,-1.655185186774478
2026-06-03 16:00:00,38,1.1231751723034336,0.5623144851481806,0.038172245312819555,-0.14947669861275337,-0.08224125620708023
2026-06-03 20:00:00,38,-0.3829508646040196,-1.2733971257218024,-0.5136947921906249,-1.0854475155736072,1.1231751723034336
2026-06-04 00:00:00,38,0.8263902002519963,-0.9739960197008727,0.17584393852169666,-0.7663246908906043,-0.3829508646040196
2026-06-04 04:00:00,38,0.6195767514027875,-1.6057535319263312,-0.3778198866992893,-1.454976942054632,0.8263902002519963
2026-06-04 08:00:00,38,-0.8954160084128926,-2.1621784054506348,-0.28313598938978163,-1.9712862164050744,0.6195767514027875
2026-06-04 12:00:00,38,0.7262128245495489,-1.2878419121473834,0.41046212859153,-1.2251129804037113,-0.8954160084128926
2026-06-04 16:00:00,38,-0.4381668492275672,-0.8242614997797525,-0.3319564072857126,-1.830284842676198,0.7262128245495489
2026-06-04 20:00:00,38,0.12765510790476675,-1.4162062867552352,0.20112307122331902,-1.4651491150090497,-0.4381668492275672
2026-06-05 00:00:00,38,-0.7527379904521592,-1.476866083243276,-0.05792308067197885,-1.5715274062864601,0.12765510790476675
2026-06-05 04:00:00,38,0.45297480854696737,-0.8908411486295017,0.3451408892036213,-0.944251439674689,-0.7527379904521592
2026-06-05 08:00:00,38,1.2777571834065213,-1.3855828043208633,-0.20686183344537587,-1.321727021465641,0.45297480854696737
2026-06-05 12:00:00,38,-2.169900587561642,-2.1101520844340023,-0.5844659501913485,-2.3865150120850664,1.2777571834065213
2026-06-05 16:00:00,38,1.9122274092056077,0.5471335605775737,0.993950135228159,-0.5782809309321166,-2.169900587561642
2026-06-05 20:00:00,38,-0.2622066592187462,-1.8466465891301511,-0.8749408397102689,-2.1717893119432183,1.9122274092056077
2026-06-06 00:00:00,38,0.8985348826934807,0.14897968243491597,0.12056449703937322,-1.9532857453639831,-0.2622066592187462
2026-06-08 04:00:00,38,-2.909071676365757,-2.038460669744183,-0.4108493620149739,-2.70205801968135,0.8985348826934807
2026-06-08 08:00:00,38,0.04229698424137851,0.04043100799342124,1.3323594594569472,-0.27785362069900543,-2.909071676365757
2026-06-08 12:00:00,38,1.4271082122286973,0.14821250414257084,-0.018844191651713724,-0.3131007877230001,0.04229698424137851
2026-06-08 16:00:00,38,-1.2524664997768582,0.0016348720477611788,-0.6528422456148573,-1.5023468396561874,1.4271082122286973
2026-06-08 20:00:00,38,-0.09198555043772139,-0.016546987280654797,0.5739279585302017,-0.45863422748356975,-1.2524664997768582
2026-06-09 00:00:00,38,0.3116786862727121,0.03146831824146344,0.04263340467852579,-0.381980297700542,-0.09198555043772139
2026-06-09 04:00:00,38,-0.4086966536161185,-0.23585517882766502,-0.14217325731026345,-0.6417101793909339,0.3116786862727121
2026-06-09 08:00:00,38,-0.2983673750596143,-0.10179102519869314,0.18763094587802773,-0.3011327252172027,-0.4086966536161185
2026-06-09 12:00:00,38,-0.06467115866499284,0.2543920685940434,0.13711969460687484,-0.0524955022128033,-0.2983673750596143
2026-06-09 16:00:00,38,1.1978689919955237,1.2393542328687936,0.030128255327400388,0.001396640973856833,-0.06467115866499284
2026-06-09 20:00:00,38,-1.2870582201014678,-0.6619025914481698,-0.5478913204760618,-0.996818460906292,1.1978689919955237
2026-06-10 00:00:00,38,0.9157904106714856,0.3146902659503167,0.5897648342904556,0.07572032329246348,-1.2870582201014678
2026-06-10 04:00:00,38,-0.8856041948391145,-0.4056641564303095,-0.4187493349044643,-0.6874314271893738,0.9157904106714856
2026-06-10 08:00:00,38,0.08323986196201894,0.09487486716605098,0.4059700573359657,0.050565371696055905,-0.8856041948391145
2026-06-10 12:00:00,38,0.8069203566277672,0.16496231396649955,-0.03758877161606297,-0.018800550490881918,0.08323986196201894
2026-06-10 16:00:00,38,0.9649122638411605,0.49667857988820163,-0.3689061497803097,-0.6912280791962591,0.8069203566277672
2026-06-10 20:00:00,38,-1.3268146724882648,-1.1894511109267953,-0.44123843571995996,-1.4953143358669774,0.9649122638411605
2026-06-11 00:00:00,38,0.8483846023732369,-0.1745184078499891,0.6079662417720669,-0.38964547531190163,-1.3268146724882648
2026-06-11 04:00:00,38,-1.2588868596410308,-0.8303965963597019,-0.38788942387600334,-1.0966262285917345,0.8483846023732369
2026-06-11 08:00:00,38,-0.14394667646768156,-0.022638828527059597,0.5768673451970361,-0.0475633650821603,-1.2588868596410308
2026-06-11 12:00:00,38,0.6811323368421807,0.22652097925072937,0.06642238914004553,0.07239111013647204,-0.14394667646768156
2026-06-11 16:00:00,38,-0.26583488030604663,0.6433399298323667,-0.3113175354304342,-0.49521401993882286,0.6811323368421807
2026-06-11 20:00:00,38,0.7220877726167689,-0.13212663418094425,0.12222557911482675,-0.27368696322293395,-0.26583488030604663
2026-06-12 00:00:00,38,-0.9093638956606291,-0.7166696209953235,-0.33006786475729843,-0.875421313411163,0.7220877726167689
2026-06-12 04:00:00,38,0.11997350970558607,-0.005647306430967767,0.41684778837912034,-0.11762494350863939,-0.9093638956606291
2026-06-12 08:00:00,38,-0.1870277930341775,-0.2735194475752653,-0.05440627043013415,-0.21760196104056106,0.11997350970558607
2026-06-12 12:00:00,38,-0.27588729579028204,0.011266368760456849,0.08614590344561258,-0.06174688112316673,-0.1870277930341775
2026-06-12 16:00:00,38,1.614695887670175,1.1762506402145594,0.126827803393364,0.16815711248130505,-0.27588729579028204
2026-06-12 20:00:00,38,-2.457011191671194,-1.0383553466891466,-0.738724146897691,-1.1774105838082747,1.614695887670175
2026-06-13 00:00:00,38,3.631712726946178,2.575800438893867,1.1253958951980554,0.8700801630128012,-2.457011191671194
2026-06-15 04:00:00,38,-2.2147489512137692,-1.8536767625913062,-1.6621602983870598,-2.1563196469436754,3.631712726946178
2026-06-15 08:00:00,38,-0.6937717331961153,-0.30665268046620203,1.014482735415266,-0.3107122685509438,-2.2147489512137692
2026-06-15 12:00:00,38,0.07684909289987729,0.3720996955696876,0.3181447964551848,0.26742559624196716,-0.6937717331961153
2026-06-15 16:00:00,38,0.8919442468903309,1.2621070818150706,-0.03466293229093384,0.20338526661405432,0.07684909289987729
2026-06-15 20:00:00,38,-0.6165646173598098,-0.4118678652075283,-0.4078320191532687,-0.5398948610381442,0.8919442468903309
2026-06-16 00:00:00,38,-0.2677993750889307,0.04398962893070173,0.2827976240730925,-0.026095675612850755,-0.6165646173598098
2026-06-16 04:00:00,38,0.6096414891788111,0.23285925384486975,0.12312496947518614,0.19706844523354228,-0.2677993750889307
2026-06-16 08:00:00,38,-0.8455262429636168,-0.421030791309252,-0.27858740053643344,-0.3109615190593029,0.6096414891788111
2026-06-16 12:00:00,38,0.12496366768273326,0.3759957843192918,0.38762146008143306,0.39363728966035794,-0.8455262429636168
2026-06-16 16:00:00,38,0.8029774913365806,1.224172872345009,-0.056690878167665396,0.2895018448823503,0.12496366768273326
2026-06-16 20:00:00,38,-0.617452726623755,-0.3872093126554629,-0.3671010164371289,-0.37963999256242786,0.8029774913365806
2026-06-17 00:00:00,38,-1.1108876118389066,0.07781481861644968,0.2832042206789463,0.13489927720039496,-0.617452726623755
2026-06-17 04:00:00,38,1.29550058636128,0.9231563880769217,0.5091099258475917,1.0606305533576066,-1.1108876118389066
2026-06-17 08:00:00,38,0.014170894760626496,-0.2590716636830969,-0.5925892833335491,-0.018943472217678448,1.29550058636128
2026-06-17 12:00:00,38,-0.18337022391446212,-0.13026133694558276,-0.005967428641706333,-0.030752444026562742,0.014170894760626496
2026-06-17 16:00:00,38,1.0095459812990946,0.9651514037145164,0.08447138517390164,0.12205468928242347,-0.18337022391446212
2026-06-17 20:00:00,38,1.4728594582538115,-0.7840875923463247,-0.4616727660009173,-0.7192259944227075,1.0095459812990946
2026-06-18 00:00:00,38,-1.7071078535237039,-1.810338391307397,-0.6737882058728983,-1.9465977387456963,1.4728594582538115
2026-06-18 04:00:00,38,-0.7280426453788884,-0.48194661407152267,0.7820731032988495,-0.5240207697177421,-1.7071078535237039
2026-06-18 08:00:00,38,-0.7241650070151007,-0.09039241358665932,0.3338347989568246,0.0826759294090138,-0.7280426453788884
2026-06-18 12:00:00,38,0.436436174144772,0.6193410786502359,0.33205952798347516,0.6861412925547672,-0.7241650070151007
2026-06-18 16:00:00,38,1.6561951882422346,1.2248831741147925,-0.19929007072834526,0.32244778103616234,0.436436174144772
2026-06-18 20:00:00,38,-1.3898407191174798,-0.8994287213681124,-0.7577234698897185,-1.0577023519182855,1.6561951882422346
2026-06-19 00:00:00,38,-0.5331843784782002,0.17491054793340385,0.6368209983658505,0.10048773756707341,-1.3898407191174798
2026-06-19 04:00:00,38,0.8168391956295356,0.5759840181254584,0.2446242556590066,0.5448040211006138,-0.5331843784782002
2026-06-19 08:00:00,38,-0.6669288523705887,-0.22842872634517344,-0.3734472197092665,-0.13588913176804418,0.8168391956295356
2026-06-19 12:00:00,38,0.3710370322553569,0.42321894574775826,0.3058555155321215,0.4198798686523322,-0.6669288523705887
2026-06-19 16:00:00,38,0.5806047777650871,1.0957562747794485,-0.16934885718907408,0.11068514750249925,0.3710370322553569
2026-06-19 20:00:00,38,0.8387744878091361,1.260966756448998,-0.26529373410902707,-0.3731477768504199,0.5806047777650871
2026-06-22 04:00:00,38,0.12686670313065562,-1.10123821757844,-0.38348969501125546,-1.0721201739971633,0.8387744878091361
2026-06-22 08:00:00,38,-1.9687022699804544,-1.3378624272417738,-0.05756213104764039,-1.177841467257954,0.12686670313065562
2026-06-22 12:00:00,38,0.09517137320047553,0.3269396394300851,0.9018369726330477,0.46272887067726565,-1.9687022699804544
2026-06-22 16:00:00,38,1.3474437898568041,1.2064667406885554,-0.0430512886387009,0.3834201126826837,0.09517137320047553
2026-06-22 20:00:00,38,-1.262357546374643,-0.8116185532752563,-0.6163700624514632,-0.739439523018369,1.3474437898568041
2026-06-23 00:00:00,38,0.5510803023769846,0.1581680204035634,0.5784563044649531,0.3125155531910391,-1.262357546374643
2026-06-23 04:00:00,38,-0.6190170343603008,-0.2775993139286271,-0.2517767582483207,-0.1467138649317068,0.5510803023769846
2026-06-23 08:00:00,38,1.7930832984328848,0.037107332060230855,0.2839203963140983,0.36912898278249706,-0.6190170343603008
2026-06-23 12:00:00,38,-1.9289603938886408,-1.1962902830412112,-0.8203939579082915,-1.125093540202272,1.7930832984328848
2026-06-23 16:00:00,38,1.4011564098233489,1.2594916464128891,0.8836422385105679,0.4823588681788902,-1.9289603938886408
2026-06-23 20:00:00,38,-0.8008908921861213,-0.792194207782167,-0.6409609206448538,-0.6852608779937057,1.4011564098233489
2026-06-24 00:00:00,38,-0.2013130907218521,-0.18060412024130837,0.36718638202965864,-0.017857857395741306,-0.8008908921861213
2026-06-24 04:00:00,38,-0.711851545488388,-0.026697337930448962,0.09268603740122262,0.1499015292379795,-0.2013130907218521
2026-06-24 08:00:00,38,-0.42049323911089864,0.35242131655434483,0.3264221454379624,0.743105767557461,-0.711851545488388
2026-06-24 12:00:00,38,2.3681478327790177,0.8186011986718648,0.19303169082863766,1.0935136204393974,-0.42049323911089864
2026-06-24 16:00:00,38,-0.18576879012684522,-0.0409125152228847,-1.083671571716033,-0.8799249992770335,2.3681478327790177
2026-06-24 20:00:00,38,0.5502056559159545,-0.8695532112250536,0.08556950330019875,-0.7251190789286817,-0.18576879012684522
2026-06-25 00:00:00,38,-2.0874641785503822,-1.2555522579731602,-0.25137632521962205,-1.1836196316145209,0.5502056559159545
2026-06-25 04:00:00,38,1.2791139821388366,0.357215074807273,0.9562088735799489,0.5559180654015279,-2.0874641785503822
2026-06-25 08:00:00,38,-1.6282172299859887,-0.7868565286740051,-0.585087123488129,-0.5100005805682422,1.2791139821388366
2026-06-25 12:00:00,38,1.0784408765613307,0.624270475010339,0.7459551828285308,0.8468347987380369,-1.6282172299859887
2026-06-25 16:00:00,38,3.4206338605228446,0.7341861494853067,-0.49321441488524614,-0.05185777671215597,1.0784408765613307
2026-06-25 20:00:00,38,-2.5154971471789658,-2.7622756365090204,-1.5655235959683202,-2.902360127464428,3.4206338605228446
2026-06-26 00:00:00,38,-0.33640416682107954,-0.773997219201311,1.152172094889904,-0.8061315266494109,-2.5154971471789658
2026-06-26 04:00:00,38,1.3950991498628742,-0.49759102445364145,0.1545338023700097,-0.5257972648059717,-0.33640416682107954
2026-06-26 08:00:00,38,-1.2280405096397153,-1.7012222585108219,-0.6381877693664147,-1.6883693401489808,1.3950991498628742
2026-06-26 12:00:00,38,0.3347669102135402,-0.5881791204449841,0.5627451850950247,-0.6650115350514287,-1.2280405096397153
2026-06-26 16:00:00,38,0.8630123216716132,0.11086537262188284,-0.15274357097620977,-0.9439814287692894,0.3347669102135402
2026-06-26 20:00:00,38,-1.512961303286497,-1.476399704020929,-0.3945863262275018,-1.6631518375183543,0.8630123216716132
2026-06-27 00:00:00,38,0.738463194962808,1.4140510707992366,0.6931884000653673,-0.40236219224594905,-1.512961303286497
2026-06-29 04:00:00,39,0.35093677068926965,-0.776654936160286,-0.34430490238241673,-0.743504903657688,0.738463194962808
2026-06-29 08:00:00,39,-1.7594266573126376,-1.217664112666519,-0.16156699409993086,-0.9793295709524585,0.35093677068926965
2026-06-29 12:00:00,39,1.8428946384146272,0.3942142823994757,0.8335739160247314,0.20298086427315631,-1.7594266573126376
2026-06-29 16:00:00,39,0.449395171567863,-0.11935510164767688,-0.8650990448621947,-1.0354189024707319,1.8428946384146272
2026-06-29 20:00:00,39,-1.003792428526797,-1.5103101813270832,-0.20799500804277565,-1.337406256519488,0.449395171567863
2026-06-30 00:00:00,39,-1.3794628255998838,-0.6077780113955831,0.4772549407346568,-0.6628715959725033,-1.003792428526797
2026-06-30 04:00:00,39,0.41393961915273536,0.5534088793277707,0.6544021448084885,0.26410838749761467,-1.3794628255998838
2026-06-30 08:00:00,39,-0.521959750615947,-0.024298966246054883,-0.19127595850315723,-0.014053324582567583,0.41393961915273536
2026-06-30 12:00:00,39,0.7241776135655886,0.5977265015268879,0.2500469616435914,0.33669642526127497,-0.521959750615947
2026-06-30 16:00:00,39,0.40843986902196505,0.9658026402912845,-0.33756854300248346,-0.14994093806204312,0.7241776135655886
2026-06-30 20:00:00,39,-1.2014615136740314,-0.3379528145554575,-0.18868255384215302,-0.4244068939458998,0.40843986902196505
2026-07-01 00:00:00,39,0.873803471648781,0.5981265742358413,0.5704657075091607,0.38295866416634006,-1.2014615136740314
2026-07-01 04:00:00,39,0.5266743164630387,0.07055175973873577,-0.408124548008725,-0.20422521108805647,0.873803471648781
2026-07-01 08:00:00,39,-0.8893301529934998,-0.7011519923920542,-0.24443595350469224,-0.5581430841244206,0.5266743164630387
2026-07-01 12:00:00,39,-0.175599625800686,0.23122830831045532,0.4232803070115016,0.03947450673953945,-0.8893301529934998
2026-07-01 16:00:00,39,1.6479271284374644,1.2345650783992905,0.0867210030593437,0.15747503216239167,-0.175599625800686
2026-07-01 20:00:00,39,-1.6430271865161163,-1.0135751786677127,-0.7731622046246289,-0.9499092582512478,1.6479271284374644
2026-07-02 00:00:00,39,1.4464230317006894,0.2753643249485736,0.7786857987604218,0.15418233880598997,-1.6430271865161163
2026-07-02 04:00:00,39,-1.2773888922477692,-0.7848868764182519,-0.6781430398875204,-0.8177939791738957,1.4464230317006894
2026-07-02 08:00:00,39,-0.12631212226260224,-0.19191314902760784,0.606269228179905,0.040593729611092755,-1.2773888922477692
2026-07-02 12:00:00,39,0.19965009374913656,0.1019577919621168,0.06347950328833041,0.12547373277909735,-0.12631212226260224
2026-07-02 16:00:00,39,1.3165171576360066,0.18744661173966448,-0.09022783072062514,-0.008688375230519796,0.19965009374913656
2026-07-02 20:00:00,39,-1.719676438939862,-1.3966085860233646,-0.6168859843339822,-0.8933697384219101,1.3165171576360066
2026-07-03 00:00:00,39,0.4844595826578857,-0.1091113772697122,0.8148297187152705,0.2622290985740783,-1.719676438939862
2026-07-03 04:00:00,39,-0.5404555007136871,-0.45481726143646467,-0.22452961506927635,-0.06332105587017445,0.4844595826578857
2026-07-03 08:00:00,39,-0.013158206907167624,-0.26358737832562934,0.2587686241503806,0.2998575828148109,-0.5404555007136871
2026-07-03 12:00:00,39,0.4301882770801395,0.08348372006958038,0.01012182620917925,0.30869971628513326,-0.013158206907167624
2026-07-03 16:00:00,39,0.2815802913837988,0.6059512468754383,-0.19893800572385362,0.019619130294444176,0.4301882770801395
2026-07-03 20:00:00,39,1.681933814807417,1.0299886186169154,-0.128861977976506,-0.16959893996341613,0.2815802913837988
2026-07-06 04:00:00,39,-2.675955174428376,-1.7240911912609267,-0.7891980420427175,-1.2998352543563056,1.681933814807417
2026-07-06 08:00:00,39,-0.011151428437216282,0.0261311676148231,1.2657625194546704,0.49836969711071255,-2.675955174428376
2026-07-06 12:00:00,39,1.6768916893195236,0.33826448684712146,0.00917553073868925,0.5058633031409467,-0.011151428437216282
2026-07-06 16:00:00,39,0.3713768218668516,0.04219929583600741,-0.7868204300729461,-0.620984772500826,1.6768916893195236
2026-07-06 20:00:00,39,-1.6637006952445983,-1.363490404732988,-0.17120549089245357,-0.8705448721328057,0.3713768218668516
2026-07-07 00:00:00,39,1.1253452877372716,-0.10745485570608988,0.7884343823543908,0.2474390375143436,-1.6637006952445983
2026-07-07 04:00:00,39,-1.0616071353107532,-0.859599824336681,-0.526738976440947,-0.5087774671031182,1.1253452877372716
2026-07-07 08:00:00,39,-0.09225703722556311,-0.22275267871076115,0.5045174392996787,0.20460787861228624,-1.0616071353107532
2026-07-07 12:00:00,39,0.6961603181581903,0.05565359241724998,0.047420843500893414,0.2666033345646177,-0.09225703722556311
2026-07-07 16:00:00,39,0.6731309869866298,0.3871397854635104,-0.3243570001558811,-0.20120679285813559,0.6961603181581903
2026-07-07 20:00:00,39,-0.7065783627257343,-0.9623754737371283,-0.3134975295653927,-0.6535415275174348,0.6731309869866298
2026-07-08 00:00:00,39,-0.44291679558609687,-0.37620065614372306,0.3371037838208186,-0.17873061790483824,-0.7065783627257343
2026-07-08 04:00:00,39,0.04677018030511171,-0.05847356623527363,0.21277429231865808,0.11890335687987097,-0.44291679558609687
2026-07-08 08:00:00,39,1.1042788257765164,-0.29385603884047545,-0.018137377395953037,0.08747444110080771,0.04677018030511171
2026-07-08 12:00:00,39,-1.1954735591444212,-0.5901283835911515,-0.516805095929863,-0.6545856917770516,1.1042788257765164
2026-07-08 16:00:00,39,0.06918821335889369,0.8883895408983135,0.5676420902869729,0.14875604351961869,-1.1954735591444212
2026-07-08 20:00:00,39,0.03347520078551014,-0.08899164807199715,-0.028708590638341164,0.1022625188768913,0.06918821335889369
2026-07-09 00:00:00,39,-0.5287655388743477,-0.03826259953828572,-0.011868135878745937,0.07976764587636964,0.03347520078551014
2026-07-09 04:00:00,39,0.8898552965842335,0.3495954197319124,0.2532562279868738,0.43509079151616525,-0.5287655388743477
2026-07-09 08:00:00,39,-0.2524847105268897,-0.6109981717836239,-0.4156937787220112,-0.16287968859426272,0.8898552965842335
2026-07-09 12:00:00,39,-0.08370481714732314,-0.12383446999405867,0.12297612962865088,0.006786552820321035,-0.2524847105268897
2026-07-09 16:00:00,39,-0.18176793991083962,0.7328638183039509,0.04338804803101359,0.06303503489293583,-0.08370481714732314
2026-07-09 20:00:00,39,-0.15389218088892065,-0.12439390691813199,0.08962966875931977,0.1851805822806849,-0.18176793991083962
2026-07-10 00:00:00,39,-0.7085535663979545,0.0072527316035386254,0.07648486733061385,0.28859400426583726,-0.15389218088892065
2026-07-10 04:00:00,39,1.239014493723058,0.5721779644479325,0.3380351902098669,0.764732223490153,-0.7085535663979545
2026-07-10 08:00:00,39,-0.35344156056890697,-0.669450452890638,-0.5803396385813738,-0.06786841901804586,1.239014493723058
2026-07-10 12:00:00,39,-0.3321950031744709,-0.14470043311980044,0.17058228613281928,0.1696394325120174,-0.35344156056890697
2026-07-10 16:00:00,39,0.9501170999784474,0.8977244986020934,0.16056348170227935,0.39286989065619693,-0.3321950031744709
2026-07-10 20:00:00,39,-1.0420894678956518,-0.6588556316811784,-0.4441102045753772,-0.24559568977703705,0.9501170999784474
