timestamp,fold,y,pred,pred_ar1,pred_level,last_diff
2023-07-03 04:00:00,0,0.9109294440733677,0.4915112732521568,0.05692001896646408,1.036518351206409,-0.8369635987752311
2023-07-03 08:00:00,0,1.2851962315972258,1.1347195679144264,-0.06462246953447905,0.4338864079192142,0.9109294440733677
2023-07-03 12:00:00,0,0.5025042147233183,-0.0828153019423066,-0.09064769854092214,-0.4163444278407038,1.2851962315972258
2023-07-03 16:00:00,0,-1.1538513969852051,-0.31858010508085055,-0.03622197961613035,-0.7487797151167292,0.5025042147233183
2023-07-03 20:00:00,0,-0.17470374909698805,-0.5966324933061216,0.07895530981426975,0.01455899805569949,-1.1538513969852051
2023-07-04 00:00:00,0,-2.0095149173207005,-0.7466095507872766,0.010868739974602798,0.13013552322222566,-0.17470374909698805
2023-07-04 04:00:00,0,1.3645596305374,1.2059310622328956,0.1384552168632515,1.4595446092590212,-2.0095149173207005
2023-07-04 08:00:00,0,1.1544852430141699,1.446095876003133,-0.09616635715824888,0.5568103445668608,1.3645596305374
2023-07-04 12:00:00,0,-0.6266368053945595,0.2932209165765465,-0.0815585046158113,-0.2069476940172823,1.1544852430141699
2023-07-04 16:00:00,0,-0.24113884390987295,0.8812274001966466,0.042294614986224756,0.20760840385300128,-0.6266368053945595
2023-07-04 20:00:00,0,1.1432517762653571,-0.2840224235893171,0.015488408655356023,0.3671355451183249,-0.24113884390987295
2023-07-05 04:00:00,0,-1.3404400404553822,-0.9132506338870268,-0.08077736785877143,-0.3891909125231514,1.1432517762653571
2023-07-05 08:00:00,0,2.296372289713501,1.4217962221356018,0.0919300442502057,0.4975868634014269,-1.3404400404553822
2023-07-05 12:00:00,0,-0.8814824383793418,-0.6221473400055519,-0.16096141419925028,-1.0215947861374524,2.296372289713501
2023-07-05 16:00:00,0,-0.8593320665091149,0.11317682314530855,0.06001570641301378,-0.4384437218369186,-0.8814824383793418
2023-07-05 20:00:00,0,-1.1323056264730234,-0.19758990402431692,0.058475445508982093,0.1300536042059086,-0.8593320665091149
2023-07-06 00:00:00,0,-0.08094152912301666,0.4698444724929648,0.07745709081543846,0.8791385575093891,-1.1323056264730234
2023-07-06 04:00:00,0,1.3195303161074605,0.8467246528762146,0.00434883671757242,0.9326860098454581,-0.08094152912301666
2023-07-06 08:00:00,0,1.0482292587494744,1.1111834717930642,-0.0930351730427799,0.0597412128627397,1.3195303161074605
2023-07-06 12:00:00,0,0.625369068125492,-0.0784390574371017,-0.07416982783236191,-0.6337224130202479,1.0482292587494744
2023-07-06 16:00:00,0,0.90759903327206,-0.49781145290384443,-0.044765580205939015,-1.047439830157348,0.625369068125492
2023-07-06 20:00:00,0,-2.950137565612984,-2.591539753968072,-0.06439088418766534,-1.6478685161602442,0.90759903327206
2023-07-07 00:00:00,0,-0.2532661212239766,-0.4930162686604561,0.203862890337065,0.30381626656011385,-2.950137565612984
2023-07-07 04:00:00,0,-0.0665916082329332,-0.026609281507480775,0.01633169793414107,0.47136629559367194,-0.2532661212239766
2023-07-07 08:00:00,0,1.4963765689308968,1.3076718965328624,0.0033509924261791928,0.5154204542742651,-0.0665916082329332
2023-07-07 12:00:00,0,0.839228232432637,0.5032447530478231,-0.10533245504076609,-0.47451825666680136,1.4963765689308968
2023-07-07 16:00:00,0,-0.894472675387604,-0.5702682910584146,-0.05963661314755475,-1.0297157462888684,0.839228232432637
2023-07-07 20:00:00,0,-2.3647815746473704,-1.348597021559619,0.060919002949756156,-0.4379708970108229,-0.894472675387604
2023-07-08 00:00:00,0,1.0574789652247993,0.41077987830113577,0.1631592419691146,1.1264674083391135,-2.3647815746473704
2023-07-10 04:00:00,0,0.0515879046031813,-0.22311375764958447,-0.07481302070249433,0.4268845724291275,1.0574789652247993
2023-07-10 08:00:00,0,0.9672425874052468,1.121586144995841,-0.004866805647163611,0.3927562220904761,0.0515879046031813
2023-07-10 12:00:00,0,-0.29635911306177753,0.06598491699616056,-0.06853829241841951,-0.24713008729443864,0.9672425874052468
2023-07-10 16:00:00,0,0.5643084034799859,0.45919842287152435,0.019328236816395106,-0.0510715787268925,-0.29635911306177753
2023-07-10 20:00:00,0,-2.128269290552998,-1.1672620395209228,-0.04051963096957078,-0.42439387280244567,0.5643084034799859
2023-07-11 00:00:00,0,-1.2122549395495064,0.19132933748677763,0.1467129887572915,0.9835780252945412,-2.128269290552998
2023-07-11 04:00:00,0,1.7765272721736025,1.3542753376262013,0.08301649189264639,1.785554023252713,-1.2122549395495064
2023-07-11 08:00:00,0,1.5946831016318619,1.3817360630393825,-0.12481317427969328,0.6102795941538428,1.7765272721736025
2023-07-11 12:00:00,0,-0.37534609640432137,-0.13242746995170523,-0.11216835422193218,-0.4446945124754951,1.5946831016318619
2023-07-11 16:00:00,0,-0.22036236204095871,0.40834832569865,0.024820720783829086,-0.1963815954290027,-0.37534609640432137
2023-07-11 20:00:00,0,-1.0969774108054366,-0.7485766673401129,0.014043683350810434,-0.050599285582615394,-0.22036236204095871
2023-07-12 00:00:00,0,0.3878413035586128,-0.09187629097063443,0.07500048784187285,0.6751140318613107,-1.0969774108054366
2023-07-12 04:00:00,0,-0.471391446002265,-0.1289560101475952,-0.028248713964241123,0.4185348204073218,0.3878413035586128
2023-07-12 08:00:00,0,0.7994868980843464,1.4902124498663538,0.031499385045832384,0.7303872311527861,-0.471391446002265
2023-07-12 12:00:00,0,2.653969668417089,0.7265097086796883,-0.056873137033955024,0.20148090788060102,0.7994868980843464
2023-07-12 16:00:00,0,-0.9699167368409753,-1.456433723464372,-0.1858275096773893,-1.5542718665073227,2.653969668417089
2023-07-12 20:00:00,0,-1.8889509806607538,-1.5261424273917399,0.06616512427804791,-0.9126164542774209,-0.9699167368409753
2023-07-13 00:00:00,0,0.3137638685912236,-0.18067015625723476,0.1300716141336254,0.3370326899631735,-1.8889509806607538
2023-07-13 04:00:00,0,-0.5473591610981714,-0.07217598394483721,-0.023097623155486677,0.12945993985322168,0.3137638685912236
2023-07-13 08:00:00,0,2.166694240296975,1.5447158473065254,0.03678191945276572,0.4915693403943173,-0.5473591610981714
2023-07-13 12:00:00,0,-1.0934377024415998,-0.4736617892736025,-0.15194404732172898,-0.9418228603238923,2.166694240296975
2023-07-13 16:00:00,0,0.5860676752405212,0.4302773565921101,0.074754348660263,-0.21845126247619362,-1.0934377024415998
2023-07-13 20:00:00,0,-1.8199072335903352,-1.5101799789878514,-0.0420326961130956,-0.6061685597112998,0.5860676752405212
2023-07-14 00:00:00,0,0.40492648295344225,-0.3455565038186351,0.1252705487202108,0.5978041957161047,-1.8199072335903352
2023-07-14 04:00:00,0,0.14807810988197545,-0.20424243470342532,-0.02943675875258146,0.32992216061632895,0.40492648295344225
2023-07-14 08:00:00,0,1.350645237838627,0.9705277275463778,-0.011576403647758958,0.23196001909476927,0.14807810988197545
2023-07-14 12:00:00,0,-0.13128362416619588,-0.36590573148937666,-0.09519879800381,-0.661569078757875,1.350645237838627
2023-07-14 16:00:00,0,-0.379286299469225,-0.0057149493372298295,0.007849453378833995,-0.5747174503822663,-0.13128362416619588
2023-07-14 20:00:00,0,-0.9101389396675277,-0.9405810611917406,0.025094708993615048,-0.3237978635817118,-0.379286299469225
2023-07-15 00:00:00,0,-1.1053415180811221,-0.5853630806811814,0.062008381246606716,0.278311115814736,-0.9101389396675277
2023-07-17 04:00:00,0,0.3505281717979081,0.5051306826277283,0.07558209918046992,1.0095577687482606,-1.1053415180811221
2023-07-17 08:00:00,0,2.2121680157985875,1.5343275019457694,-0.02565408673203441,0.7776633287103021,0.3505281717979081
2023-07-17 12:00:00,0,-0.8175521741453338,-0.417047059539853,-0.15510613773602097,-0.685812376144737,2.2121680157985875
2023-07-17 16:00:00,0,0.6603317826386821,0.3326270057366639,0.05557021506140295,-0.14495483920887686,-0.8175521741453338
2023-07-17 20:00:00,0,-0.7991466898972437,-1.2440919519459446,-0.04719676748256762,-0.5818020922808689,0.6603317826386821
2023-07-18 00:00:00,0,0.02108470124798245,-0.8420896547952815,0.05429036080102327,-0.0531208361884179,-0.7991466898972437
2023-07-18 04:00:00,0,0.5315564642593298,-0.6112522560500899,-0.0027457174843552867,-0.06706957236043465,0.02108470124798245
2023-07-18 08:00:00,0,0.46201899477052066,0.2183803760521257,-0.03824217342581706,-0.41872458483983266,0.5315564642593298
2023-07-18 12:00:00,0,0.6265533081702603,-0.35067928968609263,-0.03340677624845078,-0.7243765828794633,0.46201899477052066
2023-07-18 16:00:00,0,-1.1547428878738693,-0.6762388081732675,-0.04484792819777554,-1.1388774425588366,0.6265533081702603
2023-07-18 20:00:00,0,-1.8587580087184676,-0.9722213114037331,0.07901730103365671,-0.3749489571596438,-1.1547428878738693
2023-07-19 00:00:00,0,0.34374895588332066,0.22265457636901523,0.1279720983994567,0.854725808742895,-1.8587580087184676
2023-07-19 04:00:00,0,0.7917208666130264,0.25016248313017175,-0.02518268330393831,0.627316207884471,0.34374895588332066
2023-07-19 08:00:00,0,1.960000479813818,0.9159072788774237,-0.056333113835932244,0.10354755874022104,0.7917208666130264
2023-07-19 12:00:00,0,-1.430891998598085,-0.7484575913884632,-0.1375712719911524,-1.1931048940691795,1.960000479813818
2023-07-19 16:00:00,0,0.9202940044277295,0.4710813383686385,0.09821976325070607,-0.2464879729019991,-1.430891998598085
2023-07-19 20:00:00,0,-1.6047139557509755,-1.2993127068187067,-0.06527364894951433,-0.8553151086281865,0.9202940044277295
2023-07-20 00:00:00,0,-0.2643304133386728,-0.2990897279120851,0.11030674609837257,0.20629498188548112,-1.6047139557509755
2023-07-20 04:00:00,0,-0.3202772261990994,0.17247903100412001,0.017101070867241084,0.38116467316242897,-0.2643304133386728
2023-07-20 08:00:00,0,1.592481160771385,1.703104328609701,0.02099142038638029,0.5930463819717566,-0.3202772261990994
2023-07-20 12:00:00,0,0.1960775138264328,0.22422760457938515,-0.1120152388051684,-0.46047101480108665,1.592481160771385
2023-07-20 16:00:00,0,0.5097073974938926,0.328841652239211,-0.014914117603335738,-0.5901875081704997,0.1960775138264328
2023-07-20 20:00:00,0,-1.8624306457469508,-1.6145618601781129,-0.03672286424556734,-0.9273881129572565,0.5097073974938926
2023-07-21 00:00:00,0,-0.37191827195397664,-0.45246075107054806,0.12822748098458048,0.30471631245828057,-1.8624306457469508
2023-07-21 04:00:00,0,-0.699895881345018,0.1777275268746016,0.024582361625902417,0.5507615275184161,-0.37191827195397664
2023-07-21 08:00:00,0,1.6171235163647388,1.933795469736645,0.04738879991517615,1.0137826954231404,-0.699895881345018
2023-07-21 12:00:00,0,0.4246315031757941,0.46070597931464197,-0.11372878371204678,-0.05603702941145983,1.6171235163647388
2023-07-21 16:00:00,0,-0.06507485590491591,0.26775641137596795,-0.03080697828837345,-0.33695506275058307,0.4246315031757941
2023-07-21 20:00:00,0,-1.0370871769611512,-0.9561685573875164,0.0032455226703831633,-0.2939043225113043,-0.06507485590491591
2023-07-22 00:00:00,0,-0.553979414568925,-0.4370796223269478,0.0708359263498981,0.3921881788086914,-1.0370871769611512
2023-07-24 04:00:00,0,1.088741641895421,0.20562151405214,0.03724226917761561,0.758677255778176,-0.553979414568925
2023-07-24 08:00:00,0,2.723069902797631,0.565830232355874,-0.07698692003534777,0.03841237065246794,1.088741641895421
2023-07-24 12:00:00,0,-1.9296307545155162,-1.6289400998929162,-0.1906325030246493,-1.7630541621360365,2.723069902797631
2023-07-24 16:00:00,0,0.7413719468665843,-0.152447310183283,0.13290034611250293,-0.48649302012209716,-1.9296307545155162
2023-07-24 20:00:00,0,-2.3764593092095883,-1.755700377407636,-0.05283202260820835,-0.9769529782951434,0.7413719468665843
2023-07-25 00:00:00,0,0.21073571836496185,-0.14342969705525488,0.16397127158646024,0.5952108165734451,-2.3764593092095883
2023-07-25 04:00:00,0,0.14681828830639176,0.007409839936153066,-0.015933398882506642,0.4557970822776074,0.21073571836496185
2023-07-25 08:00:00,0,0.8357946919999772,1.1453111949325099,-0.011488799975446108,0.35866838480512264,0.14681828830639176
2023-07-25 12:00:00,0,0.632642966509394,0.23871114467147658,-0.05939785651981857,-0.19425762138125968,0.8357946919999772
2023-07-25 16:00:00,0,0.11956521315071811,-0.03217010036731339,-0.04527138215663596,-0.6127871384530845,0.632642966509394
2023-07-25 20:00:00,0,-1.80811917136562,-1.5217615010327752,-0.009593714582620547,-0.6918863675090297,0.11956521315071811
2023-07-26 00:00:00,0,-0.3959150006555845,-0.32301922535753125,0.12445084729553958,0.5042879103389222,-1.80811917136562
2023-07-26 04:00:00,0,0.015173854200924097,0.3901699183197942,0.026251011852647475,0.76620833433436,-0.3959150006555845
2023-07-26 08:00:00,0,1.0316360231932684,1.570487333974765,-0.002334697449584113,0.7561699616549475,0.015173854200924097
2023-07-26 12:00:00,0,0.6509229762416684,0.5646514774784772,-0.0730159911316352,0.07368371042344002,1.0316360231932684
2023-07-26 16:00:00,0,-0.41595657581142653,0.2429227117555192,-0.04654251134945039,-0.35693907892094323,0.6509229762416684
2023-07-26 20:00:00,0,2.175215117671721,-0.39313246924072665,0.027644634264434094,-0.0817600063426962,-0.41595657581142653
2023-07-27 00:00:00,0,-2.92377479814156,-2.493559324292573,-0.1525365599154345,-1.5207892549401496,2.175215117671721
2023-07-27 04:00:00,0,1.6498090170849586,0.06349989088209089,0.20202971388764876,0.41345504883302375,-2.92377479814156
2023-07-27 08:00:00,0,-0.2862829051823219,0.1564669692979556,-0.11600162135030437,-0.6779880047286184,1.6498090170849586
2023-07-27 12:00:00,0,1.6091360714742837,0.006213306404366535,0.018627571872774796,-0.4885954841526434,-0.2862829051823219
2023-07-27 16:00:00,0,-0.25301002404620476,-0.8112731268504373,-0.11317336418410594,-1.5531310572150598,1.6091360714742837
2023-07-27 20:00:00,0,-1.0817889920514894,-2.0802206641127072,0.016313889814581456,-1.3857504511164116,-0.25301002404620476
2023-07-28 00:00:00,0,-1.2074452168154206,-1.3904007122630546,0.07394433728431896,-0.6700851416369886,-1.0817889920514894
2023-07-28 04:00:00,0,0.8166838244481287,-0.233489205894971,0.08268204026673476,0.12870894955905676,-1.2074452168154206
2023-07-28 08:00:00,0,1.0119127956258716,0.2824120769403997,-0.058068952323324895,-0.41157412437213914,0.8166838244481287
2023-07-28 12:00:00,0,-0.28915965424118006,-0.8259397125427717,-0.07164450551950358,-1.0810123321638745,1.0119127956258716
2023-07-28 16:00:00,0,0.07428356686972393,-0.5322950697402389,0.01882761113766971,-0.8897166775010952,-0.28915965424118006
2023-07-28 20:00:00,0,-1.4330318275617948,-1.7930398272191204,-0.00644498417550019,-0.9388595068917329,0.07428356686972393
2023-07-29 00:00:00,0,-0.21255055247584664,-0.9173494182814336,0.09836855961915653,0.009173033558688815,-1.4330318275617948
2023-07-31 04:00:00,1,-0.19023279686958006,-0.0031255707803782406,0.03033400220048872,0.16144816377370574,-0.21255055247584664
2023-07-31 08:00:00,1,1.5741945847722167,1.271621321415024,0.02777896699022027,0.2867643061625067,-0.19023279686958006
2023-07-31 12:00:00,1,-0.8482186901043018,-0.05606443190181783,-0.17422047083813935,-0.750238755240412,1.5741945847722167
2023-07-31 16:00:00,1,0.5710162203203062,0.59736893226511,0.10310809751455488,-0.19147341143470165,-0.8482186901043018
2023-07-31 20:00:00,1,-1.9410555869333201,-0.9875532801810006,-0.05937218194324495,-0.5676312094038529,0.5710162203203062
2023-08-01 00:00:00,1,-0.13569547988947406,0.2860068469339555,0.22822089110095967,0.7110420915174238,-1.9410555869333201
2023-08-01 04:00:00,1,-0.117112306695212,0.8302251363418872,0.021535294122030237,0.8004316939370533,-0.13569547988947406
2023-08-01 08:00:00,1,2.739947148663168,1.9914060366108417,0.019407810397075183,0.8775796029348886,-0.117112306695212
2023-08-01 12:00:00,1,-0.3626777542131965,-0.1944342787953397,-0.3076809719633407,-0.9273647214397478,2.739947148663168
2023-08-01 16:00:00,1,-0.45272058100479384,0.12613446391375363,0.0475212271717264,-0.6884502028281609,-0.3626777542131965
2023-08-01 20:00:00,1,-0.5678084334389837,-0.6696629170120775,0.0578297275847355,-0.3902198360085407,-0.45272058100479384
2023-08-02 00:00:00,1,1.1535579831382936,-0.39193087368235247,0.07100549312457179,-0.01617517249458089,-0.5678084334389837
2023-08-02 04:00:00,1,-0.6284426503972025,-1.2991083266373589,-0.1260641352789954,-0.7760832369688853,1.1535579831382936
2023-08-02 08:00:00,1,0.2755666134658892,0.4609793831655936,0.07794716602432365,-0.36209569141246156,-0.6284426503972025
2023-08-02 12:00:00,1,-0.1485405448088688,0.03168309173652638,-0.025547806334389148,-0.5436256144276097,0.2755666134658892
2023-08-02 16:00:00,1,0.75590082725728,0.3956517083472977,0.023005853873926715,-0.44577430608281254,-0.1485405448088688
2023-08-02 20:00:00,1,-2.1266226347652104,-1.1312033664659247,-0.08053858813993128,-0.9437251182412876,0.75590082725728
2023-08-03 00:00:00,1,-0.735210158523099,0.31663823530281465,0.24946542614474873,0.4571907558400401,-2.1266226347652104
2023-08-03 04:00:00,1,1.3202355245091617,1.1978663690111748,0.09017038180762094,0.9415115587052707,-0.735210158523099
2023-08-03 08:00:00,1,1.043169704109065,1.3795337378592836,-0.14514611621277562,0.0718044119950747,1.3202355245091617
2023-08-03 12:00:00,1,1.0807220727875446,0.28847470971843914,-0.11342639765445477,-0.6153852068666925,1.043169704109065
2023-08-03 16:00:00,1,-0.6917395070039571,-0.429290006040725,-0.11772555864067673,-1.3273125053388544,1.0807220727875446
2023-08-03 20:00:00,1,-1.2166752197825978,-1.5134275208236412,0.08519366966845178,-0.871628059848117,-0.6917395070039571
2023-08-04 00:00:00,1,-1.6995617976441775,-0.7267949890124287,0.1452906280247927,-0.07014142036117832,-1.2166752197825978
2023-08-04 04:00:00,1,0.42142275317234024,0.803682585066234,0.20057361573955831,1.0494474819570705,-1.6995617976441775
2023-08-04 08:00:00,1,0.6035181575755857,1.7196124211442794,-0.042246061264610564,0.7718346065146129,0.42142275317234024
2023-08-04 12:00:00,1,2.7481910126907554,1.238389287437239,-0.06309314723896033,0.3742661082665446,0.6035181575755857
2023-08-04 16:00:00,1,-1.1471706237842412,-1.2908934310253786,-0.3086247659196307,-1.4361088739931436,2.7481910126907554
2023-08-04 20:00:00,1,-1.5922491521392015,-1.433034209717708,0.13733343496361314,-0.6804084921449309,-1.1471706237842412
2023-08-05 00:00:00,1,0.30945630251919454,-0.12265744737651246,0.18828799022194212,0.36848804279231295,-1.5922491521392015
2023-08-07 04:00:00,1,-0.373808408753856,-0.1157650907857841,-0.02942764758383501,0.16463323590434165,0.30945630251919454
2023-08-07 08:00:00,1,0.9799029646415605,1.4347445278546855,0.048795513653147236,0.41088009001354386,-0.373808408753856
2023-08-07 12:00:00,1,-0.24264523197963328,0.3961026511346625,-0.10618334195341617,-0.23463246862489662,0.9799029646415605
2023-08-07 16:00:00,1,-0.07987226523619384,0.48314690421837686,0.033779373999090576,-0.07478955540962318,-0.24264523197963328
2023-08-07 20:00:00,1,-0.46673333084322266,-0.4351089687095896,0.015144406010079766,-0.022173579994420933,-0.07987226523619384
2023-08-08 00:00:00,1,-0.9917286628716582,-0.18808658686343008,0.05943396906230667,0.28528770695520755,-0.46673333084322266
2023-08-08 04:00:00,1,1.0197267728418922,0.9828217788938814,0.11953775289362467,0.9385904621719288,-0.9917286628716582
2023-08-08 08:00:00,1,1.4267530712311345,1.2606105351439598,-0.11074254736609013,0.26684390970581795,1.0197267728418922
2023-08-08 12:00:00,1,-0.9427050804727148,0.045897358885916936,-0.1573407153107977,-0.6730318318606479,1.4267530712311345
2023-08-08 16:00:00,1,0.12270296675255032,0.7051755971306017,0.11392531670727149,-0.05202343562623746,-0.9427050804727148
2023-08-08 20:00:00,1,-0.5047349463836195,-0.5896810806280274,-0.00804730105898634,-0.13285420038460138,0.12270296675255032
2023-08-09 00:00:00,1,-0.36861302333944934,-0.258351430083245,0.06378456181301927,0.19964070822454438,-0.5047349463836195
2023-08-09 04:00:00,1,0.22617561308810252,0.38443126135639705,0.04820072298965431,0.4424650943415287,-0.36861302333944934
2023-08-09 08:00:00,1,0.7524647927670465,1.3230692530587216,-0.019893306515411234,0.2934715674574413,0.22617561308810252
2023-08-09 12:00:00,1,-0.25533017716067974,0.6241347717140364,-0.0801452157389996,-0.20221575178857876,0.7524647927670465
2023-08-09 16:00:00,1,0.4779469317116902,0.7967914084874258,0.03523160253630058,-0.03401661176772208,-0.25533017716067974
2023-08-09 20:00:00,1,0.14430814935116665,-0.43284562096047285,-0.04871719881748295,-0.3488648752337493,0.4779469317116902
2023-08-10 00:00:00,1,-1.795242614812583,-0.639948106282019,-0.010520757764831972,-0.44392808667542916,0.14430814935116665
2023-08-10 04:00:00,1,0.6592220388216106,1.1141404315219485,0.21152757818656578,0.7386906985308546,-1.795242614812583
2023-08-10 08:00:00,1,1.1981859027110087,1.6281652166873604,-0.06947037353550795,0.3044271843407067,0.6592220388216106
2023-08-10 12:00:00,1,0.9288533087375885,0.41810187855680847,-0.13117333657508354,-0.4848795895870701,1.1981859027110087
2023-08-10 16:00:00,1,-0.3910116185623629,-0.21637023741637249,-0.10033895192567911,-1.0967631102602695,0.9288533087375885
2023-08-10 20:00:00,1,-0.3257248768217327,-1.3467006984521928,0.05076501307619983,-0.8391836156948305,-0.3910116185623629
2023-08-11 00:00:00,1,-2.482988488735961,-1.2200834040110402,0.04329069859521433,-0.6246118609024567,-0.3257248768217327
2023-08-11 04:00:00,1,0.879251603803823,1.0671283749827878,0.2902637627112173,1.0110605579681575,-2.482988488735961
2023-08-11 08:00:00,1,0.34473537163655266,1.540913740436119,-0.09466032971872511,0.43185223537065376,0.879251603803823
2023-08-11 12:00:00,1,1.8395511223978822,0.9925275972595968,-0.03346655119809604,0.2047572883932407,0.34473537163655266
2023-08-11 16:00:00,1,-0.49425398079440264,-0.2804024689366833,-0.20459965899978982,-1.007049793137158,1.8395511223978822
2023-08-11 20:00:00,1,-1.347481754446017,-0.9621109228467505,0.06258465459158963,-0.6814592364471537,-0.49425398079440264
2023-08-12 00:00:00,1,-1.3237232250815545,-0.021954070275051217,0.1602659377151808,0.20619640540431838,-1.347481754446017
2023-08-14 04:00:00,1,0.16391220509476057,1.154813930825761,0.15754595636305263,1.0782010801366635,-1.3237232250815545
2023-08-14 08:00:00,1,2.3998510590511604,2.166064389517179,-0.012765116631943305,0.9702236673512132,0.16391220509476057
2023-08-14 12:00:00,1,-0.1905393289840216,-0.03400661149488464,-0.2687452698630228,-0.6106818440898589,2.3998510590511604
2023-08-14 16:00:00,1,0.5257786232728048,0.3910440723040752,0.0278140601402347,-0.4851637732074856,-0.1905393289840216
2023-08-14 20:00:00,1,-1.2601847592322937,-1.2047913262964498,-0.05419318207769181,-0.8315212357653969,0.5257786232728048
2023-08-15 00:00:00,1,-1.1746907508553086,-0.2942311275542273,0.150271792225969,-0.001372621420950182,-1.2601847592322937
2023-08-15 04:00:00,1,0.8381117777346354,0.8387716437390887,0.14048406063127195,0.7724566857195736,-1.1746907508553086
2023-08-15 08:00:00,1,0.7211233422958294,1.3783679514282041,-0.0899504607692874,0.2203492857094158,0.8381117777346354
2023-08-15 12:00:00,1,0.987632487433391,0.5815770184238324,-0.07655710809468257,-0.2546918056802401,0.7211233422958294
2023-08-15 16:00:00,1,-0.5519514263324456,-0.17310103133908594,-0.10706825185386128,-0.9052961991374833,0.987632487433391
2023-08-15 20:00:00,1,-1.0416021708733627,-0.7879460461968287,0.06919011293126483,-0.5416973630156612,-0.5519514263324456
2023-08-16 00:00:00,1,-1.9551932878834144,-0.10608414843980223,0.12524749231599652,0.14445964095846797,-1.0416021708733627
2023-08-16 04:00:00,1,1.604320513306444,1.6877733370190298,0.22983943753354064,1.4324461737433705,-1.9551932878834144
2023-08-16 08:00:00,1,0.7397043522511328,1.5861590624762463,-0.17766942016373233,0.3755976113967936,1.604320513306444
2023-08-16 12:00:00,1,-0.4678905178877013,0.6560504589224427,-0.07868434416248943,-0.11168374837772355,0.7397043522511328
2023-08-16 16:00:00,1,1.3157576065941026,1.188257401722646,0.0595664489449468,0.19653983728602142,-0.4678905178877013
2023-08-16 20:00:00,1,-0.24778698446434255,-0.5094544746433213,-0.1446334643967276,-0.6702174742312792,1.3157576065941026
2023-08-17 00:00:00,1,-1.6829084201346305,-0.6654119161263902,0.03436802452796494,-0.5069874237972645,-0.24778698446434255
2023-08-17 04:00:00,1,-0.5679232810812209,0.9149180999919889,0.19866706354598387,0.601631040922511,-1.6829084201346305
2023-08-17 08:00:00,1,1.9058547122319762,2.461715894015338,0.07101864138978758,0.9757513604943338,-0.5679232810812209
2023-08-17 12:00:00,1,-0.23139115169123592,0.8777357833114906,-0.2121903867406089,-0.2797333110272078,1.9058547122319762
2023-08-17 16:00:00,1,0.9844570439233102,0.9850886506691373,0.03249095719305792,-0.12730404020737573,-0.23139115169123592
2023-08-17 20:00:00,1,-0.8489225638743854,-1.1152408469979647,-0.1067047130590285,-0.7758166054541036,0.9844570439233102
2023-08-18 00:00:00,1,-0.4421191881525637,-0.7066500699547041,0.10318868009184785,-0.21658758373876452,-0.8489225638743854
2023-08-18 04:00:00,1,-0.8068786264837016,-0.9576966095325009,0.0566160333184657,0.07465909952023253,-0.4421191881525637
2023-08-18 08:00:00,1,0.44197488337832525,0.8558521854237408,0.09837530448604294,0.6061916139490346,-0.8068786264837016
2023-08-18 12:00:00,1,1.4200796066219006,0.4571852443835297,-0.04459895988258669,0.3150399916781179,0.44197488337832525
2023-08-18 16:00:00,1,-0.6569113483276663,-0.6046869538003556,-0.15657670761432999,-0.620439594993087,1.4200796066219006
2023-08-18 20:00:00,1,-0.5771560126202271,-1.255542902346164,0.08120638827256835,-0.1876982516573893,-0.6569113483276663
2023-08-19 00:00:00,1,0.023686261761895366,-0.8504050858269392,0.07207564526532483,0.19250414376685931,-0.5771560126202271
2023-08-21 04:00:00,1,-1.0485709374239818,-0.5623123546158413,0.0032885685561845836,0.17690078304012147,0.023686261761895366
2023-08-21 08:00:00,1,0.9895979057456863,1.3050066921624903,0.12604530748267812,0.8676484725096145,-1.0485709374239818
2023-08-21 12:00:00,1,0.7887007466076916,0.39529820906263125,-0.10729326162094605,0.2157493567693045,0.9895979057456863
2023-08-21 16:00:00,1,-0.40110674876885,-0.09306889319373904,-0.08429366774169625,-0.3038084518235191,0.7887007466076916
2023-08-21 20:00:00,1,-0.9106835503790052,-0.9380338773350877,0.05192074815928214,-0.039578774980325804,-0.40110674876885
2023-08-22 00:00:00,1,-0.37830870803125194,-0.2973221137844041,0.11025935054474544,0.5603353899187731,-0.9106835503790052
2023-08-22 04:00:00,1,0.8928712064269106,0.3837845530339291,0.049310727786384886,0.809546822977131,-0.37830870803125194
2023-08-22 08:00:00,1,0.7182124307644457,0.752293791109602,-0.09621956196706474,0.22136656657178833,0.8928712064269106
2023-08-22 12:00:00,1,0.4264286237780279,-0.023271939946783907,-0.07622385408886428,-0.2517569574480394,0.7182124307644457
2023-08-22 16:00:00,1,-0.15059471886760178,-0.11250571076764371,-0.04281915543596122,-0.5326674577161086,0.4264286237780279
2023-08-22 20:00:00,1,-1.680534370013289,-1.0908468878138105,0.023241024790782223,-0.4334629591061656,-0.15059471886760178
2023-08-23 00:00:00,1,0.09414067695401229,0.01642939422186568,0.19839527180500496,0.6735915965088726,-1.680534370013289
2023-08-23 04:00:00,1,-0.42828742845226486,0.33110184203181026,-0.004777364000411108,0.6115762833142959,0.09414067695401229
2023-08-23 08:00:00,1,3.790050669760177,1.683888072337257,0.055032512391105404,0.8937112739702631,-0.42828742845226486
2023-08-23 12:00:00,1,-1.8881485617428844,-1.0939054999273645,-0.4279014599982743,-1.602990331684282,3.790050669760177
2023-08-23 16:00:00,1,0.20596657105396154,0.12133447215512286,0.22216386123572684,-0.3591696135522806,-1.8881485617428844
2023-08-23 20:00:00,1,-1.2908209631280574,-1.14917765590695,-0.01757968614632148,-0.49485040345953557,0.20596657105396154
2023-08-24 00:00:00,1,-0.025236860283417428,-0.3004999961549195,0.15377916012817244,0.355479856494032,-1.2908209631280574
2023-08-24 04:00:00,1,0.12410664366433011,0.13728073555367687,0.008889503597651586,0.3721046763398501,-0.025236860283417428
2023-08-24 08:00:00,1,0.030569102728282616,1.3467078583408376,-0.00820800019005986,0.2903492372948264,0.12410664366433011
2023-08-24 12:00:00,1,1.9293822580796807,1.155797931213593,0.002500590529807251,0.2702117946811775,0.030569102728282616
2023-08-24 16:00:00,1,-1.1675593609065231,-0.1131602153696036,-0.21488392407978518,-1.000771683218801,1.9293822580796807
2023-08-24 20:00:00,1,-0.9113923316471926,-0.8113569807409534,0.13966762761987248,-0.23164018998291525,-1.1675593609065231
2023-08-25 00:00:00,1,0.5500755473378263,-0.24778023723347464,0.11034049495409139,0.368740885647604,-0.9113923316471926
2023-08-25 04:00:00,1,-0.9817892250706954,-0.1862735966249762,-0.056974801232528224,0.006377787648030875,0.5500755473378263
2023-08-25 08:00:00,1,1.8829378356743298,1.6194704917105613,0.1183998421646174,0.653132923194395,-0.9817892250706954
2023-08-25 12:00:00,1,-0.7953673493165052,-0.17858738164106203,-0.20956676151828943,-0.587255221266286,1.8829378356743298
2023-08-25 16:00:00,1,2.5746899010625164,0.4497118656123994,0.09705744264562169,-0.0633057780654731,-0.7953673493165052
2023-08-25 20:00:00,1,-2.399858181853112,-2.7509476018809647,-0.2887615925319629,-1.7593866408714796,2.5746899010625164
2023-08-26 00:00:00,1,-0.8494801530249934,-0.944694779097914,0.2807466381009603,-0.17847643727385787,-2.399858181853112
2023-08-28 04:00:00,2,-0.43479269857105507,-0.15052029843869805,0.14862053749258525,0.4623206999766811,-0.8494801530249934
2023-08-28 08:00:00,2,1.0240904897401713,1.479753732732173,0.07951754868317046,0.7671044639313127,-0.43479269857105507
2023-08-28 12:00:00,2,-0.20460640418346188,0.5742947760022656,-0.16358888618321626,0.049230969001540004,1.0240904897401713
2023-08-28 16:00:00,2,-0.5363328102093412,0.7017368692161661,0.04115959800416494,0.1926572735397869,-0.20460640418346188
2023-08-28 20:00:00,2,-0.5553765477547401,-0.021329931189416645,0.09643806345371461,0.5686192737417137,-0.5363328102093412
2023-08-29 00:00:00,2,0.8569592034977624,0.07183215154091714,0.09961148760328772,0.9579306747682779,-0.5553765477547401
2023-08-29 04:00:00,2,-0.1375745704199538,-0.10064149621375534,-0.1357383416855044,0.35721393675496493,0.8569592034977624
2023-08-29 08:00:00,2,1.2374479305387318,1.0161802706510716,0.029989498671080903,0.4536518381614041,-0.1375745704199538
2023-08-29 12:00:00,2,-0.013953080855529265,-0.10263682188708591,-0.19914249815183194,-0.4137823188678613,1.2374479305387318
2023-08-29 16:00:00,2,1.5690176716294815,0.12179219623818065,0.009389371229987809,-0.40400139909646704,-0.013953080855529265
2023-08-29 20:00:00,2,-1.482682414765918,-2.3841335998167756,-0.2543948571562919,-1.5038614318021732,1.5690176716294815
2023-08-30 00:00:00,2,-1.4604075332635098,-1.6064470805424984,0.25413655524816825,-0.46452123909227616,-1.482682414765918
2023-08-30 04:00:00,2,-1.0264915592086332,-0.007294188648406789,0.25042469738832807,0.5592045648565858,-1.4604075332635098
2023-08-30 08:00:00,2,2.4875616625058523,1.9999595395488114,0.17811749258314616,1.2787611768040055,-1.0264915592086332
2023-08-30 12:00:00,2,0.5585210682874528,-0.19394733695028024,-0.407459856930804,-0.4649856916680015,2.4875616625058523
2023-08-30 16:00:00,2,-0.40579971931262726,-0.6158026737206082,-0.0860069912522075,-0.8565013587895169,0.5585210682874528
2023-08-30 20:00:00,2,-1.376881309061206,-1.3101059819913043,0.07468619557680521,-0.5720412786862568,-0.40579971931262726
2023-08-31 00:00:00,2,-1.0356873036927041,-0.33299234339300965,0.23650599385787055,0.39313377893001444,-1.376881309061206
2023-08-31 04:00:00,2,0.8744832531460958,1.0096395722251812,0.17964985972218525,1.1191364826021388,-1.0356873036927041
2023-08-31 08:00:00,2,1.2462888119760898,1.4133760775888593,-0.13865852698105186,0.5061356242963271,0.8744832531460958
2023-08-31 12:00:00,2,0.48932244865950913,0.2221394710459095,-0.2006157313651096,-0.3674958702917568,1.2462888119760898
2023-08-31 16:00:00,2,0.14197905995250792,-0.14799599432067592,-0.07447582148466901,-0.7105042468815235,0.48932244865950913
2023-08-31 20:00:00,2,-1.3578228994103032,-1.6639417368674922,-0.01659496194805573,-0.8100296355030014,0.14197905995250792
2023-09-01 00:00:00,2,-0.050844189328234535,-0.9683639134118371,0.23333012476733875,0.14178573634237068,-1.3578228994103032
2023-09-01 04:00:00,2,-0.6726967835970576,-0.31656704351048787,0.015536858520899869,0.17742682104689855,-0.050844189328234535
2023-09-01 08:00:00,2,1.6778905517170966,1.4309452218702514,0.11916158215631714,0.6489781106124894,-0.6726967835970576
2023-09-01 12:00:00,2,0.19637469412685604,0.873006117327993,-0.2725372951141754,-0.5272003292208876,1.6778905517170966
2023-09-01 16:00:00,2,0.4895523027626165,-0.30576514205774746,-0.025659381088925886,-0.6648563170470982,0.19637469412685604
2023-09-01 20:00:00,2,-2.4524244642946122,-1.768320159118646,-0.07451412407941652,-1.0080258182347155,0.4895523027626165
2023-09-02 00:00:00,2,-0.21799122546362426,0.17625420513154783,0.4157331342544997,0.7110903525258596,-2.4524244642946122
2023-09-04 04:00:00,2,0.3827194733926227,0.5792756096195,0.043390027560701754,0.8638992346074605,-0.21799122546362426
2023-09-04 08:00:00,2,1.095779761460813,1.3318190475411849,-0.0567116375726712,0.5956180927605619,0.3827194733926227
2023-09-04 12:00:00,2,-0.9118849083487977,0.25370335873635347,-0.17553509504065556,-0.17250860591893336,1.095779761460813
2023-09-04 16:00:00,2,0.7531307668784297,1.1327630136334972,0.15901958637259933,0.46671030362894506,-0.9118849083487977
2023-09-04 20:00:00,2,-1.9191551449517785,-0.7584776171870327,-0.11843650335703924,-0.0612241134705922,0.7531307668784297
2023-09-05 04:00:00,2,1.5078612676346772,1.039958942704185,0.32686981463592835,1.2840775224898522,-1.9191551449517785
2023-09-05 08:00:00,2,1.3884832541755703,0.8997569964894976,-0.24420383195047288,0.227087296615597,1.5078612676346772
2023-09-05 12:00:00,2,-0.21678681631450125,-0.25823695949612696,-0.22431083195842433,-0.7462205666176338,1.3884832541755703
2023-09-05 16:00:00,2,0.48065266622685243,-0.16847704172714736,0.04318932635534844,-0.5942559589569623,-0.21678681631450125
2023-09-05 20:00:00,2,-2.1353306686399343,-1.6543901655499416,-0.0730310999914354,-0.9311869360614651,0.48065266622685243
2023-09-06 00:00:00,2,-0.28651951552739163,-0.23720023374787322,0.3628930283450648,0.5656507997485765,-2.1353306686399343
2023-09-06 04:00:00,2,0.8456697183635136,0.5579105115373175,0.05480949446413287,0.7664970804609581,-0.28651951552739163
2023-09-06 08:00:00,2,0.5627525416749428,0.8079937198014566,-0.13385707627340424,0.17369411787127653,0.8456697183635136
2023-09-06 12:00:00,2,0.19720189930088594,0.28869940354395224,-0.08671211858365305,-0.2207877545024246,0.5627525416749428
2023-09-06 16:00:00,2,0.6872920832419211,0.23598263823208934,-0.025797225504690404,-0.3590236018969577,0.19720189930088594
2023-09-06 20:00:00,2,-2.172881789145727,-1.1560641813196304,-0.10746522904021372,-0.8408059978643507,0.6872920832419211
2023-09-07 00:00:00,2,-0.406436324150544,0.31327332774783423,0.36915049919985526,0.6823545623309268,-2.172881789145727
2023-09-07 04:00:00,2,0.677873037057104,1.0372478947647905,0.07479227859551747,0.9672608937610612,-0.406436324150544
2023-09-07 08:00:00,2,0.25516049762529036,1.5425743699488734,-0.10589565119040423,0.4920811209713474,0.677873037057104
2023-09-07 12:00:00,2,0.06626774766100851,1.1497338040174856,-0.03545537244982678,0.3132170849965945,0.25516049762529036
2023-09-07 16:00:00,2,1.1412247764687447,1.0497137273850377,-0.003978525376771105,0.26676429582304984,0.06626774766100851
2023-09-07 20:00:00,2,-1.5395317153307548,-1.13578576514745,-0.1831079944129601,-0.5332187398478734,1.1412247764687447
2023-09-08 00:00:00,2,-0.1084356641219486,-0.09130532737117143,0.2636098502286686,0.5459720388108753,-1.5395317153307548
2023-09-08 04:00:00,2,-0.31912990770400285,0.3907274000708021,0.025133828468853214,0.6219839634973408,-0.1084356641219486
2023-09-08 08:00:00,2,1.4746717538580896,1.816623674797523,0.06024364864807937,0.8456896852819575,-0.31912990770400285
2023-09-08 12:00:00,2,-0.9160444785121271,0.4044245851342651,-0.2386731736813108,-0.188035143160608,1.4746717538580896
2023-09-08 16:00:00,2,1.8683748232869757,1.2287734385021956,0.1597127318424256,0.4540995684579574,-0.9160444785121271
2023-09-08 20:00:00,2,-2.37422630986576,-1.5556828113421775,-0.30427935131888023,-0.8556057531607539,1.8683748232869757
2023-09-09 00:00:00,2,0.9783445943741143,0.2809323292434983,0.40270229347941644,0.8086945756607538,-2.37422630986576
2023-09-11 04:00:00,2,-0.7511763574805208,-0.33657158057286574,-0.15596584849156497,0.12288833075832706,0.9783445943741143
2023-09-11 08:00:00,2,1.2629791697161163,1.3313889324356856,0.13223931831059227,0.6494527334704081,-0.7511763574805208
2023-09-11 12:00:00,2,-0.2051662779204122,0.17812319662376364,-0.2033969913037613,-0.23587847472940915,1.2629791697161163
2023-09-11 16:00:00,2,0.9383346543604691,0.4151135719487065,0.041252894650021056,-0.09205970632172011,-0.2051662779204122
2023-09-11 20:00:00,2,-1.7502693374208746,-1.5258077685080025,-0.14929864308823543,-0.7498195278296542,0.9383346543604691
2023-09-12 00:00:00,2,0.26008220648706626,-0.23489564728091586,0.2987268989471844,0.4770954556709981,-1.7502693374208746
2023-09-12 04:00:00,2,0.39438078225549233,-0.06915616140202639,-0.03627551974086636,0.29478136877103367,0.26008220648706626
2023-09-12 08:00:00,2,0.31453878897501575,0.737612507596433,-0.058654863216946185,0.018325808127444887,0.39438078225549233
2023-09-12 12:00:00,2,-0.23303547151912873,0.43648369160280004,-0.04535009523102443,-0.20216160191555055,0.31453878897501575
2023-09-12 16:00:00,2,0.4535370039754838,0.6501939730887216,0.045896981546538054,-0.03880690810867016,-0.23303547151912873
2023-09-12 20:00:00,2,-0.09483127519364842,-0.9889546938431704,-0.06851258059811642,-0.3567301750325367,0.4535370039754838
2023-09-13 00:00:00,2,-0.03316384881483714,-1.215966094083515,0.022866810439312907,-0.29025474182234845,-0.09483127519364842
2023-09-13 04:00:00,2,-1.1189686785900683,-0.7395046709365689,0.012590629114821582,-0.26700733517953346,-0.03316384881483714
2023-09-13 08:00:00,2,0.551700850265977,1.151118728588849,0.19352776187657628,0.5173744787949381,-1.1189686785900683
2023-09-13 12:00:00,2,0.9391972513303912,0.6616679122912992,-0.08487047881481914,0.13063969167993683,0.551700850265977
2023-09-13 16:00:00,2,0.038569258641448556,-0.15707430483545845,-0.1494423851477536,-0.5277247985635434,0.9391972513303912
2023-09-13 20:00:00,2,-1.6516866924876474,-1.0994288271258699,0.0006371155262718262,-0.5547613239245113,0.038569258641448556
2023-09-14 00:00:00,2,-0.5910451937488723,-0.0121186813096869,0.2822992126584978,0.603048567236506,-1.6516866924876474
2023-09-14 04:00:00,2,0.8441636068354477,0.9052797222643179,0.10555526530503945,1.0173632036370428,-0.5910451937488723
2023-09-14 08:00:00,2,0.0655327252352329,1.3031601134536233,-0.13360609976820292,0.4256160047296138,0.8441636068354477
2023-09-14 12:00:00,2,2.5692878867331217,1.184537745216886,-0.003856042176670624,0.3796784562725186,0.0655327252352329
2023-09-14 16:00:00,2,-0.23642152809875228,-0.934774494838293,-0.42107861075987607,-1.4213573830484698,2.5692878867331217
2023-09-14 20:00:00,2,-2.1133752670696175,-2.0839627534752467,0.04646122969877088,-1.2556291096651773,-0.23642152809875228
2023-09-15 00:00:00,2,-0.34549219958682187,-0.6890097767228145,0.3592344082138683,0.22581818846794555,-2.1133752670696175
2023-09-15 04:00:00,2,-0.3188718656499958,0.015077594678943741,0.06463662736350206,0.4680035180585893,-0.34549219958682187
2023-09-15 08:00:00,2,1.0232984967352543,1.4274071463262243,0.06020064884912504,0.6915283558754286,-0.3188718656499958
2023-09-15 12:00:00,2,0.5617268354083009,0.4633195006130654,-0.1634569094784279,-0.025789962737313488,1.0232984967352543
2023-09-15 16:00:00,2,0.06405552886097254,-0.010580769360112714,-0.08654119619884439,-0.4195528289784676,0.5617268354083009
2023-09-15 20:00:00,2,-1.3847364756274843,-1.124251380770412,-0.0036098840558414337,-0.4644548828825794,0.06405552886097254
2023-09-16 00:00:00,2,-0.026294338205165246,-0.16350460317922835,0.23781496880151912,0.5062265395839525,-1.3847364756274843
2023-09-18 04:00:00,2,-0.09591615571956424,0.047746500703166446,0.011445902623369354,0.5246585127868251,-0.026294338205165246
2023-09-18 08:00:00,2,0.8913266911639504,1.392499815768706,0.023047593547257737,0.5918944324799185,-0.09591615571956424
2023-09-18 12:00:00,2,0.14876250831572513,0.520163286427886,-0.14146529602206986,-0.03291344662888562,0.8913266911639504
2023-09-18 16:00:00,2,0.3206368764790746,0.43299262733597116,-0.01772534713646202,-0.1371939402268918,0.14876250831572513
2023-09-18 20:00:00,2,-1.0863441733804198,-1.0437528817146349,-0.04636627275948789,-0.36195602661224413,0.3206368764790746
2023-09-19 00:00:00,2,-0.7554794076523415,-0.5032226795797854,0.18809125591479428,0.39955645324591416,-1.0863441733804198
2023-09-19 04:00:00,2,-0.6266264371272499,0.5702313845886464,0.13295637310614,0.9291372355618019,-0.7554794076523415
2023-09-19 08:00:00,2,1.6310625691116982,2.2094907926461476,0.11148447834631363,1.3683938392922599,-0.6266264371272499
2023-09-19 12:00:00,2,1.7097718422578172,0.9099796758016789,-0.26473393978429344,0.22504117791326195,1.6310625691116982
2023-09-19 16:00:00,2,-1.5057401899559597,-0.5687547804563757,-0.27784995273090063,-0.9734856126690268,1.7097718422578172
2023-09-19 20:00:00,2,-0.9524840444548666,-0.39895782666313556,0.25797887351416354,0.08201776662136417,-1.5057401899559597
2023-09-20 00:00:00,2,-0.89481234262702,-0.049798137789623116,0.16578497466172398,0.7496961180052732,-0.9524840444548666
2023-09-20 04:00:00,2,0.39063180605731773,1.2753569125779942,0.15617463578306795,1.3769473913482493,-0.89481234262702
2023-09-20 08:00:00,2,1.9488249042804853,2.033230280249091,-0.0580301386020905,1.1031198119941603,0.39063180605731773
2023-09-20 12:00:00,2,-0.344647676659223,0.30627611272596683,-0.31768545026617434,-0.26297992143560833,1.9488249042804853
2023-09-20 16:00:00,2,0.6649370200181757,0.5598390401262512,0.0644958971393577,-0.021386590922837456,-0.344647676659223
2023-09-20 20:00:00,2,1.6258537920782974,-0.9582887948409522,-0.10374000980053731,-0.4874983918338529,0.6649370200181757
2023-09-21 00:00:00,2,-2.493438367213745,-2.4601918330494543,-0.2638659558190592,-1.6271997714064685,1.6258537920782974
2023-09-21 04:00:00,2,0.6355548337289569,0.051359751407068395,0.4225676387566514,0.1206665870809136,-2.493438367213745
2023-09-21 08:00:00,2,-0.17854721313038446,0.5596302745629385,-0.09884379973068204,-0.324848701147447,0.6355548337289569
2023-09-21 12:00:00,2,0.3218518664318424,0.6329201200338033,0.03681712762464871,-0.19968953485892982,-0.17854721313038446
2023-09-21 16:00:00,2,0.45012349115367556,0.44393048185399386,-0.04656873713647326,-0.4253033126645587,0.3218518664318424
2023-09-21 20:00:00,2,-0.8775733749818393,-1.3733328544213177,-0.06794375717268432,-0.7408337535599347,0.45012349115367556
2023-09-22 00:00:00,2,-0.21592046147678623,-0.9548105788856565,0.15330195618913267,-0.12566676190535375,-0.8775733749818393
2023-09-22 04:00:00,2,-0.6351550713553102,-0.3785902904826343,0.043044958089531384,0.025690542805596905,-0.21592046147678623
2023-09-22 08:00:00,2,3.1961761895115224,1.223334701506566,0.11290567908265448,0.4709256030509952,-0.6351550713553102
2023-09-22 12:00:00,2,-1.6219657036279287,-1.4191236169731127,-0.5255424784423276,-1.7695504042577888,3.1961761895115224
2023-09-22 16:00:00,2,0.12410176018431507,-0.14758374289844395,0.277346544960165,-0.6325745217700742,-1.6219657036279287
2023-09-22 20:00:00,2,-1.0308983698225536,-1.4548843007864567,-0.013615911502821668,-0.719568166572941,0.12410176018431507
2023-09-23 00:00:00,2,-0.11130900657094145,-0.799019338396636,0.17885183788650227,0.0030775596359653434,-1.0308983698225536
2023-09-25 04:00:00,3,-1.3243263536415562,-0.5883729486581218,0.024831426789668393,0.08639182868930284,-0.11130900657094145
2023-09-25 08:00:00,3,1.5148929931699282,1.5151427393132697,0.2588334973402929,1.0053565898201917,-1.3243263536415562
2023-09-25 12:00:00,3,0.4212282819513167,0.27016364121698816,-0.2888777184190992,-0.04584447839026318,1.5148929931699282
2023-09-25 16:00:00,3,0.4959116539668962,0.11803069357889595,-0.07789985604034488,-0.33813946024315733,0.4212282819513167
2023-09-25 20:00:00,3,-1.4011191989192362,-1.3513444465642956,-0.09230695724920403,-0.6822580631665112,0.4959116539668962
2023-09-26 00:00:00,3,-0.8776049762975866,-0.5785961156989501,0.27364753511299816,0.2899941059534399,-1.4011191989192362
2023-09-26 04:00:00,3,0.8584831545790479,0.4272079557948801,0.17265688369980353,0.898973943282023,-0.8776049762975866
2023-09-26 08:00:00,3,0.9843077095487551,0.717713353484587,-0.16225029488636272,0.30326295035848005,0.8584831545790479
2023-09-26 12:00:00,3,-0.24123483068868978,-0.0705045088573749,-0.186522995074968,-0.37975909832121424,0.9843077095487551
2023-09-26 16:00:00,3,-0.6091630798110437,0.3165221719619639,0.04989529907061401,-0.2123635708134337,-0.24123483068868978
2023-09-26 20:00:00,3,0.18106149882441258,-0.32014957003061056,0.1208720021792834,0.21034145396313164,-0.6091630798110437
2023-09-27 00:00:00,3,-0.6998194888166154,-0.7669903893948955,-0.0315695008604311,0.08470086955608558,0.18106149882441258
2023-09-27 04:00:00,3,0.014298957820784608,0.05839347542541642,0.13836044739172693,0.5703133831232403,-0.6998194888166154
2023-09-27 08:00:00,3,1.032433522605185,1.1363749768641163,0.0006005088920021297,0.5603911775263608,0.014298957820784608
2023-09-27 12:00:00,3,-0.11768397717163204,0.25724046411137036,-0.19580690179677457,-0.1560259071865744,1.032433522605185
2023-09-27 16:00:00,3,1.228726475517103,0.42228648925680085,0.026061216556371634,-0.07436368875145583,-0.11768397717163204
2023-09-27 20:00:00,3,-0.3929551522926449,-1.3845616709452935,-0.23367359638841514,-0.9269906329815427,1.228726475517103
2023-09-28 00:00:00,3,-1.889670687389593,-1.5343832890039888,0.07916352799221192,-0.6543146897226944,-0.3929551522926449
2023-09-28 04:00:00,3,0.270030966010097,0.28443340383536075,0.3678935573555786,0.656948781760736,-1.889670687389593
2023-09-28 08:00:00,3,1.5392350784188569,1.0571359054562401,-0.048732519664336164,0.4695712962224725,0.270030966010097
2023-09-28 12:00:00,3,0.49953667922748224,-0.1455292688042511,-0.29357352789249624,-0.5985210152187008,1.5392350784188569
2023-09-28 16:00:00,3,0.18859656046713802,-0.4186054713156338,-0.0930062575673932,-0.9451550634199712,0.49953667922748224
2023-09-28 20:00:00,3,-1.5444557026759043,-1.6829288945530982,-0.033023082732431895,-1.076024310764648,0.18859656046713802
2023-09-29 00:00:00,3,-1.2921852466163095,-0.7944403505478114,0.30129844937695976,-0.004309350185565108,-1.5444557026759043
2023-09-29 04:00:00,3,-0.009417435117107686,0.5843476558840525,0.2526331856861685,0.8923523399094577,-1.2921852466163095
2023-09-29 08:00:00,3,1.6166437124685178,1.5569015880665666,0.00517561663210268,0.8988872027014434,-0.009417435117107686
2023-09-29 12:00:00,3,0.07837325119151473,0.20486102308150975,-0.30850635691580763,-0.22291981939493155,1.6166437124685178
2023-09-29 16:00:00,3,0.9216122392540846,0.32678412400559165,-0.01176000462746872,-0.2773038885952612,0.07837325119151473
2023-09-29 20:00:00,3,-1.1403924068284876,-1.4291514335564355,-0.17442846905806675,-0.9168208543134142,0.9216122392540846
2023-09-30 00:00:00,3,-0.7472134057053843,-0.950684395562966,0.22335096734783358,-0.12548990114243352,-1.1403924068284876
2023-10-02 04:00:00,3,-1.9124064242352858,-0.25720674556540635,0.14750316469107858,0.39300977758079014,-0.7472134057053843
2023-10-02 08:00:00,3,3.369628440236747,2.287932504417497,0.3722794876229687,1.7200498293022317,-1.9124064242352858
2023-10-02 12:00:00,3,-0.8229409565131593,-0.2873735091210866,-0.6466730426041937,-0.6181727592366464,3.369628440236747
2023-10-02 16:00:00,3,1.560554912077892,0.49594486755625083,0.16211169747879262,-0.04712489218526805,-0.8229409565131593
2023-10-02 20:00:00,3,-1.1855746318504075,-1.8217815343130108,-0.29768631756698616,-1.1300112729220881,1.560554912077892
2023-10-03 00:00:00,3,-0.7472586412392896,-1.3926490400449854,0.23206702918548675,-0.30732787213843515,-1.1855746318504075
2023-10-03 04:00:00,3,-0.301286925946858,-0.3906105263381256,0.14751189103668433,0.21120319602402837,-0.7472586412392896
2023-10-03 08:00:00,3,0.5957124283913267,0.8969194977084345,0.061479894019112025,0.4202695392054423,-0.301286925946858
2023-10-03 12:00:00,3,0.32977530792346776,0.4026934629998973,-0.11155943365794663,0.006898070795090305,0.5957124283913267
2023-10-03 16:00:00,3,1.2691539735769108,0.23108782063279074,-0.06025774619565911,-0.22193667695378672,0.32977530792346776
2023-10-03 20:00:00,3,-1.2874769228120169,-1.691466742677394,-0.2414724281825541,-1.102616710964572,1.2691539735769108
2023-10-04 00:00:00,3,-1.6402598951991312,-1.018074321450052,0.2517249072335248,-0.20922217903508944,-1.2874769228120169
2023-10-04 04:00:00,3,0.7345939899927956,0.5530133951203264,0.3197799488147091,0.928972374474661,-1.6402598951991312
2023-10-04 08:00:00,3,1.2308231410639952,0.9289691774583405,-0.13835094909219042,0.41922944843104837,0.7345939899927956
2023-10-04 12:00:00,3,0.716143517095734,-0.12015096521371595,-0.2340780622275969,-0.43485239530184927,1.2308231410639952
2023-10-04 16:00:00,3,-0.03613079914624073,-0.5051601560642521,-0.1347916851863798,-0.9317923333418054,0.716143517095734
2023-10-04 20:00:00,3,-1.2888147352182013,-1.5092463898914579,0.010328867333162777,-0.9067207706445934,-0.03613079914624073
2023-10-05 00:00:00,3,0.21822297218400522,-0.7190631936879925,0.251982983405157,-0.01239791583238059,-1.2888147352182013
2023-10-05 04:00:00,3,-0.7678109271648399,-0.5283202319111845,-0.038738286807191616,-0.16382525921712698,0.21822297218400522
2023-10-05 08:00:00,3,1.0673631516388955,1.0006951799651085,0.15147661377765864,0.368967268346438,-0.7678109271648399
2023-10-05 12:00:00,3,0.2830064080725254,0.10345528807999528,-0.20254514468933696,-0.37168787378572077,1.0673631516388955
2023-10-05 16:00:00,3,0.4330740204868917,0.10069056648073138,-0.05123560036326467,-0.5680691626408017,0.2830064080725254
2023-10-05 20:00:00,3,-2.0325526981381294,-1.3659167087685307,-0.08018500666182607,-0.8685840339898387,0.4330740204868917
2023-10-06 00:00:00,3,-1.0016794057216316,-0.13756370903635418,0.3954567957876896,0.5418268512080289,-2.0325526981381294
2023-10-06 04:00:00,3,-0.21033004331093963,0.9999554756243513,0.19659196876493384,1.2369033127445306,-1.0016794057216316
2023-10-06 08:00:00,3,1.7164333103252964,2.1120853587527773,0.043933484712571406,1.3828536651470174,-0.21033004331093963
2023-10-06 12:00:00,3,2.8152114673940805,1.4317257281986693,-0.32775667726307384,0.19180153310803583,1.7164333103252964
2023-10-06 16:00:00,3,-0.21073897317693557,-1.297674466701538,-0.5397209698190045,-1.7617049621398593,2.8152114673940805
2023-10-06 20:00:00,3,-2.0305647601036263,-2.5427041449356813,0.04401237100021117,-1.6154708487629037,-0.21073897317693557
2023-10-07 00:00:00,3,1.547265089130958,-1.1854865330993236,0.3950733044737991,-0.20643941583976932,-2.0305647601036263
2023-10-09 04:00:00,3,-2.8379670425936165,-1.908885449851294,-0.2951225899382396,-1.2801038408733607,1.547265089130958
2023-10-09 08:00:00,3,1.8724741663513331,1.2471217022683008,0.5508285427036769,0.6891930006665454,-2.8379670425936165
2023-10-09 12:00:00,3,-0.25337761611043064,-0.3408857981454364,-0.35785837654112945,-0.6101376139310037,1.8724741663513331
2023-10-09 16:00:00,3,-1.075780634865902,-0.025815191618912787,0.05223775273609641,-0.43431607279458184,-0.25337761611043064
2023-10-09 20:00:00,3,1.4185179182134569,-0.204183072194011,0.21088676932321154,0.3121800544102964,-1.075780634865902
2023-10-10 00:00:00,3,-1.787752480254536,-1.5291899538775966,-0.2702860905716097,-0.6721452792104063,1.4185179182134569
2023-10-10 04:00:00,3,0.27874157744010475,0.1307662701193464,0.34823260893303104,0.5683960167177169,-1.787752480254536
2023-10-10 08:00:00,3,1.0406187847351092,0.879036179521516,-0.05041287577408691,0.3749741411919931,0.27874157744010475
2023-10-10 12:00:00,3,0.42601722286538823,0.058407524778259064,-0.19738591325199192,-0.3471227877959855,1.0406187847351092
2023-10-10 16:00:00,3,0.14980294371772018,-0.1424391894366619,-0.07882368626613975,-0.6427408689220062,0.42601722286538823
2023-10-10 20:00:00,3,-0.7447195190340263,-1.3457116659867792,-0.025539441492318033,-0.7466907948686714,0.14980294371772018
2023-10-11 00:00:00,3,-1.366268743176576,-0.9449464262914369,0.1470220712869111,-0.22992165179697288,-0.7447195190340263
2023-10-11 04:00:00,3,0.6290427160179775,0.3777731544822454,0.26692456546783233,0.7181473991294958,-1.366268743176576
2023-10-11 08:00:00,3,1.8676551389261267,0.8110586907535073,-0.11798914905774635,0.28164767406018143,0.6290427160179775
2023-10-11 12:00:00,3,-1.097481888753098,-0.6595987977223926,-0.3569287423539006,-1.0143389639001033,1.8676551389261267
2023-10-11 16:00:00,3,0.5435033696904945,0.26164135664601845,0.21507313842618614,-0.25278409566825033,-1.097481888753098
2023-10-11 20:00:00,3,-0.5480901837211931,-0.9273523350138563,-0.10148783174145515,-0.6299271185553739,0.5435033696904945
2023-10-12 00:00:00,3,-2.162890288196097,-0.8636708837004532,0.10909048547298009,-0.24960125448376225,-0.5480901837211931
2023-10-12 04:00:00,3,0.8671553662296176,1.0958088143163227,0.4206001014607679,1.2512523316273985,-2.162890288196097
2023-10-12 08:00:00,3,1.1933448524578356,1.4370995020210684,-0.16392324332967007,0.6495235947497093,0.8671553662296176
2023-10-12 12:00:00,3,1.9182006471826316,0.44261193515140873,-0.22684815974045242,-0.17855164838821302,1.1933448524578356
2023-10-12 16:00:00,3,-0.7814718843348576,-0.8336366041181081,-0.36667943027078764,-1.5096123757475777,1.9182006471826316
2023-10-12 20:00:00,3,-1.3243174770709434,-1.4448415156383794,0.15411193657102795,-0.9673403583225877,-0.7814718843348576
2023-10-13 00:00:00,3,-1.425430291395564,-0.7076581836043648,0.2588317849691485,-0.048381756742605475,-1.3243174770709434
2023-10-13 04:00:00,3,-0.5219809631119077,0.7435746510922162,0.278337365798888,0.9407401493790353,-1.425430291395564
2023-10-13 08:00:00,3,2.322304950188359,2.040034184016633,0.10405377952826274,1.3029485353724155,-0.5219809631119077
2023-10-13 12:00:00,3,0.28879904450690574,0.22393560997130565,-0.4446348229534385,-0.3085246547175178,2.322304950188359
2023-10-13 16:00:00,3,0.058364228088613856,0.1515253898374011,-0.05235305257684218,-0.5089255183115604,0.28879904450690574
2023-10-13 20:00:00,3,-1.0547544762064387,-1.0946136609883543,-0.007900082222334709,-0.5494251042154126,0.058364228088613856
2023-10-14 00:00:00,3,0.7934960502685886,-0.6678735830767395,0.20683063222515408,0.18248073803677123,-1.0547544762064387
2023-10-16 04:00:00,3,-2.74028488517901,-0.9547208564391032,-0.149713691840692,-0.36813498163706804,0.7934960502685886
2023-10-16 08:00:00,3,2.6129721185536177,2.11816961819304,0.5319847667708176,1.5333791262825116,-2.74028488517901
2023-10-16 12:00:00,3,-0.4851951555874656,0.05881875347653177,-0.5007071614099453,-0.2797912392890378,2.6129721185536177
2023-10-16 16:00:00,3,0.5897625518039753,0.6545779529427853,0.09695746293527747,0.0568910664207678,-0.4851951555874656
2023-10-16 20:00:00,3,-1.1133500485527605,-1.1763177339890538,-0.11041164838981075,-0.3523517165625982,0.5897625518039753
2023-10-17 00:00:00,3,-0.7348583222282272,-0.5343777544690975,0.21813425066659753,0.4202142439425369,-1.1133500485527605
2023-10-17 04:00:00,3,-0.3508688417762542,0.4610515587571929,0.14511975680127182,0.9301405930592654,-0.7348583222282272
2023-10-17 08:00:00,3,2.109978255945231,1.7031862913933464,0.07104469619936483,1.1736123781555676,-0.3508688417762542
2023-10-17 12:00:00,3,1.4840836740816385,-0.13840660432843943,-0.40367507393909163,-0.29052496128069727,2.109978255945231
2023-10-17 16:00:00,3,-0.34202458813440906,-0.9744137875222735,-0.2829343207617408,-1.3203471008919276,1.4840836740816385
2023-10-17 20:00:00,3,-1.4952716046971446,-1.8906589041020707,0.06933855929236626,-1.0830124415977433,-0.34202458813440906
2023-10-18 00:00:00,3,-1.8198048183829698,-0.9958609401490233,0.2918103898755942,-0.04542687270991763,-1.4952716046971446
2023-10-18 04:00:00,3,0.6457656342052225,0.7420633829056,0.3544157962601993,1.2173558965309503,-1.8198048183829698
2023-10-18 08:00:00,3,1.5473255658278422,1.2979034673181764,-0.12121515195944783,0.7692519528526098,0.6457656342052225
2023-10-18 12:00:00,3,0.4669362800462178,0.030237759234124428,-0.2951342564427007,-0.3044544376324385,1.5473255658278422
2023-10-18 16:00:00,3,0.1766675287180668,-0.23066902070976014,-0.0867173442821748,-0.6284667068711425,0.4669362800462178
2023-10-18 20:00:00,3,-0.7909154499165965,-1.239927912791864,-0.03072186409307116,-0.7510582666340042,0.1766675287180668
2023-10-19 00:00:00,3,-2.1754195925382653,-0.896903183700771,0.15593368619797607,-0.2022332541974876,-0.7909154499165965
2023-10-19 04:00:00,3,0.05816704861008404,1.1306676656804424,0.4230171181388118,1.3073145553128196,-2.1754195925382653
2023-10-19 08:00:00,3,1.6369641713795033,1.9553742070953215,-0.007862044508894342,1.2669517944384534,0.05816704861008404
2023-10-19 12:00:00,3,0.3235463837914132,0.7329572513707487,-0.31242635811875225,0.1310441802804192,1.6369641713795033
2023-10-19 16:00:00,3,2.34338770679258,0.5523624869397042,-0.05905613012007411,-0.09346824785186314,0.3235463837914132
2023-10-19 20:00:00,3,-1.462315442731322,-2.7196649243158504,-0.44870187830942043,-1.7195709968367812,2.34338770679258
2023-10-20 00:00:00,3,-1.510618562865341,-1.6783811795995727,0.28545284671594534,-0.7048540746578542,-1.462315442731322
2023-10-20 04:00:00,3,-1.4253167027415294,-0.19668115780271686,0.29477095758444394,0.34338091890413835,-1.510618562865341
2023-10-20 08:00:00,3,1.974015298875882,1.873591525097179,0.27831545351519366,1.3324240045975415,-1.4253167027415294
2023-10-20 12:00:00,3,0.8292813750406403,0.29609926382115503,-0.37744658384433183,-0.037367129296324464,1.974015298875882
2023-10-20 16:00:00,3,0.17676093416489103,-0.1931922429782619,-0.1566170062180248,-0.6128146831632346,0.8292813750406403
2023-10-20 20:00:00,3,-1.5075071700864697,-1.363284545702364,-0.03073988285266299,-0.7354710580027533,0.17676093416489103
2023-10-21 00:00:00,3,-0.9443116219922025,-0.3898726570878434,0.29417074164003854,0.3106049055633804,-1.5075071700864697
2023-10-23 04:00:00,4,0.28988668045260724,-0.28621331317223686,0.15468865800962556,0.9832106615078864,-0.9443116219922025
2023-10-23 08:00:00,4,1.1626491387878044,1.0919471552863558,-0.05368761053736018,0.7771083753081065,0.28988668045260724
2023-10-23 12:00:00,4,1.0293442186719162,0.23498385966402824,-0.20104074174450257,-0.04950651150987184,1.1626491387878044
2023-10-23 16:00:00,4,0.1364655755598072,-0.31127767362665454,-0.17853416255242419,-0.7813448851239073,1.0293442186719162
2023-10-23 20:00:00,4,-1.9845621666392024,-1.4124639906474037,-0.027784708798968785,-0.8783685464612656,0.1364655755598072
2023-10-24 00:00:00,4,-0.30326177547865285,-0.24717182531642956,0.3303196943010602,0.532606248970211,-1.9845621666392024
2023-10-24 04:00:00,4,1.1286606856763566,-0.048210821696241676,0.046456800370131876,0.7482178981345218,-0.30326177547865285
2023-10-24 08:00:00,4,0.941673922474143,0.3930336781834116,-0.1953022902987193,-0.05423203608981986,1.1286606856763566
2023-10-24 12:00:00,4,-0.7334125132170612,-0.2843819355666205,-0.16373231981134015,-0.7237389895435324,0.941673922474143
2023-10-24 16:00:00,4,1.0894431433980039,0.6088785551563847,0.11908143894329243,-0.20230076593989565,-0.7334125132170612
2023-10-24 20:00:00,4,-2.212377800790385,-1.411732424590523,-0.18868098389653176,-0.976867994032018,1.0894431433980039
2023-10-25 00:00:00,4,-0.2055473723448067,-0.14895714123823237,0.36878302038654676,0.5960781032795648,-2.212377800790385
2023-10-25 04:00:00,4,-0.22781254521881422,0.04187103851712572,0.029959157594256106,0.742217219766319,-0.2055473723448067
2023-10-25 08:00:00,4,1.6168754540027308,1.625520325075548,0.033718305239208185,0.9041863254916311,-0.22781254521881422
2023-10-25 12:00:00,4,0.37212325420651204,0.17550875057709664,-0.27773018820771855,-0.2453722780632841,1.6168754540027308
2023-10-25 16:00:00,4,0.180451271645639,0.2530179667100578,-0.06757204899670893,-0.5099427416676043,0.37212325420651204
2023-10-25 20:00:00,4,-1.648834705174437,-1.0595799875061689,-0.03521104798745365,-0.6382391489939288,0.180451271645639
2023-10-26 00:00:00,4,-0.7048623768027404,-0.16090045217852317,0.2736370400386119,0.5340416945805604,-1.648834705174437
2023-10-26 04:00:00,4,0.4351513169242871,0.42278494612898715,0.11426116745147548,1.035181474747196,-0.7048623768027404
2023-10-26 08:00:00,4,1.1125785770418872,1.5012993855428152,-0.07821341229858615,0.7257996117346828,0.4351513169242871
2023-10-26 12:00:00,4,0.798980101983803,0.5448150147006356,-0.1925870622993129,-0.06521633955776984,1.1125785770418872
2023-10-26 16:00:00,4,0.5345778354829438,0.015934299198009726,-0.13964056259567173,-0.6332715030095315,0.798980101983803
2023-10-26 20:00:00,4,-1.050736632297479,-1.5030471670502925,-0.09500012063454011,-1.0133431705754266,0.5345778354829438
2023-10-27 00:00:00,4,-0.9602088023247255,-1.1413463398074677,0.17265695895734112,-0.26629531804129947,-1.050736632297479
2023-10-27 04:00:00,4,-1.2106153938601452,-0.35577075983858436,0.15737266357951477,0.4163894782359563,-0.9602088023247255
2023-10-27 08:00:00,4,1.8789844824595736,2.0299667356506994,0.19965014124283642,1.2771071903904279,-1.2106153938601452
2023-10-27 12:00:00,4,1.0148281001957073,0.5057940830491438,-0.3219834505838876,-0.05880447331272798,1.8789844824595736
2023-10-27 16:00:00,4,0.7535308147659716,-0.1703171727214903,-0.17608332900657786,-0.7803222444071078,1.0148281001957073
2023-10-27 20:00:00,4,-1.3654591427675236,-1.7958677724094974,-0.13196711752625961,-1.3160640846419493,0.7535308147659716
2023-10-28 00:00:00,4,-1.019916837993538,-0.8443707001753687,0.22579323554237568,-0.34525628278853837,-1.3654591427675236
2023-10-30 04:00:00,4,-1.1310077313789932,-0.6677504247779507,0.16745348904353602,0.3798794554796583,-1.019916837993538
2023-10-30 08:00:00,4,2.2940128235129436,1.6857341172871687,0.18620955586631255,1.1839980813609383,-1.1310077313789932
2023-10-30 12:00:00,4,0.5252710539662164,-0.16512677478427706,-0.39205489443422803,-0.4469885053957636,2.2940128235129436
2023-10-30 16:00:00,4,-0.12934531742631172,-0.1567679625497757,-0.09342880717478559,-0.8204432806478614,0.5252710539662164
2023-10-30 20:00:00,4,-0.8952876925341489,-1.1321553802218827,0.01709355906922612,-0.7284819473807485,-0.12934531742631172
2023-10-31 00:00:00,4,-1.93920385664517,-0.947023212499101,0.14641168706440205,-0.09195446033058019,-0.8952876925341489
2023-10-31 04:00:00,4,1.8857154567643466,0.7604922474100605,0.32266160940057753,1.2867716944481682,-1.93920385664517
2023-10-31 08:00:00,4,0.03154202175633003,0.4628399049247695,-0.32311987680205356,-0.05392552611603385,1.8857154567643466
2023-10-31 12:00:00,4,2.0189557182147766,0.4957218127138131,-0.01006990674410601,-0.07635112630295104,0.03154202175633003
2023-10-31 16:00:00,4,-1.0921308416878084,-0.8448678652577231,-0.34561553932749034,-1.5117788893533195,2.0189557182147766
2023-10-31 20:00:00,4,-1.3196024733878726,-1.265935221314368,0.1796457636535744,-0.7353007740093958,-1.0921308416878084
2023-11-01 00:00:00,4,-0.5178418255031545,-0.6560556635578441,0.21805100997425084,0.20290406594905264,-1.3196024733878726
2023-11-01 04:00:00,4,-0.08016749751970664,-0.17200307023479441,0.0826854923397764,0.5710768428404567,-0.5178418255031545
2023-11-01 08:00:00,4,1.0169695788588626,1.244003866135391,0.0087906059804762,0.6280739580301891,-0.08016749751970664
2023-11-01 12:00:00,4,0.03963850663316748,0.4322404605681137,-0.17644488624751503,-0.09496635162179246,1.0169695788588626
2023-11-01 16:00:00,4,1.394909403749999,0.7009579069008819,-0.011436879380221698,-0.1231483530365729,0.03963850663316748
2023-11-01 20:00:00,4,-0.6064207538087754,-1.5618551733094366,-0.24025447850680906,-1.1148945647134045,1.394909403749999
2023-11-02 00:00:00,4,-1.8150628560179793,-1.665154980435766,0.09764074427591463,-0.6837443526241831,-0.6064207538087754
2023-11-02 04:00:00,4,-0.33985540956269844,0.004475142324383834,0.3017022235116638,0.6067206098830038,-1.8150628560179793
2023-11-02 08:00:00,4,1.1023471898537096,1.704615877647919,0.05263509838585792,0.8483494311136699,-0.33985540956269844
2023-11-02 12:00:00,4,0.9171100347602241,0.7361914557039296,-0.19085964274274028,0.0646077439826005,1.1023471898537096
2023-11-02 16:00:00,4,0.18537973359836535,0.29052064207693945,-0.15958506790482374,-0.5874348906280069,0.9171100347602241
2023-11-02 20:00:00,4,-1.0662345492334548,-1.2117585847092063,-0.03604314645116939,-0.7192353129519145,0.18537973359836535
2023-11-03 00:00:00,4,-0.6061179052546919,-0.7629772413146101,0.1752735547628715,0.038831176612559304,-1.0662345492334548
2023-11-03 04:00:00,4,-1.1003731555019733,-0.25387454531231296,0.09758961274258666,0.46976607084284616,-0.6061179052546919
2023-11-03 08:00:00,4,1.1834773256758169,2.0083901036730984,0.18103735736536836,1.2521042681954473,-1.1003731555019733
2023-11-03 12:00:00,4,3.326136472722945,1.9310598988869707,-0.20455727539693594,0.4106810537636818,1.1834773256758169
2023-11-03 16:00:00,4,-1.5939945696548357,-1.2433739184844304,-0.5663138237128118,-1.9541200132268521,3.326136472722945
2023-11-03 20:00:00,4,-1.723492534273932,-1.4309555031822017,0.26437808806667257,-0.8208291545956108,-1.5939945696548357
2023-11-04 00:00:00,4,0.0066882546669084775,-0.11236581260583244,0.2862419186993221,0.4045315656951658,-1.723492534273932
2023-11-06 04:00:00,4,-0.8532206966701033,-0.675039437632648,-0.005873712959711196,0.39977638144391214,0.0066882546669084775
2023-11-06 08:00:00,4,1.9158309191920235,1.4040584699868561,0.13930929224683722,1.006395271080775,-0.8532206966701033
2023-11-06 12:00:00,4,-0.7436914827814878,-0.0652677076247588,-0.3282044306163114,-0.35571330114199995,1.9158309191920235
2023-11-06 16:00:00,4,0.9588071002802536,0.8363271991078711,0.12081689208570916,0.17303301651997138,-0.7436914827814878
2023-11-06 20:00:00,4,-0.989580510058822,-0.9190761613782223,-0.16662500541341665,-0.5086552041454429,0.9588071002802536
2023-11-07 00:00:00,4,-0.9503504924074662,-0.70888699952367,0.16233164533014582,0.19491215253140481,-0.989580510058822
2023-11-07 04:00:00,4,-0.22720474908749466,0.18229162677842015,0.15570823264433276,0.8705879333932547,-0.9503504924074662
2023-11-07 08:00:00,4,1.5088427860629832,1.7078994678980788,0.03361568778330115,1.0321249110469601,-0.22720474908749466
2023-11-07 12:00:00,4,0.8617891942502656,0.4286682268530625,-0.25949045786465497,-0.040625127823714635,1.5088427860629832
2023-11-07 16:00:00,4,-0.4318589108533928,0.006975689909874246,-0.15024495595076148,-0.653336008088818,0.8617891942502656
2023-11-07 20:00:00,4,-0.5619249253766974,-0.7607914763526586,0.06816853920670199,-0.3462949646588065,-0.4318589108533928
2023-11-08 00:00:00,4,-0.6126676154345212,-0.7670156668567818,0.09012827672818202,0.05321980991432973,-0.5619249253766974
2023-11-08 04:00:00,4,-1.2340334994714262,-0.1949329365234444,0.09869543517374178,0.4888113866796715,-0.6126676154345212
2023-11-08 08:00:00,4,1.6955036281419318,2.1037900342268525,0.20360394465842344,1.3661787948374808,-1.2340334994714262
2023-11-08 12:00:00,4,0.34691954996038277,0.6085487984941995,-0.2910054013540451,0.16071749708322614,1.6955036281419318
2023-11-08 16:00:00,4,0.5506695668970547,0.6673808462900183,-0.06331677345957126,-0.08593375389042102,0.34691954996038277
2023-11-08 20:00:00,4,-1.9300996926507263,-0.9518946253935382,-0.0977169732990516,-0.4774462459473998,0.5506695668970547
2023-11-09 00:00:00,4,0.3688433885514506,0.12766651647077482,0.32112450493556244,0.894807072582843,-1.9300996926507263
2023-11-09 04:00:00,4,-0.43050588466421047,-0.10391047130132382,-0.06701829182074841,0.6325685126343963,0.3688433885514506
2023-11-09 08:00:00,4,1.5009646459439345,1.6365973884047347,0.06794010059356367,0.9386475877861713,-0.43050588466421047
2023-11-09 12:00:00,4,-0.11763238614940619,0.3331642505663269,-0.2581603495361588,-0.12850128759881763,1.5009646459439345
2023-11-09 16:00:00,4,1.0686914404552343,0.8511124232432158,0.015116002538485388,-0.044867559830867876,-0.11763238614940619
2023-11-09 20:00:00,4,0.133705089476976,-1.3227388883250795,-0.18517736343566732,-0.8046808385094959,1.0686914404552343
2023-11-10 00:00:00,4,-2.5033668935532862,-1.957521730449888,-0.027318641240638163,-0.8997418622679021,0.133705089476976
2023-11-10 04:00:00,4,-0.05388058619032776,0.15987239529826464,0.41791225773656937,0.8800903092296188,-2.5033668935532862
2023-11-10 08:00:00,4,1.712432942293658,1.5884328983963387,0.004352446825994298,0.91839807824568,-0.05388058619032776
2023-11-10 12:00:00,4,0.13224217313820041,0.10568833099084646,-0.293863667570267,-0.29909954468577027,1.712432942293658
2023-11-10 16:00:00,4,0.14776060679430358,0.26353931680094306,-0.027071649288642582,-0.3931204709775731,0.13224217313820041
2023-11-10 20:00:00,4,-1.4208708985781584,-1.0653437559590753,-0.029691709041234356,-0.4981746211821445,0.14776060679430358
2023-11-11 00:00:00,4,-0.5317863292444898,0.05266923485477572,0.23514869721055695,0.5120295735551501,-1.4208708985781584
2023-11-13 04:00:00,4,-0.9669686651692864,-0.1051773286006683,0.08503981712745683,0.8901165489758665,-0.5317863292444898
2023-11-13 08:00:00,4,2.3847287802900006,2.0914338563148935,0.1585139672036153,1.577607441154063,-0.9669686651692864
2023-11-13 12:00:00,4,0.09990613289264694,0.20848520587761188,-0.4073709522617489,-0.11787595538141282,2.3847287802900006
2023-11-13 16:00:00,4,0.06387606719653327,0.35947084241625044,-0.02161218350214277,-0.18890675390725065,0.09990613289264694
2023-11-13 20:00:00,4,-0.9498533845674864,-0.5180872122314554,-0.01552903573700099,-0.23432106360268534,0.06387606719653327
2023-11-14 00:00:00,4,-1.646652110023009,-0.32010546137968837,0.15562430328180224,0.4410012858350374,-0.9498533845674864
2023-11-14 04:00:00,4,-0.2286506784165354,1.1253589160256234,0.27326854088211294,1.611730358041985,-1.646652110023009
2023-11-14 08:00:00,4,2.658877040417739,2.6318409702895442,0.03385981172802813,1.7742953558169798,-0.2286506784165354
2023-11-14 12:00:00,4,3.175909002060246,0.40302229468142503,-0.45365686220094287,-0.11610069790508959,2.658877040417739
2023-11-14 16:00:00,4,-1.8196227976442767,-1.2814146331057463,-0.5409501202399294,-2.3740937352709075,3.175909002060246
2023-11-14 20:00:00,4,-1.7997743252566885,-1.1288964347595138,0.3024721027271819,-1.0803867666368792,-1.8196227976442767
2023-11-15 00:00:00,4,-0.48496389974440746,-0.4013657021357148,0.2991209794884846,0.19920842725031562,-1.7997743252566885
2023-11-15 04:00:00,4,-0.029871261773813274,-0.026699249159587088,0.0771345371378437,0.544005809129418,-0.48496389974440746
2023-11-15 08:00:00,4,1.144016786190738,1.277174322232574,0.00029882479269787397,0.5652435401408695,-0.029871261773813274
2023-11-15 12:00:00,4,1.551508532204016,0.3010643176420277,-0.19789494248295963,-0.2481242031328108,1.144016786190738
2023-11-15 16:00:00,4,-0.721357129359923,-0.8173427015518949,-0.26669394287839243,-1.3512085361088815,1.551508532204016
2023-11-15 20:00:00,4,-2.5698438440121905,-1.1825936620926483,0.11704606432069255,-0.8383413933499835,-0.721357129359923
2023-11-16 00:00:00,4,0.8313206980765386,0.40080028884409186,0.42913591511283505,0.9887542517496293,-2.5698438440121905
2023-11-16 04:00:00,4,-1.0421754213023817,-0.21634682944291567,-0.14510079757010028,0.39770572143682337,0.8313206980765386
2023-11-16 08:00:00,4,1.017812532239173,2.0201459059368685,0.1712115241371279,1.1386667639251336,-1.0421754213023817
2023-11-16 12:00:00,4,2.038327375712255,1.2418223961274788,-0.1765872065534174,0.41502713519242995,1.017812532239173
2023-11-16 16:00:00,4,0.31375083950734073,-0.144782629686121,-0.3488861593703949,-1.0341733989679316,2.038327375712255
2023-11-16 20:00:00,4,-2.2558926874602285,-1.661267854679796,-0.0577167235299698,-1.2572425141773653,0.31375083950734073
2023-11-17 00:00:00,4,-1.2159442744701394,-0.3860578115643932,0.37612987031539963,0.3466415952304498,-2.2558926874602285
2023-11-17 04:00:00,4,0.6572463863293336,0.6638713424709166,0.2005498445197275,1.2111480101804073,-1.2159442744701394
2023-11-17 08:00:00,4,1.8289143951173976,1.4356453808647975,-0.11571090498969841,0.7438620258519038,0.6572463863293336
2023-11-17 12:00:00,4,0.27316679472487415,-0.16328928164201742,-0.31352985123480664,-0.5564510396150961,1.8289143951173976
2023-11-17 16:00:00,4,-0.5713051534470157,-0.19702333450086673,-0.05086470323666502,-0.7506658990862505,0.27316679472487415
2023-11-17 20:00:00,4,-1.1474972061870652,-0.8680968153243069,0.09171199056050601,-0.34448201350963714,-0.5713051534470157
2023-11-18 00:00:00,4,0.03580311062262709,-0.03376418415425518,0.1889935616650559,0.4713602226143454,-1.1474972061870652
2023-11-20 04:00:00,5,0.9062841664864898,-0.7338822658986603,-0.0012963918919506401,0.4232825917991452,0.03580311062262709
2023-11-20 08:00:00,5,0.34100707254686036,0.10764723019577203,-0.03519050917682623,-0.17480814013421409,0.9062841664864898
2023-11-20 12:00:00,5,-1.4334010584696575,-0.009726601428889762,-0.013180187422690478,-0.3998514291554667,0.34100707254686036
2023-11-20 16:00:00,5,1.6979961322557546,1.132003255932819,0.05591034234676673,0.5461034047878321,-1.4334010584696575
2023-11-20 20:00:00,5,-1.082951943789217,-1.0505689807643186,-0.06601757662746996,-0.574467589515196,1.6979961322557546
2023-11-21 00:00:00,5,0.4087564442892795,-1.0073864716987635,0.04226482609417946,0.14021279955149524,-1.082951943789217
2023-11-21 04:00:00,5,-0.863576247172885,-1.2281265537562054,-0.015818159996987737,-0.12954082738787243,0.4087564442892795
2023-11-21 08:00:00,5,0.5720372448792439,0.8998025348122248,0.03372294509576275,0.44036535529902743,-0.863576247172885
2023-11-21 12:00:00,5,1.0343536287395558,0.508898932192505,-0.022175861371743627,0.06285663658296592,0.5720372448792439
2023-11-21 16:00:00,5,-0.1452205772290256,-0.05983719625760411,-0.04017717872577876,-0.6197519113398329,1.0343536287395558
2023-11-21 20:00:00,5,-0.804313110621468,-1.0257287015468204,0.005752168287564854,-0.5239154347263053,-0.1452205772290256
2023-11-22 00:00:00,5,-0.57414466384677,-1.1591040648585302,0.03141540297590591,0.006880793238426719,-0.804313110621468
2023-11-22 04:00:00,5,-0.3178629943819651,-0.6669813060490101,0.022453282229329498,0.3857802763520013,-0.57414466384677
2023-11-22 08:00:00,5,2.309368778154454,1.0632782623049917,0.012474385038760062,0.5955499247631248,-0.3178629943819651
2023-11-22 12:00:00,5,0.20714927659423132,-0.6307491373835362,-0.0898227312890965,-0.9284886868625986,2.309368778154454
2023-11-22 16:00:00,5,-0.25060805661716934,-0.5552583349800444,-0.007968136218416012,-1.0651942225424555,0.20714927659423132
2023-11-22 20:00:00,5,-2.557937759914978,-1.481013194751157,0.009855664351812107,-0.8998086166219164,-0.25060805661716934
2023-11-23 00:00:00,5,-0.36469503188326513,-0.17228151676952336,0.0996966816279926,0.7882699393552972,-2.557937759914978
2023-11-23 04:00:00,5,0.3958314507371128,0.23120262731239397,0.014297894649987033,1.0289457964621676,-0.36469503188326513
2023-11-23 08:00:00,5,1.9765709238427522,1.4133137886345657,-0.015314896606690692,0.7677218549566938,0.3958314507371128
2023-11-23 12:00:00,5,-0.9129554800353201,0.04490952133325502,-0.07686450614426366,-0.536691037019974,1.9765709238427522
2023-11-23 16:00:00,5,0.02487332314692381,0.9739316080509473,0.03564563542750767,0.06580234360893122,-0.9129554800353201
2023-11-23 20:00:00,5,-1.492279219508596,-0.25076006457128464,-0.0008708162908450971,0.04938750972274342,0.02487332314692381
2023-11-24 04:00:00,5,0.7490771193712327,0.08366659675026876,0.0582028945882295,1.0341982386853594,-1.492279219508596
2023-11-24 08:00:00,5,0.8112880588310851,1.0328433950735725,-0.02906930291157833,0.5398543020190552,0.7490771193712327
2023-11-24 12:00:00,5,0.11731060890957146,0.513696517785033,-0.031491624298414234,0.004455045518515277,0.8112880588310851
2023-11-24 16:00:00,5,0.11997676925244605,0.5932365248070495,-0.004470067743854009,-0.07296260177226976,0.11731060890957146
2023-11-24 20:00:00,5,-0.023914845007027452,-0.5265551752738546,-0.004573880630708848,-0.15213974773895345,0.11997676925244605
2023-11-25 00:00:00,5,-0.009867849839352516,-0.6504332863265411,0.0010288596209795402,-0.13635744933493577,-0.023914845007027452
2023-11-27 04:00:00,5,-1.3184663954054177,-1.5562678188188237,0.0004819086006144107,-0.1298452870890614,-0.009867849839352516
2023-11-27 08:00:00,5,1.0250658479147639,0.9454710228859157,0.05143510543752577,0.7402598748654796,-1.3184663954054177
2023-11-27 12:00:00,5,0.22821807303038533,0.38734100191143506,-0.039815538308137145,0.06378068000538839,1.0250658479147639
2023-11-27 16:00:00,5,-0.02349042023104353,0.378108280024554,-0.008788496699149844,-0.08682894044989631,0.22821807303038533
2023-11-27 20:00:00,5,-0.45874345918630155,-0.5599331285922698,0.0010123336977111354,-0.07132673578943738,-0.02349042023104353
2023-11-28 00:00:00,5,-0.5111537799591268,-0.9860986957785921,0.01795987948468715,0.23141518713090115,-0.45874345918630155
2023-11-28 04:00:00,5,-0.5355507430183302,-0.6043959203130025,0.020000591970324413,0.5687446359851904,-0.5111537799591268
2023-11-28 08:00:00,5,1.1498949815169546,1.3109831207265632,0.020950542025817337,0.9221745509323611,-0.5355507430183302
2023-11-28 12:00:00,5,0.8851887940169902,0.5189845682567809,-0.04467603844927262,0.16331595384550113,1.1498949815169546
2023-11-28 16:00:00,5,1.1209809030988875,0.07615261444180273,-0.034369113899085486,-0.4208531547965624,0.8851887940169902
2023-11-28 20:00:00,5,-0.935532975267904,-1.7273777063207547,-0.04355020445382341,-1.1606302728465732,1.1209809030988875
2023-11-29 00:00:00,5,-0.9187728410250333,-1.7657350427433196,0.03652474045369632,-0.5432371608219082,-0.935532975267904
2023-11-29 04:00:00,5,-0.406021671696859,-0.9901990958867131,0.03587214732497582,0.0630953133506349,-0.9187728410250333
2023-11-29 08:00:00,5,1.2361170435566589,0.6917107525836431,0.015907039349226555,0.3310441618309312,-0.406021671696859
2023-11-29 12:00:00,5,-0.8596104099182238,-0.1923141868939304,-0.04803328633379706,-0.48471559065628433,1.2361170435566589
2023-11-29 16:00:00,5,0.9555883679757837,0.7128722611729844,0.03356852639573852,0.08257338807397474,-0.8596104099182238
2023-11-29 20:00:00,5,-0.41398602770647486,-0.850128812884352,-0.037110277995065305,-0.5480550257990835,0.9555883679757837
2023-11-30 00:00:00,5,-0.7703730085519229,-1.2730430858254262,0.016217149276226094,-0.274850201664222,-0.41398602770647486
2023-11-30 04:00:00,5,-0.13357261108883733,-0.6063003107071275,0.03009386956348237,0.23354768675170767,-0.7703730085519229
2023-11-30 08:00:00,5,1.9755920494347947,0.9205822675090655,0.005298628801752604,0.3216972359621799,-0.13357261108883733
2023-11-30 12:00:00,5,-0.15411194447869647,-0.5028746124009503,-0.07682639149057076,-0.9820696602741066,1.9755920494347947
2023-11-30 16:00:00,5,-0.3066600019860086,-0.1602272784004584,0.006098373460386418,-0.8803654387049757,-0.15411194447869647
2023-11-30 20:00:00,5,-0.6716431285998787,-1.169288627908528,0.012038171596029492,-0.67798906292259,-0.3066600019860086
2023-12-01 00:00:00,5,-0.7532318984317659,-1.4232942527749175,0.026249601950679064,-0.2347467055727428,-0.6716431285998787
2023-12-01 04:00:00,5,-0.3588196731427864,-0.66763433367456,0.029426442291065735,0.26233912479669286,-0.7532318984317659
2023-12-01 08:00:00,5,1.3873939823682697,1.005415414295827,0.014069124481010893,0.49913761348049235,-0.3588196731427864
2023-12-01 12:00:00,5,0.21121543769234918,1.8554943430200834,-0.05392359063397425,-0.4164554345714464,1.3873939823682697
2023-12-01 16:00:00,5,0.7530909436074342,-0.01440907313404884,-0.008126461250569681,-0.5558443816549943,0.21121543769234918
2023-12-01 20:00:00,5,-1.433669559799494,-1.5331857985190889,-0.02922559009153043,-1.0528371906772946,0.7530909436074342
2023-12-02 00:00:00,5,-0.03956556650426357,-0.5439047623910688,0.0559207970436304,-0.10670516268953811,-1.433669559799494
2023-12-04 04:00:00,5,-0.6529439284345955,-2.423506652148422,0.0016382552952987366,-0.08059436929276664,-0.03956556650426357
2023-12-04 08:00:00,5,1.6387037533262312,0.1497538925256665,0.02552150697461264,0.35030768826261216,-0.6529439284345955
2023-12-04 12:00:00,5,0.4378427695762621,-1.100477136783789,-0.06370889589053862,-0.7311340531820001,1.6387037533262312
2023-12-04 16:00:00,5,-0.30783244102930496,-1.3831834556823217,-0.016950700807637168,-1.0200828312929762,0.4378427695762621
2023-12-04 20:00:00,5,-1.823398145281402,-2.8379670425936165,0.012083823119603909,-0.8169327192460898,-0.30783244102930496
2023-12-05 00:00:00,5,-0.5436672560663887,-1.4852520141022423,0.07109574691371504,0.38639574178748504,-1.823398145281402
2023-12-05 04:00:00,5,-0.053867538556751526,-0.7231538545219384,0.021266576525754966,0.745182046495362,-0.5436672560663887
2023-12-05 08:00:00,5,2.2866538370050318,1.0074103994880896,0.0021951344081600414,0.7807312448089103,-0.053867538556751526
2023-12-05 12:00:00,5,-0.5000338120450714,-0.6916023311071772,-0.08893827450023105,-0.7283169297328786,2.2866538370050318
2023-12-05 16:00:00,5,0.37682595467231295,-0.06677652085464993,0.019567611270579013,-0.39832596255434893,-0.5000338120450714
2023-12-05 20:00:00,5,-1.209574351216494,-1.4473818764362034,-0.01457487531807311,-0.6470074681743743,0.37682595467231295
2023-12-06 00:00:00,5,-0.8112889136304773,-1.0588799761604855,0.04719515134287118,0.1512357714173831,-1.209574351216494
2023-12-06 04:00:00,5,0.44017390138237644,-0.3590032347333952,0.03168702139166672,0.68663559203193,-0.8112889136304773
2023-12-06 08:00:00,5,0.92274520161806,0.8156315807881004,-0.01704146861276135,0.39614841307527193,0.44017390138237644
2023-12-06 12:00:00,5,-0.12900981456604477,0.13054428640549193,-0.035831456215962204,-0.21280557004826228,0.92274520161806
2023-12-06 16:00:00,5,0.5053823378094666,0.4630923364141787,0.005120966164009066,-0.12766718048604986,-0.12900981456604477
2023-12-06 20:00:00,5,-1.0393095161038168,-0.8715553762063605,-0.01958050421535671,-0.4611878393523341,0.5053823378094666
2023-12-07 00:00:00,5,-0.6945093111528564,-0.7409430256334842,0.04056551104004806,0.2246912835299284,-1.0393095161038168
2023-12-07 04:00:00,5,-0.8480389551440553,-0.1752836428308456,0.02713994766020041,0.6830238878082326,-0.6945093111528564
2023-12-07 08:00:00,5,1.820215821022039,1.9812375844342138,0.033117966050248776,1.242676431840259,-0.8480389551440553
2023-12-07 12:00:00,5,0.7751546290556277,0.707385144376945,-0.07077647222624253,0.041448105307447136,1.820215821022039
2023-12-07 16:00:00,5,0.0019937164589336476,0.2240396471764575,-0.03008468879020978,-0.47010535286534605,0.7751546290556277
2023-12-07 20:00:00,5,-1.3491806749622697,-1.1356539811903548,2.0052117250211307e-05,-0.4714210807355741,0.0019937164589336476
2023-12-08 00:00:00,5,-0.21843336669913072,-0.7200602740115573,0.05263103427090776,0.41895358014686046,-1.3491806749622697
2023-12-08 04:00:00,5,0.08732286198481987,-0.4412506466111265,0.008602871190674023,0.5631059078590734,-0.21843336669913072
2023-12-08 08:00:00,5,1.2485094892854942,0.9958392952000892,-0.0033024280755007246,0.5054782935077249,0.08732286198481987
2023-12-08 12:00:00,5,0.3667957593886264,0.15820880089927053,-0.048515813789334575,-0.3184596962371682,1.2485094892854942
2023-12-08 16:00:00,5,1.0552347075837751,-0.4418482018919274,-0.014184327341129377,-0.5605219017960312,0.3667957593886264
2023-12-08 20:00:00,5,-2.4436413156253796,-2.350808594236767,-0.040990230004279406,-1.2569106526522162,1.0552347075837751
2023-12-09 00:00:00,5,0.021479308168043332,-0.22508682927885437,0.0952462951871856,0.3557394157154601,-2.4436413156253796
2023-12-11 04:00:00,5,-1.780655119155302,-0.9515456565739601,-0.0007386627637971856,0.34156441893332357,0.021479308168043332
2023-12-11 08:00:00,5,2.2857393233104055,1.9741192910271652,0.06943145206103635,1.5166851624251532,-1.780655119155302
2023-12-11 12:00:00,5,0.14452430609198075,0.2647652950160492,-0.0889026658741553,0.008240509587935207,2.2857393233104055
2023-12-11 16:00:00,5,0.7531348901126069,0.40494496734804797,-0.005529693611461545,-0.08713647172668004,0.14452430609198075
2023-12-11 20:00:00,5,-1.4032580302642312,-1.1563760295897396,-0.029227301246518296,-0.5841582826872429,0.7531348901126069
2023-12-12 00:00:00,5,-1.8806209600463255,-0.723287215309016,0.05473665645615062,0.34190404240647077,-1.4032580302642312
2023-12-12 04:00:00,5,1.487806057631179,0.7585942710499244,0.07332384456379917,1.5829959736976384,-1.8806209600463255
2023-12-12 08:00:00,5,0.6200005184074584,1.139786557285482,-0.05783335826516215,0.6011372511368247,1.487806057631179
2023-12-12 12:00:00,5,2.1796807217891043,0.754432592455218,-0.02404341817539923,0.19197577886817463,0.6200005184074584
2023-12-12 16:00:00,5,-0.6277757288228436,-0.8582195358864522,-0.08477303817597932,-1.2464768461290117,2.1796807217891043
2023-12-12 20:00:00,5,-1.6763679333268477,-1.3339300261945968,0.024541527107453658,-0.8321842224398281,-0.6277757288228436
2023-12-13 00:00:00,5,-0.7109889166229628,-0.7631239603894268,0.06537079837538963,0.2741135165133475,-1.6763679333268477
2023-12-13 04:00:00,5,-0.5344359515184962,-0.2190549145430649,0.027781617776798124,0.7433216272410235,-0.7109889166229628
2023-12-13 08:00:00,5,1.7534373962192973,1.71633311833596,0.020907135137650128,1.096015849688266,-0.5344359515184962
2023-12-13 12:00:00,5,-0.0532443306171011,0.43399314795005084,-0.06817630563201701,-0.061142903034747675,1.7534373962192973
2023-12-13 16:00:00,5,0.5930845780426051,0.5932775253454681,0.002170868419995124,-0.02600498289040587,-0.0532443306171011
2023-12-13 20:00:00,5,2.441769163085942,-0.6879878734559692,-0.022995386132181817,-0.4174036219674555,0.5930845780426051
2023-12-14 00:00:00,5,-3.12273985187975,-2.8379670425936165,-0.094978034951595,-2.0288181870305273,2.441769163085942
2023-12-14 04:00:00,5,0.05770746512159697,-1.0755879800467247,0.12168850812305533,0.03199434033482973,-3.12273985187975
2023-12-14 08:00:00,5,0.7315529265100071,0.42276234575122407,-0.0021492866855091206,-0.006088968773836356,0.05770746512159697
2023-12-14 12:00:00,5,1.0680476279701168,-0.11435441721748528,-0.02838695946003508,-0.48886803680126434,0.7315529265100071
2023-12-14 16:00:00,5,0.3477884472718813,-0.6661237135322733,-0.04148912957643087,-1.193712511828135,1.0680476279701168
2023-12-14 20:00:00,5,-1.8948260292515826,-2.1272632040360384,-0.013444235340487436,-1.423231083021122,0.3477884472718813
2023-12-15 00:00:00,5,-0.6983821624812201,-1.3860948249388045,0.07387695054863298,-0.17276469661718963,-1.8948260292515826
2023-12-15 04:00:00,5,0.32104870931781093,-0.7818606718792548,0.027290745746231332,0.2881237467359927,-0.6983821624812201
2023-12-15 08:00:00,5,2.035827195813509,0.49730898434891335,-0.012403064130296454,0.07625172619020226,0.32104870931781093
2023-12-15 12:00:00,5,-0.34525856009788214,-0.8447361507102688,-0.07917178097639442,-1.2672665903157618,2.035827195813509
2023-12-15 16:00:00,5,-0.8554013443939201,-1.158681579738228,0.013541092362493052,-1.0394175860506305,-0.34525856009788214
2023-12-15 20:00:00,5,-0.41199900452734184,-1.143902854201929,0.03340463706169794,-0.4749063266861935,-0.8554013443939201
2023-12-16 00:00:00,5,-1.1468777470776104,-1.1314571715158486,0.01613978010635431,-0.20301281327651388,-0.41199900452734184
2023-12-18 04:00:00,6,-0.26215983094570205,-0.6752436559924547,0.01427649474536059,0.5400148117785744,-1.1468777470776104
2023-12-18 08:00:00,6,1.3097382932360802,1.2308169404817826,0.004734076134540836,0.7077758150469631,-0.26215983094570205
2023-12-18 12:00:00,6,-0.33968962131073255,0.3463611003149798,-0.012220152598709429,-0.13035033608647417,1.3097382932360802
2023-12-18 16:00:00,6,1.0403919679660234,0.8537901385805816,0.0055702994108895384,0.08702343725392403,-0.33968962131073255
2023-12-18 20:00:00,6,-1.3479861543829834,-1.041616701060908,-0.009315028445408468,-0.5787429378186353,1.0403919679660234
2023-12-19 00:00:00,6,-0.740960367058193,-0.47920321834264057,0.016445616194888223,0.28385873855346233,-1.3479861543829834
2023-12-19 04:00:00,6,0.48793395914521653,0.19194547991504807,0.009898338170338809,0.7580132042143095,-0.740960367058193
2023-12-19 08:00:00,6,0.7501965842340521,1.1661191441044687,-0.003356309300082506,0.4457750927552233,0.48793395914521653
2023-12-19 12:00:00,6,1.3217454158726358,0.7179942548766495,-0.006185029854891546,-0.03428980187652009,0.7501965842340521
2023-12-19 16:00:00,6,-0.5065595690690188,-0.13511472204706618,-0.012349659403556796,-0.8800995364659308,1.3217454158726358
2023-12-19 20:00:00,6,-2.416057550289114,-1.0691723824650716,0.0073701305955422725,-0.5559425471374517,-0.5065595690690188
2023-12-20 00:00:00,6,0.22575595442407703,0.2974647865046183,0.027965654593725513,0.9901380904970001,-2.416057550289114
2023-12-20 04:00:00,6,-1.0005602035934054,0.13588541611839192,-0.0005285014463240895,0.8456726120467941,0.22575595442407703
2023-12-20 08:00:00,6,2.5251091588702455,2.4927447318471536,0.012698338335758803,1.485949892436178,-1.0005602035934054
2023-12-20 12:00:00,6,0.4598813373022246,0.53853098150502,-0.025328938298428905,-0.1299149192176401,2.5251091588702455
2023-12-20 16:00:00,6,0.1952397583572214,0.466088141980457,-0.0030537384400650823,-0.4242016306940819,0.4598813373022246
2023-12-20 20:00:00,6,-0.586229190052892,-0.8418921552108372,-0.00019935888916537258,-0.5491392217114832,0.1952397583572214
2023-12-21 00:00:00,6,-1.6421298235394666,-1.4255552178502002,0.00822943372497061,-0.1740001444786401,-0.586229190052892
2023-12-21 04:00:00,6,0.832174233690953,-0.017039883475446,0.019618200327789565,0.876829594387738,-1.6421298235394666
2023-12-21 08:00:00,6,0.34342537507439985,0.9427063417646024,-0.007069226991159503,0.34430566105100446,0.832174233690953
2023-12-21 12:00:00,6,0.6977081677436239,0.8722733289166463,-0.0017976640223994738,0.1245413086615752,0.34342537507439985
2023-12-21 16:00:00,6,0.14332417870397052,0.35390613415028305,-0.005618898624543494,-0.3219352617076794,0.6977081677436239
2023-12-21 20:00:00,6,-1.0633876497944996,-0.7714830508630472,0.0003605938194229481,-0.4136510975215053,0.14332417870397052
2023-12-22 00:00:00,6,-0.0913953862910688,-0.44900916082962744,0.013375984601272218,0.26683064657028766,-1.0633876497944996
2023-12-22 04:00:00,6,-0.7631617245675528,-0.4714791133600856,0.002892239561519839,0.32531627208729397,-0.0913953862910688
2023-12-22 08:00:00,6,1.1310917813608796,1.6530768796555466,0.010137798277588622,0.8136778037057848,-0.7631617245675528
2023-12-22 12:00:00,6,0.40396638048349054,0.9420703268806093,-0.010293301374616237,0.08987091328620167,1.1310917813608796
2023-12-22 16:00:00,6,0.5096134997981903,0.7476686858048566,-0.0024506491221691867,-0.1686347663678518,0.40396638048349054
2023-12-22 20:00:00,6,-1.0763327643091287,-0.8342678888035532,-0.003590141178502515,-0.4947460233703307,0.5096134997981903
2023-12-23 00:00:00,6,1.901154444519797,-0.3734726383212692,0.01351560842872184,0.19401954281031664,-1.0763327643091287
2023-12-27 04:00:00,6,-2.546735573097834,-2.5146226341972553,-0.018599067714866857,-1.0225649195395174,1.901154444519797
2023-12-27 08:00:00,6,0.815669513055461,1.3363458401737573,0.029375125764295927,0.607139041059547,-2.546735573097834
2023-12-27 12:00:00,6,0.5965152352350316,1.0112823888421978,-0.006891209850908646,0.08517678867327128,0.815669513055461
2023-12-27 16:00:00,6,0.5966921465811819,0.662836899045361,-0.004527448677790695,-0.2965445222038152,0.5965152352350316
2023-12-27 20:00:00,6,-1.2866575561452418,-0.6775902701761711,-0.00452935681380918,-0.6783790419764539,0.5966921465811819
2023-12-28 00:00:00,6,-0.20885191859543184,-0.5886013666118147,0.015784136251362293,0.14497731167670302,-1.2866575561452418
2023-12-28 04:00:00,6,0.12642648051742,-0.2879080725188874,0.004159105959709062,0.27862557987899095,-0.20885191859543184
2023-12-28 08:00:00,6,1.1654413120193379,1.0615728798978226,0.0005428495494304703,0.19772289873678695,0.12642648051742
2023-12-28 12:00:00,6,1.034585415843278,0.05959325901002796,-0.010663789633813337,-0.5480649019705144,1.1654413120193379
2023-12-28 16:00:00,6,-0.3497333851637361,-0.5948861683982206,-0.009252399951025723,-1.2101155552022114,1.034585415843278
2023-12-28 20:00:00,6,-1.0584492741145741,-1.3915223903335927,0.005678629758185558,-0.9863145885939026,-0.3497333851637361
2023-12-29 00:00:00,6,-1.6309184903606688,-1.2760297768607878,0.013322720111951857,-0.3089930039193316,-1.0584492741145741
2023-12-29 04:00:00,6,-0.04813847622121514,-0.09283596978035492,0.019497276774161076,0.7346623921224165,-1.6309184903606688
2023-12-29 08:00:00,6,1.8868183172033337,1.5694329894777566,0.002425677806444468,0.7654671078469821,-0.04813847622121514
2023-12-29 12:00:00,6,0.5653397758509211,0.12791710481638532,-0.01844444065734121,-0.4419433971772122,1.8868183172033337
2023-12-29 16:00:00,6,-0.03076932959059775,-0.23817119189402408,-0.004191195417397316,-0.803714945633546,0.5653397758509211
2023-12-29 20:00:00,6,-0.7535378209075514,-1.2077802913539308,0.0022383371128291384,-0.7840250733011072,-0.03076932959059775
2023-12-30 00:00:00,6,-2.0114038391969675,-1.1288105793464007,0.010033996471702913,-0.301822058521509,-0.7535378209075514
2024-01-02 04:00:00,6,1.1648807346649193,0.2849773830996284,0.023601127739171272,0.9853130636836323,-2.0114038391969675
2024-01-02 08:00:00,6,1.9454599409749669,1.0533147732775023,-0.010657743340772277,0.23988398696180013,1.1648807346649193
2024-01-02 12:00:00,6,-0.4216545989630447,-0.4608518860373571,-0.01907693934629473,-1.0050523953172288,1.9454599409749669
2024-01-02 16:00:00,6,0.04054472000652787,-0.28351988467410794,0.006454359871204931,-0.7352276921977712,-0.4216545989630447
2024-01-02 20:00:00,6,-2.0361008337040136,-1.5624172679354242,0.001469155770753691,-0.7611730205915013,0.04054472000652787
2024-01-03 00:00:00,6,-0.34134331310443855,-0.5854353840903114,0.02386750536724704,0.54176617259305,-2.0361008337040136
2024-01-03 04:00:00,6,0.8851274600544485,-0.1722995370500843,0.005588135852382454,0.760198174394338,-0.34134331310443855
2024-01-03 08:00:00,6,0.5307092223194143,0.7318904279710252,-0.007640371582605341,0.19378847622096806,0.8851274600544485
2024-01-03 12:00:00,6,-0.267708019273746,0.1696687937048253,-0.003817676092766876,-0.1458223301291941,0.5307092223194143
2024-01-03 16:00:00,6,-0.0729109445354581,-0.20440346779974228,0.0047939179604974454,0.025489063131733047,-0.267708019273746
2024-01-03 20:00:00,6,1.558370063182787,-0.7393282206099919,0.0026928694823079983,0.07214614694350807,-0.0729109445354581
2024-01-04 00:00:00,6,-2.765491091178875,-2.290612593963326,-0.014901853043020056,-0.9250841469573015,1.558370063182787
2024-01-04 04:00:00,6,-0.04431059719420816,0.023179314730968844,0.0317345859819466,0.8446055812987936,-2.765491091178875
2024-01-04 08:00:00,6,2.418666520135183,1.58705090118618,0.002384390947208047,0.8729607652867699,-0.04431059719420816
2024-01-04 12:00:00,6,-1.2756006112003035,-0.10713136270003545,-0.024180865903454613,-0.674789401189285,2.418666520135183
2024-01-04 16:00:00,6,1.0009220961661232,0.9009865795420204,0.015664877903252095,0.1414914055719052,-1.2756006112003035
2024-01-04 20:00:00,6,-2.303713942552596,-0.7823849554508442,-0.008889313048034418,-0.49901745667674113,1.0009220961661232
2024-01-05 00:00:00,6,0.3642488598949285,0.44893498613533334,0.02675393533979809,0.9751723948037778,-2.303713942552596
2024-01-05 04:00:00,6,-0.305731754170381,-0.04241360186856367,-0.002022262626621601,0.7420827030882045,0.3642488598949285
2024-01-05 08:00:00,6,1.722943622904868,1.75758306046678,0.005204035568510741,0.9377261989876615,-0.305731754170381
2024-01-05 12:00:00,6,-0.5963952888523494,1.3194147788926893,-0.016676915772626515,-0.1648178090349166,1.722943622904868
2024-01-05 16:00:00,6,2.7700570970234697,0.9537351333403654,0.00833908355641916,0.21682674589743023,-0.5963952888523494
2024-01-05 20:00:00,6,-2.657630421509692,-2.3279388141054733,-0.02797090555273141,-1.555784855319354,2.7700570970234697
2024-01-06 00:00:00,6,-0.6630446103811529,-0.43509239915707765,0.030571218943866597,0.14488280311152124,-2.657630421509692
2024-01-08 04:00:00,6,-0.1977189367922847,-0.24134359970410074,0.00905795192627835,0.5691775116028435,-0.6630446103811529
2024-01-08 08:00:00,6,1.4735855133967526,1.1178130090783558,0.0040390274908376,0.6957015754984415,-0.1977189367922847
2024-01-08 12:00:00,6,-0.15932927502539407,0.27674415772114347,-0.013987381151995753,-0.24727349141944543,1.4735855133967526
2024-01-08 16:00:00,6,-0.3801619918250143,0.5040757241540208,0.0036249630571601505,-0.14531569364446284,-0.15932927502539407
2024-01-08 20:00:00,6,0.10019047522881408,-0.04291382136188998,0.006006827590750535,0.09795711028972676,-0.3801619918250143
2024-01-09 00:00:00,6,-0.2738789489505713,-0.6407451543888663,0.0008258266888944705,0.0338433420526556,0.10019047522881408
2024-01-09 04:00:00,6,-0.5997134076373314,-0.5213110015565271,0.004860476569880708,0.20910362919998882,-0.2738789489505713
2024-01-09 08:00:00,6,1.7145732160972127,1.4280059060868204,0.00837487222744004,0.5928715107088127,-0.5997134076373314
2024-01-09 12:00:00,6,0.18043658645047955,0.06796412414570183,-0.016586633972919415,-0.5043161166708909,1.7145732160972127
2024-01-09 16:00:00,6,-0.13481843682699157,0.18130696131297686,-3.969436725803437e-05,-0.6197808797509587,0.18043658645047955
2024-01-09 20:00:00,6,-1.168061957746513,-0.9579317552455395,0.003360593279713081,-0.5335080280345679,-0.13481843682699157
2024-01-10 00:00:00,6,-0.7262084526945607,-1.084679773231134,0.014504984077899801,0.21395677313011063,-1.168061957746513
2024-01-10 04:00:00,6,-0.696121150910205,-0.27886358389623134,0.009739226503668598,0.6786712115188731,-0.7262084526945607
2024-01-10 08:00:00,6,2.500763047618234,1.7447257969881682,0.009414709928089744,1.124132219987521,-0.696121150910205
2024-01-10 12:00:00,6,-0.6739248026039295,0.21317654906105915,-0.025066345238114247,-0.47615305747683756,2.500763047618234
2024-01-10 16:00:00,6,0.502685872239832,0.7437630187651676,0.009175303849261721,-0.04489590948263,-0.6739248026039295
2024-01-10 20:00:00,6,-1.612328309918075,-0.5255177446232548,-0.0035154209530653155,-0.3665740474017323,0.502685872239832
2024-01-11 00:00:00,6,-1.2706223085953638,-0.1283786259130717,0.019296766215259435,0.6651851427615636,-1.612328309918075
2024-01-11 04:00:00,6,0.20071758789010374,1.025532274685369,0.015611182768835276,1.4782802401157653,-1.2706223085953638
2024-01-11 08:00:00,6,2.1007575904685556,2.2501562952570224,-0.000258441836993549,1.3498372830212855,0.20071758789010374
2024-01-11 12:00:00,6,1.9497326132059456,0.9050396313373218,-0.020751953668626182,0.005523015921818697,2.1007575904685556
2024-01-11 16:00:00,6,0.04613518952176143,-0.4730217837339671,-0.019123023670203396,-1.2421475296251678,1.9497326132059456
2024-01-11 20:00:00,6,-1.0691096910886326,-2.221417290679105,0.001408857907024851,-1.2716703045378157,0.04613518952176143
2024-01-12 00:00:00,6,-1.6459653593449755,-1.7238439373968277,0.013437701576074471,-0.5875269186728183,-1.0691096910886326
2024-01-12 04:00:00,6,-0.6339491121474445,-0.4429408732035541,0.01965956977175084,0.4657572516466253,-1.6459653593449755
2024-01-12 08:00:00,6,1.6840403152001464,1.7430996334493747,0.008744132776949609,0.8714332039514172,-0.6339491121474445
2024-01-12 12:00:00,6,-0.07801943655622523,0.5361173064206419,-0.016257311240272233,-0.2062158462606547,1.6840403152001464
2024-01-12 16:00:00,6,0.9253480473695692,0.7664444339632068,0.002747968817862682,-0.15628974238771676,-0.07801943655622523
2024-01-12 20:00:00,6,-1.8870997702098027,-1.4677335341576303,-0.008074184071236671,-0.7484373503533224,0.9253480473695692
2024-01-13 00:00:00,6,-0.015862882375738963,-0.08821084553728084,0.022260404962255235,0.4591532617397842,-1.8870997702098027
2024-01-15 04:00:00,7,-0.8733637333173974,-0.6367399989430684,0.00261323813716526,0.48143756820126526,-0.015862882375738963
2024-01-15 08:00:00,7,1.7250232596840416,1.6455179611950723,0.06279545059154636,1.048756795224092,-0.8733637333173974
2024-01-15 12:00:00,7,0.37274097574068144,0.4180456660764601,-0.11956784138628565,-0.07178304968459415,1.7250232596840416
2024-01-15 16:00:00,7,-0.2167980264672238,0.3367107547383606,-0.02466025077432943,-0.31390796759675865,0.37274097574068144
2024-01-15 20:00:00,7,0.028463853650364968,-0.8352123014476809,0.016715523304562916,-0.17308040159710636,-0.2167980264672238
2024-01-16 04:00:00,7,-2.0372720214741946,-0.9162679062256638,-0.000497757078761069,-0.19156993904295128,0.028463853650364968
2024-01-16 08:00:00,7,2.4940605239719726,1.8748448728959966,0.14448233848016623,1.131800318235566,-2.0372720214741946
2024-01-16 12:00:00,7,0.7474401301506806,-0.04271091385674715,-0.1735413901867185,-0.488290412156271,2.4940605239719726
2024-01-16 16:00:00,7,-0.42880824274832285,-0.4709351962117711,-0.05095786213228452,-0.9738122408132224,0.7474401301506806
2024-01-16 20:00:00,7,-1.7823788767325173,-1.3418791928881075,0.031595093237020616,-0.6952671724338089,-0.42880824274832285
2024-01-17 00:00:00,7,-0.6331544947983261,-0.34876012463598843,0.12659310446580532,0.4625297087909619,-1.7823788767325173
2024-01-17 04:00:00,7,0.8659806995179231,0.09128713766725208,0.04593678111012865,0.8738139250597339,-0.6331544947983261
2024-01-17 08:00:00,7,0.9486966897580889,0.8517930663634388,-0.05927742673946655,0.3112905658619791,0.8659806995179231
2024-01-17 12:00:00,7,0.12053303996374432,0.08007385476423692,-0.06508270529113397,-0.3049634096360805,0.9486966897580889
2024-01-17 16:00:00,7,0.6396422972017479,0.1414147125526385,-0.006959473501699965,-0.38325920834437355,0.12053303996374432
2024-01-17 20:00:00,7,-1.5966283306792821,-1.4744323899874663,-0.04339225787949535,-0.7987577684245224,0.6396422972017479
2024-01-18 00:00:00,7,-0.03919603248903769,-0.6408309464569181,0.1135565240194803,0.23837935537511257,-1.5966283306792821
2024-01-18 04:00:00,7,-0.3151667017762989,-0.5354767367986771,0.004250834876348031,0.2638402967970528,-0.03919603248903769
2024-01-18 08:00:00,7,1.3646395282728037,1.15232185840086,0.023619358455053717,0.46856614333055546,-0.3151667017762989
2024-01-18 12:00:00,7,0.09981628012614685,0.0220952415966124,-0.09427493320423957,-0.417875796963715,1.3646395282728037
2024-01-18 16:00:00,7,0.41004944773242613,0.07772595903983948,-0.005505503583718499,-0.48271441199340437,0.09981628012614685
2024-01-18 20:00:00,7,-1.898535933008647,-1.5355246048519546,-0.027278681281179468,-0.7490741506157956,0.41004944773242613
2024-01-19 00:00:00,7,-0.3539685338048706,-0.5754764248539115,0.13474538633375785,0.4841759797718552,-1.898535933008647
2024-01-19 04:00:00,7,-0.6332885998772788,-0.12262213856900683,0.02634259785032469,0.714106703166804,-0.3539685338048706
2024-01-19 08:00:00,7,2.4214493530396783,1.7908112807642256,0.04594619304289103,1.1254780313533583,-0.6332885998772788
2024-01-19 12:00:00,7,-1.0690243949678955,0.030760219239441194,-0.16844530088160592,-0.4474459667881465,2.4214493530396783
2024-01-19 16:00:00,7,0.7604322899289571,0.9226668484230117,0.07652755534162807,0.24697042615969877,-1.0690243949678955
2024-01-19 20:00:00,7,-1.9963432528021627,-0.7725332596120917,-0.051869694370303726,-0.24699084389101422,0.7604322899289571
2024-01-20 00:00:00,7,1.022399391777924,0.4503683623325371,0.14160982371938027,1.0497929219633448,-1.9963432528021627
2024-01-22 04:00:00,7,-0.7665926261136065,-0.4011180090989878,-0.07025540181563157,0.3856631779346156,1.022399391777924
2024-01-22 08:00:00,7,1.4467740373127533,1.4750883680484512,0.05530190530739686,0.8836260764353678,-0.7665926261136065
2024-01-22 12:00:00,7,0.1181436490420662,0.31354407000580864,-0.10003940150470876,-0.056168761858742755,1.4467740373127533
2024-01-22 16:00:00,7,-0.2528897038705953,0.40942325418499076,-0.006791778237109743,-0.13291246107053922,0.1181436490420662
2024-01-22 20:00:00,7,-0.2758528560928575,-0.47186986986819596,0.019248555190116663,0.03135952074961601,-0.2528897038705953
2024-01-23 00:00:00,7,-0.2856144434380461,-0.7782085067873414,0.020860184267971073,0.21054789681854125,-0.2758528560928575
2024-01-23 04:00:00,7,0.14508666843132545,-0.38209637916841827,0.02154528437353366,0.3960772004711579,-0.2856144434380461
2024-01-23 08:00:00,7,0.6186479221395906,0.9690022937685691,-0.0086827274009109,0.3018318666591764,0.14508666843132545
2024-01-23 12:00:00,7,0.35945438728525225,0.16525389352702916,-0.04191880401767093,-0.10002917656776944,0.6186479221395906
2024-01-23 16:00:00,7,0.5497327503504081,0.1491947442486311,-0.023727754569409662,-0.3335233982364887,0.35945438728525225
2024-01-23 20:00:00,7,-1.9146468741848306,-1.1070965311663992,-0.037082112012768266,-0.6906185546993058,0.5497327503504081
2024-01-24 00:00:00,7,-0.43358084537983643,-0.22366629680355,0.13587610484399648,0.5530969137210615,-1.9146468741848306
2024-01-24 04:00:00,7,0.15247359039535624,0.16528711632027307,0.03193005008891723,0.8347421672037818,-0.43358084537983643
2024-01-24 08:00:00,7,2.132634863921492,1.4790579360362612,-0.009201165728447301,0.7356984398945183,0.15247359039535624
2024-01-24 12:00:00,7,-0.013716600262554834,-0.10051437599683521,-0.1481753560472342,-0.6496175703389593,2.132634863921492
2024-01-24 16:00:00,7,0.4464253223052381,0.0010790764440542664,0.002462605043354519,-0.6407075472163175,-0.013716600262554834
2024-01-24 20:00:00,7,-1.4411349323776523,-1.4737901047475346,-0.02983165905298093,-0.9306963103306458,0.4464253223052381
2024-01-25 00:00:00,7,-1.0885974349942007,-0.895768276725013,0.10264348909763032,0.005435480677622451,-1.4411349323776523
2024-01-25 04:00:00,7,-0.49129849818928406,0.010064230186728225,0.07790125526501315,0.7125661202956746,-1.0885974349942007
2024-01-25 08:00:00,7,0.7830955223092424,1.7811329250837156,0.03598086361281275,1.0317035811237236,-0.49129849818928406
2024-01-25 12:00:00,7,1.4951558385210628,1.1324015183598277,-0.053460274093362375,0.5230207386223373,0.7830955223092424
2024-01-25 16:00:00,7,0.300970579300996,0.21761468065227874,-0.10343499444907334,-0.4482019286694481,1.4951558385210628
2024-01-25 20:00:00,7,-1.2507162044953262,-1.1083459844351318,-0.01962316977117346,-0.6437062642537619,0.300970579300996
2024-01-26 00:00:00,7,-0.7559207208513463,-0.6547716411408387,0.08927928039262133,0.1687334138446488,-1.2507162044953262
2024-01-26 04:00:00,7,0.0389561798316187,0.02296835953320602,0.0545529161150467,0.6597640608523729,-0.7559207208513463
2024-01-26 08:00:00,7,1.7556316919945054,1.4070722969760243,-0.0012341428242532782,0.6344589228133923,0.0389561798316187
2024-01-26 12:00:00,7,-0.9130417035179725,-0.01886952930369331,-0.12171604120927242,-0.5059635339972033,1.7556316919945054
2024-01-26 16:00:00,7,0.6368252205088627,0.8645464931174877,0.06558018022737978,0.08712969133274662,-0.9130417035179725
2024-01-26 20:00:00,7,-1.400129658576665,-0.6023526040189421,-0.04319454622959398,-0.3265389533170904,0.6368252205088627
2024-01-27 00:00:00,7,0.5227751449611979,0.08326290165209768,0.0997656049568378,0.5829566500992431,-1.400129658576665
2024-01-29 04:00:00,7,-1.0244610551866131,-0.44460508491811473,-0.03519013915581632,0.24337260300399954,0.5227751449611979
2024-01-29 08:00:00,7,1.0161271170541148,1.6812709471491933,0.07339995450082566,0.9088415614365104,-1.0244610551866131
2024-01-29 12:00:00,7,1.0624584813379894,0.8705317038283722,-0.06981519307463033,0.24878615884450284,1.0161271170541148
2024-01-29 16:00:00,7,-0.7899109062372123,0.22825449384305418,-0.07306687965379989,-0.44136515083606653,1.0624584813379894
2024-01-29 20:00:00,7,-0.006118982005929752,-0.2357592813998705,0.05693845842210053,0.0717448257383051,-0.7899109062372123
2024-01-30 00:00:00,7,-1.054956320465866,-0.5626884575575825,0.001929379361344549,0.07571959135925077,-0.006118982005929752
2024-01-30 04:00:00,7,-0.05167036399947378,0.23573798403902124,0.07554021189167644,0.7609976507036667,-1.054956320465866
2024-01-30 08:00:00,7,1.0870849951494819,1.599507197203894,0.0051263242340122625,0.7945616628625221,-0.05167036399947378
2024-01-30 12:00:00,7,0.6128508887566433,0.7751479831979157,-0.07479524888467173,0.08841347324885263,1.0870849951494819
2024-01-30 16:00:00,7,0.3608557275050295,0.4049330700705738,-0.041511949267294235,-0.3096819356010556,0.6128508887566433
2024-01-30 20:00:00,7,-2.0885011173256984,-0.9529945349337173,-0.023826105206303946,-0.5440864392289999,0.3608557275050295
2024-01-31 00:00:00,7,0.7820356064864953,0.17063275525990027,0.14807776386895202,0.8125611914402793,-2.0885011173256984
2024-01-31 04:00:00,7,-1.4920043701647465,-0.46235664831189094,-0.05338588573659483,0.3045668485895341,0.7820356064864953
2024-01-31 08:00:00,7,2.6958492070701823,2.1252217951904417,0.10621367250791608,1.2737423864624002,-1.4920043701647465
2024-01-31 12:00:00,7,-0.33297253341062394,0.04059837984435789,-0.18770357951139413,-0.4774261473119914,2.6958492070701823
2024-01-31 16:00:00,7,0.5902592735898349,0.46225854601064775,0.02486902991738186,-0.2611339965527417,-0.33297253341062394
2024-01-31 20:00:00,7,1.2676956585882753,-0.9231216216706484,-0.039926395874357735,-0.6445543540297827,0.5902592735898349
2024-02-01 00:00:00,7,-2.0197829057583334,-2.620699868349052,-0.0874710955694463,-1.4680235383966647,1.2676956585882753
2024-02-01 04:00:00,7,-1.5540024723360037,-1.0961176430445005,0.14325489517617956,-0.15601385315787297,-2.0197829057583334
2024-02-01 08:00:00,7,1.8450037807649124,1.5805128617989659,0.110564901958641,0.853434384460698,-1.5540024723360037
2024-02-01 12:00:00,7,0.1269186164821985,0.1659979360078865,-0.12798846651120183,-0.3450423541850878,1.8450037807649124
2024-02-01 16:00:00,7,0.36115284961434924,0.20027143976016704,-0.007407634132975493,-0.42748609285968087,0.1269186164821985
2024-02-01 20:00:00,7,-1.7420904299943576,-1.1050959668482487,-0.02384695820707746,-0.6620836009357838,0.36115284961434924
2024-02-02 00:00:00,7,-0.329825348598785,-0.24658976230646035,0.1237655295912261,0.4695427289029954,-1.7420904299943576
2024-02-02 04:00:00,7,0.07223085956180597,0.05372932980475224,0.024648150200736327,0.683790532746249,-0.329825348598785
2024-02-02 08:00:00,7,1.5847939668972106,1.4370853725500858,-0.0035694686057665443,0.6368708429874967,0.07223085956180597
2024-02-02 12:00:00,7,2.1032040993688295,-0.025558009395418316,-0.10972609128008214,-0.3925789200287326,1.5847939668972106
2024-02-02 16:00:00,7,-1.5578135018603056,-1.4581015370133068,-0.14610980879668842,-1.7587773072607522,2.1032040993688295
2024-02-02 20:00:00,7,-1.6920569127003198,-1.4434439516151525,0.11083237246697879,-0.7468535027719199,-1.5578135018603056
2024-02-03 00:00:00,7,0.9093028047929579,-0.36546651004681713,0.1202540138133431,0.3522720770658623,-1.6920569127003198
2024-02-05 04:00:00,7,-1.6508377384523065,-1.2735466008000709,-0.06231791368565455,-0.23839243608647465,0.9093028047929579
2024-02-05 08:00:00,7,1.477782493277699,1.3940874960281917,0.11736111744004624,0.8339580108017426,-1.6508377384523065
2024-02-05 12:00:00,7,-0.26676233198036137,0.2869970946178544,-0.10221567629524148,-0.1259792865825613,1.477782493277699
2024-02-05 16:00:00,7,0.6616051933708,0.6566323922822832,0.020222181573444138,0.04730407086010935,-0.26676233198036137
2024-02-05 20:00:00,7,-1.5351323773058922,-1.0659172382282853,-0.04493368571820584,-0.3824611375848388,0.6616051933708
2024-02-06 00:00:00,7,-1.1463239043293925,-0.36552858031827246,0.10924053701265939,0.614729472062777,-1.5351323773058922
2024-02-06 04:00:00,7,1.1173533750552274,0.5760030596407594,0.08195268756150215,1.3593580460610468,-1.1463239043293925
2024-02-06 08:00:00,7,1.3465845608074467,1.185239359745091,-0.07691958271843656,0.633548135635893,1.1173533750552274
2024-02-06 12:00:00,7,0.03531274819264141,0.1862722653624226,-0.09300777657499097,-0.24116566688986474,1.3465845608074467
2024-02-06 16:00:00,7,-0.4738802582231969,0.34522768459492065,-0.0009784348833000354,-0.26410410621869396,0.03531274819264141
2024-02-06 20:00:00,7,-0.34047747988634924,-0.4036325534627759,0.03475839460060209,0.043718822007773994,-0.4738802582231969
2024-02-07 00:00:00,7,-2.4984702661338503,-0.5590794901634816,0.025395751590911238,0.2648860325743314,-0.34047747988634924
2024-02-07 04:00:00,7,1.0910738104393367,1.257811453491459,0.17685073871348966,1.8878412413263401,-2.4984702661338503
2024-02-07 08:00:00,7,1.5998722506963965,1.87917737680144,-0.07507519697912751,1.1791019988435725,1.0910738104393367
2024-02-07 12:00:00,7,0.11409901680571366,0.6504362755591439,-0.11078433452036994,0.1398576909161502,1.5998722506963965
2024-02-07 16:00:00,7,1.0035023470439715,0.7631435944535129,-0.00650791272691147,0.0657413021208324,0.11409901680571366
2024-02-07 20:00:00,7,-1.4283665538559784,-1.03645467472688,-0.0689291454513495,-0.5861133079602574,1.0035023470439715
2024-02-08 00:00:00,7,-1.0534109552341917,-0.33412713121994814,0.1017473625596269,0.34172440538378623,-1.4283665538559784
2024-02-08 04:00:00,7,-0.002036564190937895,0.5049319014934323,0.07543175310870251,1.0259986270655475,-1.0534109552341917
2024-02-08 08:00:00,7,1.3910889258024604,1.8211137188758026,0.0016428619357354798,1.0273215375305789,-0.002036564190937895
2024-02-08 12:00:00,7,0.6465861937592194,0.7270284798804487,-0.09613123837253437,0.12369860930502874,1.3910889258024604
2024-02-08 16:00:00,7,-0.03151617846794608,0.40577031754353793,-0.043879603235974105,-0.29631056402505074,0.6465861937592194
2024-02-08 20:00:00,7,-1.6117926515970211,-0.7210070372601668,0.003711837619600801,-0.2758382987762591,-0.03151617846794608
2024-02-09 00:00:00,7,-0.14639166774612633,0.050398452791797374,0.11462080562595986,0.7711492578879273,-1.6117926515970211
2024-02-09 04:00:00,7,-1.0773615918370432,0.2669147172982134,0.011774174926844816,0.8662422925767537,-0.14639166774612633
2024-02-09 08:00:00,7,2.4322202584557058,2.382904852959954,0.0771126870679722,1.5660743581738128,-1.0773615918370432
2024-02-09 12:00:00,7,0.27211822131219776,0.6151857210755596,-0.16920123822832875,-0.013846199936752512,2.4322202584557058
2024-02-09 16:00:00,7,0.423240505010801,0.6118550165431071,-0.017598216983797328,-0.1906086335991528,0.27211822131219776
2024-02-09 20:00:00,7,-2.2195551802888396,-0.8592249262133554,-0.028204472795850605,-0.4655370133653136,0.423240505010801
2024-02-10 00:00:00,7,0.6256933472393307,0.3917038776918427,0.15727556635695703,0.976240657471811,-2.2195551802888396
2024-02-12 04:00:00,8,-0.6480191762372236,-0.5236074150144224,-0.10029900236112842,0.5341991407768756,0.6256933472393307
2024-02-12 08:00:00,8,2.1512548427630946,1.5891877917494392,0.10270641481241315,0.9745268679984029,-0.6480191762372236
2024-02-12 12:00:00,8,-1.0685267141379668,-0.2907466519109092,-0.3434443292025304,-0.4872464719334513,2.1512548427630946
2024-02-12 16:00:00,8,0.4109872346448782,0.9938967132369069,0.16972727437274593,0.23881528173850697,-1.0685267141379668
2024-02-12 20:00:00,8,-0.8727220610027402,-0.5035539405275622,-0.0660789541527789,-0.040449717792911954,0.4109872346448782
2024-02-13 00:00:00,8,-0.5351482703585262,-0.3327539951218021,0.13851975732192612,0.5525631677960554,-0.8727220610027402
2024-02-13 04:00:00,8,-0.7513121291618887,0.16077258577243236,0.08471695101086461,0.9161953414329034,-0.5351482703585262
2024-02-13 08:00:00,8,2.331159477988379,2.2536204488887313,0.11916933608630029,1.4267104224661118,-0.7513121291618887
2024-02-13 12:00:00,8,3.1061805941050107,0.34919864247020754,-0.37211768747781704,-0.15730775535054953,2.331159477988379
2024-02-13 16:00:00,8,-2.6230745521397534,-1.8492016627856072,-0.4956412315237877,-2.267951223162333,3.1061805941050107
2024-02-13 20:00:00,8,-1.2262321262875915,-1.2785921286561628,0.417492469856897,-0.48557733944025827,-2.6230745521397534
2024-02-14 00:00:00,8,-0.6276567512246913,-1.0458564577939213,0.19486250103800307,0.34764492467461494,-1.2262321262875915
2024-02-14 04:00:00,8,-0.5707147760124194,-0.35463934414038784,0.09946103368586874,0.7741364250447216,-0.6276567512246913
2024-02-14 08:00:00,8,1.5978394240439187,1.47361619895152,0.0903855718217572,1.1619359677565502,-0.5707147760124194
2024-02-14 12:00:00,8,0.20846047007979074,0.14647934448836913,-0.25524049523165043,0.0762072920411736,1.5978394240439187
2024-02-14 16:00:00,8,-0.07339121551145489,0.2709671658411596,-0.03380006109681373,-0.06544117820743445,0.20846047007979074
2024-02-14 20:00:00,8,-1.6338604546067579,-0.6844709214777703,0.01112170732416695,-0.015571994841856451,-0.07339121551145489
2024-02-15 00:00:00,8,0.3362776932081637,0.14836725031968734,0.25983066089900564,1.0946328987101754,-1.6338604546067579
2024-02-15 04:00:00,8,-0.32599747266210244,-0.09179529738164358,-0.05417168202766236,0.8661328823596683,0.3362776932081637
2024-02-15 08:00:00,8,1.0093241656854843,1.6463123423640933,0.05138231375484406,1.0876475095205098,-0.32599747266210244
2024-02-15 12:00:00,8,1.81076316583637,0.8445531286986423,-0.1614424180878736,0.4018137684780143,1.0093241656854843
2024-02-15 16:00:00,8,-0.7010922474966996,-0.2227978162143345,-0.28917646762104626,-0.8285961616400144,1.81076316583637
2024-02-15 20:00:00,8,-3.0141240786410073,-1.1599926541884356,0.11116524737716131,-0.3522053892165715,-0.7010922474966996
2024-02-16 00:00:00,8,1.368760925586038,0.844245184374396,0.47981828576881397,1.6958858614439105,-3.0141240786410073
2024-02-16 04:00:00,8,-1.2029174495835697,-0.2643213810403899,-0.21872976358083887,0.765815564801489,1.368760925586038
2024-02-16 08:00:00,8,1.4055115701665954,2.300868327067354,0.19114658745206486,1.5831955529769406,-1.2029174495835697
2024-02-16 12:00:00,8,2.345732360688192,0.9032902258643646,-0.22458711349062008,0.6281532672399255,1.4055115701665954
2024-02-16 16:00:00,8,-0.45615491079777293,-0.7935232479935284,-0.37444032628160445,-0.9657671550682263,2.345732360688192
2024-02-16 20:00:00,8,-1.5486649589421848,-1.5775546544811843,0.0721269202024995,-0.6558108104137101,-0.45615491079777293
2024-02-17 00:00:00,8,-0.2136870711720782,-0.12234260088503726,0.24625212820821696,0.39650391514465255,-1.5486649589421848
2024-02-19 04:00:00,8,-0.6638315606406486,-0.7005712877605583,0.033482183633504324,0.5417038503258631,-0.2136870711720782
2024-02-19 08:00:00,8,0.5958171564339665,1.3645655065006674,0.10522660648295126,0.9927760609541014,-0.6638315606406486
2024-02-19 12:00:00,8,0.6623174955747899,0.8961973939689991,-0.09553730891287293,0.587919501221494,0.5958171564339665
2024-02-19 16:00:00,8,-1.1311432371333972,0.6038920465071599,-0.10613619118861381,0.13787609476103668,0.6623174955747899
2024-02-19 20:00:00,8,0.6420660454080362,0.613948505722181,0.17970715063081114,0.9064856498995955,-1.1311432371333972
2024-02-20 04:00:00,8,-1.2215999718652206,-0.7358197124640506,-0.10290849733015213,0.4702030631059948,0.6420660454080362
2024-02-20 08:00:00,8,1.764782836781901,1.9254159846973553,0.19412422421054518,1.3002777876051663,-1.2215999718652206
2024-02-20 12:00:00,8,0.45511481225748973,0.44437259557044406,-0.28184808251888704,0.10111139862278051,1.764782836781901
2024-02-20 16:00:00,8,0.41335500257080504,0.25145972875212924,-0.07311204610798329,-0.20813820116503656,0.45511481225748973
2024-02-20 20:00:00,8,-2.2903421474113337,-1.2493253220571756,-0.06645633107788045,-0.4890120942410352,0.41335500257080504
2024-02-21 00:00:00,8,0.018274423741978296,0.17306606482693027,0.364461287871905,1.0672707895236808,-2.2903421474113337
2024-02-21 04:00:00,8,0.08420280659951018,0.12232614774950151,-0.0034880425166613255,1.0548533553370678,0.018274423741978296
2024-02-21 08:00:00,8,1.0671173459062224,1.679539145945249,-0.01399576589920259,0.9976377175670166,0.08420280659951018
2024-02-21 12:00:00,8,0.3187915596335067,0.5449262387805434,-0.17065354575149555,0.2725336267745835,1.0671173459062224
2024-02-21 16:00:00,8,0.039583437408175826,0.5456920500537664,-0.05138472674878474,0.05591540302708076,0.3187915596335067
2024-02-21 20:00:00,8,-0.5583328566677466,-0.40796529977972135,-0.00688429177159986,0.029018536902277958,0.039583437408175826
2024-02-22 00:00:00,8,0.010067013448441742,-0.585759313859963,0.0884121306757805,0.40840459031686294,-0.5583328566677466
2024-02-22 04:00:00,8,-1.0489624920717162,-0.6867211646947389,-0.0021799382781899066,0.4015640749213141,0.010067013448441742
2024-02-22 08:00:00,8,3.454559525971746,1.947376859601512,0.1666091115306357,1.114331979038834,-1.0489624920717162
2024-02-22 12:00:00,8,-1.2401774605210107,-0.8528350889971159,-0.5511661707031906,-1.2330342724588856,3.454559525971746
2024-02-22 16:00:00,8,-0.07199299296262751,0.396637120322259,0.19708512061777503,-0.3903361817735682,-1.2401774605210107
2024-02-22 20:00:00,8,-1.3779426858011448,-0.8373693562876838,0.010898857390139918,-0.3414170878183853,-0.07199299296262751
2024-02-23 00:00:00,8,0.07524549903463651,-0.3163234505315755,0.21904226284141068,0.5948921964275939,-1.3779426858011448
2024-02-23 04:00:00,8,-0.7040630230851868,-0.35341831967557263,-0.012568142377063003,0.543763031136594,0.07524549903463651
2024-02-23 08:00:00,8,1.131325416994848,1.6618036183982794,0.11163873219147695,1.0221724395988012,-0.7040630230851868
2024-02-23 12:00:00,8,0.32207435278154506,0.7591640096847144,-0.1808870843381127,0.2534390936107105,1.131325416994848
2024-02-23 16:00:00,8,0.08743095401751688,0.8416025239964438,-0.05190794119492443,0.03459021852012967,0.32207435278154506
2024-02-23 20:00:00,8,-1.3906814014551685,-0.5923099050776439,-0.0145102708610455,-0.024818938929325185,0.08743095401751688
2024-02-24 00:00:00,8,-0.20560447445281227,0.8026987224363223,0.22107257049555992,0.9201462769886568,-1.3906814014551685
2024-02-26 04:00:00,8,-1.0864121184327828,0.10908616401488985,0.032193972291779,1.059854103951544,-0.20560447445281227
2024-02-26 08:00:00,8,2.254424057707471,2.666510044137819,0.1725778657685786,1.7980689538780048,-1.0864121184327828
2024-02-26 12:00:00,8,0.6489654932536837,0.7494141398075442,-0.35988752900878196,0.26619233984326307,2.254424057707471
2024-02-26 16:00:00,8,-0.6273793180155813,0.5442830611680399,-0.10400813736851007,-0.17477840788810184,0.6489654932536837
2024-02-26 20:00:00,8,-1.287785320152068,0.19258008742406516,0.09941681613809787,0.251524577174278,-0.6273793180155813
2024-02-27 00:00:00,8,-0.12644574665766584,0.7217909659847327,0.20467290296819335,1.1265721127494022,-1.287785320152068
2024-02-27 04:00:00,8,0.027487745532347674,0.8644763315355838,0.019577584949430373,1.2124917433472113,-0.12644574665766584
2024-02-27 08:00:00,8,1.9794620858169232,1.9592407092098676,-0.004956469810210226,1.1938138755301146,0.027487745532347674
2024-02-27 12:00:00,8,-0.5120920977286865,0.4551907095510851,-0.31606384918961455,-0.15122663149628757,1.9794620858169232
2024-02-27 16:00:00,8,0.2746519212088572,0.9661399263174051,0.08104223803059929,0.1967389191997473,-0.5120920977286865
2024-02-27 20:00:00,8,-0.9191190272091063,-0.32870519427318806,-0.04434971253079805,0.01011349100616954,0.2746519212088572
2024-02-28 00:00:00,8,-0.7282555771728845,-0.16283680377832946,0.14591454641813575,0.6346530218377229,-0.9191190272091063
2024-02-28 04:00:00,8,-0.024666541765970607,0.5032455032064004,0.11549456264343917,1.12950122215633,-0.7282555771728845
2024-02-28 08:00:00,8,1.6945730997177755,2.0099090901962455,0.003355926162379686,1.1462620876870275,-0.024666541765970607
2024-02-28 12:00:00,8,0.31713777547570565,0.5729352346100508,-0.2706579931544169,-0.00519692613745093,1.6945730997177755
2024-02-28 16:00:00,8,-0.2737766561044861,0.7152154140992719,-0.05112114518176596,-0.22069140687514377,0.31713777547570565
2024-02-28 20:00:00,8,-1.2121845791402777,-0.2043356500242632,0.04305931429065842,-0.03466071956001038,-0.2737766561044861
2024-02-29 00:00:00,8,0.8239258233041866,0.18553459206561582,0.19262359067452345,0.7890162645149559,-1.2121845791402777
2024-02-29 04:00:00,8,-1.4590848673523205,-0.4725225877286218,-0.13189346795612023,0.22916032432307887,0.8239258233041866
2024-02-29 08:00:00,8,2.4791704300031903,2.3796924208574186,0.23197477477998146,1.2206055577730446,-1.4590848673523205
2024-02-29 12:00:00,8,-0.008590913212492168,0.10056566061261063,-0.39570780259893357,-0.46398576431846905,2.4791704300031903
2024-02-29 16:00:00,8,-0.12966342923666474,0.40147049476245306,0.0007937784087261838,-0.4581482560651189,-0.008590913212492168
2024-02-29 20:00:00,8,-1.211978345205038,-0.8560263370966006,0.02009042201606987,-0.37004221662497017,-0.12966342923666474
2024-03-01 00:00:00,8,-0.5485781804803302,-0.3407688800456576,0.19259072092935964,0.45349463190569494,-1.211978345205038
2024-03-01 04:00:00,8,-1.3380244778616586,0.07111734863066826,0.0868574218444547,0.8262524024655544,-0.5485781804803302
2024-03-01 08:00:00,8,2.6600266052676176,2.7700570970234697,0.21268006391016595,1.7354373446838576,-1.3380244778616586
2024-03-01 12:00:00,8,-0.14482475280316365,0.9246103418088153,-0.42453281815876687,-0.07204538483571277,2.6600266052676176
2024-03-01 16:00:00,8,1.6765737872987874,0.9950467834628555,0.02250684704039116,0.026362743481605833,-0.14482475280316365
2024-03-01 20:00:00,8,-2.5202361480615902,-1.3533331779815676,-0.26778924698202294,-1.1128657737470409,1.6765737872987874
2024-03-02 00:00:00,8,-0.2897124551968595,0.75533210436553,0.40110199497613946,0.5996296211905445,-2.5202361480615902
2024-03-04 04:00:00,8,-0.8056446609989365,0.23708395238902796,0.04559917590237521,0.7964886519453724,-0.2897124551968595
2024-03-04 08:00:00,8,2.102287836379734,2.4662204170346156,0.12782890258060556,1.343922579110444,-0.8056446609989365
2024-03-04 12:00:00,8,-0.0944292407745273,0.7189342953046876,-0.3356399248527473,-0.08457777844637171,2.102287836379734
2024-03-04 16:00:00,8,-0.3204599914181081,1.007050635545462,0.014474766210155157,-0.020413299217626246,-0.0944292407745273
2024-03-04 20:00:00,8,-2.2188999715981588,0.3553882537869097,0.0504997451459091,0.19733862057264417,-0.3204599914181081
2024-03-05 00:00:00,8,0.3928449367944786,1.5528659850946143,0.3530747713405662,1.705076689527651,-2.2188999715981588
2024-03-05 04:00:00,8,-0.13545711590679943,1.2145605262050376,-0.06318741883713763,1.4381393449051938,0.3928449367944786
2024-03-05 08:00:00,8,1.4437833591701583,2.5669999212299794,0.021013824870140287,1.5301821827878008,-0.13545711590679943
2024-03-05 12:00:00,8,-0.02061407886773381,1.4742208419582608,-0.23068690473035744,0.549134293379467,1.4437833591701583
2024-03-05 16:00:00,8,2.218198285591166,1.8313459927028113,0.002710041077579384,0.5631415185194708,-0.02061407886773381
2024-03-05 20:00:00,8,-2.356938586745999,-1.492743973475985,-0.3541138337318983,-0.9441197562047297,2.218198285591166
2024-03-06 00:00:00,8,-0.5842999861208256,-0.13782211977567307,0.37507548668067964,0.657415274176314,-2.356938586745999
2024-03-06 04:00:00,8,-0.60400523463586,0.5873836322117959,0.09255079450318275,1.0544459398397752,-0.5842999861208256
2024-03-06 08:00:00,8,1.2646111383753755,2.7441130610766877,0.09569143426417392,1.4648662822460494,-0.60400523463586
2024-03-06 12:00:00,8,0.7724338567035467,1.5750262673372801,-0.20213027930825975,0.6055655565897311,1.2646111383753755
2024-03-06 16:00:00,8,0.24683715933578831,1.1927719293637264,-0.12368663323621225,0.0806983041633611,0.7724338567035467
2024-03-06 20:00:00,8,-0.5694263539242908,0.1460360902704353,-0.03991657143062813,-0.08702704926716187,0.24683715933578831
2024-03-07 00:00:00,8,-0.3067764226209242,-0.026571045780365215,0.09018022198129065,0.2998970132265306,-0.5694263539242908
2024-03-07 04:00:00,8,-0.6874979775764665,0.24091921504498542,0.048318845970549536,0.5083509755339239,-0.3067764226209242
2024-03-07 08:00:00,8,1.143533672321908,2.187586690598997,0.10899858073499458,0.9755044688818142,-0.6874979775764665
2024-03-07 12:00:00,8,1.3148017074886091,1.3471117038909532,-0.1828328467609131,0.1984756379472472,1.143533672321908
2024-03-07 16:00:00,8,0.1613322551847105,0.5465437537724755,-0.21012969615720384,-0.694929478498727,1.3148017074886091
2024-03-07 20:00:00,8,-3.167960814022422,-0.856148197653007,-0.026288724944361914,-0.8045544214911562,0.1613322551847105
2024-03-08 00:00:00,8,-0.017081875317600748,1.171243155754989,0.5043369193435859,1.348068581527345,-3.167960814022422
2024-03-08 04:00:00,8,0.20703648548491316,1.2660810700180622,0.0021470753831859227,1.35967568145756,-0.017081875317600748
2024-03-08 08:00:00,8,1.5822842132804347,2.560319100545157,-0.0335731051853316,1.218994805877836,0.20703648548491316
2024-03-08 12:00:00,8,2.1844895355113767,1.1082208982591097,-0.25276129212101106,0.14383586459795517,1.5822842132804347
2024-03-08 16:00:00,8,-1.3838227124414377,-0.35653891398972265,-0.3487413036309393,-1.3405203822283074,2.1844895355113767
2024-03-08 20:00:00,8,-1.7137657338627825,-0.5761532634540258,0.2199794266355187,-0.40021563170375885,-1.3838227124414377
2024-03-09 00:00:00,8,-0.7469594063732998,0.8729806893699893,0.27256603426682213,0.7642847384298594,-1.7137657338627825
2024-03-11 04:00:00,9,-0.029774653111150684,-0.3072615413793137,0.11226659652750959,1.0314992886631131,-0.7469594063732998
2024-03-11 08:00:00,9,1.3850078985288228,1.4823915188780195,0.0018584949933808524,1.0512298086737903,-0.029774653111150684
2024-03-11 12:00:00,9,0.03047886255441412,0.25012953290418594,-0.21594236440816253,0.13343822417213502,1.3850078985288228
2024-03-11 16:00:00,9,0.8495104901439436,0.38618688480425767,-0.0074173244452404915,0.11324105158753284,0.03047886255441412
2024-03-11 20:00:00,9,-2.5969443436796897,-1.3340897426428864,-0.13350439850426454,-0.44969695015828215,0.8495104901439436
2024-03-12 00:00:00,9,0.07019054167338012,0.49556531049286523,0.3970653514726986,1.2711984083303847,-2.5969443436796897
2024-03-12 04:00:00,9,0.6893031263416596,0.14457434196194782,-0.013530799502141061,1.224685829934355,0.07019054167338012
2024-03-12 08:00:00,9,-0.27718749873809045,1.3672429320838446,-0.10884103134713786,0.7679111002024506,0.6893031263416596
2024-03-12 12:00:00,9,2.7086690982471797,1.288207855231679,0.039946843158309084,0.951592618510837,-0.27718749873809045
2024-03-12 16:00:00,9,-0.7031997592601016,-0.5048717264156708,-0.4197154082027398,-0.8433384473781089,2.7086690982471797
2024-03-12 20:00:00,9,-1.9059463107432304,-1.4812080611675422,0.10552995085901803,-0.37735495229619964,-0.7031997592601016
2024-03-13 00:00:00,9,-0.747338306914969,-0.2488592102893222,0.2906886045698747,0.8856425269024442,-1.9059463107432304
2024-03-13 04:00:00,9,0.690511108187259,0.244473201908443,0.11232492694974133,1.3808749436928807,-0.747338306914969
2024-03-13 08:00:00,9,1.2746412768218711,1.4760956901505295,-0.10902699595619249,0.9232997307483544,0.690511108187259
2024-03-13 12:00:00,9,-0.17181655776802174,0.4536436020236213,-0.19895180636858603,0.07864387111881932,1.2746412768218711
2024-03-13 16:00:00,9,0.915437966960388,0.6204290826082153,0.023725352815056368,0.1925001104695383,-0.17181655776802174
2024-03-13 20:00:00,9,-0.55836675182025,-1.1997489146567286,-0.14365370455285295,-0.4141255001872697,0.915437966960388
2024-03-14 00:00:00,9,-1.0566376467670935,-0.7652141195321173,0.08323341245914587,-0.044117281150759524,-0.55836675182025
2024-03-14 04:00:00,9,-0.3962976777187954,-0.2616774305826989,0.15994048593018992,0.6560759387583683,-1.0566376467670935
2024-03-14 08:00:00,9,1.4001504496516546,1.5423978719151221,0.05828344146834454,0.9186872018090764,-0.3962976777187954
2024-03-14 12:00:00,9,0.638395690197811,0.533119274118053,-0.21827350755398486,-0.009138770224364379,1.4001504496516546
2024-03-14 16:00:00,9,-0.5587944104516289,0.1297866911390138,-0.10100400838611329,-0.4321790956030451,0.638395690197811
2024-03-14 20:00:00,9,-0.10896295822300317,-1.1395145138825715,0.08329924901992113,-0.06188748360297325,-0.5587944104516289
2024-03-15 00:00:00,9,-1.5896204458151004,-1.091766298286412,0.014049259494908362,0.010318087344098004,-0.10896295822300317
2024-03-15 04:00:00,9,-0.6438495404627069,-0.23228828851300978,0.24199133646148518,1.06369855489997,-1.5896204458151004
2024-03-15 08:00:00,9,1.3744089023968442,1.5661850050671955,0.0963931908355373,1.4903529375570042,-0.6438495404627069
2024-03-15 12:00:00,9,1.2917309972623592,0.6302895964018475,-0.2143106857705778,0.5795849010541936,1.3744089023968442
2024-03-15 16:00:00,9,-0.5151588058214394,-0.15904773067900216,-0.20158270946712636,-0.2763956604910671,1.2917309972623592
2024-03-15 20:00:00,9,-1.539306116173293,-1.007877106398725,0.07658169926081175,0.06498031084242761,-0.5151588058214394
2024-03-16 00:00:00,9,0.26067368383416323,0.09842291299773116,0.23424562018622055,1.0850194029634412,-1.539306116173293
2024-03-18 04:00:00,9,0.023813935460534452,-0.618161656572526,-0.04285501757087111,0.9122809560721503,0.26067368383416323
2024-03-18 08:00:00,9,0.12268892916134888,1.1591920568140286,-0.006391282070592218,0.8965003749052425,0.023813935460534452
2024-03-18 12:00:00,9,1.0693960473371291,0.8924036772993568,-0.021612743896225264,0.8151991297532,0.12268892916134888
2024-03-18 16:00:00,9,0.14708817870394597,0.27878018883758104,-0.1673550162342817,0.1065514073915459,1.0693960473371291
2024-03-18 20:00:00,9,-1.07444135349391,-0.9546018041680466,-0.02536892360947542,0.009081715891914754,0.14708817870394597
2024-03-19 00:00:00,9,-0.8974479492941505,-0.08469624160961578,0.1626813047373902,0.721072769029405,-1.07444135349391
2024-03-19 04:00:00,9,1.5164236894059968,0.1282697242942202,0.13543378496947456,1.3157770853480013,-0.8974479492941505
2024-03-19 08:00:00,9,0.5142209406111995,0.6601527929058293,-0.23617336892458357,0.31090129932965027,1.5164236894059968
2024-03-19 12:00:00,9,0.23994035258797908,0.047339476151615684,-0.0818877370237154,-0.02985318471971432,0.5142209406111995
2024-03-19 16:00:00,9,-0.4475179823076054,-0.05310194539760187,-0.03966319324532987,-0.1888524486383698,0.23994035258797908
2024-03-19 20:00:00,9,-1.5164312819186812,-0.9811612049972085,0.06616862943968341,0.10770054467766954,-0.4475179823076054
2024-03-20 00:00:00,9,0.18730051415096227,0.13224154108645458,0.2307241189113093,1.112581361962814,-1.5164312819186812
2024-03-20 04:00:00,9,-0.551924528308394,-0.3337526296384703,-0.03155947296898721,0.9884644989159064,0.18730051415096227
2024-03-20 08:00:00,9,2.5571805657295688,1.5891920529703019,0.08224165452736151,1.354203703652253,-0.551924528308394
2024-03-20 12:00:00,9,-1.1398496441001367,-0.0837572438114908,-0.396394274835942,-0.34034172512888006,2.5571805657295688
2024-03-20 16:00:00,9,0.29590262762885544,0.6479047286985798,0.17275068387237358,0.41499289214192636,-1.1398496441001367
2024-03-20 20:00:00,9,1.9070460179026245,-0.6675780117230042,-0.04827839109593929,0.21890957611306838,0.29590262762885544
2024-03-21 00:00:00,9,-1.9845069995406224,-2.0157484140905275,-0.29630831952132214,-1.0448166368187035,1.9070460179026245
2024-03-21 04:00:00,9,-1.6028983566141726,-1.1667941093968928,0.3027827497198945,0.2702399960695949,-1.9845069995406224
2024-03-21 08:00:00,9,3.083860797131903,1.8657169975195247,0.24403542470652517,1.332419225570506,-1.6028983566141726
2024-03-21 12:00:00,9,-0.06870769509646202,-0.2910866383774523,-0.47747486697093977,-0.7111369811404149,3.083860797131903
2024-03-21 16:00:00,9,0.07659430180230942,-0.14297305068366453,0.007852101568248362,-0.6656070282664857,-0.06870769509646202
2024-03-21 20:00:00,9,-1.5158183416804505,-1.5535560373579398,-0.014516636129731211,-0.7163631327548501,0.07659430180230942
2024-03-22 00:00:00,9,-1.8257548670091452,-0.5243460831399828,0.23062975889075799,0.2881115125560765,-1.5158183416804505
2024-03-22 04:00:00,9,1.8745134045163674,0.519594395373431,0.27834341036198146,1.497969199348944,-1.8257548670091452
2024-03-22 08:00:00,9,1.1562503786973952,0.8392020855648148,-0.291300036696593,0.25580110086508867,1.8745134045163674
2024-03-22 12:00:00,9,-0.650117397039379,0.009184386622303477,-0.18072593884785537,-0.5104016538430542,1.1562503786973952
2024-03-22 16:00:00,9,0.04823400611842743,0.3536248842386265,0.09735810558333537,-0.07959380316244946,-0.650117397039379
2024-03-22 20:00:00,9,-1.9571845897305664,-0.9398174892779085,-0.010150667122217438,-0.11155662803104249,0.04823400611842743
2024-03-23 00:00:00,9,0.3391067499380327,0.7178375383191284,0.29857655963743035,1.1853944923770676,-1.9571845897305664
2024-03-25 04:00:00,9,1.6221894815467515,-0.5243927396270445,-0.05492951565053641,0.960681462457579,0.3391067499380327
2024-03-25 08:00:00,9,0.7956255082068342,0.4585012329911996,-0.25245564523399866,-0.11428125523679,1.6221894815467515
2024-03-25 12:00:00,9,-1.5379932105720595,-0.17485592219897134,-0.12520899271124367,-0.6415117472958851,0.7956255082068342
2024-03-25 16:00:00,9,0.8594172272951468,0.8686682265037057,0.2340435029294518,0.3776573326661108,-1.5379932105720595
2024-03-25 20:00:00,9,-2.2570150468186547,-0.9089453215555143,-0.1350295062764067,-0.19184548361751652,0.8594172272951468
2024-03-26 00:00:00,9,-0.1947217873767748,0.758284140984347,0.3447344170076994,1.303791774671133,-2.2570150468186547
2024-03-26 04:00:00,9,1.1519555496188723,0.5137423263565952,0.027251533349155588,1.4328264306924865,-0.1947217873767748
2024-03-26 08:00:00,9,0.42365533545304856,1.5111691203288864,-0.18006476482984057,0.6694696944000693,1.1519555496188723
2024-03-26 12:00:00,9,0.8564718192820173,0.8030556181930051,-0.06794547670052922,0.3887295614224513,0.42365533545304856
2024-03-26 16:00:00,9,0.21294427412801475,0.41549663365340583,-0.13457607094402707,-0.17882144600127958,0.8564718192820173
2024-03-26 20:00:00,9,-0.8675878107839115,-1.0195137182015093,-0.03550724074065975,-0.31993144470244417,0.21294427412801475
2024-03-27 00:00:00,9,-1.8035201337917783,-0.33772654091479803,0.130836920368734,0.2549857037120109,-0.8675878107839115
2024-03-27 04:00:00,9,1.1665347294120956,0.6418922830724976,0.2749204504182834,1.45010928606243,-1.8035201337917783
2024-03-27 08:00:00,9,0.7993501318008143,1.4755981683116515,-0.1823091789164102,0.6770914867989148,1.1665347294120956
2024-03-27 12:00:00,9,0.05739284309344228,0.7848756831065966,-0.12578238557559288,0.14739282961699196,0.7993501318008143
2024-03-27 16:00:00,9,0.09914341564091345,0.5642610596677251,-0.011560638260159838,0.10936079495658468,0.05739284309344228
2024-03-27 20:00:00,9,-0.8385989530221778,-0.6863065608561684,-0.01798799387802847,0.04366225805247481,0.09914341564091345
2024-03-28 00:00:00,9,1.6285793401374367,0.035721977260447665,0.12637418641272363,0.5993696028793138,-0.8385989530221778
2024-03-28 04:00:00,9,-1.7779844629209247,-1.2452740167717782,-0.2534393417680649,-0.4798274288914701,1.6285793401374367
2024-03-28 08:00:00,9,1.5286102624634008,1.4852431553500471,0.2709893225890492,0.6983746443074352,-1.7779844629209247
2024-03-28 12:00:00,9,0.42603830155233346,0.4207466978659671,-0.23804944951519133,-0.31457671601477344,1.5286102624634008
2024-03-28 16:00:00,9,-0.4589924822148088,0.04698664126965253,-0.06831232605398455,-0.5968959491797623,0.42603830155233346
2024-03-28 20:00:00,9,-1.6681292868990472,-1.010741447904002,0.06793508884229259,-0.2927392451106048,-0.4589924822148088
2024-03-29 00:00:00,9,1.0525254734782372,0.37726303576992665,0.25407749983611955,0.8126660186448866,-1.6681292868990472
2024-04-01 04:00:00,9,-0.7463786095647862,-1.0623229717873313,-0.16475784999074514,0.11519777816911336,1.0525254734782372
2024-04-01 08:00:00,9,0.21681133724885626,1.2855020149897218,0.11217718487630897,0.6097942403540912,-0.7463786095647862
2024-04-01 12:00:00,9,-0.1124451980259984,0.6525008406371994,-0.036102561675387834,0.46612168732178283,0.21681133724885626
2024-04-01 16:00:00,9,2.304215976937387,1.025262934243536,0.014585338216585746,0.5406348049549052,-0.1124451980259984
2024-04-01 20:00:00,9,-2.3142703740402535,-1.7296483364037651,-0.3574512550953962,-0.9862806983817585,2.304215976937387
2024-04-02 00:00:00,9,0.0645535695528956,-0.10551122497255264,0.35354867574995325,0.5472974680762146,-2.3142703740402535
2024-04-02 04:00:00,9,0.09435029649836935,-0.38482464614855494,-0.012663007224917318,0.5045202947849123,0.0645535695528956
2024-04-02 08:00:00,9,1.4280002887523313,0.819253918011696,-0.01725010983553022,0.44199797400001195,0.09435029649836935
2024-04-02 12:00:00,9,-0.808875071132805,-0.0026778540046805952,-0.22256089354364872,-0.5042830176643474,1.4280002887523313
2024-04-02 16:00:00,9,0.4470625567091062,0.46483664824377335,0.12179829804546112,0.031727451292136166,-0.808875071132805
2024-04-02 20:00:00,9,-1.3291091523408483,-1.1714420268619972,-0.07154893710500046,-0.264523748956794,0.4470625567091062
2024-04-03 00:00:00,9,-1.238194596564366,-0.04221676169812704,0.20188652774955348,0.6162258815675496,-1.3291091523408483
2024-04-03 04:00:00,9,1.1719641423972504,0.5031024768265979,0.1878905476907986,1.4367299248364027,-1.238194596564366
2024-04-03 08:00:00,9,0.9175537369526694,1.3489838554912932,-0.18314501818573245,0.6601142619420362,1.1719641423972504
2024-04-03 12:00:00,9,0.5005227873962497,0.5423474228392493,-0.14397941999377403,0.052086611704284635,0.9175537369526694
2024-04-03 16:00:00,9,0.5416269214678717,0.1992653739069079,-0.07977895391851543,-0.2795906318778947,0.5005227873962497
2024-04-03 20:00:00,9,-1.5771444105177057,-1.365001917229252,-0.08610679257851167,-0.6385060077329925,0.5416269214678717
2024-04-04 00:00:00,9,-0.7540175851945428,-0.1011253438335089,0.24007069416451401,0.4066070700007298,-1.5771444105177057
2024-04-04 04:00:00,9,-0.2179913865555143,0.10645981591048248,0.11335317863957657,0.9062655881888908,-0.7540175851945428
2024-04-04 08:00:00,9,1.9186530377975082,1.867120478156543,0.030833807312871126,1.0507201146121812,-0.2179913865555143
2024-04-04 12:00:00,9,-0.18013620589612955,0.5120419882064838,-0.29809517991571,-0.22069762498307277,1.9186530377975082
2024-04-04 16:00:00,9,-0.5207155880926422,0.6309727221059066,0.02500613374504443,-0.10132827408540734,-0.18013620589612955
2024-04-04 20:00:00,9,0.6522183124666405,-0.4106896311783481,0.077437146589288,0.24372996361699073,-0.5207155880926422
2024-04-05 00:00:00,9,-1.1385104128627752,-1.1442620347131933,-0.10313195306979928,-0.18847008309436397,0.6522183124666405
2024-04-05 04:00:00,9,0.22097015004223763,-0.5367590111310426,0.17254451387536832,0.5659770770286112,-1.1385104128627752
2024-04-05 08:00:00,9,0.6652915345209927,0.9121594431216058,-0.0367427964587746,0.41954863835309375,0.22097015004223763
2024-04-05 12:00:00,9,2.074765927365572,0.21877147233551064,-0.10514453019360147,-0.021314530927130093,0.6652915345209927
2024-04-05 16:00:00,9,-0.9797524442546113,-1.1152675815057724,-0.3221282169871447,-1.3961822915872446,2.074765927365572
2024-04-05 20:00:00,9,-1.7629981444451168,-1.8262393908576766,0.1481042760737217,-0.7469379449037614,-0.9797524442546113
2024-04-06 00:00:00,9,0.7194345885130424,-0.28914618912763934,0.26868223091654264,0.4213332701430961,-1.7629981444451168
2024-04-08 04:00:00,10,-0.792010419046413,-1.3165785627343778,-0.10134970862924009,-0.2734401520667671,0.7194345885130424
2024-04-08 08:00:00,10,0.42511300781912453,0.782939248719353,0.11691606920601846,0.27881279246239465,-0.792010419046413
2024-04-08 12:00:00,10,0.04621938430752692,0.46053153934612623,-0.05884711778235888,-0.01760996244078683,0.42511300781912453
2024-04-08 16:00:00,10,0.7269469247674856,0.4397480684635695,-0.00413158990078935,-0.04983781003512533,0.04621938430752692
2024-04-08 20:00:00,10,-1.4689680257608764,-1.3391074633171938,-0.1024345551884832,-0.5567232878835391,0.7269469247674856
2024-04-09 00:00:00,10,-1.2325941761327428,-0.2817710398719222,0.21467462333933193,0.46755858788064053,-1.4689680257608764
2024-04-09 04:00:00,10,0.1715837460694125,0.6380871256526844,0.1805401878216907,1.3270217297902835,-1.2325941761327428
2024-04-09 08:00:00,10,1.6907226184674862,1.8749157831932994,-0.022235291852183266,1.2073798327628875,0.1715837460694125
2024-04-09 12:00:00,10,0.6971345324307912,0.5433495461044894,-0.24161213054983596,0.02847293712518173,1.6907226184674862
2024-04-09 16:00:00,10,0.35352999563769494,0.026757361769556134,-0.09812938697531383,-0.45762495882346066,0.6971345324307912
2024-04-09 20:00:00,10,-1.5067581519359248,-1.5591560649454115,-0.048509909511183384,-0.7041343182651811,0.35352999563769494
2024-04-10 00:00:00,10,-1.7845431268718848,-0.5082050088786724,0.22013184556232773,0.34649785283908585,-1.5067581519359248
2024-04-10 04:00:00,10,1.1029567793120876,0.8950790532484817,0.26024640700657536,1.5908239030454077,-1.7845431268718848
2024-04-10 08:00:00,10,0.9192257549575835,1.3220555249645505,-0.15673364180124677,0.8217543120204862,1.1029567793120876
2024-04-10 12:00:00,10,4.373677641951403,0.7187623339149053,-0.13020128717197843,0.18079667099149965,0.9192257549575835
2024-04-10 16:00:00,10,-2.5867269439044858,-2.893900591760177,-0.6290541229272504,-2.868880830848889,4.373677641951403
2024-04-10 20:00:00,10,-0.12400172002066867,-1.7340161350752803,0.37608871282370576,-1.065208130199153,-2.5867269439044858
2024-04-11 00:00:00,10,-2.625348668257038,-1.8170202029402729,0.020449815015928276,-0.9787442234609731,-0.12400172002066867
2024-04-11 04:00:00,10,-0.36592902309508446,0.20937117950881393,0.38166602504147573,0.8518586292215726,-2.625348668257038
2024-04-11 08:00:00,10,3.041819093090421,1.933542412122397,0.05538621741298773,1.107013581269113,-0.36592902309508446
2024-04-11 12:00:00,10,-0.4346142578776746,-0.43051966431042643,-0.4367221884673419,-1.0139857269303505,3.041819093090421
2024-04-11 16:00:00,10,1.294729395164131,-0.19282939859338963,0.0653049614762114,-0.7109379413516148,-0.4346142578776746
2024-04-11 20:00:00,10,-2.180208420248203,-2.7134677653424246,-0.1844272720405871,-1.6137267224748975,1.294729395164131
2024-04-12 00:00:00,10,-1.4808860707754334,-0.99722629858976,0.3173839095880583,-0.09351121670036555,-2.180208420248203
2024-04-12 04:00:00,10,0.516044687320349,0.13733152783395305,0.21639569248334153,0.939080872280762,-1.4808860707754334
2024-04-12 08:00:00,10,2.3252600398630054,1.0880197944300667,-0.07197844155327714,0.5792532851330829,0.516044687320349
2024-04-12 12:00:00,10,-0.1409211835844033,-0.6199331672714451,-0.33324484173269664,-1.0421037992300821,2.3252600398630054
2024-04-12 16:00:00,10,-0.12230973946596357,-0.5746982071526826,0.022893132408770032,-0.9438422906570985,-0.1409211835844033
2024-04-12 20:00:00,10,-0.9128881428829594,-1.8180486071926527,0.020205478338108186,-0.8585581679482104,-0.12230973946596357
2024-04-13 00:00:00,10,0.012163906713631434,-0.8997409393046515,0.13437186169875429,-0.22201961642275414,-0.9128881428829594
2024-04-15 04:00:00,10,-0.2558209791356951,-1.4216294013703201,0.0007863166518183354,-0.23050126406025484,0.012163906713631434
2024-04-15 08:00:00,10,0.5249898827052881,0.25766810285237013,0.03948566017106665,-0.052122437718399084,-0.2558209791356951
2024-04-15 12:00:00,10,0.6743196407383376,-0.09495512815911959,-0.07327020540761327,-0.4181873297953107,0.5249898827052881
2024-04-15 16:00:00,10,-0.190120765905462,-0.6186626401931702,-0.09483471859070529,-0.8883768603824969,0.6743196407383376
2024-04-15 20:00:00,10,-1.279984735425165,-1.7356864707520216,0.02999797912880744,-0.7558094720470692,-0.190120765905462
2024-04-16 00:00:00,10,-0.3427449784637062,-0.8498742432097092,0.18738379591479,0.1366981542313983,-1.279984735425165
2024-04-16 04:00:00,10,0.39024807106884296,-0.597718051961066,0.05203824013989725,0.3756873379937318,-0.3427449784637062
2024-04-16 08:00:00,10,1.6578908635908363,0.4050796502415007,-0.053812318301784366,0.10357520264571818,0.39024807106884296
2024-04-16 12:00:00,10,0.023329571395098725,-0.7813294200948696,-0.23687094017902677,-1.0524387702871056,1.6578908635908363
2024-04-16 16:00:00,10,-0.11889457616137022,-0.92126291265354,-0.0008261022417299737,-1.0687060114593354,0.023329571395098725
2024-04-16 20:00:00,10,-0.2752472896747289,-2.0115830206571133,0.019712299114660867,-0.9858032134725132,-0.11889457616137022
2024-04-17 00:00:00,10,-1.0795105727037981,-1.9168127721755455,0.04229098802557987,-0.7938788112915969,-0.2752472896747289
2024-04-17 04:00:00,10,0.24814926950491412,-1.1378132381988781,0.15843358678154104,-0.0411577888285084,-1.0795105727037981
2024-04-17 08:00:00,10,1.3684450868645097,0.07623365607431339,-0.03329201799466986,-0.21418728625841332,0.24814926950491412
2024-04-17 12:00:00,10,-0.5195439213614552,-0.9086936305333877,-0.1950724577451119,-1.168376537401464,1.3684450868645097
2024-04-17 16:00:00,10,-0.5035032639037347,-0.49991998395445153,0.07756954203909035,-0.8061090046971024,-0.5195439213614552
2024-04-17 20:00:00,10,0.23322351923150642,-1.0675415902037972,0.07525313187564575,-0.45502629999522703,-0.5035032639037347
2024-04-18 00:00:00,10,-1.4713149823106502,-1.3998292813888358,-0.03113661010559255,-0.6176483717908567,0.23322351923150642
2024-04-18 04:00:00,10,0.6898338749173938,-0.24841798466715395,0.21501354423577201,0.40826998959791183,-1.4713149823106502
2024-04-18 08:00:00,10,0.13559296512839936,0.5825134265844262,-0.09707510866356532,-0.07273730462149253,0.6898338749173938
2024-04-18 12:00:00,10,0.36437113422834955,0.5557124023383826,-0.017037910698585707,-0.1672835535707886,0.13559296512839936
2024-04-18 16:00:00,10,0.6842352562189689,0.24511708640060967,-0.05007546402046049,-0.4213522210276057,0.36437113422834955
2024-04-18 20:00:00,10,-1.6924852752152262,-1.7239369654911414,-0.09626661952972121,-0.898455710969758,0.6842352562189689
2024-04-19 00:00:00,10,-0.09113078663651564,-0.49952944397041904,0.24695245420168443,0.28168024978593387,-1.6924852752152262
2024-04-19 04:00:00,10,2.073583711470441,-0.49321237906185095,0.015702966928581703,0.34522391543350217,-0.09113078663651564
2024-04-19 08:00:00,10,-0.9167739477055648,-0.9576250678841597,-0.29690059546202036,-1.1006443242369066,2.073583711470441
2024-04-19 12:00:00,10,0.7251884860949804,-0.12209696076505926,0.13493300564238442,-0.4613962791195192,-0.9167739477055648
2024-04-19 16:00:00,10,0.29962641815654756,-0.6741309662488874,-0.10218062138162266,-0.9670556330290143,0.7251884860949804
2024-04-19 20:00:00,10,-1.582420478391736,-2.232798840567678,-0.0407257650612154,-1.1759791114409612,0.29962641815654756
2024-04-20 00:00:00,10,0.5579393460898352,-0.6773286661643162,0.23105814222155519,-0.07258912103242565,-1.582420478391736
2024-04-22 04:00:00,10,-1.6805511799921042,-1.6533481360249098,-0.07802839390862602,-0.46162901159064695,0.5579393460898352
2024-04-22 08:00:00,10,1.4922204754448032,1.1345314684795682,0.2452290672682486,0.7101855444603018,-1.6805511799921042
2024-04-22 12:00:00,10,0.15461170037734817,0.05343548362672155,-0.2129466981774264,-0.33030979705717733,1.4922204754448032
2024-04-22 16:00:00,10,-0.18071314991828302,-0.02292553199163181,-0.019784381143618666,-0.43811742778867035,0.15461170037734817
2024-04-22 20:00:00,10,-0.9448718930130902,-1.1722599086548988,0.028639437725880307,-0.31210978097302444,-0.18071314991828302
2024-04-23 00:00:00,10,-1.3124168404934728,-0.5629441589274143,0.138990592823821,0.34673039659380933,-0.9448718930130902
2024-04-23 04:00:00,10,1.0852212105134882,0.4183617336803388,0.1920672733844727,1.2618522777993988,-1.3124168404934728
2024-04-23 08:00:00,10,2.9480366465777674,0.9276523978070158,-0.15417247172902054,0.5051493423845361,1.0852212105134882
2024-04-23 12:00:00,10,-1.1815825320457485,-1.3535421426792775,-0.42317918919644537,-1.55045735103832,2.9480366465777674
2024-04-23 16:00:00,10,1.6811496017058616,-0.31266887853854863,0.17317366365467418,-0.7265636031351779,-1.1815825320457485
2024-04-23 20:00:00,10,-3.5799609660041636,-2.8534459766733584,-0.2402297038394657,-1.8987954266178981,1.6811496017058616
2024-04-24 00:00:00,10,0.20334886254842743,0.002995514722239427,0.519520326492588,0.5974393920548664,-3.5799609660041636
2024-04-24 04:00:00,10,-0.4549977875227391,-0.21392853666407816,-0.0268224503803754,0.45564831783612547,0.20334886254842743
2024-04-24 08:00:00,10,1.4731982389219205,1.518240959229755,0.06824852007791794,0.7729091288949288,-0.4549977875227391
2024-04-24 12:00:00,10,0.1837130806547762,0.45317661658039665,-0.21019972211804772,-0.2543223894724189,1.4731982389219205
2024-04-24 16:00:00,10,0.4745885250956974,0.2906961713213253,-0.023986873044127072,-0.38242182768723154,0.1837130806547762
2024-04-24 20:00:00,10,-0.5526012367493109,-1.0909765035428498,-0.0659918119049786,-0.7133428662506045,0.4745885250956974
2024-04-25 00:00:00,10,-0.7169954526280691,-0.7810489605621701,0.08234330530549351,-0.32802513203102457,-0.5526012367493109
2024-04-25 04:00:00,10,0.19637503977546444,-0.2575073416220853,0.10608325695502986,0.17192138433502535,-0.7169954526280691
2024-04-25 08:00:00,10,0.49483394334838593,0.929609282235983,-0.025815369841941632,0.03499301655091891,0.19637503977546444
2024-04-25 12:00:00,10,1.604327275794521,0.634539389976199,-0.06891542602287391,-0.31004474519487424,0.49483394334838593
2024-04-25 16:00:00,10,-1.0649118466775995,-0.6882647740070965,-0.22913589319052427,-1.4287099050708232,1.604327275794521
2024-04-25 20:00:00,10,-0.9873727714501257,-1.2602374243519805,0.1563254040322016,-0.6861682808081415,-1.0649118466775995
2024-04-26 00:00:00,10,-1.403893622773488,-0.7829837734641872,0.14512808856091047,0.002306904957436018,-0.9873727714501257
2024-04-26 04:00:00,10,1.0215779194266652,0.30377035142577546,0.2052773147279244,0.981213707617739,-1.403893622773488
2024-04-26 08:00:00,10,1.4769199003669193,0.8420852711427099,-0.1449818280975388,0.26888795974612023,1.0215779194266652
2024-04-26 12:00:00,10,-0.15385088458550733,-0.23463533248783963,-0.210737162333252,-0.7609385983354979,1.4769199003669193
2024-04-26 16:00:00,10,0.5816682107700881,-0.1039910896316209,0.024760293458010042,-0.6536614691620457,-0.15385088458550733
2024-04-26 20:00:00,10,-1.2947883509334588,-2.053416948676843,-0.08145504792559612,-1.0592470200738013,0.5816682107700881
2024-04-27 00:00:00,10,-0.3228437501768653,-0.6244407821880563,0.18952156648370352,-0.15641713027767068,-1.2947883509334588
2024-04-29 04:00:00,10,-0.0843024346374115,-0.8995819657577456,0.049164330040502836,0.06869532704665993,-0.3228437501768653
2024-04-29 08:00:00,10,1.3467239193062,0.517620913280335,0.014716893632521818,0.1274777201060111,-0.0843024346374115
2024-04-29 12:00:00,10,0.40135736344600126,-0.3913943354039765,-0.19193573261856575,-0.811565797528722,1.3467239193062
2024-04-29 16:00:00,10,-0.7254947049230118,-0.7254743678668526,-0.0554165965453012,-1.091424219136842,0.40135736344600126
2024-04-29 20:00:00,10,-0.9227995585495687,-1.4104788923397127,0.10731062275656121,-0.5855513449940464,-0.7254947049230118
2024-04-30 00:00:00,10,-0.7877032909617689,-0.7790373084627465,0.13580315614817273,0.05789823744048128,-0.9227995585495687
2024-04-30 04:00:00,10,0.6032585185010397,-0.22936864583441727,0.11629408252643102,0.607147908136362,-0.7877032909617689
2024-04-30 08:00:00,10,1.612401399633237,0.6474579338256145,-0.0845728757572603,0.18650786964341215,0.6032585185010397
2024-04-30 12:00:00,10,0.26018259043176073,-0.5972590334068354,-0.23030186675302994,-0.9377872144825137,1.612401399633237
2024-04-30 16:00:00,10,0.11227915593853233,-0.757632070910692,-0.0350297339809633,-1.1192073047057765,0.26018259043176073
2024-04-30 20:00:00,10,-2.2848211143742745,-2.1251145745739373,-0.013671194296944505,-1.1974973031517067,0.11227915593853233
2024-05-01 00:00:00,10,-0.38364473850051795,-0.45391521807757823,0.33249089061658954,0.3956625313550308,-2.2848211143742745
2024-05-01 04:00:00,10,-0.5831742424330066,-0.1740056564129899,0.05794452048292122,0.6631702956406613,-0.38364473850051795
2024-05-01 08:00:00,10,1.4879342975268344,1.648074405462131,0.08675831268779229,1.069805972157333,-0.5831742424330066
2024-05-01 12:00:00,10,-0.3599676722864551,0.5169272432828658,-0.212327736883746,0.03229929634304618,1.4879342975268344
2024-05-01 16:00:00,10,0.5311692669890462,0.8268966816540965,0.05452534661405914,0.28329751830438354,-0.3599676722864551
2024-05-01 20:00:00,10,2.7985417759941367,-0.4975605392015388,-0.0741625621327946,-0.087076134218119,0.5311692669890462
2024-05-02 00:00:00,10,-1.1668145005270176,-3.167960814022422,-0.40159083232793796,-2.0384430594682055,2.7985417759941367
2024-05-02 04:00:00,10,-2.8424800315593917,-2.2091100808477657,0.1710410317227085,-1.2248467630821,-1.1668145005270176
2024-05-02 08:00:00,10,2.367459193404077,1.4949629639094275,0.41302167851651894,0.7571574245446637,-2.8424800315593917
2024-05-02 12:00:00,10,0.03185296408948801,-0.2289864989167879,-0.3393387657759564,-0.8936242813124391,2.367459193404077
2024-05-02 16:00:00,10,0.22456198304375974,-0.2943704469210873,-0.002056954126470515,-0.9158347128766859,0.03185296408948801
2024-05-02 20:00:00,10,-1.86392681636271,-1.9659843804600206,-0.02988580910138043,-1.0724172695992849,0.22456198304375974
2024-05-03 00:00:00,10,-0.4098320082942415,-0.6170492864464344,0.2717101007880152,0.227261431550291,-1.86392681636271
2024-05-03 04:00:00,10,-0.49628091150281506,-0.35202007552259074,0.06172618953625858,0.5130290526572185,-0.4098320082942415
2024-05-03 08:00:00,10,1.256487476273989,1.4180702865559558,0.07421016150179637,0.8590757562107303,-0.49628091150281506
2024-05-03 12:00:00,10,2.842533965092491,1.5369720377598373,-0.17890480702815006,-0.01704770359398644,1.256487476273989
2024-05-03 16:00:00,10,-1.4470237893738211,-2.105232780951953,-0.40794368626850736,-1.99908949798923,2.842533965092491
2024-05-03 20:00:00,10,-1.8421733361161365,-2.0474039770962906,0.2115056851377659,-0.9901088971436138,-1.4470237893738211
2024-05-04 00:00:00,10,-0.19686534167423275,-0.2636729580676579,0.26856870942882244,0.2944015395096553,-1.8421733361161365
2024-05-06 04:00:00,11,0.025544290613641607,-0.24473386298935174,0.02492882078602956,0.4796702092273506,-0.19686534167423275
2024-05-06 08:00:00,11,1.229120343672239,0.926420560078109,-0.003549484881736912,0.46271520679782796,0.025544290613641607
2024-05-06 12:00:00,11,-0.49392672114789704,0.02097020648084065,-0.15766064625914528,-0.3531124365820766,1.229120343672239
2024-05-06 16:00:00,11,-0.40695951185172063,0.5605644311695215,0.06296586387501543,-0.02526897113870774,-0.49392672114789704
2024-05-06 20:00:00,11,-0.6963761461682729,-0.31583396199774527,0.05183020062189039,0.24485007880971565,-0.40695951185172063
2024-05-07 00:00:00,11,-0.09641201248021147,-0.2781733578210608,0.08888837698151349,0.7070691879142501,-0.6963761461682729
2024-05-07 04:00:00,11,0.4919741709120622,0.08070206044363587,0.012066335538855878,0.7710625839557199,-0.09641201248021147
2024-05-07 08:00:00,11,1.0734308557747916,0.8456206513364242,-0.06327321432221913,0.4445151221670649,0.4919741709120622
2024-05-07 12:00:00,11,-0.3231927152194487,0.0770688309423502,-0.13772548077196567,-0.2679737483544269,1.0734308557747916
2024-05-07 16:00:00,11,0.7212394904684452,0.4784067952004761,0.0411043322556509,-0.0534548425593524,-0.3231927152194487
2024-05-07 20:00:00,11,-0.7696792369611174,-1.3405614937971708,-0.09262935228342917,-0.532176976523397,0.7212394904684452
2024-05-08 00:00:00,11,-1.751369338908308,-1.1861789260893796,0.09827442651775237,-0.021302999633242337,-0.7696792369611174
2024-05-08 04:00:00,11,0.20386363873091184,0.5528071987960397,0.223974336664122,1.1411669959251398,-1.751369338908308
2024-05-08 08:00:00,11,0.8687601705959622,1.5901834799926333,-0.026382277013633,1.0058526690466305,0.20386363873091184
2024-05-08 12:00:00,11,0.22514500572352958,0.9933914457686506,-0.11151854776373336,0.4292138018368732,0.8687601705959622
2024-05-08 16:00:00,11,0.28976368684047316,0.9514948185014765,-0.02910723666582665,0.279773984666976,0.22514500572352958
2024-05-08 20:00:00,11,-1.3926931832844147,-0.08730351737281794,-0.03738129626372373,0.08744356967615907,0.28976368684047316
2024-05-09 00:00:00,11,0.1782724259066235,0.5471932116116044,0.17804786715593293,1.011842554299232,-1.3926931832844147
2024-05-09 04:00:00,11,-0.05366546663906746,0.662394055207587,-0.02310546578148439,0.8935143744299694,0.1782724259066235
2024-05-09 08:00:00,11,0.929370319387548,1.9027593234363058,0.006592880157527683,0.9291347849165668,-0.05366546663906746
2024-05-09 12:00:00,11,2.5806202755198413,1.2783803827845677,-0.11927933728575124,0.3122659800053391,0.929370319387548
2024-05-09 16:00:00,11,-1.6463744128718147,-0.8012477265946951,-0.33071263044346483,-1.400618660359191,2.5806202755198413
2024-05-09 20:00:00,11,-1.775096696256302,-0.8884508610261636,0.2105303254202133,-0.30783896283889867,-1.6463744128718147
2024-05-10 00:00:00,11,-0.20978241399376785,0.0927724267145005,0.2270124916590005,0.8703800471496024,-1.775096696256302
2024-05-10 04:00:00,11,0.11802536270816333,0.5288525078555869,0.02658277943010588,1.0096229563668953,-0.20978241399376785
2024-05-10 08:00:00,11,1.5066375343265577,1.615187957826197,-0.015391167332709272,0.9312837164275596,0.11802536270816333
2024-05-10 12:00:00,11,0.2318073120664863,0.4813390614779442,-0.1931951656152316,-0.06874573991110644,1.5066375343265577
2024-05-10 16:00:00,11,0.9792194000648724,0.41107950083372924,-0.0299603076166452,-0.22260765757851253,0.2318073120664863
2024-05-10 20:00:00,11,-2.5075062660193606,-1.7341876249989143,-0.12566223240671673,-0.8725637498517997,0.9792194000648724
2024-05-11 00:00:00,11,-0.16194169490352905,0.4197463402372563,0.3207934281550988,0.7917915252834291,-2.5075062660193606
2024-05-13 04:00:00,11,0.3782691080962479,0.22370990241232916,0.02045704374319944,0.8992801955330556,-0.16194169490352905
2024-05-13 08:00:00,11,0.7875014284108879,1.0720581632073842,-0.048713918928708036,0.6482043780914797,0.3782691080962479
2024-05-13 12:00:00,11,-0.05729901183158859,0.5463040736119448,-0.10111382169894888,0.12550093590511757,0.7875014284108879
2024-05-13 16:00:00,11,1.0532786042142117,0.7059932184379798,0.007058135234773282,0.16353310910217012,-0.05729901183158859
2024-05-13 20:00:00,11,-1.1317998873569284,-1.3427593937550641,-0.1351450980163614,-0.535579720591338,1.0532786042142117
2024-05-14 00:00:00,11,-1.2416833489721668,-0.9258228740886056,0.144641944257426,0.21565154787936613,-1.1317998873569284
2024-05-14 04:00:00,11,0.0481756383611156,0.4066263364023615,0.15871190505687852,1.0398178759620116,-1.2416833489721668
2024-05-14 08:00:00,11,1.931082821445429,1.546943121226743,-0.00644730199602392,1.0078413345966268,0.0481756383611156
2024-05-14 12:00:00,11,0.7919070158270536,0.06540886714342511,-0.24754300343805022,-0.2739133410149819,1.931082821445429
2024-05-14 16:00:00,11,-0.5349668939165078,-0.5065235406685984,-0.1016779324516758,-0.7995409883192046,0.7919070158270536
2024-05-14 20:00:00,11,-2.368431497765812,-1.2338643604768667,0.06822082775737856,-0.44445714108076473,-0.5349668939165078
2024-05-15 00:00:00,11,-0.18061952634714018,0.20040685478831657,0.30298568430760237,1.1275873680485002,-2.368431497765812
2024-05-15 04:00:00,11,0.6655285233786685,0.608680866594016,0.022848635274512703,1.2474734339547329,-0.18061952634714018
2024-05-15 08:00:00,11,1.4091344975619968,1.225561163966912,-0.0854958754932873,0.8057294097626535,0.6655285233786685
2024-05-15 12:00:00,11,2.1436900310815368,0.21466605106479428,-0.1807104487621296,-0.1295824840399007,1.4091344975619968
2024-05-15 16:00:00,11,-0.5576777635447687,-1.5536710132714184,-0.2747661638781121,-1.5524550247132698,2.1436900310815368
2024-05-15 20:00:00,11,-2.2110646491741814,-1.8456235215665127,0.07112882720237233,-1.1822968559543057,-0.5576777635447687
2024-05-16 00:00:00,11,-0.315526759972407,-0.503649502332026,0.28283574219374225,0.28529553349963166,-2.2110646491741814
2024-05-16 04:00:00,11,0.010896468702988216,0.024805493572146384,0.040122749693263945,0.49472616764120403,-0.315526759972407
2024-05-16 08:00:00,11,0.5424825753954714,1.2159223843701117,-0.0016739134622461163,0.4874936452695042,0.010896468702988216
2024-05-16 12:00:00,11,0.15830775582211487,0.9197442288499487,-0.06974053215766225,0.12742127047073026,0.5424825753954714
2024-05-16 16:00:00,11,0.2924105619637487,0.9212864193184793,-0.020549101781534792,0.02234462437499296,0.15830775582211487
2024-05-16 20:00:00,11,-0.9832368690199722,-0.8028006394397363,-0.03772021377394866,-0.1717426518583025,0.2924105619637487
2024-05-17 00:00:00,11,-0.4365290546453622,-0.4530944504570288,0.1256192832170548,0.48088003221526243,-0.9832368690199722
2024-05-17 04:00:00,11,0.36336383638602854,0.15423200615804375,0.05561641468767092,0.7706258425027777,-0.4365290546453622
2024-05-17 08:00:00,11,1.6217532190864485,1.0391782491489472,-0.04680538250670936,0.5294433872172242,0.36336383638602854
2024-05-17 12:00:00,11,-0.7726554916179946,-0.1768822138826015,-0.2079350832349108,-0.5469940126537569,1.6217532190864485
2024-05-17 16:00:00,11,0.8764382512919582,0.617845329768577,0.09865551922939336,-0.03414454911957954,-0.7726554916179946
2024-05-17 20:00:00,11,-2.0211786822055124,-1.4955691655643957,-0.11250168292183357,-0.6158797362398687,0.8764382512919582
2024-05-18 00:00:00,11,0.5072542605463326,0.25971485566387786,0.25852190940814673,0.7256759947692775,-2.0211786822055124
2024-05-20 04:00:00,11,-0.8212509773616965,-0.4639153025935795,-0.06522974407661569,0.38898638572780264,0.5072542605463326
2024-05-20 08:00:00,11,0.8366219984228884,1.4055227214398713,0.10487789855193756,0.9340910639911861,-0.8212509773616965
2024-05-20 12:00:00,11,0.30670423178548845,0.8999409012727442,-0.10740343511625833,0.37878388281321484,0.8366219984228884
2024-05-20 16:00:00,11,-0.15362538818400395,0.7555257800034547,-0.039550438005292926,0.17520919468737617,0.30670423178548845
2024-05-20 20:00:00,11,-0.19499362541322185,-0.3272865324451004,0.01939218732331655,0.2771779230146816,-0.15362538818400395
2024-05-21 00:00:00,11,-0.9994360196708243,-0.6696144660303487,0.02468915801937652,0.40660478565995106,-0.19499362541322185
2024-05-21 04:00:00,11,0.6998608577775443,0.42509242513892675,0.12769349357857387,1.069979642999769,-0.9994360196708243
2024-05-21 08:00:00,11,1.110020258601832,1.0249670990872697,-0.08989193830424345,0.6054475593564224,0.6998608577775443
2024-05-21 12:00:00,11,-0.5807943688565942,0.25230907020621135,-0.1424105485327036,-0.13132749797724053,1.110020258601832
2024-05-21 16:00:00,11,0.8994488569223797,0.8864459417443684,0.07408877882541709,0.2541742990371514,-0.5807943688565942
2024-05-21 20:00:00,11,-1.1302415078864456,-1.0889451459335242,-0.11544806188034643,-0.34283415913495574,0.8994488569223797
2024-05-22 00:00:00,11,-0.62383482538187,-0.6793450346048708,0.1444424025089403,0.4073627362107395,-1.1302415078864456
2024-05-22 04:00:00,11,0.1947212433938148,0.10365155881864346,0.07959986782097155,0.8214326017611224,-0.62383482538187
2024-05-22 08:00:00,11,1.5038482986019552,1.135850459412798,-0.025211644580733612,0.6921865324630119,0.1947212433938148
2024-05-22 12:00:00,11,-0.5282436072514614,0.04230481643499175,-0.19283801962866806,-0.30599157089809914,1.5038482986019552
2024-05-22 16:00:00,11,0.08278023192263007,0.6109744940180348,0.06735994861842388,0.044629700202902356,-0.5282436072514614
2024-05-22 20:00:00,11,0.5172454088536327,-0.17357880032997436,-0.010878226065346974,-0.010315612414826703,0.08278023192263007
2024-05-23 00:00:00,11,-2.130282470365927,-1.1220566855232776,-0.06650905456573604,-0.3536368381406785,0.5172454088536327
2024-05-23 04:00:00,11,0.9445541509628477,0.9303666313227743,0.2724920373957776,1.060336444849419,-2.130282470365927
2024-05-23 08:00:00,11,2.175467557370487,1.2962808462132742,-0.12122354173571671,0.43338938389489456,0.9445541509628477
2024-05-23 12:00:00,11,-1.4738155600845193,-0.36464682234903806,-0.278835097843395,-1.010575464393611,2.175467557370487
2024-05-23 16:00:00,11,1.665390018706928,0.9941443568908104,0.1884351323981994,-0.032331567162163566,-1.4738155600845193
2024-05-23 20:00:00,11,-2.133829286549437,-1.8198320458867545,-0.2135225306182445,-1.1377328578208061,1.665390018706928
2024-05-24 00:00:00,11,-0.9157307020689771,-0.5001326263280966,0.27294618730998027,0.2785946215694999,-2.133829286549437
2024-05-24 04:00:00,11,-0.47132597228044304,0.5050582050611602,0.116975497257275,0.8864101414131582,-0.9157307020689771
2024-05-24 08:00:00,11,1.8677952495908272,2.106825872800926,0.060071964775651326,1.1992523779027646,-0.47132597228044304
2024-05-24 12:00:00,11,0.1870741454289444,0.6573553773360593,-0.2394393849135015,-0.04049522259436422,1.8677952495908272
2024-05-24 16:00:00,11,0.25641181363982213,0.597905131591843,-0.02423247658753691,-0.16466553674490747,0.1870741454289444
2024-05-24 20:00:00,11,-1.8719354789391538,-1.0392546776258418,-0.0331107760086866,-0.33485867261926217,0.25641181363982213
2024-05-25 00:00:00,11,0.17332485962174715,0.6112083186756978,0.23941215450349063,0.9076370017907962,-1.8719354789391538
2024-05-27 04:00:00,11,-1.1287700605982103,0.16751791059529564,-0.022471957675190352,0.7925927650792861,0.17332485962174715
2024-05-27 08:00:00,11,1.8280271732132576,2.305886083149373,0.14425399193869065,1.5418129884662921,-1.1287700605982103
2024-05-27 12:00:00,11,1.752669246821842,0.8984573038444772,-0.23434730583738653,0.3284614168038438,1.8280271732132576
2024-05-27 16:00:00,11,-1.3915408620004541,-0.4833059376951223,-0.22469814613064312,-0.8348713915907009,1.752669246821842
2024-05-27 20:00:00,11,-1.654979231556215,-0.4781992007298187,0.17790031888019264,0.08876274070334667,-1.3915408620004541
2024-05-28 04:00:00,11,0.5438460642092018,0.6074148073048371,0.21163212417860916,1.1872538797314984,-1.654979231556215
2024-05-28 08:00:00,11,0.9468018424857831,1.3317724328019263,-0.06991511925091248,0.8262764903249948,0.5438460642092018
2024-05-28 12:00:00,11,0.6504798636573277,0.6754680944817191,-0.12151134602538953,0.1978375259229015,0.9468018424857831
2024-05-28 16:00:00,11,-0.15339143200628413,0.2684242959193335,-0.08356897904088975,-0.23391796243564933,0.6504798636573277
2024-05-28 20:00:00,11,-0.7394752612657918,-0.8037339229014762,0.01936223054728383,-0.1321045223338686,-0.15339143200628413
2024-05-29 00:00:00,11,-0.3238460902907221,-0.699860744582897,0.09440697687816152,0.35872158988699,-0.7394752612657918
2024-05-29 04:00:00,11,-0.022278192581637768,-0.16687911392442,0.04118799326800911,0.5736741728621588,-0.3238460902907221
2024-05-29 08:00:00,11,1.8842601559861354,1.032915053256266,0.0025739158011256966,0.588461305339635,-0.022278192581637768
2024-05-29 12:00:00,11,-0.032050562363814095,-0.40000413425136977,-0.24154762380717423,-0.6622148635862146,1.8842601559861354
2024-05-29 16:00:00,11,-0.04592250063010539,-0.2417420377925037,0.0038252129274796735,-0.6409413284951349,-0.032050562363814095
2024-05-29 20:00:00,11,-0.9979823397189787,-0.6425003678098047,0.0056014367991171245,-0.6104603054935662,-0.04592250063010539
2024-05-30 00:00:00,11,-0.8191478924334348,-0.28467842088320894,0.1275073580160719,0.05194967294285746,-0.9979823397189787
2024-05-30 04:00:00,11,0.16745673451521625,0.6600497457828409,0.10460861032545109,0.5956584302700332,-0.8191478924334348
2024-05-30 08:00:00,11,1.2762703257691932,1.71799625973176,-0.021720577176237058,0.48450915689662466,0.16745673451521625
2024-05-30 12:00:00,11,0.19980280007919937,0.7673456371010527,-0.16369793694918516,-0.36261424932505015,1.2762703257691932
2024-05-30 16:00:00,11,-0.6824114814021893,0.7130572765839249,-0.025862309406109313,-0.4952331978019018,0.19980280007919937
2024-05-30 20:00:00,11,-1.02546889678802,-0.21989268914630064,0.08710028000178524,-0.04228312374780607,-0.6824114814021893
2024-05-31 00:00:00,11,-1.1040587739500616,0.16456079577439978,0.13102685744563566,0.6383710349218301,-1.02546889678802
2024-05-31 04:00:00,11,1.976484310868507,1.3594927836160924,0.1410898503168975,1.3711891615940317,-1.1040587739500616
2024-05-31 08:00:00,11,0.4027018697039644,0.8524020781009647,-0.25335640945046944,0.05929928375210025,1.976484310868507
2024-05-31 12:00:00,11,1.389337024914905,0.665779704227029,-0.051842396981635216,-0.20799375963183842,0.4027018697039644
2024-05-31 16:00:00,11,-0.6136479046026508,-0.45487313616513414,-0.17817549345604208,-1.1301650968259995,1.389337024914905
2024-05-31 20:00:00,11,-1.5400140462961645,-1.527813441087869,0.07829548976513075,-0.722856791781382,-0.6136479046026508
2024-06-01 00:00:00,11,-0.9338492272821597,-0.2942447378662417,0.19691147717556287,0.29932629763690066,-1.5400140462961645
2024-06-03 04:00:00,12,0.6631516298155091,0.07998090002976754,0.07737428527064162,0.8506357691406077,-0.9338492272821597
2024-06-03 08:00:00,12,1.5973074511367624,0.794443673925568,-0.06362688337209944,0.43554034337313396,0.6631516298155091
2024-06-03 12:00:00,12,-0.8017444273628289,-0.3977782753637478,-0.14610464906353066,-0.5642838095067013,1.5973074511367624
2024-06-03 16:00:00,12,2.0105102382504345,0.2400119864816641,0.06571059010782684,-0.06243712849129146,-0.8017444273628289
2024-06-03 20:00:00,12,-2.8943586152539833,-2.324758222178766,-0.18258683103013829,-1.3209028636785902,2.0105102382504345
2024-06-04 00:00:00,12,0.4873839363692518,-0.6296170471420073,0.2504700689144109,0.49080198285379595,-2.8943586152539833
2024-06-04 04:00:00,12,-1.1095352797514408,-0.5887395849807808,-0.04810813767110973,0.1857271953037678,0.4873839363692518
2024-06-04 08:00:00,12,1.8521601351653025,1.5039723868895278,0.0928858227894243,0.8802335474642646,-1.1095352797514408
2024-06-04 12:00:00,12,-0.15862716262766696,0.14249410621334177,-0.16860590579113785,-0.2791139762836181,1.8521601351653025
2024-06-04 16:00:00,12,0.07127152268257575,0.24557863268916577,0.00892897631033649,-0.17982234123548402,-0.15862716262766696
2024-06-04 20:00:00,12,-1.8629611263280061,-1.0233235355443595,-0.011369061197974945,-0.22443428475321348,0.07127152268257575
2024-06-05 00:00:00,12,0.683628012479403,-0.11215708472148628,0.1594067168645896,0.9416740487760489,-1.8629611263280061
2024-06-05 04:00:00,12,-0.5191868842266025,-0.1861955343474077,-0.06543476836624533,0.5137615651926843,0.683628012479403
2024-06-05 08:00:00,12,1.1766280900110289,1.372241975176515,0.040763237315897156,0.8387431999673538,-0.5191868842266025
2024-06-05 12:00:00,12,0.5535990791176992,0.48442616510883657,-0.10896235118749233,0.10224054200212151,1.1766280900110289
2024-06-05 16:00:00,12,1.5457531599527048,0.13496172897571884,-0.05395435401337561,-0.24428118111386254,0.5535990791176992
2024-06-05 20:00:00,12,-2.320166653631029,-2.169190929580994,-0.14155285732641718,-1.2118352625846285,1.5457531599527048
2024-06-06 00:00:00,12,-0.2541378803458194,-0.8284901640090019,0.19977395484892352,0.24045788070207763,-2.320166653631029
2024-06-06 04:00:00,12,-0.008045592485323994,-0.12295459618172842,0.017361734975626823,0.39953382487964006,-0.2541378803458194
2024-06-06 08:00:00,12,0.6698256099822615,1.082619638415352,-0.004366055606375083,0.4045699108788199,-0.008045592485323994
2024-06-06 12:00:00,12,1.622258961915957,0.5520339828500138,-0.06421613728441153,-0.014703049127170686,0.6698256099822615
2024-06-06 16:00:00,12,-1.2797816116977394,-0.6284196288925459,-0.14830764861962495,-1.0301454369999785,1.622258961915957
2024-06-06 20:00:00,12,-0.4472799081600165,-0.9671926151519625,0.1079170806969459,-0.22907450674403051,-1.2797816116977394
2024-06-07 00:00:00,12,-1.0712614156501665,-1.1760448763470561,0.034414482013798924,0.05089742662296004,-0.4472799081600165
2024-06-07 04:00:00,12,0.2867932882801689,0.15725764403326786,0.08950657628321963,0.7214465038547875,-1.0712614156501665
2024-06-07 08:00:00,12,1.0794930121023185,1.121919750580388,-0.03039774279332179,0.5419301206423555,0.2867932882801689
2024-06-07 12:00:00,12,3.2896591105099464,2.1187672806283064,-0.10038617576437905,-0.13377147055525107,1.0794930121023185
2024-06-07 16:00:00,12,-2.698832860031514,-2.137186017430295,-0.2955244572405699,-2.192912076885163,3.2896591105099464
2024-06-07 20:00:00,12,-1.0251479102828043,-1.1902526726547533,0.23320685965338003,-0.5035952981241802,-2.698832860031514
2024-06-08 00:00:00,12,2.627180842900721,-0.40765827701591656,0.08543515821345855,0.13808933199858942,-1.0251479102828043
2024-06-10 04:00:00,12,-1.933309493990052,-2.501755807518777,-0.23703343670155802,-1.5063773352331804,2.627180842900721
2024-06-10 08:00:00,12,-0.17500079466513796,0.15013749948842858,0.16561786071487186,-0.29623490103398886,-1.933309493990052
2024-06-10 12:00:00,12,0.8795757695069302,0.32365927801265165,0.010374624408738507,-0.1866942980931796,-0.17500079466513796
2024-06-10 16:00:00,12,-0.3443214487488273,-0.3469014334422233,-0.0827352366853525,-0.7372589987179925,0.8795757695069302
2024-06-10 20:00:00,12,-1.2987269384914661,-1.1199248270849484,0.025324153079964138,-0.5217332396860339,-0.3443214487488273
2024-06-11 00:00:00,12,-1.1589497707812981,-0.7135352272523658,0.10958978688640209,0.29119639397675456,-1.2987269384914661
2024-06-11 04:00:00,12,-0.19614626330134755,0.6627211863050317,0.09724868894076663,1.0166334236337828,-1.1589497707812981
2024-06-11 08:00:00,12,2.914265338763034,1.9632833526607545,0.012241583825793871,1.1394098943791278,-0.19614626330134755
2024-06-11 12:00:00,12,0.2576031471227118,-0.22060692101631774,-0.2623804797140232,-0.6847554355466627,2.914265338763034
2024-06-11 16:00:00,12,-0.841458832763788,-0.3552564320552661,-0.02782050935117573,-0.8460004408008786,0.2576031471227118
2024-06-11 20:00:00,12,-1.1913295087749738,-0.9609390302295533,0.06921702377603642,-0.31929478745119333,-0.841458832763788
2024-06-12 00:00:00,12,-1.3742047118145564,-0.5764390521110876,0.1001075358081073,0.42641012744418205,-1.1913295087749738
2024-06-12 04:00:00,12,0.287994576396148,0.9596047595511092,0.11625381226735826,1.2865845797048614,-1.3742047118145564
2024-06-12 08:00:00,12,1.8361559405824934,1.9386695510002823,-0.030503805997656893,1.1063162580524821,0.287994576396148
2024-06-12 12:00:00,12,2.899777056348496,0.5145153443363668,-0.16719287577970568,-0.04301354476140595,1.8361559405824934
2024-06-12 16:00:00,12,-1.294573453463169,-1.9711389877716587,-0.26110129145122624,-1.8581100290610841,2.899777056348496
2024-06-12 20:00:00,12,0.031153298410592,-1.8044707122206576,0.10922307058795604,-1.0477802421885674,-1.294573453463169
2024-06-13 00:00:00,12,-2.7234693175034828,-2.300892972519755,-0.007826973865284591,-1.0672804455906206,0.031153298410592
2024-06-13 04:00:00,12,-0.11608074232816179,0.33779358767989703,0.23538204276572844,0.6374573626060798,-2.7234693175034828
2024-06-13 08:00:00,12,1.5351367529224014,1.5889399637094943,0.005172500565734821,0.7101173441151616,-0.11608074232816179
2024-06-13 12:00:00,12,0.6000889272989696,0.47596905729810407,-0.14061552170044875,-0.25079146680474906,1.5351367529224014
2024-06-13 16:00:00,12,0.5414513636867522,0.011078998044128343,-0.05805899985276218,-0.6264132063529306,0.6000889272989696
2024-06-13 20:00:00,12,-2.2634382406338194,-1.6535222530424833,-0.05288181728649129,-0.96533114643921,0.5414513636867522
2024-06-14 00:00:00,12,-0.3400800564560136,-0.41562078054847634,0.1947653335371033,0.4514532177274919,-2.2634382406338194
2024-06-14 04:00:00,12,-0.17551429285204279,0.30433220548395395,0.024949675341081827,0.664324104991854,-0.3400800564560136
2024-06-14 08:00:00,12,2.340351219465738,1.5274396553081582,0.010419961794831772,0.7741861287645531,-0.17551429285204279
2024-06-14 12:00:00,12,0.06397524876776295,-0.1124455563137543,-0.21170889668898088,-0.6907414115022537,2.340351219465738
2024-06-14 16:00:00,12,0.518288095011604,-0.20853735238014198,-0.010724864205748013,-0.7307863000795809,0.06397524876776295
2024-06-14 20:00:00,12,-2.4586729759242942,-1.8047982523132242,-0.05083670382379892,-1.0552053436230722,0.518288095011604
2024-06-15 00:00:00,12,-0.3956524343604997,0.05355946337651615,0.2120028482906283,0.4837849262918308,-2.4586729759242942
2024-06-17 04:00:00,12,-0.8079935290962581,0.09613389084694846,0.02985622889361343,0.7314409800702091,-0.3956524343604997
2024-06-17 08:00:00,12,3.1880696222401514,1.9513694974037457,0.06626233098101726,1.2371992454474405,-0.8079935290962581
2024-06-17 12:00:00,12,-0.7606765576523227,-0.44948038629376735,-0.2865549964514934,-0.7583520850805225,3.1880696222401514
2024-06-17 16:00:00,12,-0.4251853931191114,0.17108234725128235,0.062084657412103145,-0.28221156853248885,-0.7606765576523227
2024-06-17 20:00:00,12,-0.35094156632058215,-0.6406890914207213,0.03246373012314311,-0.016069552360425732,-0.4251853931191114
2024-06-18 00:00:00,12,-0.29453272466744096,-0.8966409479331556,0.025908651397558147,0.20360002597096383,-0.35094156632058215
2024-06-18 04:00:00,12,-1.1081105492954677,-0.20880824635554732,0.020928245432509998,0.3879608587752177,-0.29453272466744096
2024-06-18 08:00:00,12,1.7849797629507442,1.800029090694378,0.09276003158624473,1.0815754102243282,-1.1081105492954677
2024-06-18 12:00:00,12,1.2755518423183005,0.44838652929897366,-0.16267446815288758,-0.035720998885748756,1.7849797629507442
2024-06-18 16:00:00,12,0.18191284262707796,-0.4449803977469032,-0.11769645087182162,-0.8341443326607152,1.2755518423183005
2024-06-18 20:00:00,12,-1.4438101076013972,-1.7924909055235283,-0.021137719331760865,-0.9480114868195102,0.18191284262707796
2024-06-19 00:00:00,12,-2.534866119065878,-1.1917229030528136,0.12239935821754735,-0.04426799227525713,-1.4438101076013972
2024-06-19 04:00:00,12,1.28939982338769,1.2455613954870874,0.21873003455216325,1.5424148772970057,-2.534866119065878
2024-06-19 08:00:00,12,1.6341404901869652,1.3596604003493025,-0.11891910614182255,0.7353234903354444,1.28939982338769
2024-06-19 12:00:00,12,0.37099414938851183,0.11858738704448651,-0.14935668335497165,-0.28755606245512766,1.6341404901869652
2024-06-19 16:00:00,12,-1.0911712963887688,-0.08229624765633446,-0.037831940316908584,-0.5197774240169011,0.37099414938851183
2024-06-19 20:00:00,12,-1.6240802618405858,-0.16509420109786913,0.09126444412606001,0.16323411285552147,-1.0911712963887688
2024-06-20 04:00:00,12,0.9616652424047558,0.8640971051729425,0.1383156317161897,1.1798165315051143,-1.6240802618405858
2024-06-20 08:00:00,12,1.6269250005515836,1.2885831093571134,-0.08998301714859877,0.5778684621731607,0.9616652424047558
2024-06-20 12:00:00,12,0.5546179695146254,0.1038848704102513,-0.14871961890607252,-0.4404946020684015,1.6269250005515836
2024-06-20 16:00:00,12,-0.4006371420968904,-0.30603996911212344,-0.05404431309889955,-0.787654092964944,0.5546179695146254
2024-06-20 20:00:00,12,-1.0816561208380175,-1.0306066353514414,0.030296334866662774,-0.5368778939782377,-0.4006371420968904
2024-06-21 00:00:00,12,-1.0304586265920292,-0.8013007333365252,0.09042433758101093,0.14017768098605998,-1.0816561208380175
2024-06-21 04:00:00,12,-0.2489578297213555,0.4878893268313222,0.08590404788412014,0.7851865192512744,-1.0304586265920292
2024-06-21 08:00:00,12,3.3504105937562407,1.866328410447484,0.01690438193888183,0.9410200446172343,-0.2489578297213555
2024-06-21 12:00:00,12,-0.8769635030338225,-0.6981058904779982,-0.3008882803696789,-1.1561475553448002,3.3504105937562407
2024-06-21 16:00:00,12,0.6004822422561293,-0.02124772450714838,0.0723517747550986,-0.6072179858349838,-0.8769635030338225
2024-06-21 20:00:00,12,-3.1729054124383467,-1.8425339137765593,-0.058093726113776833,-0.983085918308376,0.6004822422561293
2024-06-22 00:00:00,12,1.0897118524921616,0.543814655535021,0.2750633080164021,1.0029734742658807,-3.1729054124383467
2024-06-24 04:00:00,12,-0.8325252995393164,-0.41053595726586184,-0.10128840974298825,0.32087546675598766,1.0897118524921616
2024-06-24 08:00:00,12,1.8750326168206222,1.4219455145679187,0.06842827114690606,0.841989233407828,-0.8325252995393164
2024-06-24 12:00:00,12,0.3125780961411255,0.01363102622557735,-0.17062534531042578,-0.33167517064948804,1.8750326168206222
2024-06-24 16:00:00,12,-0.7924502053344771,-0.09884267670606586,-0.03267431517302031,-0.5273313857135804,0.3125780961411255
2024-06-24 20:00:00,12,-0.2405255889915594,-0.5766982237631892,0.06488999182085764,-0.031302362193953215,-0.7924502053344771
2024-06-25 00:00:00,12,-0.8069565477309872,-0.9362963282653518,0.01615988904027504,0.11925305723282342,-0.2405255889915594
2024-06-25 04:00:00,12,-0.365411150047958,0.026879343608624536,0.06617077462166146,0.6243622309061703,-0.8069565477309872
2024-06-25 08:00:00,12,1.4438719599797416,1.4995972124393713,0.027186188730281825,0.8530889505427304,-0.365411150047958
2024-06-25 12:00:00,12,0.3164021769676282,0.4701092344695023,-0.13255764095250758,-0.05069326009324193,1.4438719599797416
2024-06-25 16:00:00,12,0.23361251240513425,0.25734211417000014,-0.033011947969599456,-0.24874313354174937,0.3164021769676282
2024-06-25 20:00:00,12,-1.3572046000646694,-1.138567650954371,-0.025702346723632023,-0.3949713578897711,0.23361251240513425
2024-06-26 00:00:00,12,-0.21618457077498476,-0.6719351109081562,0.11475285150510323,0.4545619855993337,-1.3572046000646694
2024-06-26 04:00:00,12,-0.4800338715563477,-0.0007007418681189009,0.014010790622927496,0.5898813038601762,-0.21618457077498476
2024-06-26 08:00:00,12,1.7343912970491182,1.5299078748555566,0.03730636970192295,0.8903553664089259,-0.4800338715563477
2024-06-26 12:00:00,12,0.5723575504569105,0.2792083927509336,-0.15820795031711382,-0.19527552331126508,1.7343912970491182
2024-06-26 16:00:00,12,0.3473912965903221,-0.13990126351734064,-0.05561056250507737,-0.5535389888843429,0.5723575504569105
2024-06-26 20:00:00,12,-1.5039155727022635,-1.4251059501254875,-0.03574801543167365,-0.7709862990963252,0.3473912965903221
2024-06-27 00:00:00,12,-1.0110618045425,-0.8011486535668007,0.12770614361053687,0.1703798182467846,-1.5039155727022635
2024-06-27 04:00:00,12,0.35616100182878085,0.4694393241128005,0.08419147862356922,0.8032473426025,-1.0110618045425
2024-06-27 08:00:00,12,0.4596936310509676,1.326830376657195,-0.03652230348654815,0.5803106927491051,0.35616100182878085
2024-06-27 12:00:00,12,1.8084950753499704,0.9949938975057319,-0.04566332657874248,0.2925684707224736,0.4596936310509676
2024-06-27 16:00:00,12,-0.8319245878875421,-0.3480458874755446,-0.16475066398869687,-0.8394471943971666,1.8084950753499704
2024-06-27 20:00:00,12,-2.802672603107574,-1.0637974093036695,0.06837523357680016,-0.318709439275187,-0.8319245878875421
2024-06-28 00:00:00,12,2.2679401666772563,0.5544178279099428,0.2423749982052249,1.4356051475673848,-2.802672603107574
2024-06-28 04:00:00,12,-0.15561289567666137,-0.726579660930174,-0.20531563583351553,0.016002832235738396,2.2679401666772563
2024-06-28 08:00:00,12,-0.19581489425635823,0.5334962700580104,0.008662842976215814,0.11340770659876043,-0.15561289567666137
2024-06-28 12:00:00,12,1.0838305359975777,0.7801088294351981,0.012212326845506188,0.23597675905750037,-0.19581489425635823
2024-06-28 16:00:00,12,0.9155968564560695,0.00012270453846456586,-0.10076914108060239,-0.4424398768555644,1.0838305359975777
2024-06-28 20:00:00,12,-1.6491454060527921,-1.712643097304952,-0.08591558272777157,-1.0155517412835042,0.9155968564560695
2024-06-29 00:00:00,12,1.5090847903794131,-0.6933284446669444,0.1405286641077583,0.01672004046330855,-1.6491454060527921
2024-07-01 04:00:00,13,-0.7620782164256834,-2.6317692625529534,-0.12393027755617203,-1.0280024522018767,1.5090847903794131
2024-07-01 08:00:00,13,1.0415699461347145,-0.2989695714277741,0.0789091728123833,-0.5223984713503569,-0.7620782164256834
2024-07-01 12:00:00,13,-0.871692158583592,-0.9084463148140016,-0.08217613936283474,-1.213432409534537,1.0415699461347145
2024-07-01 16:00:00,13,-0.1555604782834088,-0.16499362313692095,0.08869888482927546,-0.6351046001870326,-0.871692158583592
2024-07-01 20:00:00,13,-1.3793844423919879,-1.260053327627458,0.024740570966132813,-0.5318973500806674,-0.1555604782834088
2024-07-02 00:00:00,13,-1.310204350457969,-0.5525806613474787,0.1340413034471783,0.38326102889663716,-1.3793844423919879
2024-07-02 04:00:00,13,0.5844651762781261,0.6434882985647673,0.12786277210341432,1.252521586464523,-1.310204350457969
2024-07-02 08:00:00,13,1.9225564502252013,1.554476009116934,-0.041351733540469136,0.8647557201453093,0.5844651762781261
2024-07-02 12:00:00,13,-0.36718899526142934,0.09924586438618818,-0.16085777416244765,-0.4107723997959365,1.9225564502252013
2024-07-02 16:00:00,13,1.4195551651218903,0.39254458338824083,0.04364128920498795,-0.1671593247499139,-0.36718899526142934
2024-07-02 20:00:00,13,-2.6414299373460413,-2.084215617125377,-0.1159343125265703,-1.1089691377771,1.4195551651218903
2024-07-03 00:00:00,13,0.2173322588725526,-0.16232368028649372,0.24675563252420168,0.6434986046108335,-2.6414299373460413
2024-07-03 04:00:00,13,-0.2657166127228763,-0.24253763632019315,-0.008562788424852686,0.4993086082495708,0.2173322588725526
2024-07-03 08:00:00,13,1.1100872772753583,1.1455522598156287,0.034578706625033914,0.6755994065893898,-0.2657166127228763
2024-07-03 12:00:00,13,0.9178605697707471,0.5143123665225731,-0.08829547899087808,-0.06089264158317498,1.1100872772753583
2024-07-03 16:00:00,13,1.11119449116139,-0.3430442093639619,-0.07112755243538077,-0.6698510764789329,0.9178605697707471
2024-07-03 20:00:00,13,-0.0023872486370670742,-2.2064782590152032,-0.08839436518064525,-1.4070777103362282,1.11119449116139
2024-07-04 00:00:00,13,-2.2463894318984785,-2.596838888285073,0.011060542883803827,-1.405493880240881,-0.0023872486370670742
2024-07-04 04:00:00,13,-1.5662355894470998,-0.5890344500008188,0.2114742375920869,0.0848825861508935,-2.2463894318984785
2024-07-04 08:00:00,13,1.7849443484664853,1.887554479712515,0.1507291342439246,1.1240081403360591,-1.5662355894470998
2024-07-04 12:00:00,13,-0.5147159995808437,0.644187453994628,-0.14856752330807776,-0.06022065499139018,1.7849443484664853
2024-07-04 16:00:00,13,-0.24710584409866954,1.0259664700547229,0.05681704822404875,0.2812698282514443,-0.5147159995808437
2024-07-04 20:00:00,13,-0.444144032041212,-0.30409357749499366,0.03291656345549505,0.4452132342891453,-0.24710584409866954
2024-07-05 04:00:00,13,0.20811642721983858,-0.22115678744668005,0.05051420731642786,0.7398824504290875,-0.444144032041212
2024-07-05 08:00:00,13,0.6802623356092994,0.9702016975701089,-0.007739714862310256,0.6018067361323691,0.20811642721983858
2024-07-05 12:00:00,13,0.3974927483033035,2.8530246335176312,-0.04990745723241973,0.15048384368625456,0.6802623356092994
2024-07-05 16:00:00,13,0.9031275707320727,0.2180282163217918,-0.024653071044271682,-0.11323438309153389,0.3974927483033035
2024-07-05 20:00:00,13,-2.068284490331516,-1.7028267259378356,-0.06981173608123492,-0.7124181481393954,0.9031275707320727
2024-07-06 00:00:00,13,1.354961300192329,0.003448758172939997,0.19556753765592216,0.6597938496654923,-2.068284490331516
2024-07-08 04:00:00,13,-0.8434496483388543,-1.513372381862227,-0.11016538091741906,-0.23916089344492164,1.354961300192329
2024-07-08 08:00:00,13,1.8518525021564223,0.626302400004713,0.08617652283328223,0.3204293043278099,-0.8434496483388543
2024-07-08 12:00:00,13,-1.3592533367937776,-0.9038076280563032,-0.1545431459643895,-0.9081899854763389,1.8518525021564223
2024-07-08 16:00:00,13,-0.3333326913324406,0.20339263431888044,0.13224337772250894,-0.006387672726903659,-1.3592533367937776
2024-07-08 20:00:00,13,-0.6874819559500835,-0.7627175285751946,0.04061755464261174,0.21476329583915366,-0.3333326913324406
2024-07-09 00:00:00,13,-0.024558960721300593,-0.35417589434341246,0.07224691896751043,0.6708760756037346,-0.6874819559500835
2024-07-09 04:00:00,13,0.6147494485653766,-0.38603266123994384,0.013040716864896558,0.6871698208370045,-0.024558960721300593
2024-07-09 08:00:00,13,0.2806343790214818,0.508222897419755,-0.04405644699659348,0.27931172737417675,0.6147494485653766
2024-07-09 12:00:00,13,0.015249169894513415,0.4730327802020517,-0.014216353237109666,0.09312367457488513,0.2806343790214818
2024-07-09 16:00:00,13,0.7370167288498877,0.46540757915988495,0.009485419728531957,0.08300654901327498,0.015249169894513415
2024-07-09 20:00:00,13,-1.1138590170192977,-1.488692277546405,-0.05497623912805128,-0.40597028306103233,0.7370167288498877
2024-07-10 00:00:00,13,-1.3308855584043364,-0.8997635601168372,0.11032700765242678,0.3330241416237705,-1.1138590170192977
2024-07-10 04:00:00,13,0.08355490905147178,0.3368128332272673,0.12970982792469601,1.2160057331237688,-1.3308855584043364
2024-07-10 08:00:00,13,1.6644919977055643,1.5486923601815052,0.003384977555908837,1.160570879160547,0.08355490905147178
2024-07-10 12:00:00,13,-0.27012858338013146,0.47001348171880036,-0.1378098240364982,0.056256699859369874,1.6644919977055643
2024-07-10 16:00:00,13,-0.5117104463559059,0.5822954941992616,0.0349727433808627,0.2354746385892792,-0.27012858338013146
2024-07-10 20:00:00,13,0.1408281066116821,0.015135705335232492,0.05654861977467143,0.5749710749712591,-0.5117104463559059
2024-07-11 00:00:00,13,-0.49926527430876533,-0.4149840858565308,-0.0017301391834682496,0.481538078483565,0.1408281066116821
2024-07-11 04:00:00,13,0.13863623289207538,0.010566611607634764,0.05543713114518058,0.8127777134063336,-0.49926527430876533
2024-07-11 08:00:00,13,0.42690838889131655,1.2302183241323779,-0.0015343811250505338,0.7207989247076441,0.13863623289207538
2024-07-11 12:00:00,13,3.963108361265908,1.2291446844239389,-0.027280206283456905,0.43756476812103173,0.42690838889131655
2024-07-11 16:00:00,13,-1.934667352911795,-1.331494855231638,-0.3431011564488878,-2.1917760538750155,3.963108361265908
2024-07-11 20:00:00,13,-1.9167189523380959,-1.447285029474463,0.18363408037750242,-0.9082129048802337,-1.934667352911795
2024-07-12 00:00:00,13,0.9971891234451142,-0.40934064915280743,0.1820310938474932,0.36344230266656474,-1.9167189523380959
2024-07-12 04:00:00,13,-1.8300495234818435,-1.3609406559093782,-0.07821245130773277,-0.29814699303646464,0.9971891234451142
2024-07-12 08:00:00,13,1.153249299623436,1.4465209633627822,0.1742905753288823,0.9160070193529979,-1.8300495234818435
2024-07-12 12:00:00,13,0.058950012256616446,0.6842946214951371,-0.09215031497739551,0.15087894688473114,1.153249299623436
2024-07-12 16:00:00,13,0.21449617988495007,0.6183493979243128,0.005582461280013798,0.11176831463495418,0.058950012256616446
2024-07-12 20:00:00,13,-0.7963820627002605,-0.7638290966007256,-0.008309495860063885,-0.03054007325721031,0.21449617988495007
2024-07-13 00:00:00,13,1.881621544548496,-0.09532729285827923,0.08197287775254558,0.49782293791575505,-0.7963820627002605
2024-07-15 04:00:00,13,-2.469543161833508,-2.7085006187879297,-0.1572018438115778,-0.7505467476025824,1.881621544548496
2024-07-15 08:00:00,13,1.7455776695104426,1.0047939485663024,0.23140428215167533,0.8878819944810523,-2.469543161833508
2024-07-15 12:00:00,13,-0.16503880640645363,-0.2098653015766989,-0.14505165258530126,-0.2702288130020083,1.7455776695104426
2024-07-15 16:00:00,13,0.8411512169687878,-0.10186182934211682,0.025587088305984954,-0.1607331264497045,-0.16503880640645363
2024-07-15 20:00:00,13,-1.3614564410991665,-2.000633453844315,-0.06427657656361133,-0.7187984203144495,0.8411512169687878
2024-07-16 00:00:00,13,-0.8218877487033076,-1.312164539112416,0.13244013879385022,0.18446555120311103,-1.3614564410991665
2024-07-16 04:00:00,13,-0.20960091720119678,-0.5176428030934032,0.08425081170736498,0.7297504164581596,-0.8218877487033076
2024-07-16 08:00:00,13,0.86597635480015,1.107188408571461,0.029566967352000102,0.8688110218433938,-0.20960091720119678
2024-07-16 12:00:00,13,1.8898513701168014,0.51234358311706,-0.06649373019721191,0.29427538642815243,0.86597635480015
2024-07-16 16:00:00,13,-1.4390120452197692,-1.0711771437453137,-0.15793685635356725,-0.9595544112930572,1.8898513701168014
2024-07-16 20:00:00,13,-0.9735473385523932,-1.0138457889809491,0.13936669407222013,-0.004835849766827494,-1.4390120452197692
2024-07-17 00:00:00,13,-0.17769548668577784,-0.5827648646275301,0.09779565536496906,0.6410682048434175,-0.9735473385523932
2024-07-17 04:00:00,13,0.40218256933716745,-0.43457725239878786,0.026717466910979978,0.7589610188764233,-0.17769548668577784
2024-07-17 08:00:00,13,2.3520287371910698,0.7049115648840765,-0.025071922847504445,0.49213131071379124,0.40218256933716745
2024-07-17 12:00:00,13,-0.6508861844649694,-1.0203906528345734,-0.19921430003736873,-1.0683319947177292,2.3520287371910698
2024-07-17 16:00:00,13,-0.43866895571916587,-0.46492765620549814,0.06897852028735756,-0.6364988326438237,-0.6508861844649694
2024-07-17 20:00:00,13,-1.1907748308314687,-1.045787601182331,0.05002522371262569,-0.3454620787947924,-0.43866895571916587
2024-07-18 00:00:00,13,-0.9650874843681727,-0.4079098568709524,0.1171964227281232,0.44456246434197944,-1.1907748308314687
2024-07-18 04:00:00,13,-0.24249421412538297,0.43322536079604335,0.09704009877665562,1.0848537933017948,-0.9650874843681727
2024-07-18 08:00:00,13,1.5634834152806576,2.081447532197417,0.03250469496068345,1.2457375941409055,-0.24249421412538297
2024-07-18 12:00:00,13,0.6400740846561312,0.9151320613476008,-0.12878866382906914,0.20843798142022152,1.5634834152806576
2024-07-18 16:00:00,13,0.19370285144037425,0.30133212560032585,-0.046318211233700564,-0.21622184780295406,0.6400740846561312
2024-07-18 20:00:00,13,-0.7903021545194875,-0.9047588985164355,-0.006452426464167129,-0.34473481494941005,0.19370285144037425
2024-07-19 00:00:00,13,-0.4264850564963538,-0.5942833804220414,0.08142987611418492,0.17959445570564903,-0.7903021545194875
2024-07-19 04:00:00,13,-0.5871412197184718,-0.13448405037204905,0.04893706957560599,0.4625477506438074,-0.4264850564963538
2024-07-19 08:00:00,13,1.4159739588112359,1.7186927232866294,0.06328540465708342,0.8520890491787796,-0.5871412197184718
2024-07-19 12:00:00,13,-0.04160505667263692,0.6578263098425966,-0.11561447202303402,-0.08734479753958269,1.4159739588112359
2024-07-19 16:00:00,13,-0.1503032576872414,0.7140810959300292,0.014563117821295825,-0.05974174863483839,-0.04160505667263692
2024-07-19 20:00:00,13,-0.6529574317260156,-0.6049128149325773,0.024271044237757233,0.039977576473351206,-0.1503032576872414
2024-07-20 00:00:00,13,0.805139444669905,0.005511880218040726,0.06916350509679182,0.4731849162076873,-0.6529574317260156
2024-07-22 04:00:00,13,-0.413021120815241,-1.218493361745425,-0.06106033533477124,-0.06098821666965826,0.805139444669905
2024-07-22 08:00:00,13,0.5814500169556744,0.6598694580525242,0.04773459432166273,0.21303237381432005,-0.413021120815241
2024-07-22 12:00:00,13,-0.4217826366693842,0.3008330285281004,-0.041082447162561785,-0.17273307243845437,0.5814500169556744
2024-07-22 16:00:00,13,0.21207757120819792,0.6789830477154531,0.048517092563719694,0.10710038239286668,-0.4217826366693842
2024-07-22 20:00:00,13,-0.8089767957246785,-0.680827014358352,-0.008093487914716473,-0.03360336945442555,0.21207757120819792
2024-07-23 00:00:00,13,-0.5694096612035153,-0.4632857982917763,0.08309772379686603,0.5031156700338162,-0.8089767957246785
2024-07-23 04:00:00,13,0.3853781439326802,0.0503948209306061,0.06170178447104879,0.8808928918918397,-0.5694096612035153
2024-07-23 08:00:00,13,1.4865516092043798,1.1436437723699575,-0.02357110568792921,0.6252121500653409,0.3853781439326802
2024-07-23 12:00:00,13,0.02378273242513984,0.11157669488528596,-0.12191782047101177,-0.36104673406884835,1.4865516092043798
2024-07-23 16:00:00,13,-0.2782898417877071,0.0495806906642515,0.008723280186715043,-0.3768254873916703,0.02378273242513984
2024-07-23 20:00:00,13,-1.9351635208618703,-1.0531584759917436,0.035701632132902186,-0.19219292762852724,-0.2782898417877071
2024-07-24 00:00:00,13,0.24999614193445652,0.3166363357896731,0.1836783935483238,1.0916994060684573,-1.9351635208618703
2024-07-24 04:00:00,13,-0.280314664207868,0.2426048785816155,-0.011480026891368417,0.9258384198400051,0.24999614193445652
2024-07-24 08:00:00,13,2.7593109932987385,1.8660989231587737,0.0358824707013223,1.111814356508674,-0.280314664207868
2024-07-24 12:00:00,13,-0.7647270398550123,-0.24618186029821065,-0.23558901586631242,-0.7188620656079703,2.7593109932987385
2024-07-24 16:00:00,13,0.6385590875222142,0.3707259121643446,0.07914574142807426,-0.21150071177087604,-0.7647270398550123
2024-07-24 20:00:00,13,-1.4064805832983716,-1.2660864170673618,-0.04618290558411359,-0.6351554098075454,0.6385590875222142
2024-07-25 00:00:00,13,-1.0166284528331104,-0.48637466863877277,0.13646128224750728,0.29798001721114886,-1.4064805832983716
2024-07-25 04:00:00,13,0.9544631500991692,0.33833420858986696,0.10164326538493781,0.9724664173213249,-1.0166284528331104
2024-07-25 08:00:00,13,1.7370204921498757,1.1076465411595013,-0.07439655921897229,0.33922384737931743,0.9544631500991692
2024-07-25 12:00:00,13,-0.33181576565078963,0.03090149712853532,-0.14428740398345152,-0.8132096649848162,1.7370204921498757
2024-07-25 16:00:00,13,-0.42477774715344196,0.2440994613037446,0.04048207675282836,-0.5930651071083286,-0.33181576565078963
2024-07-25 20:00:00,13,-0.4216695612951469,-0.7193119631490836,0.04878458836325457,-0.311244533696275,-0.42477774715344196
2024-07-26 00:00:00,13,-1.2216091873719073,-0.5415293984035017,0.04850699370833512,-0.03148609919504253,-0.4216695612951469
2024-07-26 04:00:00,13,0.6296104152151614,0.2361476377238121,0.11995026466478315,0.778995626784404,-1.2216091873719073
2024-07-26 08:00:00,13,0.7737676478841315,1.015205101863319,-0.04538369224414099,0.3612779628267351,0.6296104152151614
2024-07-26 12:00:00,13,-0.4910963965311552,0.5582507165385686,-0.05825849416439576,-0.1520814202287788,0.7737676478841315
2024-07-26 16:00:00,13,0.5139530021928209,0.8168617215099306,0.05470756190088876,0.1737385385578314,-0.4910963965311552
2024-07-26 20:00:00,13,-1.4418722747917805,-0.8456800880584036,-0.035054232835808094,-0.16724573087591033,0.5139530021928209
2024-07-27 00:00:00,13,0.6864021337582749,0.35856344021782854,0.1396221435457173,0.7893704619256763,-1.4418722747917805
2024-07-29 04:00:00,14,-0.10849980037537676,-0.3968237396073913,-0.10132470901363587,0.30402865961933934,0.6864021337582749
2024-07-29 08:00:00,14,0.7643171918476206,0.9727207480700076,0.01859952197152295,0.378330291471082,-0.10849980037537676
2024-07-29 12:00:00,14,0.6144117308733339,0.3777367442323811,-0.11307949664503408,-0.14508094440348707,0.7643171918476206
2024-07-29 16:00:00,14,0.1832504147517504,-0.30043353064093853,-0.09046375455678494,-0.5658355824286367,0.6144117308733339
2024-07-29 20:00:00,14,-1.8041699907663062,-1.5651387923901436,-0.025415869973658366,-0.6913271022881862,0.1832504147517504
2024-07-30 00:00:00,14,-0.958816491525674,-0.23040061855084173,0.27441968651637266,0.5441846128310885,-1.8041699907663062
2024-07-30 04:00:00,14,0.8084198677955428,0.3855211411419005,0.146883994434385,1.2007907053791467,-0.958816491525674
2024-07-30 08:00:00,14,1.4602891604259192,1.1289409080703525,-0.11973312179089134,0.6471775633202146,0.8084198677955428
2024-07-30 12:00:00,14,0.26819297726172664,0.21745215987905417,-0.21807849027554435,-0.35284148943079074,1.4602891604259192
2024-07-30 16:00:00,14,-0.025996136658058333,-0.3700161747935641,-0.03823087400056382,-0.5365024343613971,0.26819297726172664
2024-07-30 20:00:00,14,-1.7497545551693676,-1.123088799804783,0.006152466555132437,-0.5187000479159654,-0.025996136658058333
2024-07-31 00:00:00,14,-0.03724654471229982,0.07613685768042927,0.26621020936269385,0.6795474911514852,-1.7497545551693676
2024-07-31 04:00:00,14,0.9299153081221903,0.09651218526568733,0.007849778482854201,0.7050542574624661,-0.03724654471229982
2024-07-31 08:00:00,14,1.3151441636992445,0.7831417510224224,-0.13806273784001605,0.06823995330384136,0.9299153081221903
2024-07-31 12:00:00,14,-0.522797208829985,-0.27738960383013783,-0.19618094371496042,-0.8323825100101647,1.3151441636992445
2024-07-31 16:00:00,14,0.4450568871259861,0.04989383111607218,0.08110320446943145,-0.4743663145036905,-0.522797208829985
2024-07-31 20:00:00,14,0.3646253288956167,-1.5438901215052871,-0.06491374828821596,-0.7791452437359165,0.4450568871259861
2024-08-01 00:00:00,14,-1.9134943670524436,-1.8565065233404014,-0.05277930458702189,-1.0288439238965417,0.3646253288956167
2024-08-01 04:00:00,14,0.48476162704558234,-0.3766003906725647,0.29091309430803464,0.2815341000189786,-1.9134943670524436
2024-08-01 08:00:00,14,1.150070677079004,0.6347072761450898,-0.07090387134221612,-0.05043498954597325,0.48476162704558234
2024-08-01 12:00:00,14,-0.04704610475271842,-0.3976644569973192,-0.17127685166422604,-0.8380136556464652,1.150070677079004
2024-08-01 16:00:00,14,0.19525482613110512,-0.31767510819934663,0.00932820575969927,-0.805796063141214,-0.04704610475271842
2024-08-01 20:00:00,14,-1.5020738016096775,-1.5587233061558987,-0.027226935894220778,-0.939508311074178,0.19525482613110512
2024-08-02 00:00:00,14,-0.13821471612230596,-0.7288486743231153,0.2288434316194203,0.0891252369620883,-1.5020738016096775
2024-08-02 04:00:00,14,-0.4488662890310202,-0.4251754681944182,0.023082513227070844,0.18377590837607372,-0.13821471612230596
2024-08-02 08:00:00,14,1.4091862092850107,1.216193470927332,0.06994949063103287,0.49116355003858914,-0.4488662890310202
2024-08-02 12:00:00,14,2.1261137536356802,0.831358247204913,-0.21036875671787614,-0.47385974558592636,1.4091862092850107
2024-08-02 16:00:00,14,-1.204830864117417,-1.1113111560955697,-0.3185292488948603,-1.9298414234417756,2.1261137536356802
2024-08-02 20:00:00,14,-1.552756232617348,-0.7572119626303061,0.18399937078142578,-1.104762492424813,-1.204830864117417
2024-08-03 00:00:00,14,0.6180042378048256,0.34403280611100057,0.23648972269264257,-0.041421163203191114,-1.552756232617348
2024-08-05 04:00:00,14,-0.08658398872598738,-1.0647343803587714,-0.09100574421936836,-0.4646359820445731,0.6180042378048256
2024-08-05 08:00:00,14,2.5868540226201624,0.07690137164074984,0.015293155807836266,-0.40534249364813135,-0.08658398872598738
2024-08-05 12:00:00,14,-1.095331359781543,-1.9058670955860075,-0.3880396124620083,-2.176843220635126,2.5868540226201624
2024-08-05 16:00:00,14,0.031901068564984314,-0.6181384649350454,0.16747954199896387,-1.426750527666199,-1.095331359781543
2024-08-05 20:00:00,14,-2.216022824591441,-2.5050808570366314,-0.0025822936893883613,-1.448596664193568,0.031901068564984314
2024-08-06 00:00:00,14,1.2171780937541428,-1.1010947749833397,0.3365545641090007,0.06895554805197612,-2.216022824591441
2024-08-06 04:00:00,14,-2.2150650435477672,-2.135656203664668,-0.18140112610939746,-0.7645788760413144,1.2171780937541428
2024-08-06 08:00:00,14,1.9879820374994956,1.0713861408235699,0.3364100668443917,0.7523174391956147,-2.2150650435477672
2024-08-06 12:00:00,14,-0.10841747093888543,-0.5286430496913044,-0.29768977282748044,-0.6090704063776684,1.9879820374994956
2024-08-06 16:00:00,14,0.17667030913252724,-0.5248441534393122,0.01858710120119305,-0.5348251544589733,-0.10841747093888543
2024-08-06 20:00:00,14,-1.339454218635451,-1.8926249201110201,-0.02442315115854251,-0.6558105592512717,0.17667030913252724
2024-08-07 00:00:00,14,-0.5054115240946118,-0.8638970506878568,0.2043095519118986,0.26145964669374777,-1.339454218635451
2024-08-07 04:00:00,14,1.1198899234546325,-0.5521797387752814,0.07848028360018937,0.6075699700951223,-0.5054115240946118
2024-08-07 08:00:00,14,0.2899125418201436,-0.1276109170738376,-0.1667235809857492,-0.15934064650622126,1.1198899234546325
2024-08-07 12:00:00,14,-0.0796709266627964,-0.19629409660759034,-0.04150763301340919,-0.35787534313237224,0.2899125418201436
2024-08-07 16:00:00,14,0.1255139429190244,-0.16274335798398548,0.014250204953043829,-0.30331598134823956,-0.0796709266627964
2024-08-07 20:00:00,14,-1.406002494421628,-1.2945241162948282,-0.016705359045184796,-0.3892690498955105,0.1255139429190244
2024-08-08 00:00:00,14,0.42381044257099276,-0.26399198090686243,0.2143494706167683,0.5735740093702137,-1.406002494421628
2024-08-08 04:00:00,14,-0.08312336996887382,-0.7367306915625608,-0.061708367328609445,0.28334483503174646,0.42381044257099276
2024-08-08 08:00:00,14,1.2066332842922094,0.44802043946723985,0.014771063678783928,0.3402684608111084,-0.08312336996887382
2024-08-08 12:00:00,14,1.2217463662509367,-0.03289864246045816,-0.17981026551225268,-0.4860447836313746,1.2066332842922094
2024-08-08 16:00:00,14,-0.7936117014290023,-1.4682200062652666,-0.18209032630200456,-1.3227076015104693,1.2217463662509367
2024-08-08 20:00:00,14,-1.3712433687210765,-1.7193290929299947,0.12196009306156883,-0.7792352239687013,-0.7936117014290023
2024-08-09 00:00:00,14,-1.845830787741022,-0.7611486807481946,0.20910547605547913,0.15980447572994905,-1.3712433687210765
2024-08-09 04:00:00,14,1.5161309431455336,0.4488479253095879,0.2807049134417126,1.4238458765145996,-1.845830787741022
2024-08-09 08:00:00,14,0.26519396926195427,0.9902873645839099,-0.2265031557115252,0.38558587246946274,1.5161309431455336
2024-08-09 12:00:00,14,0.14836890869213093,0.7398009617396986,-0.03777842356278369,0.20397867498860833,0.26519396926195427
2024-08-09 16:00:00,14,0.6984037366733808,0.4535120920314116,-0.020153412291550515,0.10237432185848583,0.14836890869213093
2024-08-09 20:00:00,14,-1.3808177025935642,-1.244552165020995,-0.10313535123046728,-0.37589879151734173,0.6984037366733808
2024-08-10 00:00:00,14,0.3302590513861645,0.39429315872354637,0.21054992420379648,0.5696974974852349,-1.3808177025935642
2024-08-12 04:00:00,14,-0.5131682106002344,-0.6110134396430538,-0.04759457773560795,0.3435331509435464,0.3302590513861645
2024-08-12 08:00:00,14,1.0502621261331164,1.4203052821175965,0.0796505092899703,0.6949553225062655,-0.5131682106002344
2024-08-12 12:00:00,14,-0.009411956401031318,0.5356315804106233,-0.15621906503174807,-0.024273556936737606,1.0502621261331164
2024-08-12 16:00:00,14,1.014895145801102,0.2986056171641603,0.0036504660209271417,-0.017828165174774924,-0.009411956401031318
2024-08-12 20:00:00,14,-1.6087599870071827,-1.6770330198402899,-0.1508833654486207,-0.7128374207728889,1.014895145801102
2024-08-13 00:00:00,14,-0.31171807391238815,-0.5641246243619564,0.24493882425987237,0.3888557793885177,-1.6087599870071827
2024-08-13 04:00:00,14,-0.6915955138523131,-0.12465163500727888,0.049258392115824466,0.6023230990447939,-0.31171807391238815
2024-08-13 08:00:00,14,1.8029870461332784,1.7903102366042516,0.10656924757758345,1.0759338806571943,-0.6915955138523131
2024-08-13 12:00:00,14,0.38842989350447255,0.3584594298967928,-0.2697801891127558,-0.15876774341748678,1.8029870461332784
2024-08-13 16:00:00,14,0.5258216378879705,0.0015259102216067916,-0.056370620675294955,-0.4247680019205511,0.38842989350447255
2024-08-13 20:00:00,14,-0.6603887645349733,-1.486982786687504,-0.07709845964685066,-0.784855353444371,0.5258216378879705
2024-08-14 00:00:00,14,-1.2169662484770605,-1.1106277660327708,0.10186118831552186,-0.33261523234051005,-0.6603887645349733
2024-08-14 04:00:00,14,-0.15391397611135105,-0.06283243633865647,0.18583019616320787,0.5007741182159364,-1.2169662484770605
2024-08-14 08:00:00,14,1.0736079906751286,1.326344293519753,0.025451008761396405,0.6061757830143808,-0.15391397611135105
2024-08-14 12:00:00,14,0.7888424354126311,0.7634345749490199,-0.15974117855501666,-0.1290405528705687,1.0736079906751286
2024-08-14 16:00:00,14,1.1012293685485801,-0.3397415670748495,-0.11677953918860033,-0.6692468944700991,0.7888424354126311
2024-08-14 20:00:00,14,-3.2501941773210543,-2.1946938840120116,-0.16390832466195668,-1.4233785964929648,1.1012293685485801
2024-08-15 00:00:00,14,-0.0008852864521955439,0.11784699669654337,0.49257658249564573,0.8023833899299451,-3.2501941773210543
2024-08-15 04:00:00,14,0.4148326611967832,0.1272172416620489,0.0023640754706351036,0.8029896419951719,-0.0008852864521955439
2024-08-15 08:00:00,14,0.8730776510082059,1.044880066328702,-0.060353919086602856,0.5189085324845113,0.4148326611967832
2024-08-15 12:00:00,14,3.021658166928683,0.4210991373260819,-0.12948782812134543,-0.07898283670475692,0.8730776510082059
2024-08-15 16:00:00,14,-2.2374900864614755,-1.9872326697781517,-0.4536370785094266,-2.148241323118521,3.021658166928683
2024-08-15 20:00:00,14,-1.3478001027050794,-1.146662957090488,0.3397932590480522,-0.6159881383106871,-2.2374900864614755
2024-08-16 00:00:00,14,-0.7809832070660008,-0.6322347601517442,0.20556866789333386,0.3069974035471503,-1.3478001027050794
2024-08-16 04:00:00,14,0.35231203842138115,-0.11921107875795994,0.12005487380124089,0.8418216754172452,-0.7809832070660008
2024-08-16 08:00:00,14,0.8224371619031352,1.146566865761667,-0.05092163909696497,0.6005552464915063,0.35231203842138115
2024-08-16 12:00:00,14,0.2517700370195364,0.7464147252429785,-0.1218478646845263,0.037342936298287555,0.8224371619031352
2024-08-16 16:00:00,14,0.5970568004044203,0.43764241638197554,-0.035753199215174836,-0.13507143255036524,0.2517700370195364
2024-08-16 20:00:00,14,-1.0075714164586813,-1.1634937726693713,-0.08784547348220975,-0.5439412592666226,0.5970568004044203
2024-08-17 00:00:00,14,0.15296354123396583,0.1298575073131721,0.15423948902844767,0.14605264110042349,-1.0075714164586813
2024-08-19 04:00:00,14,-0.37135111007132693,-0.5752305604870135,-0.020846589337143527,0.041301842590343085,0.15296354123396583
2024-08-19 08:00:00,14,1.2727293623820497,1.1517381104187876,0.05825503144400163,0.2956063977397161,-0.37135111007132693
2024-08-19 12:00:00,14,-0.5622298207723215,0.1449689293107084,-0.18978196264329322,-0.5759700310043474,1.2727293623820497
2024-08-19 16:00:00,14,0.8549594223917563,0.16929575560654134,0.08705227247374428,-0.19095003083320528,-0.5622298207723215
2024-08-19 20:00:00,14,-1.7165227019267828,-1.4868282067474188,-0.12675439077475106,-0.7764338753283475,0.8549594223917563
2024-08-20 00:00:00,14,-0.13222009704017168,-0.3870379413783719,0.26119662935590704,0.39905619398487957,-1.7165227019267828
2024-08-20 04:00:00,14,-0.16100805019042141,-0.40507976105148946,0.022178124833227737,0.48960169673872755,-0.13222009704017168
2024-08-20 08:00:00,14,1.9856612275800867,1.221212283401911,0.026521268301538902,0.5998614467938115,-0.16100805019042141
2024-08-20 12:00:00,14,-0.09146449680229907,-0.09816749965426665,-0.297339639895484,-0.7599370874292823,1.9856612275800867
2024-08-20 16:00:00,14,0.15851619188424237,-0.25666728611572004,0.016029461951695925,-0.6973013835349224,-0.09146449680229907
2024-08-20 20:00:00,14,-1.4605212468381072,-1.3513638229340312,-0.021684299412524595,-0.8058546867776446,0.15851619188424237
2024-08-21 00:00:00,14,-0.06960619710260119,-0.4058352593223613,0.22257453483798234,0.19432330082021387,-1.4605212468381072
2024-08-21 04:00:00,14,-0.5141206700898238,-0.3899391897075527,0.012731772426023375,0.24199024595582053,-0.06960619710260119
2024-08-21 08:00:00,14,1.3256754905329942,1.3944358539448791,0.07979420370928003,0.5940646702794137,-0.5141206700898238
2024-08-21 12:00:00,14,0.3234857157742361,0.37389581361227314,-0.19776977023249467,-0.3137697396612644,1.3256754905329942
2024-08-21 16:00:00,14,-0.032338575915623835,-0.07480106489373846,-0.046572706949307506,-0.5352956455117734,0.3234857157742361
2024-08-21 20:00:00,14,0.9067666144309516,-1.1308771906262858,0.0071093294307557064,-0.5131499000451534,-0.032338575915623835
2024-08-22 00:00:00,14,-2.0884856747060585,-1.9697840246572207,-0.1345703708321808,-1.1341117721205425,0.9067666144309516
2024-08-22 04:00:00,14,-0.3965541023501764,-0.37590175694068695,0.31731345528126464,0.296101861386429,-2.0884856747060585
2024-08-22 08:00:00,14,2.11910919038608,1.2345644687379569,0.0620573236989073,0.5676656506301203,-0.3965541023501764
2024-08-22 12:00:00,14,-0.03928962577693973,-0.22541450214894065,-0.31747249355810203,-0.8835192397841549,2.11910919038608
2024-08-22 16:00:00,14,0.48517540582895613,-0.5592487134118639,0.008158011379260872,-0.8566133533219578,-0.03928962577693973
2024-08-22 20:00:00,14,-1.3941507877025003,-1.8460398130638842,-0.07096629678145998,-1.1888658022914793,0.48517540582895613
2024-08-23 00:00:00,14,-1.2064930575509791,-0.951238960354782,0.21256144274424577,-0.23413889758468365,-1.3941507877025003
2024-08-23 04:00:00,14,-0.16962296346783745,-0.043808350758565304,0.18425014041816817,0.5920783183336322,-1.2064930575509791
2024-08-23 08:00:00,14,1.5913827091906043,1.5105320815219037,0.02782097183153968,0.7082376379045936,-0.16962296346783745
2024-08-23 12:00:00,14,0.04207857291608619,0.1983569525196278,-0.23785614126321572,-0.3815554472847502,1.5913827091906043
2024-08-23 16:00:00,14,2.712746518093587,-0.0919640885567868,-0.004117740176865125,-0.4103712296441735,0.04207857291608619
2024-08-23 20:00:00,14,-2.048815195465883,-2.9107403404892045,-0.4070325977072984,-2.268084261346953,2.712746518093587
2024-08-24 00:00:00,14,-0.9203933943058153,-1.0798788115236666,0.3113285010228808,-0.8650373261535993,-2.048815195465883
2024-08-26 04:00:00,15,-0.4238366857626197,-0.7739775190180047,0.18692370516489654,-0.17095372899692052,-0.9203933943058153
2024-08-26 08:00:00,15,0.36276113272059973,0.8152286491106093,0.0894864519902371,0.10799115713671448,-0.4238366857626197
2024-08-26 12:00:00,15,-0.04136632739435697,0.303410365073453,-0.06486435924146128,-0.1307573190089535,0.36276113272059973
2024-08-26 16:00:00,15,0.6879354383078962,0.2885647964801536,0.01443588777680592,-0.1035323857448045,-0.04136632739435697
2024-08-26 20:00:00,15,-1.0035454821881764,-1.142833522321068,-0.12867195783852517,-0.5562918540782391,0.6879354383078962
2024-08-27 00:00:00,15,-0.956096537345239,-0.548919973937142,0.2032402927763402,0.1041839604568171,-1.0035454821881764
2024-08-27 04:00:00,15,0.5850178714360368,0.05521663345288502,0.1939295841060342,0.7334316133886407,-0.956096537345239
2024-08-27 08:00:00,15,1.1112162278259738,1.0228026458236756,-0.10847687267124671,0.3484065577112645,0.5850178714360368
2024-08-27 12:00:00,15,-0.5651359483829381,0.06957592853123823,-0.21173058285084823,-0.38293193787703395,1.1112162278259738
2024-08-27 16:00:00,15,1.3390646628929392,0.45184866535805207,0.11721301733203027,-0.010992018405328707,-0.5651359483829381
2024-08-27 20:00:00,15,-1.1447198974542356,-1.4363649770598867,-0.2564403315484405,-0.8922872258840133,1.3390646628929392
2024-08-28 00:00:00,15,-1.0735370233731132,-0.695671232367424,0.2309423598421946,-0.13889854534606094,-1.1447198974542356
2024-08-28 04:00:00,15,0.9796507469909876,0.0778078193146497,0.21697444116500916,0.5676416688551562,-1.0735370233731132
2024-08-28 08:00:00,15,1.3303815029519406,0.6595586876802558,-0.1859140369365376,-0.07710800772943038,0.9796507469909876
2024-08-28 12:00:00,15,-0.27864822888734864,-0.5474129735704478,-0.2547364712662799,-0.9526884596374323,1.3303815029519406
2024-08-28 16:00:00,15,-0.28429165070310347,-0.39950705165687267,0.060996726270695696,-0.7692982504145949,-0.27864822888734864
2024-08-28 20:00:00,15,-1.039214642539978,-1.2494751160603836,0.062104111410746156,-0.582193866112819,-0.28429165070310347
2024-08-29 00:00:00,15,-1.0339935710695052,-0.5195260441434514,0.21023950343633208,0.10175733459583647,-1.039214642539978
2024-08-29 04:00:00,15,0.10523005678241404,0.2718544444550265,0.2092149943440998,0.7822723268880214,-1.0339935710695052
2024-08-29 08:00:00,15,3.962442652545974,1.5220514766438507,-0.014330109648600146,0.7130159666128595,0.10523005678241404
2024-08-29 12:00:00,15,-1.4914936644928787,-1.5187750243738307,-0.7712148597198102,-1.8948354810189052,3.962442652545974
2024-08-29 16:00:00,15,0.01820101865454049,-0.5004558809483155,0.29898833072919423,-0.913220287274159,-1.4914936644928787
2024-08-29 20:00:00,15,-2.4812851579526978,-1.5893828307860736,0.002747235749654679,-0.9251991490543094,0.01820101865454049
2024-08-30 00:00:00,15,-0.5255075633416197,-0.006010832198307074,0.4932109898516801,0.7078397763157493,-2.4812851579526978
2024-08-30 04:00:00,15,1.3977226284998174,0.4107199672904988,0.10943690451401579,1.0536985760440771,-0.5255075633416197
2024-08-30 08:00:00,15,1.5675187065461564,0.8131250872049689,-0.2679505396419249,0.13379807533174848,1.3977226284998174
2024-08-30 12:00:00,15,0.02410841941276587,-0.43711402827588075,-0.3012689162946212,-0.8978524207151057,1.5675187065461564
2024-08-30 16:00:00,15,-0.27009027571052613,-0.47623900817223125,0.0015880511220376509,-0.9137191933043063,0.02410841941276587
2024-08-30 20:00:00,15,-0.9957608349164708,-1.456376936887051,0.05931743478998379,-0.7359613357740802,-0.27009027571052613
2024-08-31 00:00:00,15,-0.573777455500732,-0.1270013504861702,0.20171274389010335,-0.08060892754088478,-0.9957608349164708
2024-09-02 04:00:00,15,0.31141495025904575,-0.37736461551290795,0.11890870425431029,0.2970183340132042,-0.573777455500732
2024-09-02 08:00:00,15,1.05281134808879,0.7661603001498207,-0.05478891187768151,0.09206295672202458,0.31141495025904575
2024-09-02 12:00:00,15,-0.8283560569257968,-0.12993160476709248,-0.20027003674266391,-0.6008368121698737,1.05281134808879
2024-09-02 16:00:00,15,-0.5107695482575316,0.4329672956294803,0.16886360207993684,-0.05566058335543822,-0.8283560569257968
2024-09-02 20:00:00,15,-0.0732833633632417,0.3495186360437164,0.1065449252449142,0.2804985040129999,-0.5107695482575316
2024-09-03 04:00:00,15,-0.19081072645830233,-0.3566824806445793,0.020698834708705847,0.32872939137016033,-0.0732833633632417
2024-09-03 08:00:00,15,1.562437838465092,1.051300868927684,0.043760739292454665,0.4543100174766934,-0.19081072645830233
2024-09-03 12:00:00,15,-0.01876097347020078,-0.1895281334988576,-0.3002719187290982,-0.5739965439464232,1.562437838465092
2024-09-03 16:00:00,15,0.7895736935015201,-0.02200472037925523,0.010000133399681876,-0.561649152169835,-0.01876097347020078
2024-09-03 20:00:00,15,-1.5682058314756784,-1.6971923986559887,-0.1486160090075978,-1.0813010639235312,0.7895736935015201
2024-09-04 00:00:00,15,-1.2744553395499878,-0.6170477995700527,0.3140412395053317,-0.049198341838526005,-1.5682058314756784
2024-09-04 04:00:00,15,-0.15211998263754722,0.2375060716918795,0.25639980488265474,0.7895747316473383,-1.2744553395499878
2024-09-04 08:00:00,15,1.851383389055698,1.6394358318400994,0.03616861590288443,0.8896913394372721,-0.15211998263754722
2024-09-04 12:00:00,15,0.04300940703703304,0.062120411913488216,-0.3569704997415005,-0.3287825350472229,1.851383389055698
2024-09-04 16:00:00,15,1.1351349083701638,0.18293234784307516,-0.002120810896562222,-0.3570888486619417,0.04300940703703304
2024-09-04 20:00:00,15,-0.8809550011496317,-1.615193530124696,-0.21642404583642644,-1.1041692416484352,1.1351349083701638
2024-09-05 00:00:00,15,-1.9872209138611439,-1.0248029551491713,0.17918487366257974,-0.5243754183686526,-0.8809550011496317
2024-09-05 04:00:00,15,0.5421483747449969,0.21106513092359996,0.3962628225873006,0.7834988883161635,-1.9872209138611439
2024-09-05 08:00:00,15,0.43362875469858153,1.132179737612299,-0.10006477002377696,0.42668806532506665,0.5421483747449969
2024-09-05 12:00:00,15,1.9762414683231064,0.7245516830578541,-0.07877041731247814,0.14129860361289204,0.43362875469858153
2024-09-05 16:00:00,15,-0.1510404833073018,-0.5434868874836016,-0.38147088020393033,-1.1593496646276389,1.9762414683231064
2024-09-05 20:00:00,15,-1.52153374584395,-1.5674694355401628,0.035956790248868824,-1.0599435210987576,-0.1510404833073018
2024-09-06 00:00:00,15,-1.176758339701344,-0.5939286263302613,0.30488297067994435,-0.058557676644900525,-1.52153374584395
2024-09-06 04:00:00,15,-0.8006385079792082,0.21198610944960633,0.23722912982202587,0.7159168606032562,-1.176758339701344
2024-09-06 08:00:00,15,2.2379522829186556,1.956867073986437,0.16342470298216172,1.2428509957185625,-0.8006385079792082
2024-09-06 12:00:00,15,1.9533345133247977,0.5457919733902852,-0.43282530249158047,-0.2300402515504132,2.2379522829186556
2024-09-06 16:00:00,15,0.2609689187087927,-1.0798919424438913,-0.376975943905156,-1.5156124818538927,1.9533345133247977
2024-09-06 20:00:00,15,-2.264607174647848,-2.342486099111146,-0.044890097375226194,-1.687367187755905,0.2609689187087927
2024-09-07 00:00:00,15,-0.44144332320128044,-0.0971127079091265,0.450693172342801,-0.1969332265405761,-2.264607174647848
2024-09-09 04:00:00,15,-1.2976296162173249,-0.600465081707226,0.09294132906701309,0.09359933390371111,-0.44144332320128044
2024-09-09 08:00:00,15,2.0465171836249603,1.576358980889095,0.260947196598295,0.9476243810467615,-1.2976296162173249
2024-09-09 12:00:00,15,0.46853615213862376,-0.03306645347340692,-0.39526079089507016,-0.39927531389026605,2.0465171836249603
2024-09-09 16:00:00,15,-0.1016603697162175,-0.2067603868448225,-0.08562015041146813,-0.7076388133184395,0.46853615213862376
2024-09-09 20:00:00,15,-1.4704270883232677,-1.2739453697458052,0.026267136384592472,-0.6407318153935915,-0.1016603697162175
2024-09-10 00:00:00,15,-0.004862866377248309,-0.35812251981387966,0.2948545242969263,0.32701857172101434,-1.4704270883232677
2024-09-10 04:00:00,15,-1.4801677590910813,-0.3383773491842341,0.007272965774784632,0.3302190301840291,-0.004862866377248309
2024-09-10 08:00:00,15,2.765443737949303,1.9645309211729134,0.29676589552072663,1.3043801655643357,-1.4801677590910813
2024-09-10 12:00:00,15,-0.6727861106399882,-0.08439654577821848,-0.5363327520275676,-0.515675564635691,2.765443737949303
2024-09-10 16:00:00,15,0.5878292186151821,0.38586522017796127,0.13833675996538733,-0.07288651090598997,-0.6727861106399882
2024-09-10 20:00:00,15,-1.3837733904720846,-1.1110200154660441,-0.10902853160998084,-0.45976183331371523,0.5878292186151821
2024-09-11 00:00:00,15,-0.5526333871816185,-0.26881527722804566,0.27785083035667685,0.4509580826498052,-1.3837733904720846
2024-09-11 04:00:00,15,1.766884951400094,0.1920762465599605,0.11475969186054752,0.8146695367058605,-0.5526333871816185
2024-09-11 08:00:00,15,-0.06182103138718276,0.4191459553864462,-0.3403897235258952,-0.34819233470744493,1.766884951400094
2024-09-11 12:00:00,15,1.9537518274902794,0.16304661527139566,0.018449629082222817,-0.3075052938253364,-0.06182103138718276
2024-09-11 16:00:00,15,-1.498227195596595,-1.2014528203939883,-0.37705783172440366,-1.5933521762679117,1.9537518274902794
2024-09-11 20:00:00,15,-0.884191982999031,-1.3005475916827682,0.30030962347103857,-0.6073053603203267,-1.498227195596595
2024-09-12 00:00:00,15,-1.3893925536535185,-0.726735595109897,0.17982005311853158,-0.0253811420942629,-0.884191982999031
2024-09-12 04:00:00,15,0.24655451164293396,0.23415084816123802,0.2789534553260291,0.8890369833128116,-1.3893925536535185
2024-09-12 08:00:00,15,2.008614645089269,1.3808665329880998,-0.042061618358682,0.7267690096185948,0.24655451164293396
2024-09-12 12:00:00,15,-0.3002876692433549,-0.10065049974387413,-0.3878233337431985,-0.5951854183059968,2.008614645089269
2024-09-12 16:00:00,15,-0.22018621677031547,0.27237646305398033,0.06524294345445308,-0.3975533762525725,-0.3002876692433549
2024-09-12 20:00:00,15,0.0981627945449759,-0.7843597367610781,0.0495249693137522,-0.2526394949667239,-0.22018621677031547
2024-09-13 00:00:00,15,-1.122914651621958,-0.7591984142422775,-0.012943330237440365,-0.31724459043560316,0.0981627945449759
2024-09-13 04:00:00,15,0.21796002470454212,-0.02701446603766262,0.2266636073409372,0.4217931336605858,-1.122914651621958
2024-09-13 08:00:00,15,1.0778902921846836,1.0392215032257688,-0.03645064137401962,0.2783444037246756,0.21796002470454212
2024-09-13 12:00:00,15,0.1820089630054671,0.09054196875610826,-0.20519117340879386,-0.4310608811835923,1.0778902921846836
2024-09-13 16:00:00,15,-0.4530079343252158,0.04448384916804729,-0.029396114387670688,-0.550848693721596,0.1820089630054671
2024-09-13 20:00:00,15,-1.6232583745294882,-0.9107866614991461,0.09521060450436498,-0.2527049725601991,-0.4530079343252158
2024-09-14 00:00:00,15,0.9606023221483753,0.7962517306741694,0.3248439705593142,0.8156301613696666,-1.6232583745294882
2024-09-16 04:00:00,15,0.2740782158698494,-0.4404025216790973,-0.18217624392712822,0.18341706049274187,0.9606023221483753
2024-09-16 08:00:00,15,0.4237455489660107,0.7253063861960326,-0.0474624801150973,0.0030345705250258703,0.2740782158698494
2024-09-16 12:00:00,15,0.32402043346834297,0.27170528290777246,-0.07683107704665636,-0.27585033462016106,0.4237455489660107
2024-09-16 16:00:00,15,-0.09742598905008926,0.08377872312482673,-0.057262433305791206,-0.48910191466252684,0.32402043346834297
2024-09-16 20:00:00,15,-0.7557416456377233,-1.0401069051779455,0.025436241516181828,-0.42498174211744555,-0.09742598905008926
2024-09-17 00:00:00,15,-0.7413330249142227,-0.5542289195820596,0.15461477882355062,0.07240386505231733,-0.7557416456377233
2024-09-17 04:00:00,15,-0.7020587996823302,-0.09444459930104718,0.15178743523684882,0.5603065482514307,-0.7413330249142227
2024-09-17 08:00:00,15,2.803088744660874,1.6658353688631096,0.14408081772203254,1.022361199287909,-0.7020587996823302
2024-09-17 12:00:00,15,-0.907414420117389,-0.3712237619280211,-0.5437196747830337,-0.8224703053162727,2.803088744660874
2024-09-17 16:00:00,15,0.7767534183416505,0.2113171690121089,0.18437689515873376,-0.22526241699905114,-0.907414420117389
2024-09-17 20:00:00,15,-1.45600813855423,-1.500112248479185,-0.14610033985032098,-0.7364767623154815,0.7767534183416505
2024-09-18 00:00:00,15,-0.6890739750768162,-0.4932379521685485,0.2920251538846722,0.2217839028458357,-1.45600813855423
2024-09-18 04:00:00,15,-0.32502851375242514,0.05719574154672585,0.1415328597129103,0.6752926904808643,-0.6890739750768162
2024-09-18 08:00:00,15,1.078232721290025,1.4649758201896914,0.07009773624792402,0.8892077308830864,-0.32502851375242514
2024-09-18 12:00:00,15,0.8239320142815245,0.6043864288310565,-0.20525836684482537,0.1795770788676112,1.078232721290025
2024-09-18 16:00:00,15,0.7613757929744054,0.1340670544416272,-0.15535799908224449,-0.3626874999809022,0.8239320142815245
2024-09-18 20:00:00,15,1.7919223276691127,-1.4730422237220784,-0.14308285252137276,-0.8637811783018527,0.7613757929744054
2024-09-19 00:00:00,15,-1.6559200196416004,-2.700153416760477,-0.3453027035106201,-2.043121208182919,1.7919223276691127
2024-09-19 04:00:00,15,-0.5258813952410275,-1.7530146210830033,0.33125302903971715,-0.9532900613245321,-1.6559200196416004
2024-09-19 08:00:00,15,0.2597105847262142,0.15107913279289809,0.10951025998943414,-0.6071852269792952,-0.5258813952410275
2024-09-19 12:00:00,15,0.6013741009328353,-0.12425750873415821,-0.044643179742800104,-0.7781117699561051,0.2597105847262142
2024-09-19 16:00:00,15,-0.21052256310715478,-0.7490004482944252,-0.11168638740952912,-1.1739015534822546,0.6013741009328353
2024-09-19 20:00:00,15,-1.8593997166630434,-1.6087098948171177,0.047628710835376,-1.0353477322413607,-0.21052256310715478
2024-09-20 00:00:00,15,-1.169340783451812,-0.4347596999553245,0.37118100184416997,0.18840202719305665,-1.8593997166630434
2024-09-20 04:00:00,15,-0.03741824963750062,0.37623059653189966,0.23577361367696498,0.957994756299259,-1.169340783451812
2024-09-20 08:00:00,15,2.6814868026378704,1.6274835799719882,0.01366117293491674,0.9826212922624489,-0.03741824963750062
2024-09-20 12:00:00,15,-0.9048067511103461,-0.32529543239992254,-0.5198582325598743,-0.7821788205092819,2.6814868026378704
2024-09-20 16:00:00,15,1.6433652011997175,0.3008624913474624,0.18386520313874197,-0.18668714968497113,-0.9048067511103461
2024-09-20 20:00:00,15,-1.7575842603115532,-1.8341271545039002,-0.3161519577978791,-1.2682554384229068,1.6433652011997175
2024-09-21 00:00:00,15,-0.9239261938330152,-0.029030039493080122,0.3512021792304974,-0.11151474600095845,-1.7575842603115532
2024-09-23 04:00:00,16,-0.5701483232033304,0.0736051485734244,0.09906807409238191,0.5649086856793701,-0.9239261938330152
2024-09-23 08:00:00,16,3.4463546860228096,1.974918970182119,0.06115648532765398,0.9223126854285049,-0.5701483232033304
2024-09-23 12:00:00,16,-1.1757421714661387,-1.3018077196315536,-0.36926051641145047,-1.238074180954433,3.4463546860228096
2024-09-23 16:00:00,16,0.05767559123309418,0.09945434606919387,0.12605320962791663,-0.5010467485228336,-1.1757421714661387
2024-09-23 20:00:00,16,-1.7254006876996524,-1.2240528815037264,-0.0061224601259181905,-0.5372013527822812,0.05767559123309418
2024-09-24 00:00:00,16,0.08864821115142973,-0.3416080639553656,0.1849557848268273,0.5443858094654033,-1.7254006876996524
2024-09-24 04:00:00,16,0.21342335588135342,-0.04637696811678833,-0.009441551925583833,0.4888156640370749,0.08864821115142973
2024-09-24 08:00:00,16,1.353170776912311,1.22563573657968,-0.022812721712548334,0.3550287915206116,0.21342335588135342
2024-09-24 12:00:00,16,-0.012670877573070172,-0.03564726045221889,-0.14495047850574916,-0.49322179228340346,1.353170776912311
2024-09-24 16:00:00,16,0.562220828378388,0.16499716844090004,0.0014160170311838093,-0.4852789077029449,-0.012670877573070172
2024-09-24 20:00:00,16,-2.4628109693926987,-1.3863970089120956,-0.06019060042482562,-0.8377134666186734,0.562220828378388
2024-09-25 00:00:00,16,0.9807613815800842,0.0804984849510336,0.2639782383812843,0.7061277677842686,-2.4628109693926987
2024-09-25 04:00:00,16,-0.8975467435214668,-0.45393638789432345,-0.10504229594241697,0.09132627436445517,0.9807613815800842
2024-09-25 08:00:00,16,1.1209448933175992,1.6898364725894202,0.09624119611306976,0.6539637198173676,-0.8975467435214668
2024-09-25 12:00:00,16,0.24122429545500168,0.45575852107988674,-0.12006465909681305,-0.04871341184404088,1.1209448933175992
2024-09-25 16:00:00,16,0.25403540415351955,0.5952203388828279,-0.02579192950333876,-0.1999276214165544,0.24122429545500168
2024-09-25 20:00:00,16,-0.46888885222824683,-0.6786495168224389,-0.027164795148479214,-0.3591726210549666,0.25403540415351955
2024-09-26 00:00:00,16,-1.2699888344917056,-0.7211800529659286,0.05030530513566387,-0.06524427924628107,-0.46888885222824683
2024-09-26 04:00:00,16,0.7429156830144095,0.6760664249544706,0.13615288241048376,0.7308627522256081,-1.2699888344917056
2024-09-26 08:00:00,16,1.3681396907707555,1.4469371578196695,-0.07955424521320695,0.2651575562620323,0.7429156830144095
2024-09-26 12:00:00,16,-0.033357988049488085,0.035442696688188904,-0.14655457913942052,-0.5924764624609011,1.3681396907707555
2024-09-26 16:00:00,16,1.2261753804839994,0.374625757567959,0.003632891771586647,-0.57156562598683,-0.033357988049488085
2024-09-26 20:00:00,16,-2.619007995544486,-2.0581727169345063,-0.13134138182642802,-1.3402076925225774,1.2261753804839994
2024-09-27 00:00:00,16,-0.5512061858529869,-0.46033577750591875,0.28071664378578315,0.3015474348510878,-2.619007995544486
2024-09-27 04:00:00,16,0.7685150849928952,0.19121686165675292,0.05912660561733452,0.6470773390757945,-0.5512061858529869
2024-09-27 08:00:00,16,1.6989050745471719,0.9593049919491672,-0.08229753155472942,0.16532486508657662,0.7685150849928952
2024-09-27 12:00:00,16,0.6800319306430023,-0.7717330925304938,-0.18200010088734503,-0.8996532189070514,1.6989050745471719
2024-09-27 16:00:00,16,-1.1708100784007804,-0.6775389359120922,-0.07281548861533246,-1.3259390152124784,0.6800319306430023
2024-09-27 20:00:00,16,-0.9739762792541029,-1.2348147672152692,0.12552467604917575,-0.5920033217494165,-1.1708100784007804
2024-09-28 00:00:00,16,-0.5845392812314927,-0.3021273995600717,0.104431547654893,0.01854485264564154,-0.9739762792541029
2024-09-30 04:00:00,16,0.060727326426228245,-0.19843237776272518,0.06269865098579157,0.3849699890888054,-0.5845392812314927
2024-09-30 08:00:00,16,1.871121216041626,1.1490432270790514,-0.0064494905573440455,0.34690236970712895,0.060727326426228245
2024-09-30 12:00:00,16,-0.7230966885068852,-0.49612966252938223,-0.20045514874934126,-0.8260313729924036,1.871121216041626
2024-09-30 16:00:00,16,1.112845332196816,0.3331569219850949,0.07754675732885362,-0.3727499404947938,-0.7230966885068852
2024-09-30 20:00:00,16,0.4033519626455373,-1.767527223704854,-0.11919669290706984,-1.070349769596552,1.112845332196816
2024-10-01 00:00:00,16,-2.7643014349736745,-2.752332690541757,-0.04316587501036596,-1.3231955623303282,0.4033519626455373
2024-10-01 04:00:00,16,0.18075011218401116,-0.24197716294214197,0.2962865976555607,0.409638419923672,-2.7643014349736745
2024-10-01 08:00:00,16,2.4132660158323436,1.0853819823398587,-0.019311387453119836,0.2963331440496386,0.18075011218401116
2024-10-01 12:00:00,16,-1.1914532112429868,-1.2502562768326713,-0.2585525381197346,-1.2164502693456622,2.4132660158323436
2024-10-01 16:00:00,16,0.6296088022172608,-0.007284789492173418,0.127736838052798,-0.4695741918721641,-1.1914532112429868
2024-10-01 20:00:00,16,-0.6294678751772746,-1.6576894745541515,-0.06741203897133606,-0.8642516732079493,0.6296088022172608
2024-10-02 00:00:00,16,-1.4004376879073792,-1.5148424383125398,0.06751329463328208,-0.4696625335995961,-0.6294678751772746
2024-10-02 04:00:00,16,0.5660124069263119,-0.10615636258450944,0.15013205888277925,0.4082178541657999,-1.4004376879073792
2024-10-02 08:00:00,16,0.5388584387000357,0.783989886924439,-0.06059691404309181,0.05340650085597787,0.5660124069263119
2024-10-02 12:00:00,16,0.4469762208530117,0.201338041612989,-0.05768703707737666,-0.28438307678921504,0.5388584387000357
2024-10-02 16:00:00,16,-0.4570273506171656,-0.00678425765289147,-0.047840743267061565,-0.564575234907073,0.4469762208530117
2024-10-02 20:00:00,16,-0.5404763150731888,-0.5131175659756063,0.04903420140492154,-0.27808241109660514,-0.4570273506171656
2024-10-03 00:00:00,16,-0.35587117119243317,-0.5667261736229179,0.057976769852371775,0.060721350864023194,-0.5404763150731888
2024-10-03 04:00:00,16,-0.20962489479399338,-0.010196616544712647,0.03819409015506966,0.2838032662241865,-0.35587117119243317
2024-10-03 08:00:00,16,0.8142386790299234,1.6669920403515115,0.0225220282498919,0.41520902994796494,-0.20962489479399338
2024-10-03 12:00:00,16,0.042461978061101746,0.7380152537379879,-0.08719736910220469,-0.09520580210963026,0.8142386790299234
2024-10-03 16:00:00,16,1.3318130159593888,0.9157857838357247,-0.004492136993565011,-0.1218235788857367,0.042461978061101746
2024-10-03 20:00:00,16,-1.6934841427317497,-1.726527410717809,-0.14266173543445032,-0.9566858058717003,1.3318130159593888
2024-10-04 00:00:00,16,-0.9227807609220982,-0.9047952807369481,0.18153554001202193,0.10489410498986729,-1.6934841427317497
2024-10-04 04:00:00,16,0.2829727170757188,0.1527098683304067,0.09894532706640491,0.683349782965248,-0.9227807609220982
2024-10-04 08:00:00,16,0.16431835509800052,1.3283505195389052,-0.030265779123282453,0.5059650976354373,0.2829727170757188
2024-10-04 12:00:00,16,4.052591159991946,2.7844787956070127,-0.017550525429110387,0.40296025669463376,0.16431835509800052
2024-10-04 16:00:00,16,-2.0231709629896155,-2.7075782723458923,-0.4342261058486552,-2.1374528796473786,4.052591159991946
2024-10-04 20:00:00,16,-1.7717971775397352,-1.9421700333894694,0.21686548060022282,-0.8692050133970977,-2.0231709629896155
2024-10-05 00:00:00,16,1.0029394906764981,-0.2116217810578706,0.1899277313191654,0.24146631935204432,-1.7717971775397352
2024-10-07 04:00:00,16,-2.0278398083452362,-1.4799587207625575,-0.10741894926487033,-0.3872377755055787,1.0029394906764981
2024-10-07 08:00:00,16,1.6922605665327097,1.6640556270611726,0.21736580399471145,0.8839368098744433,-2.0278398083452362
2024-10-07 12:00:00,16,0.13639108006833212,0.14203105933578727,-0.18128806128198513,-0.1768760882472158,1.6922605665327097
2024-10-07 16:00:00,16,-0.42458626601749927,0.35547947733697965,-0.014557779262257844,-0.26237439730589607,0.13639108006833212
2024-10-07 20:00:00,16,-0.5190616440372011,-0.5810638394468042,0.04555774580798093,0.0037823614487688673,-0.42458626601749927
2024-10-08 00:00:00,16,-0.49164122147722367,-0.6819500991820586,0.055681928175578176,0.32916209185463785,-0.5190616440372011
2024-10-08 04:00:00,16,0.6415239571129945,0.029686344752186834,0.052743497396969416,0.6373530166481594,-0.49164122147722367
2024-10-08 08:00:00,16,1.0591844316020662,0.9166396854983476,-0.06868889230213111,0.23520638413880057,0.6415239571129945
2024-10-08 12:00:00,16,-0.3969892158626145,-0.04562496027560281,-0.11344627671378973,-0.42875549546421965,1.0591844316020662
2024-10-08 16:00:00,16,0.057526753846374845,0.45411290641799995,0.042600387240783494,-0.17989826335065473,-0.3969892158626145
2024-10-08 20:00:00,16,-0.22648108919517185,-0.9473789320878498,-0.006106510395122206,-0.21595956719131415,0.057526753846374845
2024-10-09 00:00:00,16,-1.21235145943076,-1.2036309173598179,0.024328373878968017,-0.07398730514709584,-0.22648108919517185
2024-10-09 04:00:00,16,0.5831838610973605,0.09651748945135469,0.1299763387592382,0.6859890783101079,-1.21235145943076
2024-10-09 08:00:00,16,1.3525007087234364,1.0249807174019656,-0.062437043579364006,0.32041360248605955,0.5831838610973605
2024-10-09 12:00:00,16,-1.1251655715394087,-0.2886297308468863,-0.14487867257403353,-0.5274169414071785,1.3525007087234364
2024-10-09 16:00:00,16,0.9233379339698384,0.8198385853516754,0.1206333136515868,0.17790597068844072,-1.1251655715394087
2024-10-09 20:00:00,16,-1.2189358452364356,-0.8362583636887783,-0.098888677211608,-0.4008989775868095,0.9233379339698384
2024-10-10 00:00:00,16,-1.3946148174309947,-0.24113647960411924,0.13068193554088195,0.36320490344789924,-1.2189358452364356
2024-10-10 04:00:00,16,1.1855588891479165,1.2381832636696997,0.149508067702839,1.2374351582328291,-1.3946148174309947
2024-10-10 08:00:00,16,0.9283132926282534,1.6277168221764384,-0.12698883226232166,0.49425400400448183,1.1855588891479165
2024-10-10 12:00:00,16,0.2817984643372391,0.6388301801566921,-0.09942184722328547,-0.08766980477133579,0.9283132926282534
2024-10-10 16:00:00,16,1.0027207352695982,0.7933240473062754,-0.03013994370331155,-0.2643183963368241,0.2817984643372391
2024-10-10 20:00:00,16,-0.24958346128729758,-1.6961220780602448,-0.10739550697038286,-0.8928853618647441,1.0027207352695982
2024-10-11 00:00:00,16,-0.4854110608609652,-1.881924393610706,0.02680407318906757,-0.7364311135489032,-0.24958346128729758
2024-10-11 04:00:00,16,-1.7130377930721572,-1.3102199420489327,0.05207586013972267,-0.4321456362200333,-0.4854110608609652
2024-10-11 08:00:00,16,1.038584564379434,1.5932427050954954,0.18363095075446143,0.6416917040804098,-1.7130377930721572
2024-10-11 12:00:00,16,0.9625080764126039,0.5487139274847728,-0.11123875114594575,-0.009356913060829086,1.038584564379434
2024-10-11 16:00:00,16,-0.9596177053177151,-0.06822719775430364,-0.1030862329533021,-0.6127161132913095,0.9625080764126039
2024-10-11 20:00:00,16,-1.1631664448841121,-0.5109296729353907,0.10289285234488002,-0.011168775251825025,-0.9596177053177151
2024-10-12 00:00:00,16,0.9142986984579196,0.5357482038417808,0.1247055680308126,0.7179754190867182,-1.1631664448841121
2024-10-14 04:00:00,16,-1.386977735471266,-0.5925045941930589,-0.09792001351631967,0.14483681901448264,0.9142986984579196
2024-10-14 08:00:00,16,1.4150551897610555,1.9473412940429462,0.1486896617632464,1.0142796815933242,-1.386977735471266
2024-10-14 12:00:00,16,-0.34584232959866057,0.5904041334467532,-0.15158214375573326,0.12723614554487916,1.4150551897610555
2024-10-14 16:00:00,16,1.0976774452610094,1.0852949078987395,0.03711937816810174,0.34403136680704627,-0.34584232959866057
2024-10-14 20:00:00,16,-1.1213204547820226,-1.0840085494669291,-0.11757126989540242,-0.3440602988257009,1.0976774452610094
2024-10-15 00:00:00,16,-0.308556744981793,-0.6974400941677052,0.12022126276496994,0.3588522578366664,-1.1213204547820226
2024-10-15 04:00:00,16,-0.37546308907912973,-0.10897621686479833,0.03312377564968763,0.5522745837789262,-0.308556744981793
2024-10-15 08:00:00,16,1.6789116335337368,1.5895525858947188,0.040293601729128055,0.7876379170271939,-0.37546308907912973
2024-10-15 12:00:00,16,0.1816093877142464,0.12229915158687646,-0.17985756124136867,-0.26480704971231006,1.6789116335337368
2024-10-15 16:00:00,16,-0.870592514209072,0.25538843114883886,-0.019403469245799207,-0.37865097228386624,0.1816093877142464
2024-10-15 20:00:00,16,-0.879903430347774,-0.2915679430803755,0.09335272359402029,0.1670899061278952,-0.870592514209072
2024-10-16 00:00:00,16,0.15717638271544843,-0.11489808735118479,0.09435050116288024,0.7186674388520018,-0.879903430347774
2024-10-16 04:00:00,16,-0.052170336181760035,0.03639315491225732,-0.0167851764844338,0.6201396250140423,0.15717638271544843
2024-10-16 08:00:00,16,1.4304713774620836,1.4425374925579746,0.005648862993359692,0.6528431971562139,-0.052170336181760035
2024-10-16 12:00:00,16,-0.4321394250248929,0.29848932552544827,-0.15323417520530067,-0.24386415253685279,1.4304713774620836
2024-10-16 16:00:00,16,0.39357633211540133,0.8333292132732233,0.04636715838557724,0.02702739036102564,-0.4321394250248929
2024-10-16 20:00:00,16,-1.3466218325418424,-0.4474800354650552,-0.04211829765931573,-0.21969043652710774,0.39357633211540133
2024-10-17 00:00:00,16,-0.8985000900017894,0.08562295652428487,0.14436503740682063,0.6244548665685663,-1.3466218325418424
2024-10-17 04:00:00,16,1.0467512332836115,1.165098189062744,0.09634335874875967,1.1876899281703786,-0.8985000900017894
2024-10-17 08:00:00,16,0.6594789889378418,1.7634105056492082,-0.11211390874843172,0.5315219411876573,1.0467512332836115
2024-10-17 12:00:00,16,2.3512560761207038,1.0457824463235654,-0.07061299168570657,0.11811999154648767,0.6594789889378418
2024-10-17 16:00:00,16,-0.5736914225784542,-0.8213012360884017,-0.2519074211442468,-1.3557917816541636,2.3512560761207038
2024-10-17 20:00:00,16,-2.782014312732745,-2.0667750389356576,0.06153617138948474,-0.9961667495233772,-0.5736914225784542
2024-10-18 00:00:00,16,0.14842490119205465,-0.2806274256506264,0.2981847472946168,0.7477707528156952,-2.782014312732745
2024-10-18 04:00:00,16,-0.5303849063578845,-0.017841872821900955,-0.015847349118334037,0.6547289053007059,0.14842490119205465
2024-10-18 08:00:00,16,2.243783364280736,1.8520381224145663,0.05689535303963994,0.987206752247344,-0.5303849063578845
2024-10-18 12:00:00,16,-0.0653078004592178,-0.04006275383833742,-0.24039041685153936,-0.4193345218879383,2.243783364280736
2024-10-18 16:00:00,16,-0.4392846169729623,0.06767011794341618,0.007056701596186342,-0.37839557995121353,-0.0653078004592178
2024-10-18 20:00:00,16,-1.1905180299676061,-0.5499841916008726,0.047132852345739606,-0.10302499172900959,-0.4392846169729623
2024-10-19 00:00:00,16,-0.23302735204691416,0.5279836169724116,0.12763662203908974,0.6432648566621442,-1.1905180299676061
2024-10-21 04:00:00,17,0.4141661527890612,0.33157398810510735,0.032459456647839724,0.8991180819197631,-0.23302735204691416
2024-10-21 08:00:00,17,0.11498893305239477,1.3353777207419817,-0.05615466838281835,0.6192941472076203,0.4141661527890612
2024-10-21 12:00:00,17,0.7075807544506318,0.9990648187166621,-0.015191143010621282,0.5416039364591345,0.11498893305239477
2024-10-21 16:00:00,17,-0.7846719813671967,0.7036914978165438,-0.09632917261250584,0.06353968735617954,0.7075807544506318
2024-10-21 20:00:00,17,-0.09982758175725337,0.2985215183865522,0.10799097201350702,0.5936892416013109,-0.7846719813671967
2024-10-22 00:00:00,17,-0.23966239519147692,-0.1439665427420111,0.014221663761623437,0.6611359572056639,-0.09982758175725337
2024-10-22 04:00:00,17,-0.8381808360374343,0.09973481352300544,0.03336793075705549,0.8230595571266157,-0.23966239519147692
2024-10-22 08:00:00,17,2.0692050566932743,2.3285064297097806,0.11531743666830523,1.3893614095615803,-0.8381808360374343
2024-10-22 12:00:00,17,0.3939801453476903,0.23451209057612676,-0.28276359332612516,-0.008659884044879718,2.0692050566932743
2024-10-22 16:00:00,17,0.8359737205794602,0.23128613713223772,-0.053390788068950285,-0.2748455047848761,0.3939801453476903
2024-10-22 20:00:00,17,-2.2643323315396415,-1.581112860179694,-0.1139088149738434,-0.8396561592364815,0.8359737205794602
2024-10-23 00:00:00,17,-0.45897459815168773,-0.19117527485335284,0.3105869596019781,0.6901993787896963,-2.2643323315396415
2024-10-23 04:00:00,17,0.605920114198998,0.341417556944189,0.06339628986240617,1.0002973361501617,-0.45897459815168773
2024-10-23 08:00:00,17,0.900064063513593,1.361735570243437,-0.08240973643361811,0.5909182757546869,0.605920114198998
2024-10-23 12:00:00,17,0.33075710866455665,0.32191242537752146,-0.12268410338385667,-0.017193869695422137,0.900064063513593
2024-10-23 16:00:00,17,0.5635336454729458,0.26814014945342685,-0.04473425175393121,-0.2406639793537213,0.33075710866455665
2024-10-23 20:00:00,17,-1.0151883513349826,-0.8676942674581012,-0.0766061555706575,-0.6214053821868752,0.5635336454729458
2024-10-24 00:00:00,17,-0.8395636489589897,-0.7557457211407709,0.13955341242322009,0.06448842403434263,-1.0151883513349826
2024-10-24 04:00:00,17,-0.2623735195126642,0.07429904414146933,0.11550677224755486,0.6317245492245167,-0.8395636489589897
2024-10-24 08:00:00,17,3.1247491978203534,1.7609566281139217,0.0364775515971079,0.8089925130595503,-0.2623735195126642
2024-10-24 12:00:00,17,-1.319143779016981,-0.9851649725945401,-0.42728933377050643,-1.3021882525208568,3.1247491978203534
2024-10-24 16:00:00,17,0.1935035590765395,0.32633778281580667,0.18117117290922205,-0.41093241181584084,-1.319143779016981
2024-10-24 20:00:00,17,-0.9181695758237627,-1.0394847110967491,-0.025941412961186114,-0.5416696217905486,0.1935035590765395
2024-10-25 00:00:00,17,-2.1750586385226,-0.9732248587009878,0.12626954316428574,0.07867518840170007,-0.9181695758237627
2024-10-25 04:00:00,17,0.7307737282589208,1.1144654324398728,0.2983635517095184,1.5482145565089045,-2.1750586385226
2024-10-25 08:00:00,17,1.89406911860992,2.016786406955313,-0.09950476857495508,1.054480390525958,0.7307737282589208
2024-10-25 12:00:00,17,0.41098404703733316,0.1539213079511536,-0.2587838750522015,-0.22521344687973865,1.89406911860992
2024-10-25 16:00:00,17,0.04017169248059815,0.14750012879908336,-0.05571897254403538,-0.5028874488991129,0.41098404703733316
2024-10-25 20:00:00,17,-1.1542184340875092,-0.9971887133226727,-0.004947121306234307,-0.5300287326043822,0.04017169248059815
2024-10-26 00:00:00,17,0.2783364406135398,-0.10199542410192602,0.15858949520834867,0.24979825607798567,-1.1542184340875092
2024-10-28 04:00:00,17,-0.9067196151218511,-0.5925974660988924,-0.037556782267365973,0.06174523083253192,0.2783364406135398
2024-10-28 08:00:00,17,0.8107535108814119,1.4887982320440378,0.1247018076390467,0.6743540803859602,-0.9067196151218511
2024-10-28 12:00:00,17,0.6631901226917734,0.5635816152436302,-0.11045564865066056,0.1265830083928634,0.8107535108814119
2024-10-28 16:00:00,17,-0.3774494116559133,0.1855387450676682,-0.0902511805383018,-0.3214895063313321,0.6631901226917734
2024-10-28 20:00:00,17,-1.1534074047707001,-0.611695975912077,0.0522338121562753,-0.06647257939733997,-0.3774494116559133
2024-10-29 00:00:00,17,-0.17429662465007567,-0.1806058078305629,0.15847844858512666,0.712806451869703,-1.1534074047707001
2024-10-29 04:00:00,17,0.3239047453012347,0.2636835249994201,0.024418010029793182,0.8305668409990137,-0.17429662465007567
2024-10-29 08:00:00,17,0.7030261330585184,1.3364437898820094,-0.04379602202928834,0.6117264077773079,0.3239047453012347
2024-10-29 12:00:00,17,0.7018822674882959,0.4592382865696658,-0.09570555110442172,0.13673940694894604,0.7030261330585184
2024-10-29 16:00:00,17,1.1618928195567797,0.3367800605871479,-0.09554893234063538,-0.33747476161756396,0.7018822674882959
2024-10-29 20:00:00,17,-1.197792617016738,-1.723409473878613,-0.15853385458077707,-1.1224868112327169,1.1618928195567797
2024-10-30 00:00:00,17,-1.4174420211965124,-1.382718360914399,0.16455569861636654,-0.31321970718357584,-1.197792617016738
2024-10-30 04:00:00,17,-0.5301883984632632,0.0993702637644474,0.19463022751607956,0.6444495782627158,-1.4174420211965124
2024-10-30 08:00:00,17,2.8989435888780584,1.9573414400109306,0.07314692635298345,1.0026618628679245,-0.5301883984632632
2024-10-30 12:00:00,17,-0.20066715356859355,-0.8205881541070494,-0.39637189360165365,-0.9559573919545379,2.8989435888780584
2024-10-30 16:00:00,17,-0.0012275332453022259,-0.16896924529869423,0.028028678754446663,-0.820380227811798,-0.20066715356859355
2024-10-30 20:00:00,17,-0.9435837208392375,-0.8649844618706493,0.0007212856496994228,-0.8195508669855283,-0.0012275332453022259
2024-10-31 00:00:00,17,-1.1031426353384646,-0.8921170594786612,0.12974926322810085,-0.18203544541500705,-0.9435837208392375
2024-10-31 04:00:00,17,0.32285375071695555,0.2258713643940125,0.1515961660377544,0.5632830956835164,-1.1031426353384646
2024-10-31 08:00:00,17,0.47269236962452155,1.417387344219719,-0.0436521192169116,0.34515274810727803,0.32285375071695555
2024-10-31 12:00:00,17,0.0693763049746785,0.790473960560514,-0.06416811329145243,0.02578662442476798,0.47269236962452155
2024-10-31 16:00:00,17,1.6857544914671294,1.0105624907491848,-0.008945834463403959,-0.021086232043758812,0.0693763049746785
2024-10-31 20:00:00,17,-1.7924464531126603,-1.7245630351450594,-0.23026131066085373,-1.1600360269132786,1.6857544914671294
2024-11-01 00:00:00,17,-1.3488073230832889,-0.8515682248812838,0.24597606051434243,0.05099827874680507,-1.7924464531126603
2024-11-01 04:00:00,17,0.9120505348340693,0.44380713718301296,0.1852327232540612,0.9622957611027463,-1.3488073230832889
2024-11-01 08:00:00,17,0.5528814022510424,0.9814527690753774,-0.12432529826658077,0.3460851712345647,0.9120505348340693
2024-11-01 12:00:00,17,2.391926961833571,2.655358277620317,-0.0751476440039168,-0.02745923447124987,0.5528814022510424
2024-11-01 16:00:00,17,-1.6877701531407325,-1.0190554044998004,-0.3269508712245371,-1.6435217965542037,2.391926961833571
2024-11-01 20:00:00,17,-0.6464828421188695,-0.754616669194648,0.231643718387686,-0.5032101560177775,-1.6877701531407325
2024-11-02 00:00:00,17,2.4244559572678117,-0.46724625578341544,0.0890700317201804,-0.0664256158341523,-0.6464828421188695
2024-11-04 04:00:00,17,-2.7070221022934344,-2.625381737196323,-0.331404760898943,-1.704465810404324,2.4244559572678117
2024-11-04 08:00:00,17,0.38939116840833776,0.8932284581915771,0.3712003100176502,0.1244851333544279,-2.7070221022934344
2024-11-04 12:00:00,17,1.043148486593898,0.3214739885351269,-0.052762462578616984,-0.13860002740151245,0.38939116840833776
2024-11-04 16:00:00,17,-0.37808406228334057,-0.415260901120785,-0.14227530889200088,-0.843384597656792,1.043148486593898
2024-11-04 20:00:00,17,-1.297698515146088,-1.1102761326997388,0.05232070890296606,-0.587938880406309,-0.37808406228334057
2024-11-05 00:00:00,17,-1.0524611855742094,-0.6445525185104393,0.17823487444551542,0.28882785229970054,-1.297698515146088
2024-11-05 04:00:00,17,-0.5176453796656375,0.3507237899695059,0.14465683136800528,0.9999043806348755,-1.0524611855742094
2024-11-05 08:00:00,17,1.561418172829157,2.3932409458957338,0.07142952865401181,1.3496421994985361,-0.5176453796656375
2024-11-05 12:00:00,17,0.8721632658274991,0.7781447755798084,-0.21323710692069192,0.29469800884028174,1.561418172829157
2024-11-05 16:00:00,17,0.23213918293111568,0.2035629391963843,-0.11886390933657985,-0.2945634629428575,0.8721632658274991
2024-11-05 20:00:00,17,-1.3644945640572441,-0.9756216781769534,-0.03123142588205834,-0.4514041393989334,0.23213918293111568
2024-11-06 00:00:00,17,3.8367435226504067,-0.4465828719730269,0.18738062974982317,0.4704921460328979,-1.3644945640572441
2024-11-06 04:00:00,17,0.4338304366741266,-2.782014312732745,-0.5247760261587429,-2.1217348183375204,3.8367435226504067
2024-11-06 08:00:00,17,-1.0799429177260063,-2.174632232374459,-0.05884711399268455,-2.4148445738560245,0.4338304366741266
2024-11-06 12:00:00,17,-0.26208541202021607,-1.2225801672210117,0.1484196467095708,-1.6852005059678579,-1.0799429177260063
2024-11-06 16:00:00,17,-0.2602771533989898,-0.9376805023422952,0.036438103745472655,-1.5081271967940353,-0.26208541202021607
2024-11-06 20:00:00,17,-0.24433871511913985,-1.7478331184658775,0.03619051588442061,-1.3322756051337308,-0.2602771533989898
2024-11-07 00:00:00,17,-0.3273619160562298,-2.200043499467859,0.03400821530202833,-1.1671925335048208,-0.24433871511913985
2024-11-07 04:00:00,17,-1.5607007386890412,-1.457106832222126,0.045375802048977065,-0.9460163248530833,-0.3273619160562298
2024-11-07 08:00:00,17,1.9864378323355716,1.0840570569146473,0.21424529752026947,0.10844314429272295,-1.5607007386890412
2024-11-07 12:00:00,17,-0.2080855820048768,-0.901031252345707,-0.27143105504681597,-1.2336579582768525,1.9864378323355716
2024-11-07 16:00:00,17,0.5167427808873342,-0.2986963638754811,0.029044414450296083,-1.0930686659810949,-0.2080855820048768
2024-11-07 20:00:00,17,-0.041060174257975035,-2.1303337781893004,-0.07019952217013715,-1.4421966601647078,0.5167427808873342
2024-11-08 00:00:00,17,-2.171246133427715,-2.422766885988167,0.006175194881827583,-1.4144550896779364,-0.041060174257975035
2024-11-08 04:00:00,17,0.08669927415236245,-0.4211750556482727,0.2978415412124511,0.05250842772399977,-2.171246133427715
2024-11-08 08:00:00,17,1.0349782694697058,0.8394544646990414,-0.01131770585139412,-0.006068382250997928,0.08669927415236245
2024-11-08 12:00:00,17,0.4932394113421612,-0.3933737239417012,-0.1411566378355689,-0.7053328918066093,1.0349782694697058
2024-11-08 16:00:00,17,0.5041088639203402,-0.5457868719727788,-0.06698142663618156,-1.0385812557963128,0.4932394113421612
2024-11-08 20:00:00,17,-1.4577028715371512,-2.0503113163347226,-0.06846967863899125,-1.3791733705201388,0.5041088639203402
2024-11-09 00:00:00,17,-0.2778634669028577,-1.0688973142290576,0.20014276742766313,-0.3943025634591333,-1.4577028715371512
2024-11-11 04:00:00,17,-0.2513958227423245,-2.222733742036892,0.03859844453638547,-0.20656909442040572,-0.2778634669028577
2024-11-11 08:00:00,17,1.5260733000967495,-0.08156865010519075,0.03497447873422113,-0.03671801456699697,-0.2513958227423245
2024-11-11 12:00:00,17,-0.3184418907409263,-1.3519290495364746,-0.20839766562825182,-1.0677820757330672,1.5260733000967495
2024-11-11 16:00:00,17,-0.39350282941740033,-0.4891462513674029,0.04415446680277854,-0.8526325222405013,-0.3184418907409263
2024-11-11 20:00:00,17,-1.708225887071432,-1.6097122448839316,0.05443185579864211,-0.586769391450046,-0.39350282941740033
2024-11-12 00:00:00,17,0.8829065448690159,-0.7804292779775244,0.23444452981515587,0.567362798924572,-1.708225887071432
2024-11-12 04:00:00,17,0.3144783609842925,-1.3241053663214175,-0.12033488558264939,-0.029157176705064458,0.8829065448690159
2024-11-12 08:00:00,17,1.0126061421085577,-0.03386244090826935,-0.04250535580317989,-0.24162884238767468,0.3144783609842925
2024-11-12 12:00:00,17,-0.6400581600545507,-0.8313837220840221,-0.13809343266374777,-0.925778025246693,1.0126061421085577
2024-11-12 16:00:00,17,0.24275609665797404,-0.06476862587717497,0.08819036037694888,-0.4933342062987496,-0.6400581600545507
2024-11-12 20:00:00,17,-1.0596427098537848,-1.6628978595407293,-0.03268510011302883,-0.6573480101423304,0.24275609665797404
2024-11-13 00:00:00,17,0.4772592021464064,-1.310819575908889,0.1456401300038318,0.05858058630031593,-1.0596427098537848
2024-11-13 04:00:00,17,-0.703908043388001,-1.3129043579928406,-0.06479340675478987,-0.26387103588765903,0.4772592021464064
2024-11-13 08:00:00,17,1.4851942318817617,0.7126767334230298,0.09693272491340581,0.21171181184126908,-0.703908043388001
2024-11-13 12:00:00,17,0.7622142085193229,-0.8314189690567084,-0.20280047895244024,-0.7917330398885589,1.4851942318817617
2024-11-13 16:00:00,17,0.7010605479002336,-1.4101284975089008,-0.10380961809523157,-1.3067094025997008,0.7622142085193229
2024-11-13 20:00:00,17,-1.920295516272736,-2.6096308594535866,-0.09543642199902566,-1.7803683910608061,0.7010605479002336
2024-11-14 00:00:00,17,-0.8429065024783764,-1.3485516071213195,0.26348123135314855,-0.4829551583401752,-1.920295516272736
2024-11-14 04:00:00,17,0.6575605899368835,-0.40773835000241937,0.11596447776763913,0.08653950588961123,-0.8429065024783764
2024-11-14 08:00:00,17,0.2224919339175404,0.3321734665173975,-0.08948038151810393,-0.3577295159719842,0.6575605899368835
2024-11-14 12:00:00,17,1.212790911859198,-0.14769566783222376,-0.029910518728474476,-0.5080522016170104,0.2224919339175404
2024-11-14 16:00:00,17,-0.27960753795960436,-0.8482713284037569,-0.16550285207751733,-1.3274526346417996,1.212790911859198
2024-11-14 20:00:00,17,0.3270352029060284,-2.095589118756559,0.03883724379739485,-1.1385408152665448,-0.27960753795960436
2024-11-15 00:00:00,17,-1.1366211657847565,-2.708009781144406,-0.04422464617264199,-1.3594962860366469,0.3270352029060284
2024-11-15 04:00:00,17,-1.2385251555852737,-1.7284944724047517,0.1561800666187132,-0.5915585761461415,-1.1366211657847565
2024-11-15 08:00:00,17,1.6242732296702869,0.6519258818715831,0.170132822364608,0.24522873721104332,-1.2385251555852737
2024-11-15 12:00:00,17,0.6382212712086943,-1.2071244617837744,-0.22184325921380035,-0.8521823455469093,1.6242732296702869
2024-11-15 16:00:00,17,-0.46722433457617285,-1.26954336757887,-0.08683243033351683,-1.2833851034834307,0.6382212712086943
2024-11-15 20:00:00,17,-0.48496815343054855,-1.8834021569761776,0.06452584874939558,-0.9677133596339171,-0.46722433457617285
2024-11-16 00:00:00,17,-0.4918968625610116,-1.6828874728444347,0.0669553431289498,-0.6400533227401386,-0.48496815343054855
2024-11-18 04:00:00,18,-0.43143056989233664,-0.29452710380844105,0.08360059358514065,-0.1521527031964265,-0.4918968625610116
2024-11-18 08:00:00,18,1.4778332180822584,1.0703137503443467,0.07395805727740341,0.08708651109718524,-0.43143056989233664
2024-11-18 12:00:00,18,-0.5964639518651076,-0.2717260693879753,-0.23051150062109926,-0.7324095622553113,1.4778332180822584
2024-11-18 16:00:00,18,0.33497244836028095,0.2781739423825613,0.10027586687722226,-0.4016551439156899,-0.5964639518651076
2024-11-18 20:00:00,18,-0.6057422697422776,-0.8990365703935188,-0.04825993565221344,-0.5874058786763712,0.33497244836028095
2024-11-19 00:00:00,18,-0.7943537384264712,-0.6836292629699443,0.10175547664088962,-0.2515063972980922,-0.6057422697422776
2024-11-19 04:00:00,18,-0.3099196622497864,-0.06196887805743695,0.13183327461022282,0.1889829363617057,-0.7943537384264712
2024-11-19 08:00:00,18,3.3679497124848883,1.3355959549648941,0.05458075982757332,0.3608412645958019,-0.3099196622497864
2024-11-19 12:00:00,18,-1.288777276634086,-1.1584309309233152,-0.5319276470185156,-1.5067724355561234,3.3679497124848883
2024-11-19 16:00:00,18,0.13893712015848614,-0.2523138260914487,0.2106788050397189,-0.7921126859274814,-1.288777276634086
2024-11-19 20:00:00,18,-1.266500232980004,-1.157842005383396,-0.016998257676638415,-0.8691568496528941,0.13893712015848614
2024-11-20 00:00:00,18,-0.3420740911560465,-0.5848540805379041,0.2071262935034061,-0.16685028682303837,-1.266500232980004
2024-11-20 04:00:00,18,-0.8133665340107115,-0.2712885834537537,0.059708414170168596,0.022838489331132195,-0.3420740911560465
2024-11-20 08:00:00,18,1.826739395172158,1.4633372770229807,0.13486523776922096,0.4738709012856237,-0.8133665340107115
2024-11-20 12:00:00,18,-0.36095938172511843,-0.009871184269558768,-0.28615143374909924,-0.5391025134847656,1.826739395172158
2024-11-20 16:00:00,18,0.9534840872557506,0.2746525630195582,0.0627200441537079,-0.338941363806903,-0.36095938172511843
2024-11-20 20:00:00,18,-1.6379701278507994,-1.187719022079639,-0.1468937475097962,-0.8676725196298491,0.9534840872557506
2024-11-21 00:00:00,18,-0.8460501118660879,-0.2625265349206574,0.26636445397985636,0.04062353950481601,-1.6379701278507994
2024-11-21 04:00:00,18,0.1492757551372499,0.2691364455797908,0.140077275290094,0.5097798259181232,-0.8460501118660879
2024-11-21 08:00:00,18,1.8569426997063,1.439552404468429,-0.018646955798440362,0.4270026263769928,0.1492757551372499
2024-11-21 12:00:00,18,0.2934881512278249,-0.020351996565977512,-0.2909679430426314,-0.602719288268176,1.8569426997063
2024-11-21 16:00:00,18,0.3857689015006862,0.037649895953834764,-0.04164445083172771,-0.7654659260916201,0.2934881512278249
2024-11-21 20:00:00,18,-1.859043846394023,-1.3326084393057673,-0.05636042638999565,-0.9793845849315925,0.3857689015006862
2024-11-22 00:00:00,18,-0.5216712768963667,-0.4158410392562812,0.30161899438007944,0.05150246894516286,-1.859043846394023
2024-11-22 04:00:00,18,0.5326030717045285,-0.00678148040259058,0.08834870792453701,0.3407824484222246,-0.5216712768963667
2024-11-22 08:00:00,18,4.807918818423156,0.8427541461573418,-0.07977601472720672,0.045440510930976785,0.5326030717045285
2024-11-22 12:00:00,18,-2.6507552711838613,-1.8514326005751907,-0.761558963463072,-2.6206726502065614,4.807918818423156
2024-11-22 16:00:00,18,-0.24265435066846486,-0.02412741539556535,0.4278729091126639,-1.1507614927266152,-2.6507552711838613
2024-11-22 20:00:00,18,-2.3832471054380164,-0.9052918651101854,0.04385398660322172,-1.0162034890753278,-0.24265435066846486
2024-11-23 00:00:00,18,4.0100845458317345,0.8840136135846296,0.38521348537463795,0.3053675927207564,-2.3832471054380164
2024-11-25 04:00:00,18,-4.1659793770611415,-1.5153135681711203,-0.6343286405594587,-1.9183261901170026,4.0100845458317345
2024-11-25 08:00:00,18,2.5950270068741474,2.2600935640994053,0.6695051112941197,0.39181523815549113,-4.1659793770611415
2024-11-25 12:00:00,18,-0.3648607640350736,0.2734405353697504,-0.40866996206725836,-1.047193180627172,2.5950270068741474
2024-11-25 16:00:00,18,0.8238583413343719,0.6504212591756526,0.06334219608189441,-0.8448686153185498,-0.3648607640350736
2024-11-25 20:00:00,18,-1.7913535212890057,-0.7066346967585061,-0.12622237993789368,-1.3017190010463384,0.8238583413343719
2024-11-26 00:00:00,18,2.1854036867050777,0.26627596256601105,0.2908244444134696,-0.30836795255150307,-1.7913535212890057
2024-11-26 04:00:00,18,-2.4390627162361422,-0.9454464219260869,-0.3433474896135709,-1.5202298311665468,2.1854036867050777
2024-11-26 08:00:00,18,1.8953111028143788,1.6669453017045637,0.39411437924303744,-0.16770757482575327,-2.4390627162361422
2024-11-26 12:00:00,18,-0.10020688834042701,0.20392516639679456,-0.29708653744805974,-1.2187057439921727,1.8953111028143788
2024-11-26 16:00:00,18,-0.49383885315537945,0.4803792238046388,0.021137944874493143,-1.1631384780022964,-0.10020688834042701
2024-11-26 20:00:00,18,-0.9038678889730498,-0.2390598081505864,0.08391028207419823,-0.8892922847526279,-0.49383885315537945
2024-11-27 00:00:00,18,-1.5588166735120712,0.0658866801997958,0.14929745384546558,-0.3880745716983558,-0.9038678889730498
2024-11-27 04:00:00,18,0.14298156858206568,1.0907201925155625,0.253741883227484,0.47632888559924424,-1.5588166735120712
2024-11-27 08:00:00,18,2.297801209812226,2.1375226824860984,-0.017643224302636637,0.39704197244754447,0.14298156858206568
2024-11-27 12:00:00,18,0.47395046682631303,0.2911160902576287,-0.3612714791559607,-0.877147188917565,2.297801209812226
2024-11-27 16:00:00,18,0.14116089737600923,0.1518261734901085,-0.07042270651000637,-1.1399647665544803,0.47395046682631303
2024-11-27 20:00:00,18,-2.368009175006364,-0.7394171061293446,-0.0173528825695152,-1.2182420712564745,0.14116089737600923
2024-11-28 00:00:00,18,0.25162703079183046,0.6033277735113682,0.38278349850166893,0.09487919089692731,-2.368009175006364
2024-11-28 04:00:00,18,-0.5408244481087969,0.5902560494212366,-0.034968874144755635,-0.04465439189182696,0.25162703079183046
2024-11-28 08:00:00,18,1.4304181373415776,2.1385862680140284,0.09140305673067514,0.2552465077329096,-0.5408244481087969
2024-11-28 12:00:00,18,-0.4668537986828696,0.8649040486954028,-0.22295023603222255,-0.5379566984616115,1.4304181373415776
2024-11-28 16:00:00,18,-0.21389487718994182,1.220050153339972,0.07960698587340033,-0.27907440364706027,-0.4668537986828696
2024-11-28 20:00:00,18,0.326580230938033,0.5946767583670458,0.03926772448975616,-0.16046425886033333,-0.21389487718994182
2024-11-29 04:00:00,18,-1.0248863107348054,-0.10768680344154306,-0.04692163198541077,-0.341561295801732,0.326580230938033
2024-11-29 08:00:00,18,2.2455890699901992,1.717307662454828,0.16859621476234446,0.22676420737636072,-1.0248863107348054
2024-11-29 12:00:00,18,-0.28483878200462875,0.0020717486864281574,-0.352945229410549,-1.0184719956698078,2.2455890699901992
2024-11-29 16:00:00,18,0.263200060137164,0.28728596637630704,0.050581121554409754,-0.8605216528738815,-0.28483878200462875
2024-11-29 20:00:00,18,-0.0012993599040260762,-0.8650694590565742,-0.036814420658816994,-1.0064727745224005,0.263200060137164
2024-11-30 00:00:00,18,0.23278093189673044,-0.5031101137455897,0.005365199565260221,-1.0057522464369626,-0.0012993599040260762
2024-12-02 04:00:00,18,-2.6393028796467473,-1.0609006628172335,-0.03196349404230804,-1.134835188481162,0.23278093189673044
2024-12-02 08:00:00,18,2.0592437017366336,1.7516352078877406,0.42604660066322503,0.3287253268692609,-2.6393028796467473
2024-12-02 12:00:00,18,0.14940191258075863,0.15447007389262346,-0.32322880560051875,-0.8131776341691328,2.0592437017366336
2024-12-02 16:00:00,18,0.2801817051750888,0.14092691458867598,-0.01866707407716782,-0.8960247912185348,0.14940191258075863
2024-12-02 20:00:00,18,-0.812427828076494,-0.8753018601556214,-0.0395224770257013,-1.0513926665692788,0.2801817051750888
2024-12-03 00:00:00,18,-0.3490295252978033,-0.6033485222254071,0.13471554269691718,-0.6008807909092173,-0.812427828076494
2024-12-03 04:00:00,18,-0.9237846530067308,-0.3076380509943867,0.060817594562878705,-0.40733504977558077,-0.3490295252978033
2024-12-03 08:00:00,18,1.3089218703438288,1.4322391567985004,0.1524735725035042,0.1049270150497712,-0.9237846530067308
2024-12-03 12:00:00,18,-0.1982169778373457,0.22360472415830202,-0.20357527332035696,-0.6209034236948163,1.3089218703438288
2024-12-03 16:00:00,18,1.1858207629783006,0.4882072290047464,0.036767575943113494,-0.510987072497695,-0.1982169778373457
2024-12-03 20:00:00,18,-1.567897005223628,-1.2107201018937652,-0.18394438733568172,-1.168554819027051,1.1858207629783006
2024-12-04 00:00:00,18,-0.5015292137912102,-0.3799146026381322,0.2551899202138882,-0.299116087050745,-1.567897005223628
2024-12-04 04:00:00,18,0.05841406846068509,0.06312306135528417,0.0851366609107001,-0.021005393405081563,-0.5015292137912102
2024-12-04 08:00:00,18,0.5562414799513764,1.1825653155716922,-0.004157277763079196,-0.05339747875433076,0.05841406846068509
2024-12-04 12:00:00,18,0.13292139980612205,0.466591115499585,-0.08354562254864718,-0.3618475143053388,0.5562414799513764
2024-12-04 16:00:00,18,1.344845234965124,0.5423859352450413,-0.016038933078507144,-0.4355558082270221,0.13292139980612205
2024-12-04 20:00:00,18,-1.150236384804451,-1.1376087560544064,-0.20930395838386798,-1.181306665519899,1.344845234965124
2024-12-05 00:00:00,18,-1.7129014110832284,-0.4948844352352687,0.18858574259758218,-0.5434713609395736,-1.150236384804451
2024-12-05 04:00:00,18,0.5146314960628509,0.6345503863529387,0.27831371673874794,0.4063759988621083,-1.7129014110832284
2024-12-05 08:00:00,18,1.5953480133861913,1.6012209878073649,-0.07691009450977791,0.1209997567484642,0.5146314960628509
2024-12-05 12:00:00,18,-0.19129800010798803,0.22682305823782764,-0.24925153958170704,-0.7636612568246637,1.5953480133861913
2024-12-05 16:00:00,18,0.5717418735598265,0.3786145491982418,0.035664209240389884,-0.6575816545999196,-0.19129800010798803
2024-12-05 20:00:00,18,-1.2567171974482054,-0.9571754568370218,-0.08601746432291771,-0.9746270522947196,0.5717418735598265
2024-12-06 00:00:00,18,-0.975191088433462,-0.3650715097198506,0.20556619661054468,-0.27774543126863627,-1.2567171974482054
2024-12-06 04:00:00,18,-0.4603591632144344,0.6292677482154606,0.16067133688058832,0.2630228083143269,-0.975191088433462
2024-12-06 08:00:00,18,1.6324021611628723,1.9491898754120838,0.0785712888669201,0.5183036627233477,-0.4603591632144344
2024-12-06 12:00:00,18,1.7401357799589743,2.807407423415523,-0.25516055019769945,-0.3869048173926011,1.6324021611628723
2024-12-06 16:00:00,18,-0.5186683443448477,-0.34906141014086267,-0.272340788723279,-1.3518543268014422,1.7401357799589743
2024-12-06 20:00:00,18,-1.8322542367746841,-1.0552134651496505,0.08786983143187073,-1.0642395497331512,-0.5186683443448477
2024-12-07 00:00:00,18,-0.6289569881102643,0.4044212007407085,0.2973468656944323,-0.04820801515388773,-1.8322542367746841
2024-12-09 04:00:00,18,0.4279267189617997,0.34599068536638944,0.10545751880120174,0.30056461747973984,-0.6289569881102643
2024-12-09 08:00:00,18,1.3150150499738231,1.25632151583294,-0.06308331723682178,0.06326837756514081,0.4279267189617997
2024-12-09 12:00:00,18,-0.728498246792677,0.03831961447879838,-0.2045469503195361,-0.6659408841209782,1.3150150499738231
2024-12-09 16:00:00,18,0.17288058274292872,0.5854308943353635,0.12133132482768359,-0.26197009405747806,-0.728498246792677
2024-12-09 20:00:00,18,-1.1005659477867447,-0.42508075919015625,-0.022411208528020254,-0.35783677033950667,0.17288058274292872
2024-12-10 00:00:00,18,0.017136829689931687,0.07507717550042932,0.1806648172154224,0.25245501471529685,-1.1005659477867447
2024-12-10 04:00:00,18,-0.11381108258586536,0.12195303660465308,0.002425187540541515,0.24295220718006405,0.017136829689931687
2024-12-10 08:00:00,18,1.2751373826214873,1.4365255452758863,0.02330740046966158,0.30606334458171425,-0.11381108258586536
2024-12-10 12:00:00,18,-0.45323410315526225,0.3256176636515648,-0.19818767412875404,-0.4010327372070783,1.2751373826214873
2024-12-10 16:00:00,18,0.6537627271251658,0.674421274101466,0.07743505829475922,-0.149702909659176,-0.45323410315526225
2024-12-10 20:00:00,18,-1.165638218357147,-0.6556566038081475,-0.09909729812104816,-0.5122309549270501,0.6537627271251658
2024-12-11 00:00:00,18,-1.139220494738332,-0.21725102970079505,0.19104186703787773,0.1341450577415948,-1.165638218357147
2024-12-11 04:00:00,18,0.9344596524728246,0.5817014793498746,0.1868290428689146,0.7658717713502128,-1.139220494738332
2024-12-11 08:00:00,18,1.7919156761343356,1.2292706271543874,-0.14385992825228486,0.24769014805339928,0.9344596524728246
2024-12-11 12:00:00,18,0.1484342677502557,-0.20100422496230105,-0.2805981087415186,-0.7459726295883566,1.7919156761343356
2024-12-11 16:00:00,18,0.33863793365227757,-0.1437989001013982,-0.018512764130264918,-0.8282832029899598,0.1484342677502557
2024-12-11 20:00:00,18,-1.4586460531646832,-1.1176243528950267,-0.048844469174174586,-1.016066542490452,0.33863793365227757
2024-12-12 00:00:00,18,-1.0920743490888611,-0.476362546766533,0.23776771313968162,-0.20721023965896457,-1.4586460531646832
2024-12-12 04:00:00,18,0.183103618531117,0.2879589154171247,0.17931066525502787,0.3983727381337907,-1.0920743490888611
2024-12-12 08:00:00,18,1.058691329519192,1.4097422318482753,-0.02404147209160682,0.296837128724766,0.183103618531117
2024-12-12 12:00:00,18,0.8584668534145745,0.38712701074466627,-0.16367110574673818,-0.2902341164047506,1.058691329519192
2024-12-12 16:00:00,18,1.3982929964056137,0.04440713070779627,-0.1317413859751697,-0.7662758015344462,0.8584668534145745
2024-12-12 20:00:00,18,-2.7016911401474744,-1.8557860301336986,-0.21782725223092386,-1.541664800732672,1.3982929964056137
2024-12-13 00:00:00,18,-0.20830056111989492,-0.3539647450876864,0.4359956324378568,-0.04350840955670421,-2.7016911401474744
2024-12-13 04:00:00,18,-0.44754397116447464,-0.12860643818954345,0.03837560106955629,0.07199954480934423,-0.20830056111989492
2024-12-13 08:00:00,18,1.582456527454207,1.3429776897251702,0.07652765514673372,0.3201740495736942,-0.44754397116447464
2024-12-13 12:00:00,18,0.6863142859297451,0.010204576983412194,-0.24719573930565936,-0.5573383074584424,1.582456527454207
2024-12-13 16:00:00,18,-0.7740224598607739,-0.27248047943126313,-0.10428828261494631,-0.9379170192666653,0.6863142859297451
2024-12-13 20:00:00,18,-0.781328555963114,-0.801294958020592,0.12859105348006877,-0.5087018962193799,-0.7740224598607739
2024-12-14 00:00:00,18,-0.5255069591804542,0.054089637361728046,0.12975615380002156,-0.07543535722464689,-0.781328555963114
2024-12-16 04:00:00,19,-0.2469121225265276,-0.5227904321050901,0.12080831854060739,0.403402903171699,-0.5255069591804542
2024-12-16 08:00:00,19,1.5807593242077385,1.0868000889039202,0.05481064008705553,0.539792271394127,-0.2469121225265276
2024-12-16 12:00:00,19,0.1634511147850528,-0.2982876019788158,-0.3781552896087056,-0.33338788409719733,1.5807593242077385
2024-12-16 16:00:00,19,-4.2443743932807365e-05,-0.24822286191948964,-0.04240229217877498,-0.4236750439687835,0.1634511147850528
2024-12-16 20:00:00,19,-0.7014276495683855,-1.222649434634712,-0.003671512259739201,-0.4236515988849181,-4.2443743932807365e-05
2024-12-17 00:00:00,19,-0.526148959373602,-0.9235954055193464,0.16248302183732374,-0.03619685182973065,-0.7014276495683855
2024-12-17 04:00:00,19,-1.2819761404893875,-0.6169220594793208,0.12096040507179863,0.2544374168548451,-0.526148959373602
2024-12-17 08:00:00,19,1.4406143362313415,1.7990027768494563,0.3000119620383734,0.9625756568425938,-1.2819761404893875
2024-12-17 12:00:00,19,0.40917322978738113,0.46404265102248454,-0.3449556655078733,0.1668088181785432,1.4406143362313415
2024-12-17 16:00:00,19,-0.4398931161969095,0.255490728434931,-0.10061259259075066,-0.05921037331836665,0.40917322978738113
2024-12-17 20:00:00,19,-0.09668844979755065,-0.5850255848188771,0.10052684115120501,0.18377787525191636,-0.4398931161969095
2024-12-18 00:00:00,19,-0.8889010866515932,-0.5925281176715074,0.019223427603306528,0.23718666072326222,-0.09668844979755065
2024-12-18 04:00:00,19,0.35073427613476227,-0.032026579502851524,0.20689451118078692,0.7281980229038112,-0.8889010866515932
2024-12-18 08:00:00,19,0.4474489634981573,1.3146058340362223,-0.0867687061833419,0.53445935245505,0.35073427613476227
2024-12-18 12:00:00,19,0.6848688687819404,0.6481128535149353,-0.10967991629408097,0.28729740342301113,0.4474489634981573
2024-12-18 16:00:00,19,0.29838109722548545,0.13320648429290458,-0.16592346608698774,-0.09101060094944557,0.6848688687819404
2024-12-18 20:00:00,19,2.8314310556701265,-1.1883012693713064,-0.07436650839254869,-0.25583041183469923,0.29838109722548545
2024-12-19 00:00:00,19,-2.3544636790759252,-3.60809659551098,-0.6744329657328166,-1.8198568715186392,2.8314310556701265
2024-12-19 04:00:00,19,-0.28769817042449475,-1.6565535941661726,0.5540787228125559,-0.5192977478680003,-2.3544636790759252
2024-12-19 08:00:00,19,0.7620628001900105,0.26205560665850763,0.064472644260898,-0.36037897425157084,-0.28769817042449475
2024-12-19 12:00:00,19,-1.0058266309935533,-0.4092313260254457,-0.18421030989509443,-0.78132737808121,0.7620628001900105
2024-12-19 16:00:00,19,1.2636530098434626,0.6472868157495729,0.23459356896366002,-0.22572866004837877,-1.0058266309935533
2024-12-19 20:00:00,19,-1.5796045772360863,-1.4789506616500028,-0.3030344409154409,-0.9237455654208686,1.2636530098434626
2024-12-20 00:00:00,19,-1.1972054153643885,-0.44048400004116117,0.37051860208584275,-0.051203269295495346,-1.5796045772360863
2024-12-20 04:00:00,19,1.569588103432313,0.15889117691506563,0.2799302149167501,0.6101093003879807,-1.1972054153643885
2024-12-20 08:00:00,19,0.19463875778479967,0.7236528148184045,-0.37550888508260155,-0.2569000939100796,1.569588103432313
2024-12-20 12:00:00,19,0.35543187223754025,-0.06646111265834433,-0.049790483787574676,-0.36441469033502827,0.19463875778479967
2024-12-20 16:00:00,19,0.2736205480949767,0.2973613966514372,-0.08788154244699786,-0.5607482198699536,0.35543187223754025
2024-12-20 20:00:00,19,-0.38093663537355127,-0.3479545577655639,-0.06850086213910202,-0.711890793614339,0.2736205480949767
2024-12-21 00:00:00,19,-1.0451236808019342,0.1777231409844023,0.08656035522897515,-0.5014689378555381,-0.38093663537355127
2024-12-23 04:00:00,19,-2.46097285363593,-0.08535815786054127,0.24390283717758757,0.07583669250515968,-1.0451236808019342
2024-12-23 08:00:00,19,2.955933316146396,3.0158808119747045,0.5793101963724782,1.4352293755593895,-2.46097285363593
2024-12-23 12:00:00,19,0.46337677557498935,0.47076589751249986,-0.7039269084502844,-0.19756966796882125,2.955933316146396
2024-12-23 16:00:00,19,0.17906681018436998,0.14774841628717258,-0.11345313274181137,-0.45352982506005013,0.46337677557498935
2024-12-23 20:00:00,19,-0.6150418261323836,-0.7217285496260905,-0.04610156979702089,-0.5524427859173198,0.17906681018436998
2024-12-24 00:00:00,19,-1.8388099638995818,-0.4095402138314125,0.1420186662643713,-0.212705857498376,-0.6150418261323836
2024-12-24 04:00:00,19,0.6388354945059334,0.6916766470373196,0.43192301994192955,0.8030163625818716,-1.8388099638995818
2024-12-24 08:00:00,19,0.3870061108165359,1.6956610273028694,-0.15501839738546735,0.45013628281030904,0.6388354945059334
2024-12-24 12:00:00,19,0.9009658434077945,1.0678298234180044,-0.09536131655257771,0.236361768977698,0.3870061108165359
2024-12-24 16:00:00,19,-0.22723530365406042,0.5485639851340998,-0.2171157236946144,-0.26131392598205316,0.9009658434077945
2024-12-24 20:00:00,19,-0.3172016357783125,-0.14802819384798274,0.05014930328508516,-0.1357936429514801,-0.22723530365406042
2024-12-25 00:00:00,19,0.1282569934626494,1.0768446172273025,0.0714618628805724,0.03942226082933509,-0.3172016357783125
2024-12-26 04:00:00,19,-1.5451746072883932,-0.36394663138862215,-0.034064986540276766,-0.03142436318200481,0.1282569934626494
2024-12-26 08:00:00,19,-0.09340136152768252,2.123966764386906,0.3623623199627969,0.8220994991741701,-1.5451746072883932
2024-12-26 12:00:00,19,1.1897435691207043,1.5606583498884856,0.018444733362994084,0.8736925621616152,-0.09340136152768252
2024-12-26 16:00:00,19,0.9511120037072409,0.9911453913634588,-0.2855256759932763,0.216501768616693,1.1897435691207043
2024-12-26 20:00:00,19,-0.3030533581209216,-0.8039184821954377,-0.2289950901712956,-0.3088736725201091,0.9511120037072409
2024-12-27 00:00:00,19,-0.8887867685933433,-0.718375183806867,0.06811020894929737,-0.14147299721565076,-0.3030533581209216
2024-12-27 04:00:00,19,-1.2273515340941223,-0.29105602620528775,0.20686742982299713,0.3494752179327403,-0.8887867685933433
2024-12-27 08:00:00,19,2.558370013071542,2.053921981539867,0.2870716748032412,1.0274399067824778,-1.2273515340941223
2024-12-27 12:00:00,19,-0.653182629073692,-0.02408198095442693,-0.6097462145206993,-0.3857530389164303,2.558370013071542
2024-12-27 16:00:00,19,0.653303494084815,0.4622165317539225,0.1510540255650451,-0.024947886048108714,-0.653182629073692
2024-12-27 20:00:00,19,-1.568294725161909,-1.3800315877711913,-0.15844579178925988,-0.38581980235574065,0.653303494084815
2024-12-28 00:00:00,19,0.7870487194785962,1.067489438961018,0.3678393565208002,0.480475155391499,-1.568294725161909
2024-12-30 04:00:00,19,-1.497635306228064,-0.6447083852816885,-0.190129345175432,0.04572502440745296,0.7870487194785962
2024-12-30 08:00:00,19,2.0846067195971827,1.8917634849250025,0.3511005049809794,0.8729891180207723,-1.497635306228064
2024-12-30 12:00:00,19,1.9511490388200254,0.08459057215339774,-0.4975141362763453,-0.2785063637271623,2.0846067195971827
2024-12-30 16:00:00,19,-1.256925593132653,-1.268678065639734,-0.46589870072529505,-1.3562824647522174,1.9511490388200254
2024-12-30 20:00:00,19,-1.5237285504723008,-0.9318891770072479,0.2940776167023579,-0.6619816511842433,-1.256925593132653
2024-12-31 00:00:00,19,0.4311467910132176,1.8498696548388565,0.35728185982633254,0.17969583396663857,-1.5237285504723008
2024-12-31 16:00:00,19,0.6638524648998843,1.0090432757890835,-0.1058180157984451,-0.05846111772819995,0.4311467910132176
2024-12-31 20:00:00,19,-0.6897635122761567,-1.008307172054971,-0.16094478851235305,-0.4251600766700374,0.6638524648998843
2025-01-01 00:00:00,19,-0.6167944796442288,0.5151766997659554,0.15971984793325436,-0.044148368133447136,-0.6897635122761567
2025-01-02 04:00:00,19,-0.12021749879923505,-0.019521390272002642,0.14243386083259993,0.2965566913871509,-0.6167944796442288
2025-01-02 08:00:00,19,1.095392540583152,1.6294007360793363,0.024797337834313482,0.3629624577089192,-0.12021749879923505
2025-01-02 12:00:00,19,1.2787964506841387,0.48935520530224697,-0.263174404455109,-0.24211069559340892,1.095392540583152
2025-01-02 16:00:00,19,0.1440275222509353,-0.1660537213080069,-0.3066218438669351,-0.9484925378828857,1.2787964506841387
2025-01-02 20:00:00,19,-1.9227044346464925,-2.0416162606593793,-0.03780094338898423,-1.0280504897786509,0.1440275222509353
2025-01-03 00:00:00,19,-1.2206662108584023,-0.33748643424023667,0.45179718692537385,0.03401337503512458,-1.9227044346464925
2025-01-03 04:00:00,19,0.09259615236522478,0.46873525816811235,0.28548795624417406,0.7082852236826387,-1.2206662108584023
2025-01-03 08:00:00,19,1.6708043165145767,1.864270191499841,-0.025617117396690946,0.6571369422953452,0.09259615236522478
2025-01-03 12:00:00,19,-0.25810077120881303,1.8030788081634044,-0.399486483395335,-0.26578228427380246,1.6708043165145767
2025-01-03 16:00:00,19,0.9677379088173446,0.7854891879007367,0.05746117319431663,-0.12321252802738947,-0.25810077120881303
2025-01-03 20:00:00,19,-1.6134480974404326,-0.9724342993429484,-0.23293368125444236,-0.6577717899944115,0.9677379088173446
2025-01-04 00:00:00,19,0.19065073598601856,0.7096022370811198,0.3785359572924553,0.2334649966722182,-1.6134480974404326
2025-01-06 04:00:00,19,-0.8872523992714569,-0.5385812491764399,-0.048845742013093545,0.1281533045357559,0.19065073598601856
2025-01-06 08:00:00,19,2.1878449606159087,1.503978386831492,0.20650394565239621,0.6182539644475291,-0.8872523992714569
2025-01-06 12:00:00,19,1.9476498187625548,-0.16890249997944848,-0.5219707425677532,-0.5902682777723456,2.1878449606159087
2025-01-06 16:00:00,19,-0.6647096602195877,-1.33107594803947,-0.46506975355970903,-1.6661114789137255,1.9476498187625548
2025-01-06 20:00:00,19,-3.2206928765378464,-1.9265308196586444,0.1537847197309098,-1.2989390222476729,-0.6647096602195877
2025-01-07 00:00:00,19,0.41723784228408434,0.1005248689889458,0.7592839474599395,0.4801079608435632,-3.2206928765378464
2025-01-07 04:00:00,19,0.1881199622374652,-0.2606674748426299,-0.10252305765464945,0.24963403706324527,0.41723784228408434
2025-01-07 08:00:00,19,1.118333920673738,1.1038269004884287,-0.048246214778124734,0.14572029424230237,0.1881199622374652
2025-01-07 12:00:00,19,-0.06548791229319662,0.12411328719240831,-0.2686090989551367,-0.4720252232383775,1.118333920673738
2025-01-07 16:00:00,19,1.0618117419456663,0.4332550201899565,0.011832181352938087,-0.43585099698946017,-0.06548791229319662
2025-01-07 20:00:00,19,-2.1816493259617022,-1.6199336631028622,-0.2552192866312876,-1.0223747819428155,1.0618117419456663
2025-01-08 00:00:00,19,-0.7820072927092632,-0.32765471807153085,0.5131398947783561,0.18272511435261585,-2.1816493259617022
2025-01-08 04:00:00,19,0.30919888042372534,0.1905892575640872,0.1815719232749328,0.6146904609973074,-0.7820072927092632
2025-01-08 08:00:00,19,1.0213507416712027,1.583605676190331,-0.0769291853813708,0.443895120839219,0.30919888042372534
2025-01-08 12:00:00,19,1.2545586466513932,0.5635190839859687,-0.24563428456127354,-0.12027880859220375,1.0213507416712027
2025-01-08 16:00:00,19,-0.5921213091451936,-0.09145706584680836,-0.30088003322828194,-0.8132721677837313,1.2545586466513932
2025-01-08 20:00:00,19,-0.3624264273458646,-0.7834367942276291,0.13658891412582455,-0.48619607917786034,-0.5921213091451936
2025-01-09 00:00:00,19,-1.3565531747611068,-0.5405946055809027,0.08217538251306965,-0.2859988958763253,-0.3624264273458646
2025-01-09 04:00:00,19,0.4296718162673727,0.12801929947152244,0.3176788764255862,0.4633342213987035,-1.3565531747611068
2025-01-09 08:00:00,19,0.9390628724074848,1.4744879664212591,-0.10546860189626175,0.22599201655254753,0.4296718162673727
2025-01-09 12:00:00,19,-0.6173372896070806,0.5256043068923539,-0.22614071317451817,-0.29272772299784755,0.9390628724074848
2025-01-09 16:00:00,19,-0.5138779791752945,0.9558738439001679,0.14256244971034057,0.048277173999908385,-0.6173372896070806
2025-01-09 20:00:00,19,0.3421232081408583,1.160985658615494,0.1180534732163321,0.3321331961585887,-0.5138779791752945
2025-01-10 04:00:00,19,-0.8759537238530442,-0.26693331598741316,-0.0847287886334366,0.14315110919139684,0.3421232081408583
2025-01-10 08:00:00,19,1.0905556994830246,1.8466310919168152,0.20382734777940062,0.6270106044884116,-0.8759537238530442
2025-01-10 12:00:00,19,2.6714753659187416,0.7182968557840002,-0.26202858177048516,0.02460922645206942,1.0905556994830246
2025-01-10 16:00:00,19,-0.756285826339731,-0.9092682266743489,-0.6365402886616272,-1.4510608769479445,2.6714753659187416
2025-01-10 20:00:00,19,-2.5014029154729993,-1.447622978779936,0.17547864068865515,-1.0333035591031265,-0.756285826339731
2025-01-11 00:00:00,19,-0.5313813437578929,0.9078293090160882,0.5888878692864047,0.3484218896927267,-2.5014029154729993
2025-01-13 04:00:00,20,1.5073819368148786,0.31552006207239147,0.11274482824124105,1.028065581567862,-0.5313813437578929
2025-01-13 08:00:00,20,1.839125920829872,0.5551156342460141,-0.33532952184135617,-0.04308024902192642,1.5073819368148786
2025-01-13 12:00:00,20,-1.401007693110957,-1.1101324186600958,-0.4082393939426278,-1.3499634044543871,1.839125920829872
2025-01-13 16:00:00,20,-0.28961750192264013,-0.0619433473005988,0.30386915592268,-0.3544071274095746,-1.401007693110957
2025-01-13 20:00:00,20,0.20177598917611306,-0.6502754922340991,0.05961056918524659,-0.14860488706578323,-0.28961750192264013
2025-01-14 00:00:00,20,0.7788577249979713,-1.031317124845137,-0.0483866766240043,-0.2919869352650686,0.20177598917611306
2025-01-14 04:00:00,20,-1.3895159204141514,-1.9855611215181805,-0.1752162728732912,-0.8454433515712445,0.7788577249979713
2025-01-14 08:00:00,20,0.17957380712827842,0.6136302799387683,0.30134352254901464,0.1419468700700648,-1.3895159204141514
2025-01-14 12:00:00,20,0.7143845046892441,0.24059829005803596,-0.043507135979783874,0.014341695766976414,0.17957380712827842
2025-01-14 16:00:00,20,0.4626347350021085,-0.023066921356209802,-0.16104650801493597,-0.49330004050905707,0.7143845046892441
2025-01-14 20:00:00,20,-1.5650316093886136,-1.4992113449983693,-0.10571756643996509,-0.8220483526525761,0.4626347350021085
2025-01-15 00:00:00,20,-1.1599352517485109,-0.29923992700693625,0.33991792646138896,0.29006334392251354,-1.5650316093886136
2025-01-15 04:00:00,20,0.5823793781420719,0.2333023582277145,0.2508868511521348,1.1143135079452247,-1.1599352517485109
2025-01-15 08:00:00,20,1.1861047623943541,1.2679651009905775,-0.1320347478715131,0.7004746344103054,0.5823793781420719
2025-01-15 12:00:00,20,1.2608192298037117,0.056580431182307635,-0.2647200192587873,-0.14237158780592551,1.1861047623943541
2025-01-15 16:00:00,20,-0.6613548638788611,-1.1884180185077893,-0.28114058006897125,-1.0383099217794278,1.2608192298037117
2025-01-15 20:00:00,20,-2.0232730697041372,-1.209862911527333,0.14131008695032904,-0.5683510562240954,-0.6613548638788611
2025-01-16 00:00:00,20,0.7522408695318816,0.15956412998107072,0.4406291009603205,0.8693870908427055,-2.0232730697041372
2025-01-16 04:00:00,20,-0.5071001586847501,-0.4871138157456709,-0.16936648622672182,0.3348446160264711,0.7522408695318816
2025-01-16 08:00:00,20,1.1920700501894927,1.308697459706231,0.10740836945538967,0.695190064914053,-0.5071001586847501
2025-01-16 12:00:00,20,0.5441156629292756,0.2838786591001071,-0.26603105545280364,-0.15189509170491533,1.1920700501894927
2025-01-16 16:00:00,20,0.036990019117270734,0.041333402633483625,-0.12362524320312288,-0.538543763465448,0.5441156629292756
2025-01-16 20:00:00,20,-1.2570040026398939,-1.0440261463507088,-0.012170423790520631,-0.564828876603146,0.036990019117270734
2025-01-17 00:00:00,20,-1.268257678575491,-0.20739926507766065,0.27222038108346003,0.32839835637500414,-1.2570040026398939
2025-01-17 04:00:00,20,0.4252031748011049,0.4397595868809902,0.2746936861399776,1.2296224531623974,-1.268257678575491
2025-01-17 08:00:00,20,0.840531025560697,1.5242195234460176,-0.0974909507413881,0.9274730133169626,0.4252031748011049
2025-01-17 12:00:00,20,1.288801310269582,0.8622607579194572,-0.18877067829662628,0.33019154037247844,0.840531025560697
2025-01-17 16:00:00,20,0.7884162722225998,0.12177301138801604,-0.28729041248854537,-0.5856308641807608,1.288801310269582
2025-01-17 20:00:00,20,-2.755827326698469,-1.7161306043831075,-0.17731702673531188,-1.1458795855796922,0.7884162722225998
2025-01-18 00:00:00,20,1.1281659230473533,0.5410429842199065,0.6016280632875013,0.8124117264787927,-2.755827326698469
2025-01-20 04:00:00,20,-0.6927945964278255,-0.9248654600446202,-0.25198636448271444,0.01073685220035614,1.1281659230473533
2025-01-20 08:00:00,20,0.7772451412310613,0.9482498317182394,0.14821983359079735,0.5030367964247358,-0.6927945964278255
2025-01-20 12:00:00,20,2.7517126226928745,0.014483804409545137,-0.1748618632023906,-0.049273717614591206,0.7772451412310613
2025-01-20 16:00:00,20,-0.514542383134593,-3.2164322877582734,-0.6088054416185538,-2.0046411203889996,2.7517126226928745
2025-01-20 20:00:00,20,0.7631997425114871,-3.531684492551184,0.10904400313356506,-1.6390072256901274,-0.514542383134593
2025-01-21 04:00:00,20,-2.817618780760247,-4.1659793770611415,-0.17177500021888817,-2.181337077290822,0.7631997425114871
2025-01-21 08:00:00,20,0.44222525575329996,-0.26786474241992936,0.6152084361945567,-0.1791367486998645,-2.817618780760247
2025-01-21 12:00:00,20,-0.4611226019263608,-0.4249667751759086,-0.101232021581925,-0.4933820818252972,0.44222525575329996
2025-01-21 16:00:00,20,0.24686459504115277,0.04190780243717685,0.09730353577547698,-0.16570829167240575,-0.4611226019263608
2025-01-21 20:00:00,20,-1.1547551281147506,-1.1766969919628578,-0.058296138875763216,-0.3411303099681202,0.24686459504115277
2025-01-22 00:00:00,20,2.1671270563786003,-0.34626639925344405,0.24974837639507888,0.4794388574227977,-1.1547551281147506
2025-01-22 04:00:00,20,-2.3582039692488763,-2.159730458649937,-0.4803266720674627,-1.06052195417033,2.1671270563786003
2025-01-22 08:00:00,20,1.0563085232839473,1.2998120879076147,0.5142393854725699,0.6152181403930026,-2.3582039692488763
2025-01-22 12:00:00,20,0.5908236286062181,0.3872410396923322,-0.2361937229316228,-0.1353948548262771,1.0563085232839473
2025-01-22 16:00:00,20,-1.2339050889559608,-0.02369108024673061,-0.13389060434818753,-0.5552342140086761,0.5908236286062181
2025-01-22 20:00:00,20,-0.44161728745451967,-0.21067995655610128,0.26714375897869336,0.32157892743804695,-1.2339050889559608
2025-01-23 00:00:00,20,0.02052805616688147,-0.05482320531192294,0.09301670601529438,0.6353922381990973,-0.44161728745451967
2025-01-23 04:00:00,20,-0.8562720891897335,-0.4169854443979113,-0.008552454298737753,0.6208049984052266,0.02052805616688147
2025-01-23 08:00:00,20,1.6939228775611852,1.6956174302253042,0.184148512521019,1.2292720735275626,-0.8562720891897335
2025-01-23 12:00:00,20,0.08375275695061468,0.5125804501074502,-0.3763270283126398,0.025570222439803558,1.6939228775611852
2025-01-23 16:00:00,20,0.6946441150761746,0.4763834539720001,-0.022447822624617676,-0.033944499222320346,0.08375275695061468
2025-01-23 20:00:00,20,-1.3795794605757976,-1.2022122574429701,-0.1567080140217695,-0.5275587116758658,0.6946441150761746
2025-01-24 00:00:00,20,0.5273626431242047,-0.4628514511814804,0.2991597119876721,0.4527706601126411,-1.3795794605757976
2025-01-24 04:00:00,20,0.14613842832199353,-0.8016919725276123,-0.1199433059558672,0.07802668674056612,0.5273626431242047
2025-01-24 08:00:00,20,1.070335674718251,0.41427511612682666,-0.0361587911419356,-0.02581930236343588,0.14613842832199353
2025-01-24 12:00:00,20,-1.0427604853855126,-0.4578870626076937,-0.23927657557191073,-0.7863999934976977,1.070335674718251
2025-01-24 16:00:00,20,0.36614555836668927,0.4671672252821991,0.22513447088097827,-0.04541423604288575,-1.0427604853855126
2025-01-24 20:00:00,20,-1.4807364121802884,-0.7559099923252273,-0.0845114139047997,-0.3055973247842587,0.36614555836668927
2025-01-25 00:00:00,20,1.6268845640748175,0.23331995919690324,0.32139173655787384,0.7466141920001466,-1.4807364121802884
2025-01-27 04:00:00,20,-1.5057120199394518,-1.4240105143748776,-0.3615935136215185,-0.4094502234603645,1.6268845640748175
2025-01-27 08:00:00,20,1.8803083635730857,1.1358592433937917,0.3268808138437179,0.6605089639470574,-1.5057120199394518
2025-01-27 12:00:00,20,-0.7985818794172559,-0.5290448079378471,-0.41729036932697705,-0.6756384414810661,1.8803083635730857
2025-01-27 16:00:00,20,-0.037928549138701584,0.2678714015955498,0.17146950093774707,-0.10816603808354408,-0.7985818794172559
2025-01-27 20:00:00,20,-0.8056633681764573,-0.4656652662586168,0.004294993798804685,-0.0812140053717254,-0.037928549138701584
2025-01-28 00:00:00,20,2.1854691577017036,-0.31355548501383335,0.17302585301826176,0.4912905050011638,-0.8056633681764573
2025-01-28 04:00:00,20,-2.006564630217298,-2.051232563776378,-0.48435785371950313,-1.0617042065456879,2.1854691577017036
2025-01-28 08:00:00,20,0.8752574816857859,0.8799790547256615,0.436956961465118,0.3641609209134824,-2.006564630217298
2025-01-28 12:00:00,20,-0.35804936923731034,0.04695064866872604,-0.19640277291358915,-0.2577971769666476,0.8752574816857859
2025-01-28 16:00:00,20,-0.4101903776278597,0.34407035192428503,0.0746503556892222,-0.003367241436015078,-0.35804936923731034
2025-01-28 20:00:00,20,0.025381345046515236,-0.3464187735697789,0.08610977752101183,0.2881141024843821,-0.4101903776278597
2025-01-29 00:00:00,20,-0.5558980259152939,-0.39791192124688113,-0.009619098122092298,0.27007811488406475,0.025381345046515236
2025-01-29 04:00:00,20,-0.5566317678519681,-0.4778357530520825,0.11813304399367153,0.665099335551238,-0.5558980259152939
2025-01-29 08:00:00,20,1.9415856300975793,1.65379217787189,0.11829430398130053,1.060641953348762,-0.5566317678519681
2025-01-29 12:00:00,20,-0.06447978938392573,0.10200641901609644,-0.43075773536914297,-0.31904908687064726,1.9415856300975793
2025-01-29 16:00:00,20,0.18493393745568554,0.1835738582390224,0.010130359694458534,-0.27322973885468294,-0.06447978938392573
2025-01-29 20:00:00,20,0.7700763415671297,-0.7184966470200936,-0.04468517216264872,-0.40464382257309417,0.18493393745568554
2025-01-30 00:00:00,20,-2.340156774866056,-1.6904470676862837,-0.17328632214723386,-0.9518601864950469,0.7700763415671297
2025-01-30 04:00:00,20,-0.372410426373726,-0.32900963577268905,0.5102730177382909,0.7110555690305969,-2.340156774866056
2025-01-30 08:00:00,20,1.233164070372645,1.4324726198997166,0.07780659329866683,0.9756904739182577,-0.372410426373726
2025-01-30 12:00:00,20,2.2596626813711715,0.5467407370199815,-0.2750625975456522,0.09940390038808111,1.233164070372645
2025-01-30 16:00:00,20,-2.433970902646019,-1.1561619440935698,-0.5006639228033033,-1.5063127402162735,2.2596626813711715
2025-01-30 20:00:00,20,2.3933762116122335,-0.19275828739952883,0.5308912546538406,0.22326734859324837,-2.433970902646019
2025-01-31 00:00:00,20,-2.80720183881407,-2.148095802508388,-0.5300511516841282,-1.4774661466735655,2.3933762116122335
2025-01-31 04:00:00,20,-1.0609102165168949,-0.21642627480646776,0.6129190264642274,0.5173319014066404,-2.80720183881407
2025-01-31 08:00:00,20,2.598962930619514,1.724054697966456,0.2291233738881892,1.2712148605280618,-1.0609102165168949
2025-01-31 12:00:00,20,-0.2856037186586722,-0.02617354434150229,-0.5752344921840225,-0.5756085881281336,2.598962930619514
2025-01-31 16:00:00,20,0.9556193285442038,0.24862059753384647,0.058728429829239766,-0.37265854277426946,-0.2856037186586722
2025-01-31 20:00:00,20,0.4959127498436313,-1.4504905681114628,-0.21406450080796574,-1.0517217810959618,0.9556193285442038
2025-02-01 00:00:00,20,1.8332467951223972,-1.7504685468335146,-0.11303132621494262,-1.4041174555815843,0.4959127498436313
2025-02-03 04:00:00,20,-3.2700372223620633,-3.827700898622673,-0.40694729423908077,-2.7068229034037365,1.8332467951223972
2025-02-03 08:00:00,20,0.6421528298682233,0.19588510007887883,0.7146398420462275,-0.38313396229318464,-3.2700372223620633
2025-02-03 12:00:00,20,0.2582591110376402,-0.6600226771812658,-0.1451716092176054,-0.8394478595979358,0.6421528298682233
2025-02-03 16:00:00,20,1.2607587067451078,-0.7883367600920675,-0.06080039741243723,-1.0229668226713056,0.2582591110376402
2025-02-03 20:00:00,20,-1.253644950470136,-2.912150520776955,-0.28112727846088,-1.9188621489502786,1.2607587067451078
2025-02-04 00:00:00,20,0.12446458083250533,-2.1882116780245173,0.2714821369075913,-1.0280218589482217,-1.253644950470136
2025-02-04 04:00:00,20,-0.35902083105446003,-2.2706491556195596,-0.03139536655989515,-1.1164664087725011,0.12446458083250533
2025-02-04 08:00:00,20,-0.6084670508263006,-0.30140420719533795,0.07486386116408396,-0.8613461523287675,-0.35902083105446003
2025-02-04 12:00:00,20,0.004156470206735818,0.022138639880507828,0.12968653423745188,-0.4289693746681369,-0.6084670508263006
2025-02-04 16:00:00,20,-0.31880976391829385,0.27799621829789856,-0.004954347638285861,-0.43192296302101596,0.004156470206735818
2025-02-04 20:00:00,20,-1.2338160008043015,-0.5331837336209684,0.0660263723075535,-0.20537669692075156,-0.31880976391829385
2025-02-05 00:00:00,20,1.0503070139887534,-0.09818865878894109,0.26712417940511796,0.6713731384720294,-1.2338160008043015
2025-02-05 04:00:00,20,-1.3805084322567645,-0.8410978936760684,-0.23487472606593313,-0.07497518334113629,1.0503070139887534
2025-02-05 08:00:00,20,2.0450153390052552,1.6297745759352207,0.2993638790855204,0.9060143158633256,-1.3805084322567645
2025-02-05 12:00:00,20,-0.20669346263679067,-0.08121854451120888,-0.45348926091683633,-0.5471738910328146,2.0450153390052552
2025-02-05 16:00:00,20,-0.5539655405290489,0.15323947377189562,0.04138572897780864,-0.400297485454157,-0.20669346263679067
2025-02-05 20:00:00,20,-0.921052531355933,-0.1787935143307357,0.11770832713628208,-0.00664948919255437,-0.5539655405290489
2025-02-06 00:00:00,20,0.1886005966914972,0.18342790048782998,0.19838579783916951,0.6478505778579642,-0.921052531355933
2025-02-06 04:00:00,20,-0.6889067811999077,-0.1876465097962448,-0.04549102145850179,0.5138309655361439,0.1886005966914972
2025-02-06 08:00:00,20,1.2790869162593328,1.8018224591853729,0.14736537917811976,1.0033682276759226,-0.6889067811999077
2025-02-06 12:00:00,20,0.05729688187742177,0.7916423925473346,-0.28515540700553227,0.0944488729646995,1.2790869162593328
2025-02-06 16:00:00,20,0.4392898533006573,0.7501651288416399,-0.016633415850547773,0.05373370010115863,0.05729688187742177
2025-02-06 20:00:00,20,-0.6408844447276074,-0.504583696547287,-0.10058688609281162,-0.25842573560075977,0.4392898533006573
2025-02-07 00:00:00,20,-0.7293776171449906,-0.38470992211255295,0.13681114887128953,0.19698684703265812,-0.6408844447276074
2025-02-07 04:00:00,20,-0.5949814353090659,-0.09615089636712301,0.15625995938082865,0.7152826912705201,-0.7293776171449906
2025-02-07 08:00:00,20,1.243903401398633,1.8143858319478738,0.126722699021305,1.1380765885201338,-0.5949814353090659
2025-02-07 12:00:00,20,0.3324102160557114,0.7366492311434123,-0.27742286115038006,0.25415864475069583,1.243903401398633
2025-02-07 16:00:00,20,2.002061000240051,0.4521811397633948,-0.07709714382997342,0.01794789531987462,0.3324102160557114
2025-02-07 20:00:00,20,-1.9119208072321996,-1.6985442085843239,-0.44404886260828946,-1.4047169520013778,2.002061000240051
2025-02-08 00:00:00,20,0.2651949035198147,-0.34377262484043997,0.4161563761899769,-0.04610573936340856,-1.9119208072321996
2025-02-10 04:00:00,21,-1.0622553913667687,-0.8659561350781857,-0.05037456591755925,-0.2061847871900433,0.2651949035198147
2025-02-10 08:00:00,21,0.5258328766349685,1.090456677243781,0.23018620704705758,0.471232871962302,-1.0622553913667687
2025-02-10 12:00:00,21,0.6493601779870826,0.8081231548442371,-0.10546121698298865,0.13590063520416962,0.5258328766349685
2025-02-10 16:00:00,21,-1.1293129343124075,0.3082869299969743,-0.13156909859865648,-0.27820698457714244,0.6493601779870826
2025-02-10 20:00:00,21,-1.118696521694524,0.003142126589415743,0.2443590285488554,0.441974367882791,-1.1293129343124075
2025-02-11 00:00:00,21,0.15166726426037158,0.7782050784081433,0.2421152165269226,1.155385460156097,-1.118696521694524
2025-02-11 04:00:00,21,0.2836598186381458,0.14184693890960054,-0.026380144170717948,1.0586647619508316,0.15166726426037158
2025-02-11 08:00:00,21,0.741636743045202,1.2190338617842744,-0.05427718349825567,0.8777702502362903,0.2836598186381458
2025-02-11 12:00:00,21,0.14588934095414885,0.7183265775338293,-0.15107203932566707,0.40481635374570146,0.741636743045202
2025-02-11 16:00:00,21,0.20342600978250402,0.4749406340437329,-0.02515896200279156,0.31178033185526033,0.14588934095414885
2025-02-11 20:00:00,21,0.5683357912828484,-0.3478398673716834,-0.03731951697232563,0.182052234000885,0.20342600978250402
2025-02-12 00:00:00,21,-1.321211883117602,-0.6341439214032316,-0.11444434097097733,-0.18038480747927643,0.5683357912828484
2025-02-12 04:00:00,21,-0.10780901351392558,-0.21330312725556927,0.28491747176535476,0.6621736472763207,-1.321211883117602
2025-02-12 08:00:00,21,1.0631854228728201,1.1190387658006642,0.028460978949871915,0.7309252207337718,-0.10780901351392558
2025-02-12 12:00:00,21,1.8510776267896603,0.4160222069509443,-0.2190323588236536,0.05291446525931143,1.0631854228728201
2025-02-12 16:00:00,21,0.36853269779828857,-1.1366483344351899,-0.38555584116812114,-1.1275480516084162,1.8510776267896603
2025-02-12 20:00:00,21,-2.0009937233131385,-1.8061556747443062,-0.07221533204711464,-1.3625673882882676,0.36853269779828857
2025-02-13 00:00:00,21,-0.40530824277417565,-0.5261390183180712,0.4285914904967788,-0.08650092155917655,-2.0009937233131385
2025-02-13 04:00:00,21,-0.04209249956310401,-0.7057684310969181,0.09133837182789667,0.17197078240832298,-0.40530824277417565
2025-02-13 08:00:00,21,0.36076160693286674,0.5917785345560129,0.014571588121752199,0.19881385870960777,-0.04209249956310401
2025-02-13 12:00:00,21,1.2558807512180863,0.196709554976561,-0.07057288767960836,-0.031249726061712835,0.36076160693286674
2025-02-13 16:00:00,21,0.032931076728983655,-0.5702629520042743,-0.2597591193475477,-0.8321454481064876,1.2558807512180863
2025-02-13 20:00:00,21,0.18169405761785562,-1.2996495966101325,-0.0012848794508256555,-0.8531461350339615,0.032931076728983655
2025-02-14 00:00:00,21,-2.4572592985274238,-1.353324411301193,-0.032726400890442674,-0.9690154110985549,0.18169405761785562
2025-02-14 04:00:00,21,-0.6190405557496206,-0.27435035028023563,0.5250246473180687,0.5980190850003595,-2.4572592985274238
2025-02-14 08:00:00,21,1.9982116811947872,1.359223516268715,0.13651136487094662,0.9927913851500545,-0.6190405557496206
2025-02-14 12:00:00,21,-0.20876665604874667,0.06437619951862285,-0.4166530838990419,-0.28150092775991453,1.9982116811947872
2025-02-14 16:00:00,21,0.46532582637277287,0.16137677576745763,0.049798692561721265,-0.14836701232019855,-0.20876665604874667
2025-02-14 20:00:00,21,-2.1381065450662398,-0.8343858998617137,-0.0926728626040995,-0.4451129122294404,0.46532582637277287
2025-02-15 00:00:00,21,0.9224306149787509,0.7696159635672212,0.4575707143536665,0.9183926463664847,-2.1381065450662398
2025-02-17 04:00:00,21,-0.5165198018685473,-0.4554142626058029,-0.18928338980133683,0.330143536964119,0.9224306149787509
2025-02-17 08:00:00,21,0.5606452899283312,1.2164602524857278,0.11484328278562328,0.6595366734276773,-0.5165198018685473
2025-02-17 12:00:00,21,0.21272351043888982,0.7737620491291145,-0.1128189294487379,0.3020039906051668,0.5606452899283312
2025-02-17 16:00:00,21,-1.1414138072557218,0.6740056896608457,-0.03928457282476905,0.16634672432123665,0.21272351043888982
2025-02-17 20:00:00,21,0.6048598820390723,0.5018923787718663,0.24691658590493926,0.8942450016276648,-1.1414138072557218
2025-02-18 04:00:00,21,-0.9045297434526098,-0.3717256407879128,-0.1221638218237587,0.5085159493336864,0.6048598820390723
2025-02-18 08:00:00,21,2.080431625641392,1.4546034771151986,0.1968503978905104,1.0853493798093279,-0.9045297434526098
2025-02-18 12:00:00,21,-1.210433079302046,0.057308921626894785,-0.43403052639606443,-0.24137593815321168,2.080431625641392
2025-02-18 16:00:00,21,1.017623497535972,0.8053103277403997,0.2615040249897498,0.5305370592346659,-1.210433079302046
2025-02-18 20:00:00,21,-0.5093414820209681,-0.6132885122034908,-0.20940270335594777,-0.1184181103053703,1.017623497535972
2025-02-19 00:00:00,21,-1.02344925501464,-0.28766368645809254,0.11332612242731686,0.20639729403527696,-0.5093414820209681
2025-02-19 04:00:00,21,-0.4502522970059708,0.011467097401979692,0.22198440871783745,0.8590676445252647,-1.02344925501464
2025-02-19 08:00:00,21,0.9398043350018064,1.5663299657444019,0.10083743830444106,1.1462009079049,-0.4502522970059708
2025-02-19 12:00:00,21,0.4580914689367539,0.8890013381416607,-0.19295537988466854,0.5468722927222487,0.9398043350018064
2025-02-19 16:00:00,21,0.5187948537651028,0.5364864468483068,-0.09114385852615381,0.25473986102376855,0.4580914689367539
2025-02-19 20:00:00,21,-0.6660966202269645,-0.5352858997627974,-0.10397370882986351,-0.07610411329172173,0.5187948537651028
2025-02-20 00:00:00,21,-0.045172132677642196,-0.15036905728024466,0.14645681132064922,0.34867660979113424,-0.6660966202269645
2025-02-20 04:00:00,21,0.1781969525360907,-0.42557960062719347,0.015222478215634083,0.377483618563323,-0.045172132677642196
2025-02-20 08:00:00,21,0.3003120329671063,0.7174282762800113,-0.03198727679015966,0.263844503679886,0.1781969525360907
2025-02-20 12:00:00,21,-0.12554282770971348,0.4969537684664219,-0.057796681095794555,0.07233060218195675,0.3003120329671063
2025-02-20 16:00:00,21,0.9100976318542564,0.4990956438989288,0.03220907606322278,0.15239131937074468,-0.12554282770971348
2025-02-20 20:00:00,21,-1.1618081869500596,-0.9662730327594033,-0.18667677523226675,-0.42799284472142496,0.9100976318542564
2025-02-21 00:00:00,21,-0.03951740546642668,-0.11918387641363046,0.2512270018604129,0.31291126250564716,-1.1618081869500596
2025-02-21 04:00:00,21,-0.6363953769120947,-0.5195182050758445,0.014027333927826133,0.3381121591303238,-0.03951740546642668
2025-02-21 08:00:00,21,2.030231747400755,1.143038979283514,0.14017936062096634,0.7439519129474128,-0.6363953769120947
2025-02-21 12:00:00,21,-0.7899804228314693,-0.0867460519041876,-0.4234206250715662,-0.5507601205602928,2.030231747400755
2025-02-21 16:00:00,21,0.11929030779126926,0.2708377080933275,0.17264004059138097,-0.046976667767346214,-0.7899804228314693
2025-02-21 20:00:00,21,-1.9378862246587314,-0.6720700234722636,-0.019537173124491915,-0.12305005060944119,0.11929030779126926
2025-02-22 00:00:00,21,2.760647445891367,0.7976652039537867,0.41525352321427744,1.1127717307446723,-1.9378862246587314
2025-02-24 04:00:00,21,-1.6543844159916272,-1.342609153179984,-0.57779626816977,-0.6477383553791718,2.760647445891367
2025-02-24 08:00:00,21,0.854296500752799,1.025737981132402,0.35533452897178086,0.4072896798065919,-1.6543844159916272
2025-02-24 12:00:00,21,-0.18416198845667786,0.32842978512603527,-0.1748830315912196,-0.13750918915220645,0.854296500752799
2025-02-24 16:00:00,21,-0.2561611511461752,0.43968640927178076,0.04459841908650381,-0.020066073175504684,-0.18416198845667786
2025-02-24 20:00:00,21,-0.0980116581317656,-0.45453018790099087,0.05981566738181303,0.1432920879461257,-0.2561611511461752
2025-02-25 00:00:00,21,-1.1403973053530745,-0.30196336941018953,0.026390277237260742,0.20579572742949992,-0.0980116581317656
2025-02-25 04:00:00,21,-0.6516697191384679,-0.0629212672285451,0.24670174504752615,0.9330457648258168,-1.1403973053530745
2025-02-25 08:00:00,21,2.634705127380446,1.6309383570623515,0.1434076406387304,1.3486262168216818,-0.6516697191384679
2025-02-25 12:00:00,21,-0.3606386766626315,-0.19868663544675577,-0.5511779651218213,-0.33156839028716334,2.634705127380446
2025-02-25 16:00:00,21,0.7293013989655588,0.10189617391382695,0.08189731927434726,-0.10158320016234512,-0.3606386766626315
2025-02-25 20:00:00,21,-1.0267675208447447,-1.0946431292983798,-0.14846492576133966,-0.5666706457229775,0.7293013989655588
2025-02-26 00:00:00,21,-0.7836560190711133,-0.42273002234477763,0.2226857345827549,0.08811581722861206,-1.0267675208447447
2025-02-26 04:00:00,21,-0.6201165566192266,-0.2707995629606909,0.1713033580697221,0.5878660941716696,-0.7836560190711133
2025-02-26 08:00:00,21,1.6627937532677777,1.2809955848731993,0.13673878102117848,0.9833245776970951,-0.6201165566192266
2025-02-26 12:00:00,21,0.40993910638521136,0.2679773660950808,-0.34576145542309034,-0.07706622958559706,1.6627937532677777
2025-02-26 16:00:00,21,0.7199556487269732,-0.11693781974779748,-0.08096670604852563,-0.3384911111154203,0.40993910638521136
2025-02-26 20:00:00,21,-1.48219285999029,-1.2906136521498839,-0.1464896722087418,-0.797618618697765,0.7199556487269732
2025-02-27 00:00:00,21,-0.29190321513663164,-0.3871670864742348,0.3189413048821038,0.14760004132244475,-1.48219285999029
2025-02-27 04:00:00,21,-0.6339559422488179,-0.6185979215968973,0.06736986443095379,0.3337515019824604,-0.29190321513663164
2025-02-27 08:00:00,21,0.8537204122570685,1.0151611096688566,0.1396637784727217,0.7380355883652552,-0.6339559422488179
2025-02-27 12:00:00,21,2.2348865416078336,0.4721951921763128,-0.17476127348526205,0.19360410047452703,0.8537204122570685
2025-02-27 16:00:00,21,-1.3592210118714991,-0.9796105377190016,-0.4666750561224541,-1.2316196468383538,2.2348865416078336
2025-02-27 20:00:00,21,-1.4623966217059206,-0.9588684846213817,0.29295082004512296,-0.3648221482180265,-1.3592210118714991
2025-02-28 00:00:00,21,0.20882768273906294,-0.0357776103439775,0.314757307985008,0.5677721264541695,-1.4623966217059206
2025-02-28 04:00:00,21,-0.27921226477210936,-0.49185420695722126,-0.03846117745169123,0.4345992932946334,0.20882768273906294
2025-02-28 08:00:00,21,0.3596355883185396,0.8296602858390145,0.06468759236574612,0.6126575270732175,-0.27921226477210936
2025-02-28 12:00:00,21,0.41492280753447197,0.7502944390051526,-0.07033490012254116,0.3833120228125537,0.3596355883185396
2025-02-28 16:00:00,21,0.6315963662931825,0.4780780743077159,-0.08202002687872716,0.11870895344401866,0.41492280753447197
2025-02-28 20:00:00,21,0.6479584645724916,-0.6087781396601089,-0.12781466142022765,-0.2840703927101558,0.6315963662931825
2025-03-01 00:00:00,21,0.5796409304946355,-0.7669743175930618,-0.13127284208299833,-0.6972841168917547,0.6479584645724916
2025-03-03 04:00:00,21,-2.4318297924092285,2.837625477261306,-0.1168337175133228,-1.0669306307864428,0.5796409304946355
2025-03-03 08:00:00,21,1.592846840670493,2.955933316146396,0.5196500416397153,0.48388705281333877,-2.4318297924092285
2025-03-03 12:00:00,21,-0.5597077596887239,1.002510926743052,-0.3309779566055626,-0.5318974628170032,1.592846840670493
2025-03-03 16:00:00,21,0.5548801798885705,0.7809708124690748,0.12397119279134389,-0.17496265838179959,-0.5597077596887239
2025-03-03 20:00:00,21,0.055256159634685886,-0.9002868950300158,-0.11160045540476662,-0.5288188361193473,0.5548801798885705
2025-03-04 00:00:00,21,-0.7359541770333884,-1.1182983320621025,-0.006003355570534623,-0.5640565940236062,0.055256159634685886
2025-03-04 04:00:00,21,-1.220020654639539,-1.02570430823285,0.1612214245122147,-0.09472656293957371,-0.7359541770333884
2025-03-04 08:00:00,21,2.275322741001606,0.8771230101985996,0.2635303890335903,0.6833005882524237,-1.220020654639539
2025-03-04 12:00:00,21,-0.12739073523555433,-0.628195623159367,-0.47522137337543824,-0.7677099856192768,2.275322741001606
2025-03-04 16:00:00,21,0.24628837435828643,-0.6424882603116597,0.03259963710028317,-0.686470827538912,-0.12739073523555433
2025-03-04 20:00:00,21,0.06924369909588002,-1.3430303853778272,-0.04637861182717303,-0.843532957220889,0.24628837435828643
2025-03-05 00:00:00,21,-0.732707050852218,-1.2241354329544374,-0.00895966579791003,-0.8876907981071813,0.06924369909588002
2025-03-05 04:00:00,21,-0.46571188367116534,-1.3218847074987063,0.16053513423467128,-0.4204315125656013,-0.732707050852218
2025-03-05 08:00:00,21,0.9913320328664348,0.08939605721346665,0.10410487031391681,-0.12343941759489141,-0.46571188367116534
2025-03-05 12:00:00,21,0.6345392049195038,-0.5349904215901361,-0.20384592004099322,-0.7556280895516974,0.9913320328664348
2025-03-05 16:00:00,21,-0.28040946986547155,-0.9966418652503402,-0.12843663957104148,-1.1602841320914195,0.6345392049195038
2025-03-05 20:00:00,21,-1.3994730100215875,-1.5910999660045497,0.06494062540787564,-0.9814624210187084,-0.28040946986547155
2025-03-06 00:00:00,21,-0.3490490312770991,-0.7377953983297141,0.30145820578895155,-0.08899556398923814,-1.3994730100215875
2025-03-06 04:00:00,21,0.5242925070511273,-0.8508082847294471,0.07944781146205769,0.13359871947482738,-0.3490490312770991
2025-03-06 08:00:00,21,0.5888933698611769,0.09013417643040854,-0.10513565505215146,-0.20075119837375155,0.5242925070511273
2025-03-06 12:00:00,21,0.3944951964497463,-0.40398953329440457,-0.11878924952117619,-0.576298144375512,0.5888933698611769
2025-03-06 16:00:00,21,-0.4600969870718892,-0.73144804470197,-0.07770258736492534,-0.8278741916215377,0.3944951964497463
2025-03-06 20:00:00,21,0.3507548448964144,-1.2204117553090883,0.10291814435055868,-0.5344628081648146,-0.4600969870718892
2025-03-07 00:00:00,21,-1.1656677670675837,-1.300910815354088,-0.06845792721545031,-0.7581449169092576,0.3507548448964144
2025-03-07 04:00:00,21,-0.9121767665610729,-0.879184093051528,0.25204273619356465,-0.014779492234637814,-1.1656677670675837
2025-03-07 08:00:00,21,1.388165989091183,0.8837516109022892,0.19846662014941766,0.5669305701091201,-0.9121767665610729
2025-03-07 12:00:00,21,0.7449853370351676,-0.06697188546429861,-0.28771801824752896,-0.31832561450304553,1.388165989091183
2025-03-07 16:00:00,21,0.6087541008257613,-0.6648909948193193,-0.1517797751420576,-0.7934149642194495,0.7449853370351676
2025-03-07 20:00:00,21,-1.820991838577875,-1.7493602284687078,-0.12298687714801113,-1.181627423607564,0.6087541008257613
2025-03-08 00:00:00,21,1.105358861109936,-0.3205589266045125,0.3905475289933251,-0.02035110658388639,-1.820991838577875
2025-03-10 04:00:00,22,-1.5158776323665837,-0.9820820029878401,-0.29921342542810353,-0.6726582571958222,1.105358861109936
2025-03-10 08:00:00,22,0.7059537244113674,1.2180376429689177,0.43482219623995394,0.2879230786575384,-1.5158776323665837
2025-03-10 12:00:00,22,1.1395233887152827,0.6119891564512511,-0.18736636449194558,-0.15942567639140215,0.7059537244113674
2025-03-10 16:00:00,22,-0.4515638003478024,-0.01409280967623676,-0.3087806584199369,-0.8815188556801434,1.1395233887152827
2025-03-10 20:00:00,22,-0.6969282015915095,-0.5772429831200364,0.13677802232428327,-0.5953719073384605,-0.4515638003478024
2025-03-11 00:00:00,22,-0.7824475734078327,-0.149763157778424,0.20548842340803367,-0.15374244557676242,-0.6969282015915095
2025-03-11 04:00:00,22,-0.05979701192195108,-0.007307349336418559,0.2294367643578423,0.3420789315919972,-0.7824475734078327
2025-03-11 08:00:00,22,1.923125398226393,1.3548491068406316,0.027069959428490935,0.379971102018942,-0.05979701192195108
2025-03-11 12:00:00,22,-0.36256730447176544,0.13220707077254307,-0.528215947690214,-0.8386749975067893,1.923125398226393
2025-03-11 16:00:00,22,-0.27795680677425594,0.2359169435476305,0.11185596804218241,-0.6089233485412233,-0.36256730447176544
2025-03-11 20:00:00,22,-0.5370914058718892,-0.3120960728409293,0.08816214284495151,-0.43278767963244036,-0.27795680677425594
2025-03-12 00:00:00,22,-1.0771146730354175,0.030804039853347183,0.16072866899309585,-0.09244359834777427,-0.5370914058718892
2025-03-12 04:00:00,22,-0.2816617866300746,0.2549859920569134,0.3119536025746742,0.5901024260805396,-1.0771146730354175
2025-03-12 08:00:00,22,0.6293197149185836,1.643647131447907,0.08919966357171603,0.7685858666189205,-0.2816617866300746
2025-03-12 12:00:00,22,0.6284734132920118,1.1798455820565221,-0.16590622804910796,0.3697985505928987,0.6293197149185836
2025-03-12 16:00:00,22,0.9421497960363574,0.7306628382372725,-0.16566923472854136,-0.028452481019638043,0.6284734132920118
2025-03-12 20:00:00,22,-0.7704968667491006,-0.5423564367052065,-0.25350932057480374,-0.6254739623892629,0.9421497960363574
2025-03-13 00:00:00,22,-1.7505158104868492,-0.12065486186214017,0.22609015888617026,-0.13722550899847086,-0.7704968667491006
2025-03-13 04:00:00,22,0.7789906198969874,0.5325220129431271,0.500528889005832,0.9720413472217864,-1.7505158104868492
2025-03-13 08:00:00,22,1.4181398884939505,1.3148912445353769,-0.20781918632466292,0.4784105723487073,0.7789906198969874
2025-03-13 12:00:00,22,-0.4875674655722939,0.327764928822253,-0.38680278123525264,-0.4202363101108837,1.4181398884939505
2025-03-13 16:00:00,22,1.2642808185387562,0.5192312522120479,0.14686027657763262,-0.11127455924258456,-0.4875674655722939
2025-03-13 20:00:00,22,-1.315901524058745,-0.9995478478176181,-0.34371699391888516,-0.9124240264787709,1.2642808185387562
2025-03-14 00:00:00,22,-1.5006789803804015,-0.1798523277578781,0.37882206525374995,-0.07856355064443576,-1.315901524058745
2025-03-14 04:00:00,22,1.0019882886284286,0.36696610339991537,0.4305660552977083,0.8723867034406272,-1.5006789803804015
2025-03-14 08:00:00,22,0.968881992057641,0.9919095112230137,-0.27026613943445765,0.23744676617307725,1.0019882886284286
2025-03-14 12:00:00,22,0.040393645304996895,0.27046742723775846,-0.260995247225783,-0.37651437313208014,0.968881992057641
2025-03-14 16:00:00,22,-0.0961153943172448,0.1964739916506718,-0.0009868418353179559,-0.4021110182296699,0.040393645304996895
2025-03-14 20:00:00,22,-0.8343546840963878,-0.5542770020083476,0.03724034522384133,-0.34120461529977675,-0.0961153943172448
2025-03-15 00:00:00,22,-1.5145579285021977,0.8714200811319283,0.24397252576589915,0.18750925969392718,-0.8343546840963878
2025-03-17 04:00:00,22,1.1885317479979278,0.5375582832465834,0.434452634146292,1.1472543256044414,-1.5145579285021977
2025-03-17 08:00:00,22,-0.02868069905890991,1.0907724216470407,-0.3225046705655393,0.3941055292773985,1.1885317479979278
2025-03-17 12:00:00,22,1.1140228489038702,1.009255782119538,0.01835633053110477,0.41227991461495606,-0.02868069905890991
2025-03-17 16:00:00,22,-1.055248129922406,0.2646366393959629,-0.3016396375162811,-0.29365408264351345,1.1140228489038702
2025-03-17 20:00:00,22,-0.4978168216221981,0.16316820192038997,0.30583022469265686,0.3750355507770404,-1.055248129922406
2025-03-18 00:00:00,22,-1.1138762168864744,0.4153268969374861,0.14973044585023057,0.6904921135720006,-0.4978168216221981
2025-03-18 04:00:00,22,0.1556117939389452,0.6909189572854645,0.322248088692712,1.396333193053902,-1.1138762168864744
2025-03-18 08:00:00,22,2.4950700533086323,1.8646264740143634,-0.03325185324136356,1.2977251116990463,0.1556117939389452
2025-03-18 12:00:00,22,-0.3672110042826606,0.21328644923266055,-0.6883799586437624,-0.28335087601981357,2.4950700533086323
2025-03-18 16:00:00,22,1.0107890250039322,0.3007889430607959,0.11315636237364139,-0.05065660736489441,-0.3672110042826606
2025-03-18 20:00:00,22,-1.7378538489112163,-0.9262779117818226,-0.27273064578960976,-0.6911733952459578,1.0107890250039322
2025-03-19 00:00:00,22,-0.655313380514702,0.12393074215556246,0.49698310789839,0.41006982918163537,-1.7378538489112163
2025-03-19 04:00:00,22,0.43283391246724534,0.1121219245655615,0.193834854134242,0.8253288111844572,-0.655313380514702
2025-03-19 08:00:00,22,2.1419247663736023,1.11162889309336,-0.11088350174789291,0.5510506181674373,0.43283391246724534
2025-03-19 12:00:00,22,-0.8272224853156498,-0.3389734979927049,-0.5894872334434137,-0.8062442646447074,2.1419247663736023
2025-03-19 16:00:00,22,-0.27297482462924094,0.0977064559441797,0.24197526684671797,-0.2820499213639138,-0.8272224853156498
2025-03-19 20:00:00,22,1.2516493425689532,-0.4625745593913238,0.08676701792201673,-0.1090712348934737,-0.27297482462924094
2025-03-20 00:00:00,22,-2.2102209650070233,-1.1640720261734894,-0.34017974982085947,-0.9022163884556527,1.2516493425689532
2025-03-20 04:00:00,22,0.3850936419629427,-0.22294286587388004,0.6292620116073273,0.49835642940628766,-2.2102209650070233
2025-03-20 08:00:00,22,0.8691334664475789,0.7653731315655318,-0.09751459771140525,0.25433029093237103,0.3850936419629427
2025-03-20 12:00:00,22,0.34740721888710624,0.07726544487086588,-0.23306225789465077,-0.29642220281059295,0.8691334664475789
2025-03-20 16:00:00,22,-0.02613968743844275,-0.1986234103863711,-0.08696111386522712,-0.516567208765121,0.34740721888710624
2025-03-20 20:00:00,22,-1.3977048488890151,-0.8875695355858614,0.017644760610139115,-0.5000030116674914,-0.02613968743844275
2025-03-21 00:00:00,22,0.10795575019074732,0.007121734599924224,0.40172978630285766,0.3856945949252335,-1.3977048488890151
2025-03-21 04:00:00,22,-0.5349372586625591,-0.4586610281505889,-0.01990653556933874,0.3172851953027962,0.10795575019074732
2025-03-21 08:00:00,22,1.1432705507337833,1.129780101665031,0.16012543430217793,0.656264236587015,-0.5349372586625591
2025-03-21 12:00:00,22,0.5420967797335745,0.3693969847078464,-0.3098299915909752,-0.06820344432411041,1.1432705507337833
2025-03-21 16:00:00,22,-0.11105419457421917,-0.05148354528210295,-0.14148083125199354,-0.4117193309101026,0.5420967797335745
2025-03-21 20:00:00,22,-0.5956358958679129,-0.7515284126305636,0.0414237188190485,-0.3413465090552936,-0.11105419457421917
2025-03-22 00:00:00,22,-0.5147747097559776,0.5364491736108548,0.17712312299082536,0.03609604456413251,-0.5956358958679129
2025-03-24 04:00:00,22,-0.03897459916816004,-0.3724540872822562,0.15447923291672946,0.36229848188681935,-0.5147747097559776
2025-03-24 08:00:00,22,1.2065557920418968,0.9052061292958083,0.021238973659600487,0.38699590583049925,-0.03897459916816004
2025-03-24 12:00:00,22,-0.5335011670768868,0.08213882605517696,-0.32755201765067005,-0.3775743666998732,1.2065557920418968
2025-03-24 16:00:00,22,1.4193375688961556,0.26633503463272684,0.1597232796768762,-0.03950534792955551,-0.5335011670768868
2025-03-24 20:00:00,22,-1.237145532843364,-1.4081524695147898,-0.387138172597604,-0.9389111765046572,1.4193375688961556
2025-03-25 00:00:00,22,-1.5859410854506812,-0.5949407329717873,0.3567677015533599,-0.15495679706810428,-1.237145532843364
2025-03-25 04:00:00,22,0.43120628850066467,-0.002215603290388982,0.4544423527839316,0.8500223476327626,-1.5859410854506812
2025-03-25 08:00:00,22,0.9021963618528943,1.0173271372953059,-0.11042771152327022,0.5767755473684986,0.43120628850066467
2025-03-25 12:00:00,22,0.03997752241230934,0.3563694248661799,-0.2423209962966934,0.005071758113615488,0.9021963618528943
2025-03-25 16:00:00,22,0.20521481358815308,0.3063072920045035,-0.0008703132325061178,-0.020261198229945876,0.03997752241230934
2025-03-25 20:00:00,22,-0.8918103818331549,-0.5608262416927123,-0.047142390571907306,-0.15030172100331463,0.20521481358815308
2025-03-26 00:00:00,22,-1.5773531979306306,-0.07145111803408778,0.2600620807951915,0.4148206804479031,-0.8918103818331549
2025-03-26 04:00:00,22,1.3415536416700533,0.49534740042693354,0.45203745136802187,1.4143578525976679,-1.5773531979306306
2025-03-26 08:00:00,22,-0.23841237711960517,0.9582475818199739,-0.3653560199687625,0.5642421429130469,1.3415536416700533
2025-03-26 12:00:00,22,0.3878075058544894,0.9944422413764057,0.07708835378497925,0.7153192976963059,-0.23841237711960517
2025-03-26 16:00:00,22,1.1763493279199437,0.681989211447352,-0.0982745721638103,0.46957343795557627,0.3878075058544894
2025-03-26 20:00:00,22,0.2780455902196177,-0.7403012251005286,-0.3190931774333403,-0.27585560243432816,1.1763493279199437
2025-03-27 00:00:00,22,-0.4540634768872369,-0.8833286324508304,-0.0675374920952882,-0.45204753163663725,0.2780455902196177
2025-03-27 04:00:00,22,-0.9187952436304236,-0.9638857305596702,0.1374780170127287,-0.16431658826911466,-0.4540634768872369
2025-03-27 08:00:00,22,1.1234109644638384,0.9314386320335596,0.26761876248121286,0.4179055803661935,-0.9187952436304236
2025-03-27 12:00:00,22,0.46781015855199115,0.12484775082883676,-0.3042686300770451,-0.29397747794653917,1.1234109644638384
2025-03-27 16:00:00,22,0.40021137312548305,-0.24170737727308197,-0.12067804359954415,-0.5904194185312086,0.46781015855199115
2025-03-27 20:00:00,22,-1.699932054087224,-1.1835085011610522,-0.10174807806303429,-0.8440253608660164,0.40021137312548305
2025-03-28 00:00:00,22,-0.4830827951028791,-0.17501437183182308,0.4863637119348159,0.2331875806731638,-1.699932054087224
2025-03-28 04:00:00,22,-0.5450204303515669,-0.28596200910699093,0.14560441588586145,0.5393074855649846,-0.4830827951028791
2025-03-28 08:00:00,22,1.120802571958805,1.302028138912075,0.16294906628561265,0.8846760310702972,-0.5450204303515669
2025-03-28 12:00:00,22,0.41273125241494313,0.5091475159347592,-0.30353819121021586,0.17444585891632514,1.120802571958805
2025-03-28 16:00:00,22,0.6374073551384942,0.21613795020207516,-0.10525407128429423,-0.08709368050825184,0.41273125241494313
2025-03-28 20:00:00,22,-0.8754366716465647,-0.9126227111761713,-0.16817104315885642,-0.4910059723769571,0.6374073551384942
2025-03-29 00:00:00,22,0.912255871643346,0.552934391431803,0.25547688347868164,0.06374073642725087,-0.8754366716465647
2025-03-31 04:00:00,22,-1.0694743098766857,-1.2039421456702142,-0.24513800214148718,-0.5143375629768823,0.912255871643346
2025-03-31 08:00:00,22,0.8527682799002889,0.7006829690089456,0.30981404029750204,0.163366916136221,-1.0694743098766857
2025-03-31 12:00:00,22,-0.015091659780729572,0.009101034324009208,-0.2284794474878639,-0.3770152862194749,0.8527682799002889
2025-03-31 16:00:00,22,0.25884335915900536,-0.03358479122537498,0.014550936046763056,-0.3674520032717723,-0.015091659780729572
2025-03-31 20:00:00,22,-2.6653227279749796,-0.9758038518436557,-0.06216021246063149,-0.5314758627237719,0.25884335915900536
2025-04-01 00:00:00,22,0.19646019734089393,0.686291902169705,0.7567060275646023,1.157485839627796,-2.6653227279749796
2025-04-01 04:00:00,22,0.3889852246480565,0.19035896799612362,-0.04469079942570014,1.0329929420651425,0.19646019734089393
2025-04-01 08:00:00,22,1.3267494059909115,1.2323145487367446,-0.098604373594905,0.7865007854810351,0.3889852246480565
2025-04-01 12:00:00,22,0.5390298641378877,0.3200050634252633,-0.3612103290449929,-0.05423377616015301,1.3267494059909115
2025-04-01 16:00:00,22,0.7389316184380377,-0.17897753608575195,-0.14062199028076255,-0.39580621967597196,0.5390298641378877
2025-04-01 20:00:00,22,-2.744261331853897,-1.228830427839693,-0.19660129960879374,-0.864052406563335,0.7389316184380377
2025-04-02 00:00:00,22,0.9194917232947084,0.44383793677444267,0.778811529039221,0.8749311101783768,-2.744261331853897
2025-04-02 04:00:00,22,-0.7249290933785346,-0.5882189213713321,-0.24716428739977048,0.29226759631042754,0.9194917232947084
2025-04-02 08:00:00,22,0.5030404954279319,1.1667137467201318,0.21332962814530212,0.7516406631386339,-0.7249290933785346
2025-04-02 12:00:00,22,0.6161660947825052,0.7831336991984695,-0.13054373953909978,0.4328739627341225,0.5030404954279319
2025-04-02 16:00:00,22,1.1191089543755606,0.3528204650537015,-0.1622227657755585,0.04242183269662725,0.6161660947825052
2025-04-02 20:00:00,22,1.5765352731141018,-1.02669709120476,-0.30306392052205827,-0.6667351278696785,1.1191089543755606
2025-04-03 00:00:00,22,0.41088793289006276,-1.6295095888107018,-0.431158891379591,-1.6657539974229056,1.5765352731141018
2025-04-03 04:00:00,22,-2.5661664797026873,-2.151102647326973,-0.10473787894653845,-1.9261254621336636,0.41088793289006276
2025-04-03 08:00:00,22,1.7433966096891513,0.6427905472018943,0.7289388960890705,-0.2999970910417602,-2.5661664797026873
2025-04-03 12:00:00,22,0.8863777957419519,-0.33307499829178794,-0.4778857568226944,-1.4047526521109805,1.7433966096891513
2025-04-03 16:00:00,22,-0.898943233976345,-0.9104380399705916,-0.23789125825587176,-1.9664325324158956,0.8863777957419519
2025-04-03 20:00:00,22,-1.3014255995476436,-1.4892812201104482,0.26205952267814375,-1.396790185229051,-0.898943233976345
2025-04-04 00:00:00,22,0.04764755259990672,-0.6639896731028798,0.3747683126548636,-0.5721028132176667,-1.3014255995476436
2025-04-04 04:00:00,22,-0.14047890388260775,-1.111476872429928,-0.0030181832896251145,-0.6022961142792482,0.04764755259990672
2025-04-04 08:00:00,22,0.9119824202314035,0.27898688221171514,0.04966364102497607,-0.5132774426730826,-0.14047890388260775
2025-04-04 12:00:00,22,1.6630772627555945,-0.646632064932004,-0.24506142641943357,-1.0911824613868966,0.9119824202314035
2025-04-04 16:00:00,22,-1.0388099742506167,-1.3091968062617698,-0.45539360019925623,-2.1450412588091377,1.6630772627555945
2025-04-04 20:00:00,22,-0.0872511083155274,-1.4513087200538142,0.3012269804422249,-1.4867681558505605,-1.0388099742506167
2025-04-05 00:00:00,22,0.09066167572746764,-0.22356143077789567,0.034758042805838475,-1.4314788736612254,-0.0872511083155274
2025-04-07 04:00:00,23,-1.0219943595617949,-0.7856795510480558,-0.008449549175637021,-1.1069828484722501,0.09066167572746764
2025-04-07 08:00:00,23,1.3654929360709342,0.655397253080161,0.23888327154537917,-0.6101051082408233,-1.0219943595617949
2025-04-07 12:00:00,23,-0.6032261331407085,-0.5612646291353008,-0.2918323751018054,-1.2739865064393596,1.3654929360709342
2025-04-07 16:00:00,23,-0.14910437251861985,-0.12703638250509516,0.14579509030692703,-0.9807073556502948,-0.6032261331407085
2025-04-07 20:00:00,23,-0.7607827618597884,-1.0457511664064452,0.044848155725967224,-0.9082151320068661,-0.14910437251861985
2025-04-08 00:00:00,23,-1.1206148540667211,-0.822337862323619,0.18081842561310993,-0.538334402252155,-0.7607827618597884
2025-04-08 04:00:00,23,0.40652843643325554,-0.23017456276392365,0.26080566652925535,0.006491086410217228,-1.1206148540667211
2025-04-08 08:00:00,23,1.3695783462667173,0.8878077584073512,-0.07866371637517271,-0.19115670777269944,0.40652843643325554
2025-04-08 12:00:00,23,-0.6236906677147349,-0.2557766912961967,-0.29274052280916285,-0.8570243687788599,1.3695783462667173
2025-04-08 16:00:00,23,0.7527785254988881,0.12841975255982677,0.1503441610892743,-0.5537956800115325,-0.6236906677147349
2025-04-08 20:00:00,23,-0.6138378970621847,-0.26810931421229306,-0.15563180757978473,-0.919784874712188,0.7527785254988881
2025-04-09 00:00:00,23,-0.45461888859151145,-0.07278660484584715,0.14815398417913964,-0.6213464495809111,-0.6138378970621847
2025-04-09 04:00:00,23,1.15295887028876,0.08571785236950771,0.11276111771505117,-0.40031782655922576,-0.45461888859151145
2025-04-09 08:00:00,23,-0.2489423716682957,0.6462336670805288,-0.24458808007980865,-0.9608684721562266,1.15295887028876
2025-04-09 12:00:00,23,0.01757280360611979,-0.23339648052845405,0.06704119037608003,-0.8398365682860023,-0.2489423716682957
2025-04-09 16:00:00,23,-0.08901166486283607,0.16562067359023955,0.00779740975124371,-0.8483801917058846,0.01757280360611979
2025-04-09 20:00:00,23,1.371874929056613,-0.7744438688868315,0.031490120162528765,-0.8051041065910445,-0.08901166486283607
2025-04-10 00:00:00,23,-2.444196311737393,-2.649690981016,-0.29325103125151053,-1.4720883303807675,1.371874929056613
2025-04-10 04:00:00,23,-0.17716015108093153,-0.6364535962126777,0.5550251961924498,-0.28375815155395223,-2.444196311737393
2025-04-10 08:00:00,23,1.0090078065492758,1.0489478551465474,0.051084687618356384,-0.19762564533748428,-0.17716015108093153
2025-04-10 12:00:00,23,0.03895897386542657,0.5418291740978594,-0.2125891320570072,-0.6881895257575685,1.0090078065492758
2025-04-10 16:00:00,23,1.0845147362236691,0.6330852171077692,0.0030434681494448095,-0.7071307720715776,0.03895897386542657
2025-04-10 20:00:00,23,0.02057675031407946,-0.37649283620868024,-0.22937360210708516,-1.234404945691825,1.0845147362236691
2025-04-11 00:00:00,23,-0.26973080642888014,-1.1296824130624183,0.0071296610589156985,-1.2444090412151603,0.02057675031407946
2025-04-11 04:00:00,23,-0.5269964135526912,-0.852992757566012,0.07166226107954633,-1.1132701241406586,-0.26973080642888014
2025-04-11 08:00:00,23,1.0665543577460923,0.18501772580302425,0.12884995095523616,-0.8570526757504311,-0.5269964135526912
2025-04-11 12:00:00,23,-0.2728653834586545,-0.2403693198437886,-0.22538118133266205,-1.375594793084706,1.0665543577460923
2025-04-11 16:00:00,23,-0.6578700621267437,0.1877315905046331,0.07235904764606134,-1.24293189347883,-0.2728653834586545
2025-04-11 20:00:00,23,-0.4721958876889758,-0.916658334877433,0.15794191435923297,-0.9230857154866117,-0.6578700621267437
2025-04-12 00:00:00,23,0.4248051511765869,0.1709922541482811,0.11666831691112294,-0.6935114292624966,-0.4721958876889758
2025-04-14 04:00:00,23,-0.9719028113786496,-1.1826389937758346,-0.08272645568328811,-0.9000450774969115,0.4248051511765869
2025-04-14 08:00:00,23,0.6896225630664787,0.42766701433547405,0.22774839831099358,-0.42752106782482624,-0.9719028113786496
2025-04-14 12:00:00,23,0.08820626806318899,-0.08289262950588214,-0.14159283970621597,-0.7628048172341666,0.6896225630664787
2025-04-14 16:00:00,23,-0.003371703097739598,-0.18407229744780793,-0.007903735479072515,-0.8056893309689368,0.08820626806318899
2025-04-14 20:00:00,23,-1.2980811079789731,-0.7106968079477469,0.01245317375860744,-0.8040500614365156,-0.003371703097739598
2025-04-15 00:00:00,23,-0.11061770167190588,-0.19662369482304734,0.3002547215568482,-0.17294324412858675,-1.2980811079789731
2025-04-15 04:00:00,23,-0.19951025849253945,-0.3867517146673101,0.0362929360005789,-0.11916264042750768,-0.11061770167190588
2025-04-15 08:00:00,23,0.617650588770216,0.9564862743138202,0.0560529032521246,-0.022163860086620524,-0.19951025849253945
2025-04-15 12:00:00,23,0.08741458087729903,0.35764848825804924,-0.12559415650945668,-0.3224559565443199,0.617650588770216
2025-04-15 16:00:00,23,0.8467381966681522,0.3692656777046207,-0.007727750971188241,-0.3649555642997022,0.08741458087729903
2025-04-15 20:00:00,23,-1.7645142949215167,-0.9784130027347265,-0.1765181460053626,-0.7766264877170306,0.8467381966681522
2025-04-16 00:00:00,23,0.7836969919695616,-0.11948298154237072,0.4039383687447238,0.08125288046517731,-1.7645142949215167
2025-04-16 04:00:00,23,-1.0588712551945072,-0.5488222420329139,-0.1625046876811107,-0.2997683910836866,0.7836969919695616
2025-04-16 08:00:00,23,2.2665684023188053,1.2069333224776952,0.24708065359966522,0.21503832145301693,-1.0588712551945072
2025-04-16 12:00:00,23,-1.315326615336181,-0.5461312430391906,-0.4921328540289262,-0.8869319343388185,2.2665684023188053
2025-04-16 16:00:00,23,0.7345914373036635,0.3820082042623342,0.3040882333018452,-0.2474406199496455,-1.315326615336181
2025-04-16 20:00:00,23,-0.40515495208999397,-0.6135193072916315,-0.15158899139818072,-0.6045875356305732,0.7345914373036635
2025-04-17 00:00:00,23,-0.742144918784474,-0.5849966999270491,0.10176575656940744,-0.40760750814356683,-0.40515495208999397
2025-04-17 04:00:00,23,-0.159752243039744,-0.33056985224393776,0.17667541092234362,-0.04678820741085232,-0.742144918784474
2025-04-17 08:00:00,23,0.6577911263190348,0.8517213961140703,0.04721507575078615,0.03088084504118349,-0.159752243039744
2025-04-17 12:00:00,23,0.14661770020352627,0.21371040518536452,-0.13451701502307287,-0.2889269555907381,0.6577911263190348
2025-04-17 16:00:00,23,0.6765593231324445,0.4686565052016088,-0.020888039536586543,-0.36021019788406505,0.14661770020352627
2025-04-17 20:00:00,23,-1.26659505791417,-0.9699963703276985,-0.1386890061061042,-0.6891428034952085,0.6765593231324445
2025-04-18 00:00:00,23,1.9758109873769616,0.549409625418514,0.29325567303789923,-0.07334401333893759,-1.26659505791417
2025-04-21 04:00:00,23,-0.6913232774350728,-1.2757473583659036,-0.42750025482281007,-1.033952542483103,1.9758109873769616
2025-04-21 08:00:00,23,-0.3389640508906293,0.2660669382972785,0.16537824494296585,-0.6978419322360878,-0.6913232774350728
2025-04-21 12:00:00,23,-0.24452695562826143,0.12742447120034772,0.0870521507644932,-0.5330428900002362,-0.3389640508906293
2025-04-21 16:00:00,23,0.5969361163630147,0.22348407059389366,0.06605968551815278,-0.4141576926393258,-0.24452695562826143
2025-04-21 20:00:00,23,-1.181030704434038,-0.6280017242398087,-0.12098952693146783,-0.7043787352370119,0.5969361163630147
2025-04-22 00:00:00,23,-0.10643540564267795,-0.5011988436927916,0.27423553363434194,-0.13018000109259642,-1.181030704434038
2025-04-22 04:00:00,23,0.09615629875089127,-0.6817258564520468,0.035363251496840664,-0.07843276458238257,-0.10643540564267795
2025-04-22 08:00:00,23,1.510911687090184,0.46701865997639663,-0.009670951449187533,-0.12518245941714312,0.09615629875089127
2025-04-22 12:00:00,23,-1.2798818926303035,-0.664819969089166,-0.3241575760035986,-0.8597641894890407,1.510911687090184
2025-04-22 16:00:00,23,0.5503736318511887,0.14698789360877565,0.2962092096247393,-0.23750554723396533,-1.2798818926303035
2025-04-22 20:00:00,23,-0.252131148859581,-1.1838599171317965,-0.1106391308801899,-0.5050886350647419,0.5503736318511887
2025-04-23 00:00:00,23,2.1217786191976327,-1.1292774818578757,0.06775002512137164,-0.38250639738877457,-0.252131148859581
2025-04-23 04:00:00,23,-2.0969644240828718,-2.559525101508714,-0.4599474666898518,-1.414082115703227,2.1217786191976327
2025-04-23 08:00:00,23,0.12032500204712449,0.10048873326075361,0.4778388605289322,-0.3945706725767222,-2.0969644240828718
2025-04-23 12:00:00,23,-0.22975863179006417,-0.2765237379968561,-0.015043423596766031,-0.45307081453068765,0.12032500204712449
2025-04-23 16:00:00,23,2.11987054203874,-0.01062360878838196,0.06277682803446229,-0.3413657462057893,-0.22975863179006417
2025-04-23 20:00:00,23,-2.7898135601357943,-1.713785817933962,-0.4595233193425185,-1.3720137871235636,2.11987054203874
2025-04-24 00:00:00,23,0.9196063874374403,-0.22652470883430595,0.6318526129547104,-0.01564988505503262,-2.7898135601357943
2025-04-24 04:00:00,23,-1.0518482742254758,-0.8242286545690064,-0.19271604957321561,-0.46274818791476857,0.9196063874374403
2025-04-24 08:00:00,23,0.3562898752643182,0.9461711922166948,0.24551951193696891,0.04864406065652105,-1.0518482742254758
2025-04-24 12:00:00,23,0.015525514460716039,0.5804844557564316,-0.06749616355670601,-0.12457852754306398,0.3562898752643182
2025-04-24 16:00:00,23,0.13387367793328586,0.6051911482971905,0.008252502594947728,-0.13212679086662948,0.015525514460716039
2025-04-24 20:00:00,23,0.04271877040152283,-0.7095020773991021,-0.01805516497745959,-0.19721408801813478,0.13387367793328586
2025-04-25 00:00:00,23,-0.5116303691528028,-0.8944754057966303,0.00220770125193453,-0.21798328884980567,0.04271877040152283
2025-04-25 04:00:00,23,0.03502035182519414,-0.6621442437697218,0.1254342258935726,0.030763428076711286,-0.5116303691528028
2025-04-25 08:00:00,23,0.7986719044483195,0.5187682816117799,0.003918986250338762,0.013737078455298146,0.03502035182519414
2025-04-25 12:00:00,23,-0.14327468758311745,-0.024407426153417892,-0.16583346784852215,-0.3745647623090358,0.7986719044483195
2025-04-25 16:00:00,23,-0.2198226013641289,0.2173807352532285,0.04355227238620915,-0.30490684068490115,-0.14327468758311745
2025-04-25 20:00:00,23,-0.2663217814473686,-0.6655165848918629,0.06056814327109107,-0.198032515601116,-0.2198226013641289
2025-04-26 00:00:00,23,-0.1905770626898704,0.2692731735099081,0.07090446735188596,-0.06855101337764413,-0.2663217814473686
2025-04-28 04:00:00,23,-0.00012940009889561566,-0.6229479256773858,0.05406713905739494,0.024104586296984643,-0.1905770626898704
2025-04-28 08:00:00,23,1.2042056141299398,0.669138557037899,0.011732440736988758,0.024167498609682703,-0.00012940009889561566
2025-04-28 12:00:00,23,-0.4825996472202174,-0.2958564656467623,-0.2559797422871782,-0.561298515683621,1.2042056141299398
2025-04-28 16:00:00,23,1.0991439175969067,-0.043534545412333245,0.11898097339196985,-0.32666608361219307,-0.4825996472202174
2025-04-28 20:00:00,23,-2.2633533738451383,-1.0131072308768039,-0.23262552954838242,-0.8610527373691079,1.0991439175969067
2025-04-29 00:00:00,23,0.22247001173620085,-0.19732718913811084,0.5148255365332645,0.2393544216523491,-2.2633533738451383
2025-04-29 04:00:00,23,1.2347144407295954,-0.4528355381381238,-0.03774928467844958,0.13119296687862736,0.22247001173620085
2025-04-29 08:00:00,23,-0.5756955601538234,0.016591643916541325,-0.26276156335357764,-0.4691059637376691,1.2347144407295954
2025-04-29 12:00:00,23,0.23895257966882077,0.10569914263706406,0.13967530660293456,-0.189211748750858,-0.5756955601538234
2025-04-29 16:00:00,23,0.16835607139147335,0.2819729431421067,-0.04141320226861555,-0.30538677134024095,0.23895257966882077
2025-04-29 20:00:00,23,-0.9716761206015825,-0.7328006261863519,-0.025720272044450154,-0.38723887113373134,0.16835607139147335
2025-04-30 00:00:00,23,-0.4350079136508338,-0.4300666123420076,0.22769800711412302,0.08517492501321478,-0.9716761206015825
2025-04-30 04:00:00,23,1.3020762564336987,-0.2643785946218499,0.10840178509532923,0.2966689974563259,-0.4350079136508338
2025-04-30 08:00:00,23,-0.15844566111632652,0.22361035881963023,-0.2777354522811236,-0.3363801988065349,1.3020762564336987
2025-04-30 12:00:00,23,-0.34457241514053116,-0.1055271320175182,0.04692463505539378,-0.25934638613587513,-0.15844566111632652
2025-04-30 16:00:00,23,1.1024897227058954,0.5327111075532504,0.08829883662747737,-0.09182064455103589,-0.34457241514053116
2025-04-30 20:00:00,23,-0.6818065524456927,-0.8120720565042491,-0.2333692701015659,-0.6278339766415986,1.1024897227058954
2025-05-01 00:00:00,23,-1.2266478156462846,-0.9767250490819661,0.16326276777752033,-0.29635024986305325,-0.6818065524456927
2025-05-01 04:00:00,23,0.3385545564630643,-0.286717130118372,0.28437578222099164,0.30002681327404357,-1.2266478156462846
2025-05-01 08:00:00,23,0.8745932460452703,0.8268855338918003,-0.06355377140102043,0.13542686085106848,0.3385545564630643
2025-05-01 12:00:00,23,-0.1996194687543582,0.15058771782213407,-0.18271005771505347,-0.2897867537357799,0.8745932460452703
2025-05-01 16:00:00,23,0.6267909115765029,0.43480217117760045,0.056077179651344684,-0.1927348770665276,-0.1996194687543582
2025-05-01 20:00:00,23,-1.1272902521491606,-0.9361971961453494,-0.12762596306087837,-0.4974708561136776,0.6267909115765029
2025-05-02 00:00:00,23,-0.036805258625669524,-0.27043079637943535,0.26228954383257325,0.05060010712819185,-1.1272902521491606
2025-05-02 04:00:00,23,0.0032988007297714006,-0.5769352408894712,0.019885134160732832,0.0684942506363786,-0.036805258625669524
2025-05-02 08:00:00,23,0.5796027069609657,0.6824351000115225,0.010970384401463733,0.06689042509982102,0.0032988007297714006
2025-05-02 12:00:00,23,0.3635959948204732,0.6735182280081745,-0.11713647540058172,-0.21490338381147822,0.5796027069609657
2025-05-02 16:00:00,23,0.9505676519559696,-0.1886176969728741,-0.06912024422587616,-0.39167809354770267,0.3635959948204732
2025-05-02 20:00:00,23,-1.4075405740579754,-1.4144214247650886,-0.19959844327224097,-0.8538292809999435,0.9505676519559696
2025-05-03 00:00:00,23,-0.34459935776585837,0.23890625081555447,0.3245865165063069,-0.16950497609688409,-1.4075405740579754
2025-05-05 04:00:00,24,0.22941555182183926,-0.3510076527064698,0.10236826777021026,0.20843541128383958,-0.34459935776585837
2025-05-05 08:00:00,24,-0.007388610989755406,0.5766862019424759,-0.06057555188882432,0.10664282182852336,0.22941555182183926
2025-05-05 12:00:00,24,0.22275057816086807,0.19247919922555856,0.006645306237311225,0.10992117780375121,-0.007388610989755406
2025-05-05 16:00:00,24,-0.49881782793964113,0.4274689740844768,-0.05868358663129195,0.011085863573301324,0.22275057816086807
2025-05-05 20:00:00,24,-0.56652039653064,-0.2811256742888111,0.1461457832534555,0.2324133105106574,-0.49881782793964113
2025-05-06 00:00:00,24,0.7164040124504272,-0.029415625895573158,0.16536429995517146,0.4837806554188617,-0.56652039653064
2025-05-06 04:00:00,24,-0.4715601977254753,-0.3331658388540306,-0.19881544527711997,0.1659093561786964,0.7164040124504272
2025-05-06 08:00:00,24,0.8999040121007855,0.8288514955040667,0.1384082448937988,0.375142484575389,-0.4715601977254753
2025-05-06 12:00:00,24,-0.5311278171258333,-0.06472980636950089,-0.25090501708273305,-0.024148491670654693,0.8999040121007855
2025-05-06 16:00:00,24,1.1053075450059122,0.6260827436585563,0.155317518975306,0.21151502550438916,-0.5311278171258333
2025-05-06 20:00:00,24,-0.8550862283102756,-0.7866067030418837,-0.3092122764657023,-0.27891431225047025,1.1053075450059122
2025-05-07 00:00:00,24,1.3456684199878453,-0.37204007555050417,0.2472785813926235,0.10049083572693362,-0.8550862283102756
2025-05-07 04:00:00,24,-0.9518648644464474,-1.1100865879215083,-0.37744276736754223,-0.4965875747427404,1.3456684199878453
2025-05-07 08:00:00,24,-0.3841056652749817,0.3836979751867378,0.2747508305799252,-0.07424136240407986,-0.9518648644464474
2025-05-07 12:00:00,24,-0.4554426497036257,0.16205351224507536,0.11358279989932296,0.09618784338560094,-0.3841056652749817
2025-05-07 16:00:00,24,1.033191501493718,0.930165602146894,0.13383300687410263,0.2982695518555021,-0.4554426497036257
2025-05-07 20:00:00,24,0.38048861580308646,-0.5110266226566557,-0.28874092042198135,-0.16016161161656317,1.033191501493718
2025-05-08 00:00:00,24,-1.059161448528629,-0.8436011974639667,-0.10346019073972032,-0.3289859182221724,0.38048861580308646
2025-05-08 04:00:00,24,0.8338217159757253,-0.25165651860195737,0.3052087768016973,0.14096821366118029,-1.059161448528629
2025-05-08 08:00:00,24,-0.6884133526908158,0.19903738765958334,-0.2321464420655947,-0.22900178592785547,0.8338217159757253
2025-05-08 12:00:00,24,0.37635352972004377,0.2820638978089262,0.19996567273229413,0.07644994665753391,-0.6884133526908158
2025-05-08 16:00:00,24,0.8056889408384205,0.5612280250793489,-0.10228637676775597,-0.09053960586679732,0.37635352972004377
2025-05-08 20:00:00,24,-1.054446345311307,-0.9858844553621691,-0.2241604790498016,-0.4480269816448095,0.8056889408384205
2025-05-09 00:00:00,24,-0.84985067489567,-0.36577794755872983,0.3038703151772965,0.019835040256334757,-1.054446345311307
2025-05-09 04:00:00,24,0.6543532185684082,0.11405400088873405,0.2457923811961556,0.39691715243659154,-0.84985067489567
2025-05-09 08:00:00,24,0.2844552182938873,0.6865100516788649,-0.181201280210791,0.1065780363324409,0.6543532185684082
2025-05-09 12:00:00,24,-0.624729434179681,-0.0573537000998695,-0.07619949011397703,-0.01963587124387889,0.2844552182938873
2025-05-09 16:00:00,24,0.7601156262917836,0.7927783712279077,0.18188791767796547,0.25755905433592474,-0.624729434179681
2025-05-09 20:00:00,24,-1.1506535225648946,-0.46815166215552484,-0.21122372458102745,-0.07970726118298899,0.7601156262917836
2025-05-10 00:00:00,24,1.207311661276382,0.634316186730843,0.33118034611634184,0.4308422665086713,-1.1506535225648946
2025-05-12 04:00:00,24,-1.0407628180432784,-0.6780413393707985,-0.3381678663788512,-0.10484670185020128,1.207311661276382
2025-05-12 08:00:00,24,3.1227132937740834,0.882356034757136,0.2999860150272139,0.35694388477799066,-1.0407628180432784
2025-05-12 12:00:00,24,-1.2324474469388846,-1.5047522554368158,-0.8818869457395294,-1.0286163781402617,3.1227132937740834
2025-05-12 16:00:00,24,-0.748827342006317,-0.18355798216365138,0.35439893197497957,-0.4817745620765965,-1.2324474469388846
2025-05-12 20:00:00,24,-0.8096869789114027,-0.7350809341416209,0.21711520319828612,-0.14951690302757115,-0.748827342006317
2025-05-13 00:00:00,24,-0.29838012385805435,-0.38673931661750666,0.23439123825371624,0.2097444180865704,-0.8096869789114027
2025-05-13 04:00:00,24,-0.6769999950473391,-0.04852501749881287,0.08924815818967444,0.34213686144235655,-0.29838012385805435
2025-05-13 08:00:00,24,1.0404874169126348,1.1957880094226172,0.1967257985434886,0.6425244420132774,-0.6769999950473391
2025-05-13 12:00:00,24,0.2609265117681634,0.2196260536474785,-0.2908119891458259,0.1808560519580924,1.0404874169126348
2025-05-13 16:00:00,24,0.27421658823852013,0.49171396824455105,-0.06952046967582903,0.06508192470515528,0.2609265117681634
2025-05-13 20:00:00,24,-1.2887940592899447,-0.5210475520596225,-0.07329308217677616,-0.05658906214266768,0.27421658823852013
2025-05-14 00:00:00,24,0.5842294059667541,0.2045279964501106,0.37039386884504,0.5152539691075928,-1.2887940592899447
2025-05-14 04:00:00,24,-0.6341930163272504,-0.048346676615033966,-0.16129545253364042,0.2560290665365548,0.5842294059667541
2025-05-14 08:00:00,24,1.5126702192224144,1.1454102666661021,0.18457431518615847,0.5374230210168589,-0.6341930163272504
2025-05-14 12:00:00,24,-0.22206947557526036,-0.135592658992931,-0.42484904654722006,-0.13375474955628786,1.5126702192224144
2025-05-14 16:00:00,24,-0.10233863748873517,0.3980431747801878,0.06758609279003713,-0.035221643242097755,-0.22206947557526036
2025-05-14 20:00:00,24,-0.2845882606313648,-0.31578137152678604,0.03359847371789665,0.01018641575207635,-0.10233863748873517
2025-05-15 00:00:00,24,-0.5671292913102821,-0.26821616521015246,0.08533310504935451,0.13645935474074644,-0.2845882606313648
2025-05-15 04:00:00,24,-0.8689100646882935,0.17202446816711064,0.1655371450146083,0.38809686867556437,-0.5671292913102821
2025-05-15 08:00:00,24,1.953613843804952,1.2871414510934747,0.2512027106515546,0.7736357076340301,-0.8689100646882935
2025-05-15 12:00:00,24,-0.32354812266139277,-0.24766871469922963,-0.550018336131328,-0.09319049650706557,1.953613843804952
2025-05-15 16:00:00,24,0.7017902959471574,0.29065181919153216,0.096392519406939,0.050369087651754185,-0.32354812266139277
2025-05-15 20:00:00,24,-1.532094713917262,-1.099500065881342,-0.19466709521393533,-0.2610180476656927,0.7017902959471574
2025-05-16 00:00:00,24,-0.9348220808102603,-0.39055611341709096,0.43945886581348864,0.41877844817759247,-1.532094713917262
2025-05-16 04:00:00,24,0.878622372418473,0.2628257930730926,0.2699129488160221,0.8335627098809208,-0.9348220808102603
2025-05-16 08:00:00,24,-0.02158637939869479,0.6799992264029366,-0.24486386449153286,0.4437144814953182,0.878622372418473
2025-05-16 12:00:00,24,0.14479451156523382,0.2104422204789837,0.01067558241402003,0.4532924435755197,-0.02158637939869479
2025-05-16 16:00:00,24,1.3255010128257236,0.6434845605619595,-0.03655444147405098,0.3890465450124223,0.14479451156523382
2025-05-16 20:00:00,24,-1.1588820954954002,-1.0055989276439785,-0.37171790848195085,-0.19908350698142208,1.3255010128257236
2025-05-17 00:00:00,24,1.2064979835690028,0.22216873158314143,0.3335161654151865,0.31511707112712006,-1.1588820954954002
2025-05-19 04:00:00,24,-1.1483689496016911,-1.0421841385013884,-0.33793689022928225,-0.22021086520860322,1.2064979835690028
2025-05-19 08:00:00,24,0.5247395376764459,0.5139653192590856,0.3305318315243053,0.2893249884061371,-1.1483689496016911
2025-05-19 12:00:00,24,-0.25287414855584345,-0.19397222497543593,-0.1444082494169159,0.056495976137814985,0.5247395376764459
2025-05-19 16:00:00,24,-0.03243013354549973,0.4377758450237293,0.07633051910190596,0.16869723792410163,-0.25287414855584345
2025-05-19 20:00:00,24,-0.35300212432978384,-0.5159697999939302,0.013753765037173557,0.1830866166901144,-0.03243013354549973
2025-05-20 00:00:00,24,0.42996344641975526,-0.39252535895199653,0.10475353487174371,0.3397150581074646,-0.35300212432978384
2025-05-20 04:00:00,24,-0.15975367907698157,-0.5815904603295745,-0.11750445639033599,0.14893857310182845,0.42996344641975526
2025-05-20 08:00:00,24,0.6848010770763775,0.3603364241568133,0.0498967022586692,0.21982191356903513,-0.15975367907698157
2025-05-20 12:00:00,24,-0.7791376122504747,-0.40173604570364874,-0.18984441871269842,-0.08402703801175448,0.6848010770763775
2025-05-20 16:00:00,24,0.8575538207579463,0.49780823831601895,0.225719284949452,0.2616794080560316,-0.7791376122504747
2025-05-20 20:00:00,24,-1.3599420638817161,-0.714878540257623,-0.23888320053157447,-0.11882062046880737,0.8575538207579463
2025-05-21 00:00:00,24,-0.4397246023579058,-0.1511410673025737,0.39059043070373606,0.48459106235917826,-1.3599420638817161
2025-05-21 04:00:00,24,1.4293585368445392,0.2135621208107245,0.12937117386364516,0.6796986109354011,-0.4397246023579058
2025-05-21 08:00:00,24,-0.041817852715336556,0.2820305887307014,-0.4011996194641814,0.04548656397504747,1.4293585368445392
2025-05-21 12:00:00,24,0.8162656950802525,-0.15042544941560676,0.01641862755880785,0.06404131093771603,-0.041817852715336556
2025-05-21 16:00:00,24,-0.7811049154892142,-0.09185214282257834,-0.22716286924380702,-0.29813901261022213,0.8162656950802525
2025-05-21 20:00:00,24,0.18908413647490896,-0.4366966717593786,0.22627773717568087,0.048440333700484395,-0.7811049154892142
2025-05-22 00:00:00,24,-0.7885708683632195,-0.6308332920818621,-0.049126798974715905,-0.035457046942875436,0.18908413647490896
2025-05-22 04:00:00,24,-0.08761206010759892,-0.07973273559457965,0.22839707390085162,0.31443497224358463,-0.7885708683632195
2025-05-22 08:00:00,24,1.001632874200336,0.8616877252134177,0.029418086189791727,0.3533087904962944,-0.08761206010759892
2025-05-22 12:00:00,24,-0.12620673688318362,-0.16270413682968649,-0.27978247145403884,-0.09111968498736811,1.001632874200336
2025-05-22 16:00:00,24,-0.02291203879378223,0.38850773334812944,0.04037383654971998,-0.03512125570903457,-0.12620673688318362
2025-05-22 20:00:00,24,-0.9465933438794298,-0.4621562126048244,0.01105189320629124,-0.02495509330200285,-0.02291203879378223
2025-05-23 00:00:00,24,-0.8427984740021532,-0.0784037233916086,0.2732544205002324,0.39505212447145777,-0.9465933438794298
2025-05-23 04:00:00,24,0.6230027578546924,0.4756256006752153,0.24379049495348315,0.7690051471692909,-0.8427984740021532
2025-05-23 08:00:00,24,1.309583982785508,0.9978993863630767,-0.17230192283968612,0.4925763547172375,0.6230027578546924
2025-05-23 12:00:00,24,1.1120404617099062,-0.14181907455985251,-0.36719959087545656,-0.08849124797286478,1.309583982785508
2025-05-23 16:00:00,24,-0.8903778574981693,-0.36437447187471783,-0.31112352850266234,-0.5819080075500196,1.1120404617099062
2025-05-23 20:00:00,24,-1.2576456004556658,-0.6786789163279252,0.257296705949695,-0.1868438238507384,-0.8903778574981693
2025-05-24 00:00:00,24,1.1831606434024575,0.46728388820485756,0.3615518531165719,0.37117851278181035,-1.2576456004556658
2025-05-26 04:00:00,24,-1.125371745997919,-0.747793036010892,-0.33131219236185144,-0.15379455324243096,1.1831606434024575
2025-05-26 08:00:00,24,0.43971468931523106,0.8432543006758955,0.3240036871606568,0.34553735000159946,-1.125371745997919
2025-05-26 12:00:00,24,-0.8775994841883925,0.16112868192234475,-0.12027251125663402,0.15043419988169404,0.43971468931523106
2025-05-26 16:00:00,24,-0.5597558326806045,1.125612296850146,0.25366934902682403,0.5398285687061808,-0.8775994841883925
2025-05-26 20:00:00,24,0.779589618053139,0.8300614483322171,0.16344406434170292,0.7881944498279827,-0.5597558326806045
2025-05-27 04:00:00,24,0.3829985336183803,-0.10051477361654303,-0.2167517458024327,0.44228744699437783,0.779589618053139
2025-05-27 08:00:00,24,1.1935865339557896,0.55592141278115,-0.10417267327113748,0.2723494799079953,0.3829985336183803
2025-05-27 12:00:00,24,-1.8732823358272306,-0.512284943715025,-0.33427175735176995,-0.2572495950697524,1.1935865339557896
2025-05-27 16:00:00,24,0.8193394700649375,0.9098219297650365,0.5363107304703231,0.5739332006495248,-1.8732823358272306
2025-05-27 20:00:00,24,-1.0526471332852072,-0.31745483349589726,-0.2280354121488976,0.21038903096034112,0.8193394700649375
2025-05-28 00:00:00,24,0.9215381288679065,0.21203735983989852,0.3033595784786282,0.6774527353557129,-1.0526471332852072
2025-05-28 04:00:00,24,0.4088462230839216,-0.3766237975903805,-0.25704622624316464,0.2685626157699259,0.9215381288679065
2025-05-28 08:00:00,24,0.48830551754847207,0.3356787281654786,-0.11150997615391639,0.0871559264402606,0.4088462230839216
2025-05-28 12:00:00,24,-1.1761720229026285,-0.3139002677820045,-0.13406583791152418,-0.12950716671908324,0.48830551754847207
2025-05-28 16:00:00,24,1.0149611039572601,0.6696379872767579,0.3384242031095119,0.3923650206953653,-1.1761720229026285
2025-05-28 20:00:00,24,-1.2813913815784659,-0.6326836792300874,-0.283565914409286,-0.05797724314762487,1.0149611039572601
2025-05-29 00:00:00,24,3.084183695563377,-0.16589062458904108,0.36829249384263885,0.5105811906672377,-1.2813913815784659
2025-05-29 04:00:00,24,-2.5484620934718905,-1.8719238200397552,-0.8709496690285641,-0.8578833368425167,3.084183695563377
2025-05-29 08:00:00,24,0.6457958879180659,0.5077070169575724,0.7279718995958855,0.27287939289900187,-2.5484620934718905
2025-05-29 12:00:00,24,1.018312366256735,-0.10685127571173732,-0.17877213748477075,-0.01366280168519829,0.6457958879180659
2025-05-29 16:00:00,24,-1.0646020812685357,-0.16016070989181225,-0.2845172267717959,-0.4654920338906141,1.018312366256735
2025-05-29 20:00:00,24,0.0072243337268780294,-0.48202283033258303,0.30675319222574815,0.006876128299195372,-1.0646020812685357
2025-05-30 00:00:00,24,-0.7719752800083235,-0.6669630182396731,0.002497175258788655,0.003670662796493751,0.0072243337268780294
2025-05-30 04:00:00,24,0.026711808551336702,-0.28317249327114835,0.2236861360647977,0.3461991536660456,-0.7719752800083235
2025-05-30 08:00:00,24,1.089775988612308,0.6794917962103213,-0.0030346733576303237,0.33434701836012337,0.026711808551336702
2025-05-30 12:00:00,24,-0.664401503306097,-0.41898845545998703,-0.3048033820593857,-0.1491909062755239,1.089775988612308
2025-05-30 16:00:00,24,0.6852515018370848,0.36130553960127276,0.19314950403968328,0.14560667358538115,-0.664401503306097
2025-05-30 20:00:00,24,-0.9483033385135489,-0.6728488713609078,-0.1899722793827834,-0.1584421332466448,0.6852515018370848
2025-05-31 00:00:00,24,0.374751766729819,0.250589142929923,0.273739831336477,0.26232381592222076,-0.9483033385135489
2025-06-02 04:00:00,25,-0.6540381069957544,-0.5021034070388948,-0.158296565030402,0.15583225338997853,0.374751766729819
2025-06-02 08:00:00,25,0.5917954900894902,0.7829543033524241,0.2897599557715299,0.49717866655101606,-0.6540381069957544
2025-06-02 12:00:00,25,-0.49939956664164775,0.0812668000998415,-0.2528230159938684,0.18831704869388233,0.5917954900894902
2025-06-02 16:00:00,25,1.1380848713129534,0.8833389550368675,0.2224120860631698,0.4489566796021309,-0.49939956664164775
2025-06-02 20:00:00,25,-1.27753433282545,-0.8129798047712663,-0.4907418814038097,-0.1450166447962884,1.1380848713129534
2025-06-03 00:00:00,25,-0.146475793828305,0.14298628975294345,0.5613037926745241,0.5217361904523115,-1.27753433282545
2025-06-03 04:00:00,25,-0.3220581014122814,0.0695485710060596,0.06870742606063715,0.5981827863056806,-0.146475793828305
2025-06-03 08:00:00,25,1.064222428483161,1.0665151775387718,0.14517668364144837,0.7662668422202534,-0.3220581014122814
2025-06-03 12:00:00,25,-0.1020433606900184,-0.14577405893181214,-0.4585734571245129,0.21084277001001883,1.064222428483161
2025-06-03 16:00:00,25,0.3871562079472515,0.3557689057145473,0.04935630110194064,0.26409981235336577,-0.1020433606900184
2025-06-03 20:00:00,25,-1.3917137400520332,-0.6524096437358382,-0.16369892261217714,0.06204066396083885,0.3871562079472515
2025-06-04 00:00:00,25,-0.3182198616881706,0.41433888647983214,0.611030981146848,0.7883844170730372,-1.3917137400520332
2025-06-04 04:00:00,25,1.1662911956821365,0.5173310014112944,0.1435050611063615,0.9544652726409266,-0.3182198616881706
2025-06-04 08:00:00,25,0.15003568212404872,0.5084592736682545,-0.5030262437252433,0.3457708982778458,1.1662911956821365
2025-06-04 12:00:00,25,0.3941087261891738,0.05401993195378452,-0.06042866254796408,0.2674663753587465,0.15003568212404872
2025-06-04 16:00:00,25,0.599399964501222,0.16756665234747273,-0.16672686953685562,0.06177866597117543,0.3941087261891738
2025-06-04 20:00:00,25,-1.9301013965149103,-0.7375316032898332,-0.25613490157368,-0.2510517727186503,0.599399964501222
2025-06-05 00:00:00,25,-0.14624373711868444,0.7229314756809889,0.8455085030959115,0.7562797293611672,-1.9301013965149103
2025-06-05 04:00:00,25,0.7565620693420101,0.6595296491657318,0.06860636118373978,0.8326052134251283,-0.14624373711868444
2025-06-05 08:00:00,25,0.38058814206928204,0.7972323045922539,-0.32458182907100064,0.4377509290320889,0.7565620693420101
2025-06-05 12:00:00,25,1.173256663904061,0.07364369017334597,-0.16083841161684256,0.23911969363861996,0.38058814206928204
2025-06-05 16:00:00,25,-0.011546321076393085,-0.10173023974810481,-0.5060598305994706,-0.37321000039178553,1.173256663904061
2025-06-05 20:00:00,25,-1.5244329768552962,-0.9997380098627955,0.009943210297188448,-0.3671839061283544,-0.011546321076393085
2025-06-06 00:00:00,25,-1.4583311099673413,-0.011294683710938534,0.6688325993433933,0.42842681316775444,-1.5244329768552962
2025-06-06 04:00:00,25,0.42273536822154867,0.8185123689138263,0.640044045672005,1.189538571433757,-1.4583311099673413
2025-06-06 08:00:00,25,0.9338963324844016,1.3724363367164956,-0.1791942877714655,0.9689104457706259,0.42273536822154867
2025-06-06 12:00:00,25,0.2912471271971597,1.3700999808221457,-0.40181409485411895,0.481504345196325,0.9338963324844016
2025-06-06 16:00:00,25,1.3242989597833947,0.3848514069782339,-0.12192879040959242,0.32950072163245725,0.2912471271971597
2025-06-06 20:00:00,25,-2.263213552747537,-1.1453189212535855,-0.5718414710627033,-0.3616588530769844,1.3242989597833947
2025-06-07 00:00:00,25,0.5491862031198274,1.0793932641714874,0.9905848472262515,0.8195258824675369,-2.263213552747537
2025-06-09 04:00:00,25,-0.29450621313161207,-0.12921307422086692,-0.23426590403052616,0.5329023071936598,0.5491862031198274
2025-06-09 08:00:00,25,0.370522855492899,1.0709229148586825,0.13317734002441237,0.6866068672656747,-0.29450621313161207
2025-06-09 12:00:00,25,0.22486009259738537,0.41115442304248595,-0.1564547980146236,0.493228765341855,0.370522855492899
2025-06-09 16:00:00,25,-0.27019117735587095,0.49182325435869506,-0.09301604106320177,0.37587293354828955,0.22486009259738537
2025-06-09 20:00:00,25,-1.1970011787501207,-0.1428180391456908,0.12258770397618748,0.5168873305255941,-0.27019117735587095
2025-06-10 00:00:00,25,0.9827636467340497,0.7062420984128019,0.5262301534934457,1.141609429353605,-1.1970011787501207
2025-06-10 04:00:00,25,0.5682078793258256,-0.2075528767528694,-0.42309669041888875,0.628699184201932,0.9827636467340497
2025-06-10 08:00:00,25,0.8077106844485691,0.38402051492636574,-0.2425501866409457,0.3321480819601641,0.5682078793258256
2025-06-10 12:00:00,25,-1.327611506525269,-0.703550259565732,-0.34685797225025894,-0.08940097161838345,0.8077106844485691
2025-06-10 16:00:00,25,0.3271599748115488,0.6570268875555865,0.5831133038221037,0.6034874411154378,-1.327611506525269
2025-06-10 20:00:00,25,-0.2981027498330757,-0.2601383054205709,-0.13756948241594216,0.4327406868555945,0.3271599748115488
2025-06-11 00:00:00,25,0.09360793907883114,0.15815720869079727,0.13474369653952725,0.5883223010162242,-0.2981027498330757
2025-06-11 04:00:00,25,-0.1401015510210879,-0.033478154109363646,-0.03585336406258094,0.5394677558357808,0.09360793907883114
2025-06-11 08:00:00,25,0.9175337356332758,0.8225803793295243,0.06593132850379992,0.6125875961139213,-0.1401015510210879
2025-06-11 12:00:00,25,1.0877660753387097,-0.23808849594172307,-0.39468788919868136,0.13372123303410266,0.9175337356332758
2025-06-11 16:00:00,25,-1.2212704903938771,-0.5215408193032038,-0.4688271394035634,-0.43399040976400993,1.0877660753387097
2025-06-11 20:00:00,25,-1.1679673497431953,-0.19647352296115494,0.536799875858598,0.20339798845982138,-1.2212704903938771
2025-06-12 00:00:00,25,0.4454572802864938,0.6603947929570223,0.5135853979970758,0.812967157686578,-1.1679673497431953
2025-06-12 04:00:00,25,0.026931556027527392,0.26647796919409367,-0.18909008974793637,0.5804803297543151,0.4454572802864938
2025-06-12 08:00:00,25,1.3246622674897015,0.9553023791088779,-0.006814598253739914,0.566424589037509,0.026931556027527392
2025-06-12 12:00:00,25,0.7799585112713743,-0.20648122855768242,-0.5719996981127801,-0.12492459814419554,1.3246622674897015
2025-06-12 16:00:00,25,-0.9867841978720104,-0.22973271711957244,-0.3347714009532095,-0.5319896259907066,0.7799585112713743
2025-06-12 20:00:00,25,-1.2799581776898385,-0.5016185991689652,0.434676871845519,-0.016981031071345853,-0.9867841978720104
2025-06-13 00:00:00,25,3.009021797583788,0.4517910357822033,0.5623594207718039,0.6510368233583508,-1.2799581776898385
2025-06-13 04:00:00,25,-2.046222700442847,-1.8377912881119736,-1.3055686125312012,-0.9193897110320526,3.009021797583788
2025-06-13 08:00:00,25,0.9382081891720748,0.3125035958495392,0.8960814225595547,0.14854619645382527,-2.046222700442847
2025-06-13 12:00:00,25,-1.020909073960441,-0.763969034554666,-0.40369198610773244,-0.3411102880027874,0.9382081891720748
2025-06-13 16:00:00,25,0.7014706980789498,0.3559326475673817,0.4495388700469688,0.19170828454288635,-1.020909073960441
2025-06-13 20:00:00,25,-0.670943879071439,-0.7272852377176464,-0.3005885445677759,-0.1743934825646578,0.7014706980789498
2025-06-14 00:00:00,25,0.3715582396733197,0.3586443092415184,0.2971227240210571,0.17577615450035022,-0.670943879071439
2025-06-16 04:00:00,25,-1.4117380359107852,-0.6917293064374634,-0.15690572647476939,-0.018142320640945897,0.3715582396733197
2025-06-16 08:00:00,25,1.59292723165745,1.1084465968017496,0.6197519226754523,0.7186522326529987,-1.4117380359107852
2025-06-16 12:00:00,25,-0.728538391120706,-0.3153587782511898,-0.6888339220566665,-0.1127060492832257,1.59292723165745
2025-06-16 16:00:00,25,-0.12804870289797599,0.642364287060279,0.3222061714238093,0.26752250926585663,-0.728538391120706
2025-06-16 20:00:00,25,-0.35440258247601975,-0.1512446081428228,0.06068209604757519,0.33435189577503,-0.12804870289797599
2025-06-17 00:00:00,25,-0.8751359015399576,0.08639611234013839,0.15926328774076934,0.5193167304677315,-0.35440258247601975
2025-06-17 04:00:00,25,0.40092930035615737,0.3735827214264185,0.38605202775870145,0.9760554094894642,-0.8751359015399576
2025-06-17 08:00:00,25,0.27881495290842295,1.1042359219629114,-0.16969735244029188,0.7668080015114045,0.40092930035615737
2025-06-17 12:00:00,25,0.7194651769829026,0.3897718097857309,-0.1165143545757299,0.6212928043188173,0.27881495290842295
2025-06-17 16:00:00,25,1.445410514998354,0.33461661420012423,-0.30842546425104594,0.24579961067990563,0.7194651769829026
2025-06-17 20:00:00,25,-1.452016610620353,-1.3506801077664854,-0.6245877348473727,-0.5085688115306048,1.445410514998354
2025-06-18 00:00:00,25,-0.558305278656384,-0.3619590899469091,0.6372939674682101,0.24924737163060318,-1.452016610620353
2025-06-18 04:00:00,25,-0.8973996516839975,-0.10342633208635178,0.2480665846685124,0.5406302471538895,-0.558305278656384
2025-06-18 08:00:00,25,0.8723253480000484,1.3517097067245214,0.3957482919661026,1.0089885109886376,-0.8973996516839975
2025-06-18 12:00:00,25,0.27208320339825853,0.24844752601254547,-0.37499882208077134,0.5537166767265349,0.8723253480000484
2025-06-18 16:00:00,25,1.5512515360350179,0.5152437593801139,-0.11358255641026804,0.411714820002973,0.27208320339825853
2025-06-18 20:00:00,25,0.1096377408882585,-1.0381651624206176,-0.6706834059411003,-0.39789266627693465,1.5512515360350179
2025-06-19 00:00:00,25,-1.6051941935255236,-1.0520045832923566,-0.04283463148297974,-0.4551132612223743,0.1096377408882585
2025-06-19 04:00:00,25,-0.20745346965852995,-0.03299880572993576,0.7040055638924646,0.3826472217312853,-1.6051941935255236
2025-06-19 08:00:00,25,0.4522522360370065,0.8699664598227671,0.09526430222830298,0.49091843254960477,-0.20745346965852995
2025-06-19 12:00:00,25,-0.7544100026201495,0.12550126941090767,-0.19204941536955492,0.2548852764321543,0.4522522360370065
2025-06-19 16:00:00,25,0.3955510246063607,0.9654685134754561,0.33347372423709837,0.6486163842877213,-0.7544100026201495
2025-06-19 20:00:00,25,1.7939365894132582,0.35909076311896543,-0.16735501647654377,0.442175930700464,0.3955510246063607
2025-06-20 04:00:00,25,-2.2986464790739305,-1.5553894587447743,-0.7763771179850534,-0.49409034137859464,1.7939365894132582
2025-06-20 08:00:00,25,-0.2343685495799832,0.9402445467726246,1.006016524867229,0.7055870510615163,-2.2986464790739305
2025-06-20 12:00:00,25,0.6134845471793078,0.43289641025995695,0.10698630433456507,0.8279054036179998,-0.2343685495799832
2025-06-20 16:00:00,25,0.7714302029402358,0.5879564496817578,-0.2622689910246553,0.5077241367017917,0.6134845471793078
2025-06-20 20:00:00,25,-0.9399230274612034,-0.4957177257664787,-0.33105716906119215,0.10511008415477363,0.7714302029402358
2025-06-21 00:00:00,25,1.907781080596985,0.7985471789765304,0.41426798805767817,0.5956615530058498,-0.9399230274612034
2025-06-23 04:00:00,25,-1.1128691856486324,-1.3470713096857425,-0.8259584444881302,-0.4000208422440883,1.907781080596985
2025-06-23 08:00:00,25,0.015214009062606948,0.23357110383349153,0.4895891550933776,0.18079226447764452,-1.1128691856486324
2025-06-23 12:00:00,25,0.12482694142896023,-0.2642215529354546,-0.0017113954914273989,0.17285198184308204,0.015214009062606948
2025-06-23 16:00:00,25,0.8762500881169935,0.09239971280278339,-0.04944980190974953,0.10770405197954691,0.12482694142896023
2025-06-23 20:00:00,25,-1.7952085102112463,-1.1986629809896692,-0.3767081170950021,-0.3496161277033778,0.8762500881169935
2025-06-24 00:00:00,25,1.1679936532971187,0.04359418975642794,0.7867602213896782,0.5873139674734089,-1.7952085102112463
2025-06-24 04:00:00,25,-1.4244019766851697,-0.8753271013533315,-0.5037676946816173,-0.022268929735996146,1.1679936532971187
2025-06-24 08:00:00,25,0.9864715433554121,0.9098472076923303,0.6252672969884444,0.7211350102490028,-1.4244019766851697
2025-06-24 12:00:00,25,0.003911115810105059,-0.1964196299472117,-0.42471154618495943,0.2062895915982077,0.9864715433554121
2025-06-24 16:00:00,25,1.109053776959044,0.44672486991069743,0.003211218110290968,0.2042483567848885,0.003911115810105059
2025-06-24 20:00:00,25,-2.7233867509356724,-1.0192727708216338,-0.4780983168980854,-0.3745734652440955,1.109053776959044
2025-06-25 00:00:00,25,0.32739268510948705,0.7801424566370674,1.1909985637802625,1.0467784241011175,-2.7233867509356724
2025-06-25 04:00:00,25,0.5587389860449363,0.5208279688131654,-0.13767083194232446,0.8759102169402011,0.32739268510948705
2025-06-25 08:00:00,25,0.49330276426033315,0.8115708097985679,-0.23842631306128434,0.5843009869279934,0.5587389860449363
2025-06-25 12:00:00,25,-0.07185901898917635,-0.024120910600600273,-0.2099276598221549,0.3268433137716764,0.49330276426033315
2025-06-25 16:00:00,25,-0.1685716664818777,0.5585096113449486,0.03621047660407674,0.36434696703417035,-0.07185901898917635
2025-06-25 20:00:00,25,-0.3536721279442947,0.21780650029478002,0.07833057659709275,0.4523255314307866,-0.1685716664818777
2025-06-26 00:00:00,25,0.5899019519714965,0.5495184538097234,0.15894516163509187,0.6369091375196598,-0.3536721279442947
2025-06-26 04:00:00,25,-0.23221824268960845,0.04051406649160723,-0.251998346036648,0.3290357685701162,0.5899019519714965
2025-06-26 08:00:00,25,1.2995871781560577,0.9227297702137303,0.10604980695199584,0.45023186305574203,-0.23221824268960845
2025-06-26 12:00:00,25,-0.7141985541450406,-0.4237425326579218,-0.561079045049833,-0.228030484518027,1.2995871781560577
2025-06-26 16:00:00,25,0.5043358801406033,0.39822517926036094,0.31596091412854027,0.14471402705489123,-0.7141985541450406
2025-06-26 20:00:00,25,-1.307272836200287,-0.8530845040378734,-0.21473278051897565,-0.11850189549307011,0.5043358801406033
2025-06-27 00:00:00,25,0.4240897418432663,0.06686532678498322,0.5742554465508727,0.5637716431384048,-1.307272836200287
2025-06-27 04:00:00,25,-0.11197395189418202,-0.3414178564935262,-0.17978414187900563,0.34243666175401,0.4240897418432663
2025-06-27 08:00:00,25,0.7420842156140868,0.5041665822936567,0.05368125244339475,0.40087653924389155,-0.11197395189418202
2025-06-27 12:00:00,25,0.0459952152650942,-0.4089738765575913,-0.31827646299413453,0.013578333598307957,0.7420842156140868
2025-06-27 16:00:00,25,-0.2442777904910418,-0.00416648304008779,-0.015117165230615352,-0.010426845282518471,0.0459952152650942
2025-06-27 20:00:00,25,-0.6826865297467783,-0.5340413507633158,0.11130195723880568,0.11706319957439693,-0.2442777904910418
2025-06-28 00:00:00,25,0.42349833250470503,0.5539223457231437,0.30223685990143073,0.4733613964987713,-0.6826865297467783
2025-06-30 04:00:00,26,0.0019994315346085756,-0.4015213970979109,-0.17880158042014746,0.03567672098106911,0.42349833250470503
2025-06-30 08:00:00,26,-0.05267150136553944,0.26986397652419325,-0.00157216068161045,0.03405548239025613,0.0019994315346085756
2025-06-30 12:00:00,26,-0.5386591995728303,0.10048921735338243,0.02141555694269989,0.07676415691687488,-0.05267150136553944
2025-06-30 16:00:00,26,1.1878385920898822,0.8837573330939413,0.22576085311099534,0.5135358425323719,-0.5386591995728303
2025-06-30 20:00:00,26,-1.7746673329325588,-0.8694465879516164,-0.5001869514787881,-0.44962280122172693,1.1878385920898822
2025-07-01 00:00:00,26,0.017940948448394778,0.4489273466125198,0.7454704033928313,0.9893657893869623,-1.7746673329325588
2025-07-01 04:00:00,26,0.2964352680707414,0.4828291330673658,-0.008275157500534173,0.9748183755461515,0.017940948448394778
2025-07-01 08:00:00,26,0.9373204273842664,0.950280363837354,-0.1253748380775159,0.7344539079684758,0.2964352680707414
2025-07-01 12:00:00,26,0.006250316356164021,-0.030868857758504807,-0.39485052269438786,-0.02557214070037439,0.9373204273842664
2025-07-01 16:00:00,26,-0.23091074522094246,0.35391316059044037,-0.003359548142326688,-0.030640208251575984,0.006250316356164021
2025-07-01 20:00:00,26,-0.4931414834281398,-0.24973812798954606,0.09636056318215813,0.15659371534401423,-0.23091074522094246
2025-07-02 00:00:00,26,-0.6216822229029546,0.23344429730552432,0.20662182712165056,0.5564573715010894,-0.4931414834281398
2025-07-02 04:00:00,26,0.7962271843137874,0.6612868425479212,0.26066989371791466,1.0605482561083601,-0.6216822229029546
2025-07-02 08:00:00,26,-0.5293785297758458,0.7021972732221022,-0.33552445199560943,0.41492763048569614,0.7962271843137874
2025-07-02 12:00:00,26,2.2449771481625707,0.6998448173842461,0.22185857075837487,0.844174087173359,-0.5293785297758458
2025-07-02 16:00:00,26,-0.9717103006278069,-0.7700406680781717,-0.9446864565659664,-0.9761651067897823,2.2449771481625707
2025-07-02 20:00:00,26,-1.1290299885217294,-0.6949007480532537,0.40784767511804276,-0.18825403746854974,-0.9717103006278069
2025-07-03 00:00:00,26,-1.4674290515953174,0.38741918815292525,0.473996547475045,0.7272196638775767,-1.1290299885217294
2025-07-03 04:00:00,26,0.3626647194527308,1.2825747938021763,0.6162846280621198,1.917084166135611,-1.4674290515953174
2025-07-03 08:00:00,26,1.6338608093889473,1.8059668240140545,-0.15322261469334242,1.6230175634408894,0.3626647194527308
2025-07-03 12:00:00,26,2.1162140817927995,0.3358793171863701,-0.6877277934133134,0.2982019094172852,1.6338608093889473
2025-07-03 16:00:00,26,-1.3282559847604958,-0.7610681615177531,-0.890544907242951,-1.417729782385038,2.1162140817927995
2025-07-03 20:00:00,26,-1.3232523028097916,-0.12059345610439584,0.5577659419597378,-0.3407137287229425,-1.3282559847604958
2025-07-04 04:00:00,26,-0.4787848105293975,0.30076767736923804,0.5556620227166781,0.7322450906031843,-1.3232523028097916
2025-07-04 08:00:00,26,0.23802772211116974,1.2642279974148556,0.2005852163467138,1.1204676419080872,-0.4787848105293975
2025-07-04 12:00:00,26,0.003348637343187022,0.84668874635721,-0.10081597100824871,0.9274629192705497,0.23802772211116974
2025-07-04 16:00:00,26,0.19762183211679485,1.3566512580264918,-0.002139466935581409,0.9247476774663461,0.003348637343187022
2025-07-04 20:00:00,26,-0.034393287728534006,1.0048969870954196,-0.08382633610946098,0.7645060612523729,0.19762183211679485
2025-07-07 04:00:00,26,-0.5276457315372589,0.3135361435970198,0.013730039402113677,0.7923938505391117,-0.034393287728534006
2025-07-07 08:00:00,26,1.0522484606076574,1.3095457252112284,0.22112997377830707,1.2202352681814936,-0.5276457315372589
2025-07-07 12:00:00,26,-0.8248045052263997,0.30256611003046563,-0.4431747973081382,0.36701985073315946,1.0522484606076574
2025-07-07 16:00:00,26,1.9265473208087158,1.250567445447312,0.34607757603760225,1.0358123903141756,-0.8248045052263997
2025-07-07 20:00:00,26,-0.5449128774880077,-0.8485803338566122,-0.8107949247031822,-0.5263280528360408,1.9265473208087158
2025-07-08 00:00:00,26,0.07357550200984164,-0.47276555113308855,0.22839036342665145,-0.08448557395000478,-0.5449128774880077
2025-07-08 04:00:00,26,-1.0794644868440404,-0.5938088104131315,-0.03166805276648722,-0.1441442524954173,0.07357550200984164
2025-07-08 08:00:00,26,0.4222515659926742,0.871650267050738,0.4531555320390177,0.7311392734423805,-1.0794644868440404
2025-07-08 12:00:00,26,0.07310502408134134,0.23548523887894643,-0.17827734724903335,0.3887566902085684,0.4222515659926742
2025-07-08 16:00:00,26,0.8882885509153997,0.6268994622565622,-0.031470228928569766,0.32947949858111514,0.07310502408134134
2025-07-08 20:00:00,26,-1.2057818728359067,-0.9173232836654899,-0.37423388289943527,-0.3907890645548022,0.8882885509153997
2025-07-09 00:00:00,26,-1.325233583168746,0.1429594334277572,0.5062687358236594,0.5869188841830955,-1.2057818728359067
2025-07-09 04:00:00,26,1.464577344076984,1.022345372419399,0.5564951000213845,1.6614842242235124,-1.325233583168746
2025-07-09 08:00:00,26,0.2801219133213486,0.6208262166054166,-0.6165484611315039,0.47393202833776904,1.464577344076984
2025-07-09 12:00:00,26,0.5508711041072232,0.18152067927735832,-0.1185154930363555,0.24679524063187053,0.2801219133213486
2025-07-09 16:00:00,26,-0.4968120248676833,0.12880783348900854,-0.23235854664152567,-0.19987846491068417,0.5508711041072232
2025-07-09 20:00:00,26,-0.5033878476002673,-0.12458785865193786,0.2081651951540685,0.20296144891161383,-0.4968120248676833
2025-07-10 00:00:00,26,-0.06953773325575341,0.2429343997377156,0.21093015905911566,0.6111333670540748,-0.5033878476002673
2025-07-10 04:00:00,26,-1.5526291779410109,0.3385479865945455,0.028507372565939913,0.6675180217524126,-0.06953773325575341
2025-07-10 08:00:00,26,1.2597201019190614,2.1116146570032015,0.6521090843516715,1.9264670264716912,-1.5526291779410109
2025-07-10 12:00:00,26,0.046321348750435476,0.9291104977602498,-0.530411272936412,0.9050232773344931,1.2597201019190614
2025-07-10 16:00:00,26,1.4198857945126768,1.3263581741830734,-0.02020838405439159,0.867463622566218,0.046321348750435476
2025-07-10 20:00:00,26,-2.123235490406344,-0.7819139363545775,-0.5977568168869554,-0.28385044083900546,1.4198857945126768
2025-07-11 00:00:00,26,1.6149062635997549,0.8729839609857815,0.8920343259706336,1.4377745584905348,-2.123235490406344
2025-07-11 04:00:00,26,-0.2163840994627826,-0.42077910116534323,-0.6797578956415884,0.12832819347375946,1.6149062635997549
2025-07-11 08:00:00,26,0.08290706352796029,0.36156339703850304,0.09025248320249384,0.3037831897639922,-0.2163840994627826
2025-07-11 12:00:00,26,-0.25068548618384945,-0.06494414440316884,-0.03559173377562932,0.2365580167506014,0.08290706352796029
2025-07-11 16:00:00,26,0.5621393742694867,0.6452243520124018,0.10467533187614467,0.4398262844172258,-0.25068548618384945
2025-07-11 20:00:00,26,-1.243213047775921,-0.5288135727684382,-0.23709656369855403,-0.015984295343098864,0.5621393742694867
2025-07-12 00:00:00,26,1.5887080852866031,1.0327970815219956,0.5220075797434945,0.9920747128143415,-1.243213047775921
2025-07-14 04:00:00,26,-1.0514976835770273,-0.7058690301742425,-0.6687422371666544,-0.29612886546275696,1.5887080852866031
2025-07-14 08:00:00,26,0.3713552246944225,0.571921127327738,0.44139621237401533,0.5564777846064075,-1.0514976835770273
2025-07-14 12:00:00,26,-0.7086744376623528,0.02082926180794932,-0.1568767480675336,0.25536448777507026,0.3713552246944225
2025-07-14 16:00:00,26,1.1052044941872623,1.035800550592448,0.29724787697740634,0.8299929893134532,-0.7086744376623528
2025-07-14 20:00:00,26,-1.5173523057136826,-0.5030966385029761,-0.46544144398590426,-0.06616181554053213,1.1052044941872623
2025-07-15 00:00:00,26,0.057258129203475505,0.6701180507008253,0.6372760691749998,1.1641829456084327,-1.5173523057136826
2025-07-15 04:00:00,26,-0.7674096317166246,0.6465459212297486,-0.02480701823597294,1.1177552049753476,0.057258129203475505
2025-07-15 08:00:00,26,1.3781124746147064,1.8268284883424841,0.32194451162226745,1.7400091248345948,-0.7674096317166246
2025-07-15 12:00:00,26,0.2800353158862823,0.4931553086138479,-0.5801922129721404,0.6225669480694958,1.3781124746147064
2025-07-15 16:00:00,26,0.7562180505800296,0.6759021816939401,-0.11847908104777777,0.3955003778735069,0.2800353158862823
2025-07-15 20:00:00,26,-2.2789491228760177,-0.7410798319028506,-0.3187016428742673,-0.21767885104644158,0.7562180505800296
2025-07-16 00:00:00,26,0.26756810890794114,1.0821388067606676,0.9575078934330027,1.630206510643987,-2.2789491228760177
2025-07-16 04:00:00,26,0.15450685220960736,0.7770566949582041,-0.11323694197352097,1.4132489723018402,0.26756810890794114
2025-07-16 08:00:00,26,0.5618494067470259,1.3065827692026226,-0.06569759875474215,1.2879671274317417,0.15450685220960736
2025-07-16 12:00:00,26,1.2325892207620601,0.6136120928757932,-0.23697463983201375,0.8323916677689844,0.5618494067470259
2025-07-16 16:00:00,26,2.8503319929361997,0.08801914197001613,-0.5190034369648737,-0.1670530127463934,1.2325892207620601
2025-07-16 20:00:00,26,-3.190658923590158,-2.7233867509356724,-1.1992225600486037,-2.4782440405907025,2.8503319929361997
2025-07-17 00:00:00,26,-0.9367228987160647,-0.8033310996180246,1.3408583566930905,0.10890099914082008,-3.190658923590158
2025-07-17 04:00:00,26,-0.09374579512479286,0.2763350043215885,0.3931363747452407,0.8684425418292268,-0.9367228987160647
2025-07-17 08:00:00,26,1.9037907873372628,1.0491763040087365,0.03868623839019232,0.9444562978153712,-0.09374579512479286
2025-07-17 12:00:00,26,-0.9460215484407613,-0.5316184995011088,-0.8012263891432464,-0.5992320155077238,1.9037907873372628
2025-07-17 16:00:00,26,0.07684652044276419,0.6511640102135445,0.3970462171938614,0.16784933512868605,-0.9460215484407613
2025-07-17 20:00:00,26,-0.9926149114366485,-0.5026253276591615,-0.033043431676104004,0.10553835205424988,0.07684652044276419
2025-07-18 00:00:00,26,0.20374156760705375,0.32332908399611765,0.4166375249491667,0.91039992014605,-0.9926149114366485
2025-07-18 04:00:00,26,-1.0201621468819475,0.1572870784980418,-0.08639952708907131,0.7451961178453619,0.20374156760705375
2025-07-18 08:00:00,26,1.1398942762669364,1.4734911056471125,0.4282204271634659,1.5723943553359803,-1.0201621468819475
2025-07-18 12:00:00,26,0.6938461274642833,0.47183899916801736,-0.48002760289328683,0.6481113488201871,1.1398942762669364
2025-07-18 16:00:00,26,0.17315898773379956,0.3828714199060264,-0.29247585743013255,0.08550637912749792,0.6938461274642833
2025-07-18 20:00:00,26,-1.505523988486388,-0.4229163391489725,-0.07354034080751838,-0.05489954545699227,0.17315898773379956
2025-07-19 00:00:00,26,0.6860943077245523,1.319044180835937,0.6323025667676341,1.1658542274428942,-1.505523988486388
2025-07-21 04:00:00,26,-1.3375528107931238,0.09885466071425955,-0.28921641710602186,0.6095348189677523,0.6860943077245523
2025-07-21 08:00:00,26,1.164154341286686,1.7427652938977913,0.5616750175928666,1.6940892018375653,-1.3375528107931238
2025-07-21 12:00:00,26,0.5973803694611277,0.5826070066756531,-0.49022833470154,0.7501349272914091,1.164154341286686
2025-07-21 16:00:00,26,0.34711643292279604,0.5981173539563543,-0.2519144935067891,0.2657491948467392,0.5973803694611277
2025-07-21 20:00:00,26,-0.5784888741417866,-0.4844266926156469,-0.14668496111159715,-0.015710083362487026,0.34711643292279604
2025-07-22 00:00:00,26,-0.37217722340409054,0.09932980235398284,0.2425082042807952,0.45335748453404356,-0.5784888741417866
2025-07-22 04:00:00,26,-0.14605793250051136,0.3277658869754892,0.15575947477904098,0.755137298826293,-0.37217722340409054
2025-07-22 08:00:00,26,0.08869287365202183,1.0308757569194453,0.06068214331673679,0.8735683391322091,-0.14605793250051136
2025-07-22 12:00:00,26,0.24624372068779365,0.7069070792677986,-0.03802451774883718,0.8016517433369525,0.08869287365202183
2025-07-22 16:00:00,26,0.901935873500328,0.8439341780231677,-0.10427058656467458,0.6019850801808584,0.24624372068779365
2025-07-22 20:00:00,26,-1.7514384914552323,-0.6033608259512631,-0.3799722301576244,-0.129349411271674,0.901935873500328
2025-07-23 00:00:00,26,1.5670901618882134,0.6841342095664809,0.7357032744946301,1.2908040786741246,-1.7514384914552323
2025-07-23 04:00:00,26,-1.1667612797828468,-0.4034522004993409,-0.6596524577840017,0.020129388513499435,1.5670901618882134
2025-07-23 08:00:00,26,0.5418129923095805,1.0774318308718165,0.48986158256956824,0.966197498527734,-1.1667612797828468
2025-07-23 12:00:00,26,-0.2165708376095452,0.47350101496080627,-0.22854984418909172,0.5268685608114563,0.5418129923095805
2025-07-23 16:00:00,26,1.4623338088458162,0.9787326449233453,0.0903310017782662,0.702474973684188,-0.2165708376095452
2025-07-23 20:00:00,26,-1.855872059599804,-0.8249788267871322,-0.6156051124151307,-0.48325805218565066,1.4623338088458162
2025-07-24 00:00:00,26,0.2738679826628676,0.6745590312051136,0.7796148971367981,1.0215753719922525,-1.855872059599804
2025-07-24 04:00:00,26,-0.2241668328386126,0.43551005821454297,-0.11588587644865704,0.7995095824937408,0.2738679826628676
2025-07-24 08:00:00,26,0.6872562342791113,1.2573897852744569,0.09352492191349289,0.9812752063161003,-0.2241668328386126
2025-07-24 12:00:00,26,0.8739008761611515,0.48315367194165443,-0.28970497726257116,0.42401364996675817,0.6872562342791113
2025-07-24 16:00:00,26,0.8037955902935661,0.23294780873336987,-0.36818423664362426,-0.2845886704697236,0.8739008761611515
2025-07-24 20:00:00,26,-1.733649399738212,-1.4756717716511965,-0.338706771562884,-0.9363461363057013,0.8037955902935661
2025-07-25 00:00:00,26,-0.17956825668061605,-0.041591881049495794,0.7282234201096557,0.46938307279429736,-1.733649399738212
2025-07-25 04:00:00,26,-0.7520410865581191,0.2091117845941744,0.07477237058902941,0.6149859516008345,-0.17956825668061605
2025-07-25 08:00:00,26,1.5228599478131528,1.3842684033010562,0.3154824346526749,1.224778290223444,-0.7520410865581191
2025-07-25 12:00:00,26,-0.6017306998399476,-0.06302559359292251,-0.6410547932173973,-0.010032341229898378,1.5228599478131528
2025-07-25 16:00:00,26,1.1293211639477558,0.7621741031798668,0.25228079270906617,0.47788085558194204,-0.6017306998399476
2025-07-25 20:00:00,26,-1.761384312735439,-0.9313753800728402,-0.4755818817850088,-0.4378289452900752,1.1293211639477558
2025-07-26 00:00:00,26,0.6842665715744527,1.0709693961811544,0.7398852358953771,0.9903891115076977,-1.761384312735439
2025-07-28 04:00:00,27,-0.3867947416704087,-0.7201212384325666,-0.26491439618191154,0.16336962801151778,0.6842665715744527
2025-07-28 08:00:00,27,1.7250770529795645,0.4026045664166838,0.15302801924569082,0.45913060553844964,-0.3867947416704087
2025-07-28 12:00:00,27,-1.164667989160952,-0.8571516828642382,-0.6710525333936421,-0.8599423303942473,1.7250770529795645
2025-07-28 16:00:00,27,0.47126447509237934,0.44812772357915026,0.45656453945458225,0.03061616448335336,-1.164667989160952
2025-07-28 20:00:00,27,-1.7445653002165873,-0.8884631514840017,-0.18179813608176823,-0.3297342405534529,0.47126447509237934
2025-07-29 00:00:00,27,0.8253612836873003,0.5181815900443437,0.68284820770538,1.004240301921815,-1.7445653002165873
2025-07-29 04:00:00,27,0.3772513454964148,-0.2155730733822484,-0.31997143545247697,0.37313125679356673,0.8253612836873003
2025-07-29 08:00:00,27,1.6741940709366983,0.2129707021538927,-0.14511295851130093,0.08466759713904892,0.3772513454964148
2025-07-29 12:00:00,27,-0.781599647195053,-1.1042840062591937,-0.6511973148770407,-1.1954978799086273,1.6741940709366983
2025-07-29 16:00:00,27,0.45434841856961583,-0.12484690245508344,0.3070861611999911,-0.5978509866473605,-0.781599647195053
2025-07-29 20:00:00,27,-1.7307556217281501,-1.378892454248046,-0.17519726511835462,-0.9452665999869811,0.45434841856961583
2025-07-30 00:00:00,27,-0.6732329275799174,0.020701299423660103,0.6774594868988648,0.37814842973112306,-1.7307556217281501
2025-07-30 04:00:00,27,0.6511119482932237,0.3100222633579065,0.2648000212863919,0.8929331651813861,-0.6732329275799174
2025-07-30 08:00:00,27,-0.11181818977427227,0.5556429379609706,-0.2519770198007508,0.39506314379737617,0.6511119482932237
2025-07-30 12:00:00,27,1.4615316473021416,0.4811670891368008,0.04572849972775338,0.4805644537947895,-0.11181818977427227
2025-07-30 16:00:00,27,-1.4355951254399884,-0.1523527631936156,-0.5682135996541988,-0.636989592637839,1.4615316473021416
2025-07-30 20:00:00,27,2.524378581618592,-0.030731584192413047,0.5622839229680237,0.4607322010954089,-1.4355951254399884
2025-07-31 00:00:00,27,-1.667944916331681,-1.6495905508970155,-0.9829506548207935,-1.4695232975270613,2.524378581618592
2025-07-31 04:00:00,27,0.07252114345721772,-0.6477953932036264,0.6529499115799864,-0.1941362103476525,-1.667944916331681
2025-07-31 08:00:00,27,0.557870481209811,0.031124451404141742,-0.02620316770935563,-0.24958919863712126,0.07252114345721772
2025-07-31 12:00:00,27,-0.3798619971509787,-0.5248259611084608,-0.21559295523885044,-0.6761625231437627,0.557870481209811
2025-07-31 16:00:00,27,0.1286905202077957,0.20131217680093633,0.1503227698317101,-0.38570263964710705,-0.3798619971509787
2025-07-31 20:00:00,27,-0.40636546910937277,-1.007181729929084,-0.0481212079764236,-0.48410530637089444,0.1286905202077957
2025-08-01 00:00:00,27,-1.4778049552668886,-0.5119071486284835,0.16066477822145447,-0.1733796541607866,-0.40636546910937277
2025-08-01 04:00:00,27,1.5030520954312507,0.34966750891663767,0.5787547617654751,0.9566177089789534,-1.4778049552668886
2025-08-01 08:00:00,27,-0.26633951675807843,-0.009749129673533951,-0.5844154325148626,-0.19268477403528017,1.5030520954312507
2025-08-01 12:00:00,27,4.021984910567694,0.011637241023682802,0.10602478327013734,0.010970620787906782,-0.26633951675807843
2025-08-01 16:00:00,27,-2.8068493896771525,-3.190658923590158,-1.5673366266979782,-3.064423278340362,4.021984910567694
2025-08-01 20:00:00,27,0.8450960409671655,-2.2013622538372783,1.0973656332992596,-0.9181776606344982,-2.8068493896771525
2025-08-02 00:00:00,27,-1.3509332477279727,-1.717919427546207,-0.3276722010607841,-1.5643768051760514,0.8450960409671655
2025-08-04 04:00:00,27,-0.9020550939402447,-1.2247970314300167,0.5292477286549285,-0.5313913612784695,-1.3509332477279727
2025-08-04 08:00:00,27,0.9242173012998354,0.3048196218656352,0.354089483737687,0.15836128431010899,-0.9020550939402447
2025-08-04 12:00:00,27,0.4575989523557631,-0.410792668281701,-0.35854637254488875,-0.5483376002178098,0.9242173012998354
2025-08-04 16:00:00,27,-0.7292715385307691,-0.28122384788562027,-0.1764656667730607,-0.8982387205886866,0.4575989523557631
2025-08-04 20:00:00,27,-0.9186512982294381,-0.7483603626269701,0.28666703499361956,-0.34060429622461186,-0.7292715385307691
2025-08-05 00:00:00,27,1.011777166443963,0.11504218984871752,0.36056554409182445,0.36183856739177855,-0.9186512982294381
2025-08-05 04:00:00,27,-1.7687566372395267,-0.7595340448748056,-0.39271340022137585,-0.41181260091154925,1.011777166443963
2025-08-05 08:00:00,27,1.3245946743208563,1.1680889751074532,0.692287990192864,0.9406597459927255,-1.7687566372395267
2025-08-05 12:00:00,27,0.4781768336434098,0.07999479321789589,-0.514778965668816,-0.07218601817727688,1.3245946743208563
2025-08-05 16:00:00,27,-0.2723866954686347,0.22344180635473276,-0.1844954306188727,-0.43782192919909235,0.4781768336434098
2025-08-05 20:00:00,27,-2.1190239370093327,-0.5829241093205844,0.10838447308953282,-0.2295425845285255,-0.2723866954686347
2025-08-06 00:00:00,27,0.24458643593008134,1.0746547916376274,0.8289669641234902,1.3907601845998236,-2.1190239370093327
2025-08-06 04:00:00,27,0.43519125137953196,0.719924800968838,-0.09334534067188979,1.2037381918289132,0.24458643593008134
2025-08-06 08:00:00,27,1.7311013237282147,1.0858685856549093,-0.16772188286977216,0.8709710260620724,0.43519125137953196
2025-08-06 12:00:00,27,0.2549132388205013,-0.3107310161518244,-0.6734032842206447,-0.4527083432409764,1.7311013237282147
2025-08-06 16:00:00,27,-0.17038562970365234,-0.055188682483510144,-0.09737499694860768,-0.6476266825454715,0.2549132388205013
2025-08-06 20:00:00,27,-0.5731454350148155,-0.8595352972392619,0.06858229624416261,-0.5173420251582872,-0.17038562970365234
2025-08-07 00:00:00,27,-1.0974230540105427,-0.2404426441518138,0.22574454623611562,-0.07908877126704184,-0.5731454350148155
2025-08-07 04:00:00,27,0.4838484892488175,0.3626865536754282,0.4303246685204994,0.7600511658816451,-1.0974230540105427
2025-08-07 08:00:00,27,0.5256081633559635,0.7288126487463038,-0.1867085863120946,0.39007844718036644,0.4838484892488175
2025-08-07 12:00:00,27,0.5003295384376578,0.1611028773518846,-0.2030037683413423,-0.011825631243633339,0.5256081633559635
2025-08-07 16:00:00,27,-0.07527475757648716,0.24531903991573997,-0.1931397116095782,-0.39440051510804075,0.5003295384376578
2025-08-07 20:00:00,27,0.7617021840239495,-0.7630566505356272,0.03146876489101816,-0.33684198732718684,-0.07527475757648716
2025-08-08 00:00:00,27,-1.1493771271654474,-1.172741965293046,-0.2951308053706725,-0.9192743687975806,0.7617021840239495
2025-08-08 04:00:00,27,-1.7956555108901835,-0.5406116024450198,0.4505978410804153,-0.0404079674357547,-1.1493771271654474
2025-08-08 08:00:00,27,1.8482704235510603,1.44663689570708,0.7027842895987106,1.3326324904281854,-1.7956555108901835
2025-08-08 12:00:00,27,0.13597001228554895,0.03275797205258644,-0.7191242303400407,-0.08063973980647354,1.8482704235510603
2025-08-08 16:00:00,27,-1.008454083484489,0.37539281015227166,-0.05096176291425912,-0.18460863962722307,0.13597001228554895
2025-08-08 20:00:00,27,0.4545775801303886,0.07675848606332224,0.39560778912251743,0.5865015472236355,-1.008454083484489
2025-08-09 00:00:00,27,-0.5856728417317019,0.4796992928938163,-0.17528668701703415,0.23891070645736256,0.4545775801303886
2025-08-11 04:00:00,27,-0.4644083928415377,-0.01230129513265652,0.23063290748822488,0.686742989371762,-0.5856728417317019
2025-08-11 08:00:00,27,0.534312585046635,0.9768167079381421,0.1833139015191748,1.0418509198605506,-0.4644083928415377
2025-08-11 12:00:00,27,0.6326769342921335,0.5441937179022472,-0.206400349826746,0.6332910418852897,0.534312585046635
2025-08-11 16:00:00,27,0.6562469491374063,0.6295799460688002,-0.24478343136208788,0.1495172766658257,0.6326769342921335
2025-08-11 20:00:00,27,-0.9790658792826044,-0.8135502825291302,-0.2539807656456442,-0.35227920158447645,0.6562469491374063
2025-08-12 00:00:00,27,-0.5079865844259572,0.1012069244333932,0.384140119720843,0.3963594181375907,-0.9790658792826044
2025-08-12 04:00:00,27,0.23917888318154112,0.2875668851661605,0.2003186933322419,0.7847892301137094,-0.5079865844259572
2025-08-12 08:00:00,27,0.4163667409677956,0.8090694912357159,-0.09123524143729968,0.6019020998800446,0.23917888318154112
2025-08-12 12:00:00,27,2.359717426333372,0.3582202577665037,-0.16037630773468697,0.2835290170751321,0.4163667409677956
2025-08-12 16:00:00,27,0.04714683366751338,-1.0393243034867001,-0.9186976749810939,-1.5208190195235414,2.359717426333372
2025-08-12 20:00:00,27,-3.0098900833408333,-2.088571967510391,-0.016301773464063883,-1.5568696482176758,0.04714683366751338
2025-08-13 00:00:00,27,-0.31476271621937,0.2819986300492146,1.1765948211062647,0.7446301846214602,-3.0098900833408333
2025-08-13 04:00:00,27,0.7825600034778937,0.3928079077274626,0.12492016180292356,0.9853121758916519,-0.31476271621937
2025-08-13 08:00:00,27,0.6256253412198411,0.5780023673777791,-0.30326980482414384,0.386930950225139,0.7825600034778937
2025-08-13 12:00:00,27,-0.22331925163297228,-0.024410558136777914,-0.24203180565700314,-0.09145084391639102,0.6256253412198411
2025-08-13 16:00:00,27,0.061466930428634825,0.6003022609251779,0.08923770180581765,0.07930928554739403,-0.22331925163297228
2025-08-13 20:00:00,27,-1.210378963504505,-0.4434383186435156,-0.021889666291009663,0.03230885490388857,0.061466930428634825
2025-08-14 00:00:00,27,-1.4323113669801266,0.612639276739469,0.47440157155764184,0.957820054663598,-1.210378963504505
2025-08-14 04:00:00,27,0.9885880941033491,1.4222213995619692,0.5610025566023228,2.0530309362581303,-1.4323113669801266
2025-08-14 08:00:00,27,2.362972438339055,1.4693827238585904,-0.3836647147859923,1.2971111948966065,0.9885880941033491
2025-08-14 12:00:00,27,-0.29130613131576055,-0.3321703555639156,-0.9199678240968149,-0.5097257729851172,2.362972438339055
2025-08-14 16:00:00,27,0.27021059949144544,0.36669823997132917,0.11576708939608187,-0.2869797610164415,-0.29130613131576055
2025-08-14 20:00:00,27,-0.9844406814200806,-0.9340262985691911,-0.10334423119264201,-0.49359516302163975,0.27021059949144544
2025-08-15 00:00:00,27,-1.1869892433344873,-0.04199570885764539,0.3862374392300098,0.2591532766202338,-0.9844406814200806
2025-08-15 04:00:00,27,0.35587381352750924,0.6114083370122371,0.46527459066201304,1.1667796249166305,-1.1869892433344873
2025-08-15 08:00:00,27,0.6032317813010835,1.0593140250714546,-0.13677116030005082,0.8946622054538285,0.35587381352750924
2025-08-15 12:00:00,27,0.30163523110406487,0.4768789121660158,-0.2332935397830226,0.4334035530160243,0.6032317813010835
2025-08-15 16:00:00,27,0.22156619189226134,0.7343116610339576,-0.11560654174170969,0.20275943820042386,0.30163523110406487
2025-08-15 20:00:00,27,-1.1440008598254856,-0.41740241997051225,-0.08436253429290538,0.033339778517424534,0.22156619189226134
2025-08-16 00:00:00,27,0.5479433298947924,1.0711267883010207,0.44849994982968866,0.908095239598504,-1.1440008598254856
2025-08-18 04:00:00,27,-0.5131763938406557,0.0008274804563584118,-0.2117192483393411,0.48911266972391587,0.5479433298947924
2025-08-18 08:00:00,27,1.8187033460444102,1.062868453199928,0.20234382621265254,0.8815108477099773,-0.5131763938406557
2025-08-18 12:00:00,27,-0.8480458756477738,-0.3736599213126879,-0.7075867621881691,-0.5091530406733522,1.8187033460444102
2025-08-18 16:00:00,27,-0.45463082721162884,0.655621261766967,0.3330143661236205,0.13930168258912978,-0.8480458756477738
2025-08-18 20:00:00,27,-0.2465047319601581,-0.04890428383506904,0.17949856494989308,0.48693323851282777,-0.45463082721162884
2025-08-19 00:00:00,27,0.6691128115427176,0.3223643159600788,0.09828498558963393,0.6754220483004101,-0.2465047319601581
2025-08-19 04:00:00,27,0.16926258712213382,-0.34498877616072526,-0.2590011968233369,0.16378774230382476,0.6691128115427176
2025-08-19 08:00:00,27,0.043701702637243045,0.24962887592272973,-0.06395296983298521,0.03436181471808375,0.16926258712213382
2025-08-19 12:00:00,27,-0.49353887752338466,0.05733282072636574,-0.014957437368221171,0.0009454910220494384,0.043701702637243045
2025-08-19 16:00:00,27,0.20287795031645217,0.8441900827179558,0.1946810053254202,0.37832792448915953,-0.49353887752338466
2025-08-19 20:00:00,27,-0.6240658636340726,-0.26149779561967607,-0.07707013307581223,0.2231981503740208,0.20287795031645217
2025-08-20 00:00:00,27,-0.07439390085302833,0.3379198838489051,0.24561437690646842,0.7003874965179229,-0.6240658636340726
2025-08-20 04:00:00,27,0.3391293483104221,0.21761366990088293,0.03112504284439442,0.7572724808983011,-0.07439390085302833
2025-08-20 08:00:00,27,0.9809613539881319,0.6680246214755202,-0.13023724655362745,0.4979586465602175,0.3391293483104221
2025-08-20 12:00:00,27,-0.14298382288850675,-0.18325254520706818,-0.3806886590306634,-0.25212933994838593,0.9809613539881319
2025-08-20 16:00:00,27,0.17488570055623498,0.34706516092913414,0.057889745606975795,-0.1427973592564733,-0.14298382288850675
2025-08-20 20:00:00,27,-0.39027029203532493,-0.7033830408198639,-0.06614718372327288,-0.27652297695390615,0.17488570055623498
2025-08-21 00:00:00,27,-1.5825293033570205,-0.23677292896595245,0.15438422537179267,0.021895565587826127,-0.39027029203532493
2025-08-21 04:00:00,27,-0.10263678811084986,0.6976280939934782,0.6196195997104383,1.231969962423129,-1.5825293033570205
2025-08-21 08:00:00,27,2.000764822230588,1.4729609246847706,0.04214579429271494,1.3104507521329225,-0.10263678811084986
2025-08-21 12:00:00,27,-0.8558621648046216,-0.06114931937672403,-0.7786295794131156,-0.21942568069782808,2.000764822230588
2025-08-21 16:00:00,27,1.5399355464986613,0.9856060142007905,0.3360643864441161,0.4350057352975476,-0.8558621648046216
2025-08-21 20:00:00,27,-2.1904261556242766,-1.180092056287341,-0.598807847251343,-0.7424995239363259,1.5399355464986613
2025-08-22 00:00:00,27,-0.5422059389973057,0.537910936236347,0.8568290625354016,0.9324006522920971,-2.1904261556242766
2025-08-22 04:00:00,27,1.3782127853291257,0.7363157226990067,0.21367154206934622,1.3469961502717407,-0.5422059389973057
2025-08-22 08:00:00,27,-0.08358500018596615,0.44876975556539545,-0.5357014680021052,0.29315152232073594,1.3782127853291257
2025-08-22 12:00:00,27,-0.18644908014023898,0.3555683728979712,0.03471153243947222,0.35706444227106715,-0.08358500018596615
2025-08-22 16:00:00,27,3.67144258164104,0.9419023281484784,0.07485046893656361,0.49963194968631264,-0.18644908014023898
2025-08-22 20:00:00,27,-3.2340975799677523,-3.190658923590158,-1.4305503327206799,-2.3077212273261978,3.67144258164104
2025-08-23 00:00:00,27,-0.7994745100488156,-0.060539754190872826,1.264083577854785,0.16521792778725342,-3.2340975799677523
2025-08-25 04:00:00,28,-0.2027230842669212,0.08265081549948479,0.2708603173860348,0.6503724436455816,-0.7994745100488156
2025-08-25 08:00:00,28,1.4527646427075531,1.0731629906598648,0.06113186680339355,0.803074109049005,-0.2027230842669212
2025-08-25 12:00:00,28,-0.4920687119977387,-0.011588071119116479,-0.5206897442334163,-0.2912244568141773,1.4527646427075531
2025-08-25 16:00:00,28,-0.001002054938435748,0.7192972943488812,0.16282246621391822,0.07942751943553894,-0.4920687119977387
2025-08-25 20:00:00,28,0.5972432213692951,-0.3682227499791753,-0.0097630437124321,0.08018231980017632,-0.001002054938435748
2025-08-26 00:00:00,28,1.1047004331382482,-0.7604422258189414,-0.22001650846789278,-0.3696926161687131,0.5972432213692951
2025-08-26 04:00:00,28,-1.7376607940947757,-1.59934643560522,-0.3983624832962596,-1.201810953959905,1.1047004331382482
2025-08-26 08:00:00,28,0.9221208237464467,0.4846407281275126,0.6005861415900308,0.1070863436716536,-1.7376607940947757
2025-08-26 12:00:00,28,-0.4135134814851238,-0.2471662470829795,-0.3341948300132297,-0.58750345106459,0.9221208237464467
2025-08-26 16:00:00,28,-0.06687578153332652,0.38193943507227424,0.1352142091259922,-0.27602339679309296,-0.4135134814851238
2025-08-26 20:00:00,28,-0.7614888535811346,-0.7238026431357127,0.013388295381142855,-0.2256490486904923,-0.06687578153332652
2025-08-27 00:00:00,28,-0.36170860787285264,-0.14604817654095062,0.2575102481090441,0.3479443166061742,-0.7614888535811346
2025-08-27 04:00:00,28,0.1251547077389823,0.11881992644266968,0.11700737223222965,0.6204022214997948,-0.36170860787285264
2025-08-27 08:00:00,28,0.8704370290675438,0.79981843886654,-0.05410087220138689,0.5261291278660298,0.1251547077389823
2025-08-27 12:00:00,28,0.08465990666838685,0.1325288938849173,-0.31603054634346706,-0.12952972049883194,0.8704370290675438
2025-08-27 16:00:00,28,0.616892746791013,0.4160440956466274,-0.03986896337258029,-0.19330000491370036,0.08465990666838685
2025-08-27 20:00:00,28,-1.9091808503946872,-1.2089296378109173,-0.22692233951133184,-0.6579759945816974,0.616892746791013
2025-08-28 00:00:00,28,-0.5158813998816711,0.36346772690017826,0.6608669119367369,0.7801192103419581,-1.9091808503946872
2025-08-28 04:00:00,28,0.5823226555713283,0.7279564740732518,0.17119144183481685,1.1687081527283016,-0.5158813998816711
2025-08-28 08:00:00,28,0.9060942104569385,0.9981266953287853,-0.2147726715679243,0.7300721699074959,0.5823226555713283
2025-08-28 12:00:00,28,1.033852582479426,0.2730340430488762,-0.328562272422116,0.04755446133220431,0.9060942104569385
2025-08-28 16:00:00,28,-0.3657817145785973,-0.1830121049169221,-0.3734629869501615,-0.7311975574481195,1.033852582479426
2025-08-28 20:00:00,28,-1.5504814733573564,-0.9995069165998854,0.11843886668963177,-0.45567157483862175,-0.3657817145785973
2025-08-29 00:00:00,28,-0.31951240571910944,0.20385956204702885,0.5348019185059655,0.7122324357726413,-1.5504814733573564
2025-08-29 04:00:00,28,0.8715265576689966,0.4328675614613353,0.10217750553089572,0.9529059468668262,-0.31951240571910944
2025-08-29 08:00:00,28,0.9123143252412156,0.4879558293336397,-0.31641346146620636,0.2964264083839758,0.8715265576689966
2025-08-29 12:00:00,28,-1.6871125360898631,-0.22376576299788672,-0.33074833345153604,-0.3907766170608493,0.9123143252412156
2025-08-29 16:00:00,28,1.5695343053689896,1.4613379301903344,0.5828209425925899,0.880045080011925,-1.6871125360898631
2025-08-29 20:00:00,28,-1.3200842921979152,-0.8348012883833226,-0.5617284738735723,-0.30221052350918853,1.5695343053689896
2025-08-30 00:00:00,28,0.11297798092661537,0.48416723304621617,0.45382876664484467,0.6921462396609428,-1.3200842921979152
2025-09-01 04:00:00,28,0.09396502899014436,-0.0206543376482928,-0.04982135825773826,0.6070452956624024,0.11297798092661537
2025-09-01 08:00:00,28,1.3219027510166228,0.626514350231247,-0.04313925113849075,0.5362659048083085,0.09396502899014436
2025-09-01 12:00:00,28,-0.8110846464563473,-0.4559282289439829,-0.47469829687542836,-0.45946061697164353,1.3219027510166228
2025-09-01 16:00:00,28,-0.5336892704566409,0.5498280998884981,0.2749407029780998,0.15149090216544359,-0.8110846464563473
2025-09-01 20:00:00,28,0.6829757901843436,0.28656822978392565,0.17745002278243852,0.5534936671754913,-0.5336892704566409
2025-09-02 04:00:00,28,-0.6812341186746202,-0.6497318275836135,-0.25014724305053876,0.03904046137259343,0.6829757901843436
2025-09-02 08:00:00,28,2.297165887630767,0.6357992094621177,0.22930469974054193,0.5521817487963769,-0.6812341186746202
2025-09-02 12:00:00,28,-0.17132084189190167,-0.906519554330806,-0.8174547909792368,-1.1781641465299089,2.297165887630767
2025-09-02 16:00:00,28,-0.07511155440842998,-0.4482992969411992,0.050095540196374286,-1.0491162979841349,-0.17132084189190167
2025-09-02 20:00:00,28,-2.172937598618878,-1.6191370860138932,0.01628275999374571,-0.99253833356196,-0.07511155440842998
2025-09-03 00:00:00,28,-0.42876723433244734,0.05704935435406307,0.7535642926984096,0.6442322953316388,-2.172937598618878
2025-09-03 04:00:00,28,-0.24514790807261733,0.34313601736943555,0.14057514470490268,0.9672022767215083,-0.42876723433244734
2025-09-03 08:00:00,28,2.462904454703935,1.2472334616677183,0.07604208264636701,1.1518605457500364,-0.24514790807261733
2025-09-03 12:00:00,28,-0.4957195326676782,-0.6774494557405203,-0.8757036553677856,-0.7033283357865745,2.462904454703935
2025-09-03 16:00:00,28,0.6338479984048657,0.05571929386362605,0.16410554812940464,-0.3299263698235251,-0.4957195326676782
2025-09-03 20:00:00,28,-1.7561920387531078,-1.56445394247053,-0.2328812672936206,-0.8073739447706814,0.6338479984048657
2025-09-04 00:00:00,28,-0.9852446501129499,-0.1319498154313073,0.6070989525556141,0.5154820588047926,-1.7561920387531078
2025-09-04 04:00:00,28,0.32896134650099285,0.617545372443105,0.3361492835399439,1.2576200321200002,-0.9852446501129499
2025-09-04 08:00:00,28,0.42584028680072095,1.1032876345361577,-0.12572877071877556,1.0098290829752354,0.32896134650099285
2025-09-04 12:00:00,28,1.7602009804173626,0.7722656881718564,-0.15977690058545854,0.689063832064182,0.42584028680072095
2025-09-04 16:00:00,28,-0.357311964163733,-0.2569552814137598,-0.6287383285768846,-0.6368119167507178,1.7602009804173626
2025-09-04 20:00:00,28,-1.383485410434245,-1.0514326139818517,0.11546217060716543,-0.36766579462222104,-0.357311964163733
2025-09-05 00:00:00,28,-0.9988000578249832,0.039944931865463676,0.47611110685959973,0.6744480179147185,-1.383485410434245
2025-09-05 04:00:00,28,1.0521760189243423,0.7616004296659141,0.3409133352600311,1.426796635668051,-0.9988000578249832
2025-09-05 08:00:00,28,0.33957128291158867,0.6898242992263693,-0.3799027636627292,0.6342424429953422,1.0521760189243423
2025-09-05 12:00:00,28,2.284149500206855,1.4658090157608634,-0.1294576357504075,0.37845953296669066,0.33957128291158867
2025-09-05 16:00:00,28,-0.39541084124071624,-1.0869909593999059,-0.81288017808573,-1.3420817362887405,2.284149500206855
2025-09-05 20:00:00,28,-1.721575812879328,-1.505368255326962,0.12885203129802972,-1.0442375406246445,-0.39541084124071624
2025-09-06 00:00:00,28,0.2860034579858919,0.08040957811614542,0.5949330705755013,0.252543705061159,-1.721575812879328
2025-09-08 04:00:00,28,-0.9233801667582675,-0.5750263478304782,-0.11063120913897831,0.03711089185435057,0.2860034579858919
2025-09-08 08:00:00,28,1.3742131809629434,0.8747663907692799,0.3144069940714722,0.732649289833855,-0.9233801667582675
2025-09-08 12:00:00,28,-0.3771807535004523,-0.2990293810398885,-0.4930828116800287,-0.30248019288494454,1.3742131809629434
2025-09-08 16:00:00,28,-0.5472702538234433,0.3157819770130007,0.12244506201305216,-0.018367855970211622,-0.3771807535004523
2025-09-08 20:00:00,28,0.4326599159979878,-0.29288373576394416,0.18222306307333697,0.3938648184032729,-0.5472702538234433
2025-09-09 00:00:00,28,-1.4148336774041432,-0.611795899937714,-0.16217366111806542,0.06796266490600367,0.4326599159979878
2025-09-09 04:00:00,28,0.6344738154965697,0.4524503425221972,0.48712846379583713,1.133689637192976,-1.4148336774041432
2025-09-09 08:00:00,28,1.1289362470198174,0.6661214903622303,-0.23310121088038158,0.6557706639712393,0.6344738154965697
2025-09-09 12:00:00,28,-0.4829297328373894,-0.24760688821237484,-0.4068801666638877,-0.19460336066245354,1.1289362470198174
2025-09-09 16:00:00,28,-0.35806731887367604,0.5292583912325819,0.15961056950718516,0.16916465689593352,-0.4829297328373894
2025-09-09 20:00:00,28,-0.7564591467439215,-0.2898868034731417,0.11572764022502027,0.4388797518308376,-0.35806731887367604
2025-09-10 00:00:00,28,0.4571150315695185,0.375265895181766,0.2557425562757628,1.0086844779929383,-0.7564591467439215
2025-09-10 04:00:00,28,0.10821803128116514,-0.014843634411671493,-0.17076841812416113,0.664361448111956,0.4571150315695185
2025-09-10 08:00:00,28,1.1275193092848017,0.5995240611005676,-0.04814847266272916,0.5828459479750521,0.10821803128116514
2025-09-10 12:00:00,28,0.3308129960032673,-0.28532327027522,-0.40638218351228056,-0.2664607647997457,1.1275193092848017
2025-09-10 16:00:00,28,-0.42615601758829413,-0.21495497975197683,-0.1263795334389908,-0.5156464735189452,0.3308129960032673
2025-09-10 20:00:00,28,-0.8472578794034451,-0.8978489139251706,0.13965743187134028,-0.1946433976100348,-0.42615601758829413
2025-09-11 00:00:00,28,-0.9757503109068111,-0.18509550289945395,0.2876537955167887,0.4435556988516698,-0.8472578794034451
2025-09-11 04:00:00,28,0.2961939293994327,0.5450732130548901,0.3328124954486536,1.178542037640769,-0.9757503109068111
2025-09-11 08:00:00,28,0.6709523808444686,1.0733997049034691,-0.11421265308352908,0.9554332265981902,0.2961939293994327
2025-09-11 12:00:00,28,1.980196911444832,0.5630599166304262,-0.24592161257421627,0.45003668366457106,0.6709523808444686
2025-09-11 16:00:00,28,-1.1158321312937431,-0.6985405130700969,-0.7060559582556449,-1.0415515451638981,1.980196911444832
2025-09-11 20:00:00,28,-2.0388179860620106,-0.9360639931896434,0.38204428924965383,-0.20104822816198187,-1.1158321312937431
2025-09-12 00:00:00,28,0.8253552102097643,0.7274099330961138,0.7064279184577611,1.334696470336194,-2.0388179860620106
2025-09-12 04:00:00,28,-1.0446601086012777,0.012522580205935632,-0.30018652886818237,0.7129956137012456,0.8253552102097643
2025-09-12 08:00:00,28,2.3607019049938422,1.5753856296181383,0.35703086255433336,1.4998884283049243,-1.0446601086012777
2025-09-12 12:00:00,28,-0.05068406766815414,-0.21815019499923025,-0.8397845415287056,-0.27831612948955886,2.3607019049938422
2025-09-12 16:00:00,28,0.15460755696305206,0.1465742675320433,0.007697713147894504,-0.24013822996551504,-0.05068406766815414
2025-09-12 20:00:00,28,-1.0055024977755327,-1.0700189558680364,-0.06445208405633092,-0.35659675523699974,0.15460755696305206
2025-09-13 00:00:00,28,-0.8577238038410222,0.0758649788512319,0.34326890960006745,0.40080049201216283,-1.0055024977755327
2025-09-15 04:00:00,28,-0.5670964746406639,0.43244300219257115,0.2913320475014104,1.0468830719823359,-0.8577238038410222
2025-09-15 08:00:00,28,1.8105781734205468,1.5774551981106506,0.1891909937614904,1.4740498962992952,-0.5670964746406639
2025-09-15 12:00:00,28,0.17137377132464238,0.14498430637685816,-0.6464434067330315,0.11022740206191806,1.8105781734205468
2025-09-15 16:00:00,28,0.037491035807756035,0.3715637494481216,-0.0703445746449968,-0.01886031571018343,0.17137377132464238
2025-09-15 20:00:00,28,-1.2450809516407269,-0.7633671045723185,-0.02329145090435128,-0.047100531304012705,0.037491035807756035
2025-09-16 00:00:00,28,-0.5393969012623572,0.24662726062049736,0.42746882224593424,0.8907597797954558,-1.2450809516407269
2025-09-16 04:00:00,28,1.3871165456776637,0.66020350211906,0.17945597117847656,1.2970618318486764,-0.5393969012623572
2025-09-16 08:00:00,28,0.16799276115376216,0.27374202750266474,-0.49761770271170946,0.2522128576946976,1.3871165456776637
2025-09-16 12:00:00,28,0.8789531783457036,0.14568891139999554,-0.06915631770264637,0.1256718942091446,0.16799276115376216
2025-09-16 16:00:00,28,0.28718095109803876,-0.14246290777903378,-0.3190235493190338,-0.536401764695432,0.8789531783457036
2025-09-16 20:00:00,28,-0.999753513479666,-1.556825868116435,-0.11104503941287958,-0.7527215275058143,0.28718095109803876
2025-09-17 00:00:00,28,-0.7625456240151713,-0.7428348167757367,0.3412484275086904,0.00034528308128045637,-0.999753513479666
2025-09-17 04:00:00,28,-1.2066163223467932,-0.1342029100797553,0.25788165036495275,0.5747346633251826,-0.7625456240151713
2025-09-17 08:00:00,28,1.8661273913337695,1.5546977399354929,0.41395041783913716,1.4836213971256047,-1.2066163223467932
2025-09-17 12:00:00,28,0.18352200137244346,0.13521349870084265,-0.665966194447787,0.07795631689028681,1.8661273913337695
2025-09-17 16:00:00,28,-0.5680172290331047,0.36289603359556033,-0.07461407339300315,-0.060282085258542395,0.18352200137244346
2025-09-17 20:00:00,28,3.0643099467632364,-0.29928690827959054,0.18951459314265778,0.3675782995853858,-0.5680172290331047
2025-09-18 00:00:00,28,-2.2884294391193816,-2.3155165186624154,-1.0870677788069945,-1.940620758628011,3.0643099467632364
2025-09-18 04:00:00,28,-0.8422308979919251,-0.6653242295083129,0.7941539313932335,-0.2168556147845866,-2.2884294391193816
2025-09-18 08:00:00,28,1.7220949968914052,0.6485253190709517,0.2858870615351071,0.4175568954762081,-0.8422308979919251
2025-09-18 12:00:00,28,-0.8057244118556408,-0.7519248173315909,-0.6153459703225992,-0.8796154268527996,1.7220949968914052
2025-09-18 16:00:00,28,1.5649587133967007,0.325331458183005,0.2730568470726151,-0.272701517706901,-0.8057244118556408
2025-09-18 20:00:00,28,-3.0196427700848982,-2.193783446656224,-0.5601203808328407,-1.4515105452403727,1.5649587133967007
2025-09-19 00:00:00,28,0.8704174199108969,0.17886606826403456,1.0511390550531137,0.8230428514919144,-3.0196427700848982
2025-09-19 04:00:00,28,0.1554482387900471,-0.5487712886603001,-0.31602365470004046,0.1673987737728737,0.8704174199108969
2025-09-19 08:00:00,28,0.1427954349325855,0.04097149416019867,-0.06474754191263622,0.050307002832692405,0.1554482387900471
2025-09-19 12:00:00,28,0.668057506069438,-0.04562447066234056,-0.06030071056225522,-0.05725401225872062,0.1427954349325855
2025-09-19 16:00:00,28,-0.32095941048416776,-0.2277577435700457,-0.24490420804870144,-0.5604699835969509,0.668057506069438
2025-09-19 20:00:00,28,-2.4022500613829667,-0.883979693778124,0.1026860557483732,-0.31870651257901095,-0.32095941048416776
2025-09-20 00:00:00,28,0.48012926519534815,1.3162323513489216,0.8341562199850308,1.4907942969373913,-2.4022500613829667
2025-09-22 04:00:00,29,0.5209722453567451,0.4732020949475552,-0.14636441690348714,0.9998209121939148,0.48012926519534815
2025-09-22 08:00:00,29,1.357890615314501,1.0339918309863996,-0.15836752044482327,0.6254224993724478,0.5209722453567451
2025-09-22 12:00:00,29,-0.19775031626391915,-0.24530201031268287,-0.404324544407141,-0.35043004496181673,1.357890615314501
2025-09-22 16:00:00,29,0.06527831355883507,0.12042003651270654,0.052853631648797306,-0.20831613159306173,-0.19775031626391915
2025-09-22 20:00:00,29,-1.7615241091630232,-0.6997631476483988,-0.024446307425734233,-0.2552286057333184,0.06527831355883507
2025-09-23 00:00:00,29,-0.3067577706408713,0.5841867844080864,0.512421926548506,1.0106964728008965,-1.7615241091630232
2025-09-23 04:00:00,29,1.6474029911671622,0.9129492116865334,0.08488919214153282,1.2311489507826145,-0.3067577706408713
2025-09-23 08:00:00,29,0.09243304326758484,0.4808864813456289,-0.4894076360455463,0.04723738799299326,1.6474029911671622
2025-09-23 12:00:00,29,0.18043464195415382,0.39791211709220353,-0.03242665144184461,-0.019189921715115688,0.09243304326758484
2025-09-23 16:00:00,29,-0.7397341668991526,0.3592878432200474,-0.05828892438725415,-0.14885986894884162,0.18043464195415382
2025-09-23 20:00:00,29,-0.32244640917622647,-0.23432041024472752,0.21213408207624826,0.3827525162890755,-0.7397341668991526
2025-09-24 00:00:00,29,-0.2641641109629944,-0.10128405454248098,0.08949983397076075,0.6144796858101547,-0.32244640917622647
2025-09-24 04:00:00,29,0.14457440361097795,0.18038631908076683,0.07237159168001686,0.8043220905647761,-0.2641641109629944
2025-09-24 08:00:00,29,0.8917438875372881,0.9927947451528446,-0.04775016957188054,0.7004232212315458,0.14457440361097795
2025-09-24 12:00:00,29,-0.11491236724564047,0.27390898818150133,-0.2673314205739969,0.05956855169232078,0.8917438875372881
2025-09-24 16:00:00,29,0.14261598902350592,0.6014521299300231,0.028508873374813608,0.1421507013054235,-0.11491236724564047
2025-09-24 20:00:00,29,-1.1579040676651484,-0.1811874298585404,-0.04717462261185464,0.03965925303872986,0.14261598902350592
2025-09-25 00:00:00,29,-0.42160395676267726,0.5770703109225187,0.33502757801924404,0.8717908089846578,-1.1579040676651484
2025-09-25 04:00:00,29,0.601347927958571,0.9067001348320013,0.11864066321196426,1.1747778752977727,-0.42160395676267726
2025-09-25 08:00:00,29,0.8220958543452888,1.3579718929926046,-0.18198865770422262,0.7426172145566312,0.601347927958571
2025-09-25 12:00:00,29,1.8100346062349377,0.604174711137027,-0.24686296918895018,0.15181533250393642,0.8220958543452888
2025-09-25 16:00:00,29,-1.69701714411657,-0.6154617945436572,-0.5372024861529402,-1.148971973856769,1.8100346062349377
2025-09-25 20:00:00,29,0.7182889476421028,-0.15396520028099436,0.4934643534838024,0.07059496267549648,-1.69701714411657
2025-09-26 00:00:00,29,-1.7555406861014706,-1.1011401524389337,-0.21635576710574303,-0.44560574540685494,0.7182889476421028
2025-09-26 04:00:00,29,-0.14076624275492122,0.43504052636128515,0.5106634934896149,0.8160193265196156,-1.7555406861014706
2025-09-26 08:00:00,29,0.7768767302730026,1.5604865125105547,0.03610691699103381,0.9171814485635554,-0.14076624275492122
2025-09-26 12:00:00,29,0.507500725385789,0.7600972045081227,-0.2335737864176798,0.3588764383360523,0.7768767302730026
2025-09-26 16:00:00,29,1.0653425605257656,0.4407753863520714,-0.15440845456785782,-0.00584062247410877,0.507500725385789
2025-09-26 20:00:00,29,-2.3391791949780814,-1.332899954689335,-0.3183493149167973,-0.7714525477291208,1.0653425605257656
2025-09-27 00:00:00,29,1.2457682791843094,0.6360259749431854,0.6821855867617961,0.9096062528315123,-2.3391791949780814
2025-09-29 04:00:00,29,-1.5451788031632727,-0.7793073889362101,-0.37137356961174184,0.01433079309843066,1.2457682791843094
2025-09-29 08:00:00,29,1.9804142555672062,1.5490618736025148,0.44884147530975327,1.1247786079019928,-1.5451788031632727
2025-09-29 12:00:00,29,0.7005314650496093,-0.23424795185101302,-0.5872743605409086,-0.2984525922661412,1.9804142555672062
2025-09-29 16:00:00,29,-1.146878660242196,-0.6608649897846484,-0.21113712484827551,-0.801891827242029,0.7005314650496093
2025-09-29 20:00:00,29,-1.3079596203728503,-0.33885441270684696,0.331787385791347,0.022316283498026834,-1.146878660242196
2025-09-30 00:00:00,29,-0.038893723795080604,0.6292326510559654,0.37912652302730976,0.9622857545527346,-1.3079596203728503
2025-09-30 04:00:00,29,0.7680865087873947,0.6712428218770341,0.006168200759757962,0.9902368567225324,-0.038893723795080604
2025-09-30 08:00:00,29,0.7021357469959764,0.9685370406740621,-0.2309904798561583,0.43824896799601554,0.7680865087873947
2025-09-30 12:00:00,29,-0.15523682981608466,0.4768291786580512,-0.2116085978464663,-0.06634318946238693,0.7021357469959764
2025-09-30 16:00:00,29,1.3807536851971633,0.7508718068373939,0.04035959282694722,0.04521826743399515,-0.15523682981608466
2025-09-30 20:00:00,29,-2.379821920783513,-1.7601826728013854,-0.41104363772476765,-0.947064897058226,1.3807536851971633
2025-10-01 00:00:00,29,0.40514332227060024,0.06507648390891785,0.6941298387266861,0.7632019317033567,-2.379821920783513
2025-10-01 04:00:00,29,0.21446001183014118,-0.2511718680357861,-0.12432723858021749,0.4720443543559121,0.40514332227060024
2025-10-01 08:00:00,29,1.8647156788878672,0.5409911850502613,-0.06828844048622251,0.31792196346367696,0.21446001183014118
2025-10-01 12:00:00,29,0.2552597819930327,-1.1369124146140395,-0.553272385416187,-1.0221620751032017,1.8647156788878672
2025-10-01 16:00:00,29,-0.7424460932245989,-1.109320546337098,-0.08027884529489926,-1.2056053546389514,0.2552597819930327
2025-10-01 20:00:00,29,-1.0370383970838546,-1.2467395584633207,0.21293107417506607,-0.6720440346526182,-0.7424460932245989
2025-10-02 00:00:00,29,-0.3826457946810393,-0.6280058516409904,0.2995070760174951,0.0732270107122659,-1.0370383970838546
2025-10-02 04:00:00,29,-0.2922982594293231,-0.27422312730482135,0.10719147778528407,0.3482166660696038,-0.3826457946810393
2025-10-02 08:00:00,29,0.7337449544702821,0.9829042825006993,0.08063977132200692,0.5582777688945306,-0.2922982594293231
2025-10-02 12:00:00,29,-0.026064922457976536,0.2939097165246927,-0.22089804216895154,0.030969550812168123,0.7337449544702821
2025-10-02 16:00:00,29,1.005252499199683,0.4808883128070394,0.00239801968697641,0.049701192824878504,-0.026064922457976536
2025-10-02 20:00:00,29,-2.0795572912862976,-1.3471494397436927,-0.30068979974302656,-0.6727268127734831,1.005252499199683
2025-10-03 00:00:00,29,-0.1776858362282283,0.15549576866242673,0.6058868304199012,0.8217538551856123,-2.0795572912862976
2025-10-03 04:00:00,29,0.7112461625287203,0.3709792772882671,0.0469569994632964,0.949448364168811,-0.1776858362282283
2025-10-03 08:00:00,29,0.2847045185269117,0.7673430630256661,-0.21428600435578557,0.4383089767072672,0.7112461625287203
2025-10-03 12:00:00,29,-0.16591184682266658,2.8821260444020447,-0.08893218596609634,0.233705140687972,0.2847045185269117
2025-10-03 16:00:00,29,0.10230441488983999,0.7898144146201251,0.0434968108734558,0.35293823356828113,-0.16591184682266658
2025-10-03 20:00:00,29,-0.6294761671694964,-0.3879122317682015,-0.03532769086670334,0.27941683026750397,0.10230441488983999
2025-10-04 00:00:00,29,1.883021154104842,0.22235983896916556,0.17973100615510063,0.7317919423731727,-0.6294761671694964
2025-10-06 04:00:00,29,-1.239842660457338,-1.4909749974963993,-0.558652074007334,-0.6214473859970706,1.883021154104842
2025-10-06 08:00:00,29,2.6205063401401105,0.4644681369642124,0.3591080297744665,0.269569608402902,-1.239842660457338
2025-10-06 12:00:00,29,-1.9977924330324583,-1.8270682068129098,-0.775387263584648,-1.6136658677311715,2.6205063401401105
2025-10-06 16:00:00,29,0.04053082252589846,0.07690490028044142,0.5818574364876947,-0.1779457833303173,-1.9977924330324583
2025-10-06 20:00:00,29,-1.5903467152173683,-0.6801737545428079,-0.01717341264472653,-0.2070733918724077,0.04053082252589846
2025-10-07 00:00:00,29,0.6325386367981487,0.42521410793313746,0.46211560768180027,0.9358344910715068,-1.5903467152173683
2025-10-07 04:00:00,29,0.4512801472327972,-0.004556495164788489,-0.19115511192107165,0.48125852512285405,0.6325386367981487
2025-10-07 08:00:00,29,0.057278206529332465,0.5771285679647632,-0.13788611907574913,0.1569445671957883,0.4512801472327972
2025-10-07 12:00:00,29,0.05350568070853612,0.5526572146859973,-0.02209520296084383,0.11578139621120442,0.057278206529332465
2025-10-07 16:00:00,29,0.328205243339978,0.6574438423339428,-0.020986517505951846,0.07732936328094553,0.05350568070853612
2025-10-07 20:00:00,29,-0.4598798553499339,-0.8676206186551216,-0.10171635847238938,-0.1585364112998615,0.328205243339978
2025-10-08 00:00:00,29,-0.792607299913044,-0.7013754283622624,0.12988934222767318,0.1719577550710909,-0.4598798553499339
2025-10-08 04:00:00,29,0.9052975632567453,0.055623201244880294,0.22767265657822378,0.7415675907638661,-0.792607299913044
2025-10-08 08:00:00,29,0.42447741388076743,0.18688377818346744,-0.2713146307213333,0.0909725277152198,0.9052975632567453
2025-10-08 12:00:00,29,-0.06586365816921891,-0.2792923801877115,-0.13000922120140382,-0.21407955798023615,0.42447741388076743
2025-10-08 16:00:00,29,-0.1859767831549508,0.014898445035820124,0.014094236360406687,-0.16674642401590134,-0.06586365816921891
2025-10-08 20:00:00,29,-0.08879572743782305,-0.6745589984315291,0.0493935771572824,-0.033093598830991056,-0.1859767831549508
2025-10-09 00:00:00,29,-0.5092047028712177,-0.81830488342255,0.02083360750228794,0.030719741926315436,-0.08879572743782305
2025-10-09 04:00:00,29,-0.517281666713064,-0.26441885053667313,0.1443851319476938,0.3966613717451217,-0.5092047028712177
2025-10-09 08:00:00,29,0.5861472056944983,1.145647278927072,0.14675882340973215,0.7684075381198685,-0.517281666713064
2025-10-09 12:00:00,29,0.8354500410956813,0.6629117414789815,-0.17752140672210143,0.347170926289456,0.5861472056944983
2025-10-09 16:00:00,29,1.0702938620692208,0.060827386678923984,-0.2507875526949011,-0.2532279858707547,0.8354500410956813
2025-10-09 20:00:00,29,-1.5198819481534454,-1.5906031585367333,-0.31980442384507873,-1.022398180219355,1.0702938620692208
2025-10-10 00:00:00,29,-0.9487843731902927,-0.6028238376622006,0.4414071311763613,0.06986996676223178,-1.5198819481534454
2025-10-10 04:00:00,29,0.34321168972400073,0.24146486413916926,0.2735706193106655,0.7517169683985863,-0.9487843731902927
2025-10-10 08:00:00,29,0.8064837373221394,0.9005013067580108,-0.10612651485723565,0.5050667619054394,0.34321168972400073
2025-10-10 12:00:00,29,0.20853035192081038,0.1305762929421334,-0.2422748158174821,-0.07451542104361764,0.8064837373221394
2025-10-10 16:00:00,29,1.5558914323582762,0.2104111786411684,-0.06654580756435072,-0.22437644239378685,0.20853035192081038
2025-10-10 20:00:00,29,-1.7842046924210884,-0.7674727304665463,-0.46251384153614594,-1.3425229233038483,1.5558914323582762
2025-10-11 00:00:00,29,1.0547168080736178,1.3561231378219516,0.5190873899438965,-0.06029836922296461,-1.7842046924210884
2025-10-13 04:00:00,29,-1.22624863579302,-0.7344800459454153,-0.3152265749408275,-0.8182740626276725,1.0547168080736178
2025-10-13 08:00:00,29,1.2212837393647415,0.8185967948879924,0.3551129617127214,0.06297354136131794,-1.22624863579302
2025-10-13 12:00:00,29,-0.9461561965744245,-0.49608917727487056,-0.36417795201834174,-0.8147060235255168,1.2212837393647415
2025-10-13 16:00:00,29,-0.20388130159577145,0.3317792552855572,0.2727982399220772,-0.13474776963410662,-0.9461561965744245
2025-10-13 20:00:00,29,-0.8787071765970378,-0.2188995065846979,0.05465543091657432,0.01177219645192018,-0.20388130159577145
2025-10-14 00:00:00,29,0.41466627628803465,0.2686541763622808,0.2529760436143891,0.6432579909158544,-0.8787071765970378
2025-10-14 04:00:00,29,-0.13933369617771163,-0.12445721179299493,-0.12712588360168642,0.3452567114301921,0.41466627628803465
2025-10-14 08:00:00,29,1.3768010730412357,0.9933279114270513,0.03568591429176738,0.44538932917792273,-0.13933369617771163
2025-10-14 12:00:00,29,-0.5000307228393481,0.012585543195482645,-0.40988202775461213,-0.5440532776245792,1.3768010730412357
2025-10-14 16:00:00,29,0.3605177205269854,0.688937362829146,0.14168904484108358,-0.18470455864469137,-0.5000307228393481
2025-10-14 20:00:00,29,-1.2338158513808821,-0.9329524343676021,-0.11121248259996444,-0.44379180093508985,0.3605177205269854
2025-10-15 00:00:00,29,-0.912559634863559,0.19138051845572876,0.3573368462544907,0.4428940073552301,-1.2338158513808821
2025-10-15 04:00:00,29,1.1862034147885296,0.7168291550579953,0.26292474373607766,1.098707981982411,-0.912559634863559
2025-10-15 08:00:00,29,0.781053567183676,0.44473253769139115,-0.35386840147898296,0.24623900740946603,1.1862034147885296
2025-10-15 12:00:00,29,-0.7262523449521154,-0.3536529486867168,-0.23480129248398474,-0.315067700363171,0.781053567183676
2025-10-15 16:00:00,29,0.8056775631952764,0.45338188278215175,0.20817198861204278,0.2068559293145409,-0.7262523449521154
2025-10-15 20:00:00,29,-1.2642377238911298,-0.2112142068189318,-0.24203789403854126,-0.37214689395413814,0.8056775631952764
2025-10-16 00:00:00,29,0.11814180193797696,0.17161455313753807,0.36627735167840586,0.5364016927939765,-1.2642377238911298
2025-10-16 04:00:00,29,-1.0501185890298679,-0.08302841254584646,-0.03998204752265265,0.4514986993472565,0.11814180193797696
2025-10-16 08:00:00,29,1.45306982668124,1.7064729460971388,0.30335113679974285,1.206169867554836,-1.0501185890298679
2025-10-16 12:00:00,29,0.34041402550070465,0.3080724768699716,-0.4322962037841782,0.16191647080106542,1.45306982668124
2025-10-16 16:00:00,29,0.4477246853271666,0.18772770054585733,-0.10530432575121507,-0.08272318512217147,0.34041402550070465
2025-10-16 20:00:00,29,-0.4017092200376151,-0.9801896195695042,-0.13684122525992282,-0.40448199868947654,0.4477246853271666
2025-10-17 00:00:00,29,-1.9744701307425636,-0.6981150695819854,0.11279391589100737,-0.115792350175008,-0.4017092200376151
2025-10-17 04:00:00,29,0.9541898381028666,0.7942403203519023,0.5750033820552873,1.3031670851922303,-1.9744701307425636
2025-10-17 08:00:00,29,0.834132842063152,0.7724643285033544,-0.2856832941986408,0.6174354284674965,0.9541898381028666
2025-10-17 12:00:00,29,-0.4050210270972805,0.1432151073492264,-0.25040044880802703,0.017983125712190073,0.834132842063152
2025-10-17 16:00:00,29,0.9324637274675656,0.5471427224590525,0.11376720341530178,0.3090528152322225,-0.4050210270972805
2025-10-17 20:00:00,29,-0.9047240988662733,-0.918593397796482,-0.2792983351560947,-0.3610653008266933,0.9324637274675656
2025-10-18 00:00:00,29,-0.03500958575779123,-0.33668285256224545,0.2606220040852091,0.2891176401568796,-0.9047240988662733
2025-10-20 04:00:00,30,-0.2583024435230641,-0.2762730392466536,0.012617573889842807,0.21867080806014982,-0.03500958575779123
2025-10-20 08:00:00,30,0.6726716061328055,0.8847379711321164,0.07600155708425778,0.4154208126167873,-0.2583024435230641
2025-10-20 12:00:00,30,-0.04085026266249514,0.18040221290634767,-0.18826503929678112,-0.0969558407613782,0.6726716061328055
2025-10-20 16:00:00,30,-0.13341635892019,0.41745744845717553,0.014275510334728667,-0.06584003227206203,-0.04085026266249514
2025-10-20 20:00:00,30,-1.0147266163324922,-0.46362123889044327,0.0405513525102898,0.03578374204245982,-0.13341635892019
2025-10-21 00:00:00,30,0.2165592102488354,0.23660436748080352,0.2907203686801144,0.8087050650625134,-1.0147266163324922
2025-10-21 04:00:00,30,-0.34443381441613496,0.18800955947422407,-0.05879282632584699,0.6437510482824287,0.2165592102488354
2025-10-21 08:00:00,30,1.0543436653249039,1.4550268720897024,0.10045083602598388,0.9061076626122642,-0.34443381441613496
2025-10-21 12:00:00,30,0.5229302564625282,0.40289082688424394,-0.29660659409492174,0.10300987488880331,1.0543436653249039
2025-10-21 16:00:00,30,0.017352396241614443,0.22258577616665884,-0.14575941110070556,-0.29530819341324666,0.5229302564625282
2025-10-21 20:00:00,30,-1.632425958916059,-0.7527482366166398,-0.0022459153426048033,-0.3085255830478175,0.017352396241614443
2025-10-22 00:00:00,30,-0.09773003912931699,0.42427032085830785,0.46606070487069295,0.934899800291344,-1.632425958916059
2025-10-22 04:00:00,30,0.27375169960152945,0.5835119133902313,0.030421422173364365,1.0093411620599433,-0.09773003912931699
2025-10-22 08:00:00,30,1.2985251830441804,1.2844640583724019,-0.07502750494592465,0.8008233973444163,0.27375169960152945
2025-10-22 12:00:00,30,-0.4804069977956793,0.11963880535024903,-0.36592003909447074,-0.18826842926092802,1.2985251830441804
2025-10-22 16:00:00,30,0.04610696610758325,0.687848613539044,0.13904822806294728,0.17765950280255893,-0.4804069977956793
2025-10-22 20:00:00,30,-0.9439363129811937,-0.21811008935747908,-0.010408196892438819,0.1425396422699592,0.04610696610758325
2025-10-23 00:00:00,30,0.00046367410892855787,0.3262599388668024,0.2706258101579472,0.8615397080345026,-0.9439363129811937
2025-10-23 04:00:00,30,-0.7543730662763579,0.44508542310493926,0.0025481228122500974,0.8611865256108295,0.00046367410892855787
2025-10-23 08:00:00,30,1.1232501634790566,1.9743949224857864,0.2168163253241394,1.4357955080226628,-0.7543730662763579
2025-10-23 12:00:00,30,0.44100489711484414,0.872873041164551,-0.3161664150614303,0.5802113649984211,1.1232501634790566
2025-10-23 16:00:00,30,-0.06527313127110546,0.7547605333044684,-0.12250405196356434,0.24429617064952502,0.44100489711484414
2025-10-23 20:00:00,30,-0.9394444228530539,-0.1928945165102479,0.02120819375747768,0.2940149758603976,-0.06527313127110546
2025-10-24 00:00:00,30,-0.09047297278566191,0.42413062915424915,0.2693507407659272,1.0095935509447713,-0.9394444228530539
2025-10-24 04:00:00,30,-0.43995423960958036,0.623131408144826,0.02836142896189083,1.0785071762479035,-0.09047297278566191
2025-10-24 08:00:00,30,2.469245970280877,1.9297691988703807,0.12756529497365526,1.4136220805719422,-0.43995423960958036
2025-10-24 12:00:00,30,0.8831546034924642,-0.20511263180953143,-0.6982412223432778,-0.4672124530775328,2.469245970280877
2025-10-24 16:00:00,30,-1.4239524503730223,-0.7557814209256172,-0.24801281135216469,-1.1399148475705303,0.8831546034924642
2025-10-24 20:00:00,30,-0.16143165254613479,-0.5611249332180255,0.4068833469640505,-0.055284569675729145,-1.4239524503730223
2025-10-25 00:00:00,30,0.3631007597695888,-0.1343011876307808,0.04850378286630296,0.06767856586736087,-0.16143165254613479
2025-10-27 04:00:00,30,-0.9988721285022581,-0.7520602071734221,-0.10039015821127158,-0.20889673541431897,0.3631007597695888
2025-10-27 08:00:00,30,0.12178524682105873,1.0339400407839912,0.2862199086105676,0.5519481608004142,-0.9988721285022581
2025-10-27 12:00:00,30,0.35290909181256325,0.7241575088573132,-0.03189025825764187,0.459183851101443,0.12178524682105873
2025-10-27 16:00:00,30,-0.31137120157902487,0.669864598320108,-0.09749714803183167,0.1903715840738549,0.35290909181256325
2025-10-27 20:00:00,30,0.36113504890840886,-0.028724369009643497,0.09106567199788143,0.42754427394044825,-0.31137120157902487
2025-10-28 00:00:00,30,-0.6830741819171493,-0.44799996092614636,-0.09983217088719389,0.1524662624854507,0.36113504890840886
2025-10-28 04:00:00,30,0.13690939050301765,0.20362764785194856,0.19657740083173472,0.6727665994534995,-0.6830741819171493
2025-10-28 08:00:00,30,0.1790919342308328,1.0728847321350976,-0.036183402599835386,0.5684821690086519,0.13690939050301765
2025-10-28 12:00:00,30,1.217358119931884,0.7262000797367477,-0.048157353175326344,0.4320671262573157,0.1790919342308328
2025-10-28 16:00:00,30,-0.05753479028738262,0.008505317581908929,-0.3428799301732174,-0.4951994236708952,1.217358119931884
2025-10-28 20:00:00,30,-0.9161113526613622,-0.9273013043835474,0.019011585770219334,-0.4513749437441419,-0.05753479028738262
2025-10-29 00:00:00,30,-0.8277066426216031,-0.2873253412751953,0.26272740787608184,0.2464307384325206,-0.9161113526613622
2025-10-29 04:00:00,30,-0.2436437349168159,0.4472406209739499,0.2376328181451483,0.8768981993135814,-0.8277066426216031
2025-10-29 08:00:00,30,1.2170577188672986,1.6012216661507972,0.0718405312939615,1.0624826068834583,-0.2436437349168159
2025-10-29 12:00:00,30,0.5236072047165514,0.4615340186566046,-0.34279465822936833,0.13544487364788083,1.2170577188672986
2025-10-29 16:00:00,30,-0.12055283008811912,0.23341315744756128,-0.14595156985215835,-0.2633888288473525,0.5236072047165514
2025-10-29 20:00:00,30,1.977968720379078,-0.6378809582818477,0.03689990703427755,-0.17156325590407917,-0.12055283008811912
2025-10-30 00:00:00,30,-2.851659288150497,-2.1559269567542367,-0.5587871024792752,-1.6781899429749707,1.977968720379078
2025-10-30 04:00:00,30,1.159238232768022,0.06886574043787354,0.8121526740616799,0.493930344719832,-2.851659288150497
2025-10-30 08:00:00,30,-0.16748773307686626,0.12973338870781095,-0.3263820001089785,-0.3890660546501632,1.159238232768022
2025-10-30 12:00:00,30,0.5223995519076645,0.029767642540316035,0.0502228638544975,-0.2614899783397906,-0.16748773307686626
2025-10-30 16:00:00,30,-0.11476763369126353,-0.021707532636309913,-0.14560876513323787,-0.6594038068593449,0.5223995519076645
2025-10-30 20:00:00,30,-1.1742029688051865,-0.9126744287835304,0.03525771930438539,-0.571984841154924,-0.11476763369126353
2025-10-31 00:00:00,30,-0.7260216921886453,-0.19178249087833502,0.3359893779363877,0.3224102575202057,-1.1742029688051865
2025-10-31 04:00:00,30,0.5101482869701499,0.4464554700241662,0.20876849505899409,0.875423884871271,-0.7260216921886453
2025-10-31 08:00:00,30,0.5788499458220038,1.0117486814987977,-0.14213111708537218,0.48684189386515264,0.5101482869701499
2025-10-31 12:00:00,30,0.3287024479856395,0.31103889499647075,-0.16163279230094002,0.04592957447426116,0.5788499458220038
2025-10-31 16:00:00,30,1.0517623025724028,0.3217242432006125,-0.09062584224590364,-0.20444439511297396,0.3287024479856395
2025-10-31 20:00:00,30,-2.01820132490454,-1.3177867586993623,-0.2958738476248344,-1.0055759485012512,1.0517623025724028
2025-11-01 00:00:00,30,-0.054739557966282604,0.37569402802020824,0.5755670256699783,0.5316960743850689,-2.01820132490454
2025-11-03 04:00:00,30,-0.9840344884451078,0.13530607287443633,0.01821813021486371,0.5733914146706631,-0.054739557966282604
2025-11-03 08:00:00,30,2.004258042645642,1.8754090826298653,0.2820080912804503,1.3229344210966794,-0.9840344884451078
2025-11-03 12:00:00,30,-0.7340779193715932,0.09031652754871264,-0.5662495980441271,-0.20371694791368355,2.004258042645642
2025-11-03 16:00:00,30,1.1976902131834155,0.8839386919940206,0.2110553383261045,0.3554331399111401,-0.7340779193715932
2025-11-03 20:00:00,30,-2.024493540352511,-1.0077458803539316,-0.33729699176985517,-0.5568522867663521,1.1976902131834155
2025-11-04 00:00:00,30,1.3490230281784577,0.46975115380987975,0.5773531359925443,0.9852125417983597,-2.024493540352511
2025-11-04 04:00:00,30,-0.6945415705028068,-0.4181451513063365,-0.38025437383038,-0.042343695459694075,1.3490230281784577
2025-11-04 08:00:00,30,1.2912182504508145,1.1129953238573966,0.1998325374835358,0.4866913972687268,-0.6945415705028068
2025-11-04 12:00:00,30,-0.26580814835869404,-0.08694750603866366,-0.36384589083314356,-0.49683470954925824,1.2912182504508145
2025-11-04 16:00:00,30,-0.8204695535217184,0.2935445596911355,0.07813212889889196,-0.29436757959314974,-0.26580814835869404
2025-11-04 20:00:00,30,-0.6072177752265588,-0.03853233136324762,0.23557849568058573,0.33058736156893964,-0.8204695535217184
2025-11-05 00:00:00,30,1.0257744792681436,0.30480607212779975,0.17504477656876172,0.7931075701012649,-0.6072177752265588
2025-11-05 04:00:00,30,-1.7532026796347715,-0.30220675166622746,-0.28849693565343515,0.011771045686741033,1.0257744792681436
2025-11-05 08:00:00,30,1.5402705848798277,1.8891144304494174,0.5003444240766102,1.3471925403581615,-1.7532026796347715
2025-11-05 12:00:00,30,0.29635357756316694,0.4953485866604505,-0.434541967447348,0.17396227408504572,1.5402705848798277
2025-11-05 16:00:00,30,0.5850130783663889,0.4627745195403213,-0.08144328137164718,-0.05177143149146701,0.29635357756316694
2025-11-05 20:00:00,30,-2.0794402736389888,-1.008483753850235,-0.1633822611085313,-0.497378233596697,0.5850130783663889
2025-11-06 00:00:00,30,-0.46098482976885435,0.5587186187587627,0.5929503335656042,1.0865397415237954,-2.0794402736389888
2025-11-06 04:00:00,30,0.15484125160433138,1.0384295603705977,0.13353504513299674,1.4376737305039047,-0.46098482976885435
2025-11-06 08:00:00,30,2.126233059726127,1.8728226205912086,-0.04127354652143384,1.319730529722733,0.15484125160433138
2025-11-06 12:00:00,30,-0.5624931675663785,-0.03593410074465566,-0.6008734660448454,-0.2998296977523722,2.126233059726127
2025-11-06 16:00:00,30,0.8606528822454322,0.6293716561003984,0.16234923489904263,0.1286235982067918,-0.5624931675663785
2025-11-06 20:00:00,30,-1.0016129471340847,-0.8679698042888833,-0.2416254654440095,-0.52693914519541,0.8606528822454322
2025-11-07 00:00:00,30,-0.8714407975673097,-0.27089070489552286,0.286997918278397,0.2359934435356852,-1.0016129471340847
2025-11-07 04:00:00,30,-0.7819074519476246,0.5450025641667324,0.25004720958535553,0.8997733851950382,-0.8714407975673097
2025-11-07 08:00:00,30,1.2933737904825549,2.0445212996533546,0.22463224499180165,1.4953554193225145,-0.7819074519476246
2025-11-07 12:00:00,30,0.44231902622196984,1.0637445204594491,-0.3644577631272871,0.510187429039231,1.2933737904825549
2025-11-07 16:00:00,30,0.6735333622231234,0.7019546344364165,-0.12287708107911674,0.17327125729233295,0.44231902622196984
2025-11-07 20:00:00,30,-0.7945329068161779,-0.7395342118664214,-0.18850965766072278,-0.3397617991472366,0.6735333622231234
2025-11-08 00:00:00,30,0.8625973464485952,-0.009295712429050194,0.22821611071513553,0.265437094461074,-0.7945329068161779
2025-11-10 04:00:00,30,-1.3867194610732874,-0.9277400208856283,-0.24217742168483555,-0.3916067551034015,0.8625973464485952
2025-11-10 08:00:00,30,1.175589291603215,1.1268076293786278,0.3963143785175404,0.6646630058932086,-1.3867194610732874
2025-11-10 12:00:00,30,-0.23669896794570455,-0.011241054154625528,-0.33102341698542076,-0.2307880604030892,1.175589291603215
2025-11-10 16:00:00,30,0.21950427827427,0.4406810169543017,0.06986918748390207,-0.050493509617275834,-0.23669896794570455
2025-11-10 20:00:00,30,-2.088675972356201,-0.7086481800167883,-0.059628814292944365,-0.21769079649392076,0.21950427827427
2025-11-11 00:00:00,30,0.750264362865714,0.7955137292225705,0.5955719820058595,1.3732620472863921,-2.088675972356201
2025-11-11 04:00:00,30,-0.7624900107100885,0.3684590622202696,-0.21029054444722792,0.8017826806990929,0.750264362865714
2025-11-11 08:00:00,30,1.8130288245938004,1.9122690449685849,0.21912040380979525,1.382574372157503,-0.7624900107100885
2025-11-11 12:00:00,30,0.6684092693604882,0.30279583688775463,-0.5119672100421759,0.0015830635394937786,1.8130288245938004
2025-11-11 16:00:00,30,-1.0780135297261353,-0.03346016258351286,-0.18705513099496926,-0.5075469508679475,0.6684092693604882
2025-11-11 20:00:00,30,-0.4805390248552577,-0.17958389299207592,0.3086850124896619,0.31358026725995813,-1.0780135297261353
2025-11-12 00:00:00,30,-0.31624777921861025,0.12501414647203704,0.13908570530699924,0.679608764862893,-0.4805390248552577
2025-11-12 04:00:00,30,-0.41525871265226044,0.4644495372503799,0.0924499389119565,0.9204959634260472,-0.31624777921861025
2025-11-12 08:00:00,30,1.1074442243918305,1.7528898356645253,0.1205552146634044,1.236800186073559,-0.41525871265226044
2025-11-12 12:00:00,30,0.3587611003437381,0.6741953954902437,-0.3116797360538562,0.393255490082872,1.1074442243918305
2025-11-12 16:00:00,30,0.260366016115686,0.6388519624582111,-0.09915830107589131,0.11998572474644043,0.3587611003437381
2025-11-12 20:00:00,30,-1.0794114999411342,-0.5277893775681265,-0.07122784048014785,-0.07833611130921092,0.260366016115686
2025-11-13 00:00:00,30,0.2570540959890444,0.2042429313576212,0.30908184076935064,0.7438559463239649,-1.0794114999411342
2025-11-13 04:00:00,30,-0.7347993293332067,0.09167705487257406,-0.07028771775634372,0.5480568130779382,0.2570540959890444
2025-11-13 08:00:00,30,2.7564566881007444,1.6197782757183252,0.2112601179923277,1.107756401756486,-0.7347993293332067
2025-11-13 12:00:00,30,-1.249736542686371,-0.7176103549671943,-0.7797689500715292,-0.9918476846275066,2.7564566881007444
2025-11-13 16:00:00,30,0.0698147559297766,0.4948254405023719,0.3574303627731346,-0.03991836055905473,-1.249736542686371
2025-11-13 20:00:00,30,-0.796529527154167,-0.45232126804206296,-0.01713789781841411,-0.09309653944096397,0.0698147559297766
2025-11-14 00:00:00,30,0.03023230875887606,0.045970660224103774,0.2287828720133485,0.5136231878661661,-0.796529527154167
2025-11-14 04:00:00,30,-0.15208840762716846,0.1307401104235272,-0.005902011496821389,0.49059511734179395,0.03023230875887606
2025-11-14 08:00:00,30,0.9909911851651572,1.1790396261149292,0.045851606326256164,0.6064414658529547,-0.15208840762716846
2025-11-14 12:00:00,30,0.5816314317912674,0.21595120047876704,-0.2786233384818333,-0.1484004842946156,0.9909911851651572
2025-11-14 16:00:00,30,-0.8035142929438965,0.009160829059748639,-0.16242234581239462,-0.591431472675481,0.5816314317912674
2025-11-14 20:00:00,30,-2.2297928860248,-0.46093726368577936,0.2307655699010639,0.020608578675869182,-0.8035142929438965
2025-11-15 00:00:00,30,1.453285345519113,1.5499381847511997,0.6356294749948236,1.719050740128223,-2.2297928860248
2025-11-17 04:00:00,31,-0.7106857836365243,-0.3445890250685017,-0.48898336717263224,0.4598581173104268,1.453285345519113
2025-11-17 08:00:00,31,1.3228560003581435,1.2391712742457994,0.23715723863994126,0.9821633985912186,-0.7106857836365243
2025-11-17 12:00:00,31,-0.024849783665278125,0.06810531446138093,-0.44521658930999103,0.009955017236546126,1.3228560003581435
2025-11-17 16:00:00,31,0.32075544770729536,0.2523603642132218,0.007018600560461278,0.028217902953276308,-0.024849783665278125
2025-11-17 20:00:00,31,-0.9232628275406825,-0.9252617419781508,-0.10895244392329613,-0.20751533977441028,0.32075544770729536
2025-11-18 00:00:00,31,-0.5502827871268572,-0.24627319807294287,0.3084894395933993,0.4710194810112629,-0.9232628275406825
2025-11-18 04:00:00,31,0.7563683438476687,0.12981729811042234,0.183332523748699,0.875439567260333,-0.5502827871268572
2025-11-18 08:00:00,31,1.0480524479801865,0.6318252581361885,-0.2551263960806727,0.31956073911806193,0.7563683438476687
2025-11-18 12:00:00,31,-0.24120211889573895,-0.38872794929819887,-0.3530037056376298,-0.45068588919957797,1.0480524479801865
2025-11-18 16:00:00,31,0.5237990099745282,-0.09576866779132726,0.07961763557370183,-0.273418883926551,-0.24120211889573895
2025-11-18 20:00:00,31,-1.7308631110784916,-1.4733346196655868,-0.17708559659091075,-0.6583752113761339,0.5237990099745282
2025-11-19 00:00:00,31,-0.19621399056335775,-0.11451434498080618,0.5794872136586066,0.6136903975129293,-1.7308631110784916
2025-11-19 04:00:00,31,0.059990103099011094,-0.0029676508510347852,0.06452145137719836,0.7578942157010751,-0.19621399056335775
2025-11-19 08:00:00,31,1.791313244545826,1.0199145234718707,-0.02145021121898659,0.7138056066495988,0.059990103099011094
2025-11-19 12:00:00,31,0.038523175184352,-0.5381687764336344,-0.6024117674288701,-0.6026867020427993,1.791313244545826
2025-11-19 16:00:00,31,-0.5376034369998841,-0.4284964571834609,-0.01424678422734844,-0.6309985922111032,0.038523175184352
2025-11-19 20:00:00,31,-0.2131079061146366,-0.8712510631756121,0.17907785008024646,-0.2358969582049344,-0.5376034369998841
2025-11-20 00:00:00,31,0.02672753651116011,-0.7777443758365878,0.07019036160787168,-0.07927727140493346,-0.2131079061146366
2025-11-20 04:00:00,31,-0.43423991252727134,-0.8279225962537461,-0.010288648142862008,-0.0989201766055583,0.02672753651116011
2025-11-20 08:00:00,31,0.24509170567890948,0.5676012718317892,0.14439325966764138,0.22021636007223222,-0.43423991252727134
2025-11-20 12:00:00,31,0.5283167797564534,0.24022165628846073,-0.08356277271452335,0.0400907754303379,0.24509170567890948
2025-11-20 16:00:00,31,0.4334711390123651,-0.08158842029376646,-0.17860157619071668,-0.34818580278412803,0.5283167797564534
2025-11-20 20:00:00,31,-1.5647959527505702,-1.295530495597311,-0.1467752407555175,-0.6667573436843348,0.4334711390123651
2025-11-21 00:00:00,31,0.06616272085932806,-0.11901829179864767,0.5237618366750135,0.4832602999307696,-1.5647959527505702
2025-11-21 04:00:00,31,-0.02123944513200371,-0.2711428889387736,-0.02352149042393371,0.4346352404116285,0.06616272085932806
2025-11-21 08:00:00,31,1.1636123854647948,0.7629466568892649,0.005807117942038686,0.450244775060197,-0.02123944513200371
2025-11-21 12:00:00,31,0.5972721427732424,-0.2580498144726978,-0.391780915685473,-0.4049304771900122,1.1636123854647948
2025-11-21 16:00:00,31,-0.20106216471931404,-0.8277189961082154,-0.2017401885318963,-0.8438845152686856,0.5972721427732424
2025-11-21 20:00:00,31,-0.9961659280132906,-1.6946069731617524,0.06614830123266045,-0.6961176217742242,-0.20106216471931404
2025-11-22 00:00:00,31,-1.0450248067317212,-0.41027547181945134,0.3329527518943589,0.03599597499842133,-0.9961659280132906
2025-11-24 04:00:00,31,-0.058035129860879664,-0.3409534733094502,0.3493478023245223,0.8040174947655494,-1.0450248067317212
2025-11-24 08:00:00,31,1.980965499915218,0.7744712656286198,0.018154251616941227,0.8466693326439572,-0.058035129860879664
2025-11-24 12:00:00,31,-0.6816990306838981,-0.8491772551211533,-0.6660513427227356,-0.6092043691577604,1.980965499915218
2025-11-24 16:00:00,31,0.022225371376862313,-0.26429049150442346,0.22743046453192794,-0.10820236212690304,-0.6816990306838981
2025-11-24 20:00:00,31,-1.1416875017675956,-1.258668870511531,-0.008777904827463497,-0.12453648490780722,0.022225371376862313
2025-11-25 00:00:00,31,-0.4627799022132244,-0.35653811994380546,0.38178386719947915,0.7145254823855556,-1.1416875017675956
2025-11-25 04:00:00,31,0.654993959133737,0.017879523851913586,0.15397011821312895,1.0546369529707018,-0.4627799022132244
2025-11-25 08:00:00,31,0.55614901055106,0.60703615136772,-0.22110927998413127,0.5732613409357583,0.654993959133737
2025-11-25 12:00:00,31,1.0468694879061164,0.02096017504677126,-0.18794093966836012,0.16452998303023847,0.55614901055106
2025-11-25 16:00:00,31,0.564387984759426,-0.6411615069703858,-0.3526067524004706,-0.6048472508117317,1.0468694879061164
2025-11-25 20:00:00,31,-1.0369035342051625,-2.036765317058605,-0.1907056039664792,-1.0196336893737783,0.564387984759426
2025-11-26 00:00:00,31,-0.49680177175095963,-1.2423873423534604,0.34662263391864556,-0.2575807476041394,-1.0369035342051625
2025-11-26 04:00:00,31,-0.21787901891449835,-0.8910723318949222,0.1653864724445493,0.10753446239405307,-0.49680177175095963
2025-11-26 08:00:00,31,0.5995491238464581,0.3538849756994195,0.07179135280974763,0.2676605896918556,-0.21787901891449835
2025-11-26 12:00:00,31,0.8709995257746375,-0.25515694213117224,-0.2025042506737853,-0.17296687322139448,0.5995491238464581
2025-11-26 16:00:00,31,-0.12928375009869875,-0.8300099633447304,-0.2935919535772458,-0.8130917536957547,0.8709995257746375
2025-11-26 20:00:00,31,-2.301704627210068,-1.6281907736774484,0.04206238771254019,-0.7180770692668457,-0.12928375009869875
2025-11-27 00:00:00,31,-0.320357797934971,0.12881109798179527,0.7710383849112884,0.9735178808793723,-2.301704627210068
2025-11-27 04:00:00,31,1.0194806867408701,0.3730446531592597,0.10617905867063615,1.2089588783124903,-0.320357797934971
2025-11-27 08:00:00,31,1.0694045641170522,0.6872078839478957,-0.3434161858523983,0.459710533813654,1.0194806867408701
2025-11-27 12:00:00,31,-1.1889183107278587,-0.28108868622577593,-0.3601686064711515,-0.3262284346092592,1.0694045641170522
2025-11-27 16:00:00,31,0.058264540794869646,0.7248768212099838,0.39763260370494513,0.5475449361300555,-1.1889183107278587
2025-11-27 20:00:00,31,0.5969219936770891,0.2485727400394178,-0.020871182765226433,0.5047244969581293,0.058264540794869646
2025-11-28 04:00:00,31,-0.38652712168454073,-0.758384387773774,-0.20162269275139358,0.0660277944366996,0.5969219936770891
2025-11-28 08:00:00,31,0.8620858188364036,0.9480314614455858,0.1283827896660995,0.35009870406017285,-0.38652712168454073
2025-11-28 16:00:00,31,0.8861600851873632,-0.1651794042080307,-0.2906008764464292,-0.28347521350367977,0.8620858188364036
2025-11-28 20:00:00,31,-0.15213638072498092,-1.6072590304305858,-0.298679220060653,-0.9347420647768931,0.8861600851873632
2025-11-29 00:00:00,31,-0.714511698408252,-1.0974539784451143,0.049730800115923054,-0.8229322650634341,-0.15213638072498092
2025-12-01 04:00:00,31,-1.0685103917188812,-1.0739971253392622,0.23844105986689712,-0.2978151989727955,-0.714511698408252
2025-12-01 08:00:00,31,0.9612970861137331,0.7471047937809925,0.35722860844095755,0.4874666140986328,-1.0685103917188812
2025-12-01 12:00:00,31,0.3870556780013583,-0.19214953079816452,-0.32389213840162134,-0.21902077669716924,0.9612970861137331
2025-12-01 16:00:00,31,-0.931145496672741,-0.3922405116622692,-0.13120010182528907,-0.5034801389421606,0.3870556780013583
2025-12-01 20:00:00,31,-0.516473905465233,-0.6551204982444552,0.311134542414714,0.18084790271982776,-0.931145496672741
2025-12-02 00:00:00,31,-1.0866351418839457,-0.2499008294679755,0.17198763957679386,0.5604207810288333,-0.516473905465233
2025-12-02 04:00:00,31,0.4110932941516907,0.5551279513586455,0.3633105366551278,1.3590230416891647,-1.0866351418839457
2025-12-02 08:00:00,31,0.7989777755709611,1.3094844125298555,-0.13926614712437915,1.0568976811172117,0.4110932941516907
2025-12-02 12:00:00,31,0.0018363367636418104,0.5088136185024046,-0.2694243865427514,0.4697038446634316,0.7989777755709611
2025-12-02 16:00:00,31,1.5801489487465155,0.6119703590955942,-0.0019361749418368023,0.4683542631578721,0.0018363367636418104
2025-12-02 20:00:00,31,-1.448725246713643,-1.5158842833225536,-0.5315536272199818,-0.6929467789390955,1.5801489487465155
2025-12-03 00:00:00,31,-0.8148250268630903,-0.42858967840971823,0.48481323349672883,0.3717668609081741,-1.448725246713643
2025-12-03 04:00:00,31,-0.7552653860329315,0.16480573540745205,0.2721021286833254,0.9706073395690193,-0.8148250268630903
2025-12-03 08:00:00,31,2.3569476527428055,1.7981113608312504,0.2521163381652855,1.5256755694062019,-0.7552653860329315
2025-12-03 12:00:00,31,-0.5049287942558447,-0.14663557718367695,-0.7922156452638089,-0.2065192135410001,2.3569476527428055
2025-12-03 16:00:00,31,0.6425230145078835,0.4085582822337173,0.1681135703090445,0.16456880029416965,-0.5049287942558447
2025-12-03 20:00:00,31,-1.143455502023528,-1.0027084253537077,-0.21692453871671621,-0.3076415232396954,0.6425230145078835
2025-12-04 00:00:00,31,-0.03600212082820775,-0.14119300281265953,0.3823771361020178,0.5327198029155458,-1.143455502023528
2025-12-04 04:00:00,31,-0.6968640242142499,-0.11731318023795316,0.010760870849841538,0.5591788911354669,-0.03600212082820775
2025-12-04 08:00:00,31,1.51507348974053,1.4547107172946439,0.23251921892467722,1.071326127737347,-0.6968640242142499
2025-12-04 12:00:00,31,0.07123350631747627,0.13516411872784598,-0.5097169526962437,-0.042148917691053,1.51507348974053
2025-12-04 16:00:00,31,0.4218855693183592,0.18182855124183775,-0.025223039568890212,-0.09450065654727169,0.07123350631747627
2025-12-04 20:00:00,31,-1.7094715934852331,-1.1317332178173622,-0.14288759526757985,-0.4045575987638479,0.4218855693183592
2025-12-05 00:00:00,31,-0.36952888852192345,0.14297806315017283,0.5723090913005324,0.8517867126533574,-1.7094715934852331
2025-12-05 04:00:00,31,-0.012453095620198695,0.40544190090785776,0.12267887469230665,1.1233650873792733,-0.36952888852192345
2025-12-05 08:00:00,31,1.3394250282797238,1.4735859091891934,0.002858776778230013,1.1325172580860556,-0.012453095620198695
2025-12-05 12:00:00,31,0.05449457015581061,0.2812825425298281,-0.45077648047979435,0.14813177823245383,1.3394250282797238
2025-12-05 16:00:00,31,0.9457753778644591,0.38808431460253373,-0.019606134111453448,0.10808200877194274,0.05449457015581061
2025-12-05 20:00:00,31,-2.6460090780201124,-1.2526276335362085,-0.3186836850726845,-0.5869979916134138,0.9457753778644591
2025-12-06 00:00:00,31,0.9491808119758502,1.2829963798251431,0.8865729403989692,1.3576371025277805,-2.6460090780201124
2025-12-08 04:00:00,31,0.2068683337561268,-0.023077481291333135,-0.3198264101097164,0.660054341763102,0.9491808119758502
2025-12-08 08:00:00,31,0.7218460417869998,0.8800792328979427,-0.07073656534500142,0.5080203124657832,0.2068683337561268
2025-12-08 12:00:00,31,-0.5440180159187271,0.17023990053179514,-0.24354211706944578,-0.02248699270047716,0.7218460417869998
2025-12-08 16:00:00,31,1.4528831902518284,0.6799440056602323,0.18123032159865285,0.3773289166206695,-0.5440180159187271
2025-12-08 20:00:00,31,-1.8352346451231725,-1.3024418185731608,-0.4888484202385062,-0.6904405263948412,1.4528831902518284
2025-12-09 00:00:00,31,-0.3694694631163067,0.045610437353217986,0.6145100510429317,0.6583309976849989,-1.8352346451231725
2025-12-09 04:00:00,31,0.05020639316478892,0.3183536352975341,0.1226589339456609,0.9298656988157621,-0.3694694631163067
2025-12-09 08:00:00,31,1.1170850628019302,1.3403832094216277,-0.01816719650450533,0.8929674451742606,0.05020639316478892
2025-12-09 12:00:00,31,0.22312492914914017,0.31434940963785535,-0.376168240539279,0.07198658221705401,1.1170850628019302
2025-12-09 16:00:00,31,1.3720941251076084,0.2768945007630281,-0.07619161687877057,-0.09199492911088392,0.22312492914914017
2025-12-09 20:00:00,31,-2.3977239950734734,-1.7372617314851786,-0.4617388992673343,-1.1003899532676886,1.3720941251076084
2025-12-10 00:00:00,31,-0.3012815226368559,0.07347580545232568,0.8032585753799474,0.6617726430803135,-2.3977239950734734
2025-12-10 04:00:00,31,-0.6570781187739314,0.28616141213761287,0.09977783736274114,0.88319388724865,-0.3012815226368559
2025-12-10 08:00:00,31,2.300771964909895,1.8214022024307728,0.2191686889245347,1.3661012135969646,-0.6570781187739314
2025-12-10 12:00:00,31,-0.7687591341804882,-0.07693907261325827,-0.7733653715954889,-0.324808293761107,2.300771964909895
2025-12-10 16:00:00,31,0.10450315618916761,0.6134812364209474,0.25664429065158895,0.24017691497732407,-0.7687591341804882
2025-12-10 20:00:00,31,2.316290087585905,-0.32047856032634714,-0.03638697950667883,0.1633742665427107,0.10450315618916761
2025-12-11 00:00:00,31,-2.8291155480129433,-2.1279224916049735,-0.7785726217520234,-1.5389399960755128,2.316290087585905
2025-12-11 04:00:00,31,-0.10617712456910056,0.0077808328237337025,0.9480160166292312,0.540265788117436,-2.8291155480129433
2025-12-11 08:00:00,31,1.242266211198059,1.1480402292359513,0.034308744960895164,0.6182986884378572,-0.10617712456910056
2025-12-11 12:00:00,31,-0.31941310954365143,-0.009616632111077853,-0.41817393724566093,-0.29468172823144734,1.242266211198059
2025-12-11 16:00:00,31,0.5886391203370849,0.33023731526801126,0.10586205970908136,-0.05993501193819739,-0.31941310954365143
2025-12-11 20:00:00,31,-0.9332787273975889,-1.1391340078980807,-0.19884329769203055,-0.4925443709538566,0.5886391203370849
2025-12-12 00:00:00,31,0.004987833609739312,-0.4909110306873475,0.31185036779242287,0.1933514489012964,-0.9332787273975889
2025-12-12 04:00:00,31,-0.7068335687966893,-0.46871536620627285,-0.002993688971580156,0.18968573348035989,0.004987833609739312
2025-12-12 08:00:00,31,0.6751795867793362,1.1163331814981552,0.23586459218092432,0.7091599012060463,-0.7068335687966893
2025-12-12 12:00:00,31,0.0349691394151499,0.4380590359233342,-0.2278827547730494,0.21294923805847787,0.6751795867793362
2025-12-12 16:00:00,31,0.7429246331771289,0.5186005262206107,-0.01305419452420626,0.18724932029043195,0.0349691394151499
2025-12-12 20:00:00,31,-0.9725305963111843,-0.9164157356544318,-0.2506152341344023,-0.3587493030624529,0.7429246331771289
2025-12-13 00:00:00,31,0.029397274956988184,0.3585819156276123,0.3250216968772593,0.3559939468465405,-0.9725305963111843
2025-12-15 04:00:00,32,-1.3069256522376058,-0.47567659320984373,-0.008490199122914998,0.21627991933248403,0.029397274956988184
2025-12-15 08:00:00,32,1.8096643102166823,1.6283963986233885,0.3860401717120485,1.158976448646003,-1.3069256522376058
2025-12-15 12:00:00,32,-0.49438588577613984,0.05579730481406616,-0.5340887646438894,-0.14634972774589983,1.8096643102166823
2025-12-15 16:00:00,32,0.6110274609344266,0.6779193870629692,0.14614934229016022,0.21025499407956616,-0.49438588577613984
2025-12-15 20:00:00,32,-0.82083284966793,-0.6900050145181436,-0.1802082534140484,-0.2304842826741922,0.6110274609344266
2025-12-16 00:00:00,32,-0.281212245634201,-0.14524295035302368,0.2425281734103878,0.36158939588866623,-0.82083284966793
2025-12-16 04:00:00,32,-0.7689395775177807,-0.030384165130684322,0.08321285172646047,0.5644301676693289,-0.281212245634201
2025-12-16 08:00:00,32,2.12931200298833,1.633460883372742,0.2272074216006295,1.1190727900225923,-0.7689395775177807
2025-12-16 12:00:00,32,0.25612315851451584,-0.2308226286443128,-0.628460207503505,-0.4168179713271414,2.12931200298833
2025-12-16 16:00:00,32,0.7893936921942863,-0.12286523952376874,-0.0754277971372088,-0.6015617723192381,0.25612315851451584
2025-12-16 20:00:00,32,-0.4840708258054356,-1.8206382923335571,-0.23286835070888437,-1.1709581206267732,0.7893936921942863
2025-12-17 00:00:00,32,-1.6669922986105021,-1.5191375084170733,0.14310396728939573,-0.821793738821718,-0.4840708258054356
2025-12-17 04:00:00,32,-0.42122339025100075,-0.3034631632235907,0.49234473674486434,0.3806219086192453,-1.6669922986105021
2025-12-17 08:00:00,32,1.6870446731089643,1.1274256213773572,0.12454915426424512,0.6844539034809536,-0.42122339025100075
2025-12-17 12:00:00,32,0.15738791441858524,-0.31312934580899265,-0.49788705776955106,-0.5324256913252103,1.6870446731089643
2025-12-17 16:00:00,32,-0.4174743260498328,-0.08489109390980479,-0.04627761818351366,-0.6459509254686129,0.15738791441858524
2025-12-17 20:00:00,32,-1.4470690104689208,-0.8440312361409421,0.1234422962889232,-0.34482316233161114,-0.4174743260498328
2025-12-18 00:00:00,32,-0.3421295020425674,0.17032557456962627,0.4274155084423196,0.6989599568616072,-1.4470690104689208
2025-12-18 04:00:00,32,0.368234690376795,0.34892414213592576,0.10119780676386035,0.9457408610385905,-0.3421295020425674
2025-12-18 08:00:00,32,0.9422001333440555,1.219269086257647,-0.10852713513431847,0.6801300636709584,0.368234690376795
2025-12-18 12:00:00,32,0.7960507061666586,0.14095591624420395,-0.2779822828774751,0.0005131366472514998,0.9422001333440555
2025-12-18 16:00:00,32,0.5261347762413386,-0.22240187496486277,-0.23483373956641695,-0.5736849721556894,0.7960507061666586
2025-12-18 20:00:00,32,-1.6933213958347526,-1.5843617383127904,-0.15514489358421107,-0.9531904372635704,0.5261347762413386
2025-12-19 00:00:00,32,-0.05734950025030727,-0.37228537197279304,0.5001180288737666,0.2682166107446413,-1.6933213958347526
2025-12-19 04:00:00,32,-0.5842312601655983,-0.2769813807438321,0.017120554606439974,0.3095832904415836,-0.05734950025030727
2025-12-19 08:00:00,32,1.3083732541518884,1.110703109296201,0.17267491343342736,0.7309942408897747,-0.5842312601655983
2025-12-19 12:00:00,32,0.4136365237558355,-0.17576327133239888,-0.3860896977860821,-0.21274645593096508,1.3083732541518884
2025-12-19 16:00:00,32,-0.061753820502762125,0.00494268599257049,-0.12193138181384258,-0.5111059798061923,0.4136365237558355
2025-12-19 20:00:00,32,-0.591920680853919,-1.0313852100064176,0.01842086762742874,-0.4665624266514037,-0.061753820502762125
2025-12-20 00:00:00,32,-0.20902782630552252,-0.16054114852263876,0.1749451057154965,-0.03960503200961796,-0.591920680853919
2025-12-22 04:00:00,32,-1.514096864219752,-0.6307324342500604,0.061901426810600325,0.11116850744214268,-0.20902782630552252
2025-12-22 08:00:00,32,1.6188783551955197,1.663798942064552,0.4472045305854205,1.2032993845893483,-1.514096864219752
2025-12-22 12:00:00,32,0.1793107823975184,0.16204887637110638,-0.4777619202466138,0.035588731568868326,1.6188783551955197
2025-12-22 16:00:00,32,0.4381202461521845,0.42784737194206707,-0.05275003368838883,-0.09374965271123514,0.1793107823975184
2025-12-22 20:00:00,32,-1.1698958138831763,-0.9744082843926882,-0.12915985322586174,-0.40976949267881224,0.4381202461521845
2025-12-23 00:00:00,32,0.31470978355128665,-0.09395510585593864,0.345584057518959,0.43408625498201836,-1.1698958138831763
2025-12-23 04:00:00,32,-1.035182825706194,-0.34558769094126235,-0.09272466635298354,0.20708342571865224,0.31470978355128665
2025-12-23 08:00:00,32,1.2020080540460967,1.4973957226500465,0.3058119604455908,0.953769555359921,-1.035182825706194
2025-12-23 12:00:00,32,0.3532216927368381,0.3530840274896687,-0.3546868826523399,0.0867509772058348,1.2020080540460967
2025-12-23 16:00:00,32,0.316811495766121,0.31403917760582806,-0.10409476073910306,-0.16803081795685237,0.3532216927368381
2025-12-23 20:00:00,32,-0.996050666682784,-0.9601391655957097,-0.09334516704382159,-0.39654963002088195,0.316811495766121
2025-12-24 00:00:00,32,-0.19387328421068162,-0.1750011652867093,0.29425874610129293,0.32191014226581594,-0.996050666682784
2025-12-24 04:00:00,32,0.35757951950306577,0.0076809866282727575,0.057427263424761024,0.46175258229988536,-0.19387328421068162
2025-12-24 08:00:00,32,0.7432186413353641,0.8536201650530904,-0.10538134721840842,0.20382744982429202,0.35757951950306577
2025-12-24 12:00:00,32,-1.1814311940282174,-0.026551060322361524,-0.2192358225467442,-0.3322624436661279,0.7432186413353641
2025-12-24 16:00:00,32,-0.10554349409095565,1.0759017728973055,0.3489897147248109,0.5199138712805489,-1.1814311940282174
2025-12-24 20:00:00,32,1.1203083348532274,0.5878877948382234,0.03134914701851954,0.5960432864472178,-0.10554349409095565
2025-12-26 04:00:00,32,-0.6555918560580523,-0.8458864119863694,-0.33056620055198604,-0.212044593088212,1.1203083348532274
2025-12-26 08:00:00,32,0.8682020158064603,0.7872986397110295,0.1937431161765762,0.2608393588749358,-0.6555918560580523
2025-12-26 12:00:00,32,-0.3365364342993793,-0.1324814211052149,-0.2561353893167352,-0.36540209995821726,0.8682020158064603
2025-12-26 16:00:00,32,0.2727814220361129,0.4965185548799223,0.09954653292434194,-0.12265552286073778,-0.3365364342993793
2025-12-26 20:00:00,32,-1.133354225542698,-0.8439989225284636,-0.08034591292411636,-0.31941507025685567,0.2727814220361129
2025-12-27 00:00:00,32,0.10134867632339706,0.5987272920862906,0.3347956723872803,0.4980829205987618,-1.133354225542698
2025-12-29 04:00:00,32,0.16699761968935434,-0.24055745699714573,-0.029732828793857483,0.42497926297523314,0.10134867632339706
2025-12-29 08:00:00,32,0.772409931784491,0.7245437876159484,-0.04911474722391001,0.3045224671236557,0.16699761968935434
2025-12-29 12:00:00,32,0.5003716394147979,0.007956950661839674,-0.22785413658721573,-0.2526233511207536,0.772409931784491
2025-12-29 16:00:00,32,-0.05337675865808933,-0.0458033259629829,-0.14753869322709715,-0.613545647684175,0.5003716394147979
2025-12-29 20:00:00,32,-2.0255391744100564,-0.6144553118662248,0.01594765905723341,-0.5750445401063757,-0.05337675865808933
2025-12-30 00:00:00,32,-0.3234329077958904,0.9399130385263019,0.5982006110939518,0.8859940020904968,-2.0255391744100564
2025-12-30 04:00:00,32,0.1651812562488253,1.1331107012719177,0.09567790277105982,1.119288894667548,-0.3234329077958904
2025-12-30 08:00:00,32,1.829137567593211,2.0976593920910167,-0.0485784917072383,1.0001422571317313,0.1651812562488253
2025-12-30 12:00:00,32,-1.0997995706573498,0.425752256886741,-0.5398379673985375,-0.3192301445460952,1.829137567593211
2025-12-30 16:00:00,32,1.3905221612658583,1.4978916886643951,0.3248891369490629,0.4740645898744127,-1.0997995706573498
2025-12-30 20:00:00,32,-1.4190210215644665,-0.5326985210274644,-0.41034299624246784,-0.5289308086125235,1.3905221612658583
2025-12-31 00:00:00,32,-0.9066062029634168,0.5304852326757579,0.4191347379500553,0.49462105890300023,-1.4190210215644665
2025-12-31 04:00:00,32,0.3465093626242002,1.1106597233715578,0.26785153814114865,1.1485637828249402,-0.9066062029634168
2025-12-31 08:00:00,32,1.7221205150509213,2.0186620449445285,-0.1021130405765483,0.8986236481575975,0.3465093626242002
2025-12-31 12:00:00,32,-0.12081001860101992,0.5129387957465543,-0.5082427020880697,-0.3435564481765745,1.7221205150509213
2025-12-31 16:00:00,32,0.6813942029344311,0.8845840308948483,0.035856371622501534,-0.2564151597287623,-0.12081001860101992
2025-12-31 20:00:00,32,-1.6313080917637919,-1.155873310571972,-0.20098303490641692,-0.7479105627770277,0.6813942029344311
2026-01-01 00:00:00,32,-0.8177449743507843,0.5591854411186442,0.48180948132592166,0.4287657643834706,-1.6313080917637919
2026-01-02 04:00:00,32,0.5031003422605238,0.5223963267699365,0.2416165220653621,1.0186121323572053,-0.8177449743507843
2026-01-02 08:00:00,32,1.0412451308476598,1.3210243607311125,-0.14834430399954923,0.6557215993468279,0.5031003422605238
2026-01-02 12:00:00,32,-0.7338513977725398,0.10757740030017066,-0.30722391212683603,-0.09533732227898462,1.0412451308476598
2026-01-02 16:00:00,32,1.4512795456065,1.0742856007245674,0.21684813472086625,0.4339958991843851,-0.7338513977725398
2026-01-02 20:00:00,32,-0.8471365032671727,-1.1141013775024469,-0.42828075132177224,-0.6128243146239338,1.4512795456065
2026-01-03 00:00:00,32,-0.3438540003233186,0.06591177947310814,0.2502939536702609,-0.0017775881957913242,-0.8471365032671727
2026-01-05 04:00:00,32,0.7462540286807062,-0.5080955006406289,0.10170694039643023,0.2462472111800409,-0.3438540003233186
2026-01-05 08:00:00,32,0.453455629322697,0.277136574735203,-0.22013197756333114,-0.2920321328814026,0.7462540286807062
2026-01-05 12:00:00,32,0.28317441461359927,-0.3822242313596401,-0.13368740737167004,-0.619113514464436,0.453455629322697
2026-01-05 16:00:00,32,-0.5700696446848248,-0.2542713167607729,-0.08341429642052825,-0.8233696153295327,0.28317441461359927
2026-01-05 20:00:00,32,-1.5536265703170695,-0.8719697251331522,0.16849389753259178,-0.41217355793232713,-0.5700696446848248
2026-01-06 00:00:00,32,0.6030214761310617,0.2028018708542471,0.45887511505882506,0.7084704306370337,-1.5536265703170695
2026-01-06 04:00:00,32,0.5145627118208687,-0.23558073903397217,-0.17784460007166233,0.2735059384511267,0.6030214761310617
2026-01-06 08:00:00,32,0.3772618076805543,0.5601362741839448,-0.15172840586689057,-0.09765249869269788,0.5145627118208687
2026-01-06 12:00:00,32,-0.34890386153302444,-0.1910319729662544,-0.11119226334917268,-0.36977463213931117,0.3772618076805543
2026-01-06 16:00:00,32,0.7049875693971757,0.42985817130311826,0.10319784021950888,-0.11810732515200506,-0.34890386153302444
2026-01-06 20:00:00,32,-1.1807151704466037,-1.0851108168105414,-0.207948641370517,-0.6266208230254584,0.7049875693971757
2026-01-07 00:00:00,32,-0.1429821966682745,-0.3506178720182875,0.34877831892860633,0.2250390180543711,-1.1807151704466037
2026-01-07 04:00:00,32,-0.24815564845376414,-0.20126762678801438,0.04240239239119181,0.3281732861147084,-0.1429821966682745
2026-01-07 08:00:00,32,0.9274996434169331,1.102575999396144,0.07345336075408068,0.5071700546962905,-0.24815564845376414
2026-01-07 12:00:00,32,-0.1852609893058137,0.16027747300853673,-0.2736421719474179,-0.16184328457949704,0.9274996434169331
2026-01-07 16:00:00,32,0.4545936498500591,0.5822413105674835,0.054884605633435994,-0.02821296571876708,-0.1852609893058137
2026-01-07 20:00:00,32,-1.6066061614227305,-0.7538305469620661,-0.13402339177449737,-0.35611521113563427,0.4545936498500591
2026-01-08 00:00:00,32,-0.3650984338699992,0.34312365053791455,0.4745165871163926,0.8027434046959954,-1.6066061614227305
2026-01-08 04:00:00,32,0.2832864988953503,0.5794772702363638,0.10797905776775041,1.066091993713112,-0.3650984338699992
2026-01-08 08:00:00,32,1.1194377788604761,1.5539567603967286,-0.08344738771331692,0.8617550455073744,0.2832864988953503
2026-01-08 12:00:00,32,-0.4706981147416265,0.4202245211513438,-0.33030918125547976,0.05429510537426374,1.1194377788604761
2026-01-08 16:00:00,32,0.5688783949209046,1.0042133882000677,0.13915586421662315,0.3938136375582779,-0.4706981147416265
2026-01-08 20:00:00,32,-0.6828797036054226,-0.5350075413334012,-0.16776434011565697,-0.016523161306453815,0.5688783949209046
2026-01-09 00:00:00,32,-0.15114827628865868,0.004105892438162884,0.20179946572582272,0.4760437459428637,-0.6828797036054226
2026-01-09 04:00:00,32,-0.2618673463488932,0.012855485431264795,0.04481331145523991,0.5850682763169424,-0.15114827628865868
2026-01-09 08:00:00,32,1.4376876051140286,1.4207703618942382,0.07750154487578774,0.7739554085887637,-0.2618673463488932
2026-01-09 12:00:00,32,0.5600203356599369,0.08230169142609835,-0.42426792387285683,-0.26306082355697846,1.4376876051140286
2026-01-09 16:00:00,32,-0.10659494916283307,-0.012077951608522024,-0.16514912388761213,-0.6670082293391957,0.5600203356599369
2026-01-09 20:00:00,32,-1.6365254289641467,-1.1305072033036265,0.03165957419969122,-0.5901203907340626,-0.10659494916283307
2026-01-10 00:00:00,32,2.4136124797976493,0.6453042976145303,0.4833498260573769,0.5903192458867803,-1.6365254289641467
2026-01-12 04:00:00,33,-1.5059342791434354,-1.6035787198131843,-0.5725928672319184,-1.2352566393548,2.4136124797976493
2026-01-12 08:00:00,33,0.6877884828316034,0.5364301737091386,0.3712024117874867,-0.1372619430225548,-1.5059342791434354
2026-01-12 12:00:00,33,0.1202776139751709,-0.39608722164930965,-0.15702835405463417,-0.6387367529173442,0.6877884828316034
2026-01-12 16:00:00,33,-0.7622472757161969,-0.1285217276383715,-0.02037630937699783,-0.7264325999813686,0.1202776139751709
2026-01-12 20:00:00,33,-1.1894031388105617,-0.6975348492254719,0.1921285733898195,-0.17066899354687415,-0.7622472757161969
2026-01-13 00:00:00,33,-0.4810616056819974,0.06220558271873715,0.29498426354692237,0.6965390621444669,-1.1894031388105617
2026-01-13 04:00:00,33,1.0640336476420664,0.3467207917700892,0.12442132961200021,1.0472868331217935,-0.4810616056819974
2026-01-13 08:00:00,33,0.4367741455898546,0.8846612682347743,-0.24762515826215106,0.27148717306321224,1.0640336476420664
2026-01-13 12:00:00,33,0.6738581939507409,0.11780837927125666,-0.09658612411707101,-0.046970081011306064,0.4367741455898546
2026-01-13 16:00:00,33,0.3402703709252588,0.08327729448095882,-0.15367405273110907,-0.5382881506542816,0.6738581939507409
2026-01-13 20:00:00,33,-1.719652975939809,-1.2422519606783595,-0.07334879272710072,-0.7863833482796725,0.3402703709252588
2026-01-14 00:00:00,33,0.03637066869610095,-0.1398076777826458,0.422664152003871,0.467436206307962,-1.719652975939809
2026-01-14 04:00:00,33,-0.6046732475944836,-0.13305570181216592,-0.000172193008012295,0.4409179167096333,0.03637066869610095
2026-01-14 08:00:00,33,0.2545011654712752,1.455769535378383,0.15418601702202103,0.8817924144004454,-0.6046732475944836
2026-01-14 12:00:00,33,1.736634736360859,0.8022171651995978,-0.052696259112580364,0.6962325704099239,0.2545011654712752
2026-01-14 16:00:00,33,-0.8150457105500095,0.06492836325705646,-0.40958208115075745,-0.5699685888300081,1.736634736360859
2026-01-14 20:00:00,33,-0.5589774288538649,-0.45126874171063347,0.20484201109077158,0.024290987996463898,-0.8150457105500095
2026-01-15 00:00:00,33,-0.75961792118202,-0.10078663966925623,0.14318283204918153,0.4318481176476183,-0.5589774288538649
2026-01-15 04:00:00,33,0.44759199355184265,0.34593261836996303,0.19149544600319923,0.9856946302399123,-0.75961792118202
2026-01-15 08:00:00,33,0.6902112016092801,1.2670936965758681,-0.0991909747448595,0.6593499538173564,0.44759199355184265
2026-01-15 12:00:00,33,1.043690760424342,0.3463069339339232,-0.1576117252159928,0.15610871068212973,0.6902112016092801
2026-01-15 16:00:00,33,-0.11474193544707312,-0.013925628866974968,-0.2427267549266339,-0.6048587069721876,1.043690760424342
2026-01-15 20:00:00,33,-1.1534214217062306,-0.9766188893290271,0.0362145045266757,-0.5211989893386644,-0.11474193544707312
2026-01-16 00:00:00,33,-1.4533889757410847,-0.22074864891565504,0.28632015597973676,0.31977436601239795,-1.1534214217062306
2026-01-16 04:00:00,33,1.437058428960512,0.6576893509529007,0.3585499260957026,1.379457653107206,-1.4533889757410847
2026-01-16 08:00:00,33,-0.0784556536498684,0.9735926234237174,-0.33744652007203235,0.33168116300985595,1.437058428960512
2026-01-16 12:00:00,33,0.3102201037679251,0.5427919370859393,0.02747706023538172,0.38888411854244076,-0.0784556536498684
2026-01-16 16:00:00,33,2.17597490119506,0.7254647831515927,-0.06611293051633184,0.16269893015124204,0.3102201037679251
2026-01-16 20:00:00,33,-2.4560999171606444,-1.851532042510125,-0.5153716529955767,-1.4238303984880005,2.17597490119506
2026-01-17 00:00:00,33,2.333816114938159,0.27227204362240914,0.5999946417567942,0.36694143003984614,-2.4560999171606444
2026-01-19 04:00:00,33,-2.053058362738369,-1.7276155390580645,-0.5533785455082396,-1.3346718155756037,2.333816114938159
2026-01-19 08:00:00,33,1.5083212385243563,0.7997805608916186,0.5029454828343598,0.16223759459433573,-2.053058362738369
2026-01-19 12:00:00,33,-1.5023671379932608,-0.6516529485392445,-0.35460603043699757,-0.9374974623744325,1.5083212385243563
2026-01-19 16:00:00,33,-0.07000017546067738,0.6844813370670518,0.37034347293965925,0.15789638867644484,-1.5023671379932608
2026-01-19 20:00:00,33,0.1404814043037348,0.20890984402689386,0.025441049214820252,0.20893435392009785,-0.07000017546067738
2026-01-20 04:00:00,33,0.2659654933340292,-0.4099747146471623,-0.025241219302335235,0.10650768165752034,0.1404814043037348
2026-01-20 08:00:00,33,1.353968149354552,0.6579168059290964,-0.05545677689166178,-0.08741094090963308,0.2659654933340292
2026-01-20 12:00:00,33,0.11364342661779503,-0.7374735127287207,-0.31743905021710106,-1.0746053142521923,1.353968149354552
2026-01-20 16:00:00,33,-1.167324554906779,-0.501408004912513,-0.01877885051425087,-1.157464095958348,0.11364342661779503
2026-01-20 20:00:00,33,-0.5711170785006701,-0.7690157960380514,0.28966791843424067,-0.30635379988681244,-1.167324554906779
2026-01-21 00:00:00,33,0.08551578294131446,-0.3797097859361386,0.14610596187266642,0.11005449353166519,-0.5711170785006701
2026-01-21 04:00:00,33,0.4292319860348073,-0.40895471125820815,-0.012005940546728421,0.047703913282125754,0.08551578294131446
2026-01-21 08:00:00,33,0.5986418689559159,0.5204350295223502,-0.09477003286482943,-0.26525426204438496,0.4292319860348073
2026-01-21 12:00:00,33,0.15011241948704246,-0.4075238637555563,-0.1355625677045894,-0.7017312094247767,0.5986418689559159
2026-01-21 16:00:00,33,0.12951058399761273,-0.221760488363484,-0.027560290159554877,-0.8111799700600191,0.15011241948704246
2026-01-21 20:00:00,33,-0.16313522323848773,-1.4129495454880803,-0.02259953416660654,-0.9056076860086542,0.12951058399761273
2026-01-22 00:00:00,33,-0.7502252772645939,-1.304131083673016,0.04786721831292576,-0.7866638433844475,-0.16313522323848773
2026-01-22 04:00:00,33,-0.32995977570510604,-0.8496388673810228,0.18923377302620123,-0.23966561982355472,-0.7502252772645939
2026-01-22 08:00:00,33,-0.1228168670896963,0.6386110514406181,0.08803722640974358,0.000911999495432525,-0.32995977570510604
2026-01-22 12:00:00,33,-0.4429659447691279,0.22635608708526997,0.03815888300495952,0.09045924637883118,-0.1228168670896963
2026-01-22 16:00:00,33,1.1518756395866632,0.8818465345598031,0.11524820140816576,0.4134310152988867,-0.4429659447691279
2026-01-22 20:00:00,33,-1.2849243250925362,-0.8225440938674407,-0.26877680216277616,-0.4264152918187456,1.1518756395866632
2026-01-23 00:00:00,33,0.2193577379130751,-0.003908189411055843,0.3179849955712589,0.5104384033786094,-1.2849243250925362
2026-01-23 04:00:00,33,-0.5196837453856205,-0.17819556012364102,-0.04423400491384476,0.35050205279298474,0.2193577379130751
2026-01-23 08:00:00,33,2.0704006460463997,1.3195277296429215,0.13372122966670835,0.729409687811458,-0.5196837453856205
2026-01-23 12:00:00,33,-1.3550751170619417,-0.5345161855900256,-0.48995022298762986,-0.7801441885601132,2.0704006460463997
2026-01-23 16:00:00,33,2.295576185998625,0.7297301635877835,0.33487674105922044,0.20785728817902793,-1.3550751170619417
2026-01-23 20:00:00,33,-0.3188420742348086,-1.8841746779519197,-0.5441706787259792,-1.4658747678352313,2.295576185998625
2026-01-24 00:00:00,33,2.1069010449677776,-1.1778479497863614,0.08536017347313093,-1.2334031976439217,-0.3188420742348086
2026-01-26 04:00:00,33,-2.987890931531604,-2.8291155480129433,-0.4987392249572424,-2.769569951472855,2.1069010449677776
2026-01-26 08:00:00,33,0.8803219296948832,-0.37579088756449575,0.728045633275989,-0.5910629332868123,-2.987890931531604
2026-01-26 12:00:00,33,-1.0362381546675152,-1.3042080381592989,-0.20338885678071691,-1.2329161823009311,0.8803219296948832
2026-01-26 16:00:00,33,0.7079850756739532,-0.19542144929120914,0.25810336944468104,-0.4773825486491319,-1.0362381546675152
2026-01-26 20:00:00,33,-1.1923466304598342,-1.685835085591199,-0.1618915308832827,-0.993582935969183,0.7079850756739532
2026-01-27 00:00:00,33,-0.3437452575465798,-0.9285880525119122,0.29569303261979524,-0.12422874530743577,-1.1923466304598342
2026-01-27 04:00:00,33,0.881000932321701,-0.6284027442165296,0.09135665936492171,0.1264000337188218,-0.3437452575465798
2026-01-27 08:00:00,33,0.9977298651694024,0.03818613544340912,-0.20355235514240133,-0.515948284232481,0.881000932321701
2026-01-27 12:00:00,33,-0.668131719941691,-1.1539277781645918,-0.23165974166491782,-1.2434050633898046,0.9977298651694024
2026-01-27 16:00:00,33,1.5727647087881511,-0.4005511177791745,0.1694663058662491,-0.7562622344447139,-0.668131719941691
2026-01-27 20:00:00,33,0.07848882760249154,-2.6237115398890007,-0.3701234988432244,-1.9029837964309113,1.5727647087881511
2026-01-28 00:00:00,33,-1.6243058797229555,-2.7487903637028697,-0.010313906318655327,-1.9602109394891674,0.07848882760249154
2026-01-28 04:00:00,33,0.04924044662621263,-1.6489061084111993,0.3997053394645388,-0.775910093258668,-1.6243058797229555
2026-01-28 08:00:00,33,1.1492832889866094,-0.39824334653415705,-0.0032711318393349887,-0.8118118918891923,0.04924044662621263
2026-01-28 12:00:00,33,-0.5010372174114028,-1.6902472529762682,-0.26815258502534495,-1.649768085175623,1.1492832889866094
2026-01-28 16:00:00,33,0.6375719081442632,-1.0265294904095479,0.1292312959691386,-1.2844558567457725,-0.5010372174114028
2026-01-28 20:00:00,33,-0.05456540056395198,-2.5574396370119548,-0.14493660747441448,-1.7493171613646012,0.6375719081442632
2026-01-29 00:00:00,33,-1.192400349781316,-2.4624740928725615,0.021724479780605314,-1.7095328751230117,-0.05456540056395198
2026-01-29 04:00:00,33,-0.7204169228349162,-1.6183950909178142,0.29570596779958125,-0.8401395170614023,-1.192400349781316
2026-01-29 08:00:00,33,0.6098244274891869,0.10228910489114655,0.18205616145111508,-0.3148749212713007,-0.7204169228349162
2026-01-29 12:00:00,33,0.07154828869681396,-0.8602367279171944,-0.1382552376994004,-0.7595052058397815,0.6098244274891869
2026-01-29 16:00:00,33,1.701135611963677,-0.5091397573155104,-0.008642680471409992,-0.8116719189618404,0.07154828869681396
2026-01-29 20:00:00,33,-2.110465090943501,-2.8291155480129433,-0.40103417801911206,-2.051990241976865,1.701135611963677
2026-01-30 00:00:00,33,1.1837383642699066,-1.558904254299951,0.5167685604492296,-0.5132248995952793,-2.110465090943501
2026-01-30 04:00:00,33,-0.3857373485767823,-2.6969415718605747,-0.2764490895424691,-1.376302700409168,1.1837383642699066
2026-01-30 08:00:00,33,-0.15402444352457145,-1.0275440232688868,0.10146801654673152,-1.0950569855194896,-0.3857373485767823
2026-01-30 12:00:00,33,0.4288558951611403,-1.4328447890174396,0.04567341596509945,-0.9827559213643529,-0.15402444352457145
2026-01-30 16:00:00,33,0.13603165443527843,-1.2212756569767138,-0.09467947321268612,-1.2954398843362185,0.4288558951611403
2026-01-30 20:00:00,33,-0.516555069724717,-2.6351706125570806,-0.024169755386491833,-1.3946221907435028,0.13603165443527843
2026-01-31 00:00:00,33,0.7192514502347986,-1.5135747994267903,0.13296786977589756,-1.0179957105734143,-0.516555069724717
2026-02-02 04:00:00,33,-1.4955861826037733,-2.8291155480129433,-0.16460438310221195,-1.5424105463498332,0.7192514502347986
2026-02-02 08:00:00,33,0.26356804405624956,-0.9372789355516027,0.36871067351731773,-0.4519607709846216,-1.4955861826037733
2026-02-02 12:00:00,33,0.10775952522659793,-0.9578688312639181,-0.054879490422277195,-0.6441313846059753,0.26356804405624956
2026-02-02 16:00:00,33,0.928236319103199,-0.6374558277524764,-0.017362054466963046,-0.7227001434268345,0.10775952522659793
2026-02-02 20:00:00,33,-0.6314653988282064,-2.4112918184779124,-0.21492625569489213,-1.399488346892122,0.928236319103199
2026-02-03 00:00:00,33,-1.7933821235841485,-1.8036229583471668,0.16063735116964398,-0.9390793712593553,-0.6314653988282064
2026-02-03 04:00:00,33,0.5761863460206946,-0.5247641505738933,0.44041753670686445,0.3684969867955772,-1.7933821235841485
2026-02-03 08:00:00,33,0.7764771044115726,0.37286770319136886,-0.13015545871020673,-0.05160737020838546,0.5761863460206946
2026-02-03 12:00:00,33,0.10240759577849445,-0.5877383499154213,-0.17838385955000094,-0.6177461149564358,0.7764771044115726
2026-02-03 16:00:00,33,-0.02838392723368166,-0.32363045530733947,-0.016073352977373057,-0.6924127179989537,0.10240759577849445
2026-02-03 20:00:00,33,-0.9315929752753487,-1.3396538388408383,0.015420191951785716,-0.6717176571352166,-0.02838392723368166
2026-02-04 00:00:00,33,0.2460375167672062,-0.7337195009693235,0.23290565339315783,0.007517924496220019,-0.9315929752753487
2026-02-04 04:00:00,33,-0.46298680273580217,-0.7840225814144346,-0.050658280697867666,-0.1718709719852427,0.2460375167672062
2026-02-04 08:00:00,33,0.24822645215751038,0.659598671882461,0.12006906269468097,0.1656982439601471,-0.46298680273580217
2026-02-04 12:00:00,33,1.0999987861086975,-0.017467291476855627,-0.051185358703184206,-0.015286631497593461,0.24822645215751038
2026-02-04 16:00:00,33,0.2459995877800356,-0.39530720103826966,-0.25628527382695576,-0.8173089042133999,1.0999987861086975
2026-02-04 20:00:00,33,-1.703090383211677,-1.7439594911869376,-0.05064914770335805,-0.9966701462166245,0.2459995877800356
2026-02-05 00:00:00,33,-0.10142014184920356,-0.5282058459006217,0.4186760131228961,0.24507342389754072,-1.703090383211677
2026-02-05 04:00:00,33,0.4146501791204713,-0.5358956628797191,0.0330067239645331,0.31902006246866677,-0.10142014184920356
2026-02-05 08:00:00,33,0.7805186833456634,0.44197301018432034,-0.09125885124824863,0.016693656985385275,0.4146501791204713
2026-02-05 12:00:00,33,-0.3485290713222202,-0.5666472694081746,-0.17935703919355997,-0.5523918513073305,0.7805186833456634
2026-02-05 16:00:00,33,1.2338324215347303,0.024158931540028843,0.0925085631779986,-0.29827513643510706,-0.3485290713222202
2026-02-05 20:00:00,33,-1.6800963102645259,-1.8442151154974695,-0.288511334914493,-1.197877113606694,1.2338324215347303
2026-02-06 00:00:00,33,-0.33771152303386387,-0.8037745879717862,0.41313922562484057,0.027101202875414288,-1.6800963102645259
2026-02-06 04:00:00,33,-0.48067904564261,-0.6761060528442989,0.08990378470920611,0.27333071389523056,-0.33771152303386387
2026-02-06 08:00:00,33,0.8492562786755435,1.0530033528986351,0.12432921223687471,0.6237995557718037,-0.48067904564261
2026-02-06 12:00:00,33,0.31250130098623785,0.07624012856263061,-0.19590849831711787,0.004596644511297043,0.8492562786755435
2026-02-06 16:00:00,33,0.5681700558139298,0.3181444287118168,-0.06666222442646176,-0.22325179205857815,0.31250130098623785
2026-02-06 20:00:00,33,-1.4221020621481166,-1.1082961232139061,-0.1282252006171924,-0.6375113759849977,0.5681700558139298
2026-02-07 00:00:00,33,1.2605403521167045,0.27373283057535236,0.3510162893871285,0.39936024816710614,-1.4221020621481166
2026-02-09 04:00:00,34,-0.6807584340466182,-1.0241906822292615,-0.44744483969969095,-0.26712493563671913,1.2605403521167045
2026-02-09 08:00:00,34,0.5621777196035413,0.4266583293340455,0.25408339994433193,0.12157712229922524,-0.6807584340466182
2026-02-09 12:00:00,34,0.1025243742233446,-0.3370948743600199,-0.19507714045006722,-0.19941726514698033,0.5621777196035413
2026-02-09 16:00:00,34,0.23852265342152457,0.1929285888047815,-0.028971951218301654,-0.25795702500323436,0.1025243742233446
2026-02-09 20:00:00,34,-1.4387554465071961,-1.027284237437429,-0.07811772624300665,-0.39414960318132586,0.23852265342152457
2026-02-10 00:00:00,34,0.5729214468122947,-0.14061171578932435,0.5280012087829353,0.4273564920124908,-1.4387554465071961
2026-02-10 04:00:00,34,-0.5285790236441983,-0.4464333824132744,-0.1989596072242149,0.10022761005680003,0.5729214468122947
2026-02-10 08:00:00,34,0.7966789532194625,0.8026775170593242,0.1990902403902244,0.40203768540314755,-0.5285790236441983
2026-02-10 12:00:00,34,0.5339921152211584,-0.10205278345880524,-0.2798189837899356,-0.05285311453874719,0.7966789532194625
2026-02-10 16:00:00,34,0.4389602961137449,0.11199471524590879,-0.18489169266294206,-0.3577539776455243,0.5339921152211584
2026-02-10 20:00:00,34,-1.2549640743124062,-1.2994480232299783,-0.15054999047687564,-0.6083932087121777,0.4389602961137449
2026-02-11 00:00:00,34,0.009480497128055987,-0.5332609386001248,0.4615844167277617,0.10817098487591537,-1.2549640743124062
2026-02-11 04:00:00,34,-0.3208847109630355,-0.4359843715118204,0.004651367239190641,0.10275777431600197,0.009480497128055987
2026-02-11 08:00:00,34,0.10161798271327882,0.6899395701378471,0.12403562922073424,0.28597775555088845,-0.3208847109630355
2026-02-11 12:00:00,34,2.3549339840920336,0.21208289374470782,-0.028644408005985837,0.22795553059047613,0.10161798271327882
2026-02-11 16:00:00,34,-0.9848254937761407,-0.755575596010045,-0.8429264850751649,-1.1166736949024223,2.3549339840920336
2026-02-11 20:00:00,34,-1.8546860007744002,-1.2807570639552737,0.36396428518784635,-0.5543542626434999,-0.9848254937761407
2026-02-12 00:00:00,34,0.8507937963022485,-0.08047276681505038,0.6783062682765882,0.5046414534148997,-1.8546860007744002
2026-02-12 04:00:00,34,-0.3611909833623521,-0.5543098286164956,-0.29937449522231413,0.01885195311298915,0.8507937963022485
2026-02-12 08:00:00,34,1.3379198323408996,0.5875470634273959,0.13860112966015306,0.22508616413304594,-0.3611909833623521
2026-02-12 12:00:00,34,-0.6854453397653462,-0.6171934049391686,-0.47540750620582567,-0.5388444258897387,1.3379198323408996
2026-02-12 16:00:00,34,0.7380384964778219,0.34089977750305817,0.2557771097131074,-0.14746622057594827,-0.6854453397653462
2026-02-12 20:00:00,34,-1.7174117016823427,-1.320298802277841,-0.2586280487916259,-0.5688742679380656,0.7380384964778219
2026-02-13 00:00:00,34,-0.30421331352116354,-0.18509336915904964,0.6286993772215829,0.4117400430724114,-1.7174117016823427
2026-02-13 04:00:00,34,-0.16940380609221606,0.06453485264976211,0.11801107690392341,0.5854409259454858,-0.30421331352116354
2026-02-13 08:00:00,34,1.0290364482591272,1.123554631407852,0.06929488900540026,0.682167759954444,-0.16940380609221606
2026-02-13 12:00:00,34,0.14413352559994053,0.07453923594515992,-0.36378614310878815,0.09460458757951962,1.0290364482591272
2026-02-13 16:00:00,34,1.4888829007276385,0.5075342406010461,-0.04400827377017144,0.012306675109700294,0.14413352559994053
2026-02-13 20:00:00,34,-1.7904300126274855,-1.4989092164015423,-0.5299611155582086,-0.8378213858800478,1.4888829007276385
2026-02-14 00:00:00,34,-0.5445452912871858,0.5822776013925554,0.6550860455202651,0.18448519996964308,-1.7904300126274855
2026-02-16 04:00:00,34,-0.7912000178212146,-0.010296333411041183,0.204859979553049,0.49541175596463205,-0.5445452912871858
2026-02-16 08:00:00,34,0.4375972701721871,1.4556474006897322,0.293993737498302,0.9471741723888414,-0.7912000178212146
2026-02-16 12:00:00,34,0.38364696827551015,0.7741719303442222,-0.15005743302194624,0.6973132070946058,0.4375972701721871
2026-02-16 16:00:00,34,0.35244078390993394,0.9956283104818772,-0.13056138193099623,0.47825699180375736,0.38364696827551015
2026-02-16 20:00:00,34,-1.0401600406830482,0.5788440710785173,-0.11928438544800986,0.2770190031797828,0.35244078390993394
2026-02-17 04:00:00,34,0.1059333487722185,0.3239719355891489,0.3839605616805658,0.870933566959609,-1.0401600406830482
2026-02-17 08:00:00,34,1.3134295980641006,1.208736636109639,-0.030203854277896718,0.8104473377592711,0.1059333487722185
2026-02-17 12:00:00,34,0.10867516667855881,-0.058484059631880456,-0.4665574564025044,0.06050027549998305,1.3134295980641006
2026-02-17 16:00:00,34,0.7673110597208481,0.3752762574135508,-0.031194666564479775,-0.0015514873895163817,0.10867516667855881
2026-02-17 20:00:00,34,-1.5637411407705013,-1.2324188165822691,-0.26920629151660785,-0.4396736950243003,0.7673110597208481
2026-02-18 00:00:00,34,-0.7164315045594911,-0.19880504554746561,0.5731673597650366,0.453197210567696,-1.5637411407705013
2026-02-18 04:00:00,34,0.19170400756781447,0.31173573441175956,0.2669745975992031,0.8622680149308017,-0.7164315045594911
2026-02-18 08:00:00,34,1.2827512259275728,1.1541408216993485,-0.061198845727358425,0.7528081264748696,0.19170400756781447
2026-02-18 12:00:00,34,0.29445967487212954,-0.08359867799893932,-0.4554711957230667,0.02037791863442351,1.2827512259275728
2026-02-18 16:00:00,34,-0.4114875667217639,0.2142649198364476,-0.09833171930212117,-0.147753794286972,0.29445967487212954
2026-02-18 20:00:00,34,-0.46697702199046986,-0.6796598973937936,0.1567768344180854,0.08719895253254073,-0.4114875667217639
2026-02-19 00:00:00,34,0.1868331398698153,-0.43218190586962807,0.17682909023306745,0.35383528104266837,-0.46697702199046986
2026-02-19 04:00:00,34,-0.3690217040791097,-0.45424679553442476,-0.059438657514152185,0.2471565792800714,0.1868331398698153
2026-02-19 08:00:00,34,0.8641512473540303,0.7582906916897652,0.14143092163175777,0.4578620052061737,-0.3690217040791097
2026-02-19 12:00:00,34,0.93493433216344,-0.2165715123654495,-0.3042014848589827,-0.035554383655520994,0.8641512473540303
2026-02-19 16:00:00,34,-0.9360895841053569,-0.3174620007628534,-0.3297804082255691,-0.5693867693766634,0.93493433216344
2026-02-19 20:00:00,34,-0.5323920813600758,-0.7852911242628897,0.3463525619629194,-0.03489475347717885,-0.9360895841053569
2026-02-20 00:00:00,34,-0.07951002872277613,-0.459476908400229,0.20046816721228114,0.2690925161675626,-0.5323920813600758
2026-02-20 04:00:00,34,-0.560140669015766,-0.35715403016027875,0.036809923866381544,0.31449145688633884,-0.07951002872277613
2026-02-20 08:00:00,34,1.2208787708089552,0.9596220734746429,0.21049569001786458,0.6343227213861535,-0.560140669015766
2026-02-20 12:00:00,34,0.5816182685038065,-0.20705107522808888,-0.4331123116444332,-0.06277931506286905,1.2208787708089552
2026-02-20 16:00:00,34,1.190358154943313,-0.10407492737484922,-0.2021023825946163,-0.3948739415762841,0.5816182685038065
2026-02-20 20:00:00,34,-1.7182240412101013,-1.9099558352121495,-0.4220830594377747,-1.0745491998862136,1.190358154943313
2026-02-21 00:00:00,34,1.6002267490047757,0.15978979598252335,0.628992932815891,-0.09347105614096485,-1.7182240412101013
2026-02-23 04:00:00,34,-1.8993506960516733,-1.738875031260646,-0.5701975049454524,-1.0071746540602593,1.6002267490047757
2026-02-23 08:00:00,34,0.11708927839777417,0.527262914336966,0.6944467744549432,0.07732388077066332,-1.8993506960516733
2026-02-23 12:00:00,34,0.35948207316746483,-0.015331214534603383,-0.03423527887239511,0.010467796146183872,0.11708927839777417
2026-02-23 16:00:00,34,0.0013725532094870374,0.30941362413916956,-0.12182890012698029,-0.19479065478577162,0.35948207316746483
2026-02-23 20:00:00,34,-0.951185844630885,-0.8626802843423977,0.007581339515929914,-0.19557436047412224,0.0013725532094870374
2026-02-24 00:00:00,34,1.0524695746269046,-0.2603354453447841,0.35180790616195,0.3475373760780016,-0.951185844630885
2026-02-24 04:00:00,34,-0.9163681204383849,-0.8614071640303316,-0.37225418522951287,-0.253405732537864,1.0524695746269046
2026-02-24 08:00:00,34,0.5165756449289489,0.6401295484767346,0.33922580549034287,0.26982564650502816,-0.9163681204383849
2026-02-24 12:00:00,34,-0.5507117300704891,-0.08484386557672828,-0.1785978929490642,-0.025130693690265105,0.5165756449289489
2026-02-24 16:00:00,34,0.872718646528801,0.795166750463931,0.20708834902165252,0.2893167991383052,-0.5507117300704891
2026-02-24 20:00:00,34,-0.7619984165025624,-0.8761425509120133,-0.3072974907413554,-0.2089914361168237,0.872718646528801
2026-02-25 00:00:00,34,-0.6833949021273007,-0.384173781041203,0.28344113832404116,0.22609733814607758,-0.7619984165025624
2026-02-25 04:00:00,34,0.7003354217091271,0.1378253591013724,0.25503614190486973,0.6163047767242436,-0.6833949021273007
2026-02-25 08:00:00,34,-0.5267539490272135,0.5911911710018368,-0.2450032673514008,0.2164245753940719,0.7003354217091271
2026-02-25 12:00:00,34,1.2323787017988028,0.5324595149055186,0.1984307121442903,0.5171925626456861,-0.5267539490272135
2026-02-25 16:00:00,34,0.3064714822845449,0.26795755741061283,-0.43726804820638704,-0.18647574844396608,1.2323787017988028
2026-02-25 20:00:00,34,-1.454218733434999,-0.9604412890025174,-0.10267243293622831,-0.36146600916620564,0.3064714822845449
2026-02-26 00:00:00,34,-0.343668076444942,-0.10036304960586889,0.5335891855204118,0.46886937282110885,-1.454218733434999
2026-02-26 04:00:00,34,0.624308520528178,0.10250741721644085,0.13226886688286485,0.6650982873377789,-0.343668076444942
2026-02-26 08:00:00,34,0.6206179899358801,0.7063754822834807,-0.21752938309864764,0.3086282172223811,0.624308520528178
2026-02-26 12:00:00,34,-0.05072502574595461,-0.14274073346797483,-0.2161957339724954,-0.04573461960091585,0.6206179899358801
2026-02-26 16:00:00,34,1.5024081890484684,0.44299383285898236,0.02640787107038362,-0.016771450126682907,-0.05072502574595461
2026-02-26 20:00:00,34,-2.4410727226565268,-1.700209111535561,-0.5348487566436604,-0.8746222320429027,1.5024081890484684
2026-02-27 00:00:00,34,0.7759543717826993,-0.0874472552352481,0.8902091694088764,0.5191908203017572,-2.4410727226565268
2026-02-27 04:00:00,34,-0.7400391316293664,-0.5308988357803703,-0.2723297300818933,0.07613342124252931,0.7759543717826993
2026-02-27 08:00:00,34,1.3343599578410057,0.9285368440618894,0.2755056991372787,0.4986837989257893,-0.7400391316293664
2026-02-27 12:00:00,34,-0.2167372198637132,-0.39182248926286073,-0.4741210723456367,-0.26321416032094014,1.3343599578410057
2026-02-27 16:00:00,34,1.0133069144781377,0.2980615778009161,0.08639979149446353,-0.13946071243259262,-0.2167372198637132
2026-02-27 20:00:00,34,-1.4621140202924519,-1.4060716428320903,-0.35810195259548383,-0.7180425753660771,1.0133069144781377
2026-02-28 00:00:00,34,2.310347168078504,0.4750500744137379,0.5364423097947746,0.11680088774958186,-1.4621140202924519
2026-03-02 04:00:00,34,-1.482124611011951,-1.9334743719317857,-0.826814122170369,-1.2023699867710782,2.310347168078504
2026-03-02 08:00:00,34,1.0887297290245268,-0.013298081708437872,0.5436735482737473,-0.35610079992703625,-1.482124611011951
2026-03-02 12:00:00,34,-0.32405278856157693,-1.1414933460867374,-0.3853575377196557,-0.9777478703750759,1.0887297290245268
2026-03-02 16:00:00,34,0.08518455030943706,-0.3808231765689533,0.1251804792132245,-0.7927189680594271,-0.32405278856157693
2026-03-02 20:00:00,34,0.5322093328769704,-1.59118824809668,-0.02270584924947392,-0.8413579688468324,0.08518455030943706
2026-03-03 00:00:00,34,-1.69054073200914,-1.9120439656366461,-0.18424744759953351,-1.145240892062775,0.5322093328769704
2026-03-03 04:00:00,34,-0.1300452534120602,-0.7597096878453996,0.6189889997223904,-0.17996947023050502,-1.69054073200914
2026-03-03 08:00:00,34,0.6038068967329426,0.208638131170841,0.055071866576578046,-0.10571573337175977,-0.1300452534120602
2026-03-03 12:00:00,34,0.1918248911462399,-0.674241364572372,-0.2101206997195475,-0.4504797078125655,0.6038068967329426
2026-03-03 16:00:00,34,1.2708793059213157,-0.24082409988495754,-0.06124252949442155,-0.5600086188370828,0.1918248911462399
2026-03-03 20:00:00,34,-0.6432045694744559,-2.0837109648140437,-0.4511810332799921,-1.2856601523236133,1.2708793059213157
2026-03-04 00:00:00,34,-0.5190811718632116,-1.6365986416731717,0.24051253867716657,-0.9184007438101354,-0.6432045694744559
2026-03-04 04:00:00,34,-0.8345039863097234,-1.284571355552243,0.19565799632361996,-0.6220137882498982,-0.5190811718632116
2026-03-04 08:00:00,34,1.7817204999558296,0.2164758248719261,0.3096425170678721,-0.14552550604651593,-0.8345039863097234
2026-03-04 12:00:00,34,-0.30060937774034535,-1.1859981371008388,-0.6357840043130834,-1.1628591009940337,1.7817204999558296
2026-03-04 16:00:00,34,-0.541054557131929,-0.4782774555968085,0.11670872059374192,-0.9912160071759484,-0.30060937774034535
2026-03-04 20:00:00,34,-1.1388423589583496,-1.2569598827402109,0.203598530978282,-0.6822826039382317,-0.541054557131929
2026-03-05 00:00:00,34,0.5743925953997966,-0.5207386671778306,0.4196214468143183,-0.032022032122208444,-1.1388423589583496
2026-03-05 04:00:00,34,-0.49068438478770204,-0.8832637613020217,-0.19949123702082372,-0.35999091613280143,0.5743925953997966
2026-03-05 08:00:00,34,2.4709923501107056,0.30711053018726303,0.18539623332731203,-0.07981806681493175,-0.49068438478770204
2026-03-05 12:00:00,34,-1.4251671163443334,-1.530774500062349,-0.8848665624034732,-1.4907147426337586,2.4709923501107056
2026-03-05 16:00:00,34,0.834454067629153,-0.05116055950375194,0.5230907862313947,-0.6769673642388252,-1.4251671163443334
2026-03-05 20:00:00,34,-0.30943569589984143,-1.729147757614012,-0.29346979823594654,-1.153427143682789,0.834454067629153
2026-03-06 00:00:00,34,-1.583947432390426,-1.4563213184357517,0.11989829217597461,-0.9767443649177263,-0.30943569589984143
2026-03-06 04:00:00,34,-0.36866372215037657,-0.35721634271128505,0.5804693187890129,-0.07233599354769993,-1.583947432390426
2026-03-06 08:00:00,34,1.088891408048891,0.7706363433312593,0.1413015574998279,0.13816503048568407,-0.36866372215037657
2026-03-06 12:00:00,34,1.7540526099078022,-0.3624314538745556,-0.38541596376007664,-0.4835743560709087,1.088891408048891
2026-03-06 16:00:00,34,-0.7275853347987944,-0.9130193236548099,-0.6257856432475941,-1.4851100331924423,1.7540526099078022
2026-03-06 20:00:00,34,-0.45135557894116474,-1.3959904424138243,0.2710052635373048,-1.0696705721207973,-0.7275853347987944
2026-03-07 00:00:00,34,2.2892803415239253,-0.12108411837496175,0.17118396052856846,-0.8119538349921545,-0.45135557894116474
2026-03-09 04:00:00,35,-2.975146065115508,-1.8283849614921293,-0.9083062333066868,-1.7520756242423268,2.2892803415239253
2026-03-09 08:00:00,35,1.8120833905466078,0.924275789921728,1.2320374709807886,-0.24925823510988288,-2.975146065115508
2026-03-09 12:00:00,35,-1.3328449585194466,-0.3508065618047628,-0.7142935506635509,-1.1645848679102775,1.8120833905466078
2026-03-09 16:00:00,35,0.145817694522,0.8806312096136472,0.5643315211713192,-0.4913330218356986,-1.3328449585194466
2026-03-09 20:00:00,35,0.8659365132130752,-0.25121826873241915,-0.03684438209723209,-0.564989024658658,0.145817694522
2026-03-10 00:00:00,35,-0.5243321516902935,-0.7382525867175458,-0.32962115602658265,-1.0023942550101976,0.8659365132130752
2026-03-10 04:00:00,35,-1.5271910037323089,-0.33393574572898893,0.23561664090438406,-0.7375415526569729,-0.5243321516902935
2026-03-10 08:00:00,35,1.2094630571868787,1.3612076579461947,0.643346270774411,0.033879126094285894,-1.5271910037323089
2026-03-10 12:00:00,35,-0.45649722579293694,0.44432738528777993,-0.46928782032312544,-0.5770495725553921,1.2094630571868787
2026-03-10 16:00:00,35,-0.06062532917836272,1.1207581556904798,0.20803717728188903,-0.34646191265651183,-0.45649722579293694
2026-03-10 20:00:00,35,0.32735296334628394,0.033475550175329674,0.04708860355793329,-0.3158386098279884,-0.06062532917836272
2026-03-11 00:00:00,35,-1.144816986141274,-0.18037226502373874,-0.1106506887528173,-0.4811924159718668,0.32735296334628394
2026-03-11 04:00:00,35,-0.4683837527017438,0.5909483825439895,0.4878854934707511,0.09708200702877612,-1.144816986141274
2026-03-11 08:00:00,35,1.3648441171493904,1.6865188851732231,0.2128698506008706,0.33367383577986764,-0.4683837527017438
2026-03-11 12:00:00,35,0.09160369970406812,0.5353185601193644,-0.5324606805300504,-0.35574155015937414,1.3648441171493904
2026-03-11 16:00:00,35,-0.4078471485765487,0.8428277459519624,-0.014802743838885402,-0.4020127683823338,0.09160369970406812
2026-03-11 20:00:00,35,-0.9246807822233709,-0.2004562355303892,0.18825764605853082,-0.1959994253147137,-0.4078471485765487
2026-03-12 00:00:00,35,0.8651947793027706,0.38568843721320967,0.3983853083134095,0.2710789394135471,-0.9246807822233709
2026-03-12 04:00:00,35,-0.1596567088674501,-0.18043685966904685,-0.3293195912629125,-0.16595162341104785,0.8651947793027706
2026-03-12 08:00:00,35,-0.6091550941584281,0.6766839788820437,0.08735152560716504,-0.08530520366347005,-0.1596567088674501
2026-03-12 12:00:00,35,1.0325025130330818,0.8847644639965755,0.2701028767955044,0.22239359435986472,-0.6091550941584281
2026-03-12 16:00:00,35,-0.3400452585005205,0.5857413985080016,-0.3973414471894481,-0.29914810374456735,1.0325025130330818
2026-03-12 20:00:00,35,-1.017692660903661,-0.3837975565593664,0.1606916137211815,-0.1273831159483203,-0.3400452585005205
2026-03-13 00:00:00,35,0.21872162889899727,0.2831735897556915,0.43620089800542894,0.38667777186194385,-1.017692660903661
2026-03-13 04:00:00,35,-0.5718508767516326,0.13330055747712177,-0.06648473888231282,0.2761962492426413,0.21872162889899727
2026-03-13 08:00:00,35,2.3143438696558256,1.280633614220413,0.25493620132079214,0.5650517954121437,-0.5718508767516326
2026-03-13 12:00:00,35,-0.6684587579564383,-0.3906914700649292,-0.9184962446204908,-0.6039786103658704,2.3143438696558256
2026-03-13 16:00:00,35,0.5376228865764201,0.4419783967089582,0.29421380810060715,-0.2663241142879409,-0.6684587579564383
2026-03-13 20:00:00,35,-1.2795341697761877,-0.9981108700025871,-0.1961395666710336,-0.5378902845059592,0.5376228865764201
2026-03-14 00:00:00,35,1.1248977189889295,1.1962961694565322,0.5426570969808077,0.10843300794527799,-1.2795341697761877
2026-03-16 04:00:00,35,-2.1034089990640474,-0.7913369973294933,-0.43490631790822837,-0.4597797171083906,1.1248977189889295
2026-03-16 08:00:00,35,1.7535237844181495,1.3424721811345963,0.8776176734575233,0.6027024437896138,-2.1034089990640474
2026-03-16 12:00:00,35,0.33296679228190307,0.016443140630381537,-0.690485128886674,-0.2830443322694691,1.7535237844181495
2026-03-16 16:00:00,35,0.45586520029483957,0.21117970700047672,-0.1129330881048427,-0.45123381758990355,0.33296679228190307
2026-03-16 20:00:00,35,-0.4312776858071654,-1.1280462637447426,-0.16289956375462916,-0.6815022263030848,0.45586520029483957
2026-03-17 00:00:00,35,-2.40271129220371,-0.8011214958094669,0.1977837366476928,-0.4636535588459312,-0.4312776858071654
2026-03-17 04:00:00,35,1.1727412836471913,0.7124885939780435,0.9993042028754959,0.7500133442102825,-2.40271129220371
2026-03-17 08:00:00,35,1.2184807074739137,0.7678010237599759,-0.45435794748706215,0.1576336910956453,1.1727412836471913
2026-03-17 12:00:00,35,0.4313940052166174,-0.18091337987026612,-0.4729541021795836,-0.4578500382529862,1.2184807074739137
2026-03-17 16:00:00,35,-1.3941963598492624,-0.007088901522561589,-0.1529503756994962,-0.6757574614241086,0.4313940052166174
2026-03-17 20:00:00,35,-0.8147742675940712,-0.18451450232129354,0.5892749956246567,0.028484443877196952,-1.3941963598492624
2026-03-18 00:00:00,35,-0.12079163073697785,0.3598411971882234,0.3537009118613436,0.44004640109171866,-0.8147742675940712
2026-03-18 04:00:00,35,-0.8749824692174109,0.42726371229790705,0.07155025518038395,0.5010611409263976,-0.12079163073697785
2026-03-18 08:00:00,35,2.2770649580339857,1.734100726780123,0.3781795986805689,0.9430356998712597,-0.8749824692174109
2026-03-18 12:00:00,35,1.1945023891575879,0.05855608926138882,-0.9033398576507985,-0.20716423660975902,2.2770649580339857
2026-03-18 16:00:00,35,-0.72550310051159,-0.34150292181980824,-0.46320530170570434,-0.8105359442494571,1.1945023891575879
2026-03-18 20:00:00,35,0.2028088824807952,-0.9163768335855275,0.3174061732363706,-0.44406698727877103,-0.72550310051159
2026-03-19 00:00:00,35,-0.9927432373036851,-1.011826465059501,-0.060015136311524234,-0.5465106013373724,0.2028088824807952
2026-03-19 04:00:00,35,0.032722903885773036,-0.3216155825408251,0.42605727786469305,-0.045052263726075736,-0.9927432373036851
2026-03-19 08:00:00,35,0.5473739856318947,0.43367088724476566,0.009136263167496666,-0.06158138461834284,0.032722903885773036
2026-03-19 12:00:00,35,0.7727990051940008,-0.13604122654158476,-0.2001040448232871,-0.3380730680390718,0.5473739856318947
2026-03-19 16:00:00,35,0.8711452930971841,-0.22041061316107016,-0.2917544895517247,-0.728432316926809,0.7727990051940008
2026-03-19 20:00:00,35,-0.10255584510300153,-1.5208247059894409,-0.33173887567366733,-1.1684686264975461,0.8711452930971841
2026-03-20 00:00:00,35,-3.1794670830880207,-1.2550303874904225,0.06413618079514952,-1.1166652178565055,-0.10255584510300153
2026-03-20 04:00:00,35,-0.27061736335742026,0.8125623700065743,1.3151077184667324,0.489359601114316,-3.1794670830880207
2026-03-20 08:00:00,35,1.6461315329676864,1.7559801467731453,0.132464500871042,0.6260548996152036,-0.27061736335742026
2026-03-20 12:00:00,35,0.7065819396286592,0.4965635242376834,-0.6468229496621029,-0.20544548335743595,1.6461315329676864
2026-03-20 16:00:00,35,0.2703463491223932,0.4511428724181045,-0.26483279505896384,-0.562356909714465,0.7065819396286592
2026-03-20 20:00:00,35,-0.934426188356694,-0.7289005926182752,-0.08747366272335906,-0.6989153124474852,0.2703463491223932
2026-03-21 00:00:00,35,1.0977546055857275,1.222340679004211,0.40234747190959463,-0.22691431014756347,-0.934426188356694
2026-03-23 04:00:00,35,-2.3925479793207174,-0.8722154263970275,-0.42387081519628333,-0.781416399849304,1.0977546055857275
2026-03-23 08:00:00,35,2.212469698267274,1.5145991813504047,0.9951721320545642,0.4271167709472259,-2.3925479793207174
2026-03-23 12:00:00,35,2.31618125586494,-0.04189253397706556,-0.8770775363855361,-0.6904545558762116,2.212469698267274
2026-03-23 16:00:00,35,-1.7426871062571934,-0.4100940283294998,-0.9192432657964471,-1.860413069345471,2.31618125586494
2026-03-23 20:00:00,35,-1.0240260184148884,-0.13296225113580343,0.7309599423713621,-0.9801401584426808,-1.7426871062571934
2026-03-24 00:00:00,35,-0.3508242436631317,0.5376573130433021,0.4387758341578389,-0.46288014037422087,-1.0240260184148884
2026-03-24 04:00:00,35,-0.6311681830764648,0.740916476981674,0.16507399676718748,-0.28567042953411725,-0.3508242436631317
2026-03-24 08:00:00,35,1.5852008279464265,1.9106523924691154,0.2790526792313821,0.03314770585635962,-0.6311681830764648
2026-03-24 12:00:00,35,-0.9832009356025608,0.7088641321091259,-0.6220505165769759,-0.7675751216504461,1.5852008279464265
2026-03-24 16:00:00,35,0.8456323161126971,1.7077262319944444,0.4221776898919835,-0.27093682870752467,-0.9832009356025608
2026-03-24 20:00:00,35,0.23604209832252643,0.07646549733094689,-0.3213661331470534,-0.6980859237947818,0.8456323161126971
2026-03-25 00:00:00,35,-0.4268681313493232,-0.05582321285191355,-0.0735266756143374,-0.8173164295120303,0.23604209832252643
2026-03-25 04:00:00,35,-2.0209898346102477,0.21141174409526653,0.195990955935505,-0.6016951334082608,-0.4268681313493232
2026-03-25 08:00:00,35,1.183540810509884,2.3046194823884067,0.8441087351373211,0.4191551375495326,-2.0209898346102477
2026-03-25 12:00:00,35,0.16923169700312535,1.3294738827128334,-0.4587486821168968,-0.1786796147126566,1.183540810509884
2026-03-25 16:00:00,35,0.2645820225564979,1.575256651615484,-0.04636375019770449,-0.26416258982796936,0.16923169700312535
2026-03-25 20:00:00,35,-0.9022658757695741,0.29689987669678497,-0.08513007595401778,-0.397809293434201,0.2645820225564979
2026-03-26 00:00:00,35,-0.4867459118891908,0.8842453379391719,0.38927214000127003,0.05794676628540252,-0.9022658757695741
2026-03-26 04:00:00,35,-0.553281597130443,1.1637933356556738,0.2203353043423096,0.3038137605325595,-0.4867459118891908
2026-03-26 08:00:00,35,1.5317408714679175,2.2280525195027936,0.24738653918091658,0.5832895197243424,-0.553281597130443
2026-03-26 12:00:00,35,0.43832678746709774,0.7816314465365549,-0.6003154456609971,-0.19042940597065527,1.5317408714679175
2026-03-26 16:00:00,35,-0.18097072597060837,0.7495952687253301,-0.1557690183581337,-0.4118387431631607,0.43832678746709774
2026-03-26 20:00:00,35,0.8666969994050007,-0.20548963033486475,0.09601710829292276,-0.3204261039312808,-0.18097072597060837
2026-03-27 00:00:00,35,-1.0485367903497362,-0.7214052772790974,-0.32993034485502415,-0.7582154740354259,0.8666969994050007
2026-03-27 04:00:00,35,-1.9856679205281207,-0.03585674426748264,0.44874111286926965,-0.2285744792086648,-1.0485367903497362
2026-03-27 08:00:00,35,0.9298353945390048,1.9525131053758853,0.8297479994009992,0.774433848685403,-1.9856679205281207
2026-03-27 12:00:00,35,0.8316283566314553,1.1343513359633077,-0.35560035257959716,0.30475176607148846,0.9298353945390048
2026-03-27 16:00:00,35,0.6733803762965991,0.8949707789891627,-0.31567258095436423,-0.11532359436055994,0.8316283566314553
2026-03-27 20:00:00,35,-0.8630878899220757,-0.5740286107382689,-0.25133412463199134,-0.4554641174981322,0.6733803762965991
2026-03-28 00:00:00,35,0.5028612035603324,1.342684217103497,0.3733436515244246,-0.019497794858384765,-0.8630878899220757
2026-03-30 04:00:00,35,-1.052524225175949,-0.3811425560699162,-0.18200660257449208,-0.2735050081147179,0.5028612035603324
2026-03-30 08:00:00,35,0.3654574063881135,1.0948255985360391,0.45036227353660796,0.2581501353500304,-1.052524225175949
2026-03-30 12:00:00,35,0.0027411046881766765,0.6784114739894839,-0.12614270981461853,0.07354886425715179,0.3654574063881135
2026-03-30 16:00:00,35,1.3141650534939888,1.0552538552603823,0.021325882738368523,0.07216426676154519,0.0027411046881766765
2026-03-30 20:00:00,35,-1.4478831874969469,-0.826662776573518,-0.51185622973989,-0.5916519127994606,1.3141650534939888
2026-03-31 00:00:00,35,0.7539384314218207,0.11726208077053336,0.6111023049425279,0.13970849236385519,-1.4478831874969469
2026-03-31 04:00:00,35,-0.27771226995606746,-0.32179455773176535,-0.2840863967312755,-0.2411238299080134,0.7539384314218207
2026-03-31 08:00:00,35,-0.19703336215244605,0.6352907107528669,0.13534905799045968,-0.10084472450240334,-0.27771226995606746
2026-03-31 12:00:00,35,0.8376395509926162,0.6005841468352965,0.10254765114231987,-0.001318463807558956,-0.19703336215244605
2026-03-31 16:00:00,35,1.0646456602985008,0.46542084193672756,-0.31811653610015805,-0.42443022219039506,0.8376395509926162
2026-03-31 20:00:00,35,-1.0819160588287158,-1.1026142300546469,-0.41040980023903356,-0.9622081922608698,1.0646456602985008
2026-04-01 00:00:00,35,-0.9253128898855074,-0.32620041860303595,0.46231203240052227,-0.4157065310974515,-1.0819160588287158
2026-04-01 04:00:00,35,-0.5518363933888537,0.27198456685747563,0.3986423026278099,0.05169112631952899,-0.9253128898855074
2026-04-01 08:00:00,35,2.2455335238603897,1.4229741277477437,0.246798966577409,0.33043687855832005,-0.5518363933888537
2026-04-01 12:00:00,35,-0.3707693640016192,-0.16970213607407078,-0.8905202071499394,-0.803835776860442,2.2455335238603897
2026-04-01 16:00:00,35,-0.4711013110244213,0.4952958854863682,0.17318303077208846,-0.6165513090111041,-0.3707693640016192
2026-04-01 20:00:00,35,-0.46639268519336596,-0.20520526438187245,0.21397472098896098,-0.37858677659642215,-0.4711013110244213
2026-04-02 00:00:00,35,-0.5921624438660995,0.05189111180742147,0.21206034763184947,-0.14300068363410823,-0.46639268519336596
2026-04-02 04:00:00,35,1.5948386712602236,0.4149976326075533,0.26319422060715414,0.1561147205699509,-0.5921624438660995
2026-04-02 08:00:00,35,-0.5324632203487667,0.17595037613772146,-0.6259689486465322,-0.6494764119574183,1.5948386712602236
2026-04-02 12:00:00,35,-0.6173300082133721,0.3805284462172944,0.23892246764941055,-0.3805165124768122,-0.5324632203487667
2026-04-02 16:00:00,35,1.0641414747158287,1.1455986440994528,0.2734265296456086,-0.06868836996834915,-0.6173300082133721
2026-04-02 20:00:00,35,-1.6809782165497076,-0.6145229539417687,-0.4102048148608917,-0.6062116638500239,1.0641414747158287
2026-04-03 00:00:00,35,1.796740708453891,1.8369578515216272,0.7058711248285028,0.24289061190182792,-1.6809782165497076
2026-04-06 04:00:00,36,-1.454209234047747,-1.4313572789086153,-0.6097774291494715,-0.6241752988012177,1.796740708453891
2026-04-06 08:00:00,36,0.9473642162164531,0.8349052210832495,0.4913754584830569,0.20823722528790078,-1.454209234047747
2026-04-06 12:00:00,36,-1.4306538398497395,0.06428880671870842,-0.32207894296646833,-0.3340491390046765,0.9473642162164531
2026-04-06 16:00:00,36,1.507083981991979,1.3231003005844004,0.48339683967956376,0.4848799023219925,-1.4306538398497395
2026-04-06 20:00:00,36,-0.856317195120706,-0.8529531343469996,-0.5116656936853814,-0.37779896952942416,1.507083981991979
2026-04-07 00:00:00,36,-1.44631852311376,-0.3162715141198148,0.28885909963368356,0.11237062994922731,-0.856317195120706
2026-04-07 04:00:00,36,0.2122017567936858,0.594922023350885,0.48870273842150247,0.9402663854388695,-1.44631852311376
2026-04-07 08:00:00,36,2.388174598318809,1.3919078566318885,-0.07306672211096256,0.8187987205024374,0.2122017567936858
2026-04-07 12:00:00,36,-1.0654688141272093,-0.5402320690376203,-0.8101063013828419,-0.5482304516468073,2.388174598318809
2026-04-07 16:00:00,36,0.15120951338050936,0.4191754059588774,0.3597023649239529,0.061660865324951075,-1.0654688141272093
2026-04-07 20:00:00,36,-0.09826259985823604,-0.5391041058770996,-0.0524075959646142,-0.024893868170314803,0.15120951338050936
2026-04-08 00:00:00,36,1.8968804188507278,-0.7550347017074917,0.03209291703474743,0.03135320883653314,-0.09826259985823604
2026-04-08 04:00:00,36,-2.003289980318126,-2.6879889579922507,-0.6436964784182858,-1.0544513510449205,1.8968804188507278
2026-04-08 08:00:00,36,1.2741803804898755,-0.0802082004572268,0.6773585895655948,0.09226373641016394,-2.003289980318126
2026-04-08 12:00:00,36,-0.524443879381586,-1.1002919775491422,-0.43277722174025307,-0.6370974049134563,1.2741803804898755
2026-04-08 16:00:00,36,-0.6626476409497695,-0.3339283789696808,0.17644787632425857,-0.3368973765007759,-0.524443879381586
2026-04-08 20:00:00,36,0.6677509607362655,-0.5318616251145251,0.22325987706991632,0.042412685951067175,-0.6626476409497695
2026-04-09 00:00:00,36,-2.9939936364036797,-1.2615267815711644,-0.2273691045690765,-0.3398185980177697,0.6677509607362655
2026-04-09 04:00:00,36,1.8790543471997339,1.114549257909292,1.0129270267858985,1.3739910392986427,-2.9939936364036797
2026-04-09 08:00:00,36,-0.39406229487349265,0.5210378933633939,-0.6376584801036974,0.2983904067133274,1.8790543471997339
2026-04-09 12:00:00,36,0.2994967508086681,1.0211394667021907,0.1322853820335243,0.5239579398054914,-0.39406229487349265
2026-04-09 16:00:00,36,1.1596599650040478,0.9347556514488039,-0.10263504412009594,0.3525212301078078,0.2994967508086681
2026-04-09 20:00:00,36,-0.5719505514059371,-1.0735675137790124,-0.3939871793109755,-0.31128660163535393,1.1596599650040478
2026-04-10 00:00:00,36,-1.6257039692521378,-0.8370568028884469,0.19253920655285353,0.01610700239559648,-0.5719505514059371
2026-04-10 04:00:00,36,0.2453348489022531,0.25051127794719213,0.5494636869159976,0.9466858439974501,-1.6257039692521378
2026-04-10 08:00:00,36,0.31145786228471906,1.0297816352874596,-0.08428947259830724,0.8062522694881569,0.2453348489022531
2026-04-10 12:00:00,36,0.9857729666889377,0.9556492779014022,-0.10668647913881323,0.6279688290989238,0.31145786228471906
2026-04-10 16:00:00,36,0.5060375823001486,0.2813637958747512,-0.33508865004937344,0.06369668437025489,0.9857729666889377
2026-04-10 20:00:00,36,-0.8627272597395255,-0.6853630028051054,-0.17259399059217087,-0.2259672864697162,0.5060375823001486
2026-04-11 00:00:00,36,2.4514449706830437,0.9702139049482211,0.2910302992183479,0.26787153607807745,-0.8627272597395255
2026-04-13 04:00:00,36,-3.5439602641884864,-2.551793987719029,-0.8315370691469405,-1.135374604803495,2.4514449706830437
2026-04-13 08:00:00,36,1.4510132721578088,1.4193940762650348,1.199210221236057,0.8932446885655487,-3.5439602641884864
2026-04-13 12:00:00,36,0.20047626391943396,0.16982572563810985,-0.492673575954405,0.06266158395844634,1.4510132721578088
2026-04-13 16:00:00,36,0.0053698691403081256,0.23956652513543547,-0.06909509518167756,-0.05209422212636916,0.20047626391943396
2026-04-13 20:00:00,36,0.3406380463434928,-0.7028926232801245,-0.0030091898904741296,-0.05516802073832672,0.0053698691403081256
2026-04-14 00:00:00,36,-2.470144387022332,-1.311675044627299,-0.11657031140515739,-0.2501546631820126,0.3406380463434928
2026-04-14 04:00:00,36,0.37591977239148733,0.47071782432318093,0.8354902394336696,1.1637953214034358,-2.470144387022332
2026-04-14 08:00:00,36,1.7892900356852,1.1507979330112115,-0.12852084131350566,0.9486128571026136,0.37591977239148733
2026-04-14 12:00:00,36,-0.5713853985429136,-0.39424289146048846,-0.6072537576137186,-0.07560525406042018,1.7892900356852
2026-04-14 16:00:00,36,0.5078486603209473,0.3521768494059188,0.19234777951827015,0.25146484747158304,-0.5713853985429136
2026-04-14 20:00:00,36,-1.9396464668726114,-1.118527438772992,-0.17320743399413102,-0.03923581326920633,0.5078486603209473
2026-04-15 00:00:00,36,0.7157267525515643,0.32309575193220336,0.6558014324733267,1.0710487135562907,-1.9396464668726114
2026-04-15 04:00:00,36,-0.12260849859600498,-0.5670783710221181,-0.2436193337723047,0.6613553223300368,0.7157267525515643
2026-04-15 08:00:00,36,0.5067017924863997,0.5683220974109275,0.04033929337743389,0.7315383794868069,-0.12260849859600498
2026-04-15 12:00:00,36,0.6067041050873172,0.18077197252640456,-0.17281897005279662,0.44149420415857143,0.5067017924863997
2026-04-15 16:00:00,36,0.280553896278958,-0.10543429601762998,-0.2066914803153491,0.09420711254436576,0.6067041050873172
2026-04-15 20:00:00,36,-1.584944867487847,-1.191190868313332,-0.09621877215826376,-0.0663864055524499,0.280553896278958
2026-04-16 00:00:00,36,-0.340649691495603,-0.06381113850912021,0.5356578752612909,0.8408612771041533,-1.584944867487847
2026-04-16 04:00:00,36,1.3726798767591255,0.009484515404790193,0.11419361086331825,1.035854585418356,-0.340649691495603
2026-04-16 08:00:00,36,-0.09150992386729229,-0.1713160363391227,-0.466140702158463,0.2501107638096105,1.3726798767591255
2026-04-16 12:00:00,36,-0.15728827813385138,0.08440428725466527,0.029805669061635703,0.30249250154177076,-0.09150992386729229
2026-04-16 16:00:00,36,0.7993378630094838,0.5519020575752259,0.05208593360751174,0.39252681678717494,-0.15728827813385138
2026-04-16 20:00:00,36,-1.1952455365637924,-0.9077488698172719,-0.27193986080202964,-0.06502690558581925,0.7993378630094838
2026-04-17 00:00:00,36,0.24744001011750072,-0.21769210881850423,0.4036599819854333,0.6191506740241941,-1.1952455365637924
2026-04-17 04:00:00,36,-1.1842137089349158,-0.6299693211773073,-0.08500252705688131,0.47751207171025634,0.24744001011750072
2026-04-17 08:00:00,36,0.9359276906118978,1.40978387154767,0.399923311453972,1.1553748575018385,-1.1842137089349158
2026-04-17 12:00:00,36,2.177107062813466,0.8285795924506417,-0.31820519424173443,0.6196349425938514,0.9359276906118978
2026-04-17 16:00:00,36,-0.7674553391375927,-0.596796779101618,-0.7386140820875974,-0.6265758109470667,2.177107062813466
2026-04-17 20:00:00,36,-0.26532528539189926,-0.9276146024628198,0.25876005441710476,-0.18727215297275812,-0.7674553391375927
2026-04-18 00:00:00,36,1.1016968698163403,0.3112585082119406,0.08867993370516655,-0.03539573426581555,-0.26532528539189926
2026-04-20 04:00:00,36,-2.522755685197291,-2.3953691117171534,-0.37435407798030773,-0.6660245672517497,1.1016968698163403
2026-04-20 08:00:00,36,1.3286245111264208,0.9053250449257861,0.8533105946935455,0.7780409622525823,-2.522755685197291
2026-04-20 12:00:00,36,-0.029904711221385938,-0.11401688830788186,-0.45121838900687095,0.017515133520909387,1.3286245111264208
2026-04-20 16:00:00,36,-0.0023746965668216546,0.22004663822790188,0.00893891965052214,0.034633066461454476,-0.029904711221385938
2026-04-20 20:00:00,36,-0.9632065090729451,-0.6667564829540178,-0.00038597174110346607,0.03599238059373455,-0.0023746965668216546
2026-04-21 00:00:00,36,-0.6679013722218983,-0.08273475040703392,0.3250643561886324,0.5873471256084759,-0.9632065090729451
2026-04-21 04:00:00,36,0.15931132517113866,0.16780615316486147,0.22503940658081928,0.9696645075070176,-0.6679013722218983
2026-04-21 08:00:00,36,1.0935302693573732,1.0730121036955984,-0.055151819531908404,0.8784721679201155,0.15931132517113866
2026-04-21 12:00:00,36,-0.1737308818989618,0.42611421691463663,-0.371587909372183,0.25251802709134274,1.0935302693573732
2026-04-21 16:00:00,36,1.6436086232792348,0.7188845641249711,0.05765532745742633,0.351964350583053,-0.1737308818989618
2026-04-21 20:00:00,36,1.0860453684723677,-1.4210052099850952,-0.5579089473944105,-0.5888634001184592,1.6436086232792348
2026-04-22 00:00:00,36,-2.9345230804364046,-2.325278498093192,-0.3690526441823337,-1.210533064482382,1.0860453684723677
2026-04-22 04:00:00,36,-0.9291111408506971,-0.17793964717725938,0.9927833224561774,0.46923467952001907,-2.9345230804364046
2026-04-22 08:00:00,36,1.8530429752070479,1.6361163067120545,0.3135156661636079,1.0010726927900233,-0.9291111408506971
2026-04-22 12:00:00,36,-1.0738291615505755,0.03538110682632991,-0.6288479792077687,-0.05963861623131805,1.8530429752070479
2026-04-22 16:00:00,36,1.1305027995109835,1.1350782717870442,0.3625341589748225,0.5550382967454759,-1.0738291615505755
2026-04-22 20:00:00,36,-1.7839719119302178,-0.39026239187042905,-0.384111143830355,-0.09207950913682161,1.1305027995109835
2026-04-23 00:00:00,36,1.372070548471708,0.9215426893293777,0.6030717723008864,0.9290944232968705,-1.7839719119302178
2026-04-23 04:00:00,36,-0.8220434516436619,-0.5902655587457268,-0.4659343121447522,0.14369939090349426,1.372070548471708
2026-04-23 08:00:00,36,0.572112497028261,1.066050563589756,0.2772499908294176,0.61425015380091,-0.8220434516436619
2026-04-23 12:00:00,36,0.5059048712119001,0.7151692984686302,-0.19497470528781013,0.2867638495167295,0.572112497028261
2026-04-23 16:00:00,36,0.7058282744030144,0.511950931807813,-0.172549039054734,-0.002824155382880278,0.5059048712119001
2026-04-23 20:00:00,36,0.4625361856046748,-1.0844508593070723,-0.24026654828214866,-0.40685150008201987,0.7058282744030144
2026-04-24 00:00:00,36,-3.24563587685226,-1.6222866656386223,-0.15785931628635605,-0.6716145786866345,0.4625361856046748
2026-04-24 04:00:00,36,0.5436654329715935,0.7583669685409213,1.0981625993481277,1.1862390845064326,-3.24563587685226
2026-04-24 08:00:00,36,0.7956117063081578,1.3723412027798467,-0.18533919342675628,0.8750363327124422,0.5436654329715935
2026-04-24 12:00:00,36,0.5953195149838599,0.7621919333400498,-0.2706777471786254,0.41961552177494355,0.7956117063081578
2026-04-24 16:00:00,36,-0.3462664024324198,0.22835569387234372,-0.2028353230417345,0.07884515083741839,0.5953195149838599
2026-04-24 20:00:00,36,-1.274144099613089,-0.33049914360683413,0.11609608785510907,0.27705355393889874,-0.3462664024324198
2026-04-25 00:00:00,36,1.3263624592037395,1.7819762363326113,0.43038428782477073,1.0063939275108655,-1.274144099613089
2026-04-27 04:00:00,36,-1.2648155557307525,-0.9754134440566886,-0.45045219295627337,0.24716293332328299,1.3263624592037395
2026-04-27 08:00:00,36,1.5082984187589332,1.0933487116351919,0.42722454891303063,0.9711634998184113,-1.2648155557307525
2026-04-27 12:00:00,36,-0.01189761681748891,-0.1878387014480303,-0.512077044391,0.10778946502148656,1.5082984187589332
2026-04-27 16:00:00,36,-0.5566343137129408,0.09743821253278244,0.002839605803362599,0.11459985035931197,-0.01189761681748891
2026-04-27 20:00:00,36,-0.5000101693809356,-0.3013177310929576,0.18735133234328302,0.4332261960211987,-0.5566343137129408
2026-04-28 00:00:00,36,-0.05072235825035776,-0.01426624209854744,0.16817175679038224,0.7194399797186737,-0.5000101693809356
2026-04-28 04:00:00,36,0.033729945674476625,-0.3088714726928371,0.015990216208483673,0.7484742653430398,-0.05072235825035776
2026-04-28 08:00:00,36,1.30928603122935,0.7749751705738601,-0.01261523757543119,0.72916670728406,0.033729945674476625
2026-04-28 12:00:00,36,-0.3440573895635364,-0.34123126748147464,-0.4446681119008824,-0.020289467586071197,1.30928603122935
2026-04-28 16:00:00,36,-0.3208472799978246,0.23035371021020107,0.11534785704798793,0.1766544613703669,-0.3440573895635364
2026-04-28 20:00:00,36,-0.9477583225412154,-0.4041743849695458,0.10748619211232797,0.36031255398659745,-0.3208472799978246
2026-04-29 00:00:00,36,0.947011439288719,0.20926841189917927,0.31983178862869943,0.9028245110156767,-0.9477583225412154
2026-04-29 04:00:00,36,-0.6005668143204304,-0.8688907909928167,-0.3219594513287824,0.36074008185456385,0.947011439288719
2026-04-29 08:00:00,36,0.7147206193021098,0.6737037826595429,0.20223202898902368,0.7045140904964438,-0.6005668143204304
2026-04-29 12:00:00,36,-0.06852099644302356,0.1514895208364394,-0.24327853906534985,0.29539662596501337,0.7147206193021098
2026-04-29 16:00:00,36,0.7455604680553147,0.5312362021347827,0.02201892233697574,0.3346191355370891,-0.06852099644302356
2026-04-29 20:00:00,36,0.22824734087693166,-0.6417717907524174,-0.253724528425189,-0.09215154955031757,0.7455604680553147
2026-04-30 00:00:00,36,-1.2984453994865497,-1.306145403997936,-0.07850163853831933,-0.22280396234455324,0.22824734087693166
2026-04-30 04:00:00,36,0.03319979754207836,-0.6837293254344197,0.43861555776191824,0.5204468622771632,-1.2984453994865497
2026-04-30 08:00:00,36,0.9350867246559975,0.3433756647307644,-0.012435667247622906,0.5014427694518648,0.03319979754207836
2026-04-30 12:00:00,36,0.9302964901376338,-0.46444204430009944,-0.3179203445494541,-0.033815763150444766,0.9350867246559975
2026-04-30 16:00:00,36,-0.28869767874628494,-0.8833521689144087,-0.316297809393384,-0.5663322892291731,0.9302964901376338
2026-04-30 20:00:00,36,-1.4303292633580043,-1.2570137360207816,0.09659656696260163,-0.4010771403569908,-0.28869767874628494
2026-05-01 00:00:00,36,-1.388265270605487,-0.396477226084812,0.48328690001655655,0.417666108216876,-1.4303292633580043
2026-05-01 04:00:00,36,0.056935093176484486,0.3649734867199805,0.4690390992493921,1.2123312574632283,-1.388265270605487
2026-05-01 08:00:00,36,2.3925501906553865,1.3560024229095442,-0.020475221774422542,1.1797407034283278,0.056935093176484486
2026-05-01 12:00:00,36,0.02514379173511294,-0.13217471082004392,-0.8115883900713,-0.18979312745639731,2.3925501906553865
2026-05-01 16:00:00,36,0.3941299153893194,-0.3074921295870873,-0.009706958958039663,-0.20418583426457815,0.02514379173511294
2026-05-01 20:00:00,36,-1.5954542578449011,-1.4551535945818128,-0.13468893122596792,-0.4297920744168682,0.3941299153893194
2026-05-02 00:00:00,36,1.3374298628757266,0.9367445251381324,0.5392175872665833,0.48347135064387636,-1.5954542578449011
2026-05-04 04:00:00,37,-0.8640188119969174,-1.5375554974684646,-0.49350371801495024,-0.32705870257062486,1.3374298628757266
2026-05-04 08:00:00,37,-0.43284298500004326,0.3854814694882021,0.32669951166554495,0.24826461561452895,-0.8640188119969174
2026-05-04 12:00:00,37,1.8046355864087502,0.5408071469620083,0.16605447374139087,0.5364813291000221,-0.43284298500004326
2026-05-04 16:00:00,37,-0.4873429737677242,-0.5792655943226874,-0.667572569921828,-0.6651695137654201,1.8046355864087502
2026-05-04 20:00:00,37,-0.32578845804229317,-0.6565074069803969,0.1863597696653981,-0.3406629487818922,-0.4873429737677242
2026-05-05 00:00:00,37,-0.054017281275204,-0.8871535014430876,0.12616870680760398,-0.12373052311615851,-0.32578845804229317
2026-05-05 04:00:00,37,-1.2097762676259194,-1.1133025083799362,0.02491374707917392,-0.08776209155994685,-0.054017281275204
2026-05-05 08:00:00,37,0.4110498085376584,1.0203767320973847,0.45551985848077287,0.717790388187078,-1.2097762676259194
2026-05-05 12:00:00,37,0.5716587398533353,0.4748176573126896,-0.1483583048366791,0.4440850747105216,0.4110498085376584
2026-05-05 16:00:00,37,-0.593861538337892,0.23472955339158094,-0.20819706723175144,0.06343525723509202,0.5716587398533353
2026-05-05 20:00:00,37,-1.7433376144859594,0.1604774456315433,0.22604585078034223,0.4588692293142955,-0.593861538337892
2026-05-06 00:00:00,37,2.9594124903894645,1.0052393546367364,0.6543111112237407,1.619703654626127,-1.7433376144859594
2026-05-06 04:00:00,37,-0.9857196745218744,-1.5654582909075858,-1.0978127826582065,-0.3508772982519357,2.9594124903894645
2026-05-06 08:00:00,37,0.8950482319062161,0.4266459094415242,0.3720421270247907,0.30548284816156546,-0.9857196745218744
2026-05-06 12:00:00,37,0.5032459481615756,-0.5347970535412359,-0.3286836853637196,-0.2905019979622221,0.8950482319062161
2026-05-06 16:00:00,37,-0.5094018410263352,-0.6727254136901499,-0.18270821830353995,-0.6255978601580843,0.5032459481615756
2026-05-06 20:00:00,37,-1.053443424291432,-0.7716412395057013,0.19457833700022492,-0.28640297990825125,-0.5094018410263352
2026-05-07 00:00:00,37,-0.161948615087546,-0.4286894879344648,0.3972742566315726,0.41505231014837385,-1.053443424291432
2026-05-07 04:00:00,37,-0.45816856384493576,-0.5591031208394922,0.06512618972525461,0.5228888680033084,-0.161948615087546
2026-05-07 08:00:00,37,1.800101331182331,0.9698727455533415,0.17549013390426546,0.8279690986410824,-0.45816856384493576
2026-05-07 12:00:00,37,-0.8421879726894108,-0.6183239591019806,-0.6658832228916867,-0.37066252435768554,1.800101331182331
2026-05-07 16:00:00,37,-0.08977717160870924,0.30286329577485077,0.31856590168815646,0.190124315298565,-0.8421879726894108
2026-05-07 20:00:00,37,0.907871569988,-0.1837203235962586,0.038236963686192074,0.24990414827213847,-0.08977717160870924
2026-05-08 00:00:00,37,-1.470674082267827,-1.312466277569324,-0.3334613317517611,-0.35461936079854617,0.907871569988
2026-05-08 04:00:00,37,-0.05942311351578766,-0.45179492589297543,0.5527236827753617,0.6246568785968645,-1.470674082267827
2026-05-08 08:00:00,37,0.4955117894256773,0.831021857191841,0.02692782131739988,0.6642248861102455,-0.05942311351578766
2026-05-08 12:00:00,37,0.4566870501302027,0.21155467611091408,-0.17982666941873007,0.3342789602416065,0.4955117894256773
2026-05-08 16:00:00,37,-0.06354552400728153,0.0854704829346104,-0.16536156881242423,0.030185223618154566,0.4566870501302027
2026-05-08 20:00:00,37,-0.7407395593509456,-0.37872706792489497,0.02846372557798303,0.07249821636791687,-0.06354552400728153
2026-05-09 00:00:00,37,1.2394668482926665,1.3793331304154701,0.280768828689857,0.565733705317335,-0.7407395593509456
2026-05-11 04:00:00,37,-1.9474091434184668,-1.4501227862482482,-0.45700521506669883,-0.2595888108581299,1.2394668482926665
2026-05-11 08:00:00,37,0.9758242642363903,1.2862081321079013,0.7303429211072768,1.0371305136507658,-1.9474091434184668
2026-05-11 12:00:00,37,0.047819992065040395,0.33498601726886656,-0.35877876019067095,0.38735941391217565,0.9758242642363903
2026-05-11 16:00:00,37,-0.7464245008747632,0.5257739131240904,-0.01302820516750109,0.3555175649518958,0.047819992065040395
2026-05-11 20:00:00,37,-1.2190973281234,0.534452092203761,0.28288689187779376,0.8525384800700007,-0.7464245008747632
2026-05-12 00:00:00,37,1.0822508334452507,0.9876817245946027,0.45899264620066976,1.6642975647889955,-1.2190973281234
2026-05-12 04:00:00,37,-0.2290732986754982,-0.07805758817794725,-0.39843056619699174,0.943660314811396,1.0822508334452507
2026-05-12 08:00:00,37,1.089782749371924,1.295332921777674,0.09013512266042957,1.0961931167269139,-0.2290732986754982
2026-05-12 12:00:00,37,-0.07941053177289348,0.3375418094971374,-0.40123676460590846,0.3705405976335765,1.089782749371924
2026-05-12 16:00:00,37,0.5733868205011472,0.6643895549674557,0.034374619961661475,0.4234176067959563,-0.07941053177289348
2026-05-12 20:00:00,37,-1.5753649301021415,-0.26764315097396024,-0.20884090569351604,0.0416171140359296,0.5733868205011472
2026-05-13 00:00:00,37,-0.415871920023271,0.4349324942119543,0.591728803581397,1.090603740662898,-1.5753649301021415
2026-05-13 04:00:00,37,-0.3004515686975111,0.49354930020929105,0.15973149085110322,1.3675199485575398,-0.415871920023271
2026-05-13 08:00:00,37,1.3032016005163634,1.9060896030824137,0.1167288326429929,1.5675813257600577,-0.3004515686975111
2026-05-13 12:00:00,37,0.8290996863391307,0.7043020027644177,-0.48075114664958546,0.6998198156368822,1.3032016005163634
2026-05-13 16:00:00,37,-0.5026880112574688,0.3243879752615483,-0.3041129512447496,0.1477480597587224,0.8290996863391307
2026-05-13 20:00:00,37,-0.9444625395567776,0.1969544184029318,0.19207693648028418,0.48247240908177247,-0.5026880112574688
2026-05-14 00:00:00,37,0.58787224005032,0.4358165484316225,0.35667077827068266,1.1113607094459095,-0.9444625395567776
2026-05-14 04:00:00,37,-1.0728961428604897,-0.2554127087983264,-0.21423780094395645,0.7199148252608136,0.58787224005032
2026-05-14 08:00:00,37,1.518777077860321,1.7650563556938312,0.4045218399064041,1.4343230770347954,-1.0728961428604897
2026-05-14 12:00:00,37,-0.017209224104377085,0.3856274548106359,-0.5610690322199395,0.4230165454111887,1.518777077860321
2026-05-14 16:00:00,37,0.8364144691090392,0.6469721476143546,0.011200010431862318,0.43447563377552534,-0.017209224104377085
2026-05-14 20:00:00,37,-2.052514632258559,-0.5734188211811425,-0.30683825141675436,-0.1224668089864771,0.8364144691090392
2026-05-15 00:00:00,37,0.5171382031088072,0.6013703065402963,0.7695025265015647,1.2442389993342662,-2.052514632258559
2026-05-15 04:00:00,37,0.042503528294322024,0.006272945472097112,-0.18788411565936786,0.8998927156170904,0.5171382031088072
2026-05-15 08:00:00,37,1.809666495855197,1.1850010780556128,-0.011047427325621667,0.8715909349228141,0.042503528294322024
2026-05-15 12:00:00,37,-0.14924835050041985,-0.37223647591017983,-0.6694469575572538,-0.33340983444426087,1.809666495855197
2026-05-15 16:00:00,37,-0.8230697773435782,0.013452872162069638,0.0603943973600475,-0.23402998871485003,-0.14924835050041985
2026-05-15 20:00:00,37,-0.7772413234159181,0.17890613535426955,0.31144295317370985,0.3140266378588237,-0.8230697773435782
2026-05-16 00:00:00,37,-0.07732791957571905,2.01298287895637,0.2943684483933951,0.8315675189245724,-0.7772413234159181
2026-05-18 04:00:00,37,-0.12767680264972014,0.25087011064829856,0.03359869215112859,0.8830577812440179,-0.07732791957571905
2026-05-18 08:00:00,37,0.5545755357012325,1.5013841634611516,0.0523573927192853,0.9680738025803333,-0.12767680264972014
2026-05-18 12:00:00,37,1.516126662601776,0.8043602874376871,-0.201832304165151,0.5987991606931615,0.5545755357012325
2026-05-18 16:00:00,37,-1.0724662971014407,-0.18202175776677043,-0.5600815555733724,-0.4107425416467052,1.516126662601776
2026-05-18 20:00:00,37,0.9701909849894204,0.14971723777168358,0.40436169041763315,0.30337948917355284,-1.0724662971014407
2026-05-19 00:00:00,37,-1.7931643853119912,-1.1270746268621303,-0.35667994504008643,-0.34264058470352765,0.9701909849894204
2026-05-19 04:00:00,37,0.3484175738798285,0.003552696871527551,0.6728752861793188,0.8513719412793179,-1.7931643853119912
2026-05-19 08:00:00,37,0.44976837130632674,0.9309677067994989,-0.12502314297948497,0.6193714895122113,0.3484175738798285
2026-05-19 12:00:00,37,0.7389980736987969,0.40115155371540834,-0.16278384679635524,0.3198846864452296,0.44976837130632674
2026-05-19 16:00:00,37,-0.1515441604335841,0.07580504106317046,-0.2705434047317935,-0.17219120124313392,0.7389980736987969
2026-05-19 20:00:00,37,-1.1636946798427612,-0.3152864702050094,0.06124975717079704,-0.07128264691348285,-0.1515441604335841
2026-05-20 00:00:00,37,-0.2309547812398698,0.10495269048874481,0.43835104252791485,0.7035855333454641,-1.1636946798427612
2026-05-20 04:00:00,37,0.1643377586293262,-0.004051033635290075,0.09083611473601107,0.8573711561220687,-0.2309547812398698
2026-05-20 08:00:00,37,0.6492020264694567,1.0649727168757823,-0.0564397321051954,0.7479437417128647,0.1643377586293262
2026-05-20 12:00:00,37,-0.4169667957727654,0.35989271622705166,-0.2370877040421974,0.31566025568817935,0.6492020264694567
2026-05-20 16:00:00,37,1.9910647776124542,0.9033393278466451,0.1601394134323036,0.593305507372671,-0.4169667957727654
2026-05-20 20:00:00,37,-1.942910764242562,-1.1609466930844436,-0.7370312979300322,-0.7324827494016155,1.9910647776124542
2026-05-21 00:00:00,37,-0.3413611628318627,-0.14601195214695142,0.7286669405720422,0.5612412439894818,-1.942910764242562
2026-05-21 04:00:00,37,-0.3957784757872034,-0.18482352994084048,0.13197069661052535,0.7885430505856466,-0.3413611628318627
2026-05-21 08:00:00,37,2.925076599327779,1.3473416141275605,0.1522451896504718,1.0520796574216646,-0.3957784757872034
2026-05-21 12:00:00,37,-0.8056400174282423,-1.1367385163361479,-1.0850201116029154,-0.8956380909703778,2.925076599327779
2026-05-21 16:00:00,37,0.1904577013886204,-0.23633879580002112,0.3049490723313863,-0.35918740071478794,-0.8056400174282423
2026-05-21 20:00:00,37,-0.03902242535895262,-0.9733637144144788,-0.06617135185848451,-0.4860072745593964,0.1904577013886204
2026-05-22 00:00:00,37,-3.156815089304672,-1.4469267490938318,0.019327048923781058,-0.46002345229832997,-0.03902242535895262
2026-05-22 04:00:00,37,0.5251313094325063,0.767414555448854,1.1809365116519421,1.6420017662014335,-3.156815089304672
2026-05-22 08:00:00,37,1.8287893776665012,1.5396665263157643,-0.19086214176404498,1.2923331209929287,0.5251313094325063
2026-05-22 12:00:00,37,-0.05646084657757733,-0.0533512275473039,-0.6765716521283582,0.07459901797132851,1.8287893776665012
2026-05-22 16:00:00,37,0.4757275066600233,0.2121328055714781,0.025824156745235177,0.11219454384359473,-0.05646084657757733
2026-05-22 20:00:00,37,-1.9244814103278447,-0.6570530860080335,-0.17245555384082983,-0.20457764199692718,0.4757275066600233
2026-05-23 00:00:00,37,3.158665861983538,2.4709923501107056,0.7218006366811961,1.0768748164472424,-1.9244814103278447
2026-05-25 12:00:00,37,-2.293371433842692,-1.388430321743138,-1.1720494708769955,-1.0263827741537153,3.158665861983538
2026-05-25 16:00:00,37,-0.6356264777285858,0.7224408671583382,0.8592395841058029,0.5007021050515874,-2.293371433842692
2026-05-25 20:00:00,37,-0.393101254301488,1.836797212097873,0.2416063944199249,0.923946054391033,-0.6356264777285858
2026-05-26 04:00:00,37,0.2940713581179608,0.19870553780632835,0.15124772569220765,1.1856999825083818,-0.393101254301488
2026-05-26 08:00:00,37,0.3579980701204377,1.184456192498192,-0.10477513892761871,0.9898869895659974,0.2940713581179608
2026-05-26 12:00:00,37,-0.27509595070479875,0.7362766956106724,-0.1285925897933854,0.7515071826153292,0.3579980701204377
2026-05-26 16:00:00,37,0.17805637249955808,1.2102939327875624,0.10728198066522845,0.9346850405290859,-0.27509595070479875
2026-05-26 20:00:00,37,-0.6405701787937375,0.5630321136946805,-0.06155093525589106,0.8161228268040173,0.17805637249955808
2026-05-27 00:00:00,37,0.3816162172470037,0.5796305285109717,0.24344829045252117,1.2426586332898903,-0.6405701787937375
2026-05-27 04:00:00,37,-0.47290833628446194,0.015517593066266168,-0.1373921047552317,0.9885522349900846,0.3816162172470037
2026-05-27 08:00:00,37,1.1681724097247468,1.5625819040534208,0.18098179450832397,1.3034472227505685,-0.47290833628446194
2026-05-27 12:00:00,37,1.3503189746753144,0.47916044331756663,-0.43044273853062953,0.5255974610979415,1.1681724097247468
2026-05-27 16:00:00,37,0.35118969501800024,-0.25693000329296883,-0.4983058700007768,-0.37353804652263634,1.3503189746753144
2026-05-27 20:00:00,37,-1.7491628754800992,-1.0103905973951128,-0.12605596411065467,-0.6073843677424442,0.35118969501800024
2026-05-28 00:00:00,37,0.11362353523747615,-0.15988435911319862,0.6564814538420631,0.5573289181195378,-1.7491628754800992
2026-05-28 04:00:00,37,0.40876020154301784,-0.5004764097806796,-0.03754491511876718,0.4816705315091028,0.11362353523747615
2026-05-28 08:00:00,37,-0.4638948650159058,0.4453241836404421,-0.14750525608149434,0.20948979628848896,0.40876020154301784
2026-05-28 12:00:00,37,0.6844711981505185,0.5682199340511885,0.17762360663436422,0.5183829932006851,-0.4638948650159058
2026-05-28 16:00:00,37,0.5862310218521625,0.2608726565547894,-0.25022809148395153,0.06261486008331296,0.6844711981505185
2026-05-28 20:00:00,37,-2.213703630248462,-0.8213985816387711,-0.21362632519977764,-0.32773818782724895,0.5862310218521625
2026-05-29 00:00:00,37,0.22130608409686658,0.42244924685265584,0.8295574068398174,1.1462983728924616,-2.213703630248462
2026-05-29 04:00:00,37,0.49420550245688233,-0.010810416226689554,-0.07766466688168723,0.9989375181641904,0.22130608409686658
2026-05-29 08:00:00,37,1.1369828504860013,0.7867038990468812,-0.17933998044754287,0.6698614082566792,0.49420550245688233
2026-05-29 12:00:00,37,-1.6476647842558574,-0.2740961288923675,-0.41882230989564895,-0.08722019364663147,1.1369828504860013
2026-05-29 16:00:00,37,2.2099929739644235,1.282751755190496,0.6186658721395532,1.0099086625457812,-1.6476647842558574
2026-05-29 20:00:00,37,-1.5239375008486409,-0.9383641222917118,-0.8185983204845775,-0.4616570872884065,2.2099929739644235
2026-05-30 00:00:00,37,0.09755759800622599,1.4725631005055657,0.5725682644103774,0.5530856098858283,-1.5239375008486409
2026-06-01 04:00:00,38,-0.742212366131838,-0.5616779236360019,-0.04490338430680806,0.2101269853372809,0.09755759800622599
2026-06-01 08:00:00,38,1.2910424005327013,0.951377474342233,0.2841364410925463,0.789199682763698,-0.742212366131838
2026-06-01 12:00:00,38,0.053304508996713906,-0.17429461769559884,-0.5125362454596405,-0.21806917919912294,1.2910424005327013
2026-06-01 16:00:00,38,0.3408250390992187,0.027097622306289777,-0.027564077945669854,-0.25965725724555355,0.053304508996713906
2026-06-01 20:00:00,38,-1.324263402565796,-1.0217579016077691,-0.1402207685439825,-0.525568314171533,0.3408250390992187
2026-06-02 00:00:00,38,-0.2799153352124719,-0.1672462912785388,0.5121964808420221,0.5076195113337185,-1.324263402565796
2026-06-02 04:00:00,38,-0.6350457667042342,-0.10486870212061555,0.10299858092571192,0.7260089314093641,-0.2799153352124719
2026-06-02 08:00:00,38,1.138705212189894,1.3192324487031784,0.24214627632106134,1.2214704487526742,-0.6350457667042342
2026-06-02 12:00:00,38,-0.9787380044723974,0.32573677796529765,-0.45284727824872817,0.33305477571173725,1.138705212189894
2026-06-02 16:00:00,38,1.1700672898163091,1.3587697945481543,0.3768122428782521,1.096664333010473,-0.9787380044723974
2026-06-02 20:00:00,38,-0.6490620009805568,-0.31763869633991365,-0.46513561075291393,0.1837800257662643,1.1700672898163091
2026-06-03 00:00:00,38,-0.2691986677520859,-0.02710323600973353,0.24763813656373063,0.6901769828307565,-0.6490620009805568
2026-06-03 04:00:00,38,-0.6697867488459721,0.0703228305476377,0.09879956150299699,0.9002052790328552,-0.2691986677520859
2026-06-03 08:00:00,38,1.9187035997899216,1.5384974264344633,0.2557585358519823,1.4227716455514816,-0.6697867488459721
2026-06-03 12:00:00,38,-0.6386853293977985,-0.019374820428704434,-0.7584673221033759,-0.07419730806841685,1.9187035997899216
2026-06-03 16:00:00,38,1.4312556830524468,0.748932781442492,0.24357233479464535,0.42410378926922654,-0.6386853293977985
2026-06-03 20:00:00,38,-3.1902325740636197,-1.0414397808367555,-0.5674748071719791,-0.6925592130080105,1.4312556830524468
2026-06-04 00:00:00,38,1.7554974292447412,1.2398967113660644,1.2433230948075573,1.7964542639683287,-3.1902325740636197
2026-06-04 04:00:00,38,-0.20621823224987068,-0.2917447123071143,-0.6945196552974998,0.4268184588201791,1.7554974292447412
2026-06-04 08:00:00,38,0.7174227714272874,0.8191221655680718,0.07412248041389866,0.5877095372453383,-0.20621823224987068
2026-06-04 12:00:00,38,-0.11957051090875837,0.17599378420533715,-0.2877798113566258,0.02797763516094065,0.7174227714272874
2026-06-04 16:00:00,38,-0.4998457881751506,0.5270316009627996,0.04017205074999112,0.12126632374133273,-0.11957051090875837
2026-06-04 20:00:00,38,-1.13542565963089,0.11742715625808951,0.18917203429173785,0.5112450711506753,-0.4998457881751506
2026-06-05 00:00:00,38,-0.4305590988334096,0.7832730520656934,0.4382058159962214,1.3971020434297365,-1.13542565963089
2026-06-05 04:00:00,38,-0.2637660307697338,1.0408992447060588,0.16202402812685243,1.7330234456321119,-0.4305590988334096
2026-06-05 08:00:00,38,1.9931976934852713,2.17029203977157,0.09667093818891365,1.9388132086393188,-0.2637660307697338
2026-06-05 12:00:00,38,2.426939595365825,0.4785773587816759,-0.7876557006231524,0.383724102692506,1.9931976934852713
2026-06-05 16:00:00,38,-0.9157443601696489,-1.097479188220015,-0.9576050507522045,-1.509769622430678,2.426939595365825
2026-06-05 20:00:00,38,-1.139698733077914,-1.1507939534137455,0.3521299862987138,-0.79530758839031,-0.9157443601696489
2026-06-06 00:00:00,38,-0.06758634893206761,0.698787663837704,0.43988009752684326,0.09388322778597136,-1.139698733077914
2026-06-08 04:00:00,38,0.25355541118977953,-0.42763956211265297,0.019803544717629705,0.14661397059111536,-0.06758634893206761
2026-06-08 08:00:00,38,0.5867036991703785,0.42133762747082587,-0.10602666259085805,-0.05120948615071086,0.25355541118977953
2026-06-08 12:00:00,38,-0.34075756274665636,-0.14512135199546716,-0.23656128420207817,-0.5089546129791422,0.5867036991703785
2026-06-08 16:00:00,38,-0.21358067647366852,0.31547168012684973,0.12683786642016728,-0.24309620097700702,-0.34075756274665636
2026-06-08 20:00:00,38,-0.6006277734192693,-0.21732236106640213,0.07700724346254784,-0.07646095736292047,-0.21358067647366852
2026-06-09 00:00:00,38,-1.2396838767790292,0.03022539095711942,0.22866057072940588,0.3921477061059644,-0.6006277734192693
2026-06-09 04:00:00,38,0.9076991078183099,0.8695961481880896,0.47905641441227964,1.3593467440629219,-1.2396838767790292
2026-06-09 08:00:00,38,0.6425113879638005,1.100194635793051,-0.3623341478742362,0.6511616008332606,0.9076991078183099
2026-06-09 12:00:00,38,-0.21740775007418023,0.45778965473508876,-0.2584279297844511,0.1498754197710337,0.6425113879638005
2026-06-09 16:00:00,38,0.9379411770989012,0.8757413495524307,0.07850677271827128,0.31949653903772735,-0.21740775007418023
2026-06-09 20:00:00,38,-1.0576690801017126,-0.4383178984038776,-0.37418363716385905,-0.41228340998227253,0.9379411770989012
2026-06-10 00:00:00,38,0.5746648187151813,0.19835340339682303,0.40773912577803534,0.41290802463500675,-1.0576690801017126
2026-06-10 04:00:00,38,-0.7468132935296552,-0.39864025069230047,-0.231844193460392,-0.035444390218659194,0.5746648187151813
2026-06-10 08:00:00,38,0.7836836878194902,1.1197885665443748,0.2859391828102817,0.54721794214311,-0.7468132935296552
2026-06-10 12:00:00,38,0.8818626248776784,0.36629183801696485,-0.31374225499185343,-0.0642106027621967,0.7836836878194902
2026-06-10 16:00:00,38,-0.15515010330039125,-0.09190614726499591,-0.35221086149968195,-0.7522381704095267,0.8818626248776784
2026-06-10 20:00:00,38,-0.8785132699288987,-0.6371849169721111,0.05411289570547747,-0.631190350508092,-0.15515010330039125
2026-06-11 00:00:00,38,0.47516240535241394,-0.1300475605016819,0.337542049178555,0.05422405668364405,-0.8785132699288987
2026-06-11 04:00:00,38,-1.5790916640019326,-0.6348289038082129,-0.19285702064181687,-0.31649676169486796,0.47516240535241394
2026-06-11 08:00:00,38,1.1753950114160716,1.5703794053550182,0.6120436416485285,0.9155075959295687,-1.5790916640019326
2026-06-11 12:00:00,38,1.0483562665070778,0.5090225194768692,-0.4672231259771117,-0.001533389724606593,1.1753950114160716
2026-06-11 16:00:00,38,-1.097189573557099,-0.06787271389598061,-0.41744662975923064,-0.8194589846240969,1.0483562665070778
2026-06-11 20:00:00,38,2.3873474507277717,0.00845799543345076,0.4232241000228617,0.036566264940383064,-1.097189573557099
2026-06-12 00:00:00,38,-2.61188421628904,-2.1048619658299477,-0.9420920020421778,-1.82603774311713,2.3873474507277717
2026-06-12 04:00:00,38,-0.36431943753592577,-0.15477810836086822,1.0167138437164283,0.21174942873298264,-2.61188421628904
2026-06-12 08:00:00,38,1.2826698475829907,1.0440969326845084,0.13606991269214855,0.4959907712995246,-0.36431943753592577
2026-06-12 12:00:00,38,-0.03799727543965581,-0.08602986699516509,-0.5092557002170546,-0.5047458405389786,1.2826698475829907
2026-06-12 16:00:00,38,-0.026991768607604882,0.2104653874784612,0.00820991313821878,-0.47510043743370645,-0.03799727543965581
2026-06-12 20:00:00,38,-1.9472362519613053,-0.4730203378585379,0.0038977202745858527,-0.45404151013857863,-0.026991768607604882
2026-06-13 00:00:00,38,3.848496345995658,1.9771570121987179,0.7562905617776629,1.065188565245867,-1.9472362519613053
2026-06-15 04:00:00,38,-3.3100409258685612,-2.2993693856126765,-1.514601377124283,-1.9374010732506175,3.848496345995658
2026-06-15 08:00:00,38,0.7043107683126308,1.2638995915791047,1.2902665684286276,0.6450866553276935,-3.3100409258685612
2026-06-15 12:00:00,38,-0.35214886593669803,0.5860662178283151,-0.2826422482146639,0.09558471350633724,0.7043107683126308
2026-06-15 16:00:00,38,0.35013224303092016,1.1035742203171757,0.131301222544805,0.37033059891428266,-0.35214886593669803
2026-06-15 20:00:00,38,-0.4959853372835745,0.018239294669869528,-0.1438675300232246,0.0971580789190245,0.35013224303092016
2026-06-16 00:00:00,38,-1.0387650746534192,0.17691408536575098,0.18765942709980196,0.48412490977580624,-0.4959853372835745
2026-06-16 04:00:00,38,0.5659396856838761,0.8731581707094225,0.4003321322944815,1.2945674747613953,-1.0387650746534192
2026-06-16 08:00:00,38,0.048252206214797866,1.3302653662995152,-0.2284254998040245,0.853022392351102,0.5659396856838761
2026-06-16 12:00:00,38,0.9836381243878414,1.1735107931022886,-0.025584477702485862,0.8153761114689857,0.048252206214797866
2026-06-16 16:00:00,38,0.625780649064982,0.6398554681876596,-0.3920886780671371,0.04794348979322116,0.9836381243878414
2026-06-16 20:00:00,38,-1.9156603174118239,-0.5913734958133605,-0.2518724685972678,-0.4402894001273232,0.625780649064982
2026-06-17 00:00:00,38,0.004719195305348478,0.6832936464805965,0.7439184355589705,1.054305190283161,-1.9156603174118239
2026-06-17 04:00:00,38,-0.4640054201851491,0.5933016132048698,-0.00852731333550877,1.050623282947944,0.004719195305348478
2026-06-17 08:00:00,38,1.5768258683659298,1.833504000593969,0.17512901188168667,1.4126394424029929,-0.4640054201851491
2026-06-17 12:00:00,38,0.34535408278588164,0.46114279088940174,-0.6245123179241798,0.18240285428850633,1.5768258683659298
2026-06-17 16:00:00,38,-1.2442500302716262,0.4453660035779127,-0.14199534468688516,-0.08704175403606484,0.34535408278588164
2026-06-17 20:00:00,38,4.238295161681879,0.7118878643841429,0.4808455309705181,0.8837197883205441,-1.2442500302716262
2026-06-18 00:00:00,38,-3.6026982376025423,-2.730295323723033,-1.6673328866227373,-2.422990155836473,4.238295161681879
2026-06-18 04:00:00,38,-0.35651709217999894,0.03797188687334056,1.4049359598894562,0.38782825902584506,-3.6026982376025423
2026-06-18 08:00:00,38,1.911055918936162,1.2692102982685858,0.13301278697528074,0.6659822263643829,-0.35651709217999894
2026-06-18 12:00:00,38,-0.33370849751459275,-0.31283528348686196,-0.7554707972450311,-0.8250200209823202,1.911055918936162
2026-06-18 16:00:00,38,0.2237945722089485,0.18831821257001652,0.12407589196021203,-0.5646612764669161,-0.33370849751459275
2026-06-18 20:00:00,38,-0.8493096264325448,-0.8668891318430558,-0.09436572962090845,-0.7392653823966295,0.2237945722089485
2026-06-19 00:00:00,38,-1.1249818824765683,-0.3827998252205607,0.32609943731171115,-0.07663560314399476,-0.8493096264325448
2026-06-19 04:00:00,38,0.7149195414647984,0.3944437663828036,0.43411372082954686,0.8010731537670157,-1.1249818824765683
2026-06-19 08:00:00,38,0.4880688485077087,0.7383305141395164,-0.2867989923407454,0.2432942670092313,0.7149195414647984
2026-06-19 12:00:00,38,-0.028868832080341633,0.22566845141969463,-0.1979140409970325,-0.137496134137173,0.4880688485077087
2026-06-19 16:00:00,38,-0.07625276123122404,0.4914479406415187,0.004633193872961971,-0.1149727254375339,-0.028868832080341633
2026-06-19 20:00:00,38,-0.017664073395252444,0.6570964941740649,0.023199230335750276,-0.055480463994218354,-0.07625276123122404
2026-06-22 04:00:00,38,-1.2148513248936972,-0.5454646336991006,0.0002429298735013895,-0.04169898702713937,-0.017664073395252444
2026-06-22 08:00:00,38,1.6583804299934854,1.3360782119800643,0.46932648968824325,0.90612574047584,-1.2148513248936972
2026-06-22 12:00:00,38,-0.08904402650397181,-0.03825187198669673,-0.6564671387256059,-0.3877395638175791,1.6583804299934854
2026-06-22 16:00:00,38,0.25191191451009587,0.2737960375159377,0.028211121534194937,-0.3182675811745348,-0.08904402650397181
2026-06-22 20:00:00,38,-1.2409412350574254,-0.7210922548194911,-0.10538270545542683,-0.5148087848861724,0.25191191451009587
2026-06-23 00:00:00,38,0.2609171832601547,0.020741877706577334,0.47954907426682986,0.45337124164376874,-1.2409412350574254
2026-06-23 04:00:00,38,-0.6244060384006431,-0.3172546566501696,-0.10891116227542623,0.2498041441258554,0.2609171832601547
2026-06-23 08:00:00,38,2.2614383111527108,1.120304149703965,0.23797740330486164,0.7369645653815926,-0.6244060384006431
2026-06-23 12:00:00,38,-1.430844488180691,-0.8376162434833005,-0.8927581093439749,-1.027405367886308,2.2614383111527108
2026-06-23 16:00:00,38,0.3904776908724621,0.6055606610485813,0.5539572287839823,0.08893682092240951,-1.430844488180691
2026-06-23 20:00:00,38,-1.7773789600657253,-0.4398577847680591,-0.15967573903325438,-0.21571314188646973,0.3904776908724621
2026-06-24 00:00:00,38,-0.10533048380190024,0.7415573332781242,0.6897368434323135,1.17099459261037,-1.7773789600657253
2026-06-24 04:00:00,38,1.1892316319448355,0.7237824196336586,0.03459250369184898,1.2531732387225016,-0.10533048380190024
2026-06-24 08:00:00,38,1.6705310705635465,0.7414068881134426,-0.4726446097135234,0.32533694765645826,1.1892316319448355
2026-06-24 12:00:00,38,-1.6933376323037397,-0.6841534074745983,-0.6612280194696163,-0.9780082636439449,1.6705310705635465
2026-06-24 16:00:00,38,1.2472934017740922,0.8195772299521193,0.6568076544948209,0.3431305843951513,-1.6933376323037397
2026-06-24 20:00:00,38,-1.0150952751932731,-0.7900608172531822,-0.4953944524357563,-0.6300053907055378,1.2472934017740922
2026-06-25 00:00:00,38,0.02295576570132951,-0.2118456633016589,0.3910577988291282,0.16197004108963675,-1.0150952751932731
2026-06-25 04:00:00,38,-0.8549076918112348,-0.275371898956091,-0.01567279149646631,0.14405999570001704,0.02295576570132951
2026-06-25 08:00:00,38,1.046774674498817,1.2890385647858607,0.32829287900817494,0.8110573750724175,-0.8549076918112348
2026-06-25 12:00:00,38,1.4720591528679368,0.38201586868544213,-0.41682692819752337,-0.005634264705541625,1.046774674498817
2026-06-25 16:00:00,38,-0.2982523947695448,-0.5454236676747708,-0.5834624789834578,-1.1541320576823129,1.4720591528679368
2026-06-25 20:00:00,38,-1.8592442424926627,-1.2207371144455488,0.11018343288834398,-0.9214360980970593,-0.2982523947695448
2026-06-26 00:00:00,38,-0.7221346653304295,0.154479042899132,0.7218134112858402,0.5291427763642158,-1.8592442424926627
2026-06-26 04:00:00,38,1.108244553869497,0.6596621570400454,0.27626956867719776,1.09255088924351,-0.7221346653304295
2026-06-26 08:00:00,38,0.7700540545556631,0.6943980921200752,-0.4409121411000923,0.22790056475221476,1.108244553869497
2026-06-26 12:00:00,38,0.6152001091759818,0.02009247004723912,-0.30840187329102664,-0.37289416581751134,0.7700540545556631
2026-06-26 16:00:00,38,0.1720419664871624,-0.2239730862881225,-0.24772678686729446,-0.8528721383406523,0.6152001091759818
2026-06-26 20:00:00,38,-1.3742431376200894,-1.0939254189433272,-0.07408795227966207,-0.9870989582513428,0.1720419664871624
2026-06-27 00:00:00,38,-0.23275176353516613,1.0629531891434119,0.531779609553526,0.08508296289985218,-1.3742431376200894
2026-06-29 04:00:00,39,-0.12641930474788055,-0.5734393013047202,0.09267575865765611,0.13895322024491286,-0.23275176353516613
2026-06-29 08:00:00,39,0.8387249972635544,0.5213104417492533,0.05132803269348204,0.2399747171217541,-0.12641930474788055
2026-06-29 12:00:00,39,-0.4326582634140408,-0.17802555524260083,-0.3239715002109952,-0.4302493033359216,0.8387249972635544
2026-06-29 16:00:00,39,-0.2412772692236942,0.14895739871203487,0.17041005794611802,-0.08451266530118495,-0.4326582634140408
2026-06-29 20:00:00,39,-0.6896184027393844,-0.5038073240342584,0.09599092955594643,0.10829167694657471,-0.2412772692236942
2026-06-30 00:00:00,39,0.6991495135904202,-0.018661461072642806,0.27032985238813945,0.6593648176942253,-0.6896184027393844
2026-06-30 04:00:00,39,0.5966238598716647,-0.5200759118296494,-0.2696971147970479,0.10067537904815538,0.6991495135904202
2026-06-30 08:00:00,39,0.43008548414849557,-0.11125558628335161,-0.22982967749136793,-0.3760859472134861,0.5966238598716647
2026-06-30 12:00:00,39,-0.7614911711685064,-0.5880217566478433,-0.16507068291478785,-0.7197666807876075,0.43008548414849557
2026-06-30 16:00:00,39,1.0009116608889457,0.08586934225279133,0.29827781453616814,-0.11126010718037449,-0.7614911711685064
2026-06-30 20:00:00,39,-0.9618522700816428,-1.4408467122906026,-0.3870383172404177,-0.9110872730245347,1.0009116608889457
2026-07-01 00:00:00,39,-1.9566057897395517,-0.6570671793343582,0.3761888861527283,-0.14247241399000643,-0.9618522700816428
2026-07-01 04:00:00,39,0.6612881818679206,0.7715032585429031,0.7630020606227514,1.4210486484899487,-1.9566057897395517
2026-07-01 08:00:00,39,1.1910178747618616,1.2905275548949753,-0.25497461155998563,0.8926141492456221,0.6612881818679206
2026-07-01 12:00:00,39,0.5269076523750869,0.21473535210626668,-0.46096174311575244,-0.05912663714352817,1.1910178747618616
2026-07-01 16:00:00,39,1.6214435150073925,-0.13275014944982244,-0.20272030114753156,-0.4801778354945121,0.5269076523750869
2026-07-01 20:00:00,39,-2.872310912136733,-2.1375973360673557,-0.6283341675268996,-1.7758711737387234,1.6214435150073925
2026-07-02 00:00:00,39,-0.4973290829537902,0.2722415464655258,1.1190770060974102,0.5193886239513308,-2.872310912136733
2026-07-02 04:00:00,39,0.2492465746160235,0.36759547802194703,0.1955575186058714,0.9168036271470417,-0.4973290829537902
2026-07-02 08:00:00,39,1.2281740034009907,1.3302931099542508,-0.09475087878078625,0.7176310236483019,0.2492465746160235
2026-07-02 12:00:00,39,3.2911903023899267,0.17936415749319323,-0.4754100258168387,-0.2638011753044509,1.2281740034009907
2026-07-02 16:00:00,39,-2.2624998574962234,-2.426650262990762,-1.277620691901979,-2.8937869319659377,3.2911903023899267
2026-07-02 20:00:00,39,-2.2940092332867277,-1.396562472565915,0.8819499739120631,-1.0858263301913098,-2.2624998574962234
2026-07-03 00:00:00,39,1.182182133452649,0.319725840253713,0.8942024982150536,0.7473133715187252,-2.2940092332867277
2026-07-03 04:00:00,39,-0.6436033876059994,-0.8931047505860206,-0.4575259360770522,-0.19736678584028233,1.182182133452649
2026-07-03 08:00:00,39,0.45615043233676644,0.6983098984895486,0.25243676256710335,0.31693581802729653,-0.6436033876059994
2026-07-03 12:00:00,39,0.10941768546430453,1.1678575033530652,-0.1752061236564994,-0.04757338068707995,0.45615043233676644
2026-07-03 16:00:00,39,-0.9369278983389506,0.22116744612305064,-0.04037795581390508,-0.13500890639612884,0.10941768546430453
2026-07-03 20:00:00,39,-0.6769203049462043,0.841499608511559,0.3664969623093452,0.6136889206061227,-0.9369278983389506
2026-07-06 04:00:00,39,1.1903806071459186,0.37784476006591405,0.2653921553405332,1.1546150284372914,-0.6769203049462043
2026-07-06 08:00:00,39,0.16301006352319192,0.6708387544746317,-0.4607139395094937,0.20338348174537124,1.1903806071459186
2026-07-06 12:00:00,39,-0.342346525273296,0.35229514579549237,-0.061217528104621756,0.0731223586048575,0.16301006352319192
2026-07-06 16:00:00,39,0.6539287123755742,0.6103004588663029,0.13529204184285204,0.34669100781286843,-0.342346525273296
2026-07-06 20:00:00,39,-1.2669432113270567,-0.7587174385370988,-0.252112857667696,-0.17586254923027234,0.6539287123755742
2026-07-07 00:00:00,39,-0.4317111807889873,0.21946259053441478,0.49482450105939385,0.8365500717808949,-1.2669432113270567
2026-07-07 04:00:00,39,0.04756442409026462,0.43950402383392684,0.17004178175564189,1.1815298973601323,-0.4317111807889873
2026-07-07 08:00:00,39,1.0741155505879156,1.5269013384400665,-0.016326111904225463,1.143521229860605,0.04756442409026462
2026-07-07 12:00:00,39,0.40246552301473315,0.46043109693435336,-0.4155038902677439,0.28519693393536016,1.0741155505879156
2026-07-07 16:00:00,39,0.24635475001228002,0.17241781297980224,-0.15433057028008876,-0.036412725739268126,0.40246552301473315
2026-07-07 20:00:00,39,-0.24904997220137304,-0.612756496459731,-0.093626383282274,-0.2332744760755272,0.24635475001228002
2026-07-08 00:00:00,39,-0.5069962969235249,-0.4799949723406757,0.09901337064672287,-0.034258977302661364,-0.24904997220137304
2026-07-08 04:00:00,39,0.21627790474762776,-0.18731606085693492,0.1993166465204929,0.37088108361108674,-0.5069962969235249
2026-07-08 08:00:00,39,1.2882851528289976,0.6386810470040114,-0.08193090318096735,0.19805369998826627,0.21627790474762776
2026-07-08 12:00:00,39,-0.07177361813753613,-0.42464507262409357,-0.4987844437724399,-0.8314132378543686,1.2882851528289976
2026-07-08 16:00:00,39,-0.09655738534497438,-0.3263202380627229,0.030078877911792496,-0.7740590358598176,-0.07177361813753613
2026-07-08 20:00:00,39,-0.3309822283298196,-0.7652680712864618,0.039716127219673374,-0.696900158728539,-0.09655738534497438
2026-07-09 00:00:00,39,-1.0025958141010243,-0.6638394411782402,0.13087299763797425,-0.43241270396683795,-0.3309822283298196
2026-07-09 04:00:00,39,-0.7022651799325388,0.05146364576067426,0.3920321471111976,0.3687602664503924,-1.0025958141010243
2026-07-09 08:00:00,39,1.7191938963125448,1.5522657157067616,0.27524759325180737,0.9299394298918742,-0.7022651799325388
2026-07-09 12:00:00,39,-0.5296062094902272,0.02355125016644137,-0.6663447244649683,-0.44386610695540796,1.7191938963125448
2026-07-09 16:00:00,39,-0.3800495901033969,0.561369608981551,0.2081085853089311,-0.020658495232881435,-0.5296062094902272
2026-07-09 20:00:00,39,-0.6425365189114096,-0.07241942166614126,0.14995300247880516,0.28303862251541645,-0.3800495901033969
2026-07-10 00:00:00,39,0.10782896311992829,0.3420419873153022,0.25202190716992023,0.7964886930399775,-0.6425365189114096
2026-07-10 04:00:00,39,0.8949941728730977,0.22294974688988958,-0.039760175910406,0.7103227132256063,0.10782896311992829
2026-07-10 08:00:00,39,-0.5380509186172873,0.4699325239510269,-0.3458519540241405,-0.004865929996277885,0.8949941728730977
2026-07-10 12:00:00,39,0.6504299740724484,0.780730449629218,0.21139233819883033,0.42508983746406237,-0.5380509186172873
2026-07-10 16:00:00,39,0.45481812615812167,0.37761842914809485,-0.25075236178311006,-0.09466788249338087,0.6504299740724484
2026-07-10 20:00:00,39,-1.1670149394183138,-0.8575843789264481,-0.1746880520215231,-0.45811243712722316,0.45481812615812167
