timestamp,fold,y,pred,pred_ar1,pred_level,last_diff
2023-07-03 04:00:00,0,0.8475285808570199,0.3742739770551539,0.048912570182478805,0.8559060989903404,-0.759477051703918
2023-07-03 08:00:00,0,1.2338512312693357,1.0280740851943948,-0.05374325650166652,0.2998157381919011,0.8475285808570199
2023-07-03 12:00:00,0,-0.2738418667781488,0.21868213784068377,-0.0784216211827452,-0.5097531564338666,1.2338512312693357
2023-07-03 16:00:00,0,-0.49489878471887216,0.10598510011152186,0.017890101831813467,-0.33007682936016103,-0.2738418667781488
2023-07-03 20:00:00,0,0.01650307774901094,0.22574133980036315,0.03201125996322016,-0.005358052944696823,-0.49489878471887216
2023-07-04 00:00:00,0,-1.1866577977615655,0.2653884410493994,-0.0006571886692779555,-0.01618624525232626,0.01650307774901094
2023-07-04 04:00:00,0,0.40586713943151054,0.938563803501921,0.07620095781570316,0.7624175420491373,-1.1866577977615655
2023-07-04 08:00:00,0,0.8107305326852945,1.0242445567210252,-0.025529839283088336,0.49611524959491327,0.40586713943151054
2023-07-04 12:00:00,0,0.09544740972275001,0.567102687636299,-0.05139259015744745,-0.03583074563676192,0.8107305326852945
2023-07-04 16:00:00,0,-0.25612441713305145,0.5547533607333909,-0.005700167671085829,-0.09845681596506672,0.09544740972275001
2023-07-04 20:00:00,0,-0.4741859025209596,0.7344563438138803,0.016758307765134477,0.06959453091551282,-0.25612441713305145
2023-07-05 04:00:00,0,-0.11604267537084567,1.1100781638014277,0.030688117093055134,0.38072292891215653,-0.4741859025209596
2023-07-05 08:00:00,0,1.49442897189118,1.135422600968707,0.0078098593511499075,0.4568622057135805,-0.11604267537084567
2023-07-05 12:00:00,0,-0.1292554463288056,0.06547949697802805,-0.09506737701397616,-0.5236800024633546,1.49442897189118
2023-07-05 16:00:00,0,-0.03573631524543153,-0.2503710493162398,0.00865389368307451,-0.43887140791251866,-0.1292554463288056
2023-07-05 20:00:00,0,-1.262301357863187,-0.553453807772106,0.002679873730918136,-0.4154236789659098,-0.03573631524543153
2023-07-06 00:00:00,0,-0.9591569052548472,0.23036830317669185,0.08103308287999991,0.41281224532667693,-1.262301357863187
2023-07-06 04:00:00,0,1.1756040704720299,1.012889681657402,0.06166815735846987,1.0421454873586224,-0.9591569052548472
2023-07-06 08:00:00,0,1.568682063293597,0.6657535158060048,-0.07470078142805005,0.2707944008337986,1.1756040704720299
2023-07-06 12:00:00,0,0.3690943430502056,-0.31158047318672866,-0.09981067867224179,-0.7584676137555828,1.568682063293597
2023-07-06 16:00:00,0,0.41991366352582027,-0.871111663081612,-0.023180786028063446,-1.0006421091429871,0.3690943430502056
2023-07-06 20:00:00,0,-3.4566390999478465,-1.3327521431895524,-0.026427133924577684,-1.2761607712017256,0.41991366352582027
2023-07-07 00:00:00,0,0.5164440940742843,0.24453718316876413,0.22120779687832168,0.9918496860931292,-3.4566390999478465
2023-07-07 04:00:00,0,0.18396204512083614,0.5637261449603893,-0.03259351626160616,0.6529943494204868,0.5164440940742843
2023-07-07 08:00:00,0,0.8119657434845191,0.7218959458762868,-0.011354499483200173,0.5322910217037755,0.18396204512083614
2023-07-07 12:00:00,0,0.685267238385098,0.27255500925184994,-0.051471495659179585,-0.0004654344781460651,0.8119657434845191
2023-07-07 16:00:00,0,0.04154164596512189,0.07966033970623777,-0.0433779709588962,-0.45009098628146127,0.685267238385098
2023-07-07 20:00:00,0,-1.472581490536152,-0.6877179599990365,-0.0022566571883248336,-0.4773477766891041,0.04154164596512189
2023-07-08 00:00:00,0,0.023247803894225427,-0.06941178041916606,0.09446581791055148,0.48885960660562056,-1.472581490536152
2023-07-10 04:00:00,0,0.23009514918012286,0.267700542195501,-0.001088043063417054,0.4736059857280335,0.023247803894225427
2023-07-10 08:00:00,0,0.8588584886797168,0.3197308224197849,-0.014301490980152624,0.3226332664409064,0.23009514918012286
2023-07-10 12:00:00,0,0.09816168417536808,-0.26760517582924015,-0.054467013176956215,-0.2408910059343743,0.8588584886797168
2023-07-10 16:00:00,0,0.36060905359761897,-0.04114211379798506,-0.005873556041440902,-0.30529799774869737,0.09816168417536808
2023-07-10 20:00:00,0,-1.996446349880598,-0.7508262048260574,-0.02263874411746889,-0.5419050258202542,0.36060905359761897
2023-07-11 00:00:00,0,-1.1713422141496501,0.20307076141541713,0.1279304051634766,0.7680266934111977,-1.996446349880598
2023-07-11 04:00:00,0,1.7638363708198774,1.2186486044270257,0.07522259540988768,1.5365814409410739,-1.1713422141496501
2023-07-11 08:00:00,0,2.2151968072434833,0.9023238731395937,-0.1122771731039734,0.37927250057849804,1.7638363708198774
2023-07-11 12:00:00,0,-0.45915767259630336,-0.4827337837139043,-0.1411101639751643,-1.0741883261159035,2.2151968072434833
2023-07-11 16:00:00,0,-0.6450369938113614,-0.19230317989588785,0.029728110895655264,-0.7729204260301543,-0.45915767259630336
2023-07-11 20:00:00,0,-1.4336465854802682,-0.7376145340673662,0.04160211743066098,-0.3496912126221723,-0.6450369938113614
2023-07-12 00:00:00,0,0.6024680320219353,0.21004214188482245,0.09197864874051505,0.5909697455852871,-1.4336465854802682
2023-07-12 04:00:00,0,-0.4850209703760626,0.49034508855996894,-0.03808874184495948,0.19567137705377924,0.6024680320219353
2023-07-12 08:00:00,0,0.6774082436953641,0.9011573448638937,0.031380263296719564,0.5139090064426295,-0.4850209703760626
2023-07-12 12:00:00,0,2.3528972841856994,0.5002569038155005,-0.04287593687735085,0.06943999011344104,0.6774082436953641
2023-07-12 16:00:00,0,-1.0471207081302296,-1.8210605120556915,-0.14990649673771808,-1.4743704833474247,2.3528972841856994
2023-07-12 20:00:00,0,-1.7666710559699101,-1.1864446525844103,0.06728730188384612,-0.7873214026015685,-1.0471207081302296
2023-07-13 00:00:00,0,-0.42922890208761544,-0.09033928739600706,0.11325231551023471,0.3718474645215153,-1.7666710559699101
2023-07-13 04:00:00,0,0.39879426860033007,0.675139343514508,0.027816255320318367,0.6534781498084428,-0.42922890208761544
2023-07-13 08:00:00,0,2.359678905956354,0.7340793623893228,-0.02507802294374674,0.3918165920518213,0.39879426860033007
2023-07-13 12:00:00,0,-0.46069713756192066,-0.17988922994993578,-0.15033970803145594,-1.156443518368107,2.359678905956354
2023-07-13 16:00:00,0,-0.3469843935759549,-0.26763032313564183,0.029826452211637385,-0.8541655265314692,-0.46069713756192066
2023-07-13 20:00:00,0,-2.1223620441654862,-0.519186304598355,0.022562460411061518,-0.626498069677135,-0.3469843935759549
2023-07-14 00:00:00,0,-0.07911945948682586,0.006012090207393579,0.13597392375944092,0.7660509269495694,-2.1223620441654862
2023-07-14 04:00:00,0,0.8851824591785409,0.6903408354593945,0.005451197269567261,0.8179637116815197,-0.07911945948682586
2023-07-14 08:00:00,0,1.4860668921888731,0.8657605408476876,-0.05614859343928511,0.23716744803305367,0.8851824591785409
2023-07-14 12:00:00,0,-0.2585026009717968,-0.30794833745255845,-0.09453320576575779,-0.737888134649813,1.4860668921888731
2023-07-14 16:00:00,0,-0.31598663857529274,-0.028345882386948518,0.016910226602895005,-0.5682763859859747,-0.2585026009717968
2023-07-14 20:00:00,0,-1.206952549643157,-0.380125544992227,0.02058231790224246,-0.36094753853267036,-0.31598663857529274
2023-07-15 00:00:00,0,-0.04447422098158782,0.11275073387160665,0.07749739044141479,0.4309722786361725,-1.206952549643157
2023-07-17 04:00:00,0,-0.4743267890623635,0.721344020660147,0.0032380528179470954,0.4601532244479021,-0.04447422098158782
2023-07-17 08:00:00,0,2.1065731743860976,1.2224606920274284,0.030697116952223914,0.7713740625691745,-0.4743267890623635
2023-07-17 12:00:00,0,-0.6459476715085142,0.28515103905788886,-0.13417126556530623,-0.6108153562326244,2.1065731743860976
2023-07-17 16:00:00,0,0.10851370144114725,0.1486393211010841,0.041660291695859455,-0.18698861832739233,-0.6459476715085142
2023-07-17 20:00:00,0,-1.026736670025361,0.07787437779833341,-0.006534844881215276,-0.25818789673398435,0.10851370144114725
2023-07-18 00:00:00,0,-0.4614744859848514,0.20896485417916122,0.0659851656371413,0.4154865706238464,-1.026736670025361
2023-07-18 04:00:00,0,1.4104113614244227,0.9843363391758474,0.029876109377337798,0.7182746053955995,-0.4614744859848514
2023-07-18 08:00:00,0,0.14648467058392,0.3629000600227435,-0.08970031601323358,-0.20714098596489983,1.4104113614244227
2023-07-18 12:00:00,0,1.072746278717359,0.3402889569839211,-0.00896043764104756,-0.3032542205582178,0.14648467058392
2023-07-18 16:00:00,0,-0.5266568636514055,-0.44337458813286745,-0.0681302060488869,-1.0071170502623144,1.072746278717359
2023-07-18 20:00:00,0,-2.3501093279656757,-0.6314267963819996,0.03403997210999972,-0.6615607918188111,-0.5266568636514055
2023-07-19 00:00:00,0,0.29781198603749814,0.24976027279947627,0.1505224637395524,0.8804204152134059,-2.3501093279656757
2023-07-19 04:00:00,0,0.8434685356204774,0.924256720308946,-0.018627255449908245,0.6850165332602725,0.29781198603749814
2023-07-19 08:00:00,0,3.1820518852407975,1.1508815071178022,-0.053483900036643994,0.1315900968078001,0.8434685356204774
2023-07-19 12:00:00,0,-1.7152226698067956,-1.5503598045126525,-0.20287305098969652,-1.9562549870164911,3.1820518852407975
2023-07-19 16:00:00,0,-0.06729454202852914,-0.77181013673513,0.10996578277747567,-0.8308430364979351,-1.7152226698067956
2023-07-19 20:00:00,0,-1.9665875791022032,-1.1282991252169965,0.004695819284227685,-0.7866889548520177,-0.06729454202852914
2023-07-20 00:00:00,0,-0.7285608497575566,-0.014832939676167702,0.12602302118427808,0.5036514786220074,-1.9665875791022032
2023-07-20 04:00:00,0,1.463060722717156,0.39636136018072876,0.04693763729834197,0.9816833408579857,-0.7285608497575566
2023-07-20 08:00:00,0,1.1551857477073408,0.7982526460621028,-0.09306356726661263,0.02172283505049677,1.463060722717156
2023-07-20 12:00:00,0,-0.3054920099502745,-0.13767247226909313,-0.07339645507072885,-0.7362311428344821,1.1551857477073408
2023-07-20 16:00:00,0,-0.40100042268040426,-0.16164187189891854,0.01991191902160662,-0.5357881538057168,-0.3054920099502745
2023-07-20 20:00:00,0,-0.9968493218924888,-0.6266305507770086,0.026013014665233886,-0.2726790684422671,-0.40100042268040426
2023-07-21 00:00:00,0,-0.6612972547423546,-0.1335438515519925,0.06407595613108158,0.3813853626502226,-0.9968493218924888
2023-07-21 04:00:00,0,-0.675439606668025,0.8253233727710938,0.04264082600401611,0.815283448556464,-0.6612972547423546
2023-07-21 08:00:00,0,3.248804491868839,1.3884356998606027,0.0435442421456722,1.2584607797442402,-0.675439606668025
2023-07-21 12:00:00,0,-0.408066426173475,-0.0905310714654186,-0.20713722024827144,-0.8731828047353183,3.248804491868839
2023-07-21 16:00:00,0,-0.5322640195274904,-0.34913213261674964,0.026464392317705636,-0.6054374905524345,-0.408066426173475
2023-07-21 20:00:00,0,-1.1362608344736813,-0.6547877026150368,0.034398158298114725,-0.2562021994431145,-0.5322640195274904
2023-07-22 00:00:00,0,-0.02400520974521214,-0.06674764817807519,0.07298159017699508,0.48933454312274094,-1.1362608344736813
2023-07-24 04:00:00,0,1.1224958586847187,0.9548927534302182,0.001930488471375009,0.5050851219819918,-0.02400520974521214
2023-07-24 08:00:00,0,1.1318785174088326,0.3591421344816346,-0.07130821871745459,-0.23141998374499195,1.1224958586847187
2023-07-24 12:00:00,0,-0.7960720543830515,-0.5598898965074433,-0.07190758474847726,-0.974081349205262,1.1318785174088326
2023-07-24 16:00:00,0,0.19227115138867923,-0.12681977840182762,0.05125026594185724,-0.4517532461272751,-0.7960720543830515
2023-07-24 20:00:00,0,-1.3225520683822367,-0.777237044745746,-0.01188528677830911,-0.5779084417889297,0.19227115138867923
2023-07-25 00:00:00,0,-0.07009913948662572,0.020170220423570334,0.08488190977352086,0.2898598830712249,-1.3225520683822367
2023-07-25 04:00:00,0,0.29610304588864267,0.8099109340963229,0.0048749775054209386,0.3358541499894674,-0.07009913948662572
2023-07-25 08:00:00,0,0.5087902916003806,1.2248806245617199,-0.01851808802685764,0.14157155782575792,0.29610304588864267
2023-07-25 12:00:00,0,0.4263083469490496,0.3310398931247276,-0.03210458989799185,-0.19226187648827597,0.5087902916003806
2023-07-25 16:00:00,0,0.15040872695131036,0.11527052554121454,-0.026835627522791703,-0.47197629299392574,0.4263083469490496
2023-07-25 20:00:00,0,-1.7344877139568435,-0.3804439587760098,-0.009211107111140015,-0.5706642253265564,0.15040872695131036
2023-07-26 00:00:00,0,-1.0015667784343698,0.0586504962651279,0.11119643747666182,0.5673881311844031,-1.7344877139568435
2023-07-26 04:00:00,0,0.4311367063864182,0.6620405786271446,0.06437730815582936,1.2245478350142136,-1.0015667784343698
2023-07-26 08:00:00,0,1.8741958308856308,1.2064241530134336,-0.02714406404568141,0.941665378866908,0.4311367063864182
2023-07-26 12:00:00,0,-0.14382530556318152,0.32122545794843393,-0.11932695648737808,-0.2880539006295155,1.8741958308856308
2023-07-26 16:00:00,0,0.3927565202973664,0.3110191588391937,0.009584619073248132,-0.19368555970383206,-0.14382530556318152
2023-07-26 20:00:00,0,1.634369733028601,-0.17615461058348944,-0.02469233042917615,-0.4513855594575258,0.3927565202973664
2023-07-27 00:00:00,0,-2.8149744721822145,-2.0179095645863465,-0.1040068195587276,-1.5237473358579017,1.634369733028601
2023-07-27 04:00:00,0,1.109252774176774,0.1682385299286419,0.18021813792343463,0.3232466242647085,-2.8149744721822145
2023-07-27 08:00:00,0,0.04352080554494009,0.23651080023342463,-0.07046224795016824,-0.40456927403205256,1.109252774176774
2023-07-27 12:00:00,0,0.8377703295474426,-0.06147327641964718,-0.002383086280226837,-0.4331246537612561,0.04352080554494009
2023-07-27 16:00:00,0,0.042059506373670175,-0.7233906402410087,-0.053119897544560736,-0.9828123166282356,0.8377703295474426
2023-07-27 20:00:00,0,-1.1324943802351175,-1.1945939419308529,-0.0022897382101142814,-1.0104088916613616,0.042059506373670175
2023-07-28 00:00:00,0,-1.1511871450129654,-0.9624806825249899,0.072740988360988,-0.2673434390835503,-1.1324943802351175
2023-07-28 04:00:00,0,1.568259668496415,0.47864063333543,0.0739350857445947,0.48798692885454464,-1.1511871450129654
2023-07-28 08:00:00,0,0.6027933779441099,-0.6210541149803784,-0.09978369601193668,-0.5409979391223576,1.568259668496415
2023-07-28 12:00:00,0,-0.21837920606209593,-0.803638623715886,-0.03810952500459652,-0.9365097774238897,0.6027933779441099
2023-07-28 16:00:00,0,0.13245763356961504,-0.4001208474832354,0.014347136474040973,-0.7932242597046546,-0.21837920606209593
2023-07-28 20:00:00,0,-1.5371358736578475,-0.8349116473412054,-0.008064387837950196,-0.8801339107842097,0.13245763356961504
2023-07-29 00:00:00,0,-0.3196991324612668,-0.3486070854711375,0.09858956423176507,0.12842964905970256,-1.5371358736578475
2023-07-31 04:00:00,1,-0.3681967687534353,0.4202908199985488,0.012102510341044167,0.34885472800222317,-0.3196991324612668
2023-07-31 08:00:00,1,1.1978094374135821,1.0812775708614801,0.013542702961976322,0.5854842650808738,-0.3681967687534353
2023-07-31 12:00:00,1,0.1282372194594643,0.5235823056502935,-0.032961637349963664,-0.1843136167506696,1.1978094374135821
2023-07-31 16:00:00,1,-0.07969864957245143,0.6116002136567525,-0.001199470497714353,-0.266728011585478,0.1282372194594643
2023-07-31 20:00:00,1,-0.9739621576058095,-0.09461340475210626,0.004975422282683656,-0.21550796797137473,-0.07969864957245143
2023-08-01 00:00:00,1,-1.0504974664866964,0.19968150080071864,0.031531597055401775,0.4104296665892342,-0.9739621576058095
2023-08-01 04:00:00,1,0.790132700244019,1.529752825530783,0.03380440034063768,1.0855543561366936,-1.0504974664866964
2023-08-01 08:00:00,1,1.2378969797937724,1.316865819938286,-0.020855211687067735,0.5777586584111383,0.790132700244019
2023-08-01 12:00:00,1,0.04647159937228551,0.6815602813789249,-0.03415208264052266,-0.2178023408648091,1.2378969797937724
2023-08-01 16:00:00,1,-0.30000423198156234,0.49947461805205534,0.0012286528439280236,-0.24766830922731842,0.04647159937228551
2023-08-01 20:00:00,1,-0.0015122338752835418,0.17608835150196323,0.01151764780939448,-0.054864166008529835,-0.30000423198156234
2023-08-02 00:00:00,1,0.8875352764731126,0.5596298701678922,0.002653587497461793,-0.053892296529406636,-0.0015122338752835418
2023-08-02 04:00:00,1,-1.2777622220980387,-0.7069248181029829,-0.023747692275190222,-0.6242858454022997,0.8875352764731126
2023-08-02 08:00:00,1,1.1454504800533574,0.8491397356450922,0.04055328645248017,0.19689540541448736,-1.2777622220980387
2023-08-02 12:00:00,1,-0.06496825689120023,-0.30090900364240625,-0.03140677839610422,-0.539252871386525,1.1454504800533574
2023-08-02 16:00:00,1,-0.322599205555651,0.025547507779732987,0.004537986472097631,-0.49749963002859765,-0.06496825689120023
2023-08-02 20:00:00,1,-0.6393003126915318,-0.4353452998422687,0.012188631319096256,-0.29017434325050395,-0.322599205555651
2023-08-03 00:00:00,1,-1.1744081896458205,0.205922626248969,0.02159343189103243,0.12068569106918048,-0.6393003126915318
2023-08-03 04:00:00,1,1.1495500408792978,1.161490359244179,0.03748407058421519,0.8754442599673276,-1.1744081896458205
2023-08-03 08:00:00,1,1.042295932806942,0.9374385073570343,-0.03152851953035276,0.13666131262384162,1.1495500408792978
2023-08-03 12:00:00,1,1.4145687960104478,-0.14900175722153955,-0.02834348646853713,-0.5331924856973149,1.042295932806942
2023-08-03 16:00:00,1,-0.5325286836776684,-0.6917787285320566,-0.03939855371612486,-1.44229541047069,1.4145687960104478
2023-08-03 20:00:00,1,-2.204458788713879,-1.387765469407585,0.01842272659512293,-1.1000544496758025,-0.5325286836776684
2023-08-04 00:00:00,1,-0.9193878393903745,-0.41691730255907516,0.06807259788949577,0.31668819162544004,-2.204458788713879
2023-08-04 04:00:00,1,0.6771758136164294,0.4478810004469129,0.029910950434342335,0.9075524720677546,-0.9193878393903745
2023-08-04 08:00:00,1,0.45530938675642574,1.046160756029873,-0.01750082811207288,0.4723509361080005,0.6771758136164294
2023-08-04 12:00:00,1,1.933505549639312,0.43006150252644354,-0.010912251529259932,0.17973660985929563,0.45530938675642574
2023-08-04 16:00:00,1,-0.7192701730316156,-0.6790743665171516,-0.05480897245909902,-1.0628721308397093,1.933505549639312
2023-08-04 20:00:00,1,-0.8219669988659462,-0.8533036966062585,0.023968228098932603,-0.6006177534990798,-0.7192701730316156
2023-08-05 00:00:00,1,-0.28023079017441965,-0.251249411457022,0.027017927467139567,-0.07236306214456611,-0.8219669988659462
2023-08-07 04:00:00,1,-0.38091804726403033,0.3233891197518222,0.010930452903450643,0.10773325531812716,-0.28023079017441965
2023-08-07 08:00:00,1,0.8793889587561452,1.2856657053695686,0.013920475835883173,0.3525383944130631,-0.38091804726403033
2023-08-07 12:00:00,1,-0.3525087016029147,0.5003174192062982,-0.023505778079762934,-0.2126197489542676,0.8793889587561452
2023-08-07 16:00:00,1,0.440729179676957,0.35004274208003777,0.013076827915803889,0.013927515865299611,-0.3525087016029147
2023-08-07 20:00:00,1,-0.6117985400170731,-0.06813831860639381,-0.01047927565140453,-0.26931652811991214,0.440729179676957
2023-08-08 00:00:00,1,-1.9716413148901992,0.35084900294111915,0.020776735385872967,0.12386890313676169,-0.6117985400170731
2023-08-08 04:00:00,1,1.7662547721311768,2.0003604484099653,0.0611588174774992,1.3909864099175806,-1.9716413148901992
2023-08-08 08:00:00,1,0.6611497536445512,1.2596387030108438,-0.049842269872579795,0.2558649624715379,1.7662547721311768
2023-08-08 12:00:00,1,0.04023529877362009,0.5954948058011252,-0.017024915983591633,-0.1690370829055592,0.6611497536445512
2023-08-08 16:00:00,1,0.20044805821750877,0.3780878778605483,0.0014138469026653369,-0.19489515915988598,0.04023529877362009
2023-08-08 20:00:00,1,-0.7505973558098358,-0.4059411458078161,-0.0033438537106226266,-0.3237173956637758,0.20044805821750877
2023-08-09 00:00:00,1,-0.5312653517504664,0.5035364480731241,0.02489852451997841,0.15867006645075143,-0.7505973558098358
2023-08-09 04:00:00,1,-0.27158670962261056,1.1203917300506945,0.018385210512722888,0.5000991199328126,-0.5312653517504664
2023-08-09 08:00:00,1,0.9449069866865756,1.650973555057406,0.010673757072947479,0.6746401339462942,-0.27158670962261056
2023-08-09 12:00:00,1,0.4052624590531071,1.1474348078650984,-0.02545141064203834,0.06737542709126032,0.9449069866865756
2023-08-09 16:00:00,1,0.4030453987381204,0.5347097983712802,-0.009426050932916978,-0.19307516948991044,0.4052624590531071
2023-08-09 20:00:00,1,-0.7258210494983128,-0.3879165383693669,-0.009360212798320696,-0.4521009247891037,0.4030453987381204
2023-08-10 00:00:00,1,-2.485254535737079,-0.07523244084643628,0.02416276384684284,0.01436351357683563,-0.7258210494983128
2023-08-10 04:00:00,1,1.73518557333864,2.2353698711382792,0.07641114784305808,1.611565553956206,-2.485254535737079
2023-08-10 08:00:00,1,1.2244801847154747,1.3138416895548035,-0.048919634580217905,0.49641139235184184,1.73518557333864
2023-08-10 12:00:00,1,1.3672809861895683,0.41365142191736914,-0.033753655608905794,-0.2905270162935434,1.2244801847154747
2023-08-10 16:00:00,1,-0.6614555155981456,-0.9297763781771621,-0.03799428827205679,-1.1692394175833432,1.3672809861895683
2023-08-10 20:00:00,1,-0.4264782315834079,-1.3291737385322226,0.02225135590920798,-0.7441408677399508,-0.6614555155981456
2023-08-11 00:00:00,1,-2.136407124293253,-0.880291900836725,0.015273437470338585,-0.4700555006810063,-0.4264782315834079
2023-08-11 04:00:00,1,0.1262035646258184,1.511346899725785,0.06605172610204821,0.9029522813931905,-2.136407124293253
2023-08-11 08:00:00,1,2.340549272696423,1.51156818456281,-0.0011390787980592337,0.8218448583807945,0.1262035646258184
2023-08-11 12:00:00,1,0.22078162280545044,0.26411709908722164,-0.06689660004597722,-0.6823592463510622,2.340549272696423
2023-08-11 16:00:00,1,-0.47600720857803047,-0.06589522102748883,-0.003947682101358647,-0.8242492835091877,0.22078162280545044
2023-08-11 20:00:00,1,-1.2437376803021323,-0.4832590835928723,0.016744256929667422,-0.5183330588957453,-0.47600720857803047
2023-08-12 00:00:00,1,-0.3979260979838699,0.5188484789649006,0.039542888879083894,0.28098159161996605,-1.2437376803021323
2023-08-14 04:00:00,1,-0.05547229909474538,1.0954112102614904,0.01442554929957914,0.5367173186776135,-0.3979260979838699
2023-08-14 08:00:00,1,1.104503065151917,1.1154998199567645,0.0042559931752542985,0.5723677794351012,-0.05547229909474538
2023-08-14 12:00:00,1,1.0318180842060265,0.18626867790966004,-0.03019079821034773,-0.13746476443457922,1.104503065151917
2023-08-14 16:00:00,1,0.10424500742844067,0.03371551380134493,-0.02803233480441531,-0.8005847490060702,1.0318180842060265
2023-08-14 20:00:00,1,-1.4393994497618259,-0.6438758491704222,-0.0004869943984925928,-0.867580035070274,0.10424500742844067
2023-08-15 00:00:00,1,-0.3122313111278583,0.380051886873299,0.045353288274154684,0.057480840997572,-1.4393994497618259
2023-08-15 04:00:00,1,-0.15934516865359427,1.1283496383372658,0.011880744869547336,0.25814297842963896,-0.3122313111278583
2023-08-15 08:00:00,1,1.9620312947896483,1.1274340370703722,0.007340616503130992,0.36054956288141327,-0.15934516865359427
2023-08-15 12:00:00,1,-0.41509483730170693,-0.11473183186709217,-0.05565607699476356,-0.9003918587169935,1.9620312947896483
2023-08-15 16:00:00,1,-0.5042949555415515,0.06082687103858777,0.014935394594456933,-0.63362227372855,-0.41509483730170693
2023-08-15 20:00:00,1,-0.5692424544666572,-0.14206288998331976,0.017584293837739115,-0.3095263228463576,-0.5042949555415515
2023-08-16 00:00:00,1,-1.17727941039516,0.20966270343046123,0.019512983890516818,0.05630952884239271,-0.5692424544666572
2023-08-16 04:00:00,1,0.7630591583504263,1.6051129093392302,0.03756933475897527,0.8129133492322005,-1.17727941039516
2023-08-16 08:00:00,1,0.8412422483943605,1.5192459273253134,-0.020051231983340478,0.32251704288927563,0.7630591583504263
2023-08-16 12:00:00,1,-0.24235719186805582,0.6694251186620991,-0.02237296800949668,-0.21812530028637234,0.8412422483943605
2023-08-16 16:00:00,1,0.6722071571243244,0.6862520004578597,0.009805753207152625,-0.06236926170521073,-0.24235719186805582
2023-08-16 20:00:00,1,-0.040032861960618504,-0.056000497876802814,-0.01735327819081967,-0.49437758418400257,0.6722071571243244
2023-08-17 00:00:00,1,-1.739647547884271,-0.47301370661691916,0.00379750148097958,-0.46864960828202484,-0.040032861960618504
2023-08-17 04:00:00,1,-0.5641869097784991,1.1580364023267418,0.054269497978887984,0.6493721368015848,-1.739647547884271
2023-08-17 08:00:00,1,2.6664230753709095,1.9145860083525283,0.019362853725186393,1.0119589344497761,-0.5641869097784991
2023-08-17 12:00:00,1,-0.4383383975384696,0.33856554619144286,-0.07657379427333144,-0.7016749470125774,2.6664230753709095
2023-08-17 16:00:00,1,-0.0942059749869344,0.45876499586049285,0.01562563862481565,-0.4199673903588579,-0.4383383975384696
2023-08-17 20:00:00,1,-0.6128009011955537,-0.2843325256937047,0.005406233856376244,-0.35942390344377095,-0.0942059749869344
2023-08-18 00:00:00,1,-1.977627885113037,0.27371570752523416,0.0208065016442543,0.034405716686293886,-0.6128009011955537
2023-08-18 04:00:00,1,1.316030018089819,0.15547182147755498,0.06133659550791045,1.305370621002174,-1.977627885113037
2023-08-18 08:00:00,1,1.105823922859308,-0.0001667858143211509,-0.03647233232294165,0.4595957517209648,1.316030018089819
2023-08-18 12:00:00,1,1.3162391670317888,-0.8473418444460536,-0.030230022586398266,-0.2510856696358932,1.105823922859308
2023-08-18 16:00:00,1,-1.332858140136107,-1.4626661005587707,-0.03647854323930644,-1.0969949529628469,1.3162391670317888
2023-08-18 20:00:00,1,-0.5016980498407637,-1.843461911206299,0.04218942257515389,-0.24040513073352443,-1.332858140136107
2023-08-19 00:00:00,1,-0.6954747113183419,-0.8952063079590066,0.0175071757612003,0.08202186309645043,-0.5016980498407637
2023-08-21 04:00:00,1,-0.6808893445859638,-0.2699612179341117,0.023261594724788878,0.5289835774708962,-0.6954747113183419
2023-08-21 08:00:00,1,2.0475510719554,0.7530335348779847,0.022828465625155784,0.9665716936204287,-0.6808893445859638
2023-08-21 12:00:00,1,0.3277930696374334,-0.7294307307257542,-0.0581956843124457,-0.3493308438788958,2.0475510719554
2023-08-21 16:00:00,1,-0.2594127456022264,-0.6740427887923255,-0.007125509060887858,-0.5599940786174855,0.3277930696374334
2023-08-21 20:00:00,1,-1.3357462891502152,-1.4106835137030076,0.010312237327036025,-0.3932769232443416,-0.2594127456022264
2023-08-22 00:00:00,1,-0.5706832065980585,-0.423993772859041,0.04227518945404284,0.46516902978845387,-1.3357462891502152
2023-08-22 04:00:00,1,1.0787725735473792,0.5816826942296465,0.019555768668227138,0.8319308116830921,-0.5706832065980585
2023-08-22 08:00:00,1,0.7146250069802456,0.5068786553859154,-0.029426701916694012,0.13863451917107916,1.0787725735473792
2023-08-22 12:00:00,1,0.04457394266743897,-0.3917751295356979,-0.01861292461957089,-0.3206345427467383,0.7146250069802456
2023-08-22 16:00:00,1,-0.31931763581344086,-0.23873910201378937,0.0012850059240434712,-0.34928094139623234,0.04457394266743897
2023-08-22 20:00:00,1,-1.0108442518668976,-0.8057283991831465,0.01209118136299255,-0.144064625676247,-0.31931763581344086
2023-08-23 00:00:00,1,-0.8194924220741022,-0.3679709596130641,0.03262685290827147,0.5055760764616242,-1.0108442518668976
2023-08-23 04:00:00,1,0.1444641962787543,0.8380621399055583,0.026944442087067158,1.0322404280564985,-0.8194924220741022
2023-08-23 08:00:00,1,3.731199512193422,1.2184469395406472,-0.0016813490811238372,0.9393974191251182,0.1444641962787543
2023-08-23 12:00:00,1,-1.3216152630315747,-1.3458013251509386,-0.1081935449353208,-1.458537837904954,3.731199512193422
2023-08-23 16:00:00,1,0.4002426523297391,-0.9067356624690396,0.04185555251710718,-0.6091734913735429,-1.3216152630315747
2023-08-23 20:00:00,1,-1.170113428034961,-1.6653430184712372,-0.009276982047209911,-0.8663980016824304,0.4002426523297391
2023-08-24 00:00:00,1,-1.0925641380851108,-1.3649872293234802,0.03735653274003326,-0.11439955329072227,-1.170113428034961
2023-08-24 04:00:00,1,0.3973953212665542,-0.4279217712424986,0.03505361813051573,0.587760183469328,-1.0925641380851108
2023-08-24 08:00:00,1,1.0948774340494598,0.4220783246573392,-0.009192427303926227,0.3323655714337814,0.3973953212665542
2023-08-24 12:00:00,1,0.8423092266457495,-0.028603007140831232,-0.029904954116791102,-0.37128085450885706,1.0948774340494598
2023-08-24 16:00:00,1,-1.1656324601611026,-0.7050536631470515,-0.02240465314555338,-0.9126089141033482,0.8423092266457495
2023-08-24 20:00:00,1,-0.3940195918970648,-1.1366437351777583,0.03722346528850456,-0.1634902556599478,-1.1656324601611026
2023-08-25 00:00:00,1,-0.9631891386629974,-0.3463336978389713,0.014309541145986884,0.08973487161692262,-0.3940195918970648
2023-08-25 04:00:00,1,0.43912127358622755,0.6969495836106159,0.031211679971337503,0.7087489948876087,-0.9631891386629974
2023-08-25 08:00:00,1,1.3520334184352087,0.9392187797678982,-0.010431527046233966,0.4265383061792605,0.43912127358622755
2023-08-25 12:00:00,1,-0.3996376306835696,-0.26449463941087437,-0.03754149435784003,-0.44237491922014627,1.3520334184352087
2023-08-25 16:00:00,1,2.489332122018972,0.15371816557244197,0.014476375215088546,-0.18553923902658198,-0.3996376306835696
2023-08-25 20:00:00,1,-2.7843979965848558,-3.2146269991374896,-0.07131487644247447,-1.7853618275371836,2.489332122018972
2023-08-26 00:00:00,1,-0.5763953384142688,-1.0088600906092193,0.08529455408408854,0.004091163061460179,-2.7843979965848558
2023-08-28 04:00:00,2,-0.7829969699241772,0.20766086276529153,0.003307871857903664,0.4043178005505599,-0.5763953384142688
2023-08-28 08:00:00,2,1.5723836533937732,1.3436749831488404,0.003148796750472262,0.9106798409842636,-0.7829969699241772
2023-08-28 12:00:00,2,-1.615100146862984,0.2826387974094112,0.00496234692893818,-0.10617645049560309,1.5723836533937732
2023-08-28 16:00:00,2,1.150147560472476,0.8758006800529239,0.0025081101242429684,0.9383044827441633,-1.615100146862984
2023-08-28 20:00:00,2,-1.2865477458921504,-0.13782204889741556,0.004637241791326286,0.19450714010938164,1.150147560472476
2023-08-29 00:00:00,2,0.7852277590854548,0.2484263626650693,0.0027610825141477094,1.026514116826565,-1.2865477458921504
2023-08-29 04:00:00,2,-0.4024955588207817,1.1985263365419283,0.004356267937512833,0.5187094310252931,0.7852277590854548
2023-08-29 08:00:00,2,2.1007400707758297,1.267204670256066,0.0034417678291937272,0.7790022294121517,-0.4024955588207817
2023-08-29 12:00:00,2,0.13618992800380703,-0.27354189717960703,0.005369160530761504,-0.5795407401243704,2.1007400707758297
2023-08-29 16:00:00,2,1.5211642550113158,-0.27515290484019417,0.0038565344070861604,-0.6676144012998471,0.13618992800380703
2023-08-29 20:00:00,2,-2.217681784219417,-1.3725556644047037,0.004922910012391515,-1.6513472452174085,1.5211642550113158
2023-08-30 00:00:00,2,-1.3873442171884598,0.08397688583069868,0.0020441460306483477,-0.2171783832373393,-2.217681784219417
2023-08-30 04:00:00,2,-0.16478674683401806,0.8176189718012354,0.002683473206888209,0.6800134011286634,-1.3873442171884598
2023-08-30 08:00:00,2,2.1203147181455755,1.0576579296742978,0.003624794238655415,0.7865805483442987,-0.16478674683401806
2023-08-30 12:00:00,2,0.8437981958886631,-0.12547585720731042,0.00538423223716826,-0.584621293146574,2.1203147181455755
2023-08-30 16:00:00,2,-0.500475804812698,-0.8456543413299651,0.0044013648637020505,-1.1303033233411952,0.8437981958886631
2023-08-30 20:00:00,2,-1.383629262785158,-1.9989165305111263,0.0033663269043403736,-0.8066469626566857,-0.500475804812698
2023-08-31 00:00:00,2,-0.7571130125668031,-0.6476858000408456,0.0026863335752526263,0.0881423706602984,-1.383629262785158
2023-08-31 04:00:00,2,0.257150703690467,1.0784996360884858,0.0031687263767161706,0.5777653252923685,-0.7571130125668031
2023-08-31 08:00:00,2,0.7894978849757521,0.9995477088446316,0.003949669433400888,0.4114666548999715,0.257150703690467
2023-08-31 12:00:00,2,0.8832313949932384,0.1348407031726625,0.004359555766025029,-0.09909950986197913,0.7894978849757521
2023-08-31 16:00:00,2,0.13600276907164144,-0.9760503103245735,0.004431726871678853,-0.6702828841567623,0.8832313949932384
2023-08-31 20:00:00,2,-1.7245682951875523,-1.5158705377615542,0.0038563903020903604,-0.7582355101527707,0.13600276907164144
2023-09-01 00:00:00,2,0.3961775050646885,-0.9386668110262368,0.0024238239677020785,0.3570381810123493,-1.7245682951875523
2023-09-01 04:00:00,2,-0.749349791881361,0.5102079995436397,0.00405671458693051,0.10083125104438828,0.3961775050646885
2023-09-01 08:00:00,2,1.7499200407207969,1.358532127239741,0.003174703750445144,0.5854337516803234,-0.749349791881361
2023-09-01 12:00:00,2,-0.06451533503473961,-0.006448529465217626,0.00509904294474711,-0.5462348453271701,1.7499200407207969
2023-09-01 16:00:00,2,0.7840181767460024,-0.40003044567132584,0.0037019992708117247,-0.5045129511918471,-0.06451533503473961
2023-09-01 20:00:00,2,-2.3673767802153236,-1.8110713780051448,0.004355336606820091,-1.011535403338323,0.7840181767460024
2023-09-02 00:00:00,2,-0.33774202393527375,-0.16913997008554793,0.0019288867880375268,0.5194408110668025,-2.3673767802153236
2023-09-04 04:00:00,2,0.3537217149447507,0.8897154263667695,0.003491625497031075,0.7378576721137033,-0.33774202393527375
2023-09-04 08:00:00,2,0.19836078733113638,1.1830015405611376,0.004024025303089641,0.5091067877488804,0.3537217149447507
2023-09-04 12:00:00,2,0.44062888760323204,0.8660746697146666,0.0039044035166102215,0.3808273985901245,0.19836078733113638
2023-09-04 16:00:00,2,-0.3302821869700203,0.7239286887096575,0.0040909403982230695,0.09587387875413889,0.44062888760323204
2023-09-04 20:00:00,2,-0.4927652038605004,0.4905762848738693,0.003497369277261637,0.30946648324306913,-0.3302821869700203
2023-09-05 04:00:00,2,0.36591645493159675,0.7030395922779973,0.003372263762950189,0.6281364189718044,-0.4927652038605004
2023-09-05 08:00:00,2,2.1250357823562247,1.039015393794464,0.004033414771891645,0.39149922896406686,0.36591645493159675
2023-09-05 12:00:00,2,-0.6226671380331368,-0.5113807636973096,0.00538786727040111,-0.9827557120898263,2.1250357823562247
2023-09-05 16:00:00,2,0.3652584242430237,-0.5820595721351346,0.003272244397260582,-0.5800785439316858,-0.6226671380331368
2023-09-05 20:00:00,2,-2.252643818147142,-1.356636857462241,0.004032908114215648,-0.8162901872579766,0.3652584242430237
2023-09-06 00:00:00,2,-0.1350533297620231,0.1097996612633193,0.0020172266435049485,0.6404885282941546,-2.252643818147142
2023-09-06 04:00:00,2,0.5794155089769504,1.6232413045939302,0.0036476877970482656,0.7278271544350527,-0.1350533297620231
2023-09-06 08:00:00,2,1.643058053739825,0.9679601306570587,0.004197800622625541,0.35312069878566277,0.5794155089769504
2023-09-06 12:00:00,2,-0.6589541926694018,-0.07320564409476954,0.005016763429647947,-0.7094405378475948,1.643058053739825
2023-09-06 16:00:00,2,0.8556974586453094,0.49314016726229765,0.0032443047964333923,-0.2832966287789134,-0.6589541926694018
2023-09-06 20:00:00,2,-2.2633469054108986,-0.8902896229654695,0.004410526826691086,-0.8366738802841542,0.8556974586453094
2023-09-07 00:00:00,2,-0.6543412168674401,0.37994347358084,0.0020089856884655975,0.6270264930955189,-2.2633469054108986
2023-09-07 04:00:00,2,1.054202637692164,1.6178701381490679,0.0032478566058548024,1.05018720308518,-0.6543412168674401
2023-09-07 08:00:00,2,1.582521181829657,1.1963698056266125,0.00456336798506816,0.3684371846858916,1.054202637692164
2023-09-07 12:00:00,2,-0.7647343311558767,-0.035467035016081734,0.004970152425986976,-0.6549750192443717,1.582521181829657
2023-09-07 16:00:00,2,0.42403461998928194,-0.05746983811708135,0.0031628582620044643,-0.16042337832130293,-0.7647343311558767
2023-09-07 20:00:00,2,-1.376819307110651,-0.8902798969702779,0.0040781634666754215,-0.4346454297975626,0.42403461998928194
2023-09-08 00:00:00,2,-0.09717861197201572,0.3341889568526726,0.0026915769725220874,0.4557399234491779,-1.376819307110651
2023-09-08 04:00:00,2,-0.07276728948397349,0.6569657807002127,0.003676849835882845,0.5185850711761617,-0.09717861197201572
2023-09-08 08:00:00,2,1.2093763423563768,1.2783136001053108,0.003695645591361386,0.5656434821218674,-0.07276728948397349
2023-09-08 12:00:00,2,-0.11716401422769884,0.008131698393050137,0.004682845617261033,-0.2164569549042472,1.2093763423563768
2023-09-08 16:00:00,2,0.6226117374407458,-0.17383030756644371,0.0036614618644150105,-0.14068730113983285,-0.11716401422769884
2023-09-08 20:00:00,2,-1.8857505901406526,-0.7110165929849881,0.004231060014786634,-0.5433286418834609,0.6226117374407458
2023-09-09 00:00:00,2,0.5602943758530117,0.5866984816203877,0.0022997199579790255,0.6761812071331281,-1.8857505901406526
2023-09-11 04:00:00,2,-0.35006056757961446,0.81999640733421,0.004183078104300439,0.31384033699166025,0.5602943758530117
2023-09-11 08:00:00,2,0.9344594636836607,1.1557633280687025,0.003482140704295893,0.5402235671747331,-0.35006056757961446
2023-09-11 12:00:00,2,0.6139359719902977,0.26866970501159043,0.004471170464020675,-0.06408886174726192,0.9344594636836607
2023-09-11 16:00:00,2,0.09946042715464642,-0.2845830876797067,0.004224380017581415,-0.4611196082426918,0.6139359719902977
2023-09-11 20:00:00,2,-1.738313340027533,-1.1099860774306063,0.003828254140126111,-0.5254403997283994,0.09946042715464642
2023-09-12 00:00:00,2,0.1754627401512181,0.7750515124686082,0.002413240825310657,0.5987221750702023,-1.738313340027533
2023-09-12 04:00:00,2,0.06250639865655572,1.2404576286815674,0.003886772923431967,0.4852508916095992,0.1754627401512181
2023-09-12 08:00:00,2,1.8578495768841758,0.8226192423857539,0.003799800995732259,0.4448281712420332,0.06250639865655572
2023-09-12 12:00:00,2,-1.012366749620174,0.0215083419540486,0.005182144430610195,-0.7566381673327651,1.8578495768841758
2023-09-12 16:00:00,2,0.13163491675719108,-0.02599333793545053,0.0029721910669643485,-0.10194330554479691,-1.012366749620174
2023-09-12 20:00:00,2,-0.523923835226622,-0.4226927826389486,0.0038530272280861153,-0.18707125316373308,0.13163491675719108
2023-09-13 00:00:00,2,0.25453845432141975,0.0606953936006941,0.003348272845764506,0.15174888590129143,-0.523923835226622
2023-09-13 04:00:00,2,-1.1037457297004174,0.9361078971975674,0.00394765810441969,-0.012860449830258247,0.25453845432141975
2023-09-13 08:00:00,2,2.348253338578008,1.0825702159978854,0.0029018328564942657,0.7009289532950334,-1.1037457297004174
2023-09-13 12:00:00,2,-0.4457078148454947,-0.29987384884854273,0.005559735984491357,-0.8176801826927615,2.348253338578008
2023-09-13 16:00:00,2,0.02122880334045263,-0.8302669247377594,0.003408496096442891,-0.5294421342310063,-0.4457078148454947
2023-09-13 20:00:00,2,-1.6122611949809027,-1.1754654979109134,0.0037680188754196996,-0.5431707444151286,0.02122880334045263
2023-09-14 00:00:00,2,-0.47423073672883476,-0.1529964910341673,0.002510296005217548,0.49947424625663217,-1.6122611949809027
2023-09-14 04:00:00,2,0.17893980472500814,0.8278934847979419,0.0033865345716006627,0.8061579918011965,-0.47423073672883476
2023-09-14 08:00:00,2,0.44227775828939286,1.0388811276287746,0.0038894501260105683,0.6904381000062916,0.17893980472500814
2023-09-14 12:00:00,2,1.9372216542946585,0.8444042683911409,0.004092209963616259,0.40441825991987557,0.44227775828939286
2023-09-14 16:00:00,2,0.49197135733726505,-0.7768027401160993,0.005243257799603704,-0.8483777882385048,1.9372216542946585
2023-09-14 20:00:00,2,-2.873351971740483,-1.687318721657717,0.004130472074856239,-1.1665343455497812,0.49197135733726505
2023-09-15 00:00:00,2,0.35705887435570816,0.0313579952834026,0.0015393058473583215,0.6916546681773195,-2.873351971740483
2023-09-15 04:00:00,2,-0.1512314075588499,0.7229611475655833,0.0040265947842110334,0.46074565177177007,0.35705887435570816
2023-09-15 08:00:00,2,0.6176433746698535,1.2990679454475678,0.0036352313152443433,0.5585465974338906,-0.1512314075588499
2023-09-15 12:00:00,2,0.7462738275627618,1.0487018597027262,0.004227234571416405,0.1591182835689331,0.6176433746698535
2023-09-15 16:00:00,2,0.5389203376805938,-0.0073933399134992785,0.004326274946670693,-0.323494999191972,0.7462738275627618
2023-09-15 20:00:00,2,-1.8907395316479825,-0.9174565860671454,0.0041666209379476295,-0.6720133361730092,0.5389203376805938
2023-09-16 00:00:00,2,-1.112292918693985,0.1055127200935978,0.0022958786697934125,0.5507228479359121,-1.8907395316479825
2023-09-18 04:00:00,2,1.4201047664184863,1.42660524938178,0.002895251858089502,1.2700396952595803,-1.112292918693985
2023-09-18 08:00:00,2,0.480305450280861,1.2559436585906498,0.004845098192187685,0.3516617515710809,1.4201047664184863
2023-09-18 12:00:00,2,0.22535265923984404,0.7465516070599549,0.004121489786552319,0.041049505064945535,0.480305450280861
2023-09-18 16:00:00,2,-0.13268622369536054,0.12640144986216797,0.003925186193360024,-0.10468545526433637,0.22535265923984404
2023-09-18 20:00:00,2,-0.8336109256666848,0.22450767683828576,0.003649510375355629,-0.018877630268114842,-0.13268622369536054
2023-09-19 00:00:00,2,-0.21358835025095857,0.24073539365242946,0.0031098260008783443,0.5202163195964502,-0.8336109256666848
2023-09-19 04:00:00,2,-1.4073899777133398,1.3036737975649324,0.003587218928868947,0.6583433328547734,-0.21358835025095857
2023-09-19 08:00:00,2,2.274327431649505,2.2434647766280738,0.0026680387619337576,1.568498656789016,-1.4073899777133398
2023-09-19 12:00:00,2,0.988385756845032,0.8071002329110825,0.005502815951959806,0.09769720654086633,2.274327431649505
2023-09-19 16:00:00,2,-0.8263885552177239,-0.5985880417493274,0.004512691582781109,-0.5414892115370016,0.988385756845032
2023-09-19 20:00:00,2,-1.5008892939487186,-0.47957398432676235,0.0031153869412575723,-0.007065949271213512,-0.8263885552177239
2023-09-20 00:00:00,2,-0.435829935058635,0.3526873913536929,0.0025960479762550293,0.9635551317050872,-1.5008892939487186
2023-09-20 04:00:00,2,-0.17204617097599595,1.780758473628889,0.003416101674273063,1.2454051818013845,-0.435829935058635
2023-09-20 08:00:00,2,3.411130073086243,2.0511700852196846,0.0036192047683940446,1.3566669791396908,-0.17204617097599595
2023-09-20 12:00:00,2,-1.469094950889291,-0.05153414084165559,0.006378109147822963,-0.8493016903942152,3.411130073086243
2023-09-20 16:00:00,2,1.0843216187528792,0.6994386993322732,0.0026205283663706647,0.10075807419872973,-1.469094950889291
2023-09-20 20:00:00,2,0.9782319228450405,-0.43102494354228194,0.004586558412524818,-0.6004698084727114,1.0843216187528792
2023-09-21 00:00:00,2,-2.5177950152224167,-1.947175156283871,0.004504873531091078,-1.2330897693356064,0.9782319228450405
2023-09-21 04:00:00,2,0.45962365419221207,0.4546831376013829,0.0018130706799142588,0.39516151422336776,-2.5177950152224167
2023-09-21 08:00:00,2,1.148671752384388,0.6719946354254012,0.004105565619300433,0.0979241297786988,0.45962365419221207
2023-09-21 12:00:00,2,0.6111847273723932,0.002529609095196113,0.004636105477307636,-0.6449188117236684,1.148671752384388
2023-09-21 16:00:00,2,-0.8755949947020998,-0.418977257277705,0.004222261667740881,-1.0401703357036016,0.6111847273723932
2023-09-21 20:00:00,2,-1.2232135887372344,-0.782376732065221,0.003077499923666821,-0.4739254009960927,-0.8755949947020998
2023-09-22 00:00:00,2,-0.11943966353540247,0.0854015867159584,0.0028098473171159393,0.317123546152704,-1.2232135887372344
2023-09-22 04:00:00,2,-0.16811756028354097,0.720810629890045,0.0036597097042047858,0.3943648562210651,-0.11943966353540247
2023-09-22 08:00:00,2,1.3969176826319316,1.1710242209332384,0.0036222296436740275,0.5030860315611871,-0.16811756028354097
2023-09-22 12:00:00,2,0.06556181175928977,0.4649803350807107,0.004827245052222572,-0.40029688723085144,1.3969176826319316
2023-09-22 16:00:00,2,0.3026573354251081,0.3177297074593724,0.0038021535433090258,-0.4426955350572648,0.06556181175928977
2023-09-22 20:00:00,2,-1.1268548764619677,-0.5217822761124342,0.003984707744953051,-0.6384232221426007,0.3026573354251081
2023-09-23 00:00:00,2,-0.4152280024522881,-0.4168221340271521,0.002884039724964395,0.0903108042141092,-1.1268548764619677
2023-09-25 04:00:00,3,-0.9146818827720544,-0.41456540415681037,0.04606386701129652,0.36728210947793727,-0.4152280024522881
2023-09-25 08:00:00,3,1.3365843037231535,1.0153945271705127,0.09792583141262293,0.9767928099505205,-0.9146818827720544
2023-09-25 12:00:00,3,0.7301093509698884,-0.4413093474708726,-0.13583967011311152,0.08614169884069334,1.3365843037231535
2023-09-25 16:00:00,3,-0.34708941495470214,-0.4847293352051008,-0.0728649217943103,-0.4003765872574032,0.7301093509698884
2023-09-25 20:00:00,3,-0.48744550478354576,-0.9009537106865955,0.038988537059121524,-0.16908883965873223,-0.34708941495470214
2023-09-26 00:00:00,3,0.0027555176304332463,-0.5966216781761496,0.053562740646352684,0.15572709543164365,-0.48744550478354576
2023-09-26 04:00:00,3,-0.7250242096435038,0.1962381638192972,0.002661568434714038,0.15389091881907113,0.0027555176304332463
2023-09-26 08:00:00,3,1.2022472009073084,0.5975438470093759,0.07823228235873639,0.6370206519019348,-0.7250242096435038
2023-09-26 12:00:00,3,0.6201346073553129,0.18728113753923709,-0.12189046215110269,-0.1641131054929641,1.2022472009073084
2023-09-26 16:00:00,3,-0.9367287123242996,-0.35892616116625115,-0.06144543650623416,-0.5773482269440606,0.6201346073553129
2023-09-26 20:00:00,3,-0.3721158898684198,-0.5768672801940586,0.10021511563776221,0.04685367795345741,-0.9367287123242996
2023-09-27 00:00:00,3,-0.7039796904816136,-0.3089493937532487,0.041587219744767985,0.2948181571484625,-0.3721158898684198
2023-09-27 04:00:00,3,0.2991080239281416,0.7439864334467946,0.07604707538243213,0.7639245889535093,-0.7039796904816136
2023-09-27 08:00:00,3,0.9092445050332145,1.1326040889684224,-0.02811088871791758,0.5646098931940386,0.2991080239281416
2023-09-27 12:00:00,3,0.11717546056276795,0.7965954881727888,-0.0914658404158863,-0.04127753674399415,0.9092445050332145
2023-09-27 16:00:00,3,1.0567970111451448,-0.21021281718079118,-0.009219494544232841,-0.11935899696638863,0.11717546056276795
2023-09-27 20:00:00,3,-0.41941296985724996,-1.5445620928560901,-0.10678730075653706,-0.8235700441648941,1.0567970111451448
2023-09-28 00:00:00,3,-1.0248149218099751,-1.5463247265168185,0.04649842291150874,-0.5440885130884929,-0.41941296985724996
2023-09-28 04:00:00,3,-0.5594263113375355,-0.08593251280114023,0.10936175367703242,0.13881083433721386,-1.0248149218099751
2023-09-28 08:00:00,3,1.707042580236763,0.30521817604632706,0.061037036420552596,0.5115921578862981,-0.5594263113375355
2023-09-28 12:00:00,3,0.30025129504082493,-0.4267376124994027,-0.17430707362277084,-0.6259188592373732,1.707042580236763
2023-09-28 16:00:00,3,-0.024390460727660823,-0.9962413807535966,-0.028229602953772723,-0.8259953892365353,0.30025129504082493
2023-09-28 20:00:00,3,-1.6088480881660878,-1.837065696930176,0.005480334728701594,-0.8097424743346782,-0.024390460727660823
2023-09-29 00:00:00,3,0.6845849320592841,-0.916566121736903,0.17000620650090997,0.2623353088178977,-1.6088480881660878
2023-09-29 04:00:00,3,-1.0842630941780094,-0.36099972560731236,-0.06813778704581008,-0.1938471621936273,0.6845849320592841
2023-09-29 08:00:00,3,1.1857084462604917,0.5655895324789006,0.1155346940035767,0.5286662826186408,-1.0842630941780094
2023-09-29 12:00:00,3,-0.3417695243063381,-0.2976029692103536,-0.12017312179489936,-0.26144665090339814,1.1857084462604917
2023-09-29 16:00:00,3,1.6276253575166315,-0.06789593026427,0.038436133743628684,-0.03370388472022867,-0.3417695243063381
2023-09-29 20:00:00,3,-1.5964276493773397,-1.8199505786153964,-0.16606060014472573,-1.1182941564334463,1.6276253575166315
2023-09-30 00:00:00,3,0.015190146986057584,-0.9865523603286699,0.16871650112531353,-0.054492901425676976,-1.5964276493773397
2023-10-02 04:00:00,3,-2.425313217209416,-1.3067272937349126,0.001370389548342784,-0.06461506226010094,0.015190146986057584
2023-10-02 08:00:00,3,3.2167722739469333,1.405950950855533,0.254785776999511,1.5515253530356468,-2.425313217209416
2023-10-02 12:00:00,3,-0.6278937066228512,-0.559822320109167,-0.3310733952312718,-0.5920145583619316,3.2167722739469333
2023-10-02 16:00:00,3,1.1474923711300455,-0.2588807970178806,0.06814650890010408,-0.1736090556901413,-0.6278937066228512
2023-10-02 20:00:00,3,-1.0211847981333744,-1.918483473767902,-0.11620486605383935,-0.9382561883028213,1.1474923711300455
2023-10-03 00:00:00,3,-0.21883643060722413,-1.7491096066647456,0.10898481127592875,-0.25777582311192226,-1.0211847981333744
2023-10-03 04:00:00,3,-0.79491158068174,-0.8340335624552887,0.02567108779967378,-0.11195119422117017,-0.21883643060722413
2023-10-03 08:00:00,3,1.3886553123718937,0.399439243019948,0.08548920134906794,0.4177489381207291,-0.79491158068174
2023-10-03 12:00:00,3,-0.29521689028034714,-0.2427626416879989,-0.14124658535251894,-0.5076003970969403,1.3886553123718937
2023-10-03 16:00:00,3,1.0021676175309135,-0.5136502314853771,0.033602231868448136,-0.3108786111129547,-0.29521689028034714
2023-10-03 20:00:00,3,-0.9772149160576316,-2.029501934711018,-0.1011147296172891,-0.9786866196207953,1.0021676175309135
2023-10-04 00:00:00,3,-0.449819333374208,-1.0098586026710592,0.10441909550356808,-0.3275061827748882,-0.9772149160576316
2023-10-04 04:00:00,3,-0.046547424252910474,-0.2161795144163656,0.04965573894093005,-0.027762958234220037,-0.449819333374208
2023-10-04 08:00:00,3,1.2460195087672314,-0.15544582019165365,0.007781054973085904,0.003254550361885933,-0.046547424252910474
2023-10-04 12:00:00,3,0.16354478883673806,-0.7025387302556744,-0.12643566234164247,-0.8270474791148281,1.2460195087672314
2023-10-04 16:00:00,3,0.16194560305961936,-0.755676325893116,-0.014034362436976856,-0.936027771257951,0.16354478883673806
2023-10-04 20:00:00,3,-1.2075488940175543,-1.927374807142569,-0.01386830723325927,-1.0439424242301723,0.16194560305961936
2023-10-05 00:00:00,3,0.33180035169227473,-1.0177271382981152,0.12833636401637946,-0.23927581159655098,-1.2075488940175543
2023-10-05 04:00:00,3,-1.651528996404961,-0.30386855987951156,-0.03150557320332885,-0.46037548415604945,0.33180035169227473
2023-10-05 08:00:00,3,1.0525068525153074,0.7738828238178965,0.17443807865351707,0.6401433021118841,-1.651528996404961
2023-10-05 12:00:00,3,1.5092267418413208,0.03668316999646437,-0.10634182207891778,-0.06120893959275264,1.0525068525153074
2023-10-05 16:00:00,3,-0.5015352460186673,-1.226695359014711,-0.1537664023553562,-1.0669026850551866,1.5092267418413208
2023-10-05 20:00:00,3,-1.765486338010808,-1.483144680017019,0.05502578195437484,-0.7326978594538609,-0.5015352460186673
2023-10-06 00:00:00,3,0.10264995465851712,-0.28911915384474424,0.1862711063393735,0.4437579497445725,-1.765486338010808
2023-10-06 04:00:00,3,-1.143575972874313,0.5495605200788907,-0.007711204590343178,0.3753557577411879,0.10264995465851712
2023-10-06 08:00:00,3,2.4299218585851943,1.3051638582249283,0.12169358579458348,1.1373931451636086,-1.143575972874313
2023-10-06 12:00:00,3,2.1797245126436717,-0.006506571183497848,-0.24936893794578022,-0.4818183009310264,2.4299218585851943
2023-10-06 16:00:00,3,-0.8124712852514371,-3.403023653771645,-0.22338911005813197,-1.9343073460975564,2.1797245126436717
2023-10-06 20:00:00,3,-2.067856656943462,-3.0552216963688945,0.08731255443365785,-1.3929060660299228,-0.8124712852514371
2023-10-07 00:00:00,3,1.3023058727576977,-1.397928104900698,0.21766843717292958,-0.0149616864705866,-2.067856656943462
2023-10-09 04:00:00,3,-2.1166756175776005,-3.235962734759438,-0.13228028888390647,-0.882770899361617,1.3023058727576977
2023-10-09 08:00:00,3,1.6059159740604994,-0.2300146481025811,0.22273766838382028,0.5277046579250815,-2.1166756175776005
2023-10-09 12:00:00,3,0.10529919856403147,-1.065038268774047,-0.16380635542596242,-0.5424192711542659,1.6059159740604994
2023-10-09 16:00:00,3,-1.2878785187550292,-1.2397461093478044,-0.007986295041197723,-0.6125868228296696,0.10529919856403147
2023-10-09 20:00:00,3,1.269974252710643,-0.5781975881844329,0.13667757889659943,0.2456085266955732,-1.2878785187550292
2023-10-10 00:00:00,3,-1.2588342850981853,-1.2407084980468748,-0.12892305932981024,-0.600656071883682,1.269974252710643
2023-10-10 04:00:00,3,-0.27674076186562857,0.47124791334464067,0.1336617028140857,0.23818525791699585,-1.2588342850981853
2023-10-10 08:00:00,3,1.569197761514074,0.6304839138311196,0.031683719765779134,0.4225952246945628,-0.27674076186562857
2023-10-10 12:00:00,3,-0.18411062773812503,-0.23069392798087,-0.15999363375735937,-0.6230610245599184,1.569197761514074
2023-10-10 16:00:00,3,0.3394048321756671,-0.25421309762264943,0.0220652526601977,-0.500376406234448,-0.18411062773812503
2023-10-10 20:00:00,3,-0.5266041329884068,-1.5773246442793734,-0.032295202259504725,-0.7265434276870035,0.3394048321756671
2023-10-11 00:00:00,3,-0.6630636329051551,-0.6774411589807645,0.05762886859527375,-0.3756336086395553,-0.5266041329884068
2023-10-11 04:00:00,3,-0.6908988234087978,0.43668196699545386,0.07179846063523197,0.06620785226826165,-0.6630636329051551
2023-10-11 08:00:00,3,1.9705109098496152,0.6930375656076004,0.07468879288789126,0.5265976705680995,-0.6908988234087978
2023-10-11 12:00:00,3,-1.1081167653027162,-0.4178569626132326,-0.20166492520760695,-0.7864790477674433,1.9705109098496152
2023-10-11 16:00:00,3,0.9447309699980107,-0.24435057383053177,0.11801159585869586,-0.04807038509866679,-1.1081167653027162
2023-10-11 20:00:00,3,-0.859612740580733,-0.9294200922272595,-0.09515066068708912,-0.6776047031246542,0.9447309699980107
2023-10-12 00:00:00,3,-0.7191239970280137,-0.4053968861015135,0.09220759794908592,-0.10479007378199512,-0.859612740580733
2023-10-12 04:00:00,3,-0.5290689000587001,0.6395590125476035,0.0776196199514909,0.37440797245767143,-0.7191239970280137
2023-10-12 08:00:00,3,1.6974373715555267,1.1601847596303458,0.05788480346152261,0.7269602225314831,-0.5290689000587001
2023-10-12 12:00:00,3,1.3876441383468965,0.017268379808895947,-0.1733096942643911,-0.4041502332803777,1.6974373715555267
2023-10-12 16:00:00,3,-0.6888314259356854,-1.0813290705053709,-0.14114158772740415,-1.3288257589475538,1.3876441383468965
2023-10-12 20:00:00,3,-1.027086961916213,-1.8791473741175344,0.07447411982521467,-0.869813579043889,-0.6888314259356854
2023-10-13 00:00:00,3,-0.6081284018265141,-1.16164956838163,0.10959767628720948,-0.1854002268229209,-1.027086961916213
2023-10-13 04:00:00,3,-1.510872201193063,0.4608113448612807,0.06609413214597272,0.2198343964443712,-0.6081284018265141
2023-10-13 08:00:00,3,2.9388296700968333,1.4107865136400048,0.15983265061797194,1.2266246161028818,-1.510872201193063
2023-10-13 12:00:00,3,0.002796444127412201,-0.501302785234055,-0.3022125734527782,-0.7317044647812132,2.9388296700968333
2023-10-13 16:00:00,3,-0.23714079622925333,-1.0332562268100491,0.0026573187359670097,-0.7335679133211208,0.002796444127412201
2023-10-13 20:00:00,3,-0.9641876090231918,-1.7381953290327075,0.027571764510145563,-0.5755459216946193,-0.23714079622925333
2023-10-14 00:00:00,3,0.07141803493083287,-1.4138712280354173,0.10306637454115868,0.06695359210537788,-0.9641876090231918
2023-10-16 04:00:00,3,-1.8408931091040284,-1.2240432022084642,-0.004468164996646901,0.019363214164203058,0.07141803493083287
2023-10-16 08:00:00,3,2.4187275332732554,0.8748010522769736,0.1941011451720917,1.2460673498410308,-1.8408931091040284
2023-10-16 12:00:00,3,0.17268982204620897,-1.0667775694040813,-0.24820654893710345,-0.3656846054834144,2.4187275332732554
2023-10-16 16:00:00,3,-0.219559704565917,-0.6297062580871189,-0.01498395839657753,-0.48075881476028215,0.17268982204620897
2023-10-16 20:00:00,3,-0.20759301284982357,-1.1421996400741485,0.025746190646555502,-0.33445222243994976,-0.219559704565917
2023-10-17 00:00:00,3,0.028298121994454917,-0.7688815896557224,0.02450360116184803,-0.19611979773744537,-0.20759301284982357
2023-10-17 04:00:00,3,-1.5474880088920333,0.15576064502426398,9.292237768791789e-06,-0.21497663581827275,0.028298121994454917
2023-10-17 08:00:00,3,1.001928294174494,1.221792198361174,0.16363473883919874,0.8162130248036181,-1.5474880088920333
2023-10-17 12:00:00,3,1.797684001081718,-0.12383908500636087,-0.1010898789155925,0.14856449266604166,1.001928294174494
2023-10-17 16:00:00,3,-0.054367359683935135,-0.7849432742129189,-0.18371903802304154,-1.0493466667930242,1.797684001081718
2023-10-17 20:00:00,3,-1.3220489372565911,-1.6503193160138343,0.008593056298783526,-1.0131182379720958,-0.054367359683935135
2023-10-18 00:00:00,3,-0.49034512060938873,-0.9135033637491755,0.14022574439843083,-0.13215296580094993,-1.3220489372565911
2023-10-18 04:00:00,3,-0.7998515823879231,0.12084349554175056,0.053863829052435565,0.1945951676923876,-0.49034512060938873
2023-10-18 08:00:00,3,2.27545778504569,0.5321917670186604,0.08600215800577574,0.7275871372915717,-0.7998515823879231
2023-10-18 12:00:00,3,-0.32920699292412614,-0.451611191033612,-0.23332979880031826,-0.7886950746789712,2.27545778504569
2023-10-18 16:00:00,3,0.30401108856779757,-0.7609581216014057,0.03713167385051963,-0.5693235219708885,-0.32920699292412614
2023-10-18 20:00:00,3,-0.5465020032243064,-1.4622093002989738,-0.028620009927740674,-0.7719054414714943,0.30401108856779757
2023-10-19 00:00:00,3,-0.7162439078088365,-1.1151265989901913,0.059695010592560376,-0.40773640623771357,-0.5465020032243064
2023-10-19 04:00:00,3,-1.3997986130549336,0.13916445122707344,0.07732055913638225,0.06954245341865217,-0.7162439078088365
2023-10-19 08:00:00,3,2.1805509892381156,0.5188809770243172,0.14829906423306047,1.0023172784517662,-1.3997986130549336
2023-10-19 12:00:00,3,-0.4294154263474148,-0.07434909885558194,-0.2234749291926077,-0.4507225006229021,2.1805509892381156
2023-10-19 16:00:00,3,2.0406275800816456,-0.32686025274329666,0.047537051427292074,-0.16457569675975847,-0.4294154263474148
2023-10-19 20:00:00,3,-1.0503712931123506,-3.057381322592475,-0.2089456540172119,-1.52437561098764,2.0406275800816456
2023-10-20 00:00:00,3,-1.7262547460944386,-2.3628112350974506,0.11201545939629184,-0.8244464283072528,-1.0503712931123506
2023-10-20 04:00:00,3,-0.6504297644208066,-0.462995790278293,0.18219740203243834,0.3258668765735777,-1.7262547460944386
2023-10-20 08:00:00,3,1.8829850218531892,0.2211427640162229,0.07048659328690576,0.7592895875590315,-0.6504297644208066
2023-10-20 12:00:00,3,0.39854625462429816,-0.9655607580476381,-0.19257646946358722,-0.49546306608583635,1.8829850218531892
2023-10-20 16:00:00,3,-0.07955032556432684,-1.2885883797523592,-0.038436290489134654,-0.7610397779483122,0.39854625462429816
2023-10-20 20:00:00,3,-1.0857872735754803,-1.9661425167213815,0.01120798859077518,-0.708030337649145,-0.07955032556432684
2023-10-21 00:00:00,3,-0.9075527609423659,-0.8979084920740754,0.11569296074404585,0.015498764813829169,-1.0857872735754803
2023-10-23 04:00:00,4,-0.3319364907713549,0.3192431139757761,0.19128802557468866,0.7384729561699519,-0.9075527609423659
2023-10-23 08:00:00,4,1.7558960109016013,1.1510721649346414,0.07262337642137084,0.9766515659922383,-0.3319364907713549
2023-10-23 12:00:00,4,0.3639454888600593,0.08443212744474092,-0.35778820876247064,-0.283278819778813,1.7558960109016013
2023-10-23 16:00:00,4,0.5581146798978089,0.23587821348619617,-0.07083433185456997,-0.5444252529002362,0.3639454888600593
2023-10-23 20:00:00,4,-1.2654680615148344,-1.7258254792036962,-0.11086276768045933,-0.9448963739588621,0.5581146798978089
2023-10-24 00:00:00,4,-0.1385055385711258,-0.6084466427656557,0.2650731073556783,-0.03686898906455305,-1.2654680615148344
2023-10-24 04:00:00,4,-0.07878906115471551,0.35485851608743346,0.03274713026972349,0.06251465071815865,-0.1385055385711258
2023-10-24 08:00:00,4,0.8203420521309823,1.0545055637655638,0.020436437871843408,0.11904916734037485,-0.07878906115471551
2023-10-24 12:00:00,4,-0.4548930366755837,0.526932547246857,-0.16492155777546716,-0.4695812935688082,0.8203420521309823
2023-10-24 16:00:00,4,0.41772354745621065,1.009039513389811,0.09797115781138327,-0.14317611033193423,-0.4548930366755837
2023-10-24 20:00:00,4,-1.1340524155774325,0.2592549831429618,-0.08192080523302914,-0.4429105974681704,0.41772354745621065
2023-10-25 00:00:00,4,-0.030314520897391617,0.7233317165290264,0.2379814625802701,0.37082044843209694,-1.1340524155774325
2023-10-25 04:00:00,4,-1.8171814116528893,0.7542616239938457,0.010443297283939626,0.392572411971841,-0.030314520897391617
2023-10-25 08:00:00,4,2.279019184296123,2.8240394493052783,0.37881011327436714,1.6964776904081234,-1.8171814116528893
2023-10-25 12:00:00,4,0.21195882576425262,0.9477798381027016,-0.4656312824413797,0.06118408405414577,2.279019184296123
2023-10-25 16:00:00,4,0.6253483990333244,0.8016365349463659,-0.03950192346575005,-0.09090542663140333,0.21195882576425262
2023-10-25 20:00:00,4,-1.5085301558867474,-0.31444566096125104,-0.12472315715506258,-0.5396196128609194,0.6253483990333244
2023-10-26 00:00:00,4,0.08636245910103924,0.8783312963172977,0.3151809303026299,0.5428152064298484,-1.5085301558867474
2023-10-26 04:00:00,4,-0.10851102835020043,0.8274292315372912,-0.013609936811874085,0.48084645330565934,0.08636245910103924
2023-10-26 08:00:00,4,0.8558166999855956,1.4715885361880983,0.026563691377639576,0.5587077508773088,-0.10851102835020043
2023-10-26 12:00:00,4,0.8061673037803256,0.8818609066613352,-0.1722347399415212,-0.05537728506311801,0.8558166999855956
2023-10-26 16:00:00,4,0.4646188580713879,-0.2928082701493696,-0.16199940003422136,-0.6338367585978943,0.8061673037803256
2023-10-26 20:00:00,4,-1.219415308715373,-0.9643369898021484,-0.09158838391254179,-0.9672206340961989,0.4646188580713879
2023-10-27 00:00:00,4,-0.2804187827510063,-0.054732109414625356,0.25557922395333976,-0.0922380663437945,-1.219415308715373
2023-10-27 04:00:00,4,-1.7781069345790925,0.2882083751893376,0.06200287963520197,0.1089743875460627,-0.2804187827510063
2023-10-27 08:00:00,4,2.29833457923149,1.980652317875953,0.3707548178404248,1.3848420597301896,-1.7781069345790925
2023-10-27 12:00:00,4,-0.11653048793320409,0.6195021432807298,-0.4696131965776534,-0.2643111674903693,2.29833457923149
2023-10-27 16:00:00,4,1.3530552888479566,0.7088729738111704,0.028216921849275864,-0.1806955651402138,-0.11653048793320409
2023-10-27 20:00:00,4,-1.2414709744344297,-0.9582916842886715,-0.27474164558425623,-1.1515705266776148,1.3530552888479566
2023-10-28 00:00:00,4,-1.4631352801439483,-0.3663212324581517,0.26012605136253925,-0.2607620767287031,-1.2414709744344297
2023-10-30 04:00:00,4,-0.46032484123165673,0.5982463338549788,0.3058226698042299,0.7890999803076042,-1.4631352801439483
2023-10-30 08:00:00,4,2.4193225556199334,1.6635428569984676,0.09909093710762226,1.1194027153170651,-0.46032484123165673
2023-10-30 12:00:00,4,-0.11217442228266528,0.20512525207517904,-0.49455515272777956,-0.6165645526088301,2.4193225556199334
2023-10-30 16:00:00,4,0.12049929525772818,0.5587654948841537,0.027318908660808418,-0.5360746134195082,-0.11217442228266528
2023-10-30 20:00:00,4,-0.8189748085310864,-0.45227634009960455,-0.02064732594706013,-0.6225380045409761,0.12049929525772818
2023-10-31 00:00:00,4,-0.4329559983644984,0.09140903974381807,0.17302747216385297,-0.03488859931251831,-0.8189748085310864
2023-10-31 04:00:00,4,-0.18046261129978092,0.7822367019924169,0.09344878572159776,0.27577582195988803,-0.4329559983644984
2023-10-31 08:00:00,4,-0.21080397749276258,1.3605660480100747,0.0413966795838298,0.4052654534987372,-0.18046261129978092
2023-10-31 12:00:00,4,1.6768633952439949,1.1884983270108314,0.04765162365108635,0.5565263112235357,-0.21080397749276258
2023-10-31 16:00:00,4,-0.04362763871781894,0.3538568957984114,-0.3414954489940703,-0.6466947971667594,1.6768633952439949
2023-10-31 20:00:00,4,-1.1926038141019042,-0.47066849024628404,0.013187827863015242,-0.6153901029600686,-0.04362763871781894
2023-11-01 00:00:00,4,-0.07405595424815559,0.6341911623998578,0.25005197122186623,0.24035407223280103,-1.1926038141019042
2023-11-01 04:00:00,4,-0.2527899058396521,0.6001337708490807,0.01946069674085485,0.2934923824887772,-0.07405595424815559
2023-11-01 08:00:00,4,1.0956274143455165,1.233195031026897,0.056307121618820656,0.47487993710828036,-0.2527899058396521
2023-11-01 12:00:00,4,-0.1663772519763338,0.5025072884217547,-0.22167228324493088,-0.31127952919683644,1.0956274143455165
2023-11-01 16:00:00,4,1.43128506186304,-0.028217420891552537,0.038492949600973866,-0.19189674458738004,-0.1663772519763338
2023-11-01 20:00:00,4,-0.6177035716400265,-1.2725598977998702,-0.2908688974519295,-1.218904909618459,1.43128506186304
2023-11-02 00:00:00,4,-0.5850334498060921,-1.2273079637502826,0.13153493286638618,-0.7756762135700175,-0.6177035716400265
2023-11-02 04:00:00,4,-1.6834885917349425,-0.6660383830195454,0.12479991034162638,-0.3558897253458788,-0.5850334498060921
2023-11-02 08:00:00,4,0.8885156818279984,1.154554173871918,0.3512490237221771,0.8520852445025113,-1.6834885917349425
2023-11-02 12:00:00,4,1.0693200136976717,0.6401286584225013,-0.17897571202496607,0.21453729244903919,0.8885156818279984
2023-11-02 16:00:00,4,0.1534158367320746,-0.32059049049643207,-0.2162489506711577,-0.5527454902477746,1.0693200136976717
2023-11-02 20:00:00,4,-0.9485940643816786,-0.9831623845979419,-0.02743314846078703,-0.6628279058106301,0.1534158367320746
2023-11-03 00:00:00,4,-0.12594514862071193,0.10538211816587954,0.19974878689398565,0.017828851797046852,-0.9485940643816786
2023-11-03 04:00:00,4,-1.4402284418411782,-0.06045448513957213,0.03015777631304692,0.10819987531011144,-0.12594514862071193
2023-11-03 08:00:00,4,1.0307041656727272,1.3691813229539356,0.3011003711631536,1.1416252974657546,-1.4402284418411782
2023-11-03 12:00:00,4,2.964375834449923,0.6130867074037688,-0.20828820269529436,0.402051035089551,1.0307041656727272
2023-11-03 16:00:00,4,-1.700635432032195,-1.983871859974111,-0.606919169267845,-1.7250152407493626,2.964375834449923
2023-11-03 20:00:00,4,-1.8964366503102248,-1.5500959980829128,0.35478388521481163,-0.5047366806106908,-1.700635432032195
2023-11-04 00:00:00,4,-0.03346253173562275,-0.04524962901342113,0.3951487672982381,0.8560376167173409,-1.8964366503102248
2023-11-06 04:00:00,4,-0.4907266645276991,0.36868938774592264,0.01109226712896947,0.8800484124915702,-0.03346253173562275
2023-11-06 08:00:00,4,2.4562987919865105,1.3766070308601182,0.10535834454899676,1.2321657542406719,-0.4907266645276991
2023-11-06 12:00:00,4,-0.0396503250548399,-0.0849241541099142,-0.5021778909004626,-0.5303335426097497,2.4562987919865105
2023-11-06 16:00:00,4,-0.22419196492152338,-0.34699731517513055,0.012367895288402838,-0.5018827408355371,-0.0396503250548399
2023-11-06 20:00:00,4,-1.1548157621966038,-0.20667536947238266,0.050411588776170364,-0.3410154303019777,-0.22419196492152338
2023-11-07 00:00:00,4,0.3517833020753791,0.2881923305798686,0.24226187536478133,0.4876142036430089,-1.1548157621966038
2023-11-07 04:00:00,4,-1.0220676929140957,0.3088976176437378,-0.068327068417919,0.2351946590117393,0.3517833020753791
2023-11-07 08:00:00,4,1.2584641508796341,1.118805560364181,0.2148955483801233,0.9685718833020154,-1.0220676929140957
2023-11-07 12:00:00,4,0.838982713359691,0.3664307396543917,-0.25524145981520335,0.06557010343996694,1.2584641508796341
2023-11-07 16:00:00,4,0.3848295587827142,-0.21000702836532117,-0.16876437396972346,-0.5364358280819967,0.838982713359691
2023-11-07 20:00:00,4,-1.014150091393791,-1.042536448580939,-0.07513963203228896,-0.812567473374731,0.3848295587827142
2023-11-08 00:00:00,4,-0.44052631258506914,-0.4272851829670756,0.21326331618789637,-0.08487146635240528,-1.014150091393791
2023-11-08 04:00:00,4,-1.5637258085122188,0.28143627046631375,0.09500942381943595,0.23122497871703374,-0.44052631258506914
2023-11-08 08:00:00,4,1.902438051146298,1.484907446021465,0.32655964402738974,1.3532650362870253,-1.5637258085122188
2023-11-08 12:00:00,4,0.1577918628607513,0.47486171315582726,-0.38799819533335417,-0.011815522473130002,1.902438051146298
2023-11-08 16:00:00,4,0.0735805009396806,0.5400203306341697,-0.028335276548811544,-0.12503792369243527,0.1577918628607513
2023-11-08 20:00:00,4,-0.8289148274532572,-0.08429147438966998,-0.01097490604691779,-0.17783507589198777,0.0735805009396806
2023-11-09 00:00:00,4,0.32205375785514967,-0.12369490070408702,0.175076630464445,0.4169467174718875,-0.8289148274532572
2023-11-09 04:00:00,4,-1.0257726474886528,0.1312891079691556,-0.062198252890634666,0.1858593906289343,0.32205375785514967
2023-11-09 08:00:00,4,1.6868993770145977,0.8984229682451871,0.21565933348749733,0.9218950780727262,-1.0257726474886528
2023-11-09 12:00:00,4,0.2822233265721419,-0.05004778763367148,-0.3435643902617726,-0.2885272758955093,1.6868993770145977
2023-11-09 16:00:00,4,-0.014832028567740352,-0.2135698389880163,-0.05398711571687261,-0.49103456705283044,0.2822233265721419
2023-11-09 20:00:00,4,0.5341208649685889,-0.652390967791449,0.007251545042865589,-0.48039195304886917,-0.014832028567740352
2023-11-10 00:00:00,4,-1.8121720130395396,-1.0059622767266723,-0.10591638624898997,-0.8636464870703335,0.5341208649685889
2023-11-10 04:00:00,4,-1.3589320015696593,0.3015701032462173,0.3777774139576059,0.4366643338990972,-1.8121720130395396
2023-11-10 08:00:00,4,2.1101429866038544,1.6805519742590238,0.28434091862132843,1.411756087820871,-1.3589320015696593
2023-11-10 12:00:00,4,0.43303624004353125,0.2360637074704723,-0.43081705673586623,-0.10236163363732764,2.1101429866038544
2023-11-10 16:00:00,4,0.18243926213552975,-0.35480024457333526,-0.08507755285749632,-0.41308363174172946,0.43303624004353125
2023-11-10 20:00:00,4,-1.4538063784187987,-1.137916006687495,-0.033416395931719876,-0.5439915946820726,0.18243926213552975
2023-11-11 00:00:00,4,-1.2653754463357991,0.18080899598405042,0.30389949475243405,0.49917657690975936,-1.4538063784187987
2023-11-13 04:00:00,4,0.17581134761607586,1.202976409981629,0.26505401451849486,1.4071375064573246,-1.2653754463357991
2023-11-13 08:00:00,4,1.5467872039105828,1.2861245340754537,-0.03205003575076892,1.2809853552766217,0.17581134761607586
2023-11-13 12:00:00,4,0.5827603303648949,0.44381770472482823,-0.3146799359384831,0.17109946999113035,1.5467872039105828
2023-11-13 16:00:00,4,-0.3963131054282698,-0.07866691520280562,-0.115943526542545,-0.247055957944319,0.5827603303648949
2023-11-13 20:00:00,4,-0.5728935251953189,0.08166703617084381,0.08589476708180438,0.03731562255262233,-0.3963131054282698
2023-11-14 00:00:00,4,0.2682342870871608,0.13346597922775436,0.12229723630453368,0.4483911963472522,-0.5728935251953189
2023-11-14 04:00:00,4,-2.2296844625512264,0.0475478349686377,-0.05110324229546286,0.25592163852120464,0.2682342870871608
2023-11-14 08:00:00,4,2.7390018779163743,2.0506804049420078,0.4638485882899915,1.8558154748352482,-2.2296844625512264
2023-11-14 12:00:00,4,3.2691646662304628,0.06807433161750702,-0.560457797575896,-0.10953536100317329,2.7390018779163743
2023-11-14 16:00:00,4,-2.192156202192564,-5.508197750000179,-0.6697521044424227,-2.4553006418058185,3.2691646662304628
2023-11-14 20:00:00,4,-1.6568188049908432,-2.799224959726633,0.45611204907182096,-0.8823349352087106,-2.192156202192564
2023-11-15 00:00:00,4,0.07516687976736947,-1.4989124278098442,0.3457509844015684,0.3065033235290535,-1.6568188049908432
2023-11-15 04:00:00,4,-0.7052918012359441,-0.5871328244945971,-0.011301941776738324,0.25256787676311454,0.07516687976736947
2023-11-15 08:00:00,4,0.9683890174543315,0.563256574949344,0.14959145258892972,0.7586448686210119,-0.7052918012359441
2023-11-15 12:00:00,4,1.658527579198303,0.09878039931815603,-0.19544178819405722,0.06378438670033226,0.9683890174543315
2023-11-15 16:00:00,4,-0.26354251986338895,-1.228094819125531,-0.33771547735192864,-1.126279990516565,1.658527579198303
2023-11-15 20:00:00,4,-2.1143814138777017,-1.165354785964835,0.05852379831252964,-0.9371769760686544,-0.26354251986338895
2023-11-16 00:00:00,4,0.6815396261277975,-0.13860495924930616,0.4400785933711772,0.5799819979905241,-2.1143814138777017
2023-11-16 04:00:00,4,-0.7155939690433542,0.03800144681322246,-0.1363071109002878,0.09094820627723088,0.6815396261277975
2023-11-16 08:00:00,4,0.8781212024083018,0.7142324632361645,0.15171526873474805,0.6044174435638325,-0.7155939690433542
2023-11-16 12:00:00,4,1.3729086411650275,0.09526067659159355,-0.1768328656229642,-0.025672025536300325,0.8781212024083018
2023-11-16 16:00:00,4,-0.026416236721068742,-1.0918694387569006,-0.2788344609011731,-1.0107926153389268,1.3729086411650275
2023-11-16 20:00:00,4,-1.8378516933541338,-1.2134786297350513,0.00963965682404461,-0.9918378371994709,-0.026416236721068742
2023-11-17 00:00:00,4,0.07540464862876561,-0.38234250405866826,0.3830713405069638,0.32689925122792474,-1.8378516933541338
2023-11-17 04:00:00,4,-0.7562056213933204,-0.034766971691943364,-0.011350958387246528,0.2727931951483331,0.07540464862876561
2023-11-17 08:00:00,4,2.6720001536041327,0.5644951349161045,0.16008745647053516,0.8154030276036774,-0.7562056213933204
2023-11-17 12:00:00,4,-0.7844675114024948,-0.9453845930367208,-0.5466452343802494,-1.1018712092585314,2.6720001536041327
2023-11-17 16:00:00,4,-0.9466044426715534,-0.4579273081180055,0.1659137116272075,-0.5389822635978483,-0.7844675114024948
2023-11-17 20:00:00,4,-0.42100494874386385,-0.25924419154158884,0.19933862169467728,0.14024685545195759,-0.9466044426715534
2023-11-18 00:00:00,4,0.1712780329615562,-0.11343252102805097,0.09098504870835253,0.4423358881675181,-0.42100494874386385
2023-11-20 04:00:00,5,-0.05084954822285326,-0.004706772117568569,-0.028664021010803814,0.351811119295121,0.1712780329615562
2023-11-20 08:00:00,5,1.959329517929671,0.6247116263121144,0.010666219637138144,0.3888898592118899,-0.05084954822285326
2023-11-20 12:00:00,5,-1.82761746960988,-0.8307743907366739,-0.34525908237026104,-1.0398243013971395,1.959329517929671
2023-11-20 16:00:00,5,1.0316479006954253,0.00020256717794345713,0.3252633964086291,0.29284737792668736,-1.82761746960988
2023-11-20 20:00:00,5,-0.7848268354880759,-0.6088687766451251,-0.1810023923367781,-0.45941504194619043,1.0316479006954253
2023-11-21 00:00:00,5,0.7693254595028236,-0.08291844840144103,0.14062533225314028,0.1128691007806566,-0.7848268354880759
2023-11-21 04:00:00,5,-1.7164144665107237,-0.29451983509476437,-0.13455518985769774,-0.44811166741097885,0.7693254595028236
2023-11-21 08:00:00,5,0.6973598430701387,0.9752443725681228,0.3055736269106546,0.8034724236454629,-1.7164144665107237
2023-11-21 12:00:00,5,1.1611667158664076,0.4678150936664866,-0.12181285053368025,0.2949679205911888,0.6973598430701387
2023-11-21 16:00:00,5,-0.32991696465400366,-0.20569660935879167,-0.20393518682339354,-0.5517377073315597,1.1611667158664076
2023-11-21 20:00:00,5,-0.24973351313451353,-0.5569690066777989,0.06007831239352808,-0.31116712698099924,-0.32991696465400366
2023-11-22 00:00:00,5,-0.40541437362902677,-0.36530855151054803,0.04588091093879384,-0.12906513580039736,-0.24973351313451353
2023-11-22 04:00:00,5,-0.8893473744083309,-0.2531088753501867,0.07344599616990083,0.166557040672636,-0.40541437362902677
2023-11-22 08:00:00,5,2.007274251737975,0.771793091474951,0.15913189468211406,0.8150560174349764,-0.8893473744083309
2023-11-22 12:00:00,5,0.5784884679657871,-0.32614774637331256,-0.35374824840910896,-0.6486187353009623,2.007274251737975
2023-11-22 16:00:00,5,-0.3770644347941001,-0.8252477296534033,-0.10076530765729806,-1.0704439864231219,0.5784884679657871
2023-11-22 20:00:00,5,-1.3507323717259325,-1.1263292743921016,0.06842631373880992,-0.7954941668432038,-0.3770644347941001
2023-11-23 00:00:00,5,-0.11868245114511566,-0.5067798924976742,0.24082541008930822,0.18943993894059297,-1.3507323717259325
2023-11-23 04:00:00,5,-1.3180012565534618,-0.23584925447849656,0.022676814546404266,0.2759814303105532,-0.11868245114511566
2023-11-23 08:00:00,5,3.406006255938591,1.2084776797237822,0.2350299900449147,1.2370484900913645,-1.3180012565534618
2023-11-23 12:00:00,5,-1.279518406322337,-0.9887006558385687,-0.6014098221490995,-1.246560991852384,3.406006255938591
2023-11-23 16:00:00,5,-1.3720096610547046,-0.29621038280930206,0.22821615921698024,-0.3135550583715023,-1.279518406322337
2023-11-23 20:00:00,5,-0.48653101739193616,0.7199001842352,0.2445927986557094,0.6868941326928528,-1.3720096610547046
2023-11-24 04:00:00,5,0.7950813323715735,0.6885332272160446,0.08780863003435552,1.0416653683438462,-0.48653101739193616
2023-11-24 08:00:00,5,0.6909701472765768,0.598283422289396,-0.1391155631018684,0.4619037978677092,0.7950813323715735
2023-11-24 12:00:00,5,-0.0822816579172212,-0.058834941489610236,-0.12068148147141465,-0.04194143333938172,0.6909701472765768
2023-11-24 16:00:00,5,0.5944524848760011,-0.04427244243096317,0.016231635835163932,0.01805713696182032,-0.0822816579172212
2023-11-24 20:00:00,5,0.00987815537453507,-0.6152999625954636,-0.10359192028882569,-0.41540883962847097,0.5944524848760011
2023-11-25 00:00:00,5,-0.7088441580021669,-0.6136166004493879,-8.631808801406776e-05,-0.42261184470502755,0.00987815537453507
2023-11-27 04:00:00,5,-0.6249069871278863,-0.13320809052710894,0.12717172611084504,0.09426685126480017,-0.7088441580021669
2023-11-27 08:00:00,5,0.27728017889553414,0.18828311633723252,0.11230968551151856,0.5499398013240278,-0.6249069871278863
2023-11-27 12:00:00,5,0.6182136058805039,0.17907603466804536,-0.04743291898624457,0.34775118811778505,0.27728017889553414
2023-11-27 16:00:00,5,0.22745038245031424,-0.23935189833290618,-0.10779909979435554,-0.10304104714437301,0.6182136058805039
2023-11-27 20:00:00,5,-0.5291396028831183,-0.5264916817475993,-0.038609980946859766,-0.2688945083763947,0.22745038245031424
2023-11-28 00:00:00,5,0.25901813642137483,-0.24159258979143167,0.09535296969762928,0.11694627882154762,-0.5291396028831183
2023-11-28 04:00:00,5,-1.496832909125164,-0.3477357053962951,-0.044199414522720366,-0.07192592259907293,0.25901813642137483
2023-11-28 08:00:00,5,1.1183388997545176,0.8623202241829298,0.2666941890318699,1.0195425383019963,-1.496832909125164
2023-11-28 12:00:00,5,0.8543280823246935,0.003619157126508095,-0.19635202985961228,0.20406632165850525,1.1183388997545176
2023-11-28 16:00:00,5,1.2528430066284937,-0.251176221412306,-0.14960588096712324,-0.4188971042755778,0.8543280823246935
2023-11-28 20:00:00,5,-1.0259570487521987,-1.222973533470627,-0.22016752752668578,-1.3324517300852676,1.2528430066284937
2023-11-29 00:00:00,5,-0.2014709313771892,-0.7101062885193714,0.1833202072641556,-0.58433899544033,-1.0259570487521987
2023-11-29 04:00:00,5,-1.6921345960138172,-0.43880993045774647,0.037335466268279556,-0.4374293664189537,-0.2014709313771892
2023-11-29 08:00:00,5,1.3406028453347822,0.8218306146119407,0.3012745968467049,0.7964502014936023,-1.6921345960138172
2023-11-29 12:00:00,5,-0.30005119427351445,-0.22530645245502132,-0.23570641539076143,-0.18109760317909362,1.3406028453347822
2023-11-29 16:00:00,5,1.2689402617094547,-0.08923636540719994,0.05479023456934448,0.037695298292220514,-0.30005119427351445
2023-11-29 20:00:00,5,-0.5281847900655539,-1.1282753261372884,-0.22301773150734272,-0.8875972082928314,1.2689402617094547
2023-11-30 00:00:00,5,-0.6129718896556291,-0.655007156303657,0.0951839091168211,-0.5024526565063923,-0.5281847900655539
2023-11-30 04:00:00,5,-0.8914077281452712,-0.0827101742844912,0.11019643936154667,-0.05548260333654653,-0.6129718896556291
2023-11-30 08:00:00,5,1.793706900185116,0.6422409256158751,0.15949670398612606,0.5945187529555742,-0.8914077281452712
2023-11-30 12:00:00,5,0.27259875712468684,-0.4189295842586052,-0.3159336947803805,-0.7134258397357449,1.793706900185116
2023-11-30 16:00:00,5,-0.07700609343122089,-0.7755803863073736,-0.04660401946894833,-0.912200829294413,0.27259875712468684
2023-11-30 20:00:00,5,-0.8591234589261454,-0.9352635483421743,0.015297536523039916,-0.8560491227378666,-0.07700609343122089
2023-12-01 00:00:00,5,-0.23759020057907243,-0.4801349628220414,0.15378040315234068,-0.2295889789759471,-0.8591234589261454
2023-12-01 04:00:00,5,-1.1212701009701274,-0.14137101004822802,0.04373079791580921,-0.0563417120496883,-0.23759020057907243
2023-12-01 08:00:00,5,1.1748575648133617,0.7316253051299382,0.20019647837210436,0.761271893249468,-1.1212701009701274
2023-12-01 12:00:00,5,0.1450613079657579,0.07631680457514411,-0.20635930894675691,-0.09541689961938893,1.1748575648133617
2023-12-01 16:00:00,5,0.6405590444655296,-0.13733410790017647,-0.024022048602030138,-0.20119346397500415,0.1450613079657579
2023-12-01 20:00:00,5,-1.1199293253575835,-0.6259195567517364,-0.1117556164603487,-0.6682796631872296,0.6405590444655296
2023-12-02 00:00:00,5,0.6008649539292783,0.146803170963358,0.19995907864346615,0.14835626832795512,-1.1199293253575835
2023-12-04 04:00:00,5,-2.1695875383412915,-1.5457645597528524,-0.10472732161840437,-0.2897855860343217,0.6008649539292783
2023-12-04 08:00:00,5,1.899726794578518,0.6996341169021647,0.38581312654967687,1.2922456192038947,-2.1695875383412915
2023-12-04 12:00:00,5,0.8599961722152436,-0.6583713749111889,-0.33470573532450437,-0.09300711540026718,1.899726794578518
2023-12-04 16:00:00,5,0.03917776501933545,-1.6323969927144353,-0.15060948141251065,-0.7201036288094951,0.8599961722152436
2023-12-04 20:00:00,5,-1.2639977955059294,-2.592267103487836,-0.005274150648366287,-0.7486714767145681,0.03917776501933545
2023-12-05 00:00:00,5,-0.2876404498179159,-1.1154305311614452,0.22546805672940312,0.17301705647617105,-1.2639977955059294
2023-12-05 04:00:00,5,-0.7259373066073422,-0.49549795643744227,0.052592769655459844,0.38276022629940876,-0.2876404498179159
2023-12-05 08:00:00,5,1.4571841172108542,0.5444773290552829,0.1301982644834682,0.9121029939009517,-0.7259373066073422
2023-12-05 12:00:00,5,0.4404026412337725,-0.38666116663348543,-0.25634846917570975,-0.15045415323658418,1.4571841172108542
2023-12-05 16:00:00,5,0.027265881205547515,-0.7623547784037485,-0.07631562533292521,-0.4715892579458547,0.4404026412337725
2023-12-05 20:00:00,5,-0.6635364547238538,-1.1220359683582255,-0.00316501474336735,-0.491471136018621,0.027265881205547515
2023-12-06 00:00:00,5,-0.10785148844495751,-0.5672093883427287,0.11914947662863316,-0.007630148441403861,-0.6635364547238538
2023-12-06 04:00:00,5,-0.9955876220710511,-0.3564612336695115,0.02075906814510324,0.0710135648156136,-0.10785148844495751
2023-12-06 08:00:00,5,1.2248706317445723,0.6227855280515824,0.17794295130458188,0.796981361841901,-0.9955876220710511
2023-12-06 12:00:00,5,-0.15180991439671665,-0.11905267963654576,-0.21521469713159078,-0.09617622113410107,1.2248706317445723
2023-12-06 16:00:00,5,0.48498381139323676,-0.18360487856819538,0.02854241257252084,0.014521327407205575,-0.15180991439671665
2023-12-06 20:00:00,5,-0.9618467641213542,-0.7238824385640112,-0.08420923377807783,-0.3391217084695839,0.48498381139323676
2023-12-07 00:00:00,5,0.23508721684870793,0.008899844417080001,0.17196874469883888,0.36224275302651243,-0.9618467641213542
2023-12-07 04:00:00,5,-1.8425706317460957,-0.011441622749604,-0.03996217022959431,0.1908206248870794,0.23508721684870793
2023-12-07 08:00:00,5,2.528808174069116,1.3829983728951802,0.32791102558700125,1.5343959293002012,-1.8425706317460957
2023-12-07 12:00:00,5,-0.002642520640899093,-0.39447089334547447,-0.4460918221426194,-0.30957366065117853,2.528808174069116
2023-12-07 16:00:00,5,0.7287740913009504,-0.1925003963171652,0.0021306114717289785,-0.30764677360905246,-0.002642520640899093
2023-12-07 20:00:00,5,-1.693030962395902,-1.1582579695158361,-0.12737510415434286,-0.8390580827322065,0.7287740913009504
2023-12-08 00:00:00,5,-0.1311544949573431,0.06004408778903483,0.30143330881452146,0.3954751023138936,-1.693030962395902
2023-12-08 04:00:00,5,-0.40742797925107865,0.44025360779927164,0.024885133215751976,0.4911110239178722,-0.1311544949573431
2023-12-08 08:00:00,5,1.4216569698116555,0.9117161562486528,0.0738025281830037,0.7882014918854097,-0.40742797925107865
2023-12-08 12:00:00,5,0.9183147750166345,-0.029822080048723942,-0.2500579794972337,-0.24844978382478544,1.4216569698116555
2023-12-08 16:00:00,5,0.07332682600368123,-1.3181553754964703,-0.1609354601595004,-0.9180713614903411,0.9183147750166345
2023-12-08 20:00:00,5,-2.682718467883925,-1.7060042607409027,-0.011320634291928481,-0.9715402005525284,0.07332682600368123
2023-12-09 00:00:00,5,-0.0743196080255224,0.40993135761861754,0.4766688538537943,0.9846585036057682,-2.682718467883925
2023-12-11 04:00:00,5,-0.954273678274852,0.19879233934687932,0.014821863412389207,1.0388512646627106,-0.0743196080255224
2023-12-11 08:00:00,5,1.9787543795780103,1.09404282355565,0.17062784282973162,1.7346935437543713,-0.954273678274852
2023-12-11 12:00:00,5,0.6894735549798945,0.23323359391235574,-0.3486984773301688,0.29181506078358943,1.9787543795780103
2023-12-11 16:00:00,5,0.10502659898581435,-0.2205904071571053,-0.12041649260840846,-0.21093887741364092,0.6894735549798945
2023-12-11 20:00:00,5,-0.8021195924554068,-0.5209483835940457,-0.016933443350689033,-0.2875227229784212,0.10502659898581435
2023-12-12 00:00:00,5,-0.36439098571043615,-0.08229966206522142,0.14368721357992095,0.29737104285118043,-0.8021195924554068
2023-12-12 04:00:00,5,-0.2742998184219765,0.06473092786286122,0.06618233395186877,0.5630795704463178,-0.36439098571043615
2023-12-12 08:00:00,5,1.113312953187906,0.7973929192574087,0.050230657573745,0.7630949487916929,-0.2742998184219765
2023-12-12 12:00:00,5,1.4995831723752797,0.007825212385040326,-0.19546212826839823,-0.0487164218090701,1.113312953187906
2023-12-12 16:00:00,5,0.12384841350505127,-0.9595723146411543,-0.2638557090869832,-1.1421903340723958,1.4995831723752797
2023-12-12 20:00:00,5,-1.6744081716777366,-1.4774475734010908,-0.020266061886961437,-1.2324987689346436,0.12384841350505127
2023-12-13 00:00:00,5,-0.004695906407606643,-0.40763050219539326,0.29813592972914965,-0.011545047968283484,-1.6744081716777366
2023-12-13 04:00:00,5,-1.9081177895296992,-0.4171813003282511,0.0024941870165444595,-0.008120862337408497,-0.004695906407606643
2023-12-13 08:00:00,5,2.757705139794483,1.214793560651535,0.3395169030546783,1.383250461916246,-1.9081177895296992
2023-12-13 12:00:00,5,-0.5661767830609978,-0.522213242566155,-0.4866206601084392,-0.6276274164366811,2.757705139794483
2023-12-13 16:00:00,5,0.5329623300271127,-0.2366412301215314,0.10191082803088981,-0.214779664200476,-0.5661767830609978
2023-12-13 20:00:00,5,1.9344206319690187,-0.7134052080245386,-0.0927043818085042,-0.6034079276002462,0.5329623300271127
2023-12-14 00:00:00,5,-2.3685687006324763,-2.0195907950635466,-0.3408486778906333,-2.013958896274831,1.9344206319690187
2023-12-14 04:00:00,5,-1.308853840327723,-0.6800426692265928,0.42104502776424235,-0.28683356487847433,-2.3685687006324763
2023-12-14 08:00:00,5,1.5911119905784528,0.6309968274369053,0.23341033489202076,0.6675633340258216,-1.308853840327723
2023-12-14 12:00:00,5,1.2675560204843634,-0.6267936588800104,-0.28006193807915836,-0.4926520413114943,1.5911119905784528
2023-12-14 16:00:00,5,0.44623221431239735,-1.542475153008991,-0.2227726356925531,-1.416935179629549,1.2675560204843634
2023-12-14 20:00:00,5,-1.6034064888419142,-2.0655711199285482,-0.07734781823231457,-1.742321122970873,0.44623221431239735
2023-12-15 00:00:00,5,-0.7909719568820233,-1.0465219993496138,0.2855642659247191,-0.5731407809927482,-1.6034064888419142
2023-12-15 04:00:00,5,-0.5439855633464035,-0.2979824177320655,0.14171339660762547,0.003624293539520096,-0.7909719568820233
2023-12-15 08:00:00,5,1.7052909992753023,0.43270980617321875,0.09798161758798779,0.4002905359493809,-0.5439855633464035
2023-12-15 12:00:00,5,0.22866730663032797,-0.379868603927866,-0.3002786435645632,-0.8431824870049933,1.7052909992753023
2023-12-15 16:00:00,5,-0.6125227737772239,-1.66212239124463,-0.03882545135623007,-1.0099233113846946,0.22866730663032797
2023-12-15 20:00:00,5,-0.12556279778505264,-1.229064905339114,0.11011691823462356,-0.5632807468834784,-0.6125227737772239
2023-12-16 00:00:00,5,-1.2363487580602666,-1.0822034402319562,0.023895058978937497,-0.4717222083122081,-0.12556279778505264
2023-12-18 04:00:00,6,-0.8342130126532012,-0.1558827990152116,0.21653022881211087,0.4637529837750449,-1.2363487580602666
2023-12-18 08:00:00,6,1.9042474666105083,1.0762814228000286,0.14605945064382594,1.0807537243365708,-0.8342130126532012
2023-12-18 12:00:00,6,-0.6533250228469711,-0.31978861429812366,-0.33383183771070946,-0.3276660429052196,1.9042474666105083
2023-12-18 16:00:00,6,0.8214035082081903,0.27190921937892554,0.11436040983849233,0.15554629831911448,-0.6533250228469711
2023-12-18 20:00:00,6,-0.7471389589868807,-0.20022861083236934,-0.14407288876128696,-0.4519802748428159,0.8214035082081903
2023-12-19 00:00:00,6,0.14320041931765815,0.2804828813768715,0.13080048301855002,0.10061874244069102,-0.7471389589868807
2023-12-19 04:00:00,6,-1.1807524076407958,-0.18076131684898897,-0.025223719106222044,-0.005295170945418093,0.14320041931765815
2023-12-19 08:00:00,6,1.4498044952318025,1.2319843216428668,0.20678745383593755,0.8680130835220048,-1.1807524076407958
2023-12-19 12:00:00,6,0.18187278404489504,0.18998380187173572,-0.2541946749070212,-0.20429151213805774,1.4498044952318025
2023-12-19 16:00:00,6,0.26856438511051195,0.3955653592947223,-0.03200071336018333,-0.3388082851224379,0.18187278404489504
2023-12-19 20:00:00,6,-1.6833735744832836,-0.4562464253451232,-0.04719265950653852,-0.5374439117408922,0.26856438511051195
2023-12-20 00:00:00,6,0.0018204498492870869,0.5949137342478924,0.2948674247308083,0.707613077713761,-1.6833735744832836
2023-12-20 04:00:00,6,-1.1028437722710507,0.6557830579280954,-0.00044811390415481876,0.7062666363515078,0.0018204498492870869
2023-12-20 08:00:00,6,3.825088986168364,1.3813797065106277,0.19313464574006056,1.5219520954535284,-1.1028437722710507
2023-12-20 12:00:00,6,-1.7004170000940189,-1.3873935129509731,-0.6704425423476981,-1.3071607347017018,3.825088986168364
2023-12-20 16:00:00,6,0.1801669359664686,0.6091336473103913,0.29785413625585816,-0.04949808450569648,-1.7004170000940189
2023-12-20 20:00:00,6,0.010626048537011101,0.20659050310808205,-0.03170177837890754,-0.18275317790499557,0.1801669359664686
2023-12-21 00:00:00,6,-1.2358407713194133,-1.5552730975459108,-0.0019912181888370856,-0.19061241735239598,0.010626048537011101
2023-12-21 04:00:00,6,0.5253392596761692,-0.15634362060528864,0.21644120857121965,0.7234403000645155,-1.2358407713194133
2023-12-21 08:00:00,6,0.20453470917101058,0.1670012324020552,-0.09219021426603564,0.3348888062016524,0.5253392596761692
2023-12-21 12:00:00,6,1.2195540573827888,0.3000646474291965,-0.03597201786784948,0.18361081710905935,0.20453470917101058
2023-12-21 16:00:00,6,-0.34397251809540386,-0.7304656964309569,-0.21384529608623642,-0.7183959187566273,1.2195540573827888
2023-12-21 20:00:00,6,-0.6673797616832005,-0.5160337798370817,0.060149084466052605,-0.4639869186827976,-0.34397251809540386
2023-12-22 00:00:00,6,-0.24273825140307004,-0.05243744222340296,0.1168233801017762,0.029620590368960364,-0.6673797616832005
2023-12-22 04:00:00,6,-1.173116772294632,0.2527913365063231,0.04240866314667216,0.20915468850291852,-0.24273825140307004
2023-12-22 08:00:00,6,2.1547443439990683,1.2519023167738796,0.2054493754114276,1.0768154733291535,-1.173116772294632
2023-12-22 12:00:00,6,-0.10233209793997666,-0.4735071446318181,-0.37772922828072253,-0.5168768280409708,2.1547443439990683
2023-12-22 16:00:00,6,0.08067679188893351,-0.2077705166368586,0.017803710696737633,-0.4411899480061372,-0.10233209793997666
2023-12-22 20:00:00,6,-1.374711191371997,-0.2063194609553353,-0.014266999319111236,-0.5008601276683837,0.08067679188893351
2023-12-23 00:00:00,6,1.5036615886494111,0.4429788693374215,0.24077703715008894,0.5159039484961223,-1.374711191371997
2023-12-27 04:00:00,6,-2.0855169672948826,-1.2167193773613454,-0.26363266027979376,-0.5962344378374613,1.5036615886494111
2023-12-27 08:00:00,6,1.4777443614744943,0.8058995970019934,0.3653395430399651,0.9462559018685024,-2.0855169672948826
2023-12-27 12:00:00,6,0.03086339724973186,0.09143483754285252,-0.2590908925114701,-0.14671358141792545,1.4777443614744943
2023-12-27 16:00:00,6,-0.0041870606165304025,0.2848921402286877,-0.005537636850040025,-0.16954077144072777,0.03086339724973186
2023-12-27 20:00:00,6,-0.4020441584429175,0.5227976140334242,0.0006046498509093589,-0.1664439371046651,-0.0041870606165304025
2023-12-28 00:00:00,6,0.16536183532815052,0.18666689007118684,0.07032563238933046,0.13091601740954317,-0.4020441584429175
2023-12-28 04:00:00,6,-0.6878167876763737,0.12536812471905281,-0.029107313761528322,0.008611074534602636,0.16536183532815052
2023-12-28 08:00:00,6,1.6941858243821706,0.8524481176269598,0.12040479046291312,0.5173342194987729,-0.6878167876763737
2023-12-28 12:00:00,6,-0.07036995227172937,-0.28274531675078374,-0.2970203690456841,-0.7357197276795802,1.6941858243821706
2023-12-28 16:00:00,6,0.31023825248185943,0.08669112898729213,0.012202623743153203,-0.6836726941205562,-0.07036995227172937
2023-12-28 20:00:00,6,-0.7522964253398161,-0.4408098133088041,-0.0544956408915133,-0.9131311521264092,0.31023825248185943
2023-12-29 00:00:00,6,-0.769820733221195,-0.09451114946066248,0.13170428396492,-0.35671756888562633,-0.7522964253398161
2023-12-29 04:00:00,6,-1.1266178818608577,0.004870796268316304,0.13477526590911723,0.21265734530616776,-0.769820733221195
2023-12-29 08:00:00,6,1.5773806766817895,1.308931445294926,0.19730085086404392,1.0459266145389456,-1.1266178818608577
2023-12-29 12:00:00,6,0.9281143769356728,0.5192825434602111,-0.276551286785476,-0.12073589359517634,1.5773806766817895
2023-12-29 16:00:00,6,0.08422140669490297,-0.2198594588678339,-0.162773036768839,-0.8071879738304322,0.9281143769356728
2023-12-29 20:00:00,6,-0.6900329885420415,-0.8353730684095929,-0.014888162114352526,-0.8694798219719715,0.08422140669490297
2023-12-30 00:00:00,6,-1.8033207164972964,-0.35186984965906065,0.1207931603140507,-0.35911753022561044,-0.6900329885420415
2024-01-02 04:00:00,6,0.8482501482422897,0.6433278754695196,0.3158871140604223,0.9746547805298977,-1.8033207164972964
2024-01-02 08:00:00,6,1.5719935659450144,0.7444704226962102,-0.14877752801809246,0.3472718918569626,0.8482501482422897
2024-01-02 12:00:00,6,-0.32878871534193976,-0.08500479587113709,-0.27560724266595865,-0.8154062007098393,1.5719935659450144
2024-01-02 16:00:00,6,-0.22239513094592844,-0.35460156705083534,0.057488255609599595,-0.5722274468696806,-0.32878871534193976
2024-01-02 20:00:00,6,-1.1512962635154746,-0.34103110197199005,0.038843708910796526,-0.40773953022295295,-0.22239513094592844
2024-01-03 00:00:00,6,0.5367326255350324,0.013039018211819556,0.20162552177181006,0.4437823669667207,-1.1512962635154746
2024-01-03 04:00:00,6,-1.1480964628451407,-0.3176553516136759,-0.09418680215258951,0.04680411031571907,0.5367326255350324
2024-01-03 08:00:00,6,1.2485751669324614,1.5756863226779925,0.20106478464312338,0.8959593705034514,-1.1480964628451407
2024-01-03 12:00:00,6,-0.21347914155053438,0.26555805797004356,-0.21893099213944917,-0.027511962308663485,1.2485751669324614
2024-01-03 16:00:00,6,0.5345735331601897,-0.599996773069328,0.03728125961846222,0.13038150906286994,-0.21347914155053438
2024-01-03 20:00:00,6,0.7290414446791189,-0.7622507335685808,-0.09380844006583108,-0.26499983939560323,0.5345735331601897
2024-01-04 00:00:00,6,-1.2429462113584702,-0.6786629544298612,-0.12788724357937553,-0.8042135707139622,0.7290414446791189
2024-01-04 04:00:00,6,-1.1286504384051614,-0.37041143905099505,0.2176863748975147,0.11509447321981803,-1.2429462113584702
2024-01-04 08:00:00,6,1.9593122342296798,1.0330848894544309,0.19765703865133732,0.9498670621971304,-1.1286504384051614
2024-01-04 12:00:00,6,-0.4113168448767439,0.09906254662748752,-0.34348145744260067,-0.49927971587348985,1.9593122342296798
2024-01-04 16:00:00,6,0.4929868814978775,-0.1760754608017622,0.07195058972317996,-0.19506149577257226,-0.4113168448767439
2024-01-04 20:00:00,6,-1.3738281617935382,-0.46005888093820774,-0.08652074247234813,-0.5596845193380879,0.4929868814978775
2024-01-05 00:00:00,6,0.29737176565559054,-0.03902991142773706,0.24062229392656226,0.456426450370893,-1.3738281617935382
2024-01-05 04:00:00,6,-1.4996930414920087,-0.2275664203396258,-0.05224090141785291,0.23648430508112206,0.29737176565559054
2024-01-05 08:00:00,6,1.8536187027767603,1.3348656504057772,0.26267901511515057,1.3456874740326565,-1.4996930414920087
2024-01-05 12:00:00,6,-0.02859594531445353,0.29639577217940694,-0.3249595889096213,-0.025286240096409784,1.8536187027767603
2024-01-05 16:00:00,6,2.504962470258679,-0.10881103437119996,0.004882093770104817,-0.004136103178790762,-0.02859594531445353
2024-01-05 20:00:00,6,-2.993744046642174,-2.090613235625629,-0.4391018970077235,-1.856856782172752,2.504962470258679
2024-01-06 00:00:00,6,-0.48862252490941316,0.07123186513437442,0.5244984085875285,0.35737659205270766,-2.993744046642174
2024-01-08 04:00:00,6,-0.1290742486989771,0.39715718297683683,0.08549773516088799,0.718771649611563,-0.48862252490941316
2024-01-08 08:00:00,6,1.2470847422570337,0.656221234057213,0.022490039120421308,0.8142375627857081,-0.1290742486989771
2024-01-08 12:00:00,6,0.5776664178623143,-0.03473916943330176,-0.21866980822859766,-0.1081314219276095,1.2470847422570337
2024-01-08 16:00:00,6,-1.0162632779968384,-0.7073002025323673,-0.10136009184799455,-0.5353851355624304,0.5776664178623143
2024-01-08 20:00:00,6,-0.06804764366425964,0.31734288841933816,0.17796217008877946,0.2162636467255119,-1.0162632779968384
2024-01-09 00:00:00,6,0.5683899493610518,0.2567154328135915,0.011795659436735634,0.2665930540800918,-0.06804764366425964
2024-01-09 04:00:00,6,-1.3619382612255801,-0.2698709277604231,-0.09973447173984967,-0.15379959667479248,0.5683899493610518
2024-01-09 08:00:00,6,1.4617034242589941,1.0446338204847787,0.2385386926676904,0.85351736317776,-1.3619382612255801
2024-01-09 12:00:00,6,-0.01911242758071552,0.2470489125456636,-0.2562798583245425,-0.227587919968963,1.4617034242589941
2024-01-09 16:00:00,6,-0.016101656678712217,0.22264231151050676,0.003220190091801502,-0.2134519837124369,-0.01911242758071552
2024-01-09 20:00:00,6,-0.427668257488504,0.1016656944172875,0.0026925787795173146,-0.20154287423518724,-0.016101656678712217
2024-01-10 00:00:00,6,-0.1460669040020619,-0.5399907445854134,0.07481603201241246,0.11476917985975632,-0.427668257488504
2024-01-10 04:00:00,6,-0.7540832894329466,-0.4571759583490733,0.02546785359235206,0.2228032030334841,-0.1460669040020619
2024-01-10 08:00:00,6,0.5414506047216037,0.5246663760438632,0.13201741629538818,0.7805383869350351,-0.7540832894329466
2024-01-10 12:00:00,6,0.4324809398058225,1.0798562467143216,-0.09501358681039926,0.3800706178838258,0.5414506047216037
2024-01-10 16:00:00,6,0.2839524797572981,0.026537818416882734,-0.07591760449333604,0.06019900704638026,0.4324809398058225
2024-01-10 20:00:00,6,-0.7658022488240164,0.05571313777646764,-0.04988928873353881,-0.14981796420334526,0.2839524797572981
2024-01-11 00:00:00,6,0.010429520409733328,-0.14703985793906807,0.13407106160556884,0.41658479801840365,-0.7658022488240164
2024-01-11 04:00:00,6,-1.40649247354024,-0.6161784007276222,-0.0019567783505004036,0.40887091473092063,0.010429520409733328
2024-01-11 08:00:00,6,1.2089092587299497,1.1554608742268828,0.246346429354492,1.4491410670850478,-1.40649247354024
2024-01-11 12:00:00,6,2.211701428930061,1.0115007094835733,-0.21197988806648693,0.55500743862995,1.2089092587299497
2024-01-11 16:00:00,6,0.4699924040434489,-0.872219419582401,-0.3877104600989016,-1.0808114695535576,2.211701428930061
2024-01-11 20:00:00,6,-1.1953584861213482,-2.9380156108293383,-0.08249116107279768,-1.4284273146130886,0.4699924040434489
2024-01-12 00:00:00,6,0.15804099329093013,-1.2326571214705286,0.2093470415579135,-0.5443161104163909,-1.1953584861213482
2024-01-12 04:00:00,6,-2.6217080348729045,-1.6169590697139964,-0.0278244001158195,-0.6612064111196254,0.15804099329093013
2024-01-12 08:00:00,6,2.1370992841337717,1.1745333613858324,0.4593023459259847,1.2778616380683747,-2.6217080348729045
2024-01-12 12:00:00,6,-0.17267799942051987,-0.3600321761470061,-0.3746370856056795,-0.30278002175216123,2.1370992841337717
2024-01-12 16:00:00,6,0.5586383486123765,-0.07355791976457088,0.030131215711904302,-0.17506389660771227,-0.17267799942051987
2024-01-12 20:00:00,6,-1.6887087002223655,-1.0927979146528277,-0.0980255888539228,-0.5882440671059577,0.5586383486123765
2024-01-13 00:00:00,6,0.5865957542478917,0.23319746695836222,0.2958023589333825,0.6607588887650326,-1.6887087002223655
2024-01-15 04:00:00,7,-1.1178155028003651,-0.4264247004052537,-0.1487286094870505,0.24316418050072564,0.5865957542478917
2024-01-15 08:00:00,7,1.571096453957944,1.1141050147845868,0.28189908606764624,1.1198012479678372,-1.1178155028003651
2024-01-15 12:00:00,7,-0.01924944066089118,0.4750561269267723,-0.3974674428143658,-0.11231745557070383,1.571096453957944
2024-01-15 16:00:00,7,-0.0223021417221112,0.5495107115599924,0.004341090720326504,-0.09722124947133359,-0.01924944066089118
2024-01-15 20:00:00,7,-0.41309459607515286,0.2854220149283442,0.005112370314834214,-0.07973098916582799,-0.0223021417221112
2024-01-16 04:00:00,7,-1.7200308159532245,1.0372211554054704,0.10384796206964136,0.24423484811466167,-0.41309459607515286
2024-01-16 08:00:00,7,2.9643810171675664,2.0410659148985006,0.43405167920404764,1.5931540272393292,-1.7200308159532245
2024-01-16 12:00:00,7,0.5558742526932949,-0.3380681972684356,-0.7494874838847144,-0.7316359539648012,2.9643810171675664
2024-01-16 16:00:00,7,-0.5901256709928244,-0.8703535160907028,-0.1409666744706465,-1.1675754927712774,0.5558742526932949
2024-01-16 20:00:00,7,-1.4408563039505236,-1.0218495660104536,0.1485757139652681,-0.7047745776290206,-0.5901256709928244
2024-01-17 00:00:00,7,-0.8571048879636578,0.2653148288128431,0.3635168970238767,0.42520442317418095,-1.4408563039505236
2024-01-17 04:00:00,7,1.0404648155516352,1.058587474294399,0.21602929624461367,1.0973814627785234,-0.8571048879636578
2024-01-17 08:00:00,7,1.6225150149963383,0.6434159970308895,-0.2634008091363812,0.28140599775512243,1.0404648155516352
2024-01-17 12:00:00,7,-1.101433787111663,-0.8080255126589106,-0.41045858938015933,-0.9910372642182885,1.6225150149963383
2024-01-17 16:00:00,7,0.6078377556810448,0.3789025866667387,0.2777601668677842,-0.12724741453036081,-1.101433787111663
2024-01-17 20:00:00,7,-1.1516718939000672,-0.2863821905178229,-0.15409550323895518,-0.6039388777468861,0.6078377556810448
2024-01-18 00:00:00,7,-0.5251201462234061,0.30305079382246947,0.2904530659940123,0.29924976941679304,-1.1516718939000672
2024-01-18 04:00:00,7,-0.3228561970575399,0.965151923575009,0.1321517557133978,0.7110706682144361,-0.5251201462234061
2024-01-18 08:00:00,7,2.0296724545579856,1.4608492775332438,0.08104879686886865,0.9642678273995262,-0.3228561970575399
2024-01-18 12:00:00,7,0.12129501807221388,-0.23670190123554638,-0.5133288732986249,-0.6274851085948256,2.0296724545579856
2024-01-18 16:00:00,7,-0.1751228492244845,-0.704935866070645,-0.03116814224028732,-0.7226096695575368,0.12129501807221388
2024-01-18 20:00:00,7,-1.2172581640205333,-0.685229015389776,0.043723256527094266,-0.5852711010674412,-0.1751228492244845
2024-01-19 00:00:00,7,-0.7432711082664518,-0.4143860477526361,0.3070237523499078,0.3693530069218127,-1.2172581640205333
2024-01-19 04:00:00,7,-0.6112667610317324,0.6900645732128057,0.1872686447148984,0.9522568967420817,-0.7432711082664518
2024-01-19 08:00:00,7,2.5906474195360367,1.3768265433163427,0.153917111968433,1.4316375275246536,-0.6112667610317324
2024-01-19 12:00:00,7,-1.6110235328249907,-0.5017535768035204,-0.6550618942660728,-0.6000551364380726,2.5906474195360367
2024-01-19 16:00:00,7,1.062975702255759,0.7842960174732818,0.4065104652287983,0.6633760307788208,-1.6110235328249907
2024-01-19 20:00:00,7,-1.5445898067485544,-0.6039715538871933,-0.26908829285030467,-0.17025340098323127,1.062975702255759
2024-01-20 00:00:00,7,0.21314835606631632,0.23302700105330307,0.3897256650527233,1.0410776954593164,-1.5445898067485544
2024-01-22 04:00:00,7,-0.7837439446173562,0.8035500931341417,-0.05437532953492457,0.8739179545814135,0.21314835606631632
2024-01-22 08:00:00,7,1.7882406109173203,1.4167840367474178,0.1974943013328533,1.4885623136310393,-0.7837439446173562
2024-01-22 12:00:00,7,0.02785773367012645,0.14071254444228662,-0.4523299576727361,0.08615019718347838,1.7882406109173203
2024-01-22 16:00:00,7,0.173334782673626,0.045179527044270126,-0.007560763273169586,0.06430301230397006,0.02785773367012645
2024-01-22 20:00:00,7,-0.5675036487548724,-0.22941248698495018,-0.044316238871803824,-0.07163328057476015,0.173334782673626
2024-01-23 00:00:00,7,-0.49515425968943916,0.16340780423844306,0.14286015132460164,0.37342651075486977,-0.5675036487548724
2024-01-23 04:00:00,7,-0.2292182188558023,0.9162264503356778,0.12458073046346875,0.7617469241599082,-0.49515425968943916
2024-01-23 08:00:00,7,0.7777466185999096,1.472763102199851,0.057390711648727714,0.9415093148982585,-0.2292182188558023
2024-01-23 12:00:00,7,0.5086999943149078,0.5255662561940707,-0.19702379404347786,0.33156830651733316,0.7777466185999096
2024-01-23 16:00:00,7,0.11122746174515541,0.11146263797148326,-0.12904787137017418,-0.06737523123068456,0.5086999943149078
2024-01-23 20:00:00,7,-1.182712133236576,0.30172355269375867,-0.028624525749220253,-0.15460439887222321,0.11122746174515541
2024-01-24 00:00:00,7,-0.054510610914022095,0.6659593674271796,0.29829553164288164,0.772927285507583,-1.182712133236576
2024-01-24 04:00:00,7,-0.6595574842537744,0.5119172084899228,0.013249994851225279,0.8156767571134029,-0.054510610914022095
2024-01-24 08:00:00,7,3.3118231001472633,1.678887333197124,0.16611799527742468,1.3329289667792352,-0.6595574842537744
2024-01-24 12:00:00,7,-0.9529925397890153,-1.0275139583617614,-0.837270395968611,-1.2643394404039103,3.3118231001472633
2024-01-24 16:00:00,7,0.25835623827839527,-0.12000966182671172,0.24025577231777406,-0.5169633454170803,-0.9529925397890153
2024-01-24 20:00:00,7,-1.0121525017970239,-0.505090223909501,-0.06579731824650495,-0.7195769739799474,0.25835623827839527
2024-01-25 00:00:00,7,-1.1136495866299612,-0.11718011975167775,0.2552028210439905,0.07419480569388348,-1.0121525017970239
2024-01-25 04:00:00,7,-1.1194089870944985,0.8910257874618684,0.28084654732565156,0.9475647897059982,-1.1136495866299612
2024-01-25 08:00:00,7,2.2508872968508182,2.1465887351588884,0.2823016875329015,1.825451533345218,-1.1194089870944985
2024-01-25 12:00:00,7,0.45398548468847366,0.1397145910845327,-0.5692198663703522,0.06021278494088733,2.2508872968508182
2024-01-25 16:00:00,7,0.7173102446810269,-0.04315178989289928,-0.11522398755316561,-0.2958213754128671,0.45398548468847366
2024-01-25 20:00:00,7,-1.5448810875218388,-0.7625771045191941,-0.18175425371349777,-0.8583656841882963,0.7173102446810269
2024-01-26 00:00:00,7,-1.2171299073161883,0.24202916189397197,0.38979925853999947,0.35319384666248865,-1.5448810875218388
2024-01-26 04:00:00,7,0.1448442432602306,1.5330991789270354,0.30699134767714875,1.3077173704489855,-1.2171299073161883
2024-01-26 08:00:00,7,1.5231500779379914,1.6369117805133306,-0.037117967162458174,1.1941245348396752,0.1448442432602306
2024-01-26 12:00:00,7,-0.10472468014089031,0.4288930508781391,-0.38535356048092695,-0.00039264110821513043,1.5231500779379914
2024-01-26 16:00:00,7,-0.09076506557868846,-0.14931556172124863,0.025936820772006,0.08173677672518309,-0.10472468014089031
2024-01-26 20:00:00,7,-1.2945568863756893,0.3304258268342726,0.02240985706245889,0.15291848848175427,-0.09076506557868846
2024-01-27 00:00:00,7,0.8525636200347293,1.2964559195586647,0.326553646053362,1.168163445899756,-1.2945568863756893
2024-01-29 04:00:00,7,-1.2178650376760842,0.5176005825605148,-0.21592666902916957,0.49954785609623187,0.8525636200347293
2024-01-29 08:00:00,7,0.7239842520564963,1.5956952300724678,0.30717708189563925,1.4546478994615768,-1.2178650376760842
2024-01-29 12:00:00,7,1.1246914336451272,1.3086765166010987,-0.18344047375242822,0.8868695585589954,0.7239842520564963
2024-01-29 16:00:00,7,-0.09110041268546176,0.3980266175336885,-0.28468106899384066,0.004840102243493405,1.1246914336451272
2024-01-29 20:00:00,7,-0.2689293039136942,-0.2249280406240474,0.022494584120675353,0.0762848070463491,-0.09110041268546176
2024-01-30 00:00:00,7,-1.2121021749261693,0.3234392581830798,0.06742390814149905,0.2871902702003837,-0.2689293039136942
2024-01-30 04:00:00,7,-0.01932023185117515,1.1670759847337715,0.3057210669253488,1.237770838671489,-1.2121021749261693
2024-01-30 08:00:00,7,1.6342437103732763,1.3313219587725387,0.004358976454776741,1.252922562144967,-0.01932023185117515
2024-01-30 12:00:00,7,-0.3999731363013872,0.35280203630020035,-0.41342190063567213,-0.02871882697437833,1.6342437103732763
2024-01-30 16:00:00,7,1.5550053247529103,0.7423660937996097,0.10053276219559454,0.2849566198184643,-0.3999731363013872
2024-01-30 20:00:00,7,-2.3495677935974957,-0.9566509891627601,-0.39340194168617165,-0.9345427558585495,1.5550053247529103
2024-01-31 00:00:00,7,-0.2645611551360396,0.8462965600485314,0.5931072221831009,0.908085312221063,-2.3495677935974957
2024-01-31 04:00:00,7,-1.0426362447910087,1.3384735611380703,0.06632027435934539,1.1155650927601144,-0.2645611551360396
2024-01-31 08:00:00,7,2.3799665753957697,2.1842657553354945,0.26290468521737975,1.9332434822427373,-1.0426362447910087
2024-01-31 12:00:00,7,-0.09550712756198543,0.6588099893631642,-0.601832366454363,0.06677543443171885,2.3799665753957697
2024-01-31 16:00:00,7,1.0599381759780364,0.45431484514691933,0.023607961813058347,0.14167606697653312,-0.09550712756198543
2024-01-31 20:00:00,7,1.1507879346782648,-0.5167994850317937,-0.2683208472377781,-0.6895712112711099,1.0599381759780364
2024-02-01 00:00:00,7,-2.273489867699597,-2.1170129419805424,-0.2912744754005801,-1.5920666211178798,1.1507879346782648
2024-02-01 04:00:00,7,-1.1020539867602057,-0.2721036180539519,0.5738857685717642,0.19089799651661643,-2.273489867699597
2024-02-01 08:00:00,7,1.3964462675137543,0.9404154770103124,0.2779168632896902,1.0551742323745152,-1.1020539867602057
2024-02-01 12:00:00,7,1.2813953729265162,0.3115165070006262,-0.3533412338341994,-0.0399765843406108,1.3964462675137543
2024-02-01 16:00:00,7,-1.1050797129152894,-1.2987145283610997,-0.32427307237801983,-1.0448997395250519,1.2813953729265162
2024-02-01 20:00:00,7,-0.6607522050745818,-0.5394641658211491,0.2786813275445202,-0.17825060429609785,-1.1050797129152894
2024-02-02 00:00:00,7,-0.8824444203638855,-0.5417426701912829,0.16641984723467265,0.33993855476269985,-0.6607522050745818
2024-02-02 04:00:00,7,-0.27718837511528704,0.6304484756239102,0.2224314508882301,1.031987901844147,-0.8824444203638855
2024-02-02 08:00:00,7,2.300016507589504,1.4556841207805309,0.06951060217397304,1.249370469618782,-0.27718837511528704
2024-02-02 12:00:00,7,1.325446876649936,-0.2722638304830278,-0.5816325975802249,-0.5543974341971882,2.300016507589504
2024-02-02 16:00:00,7,-0.856524414755194,-1.5194434245561788,-0.33540289650684413,-1.593867597313503,1.325446876649936
2024-02-02 20:00:00,7,-1.5577356930931803,-1.9354304211162614,0.21588263689872028,-0.9221457887646771,-0.856524414755194
2024-02-03 00:00:00,7,0.8351178508765464,-0.23815258551237062,0.393047036417293,0.2994948544908631,-1.5577356930931803
2024-02-05 04:00:00,7,-1.6319339897643896,-0.9206058760677869,-0.21151891160636418,-0.35543904287216144,0.8351178508765464
2024-02-05 08:00:00,7,1.6956172939892937,0.5650767675096213,0.4117935926709413,0.9243909679864863,-1.6319339897643896
2024-02-05 12:00:00,7,-0.340912899933528,-0.5252612599791877,-0.4289282314998966,-0.40538211927652057,1.6956172939892937
2024-02-05 16:00:00,7,0.5334356215911313,-0.17719107769036105,0.08561090963164682,-0.1380241482063962,-0.340912899933528
2024-02-05 20:00:00,7,-1.097109153225066,-1.1896959369552638,-0.13529744648182135,-0.5563663861004251,0.5334356215911313
2024-02-06 00:00:00,7,-1.2666198980670202,-0.5201525882971856,0.27666752733199035,0.3040319071466424,-1.097109153225066
2024-02-06 04:00:00,7,0.36531435462406847,0.49552644338898055,0.31949523169101185,1.2973675249254804,-1.2666198980670202
2024-02-06 08:00:00,7,1.3642920575381936,0.8202495385994615,-0.09282080038577148,1.010872925647698,0.36531435462406847
2024-02-06 12:00:00,7,0.2756624109950252,0.13762861950067548,-0.34521731814959095,-0.05906123208472458,1.3642920575381936
2024-02-06 16:00:00,7,-0.3699499338799672,-0.24092998329136758,-0.07016980595744648,-0.27524707579524055,0.2756624109950252
2024-02-06 20:00:00,7,-0.53188351559964,-0.3442401569187875,0.09294725581123825,0.014882936119709811,-0.3699499338799672
2024-02-07 00:00:00,7,-0.8211910320721714,0.07216406851649013,0.13386055349129838,0.43200794841490797,-0.53188351559964
2024-02-07 04:00:00,7,0.10815503247252067,-0.02457604613101896,0.20695548795035384,1.0760198594883992,-0.8211910320721714
2024-02-07 08:00:00,7,1.0889188136181929,0.6265733901452237,-0.027848261727284128,0.9912002177308867,0.10815503247252067
2024-02-07 12:00:00,7,0.11311072848431714,0.11875060695918258,-0.2756429446195445,0.13722512695018452,1.0889188136181929
2024-02-07 16:00:00,7,0.4969793472316155,-0.09329781175952445,-0.02910034214191676,0.04851902377917661,0.11311072848431714
2024-02-07 20:00:00,7,-0.8994266886294486,-0.5345991082551129,-0.12608659355473134,-0.3412326986270653,0.4969793472316155
2024-02-08 00:00:00,7,-1.0242792857258358,0.04914017729882311,0.22672210258291323,0.3641348443587731,-0.8994266886294486
2024-02-08 04:00:00,7,-0.48880809127766156,0.8730962011474735,0.2582667112853621,1.167416948656415,-1.0242792857258358
2024-02-08 08:00:00,7,1.57278718168374,1.6599806138509292,0.1229773405143208,1.5507604347848005,-0.48880809127766156
2024-02-08 12:00:00,7,1.0827664603178153,0.5098710753700346,-0.3978946132999861,0.3173157927602439,1.57278718168374
2024-02-08 16:00:00,7,-0.3347404370134388,-0.6104099496845199,-0.27408852298977415,-0.531834368556023,1.0827664603178153
2024-02-08 20:00:00,7,-1.576113599045339,-0.4292228210294739,0.08405140720980875,-0.2693170977443593,-0.3347404370134388
2024-02-09 00:00:00,7,-1.1100877850453124,0.7385930200445197,0.3976903026809791,0.9667362581097496,-1.576113599045339
2024-02-09 04:00:00,7,0.283445430328225,2.095605307948714,0.27994664103714423,1.8373129302665152,-1.1100877850453124
2024-02-09 08:00:00,7,1.4987883515969926,1.0590584181776708,-0.07213622319744867,1.6150233214648875,0.283445430328225
2024-02-09 12:00:00,7,0.7078571822986408,0.7184475170877672,-0.37919845323754564,0.43961161711271934,1.4987883515969926
2024-02-09 16:00:00,7,0.20726286169850994,-0.09821171346720033,-0.17936589207083203,-0.11551920986296871,0.7078571822986408
2024-02-09 20:00:00,7,-1.5082217196322727,-0.4130310316338122,-0.052888331097001876,-0.27806330306890636,0.20726286169850994
2024-02-10 00:00:00,7,-0.44655225405731613,0.39751743873036927,0.3805370930564675,0.9047464379629009,-1.5082217196322727
2024-02-12 04:00:00,8,-0.11405710453502493,0.7721639621725401,0.09506146989193758,1.012083199447705,-0.44655225405731613
2024-02-12 08:00:00,8,1.7758752550748085,1.4004090542118093,0.021347471787958146,1.0921631991926883,-0.11405710453502493
2024-02-12 12:00:00,8,-1.2490071882209648,0.3081382081393718,-0.3976495288392305,-0.15468670597776502,1.7758752550748085
2024-02-12 16:00:00,8,0.42921105573728724,1.0955083302060178,0.27296530271612873,0.7222467890637674,-1.2490071882209648
2024-02-12 20:00:00,8,-0.572859766585271,-0.008473060714176736,-0.09909479088505209,0.4208958002401726,0.42921105573728724
2024-02-13 00:00:00,8,-0.3664992670223448,0.5008089496140048,0.12306377835382334,0.8231031870494014,-0.572859766585271
2024-02-13 04:00:00,8,0.06932458825304622,0.9846684800545108,0.0773137651720582,1.0804239504453665,-0.3664992670223448
2024-02-13 08:00:00,8,2.1493238211682257,1.153039678780181,-0.019308152132889913,1.0317508490874392,0.06932458825304622
2024-02-13 12:00:00,8,2.1319789531445252,0.019444624302280625,-0.48044287765197286,-0.47729895322613203,2.1493238211682257
2024-02-13 16:00:00,8,-2.5048713948267203,-2.171174252168922,-0.47659752962073154,-1.974170846652946,2.1319789531445252
2024-02-13 20:00:00,8,-0.10608565656882618,-0.9764169198562128,0.5513897304937913,-0.2154895135024848,-2.5048713948267203
2024-02-14 00:00:00,8,-1.4227524091422197,-1.2883253043259917,0.01958020600645552,-0.1410063027843904,-0.10608565656882618
2024-02-14 04:00:00,8,-0.021747509279563815,0.6564533496118711,0.3114845259407858,0.8579144836563692,-1.4227524091422197
2024-02-14 08:00:00,8,2.4603449146547334,0.9405928735277721,0.0008824835334934611,0.8731835065257574,-0.021747509279563815
2024-02-14 12:00:00,8,-0.9401788281604109,-1.3976247960898163,-0.5493960889349091,-0.8542355871057019,2.4603449146547334
2024-02-14 16:00:00,8,-0.4026381979238707,-0.3271332530487768,0.20449821926944964,-0.19413185550339662,-0.9401788281604109
2024-02-14 20:00:00,8,-1.7916988155175861,-0.425924893270761,0.08532574696422063,0.08856221181060064,-0.4026381979238707
2024-02-15 00:00:00,8,-0.07099617735754649,0.7460449919509831,0.3932797483345503,1.346521909057472,-1.7916988155175861
2024-02-15 04:00:00,8,0.43417491034074374,1.0557461387718148,0.011800887096792789,1.3963686405510032,-0.07099617735754649
2024-02-15 08:00:00,8,1.7590975698420515,1.1244069498187306,-0.10019527481497809,1.0915325073604762,0.43417491034074374
2024-02-15 12:00:00,8,0.8192707955974843,-0.15646123515268612,-0.393929924931584,-0.14353771048021535,1.7590975698420515
2024-02-15 16:00:00,8,-1.036239678988169,-0.21662797520812174,-0.1855708281018465,-0.7187513753367689,0.8192707955974843
2024-02-15 20:00:00,8,-1.6430589152560415,-0.3708845968214478,0.22579485889248654,0.008797106341823735,-1.036239678988169
2024-02-16 00:00:00,8,0.4808116251123984,0.6849555742872795,0.36032636136996654,1.1623960693445294,-1.6430589152560415
2024-02-16 04:00:00,8,-1.1958730684866126,0.5421367874700883,-0.11053460971713461,0.8248160915487404,0.4808116251123984
2024-02-16 08:00:00,8,2.228802094167021,1.7297583283574995,0.2611854965836724,1.6644438850987004,-1.1958730684866126
2024-02-16 12:00:00,8,1.009451424814829,0.13287883790453422,-0.4980631685751882,0.09959203426371843,2.228802094167021
2024-02-16 16:00:00,8,-0.5096497341501571,-0.5578649555765492,-0.22773377261902988,-0.6091482951641662,1.009451424814829
2024-02-16 20:00:00,8,-0.581319937270214,-0.47776503260078046,0.10905014772562048,-0.2513209529117386,-0.5096497341501571
2024-02-17 00:00:00,8,-0.48929310899052325,0.11492079230843384,0.1249393937025742,0.1568263573161559,-0.581319937270214
2024-02-19 04:00:00,8,-1.5713580746529878,0.32462498757419195,0.10453709473649689,0.5003612226182188,-0.48929310899052325
2024-02-19 08:00:00,8,1.3187683842767761,1.6550072372669358,0.34443032307930005,1.6036187069325507,-1.5713580746529878
2024-02-19 12:00:00,8,0.014047049713223458,0.8404826246613099,-0.29630917829356596,0.6777055662553213,1.3187683842767761
2024-02-19 16:00:00,8,-0.5719730221552197,0.8717608298843854,-0.007053151189352942,0.6678430702535287,0.014047049713223458
2024-02-19 20:00:00,8,0.6993226287739773,0.8386206281645247,0.12286718758451609,1.0694278698594282,-0.5719730221552197
2024-02-20 04:00:00,8,-1.2258452010874947,0.35652034040349356,-0.15897838320601193,0.5784303457491813,0.6993226287739773
2024-02-20 08:00:00,8,1.7063734395198082,1.5264086068156664,0.2678303024669701,1.4391017067368725,-1.2258452010874947
2024-02-20 12:00:00,8,1.339846547719306,0.42181587237951873,-0.3822410132341,0.24104933500030512,1.7063734395198082
2024-02-20 16:00:00,8,0.20542352328497238,-0.9645457414560104,-0.30098219593689207,-0.6996628778608418,1.339846547719306
2024-02-20 20:00:00,8,-2.5811386073823286,-1.1295140862976447,-0.04948121376494969,-0.843891646067231,0.20542352328497238
2024-02-21 00:00:00,8,-0.9044683839392214,0.437627661884498,0.5682981310217304,0.9683372358036877,-2.5811386073823286
2024-02-21 04:00:00,8,0.7306730645551234,1.2936644928271441,0.196581232746804,1.6033685058895966,-0.9044683839392214
2024-02-21 08:00:00,8,1.256914361742325,1.4613459662952903,-0.16592875817253575,1.0903597015562188,0.7306730645551234
2024-02-21 12:00:00,8,0.269157297845263,0.21448739524265323,-0.28259617434033885,0.20787454486102952,1.256914361742325
2024-02-21 16:00:00,8,-0.07946275518994561,0.005971493201340307,-0.06361095774421259,0.01889801042524475,0.269157297845263
2024-02-21 20:00:00,8,-0.06239637348661731,-0.3401480628069441,0.013677922906732691,0.07468916382413227,-0.07946275518994561
2024-02-22 00:00:00,8,-0.9377919827815404,-1.2085875763815965,0.009894315144849865,0.11849793481885662,-0.06239637348661731
2024-02-22 04:00:00,8,-1.2681429897498084,-0.12842733147775245,0.20396905691629852,0.7769258516780955,-0.9377919827815404
2024-02-22 08:00:00,8,3.7017554808367183,1.5910068246851055,0.2772076997545274,1.6672946779758178,-1.2681429897498084
2024-02-22 12:00:00,8,-0.8021108647708264,-0.5140247060212301,-0.8246161523050783,-0.9317242886187938,3.7017554808367183
2024-02-22 16:00:00,8,0.5254584795973116,-0.28988543684311047,0.17388862509599295,-0.36855868742144793,-0.8021108647708264
2024-02-22 20:00:00,8,-1.3215379324874306,-1.097894050569073,-0.12043279365027766,-0.7374854200760552,0.5254584795973116
2024-02-23 00:00:00,8,-0.5816722698582524,-0.3220437947916813,0.28904533020831935,0.19037223270243153,-1.3215379324874306
2024-02-23 04:00:00,8,-0.9096216633596512,0.4560943029169597,0.12501750565026412,0.598766917205479,-0.5816722698582524
2024-02-23 08:00:00,8,1.3198908077446738,1.153704427427101,0.197723712058074,1.237416327663757,-0.9096216633596512
2024-02-23 12:00:00,8,0.6222350251603945,0.42329653610795465,-0.29655801898042516,0.310715128483821,1.3198908077446738
2024-02-23 16:00:00,8,-0.03251272673293748,0.14013065870375088,-0.14188810241612332,-0.12615884669992106,0.6222350251603945
2024-02-23 20:00:00,8,-1.4118251095210397,-0.6453350342002866,0.0032691265268936145,-0.10333151683654584,-0.03251272673293748
2024-02-24 00:00:00,8,-0.002465497087413837,0.7514632402243507,0.30906194941684384,0.8879171640002284,-1.4118251095210397
2024-02-26 04:00:00,8,-0.24731048298270863,0.26336875373139407,-0.003392328331326723,0.8896482004572395,-0.002465497087413837
2024-02-26 08:00:00,8,1.0641441258312803,1.0549167646068907,0.05088967503619795,1.0632859891326945,-0.24731048298270863
2024-02-26 12:00:00,8,0.887683873310058,0.45828036610217976,-0.23985911539416688,0.31614567137173033,1.0641441258312803
2024-02-26 16:00:00,8,-1.0817691385153818,-0.024229313127240956,-0.20073797110539868,-0.30710111924327954,0.887683873310058
2024-02-26 20:00:00,8,-0.8751049050301773,0.1553917085556735,0.2358887158948702,0.4524137982149341,-1.0817691385153818
2024-02-27 00:00:00,8,0.1826430317632095,0.7622844811703028,0.19007136506380973,1.066828839323838,-0.8751049050301773
2024-02-27 04:00:00,8,-0.6872621030151507,0.5879815684529061,-0.044430790890343616,0.938594355407675,0.1826430317632095
2024-02-27 08:00:00,8,2.0727033503784345,1.0673456494522877,0.148426715596063,1.4211241308088152,-0.6872621030151507
2024-02-27 12:00:00,8,-0.14583732118541448,0.14456819716139516,-0.4634561599610851,-0.03413009860887506,2.0727033503784345
2024-02-27 16:00:00,8,0.5851726988568302,-0.19645032323831055,0.028393128944992296,0.06826293241665482,-0.14583732118541448
2024-02-27 20:00:00,8,-1.5561594716354588,-0.4493320826091938,-0.13367140435362465,-0.3425894188354839,0.5851726988568302
2024-02-28 00:00:00,8,-0.5592763867245303,0.662600217631657,0.34106080086032353,0.7499970587868088,-1.5561594716354588
2024-02-28 04:00:00,8,-0.5871522879782454,1.1977831918044033,0.12005235025107097,1.142667494257335,-0.5592763867245303
2024-02-28 08:00:00,8,2.8177421004724135,2.018006842702321,0.12623242275773866,1.554909723825114,-0.5871522879782454
2024-02-28 12:00:00,8,-0.005781118589066381,-0.43124691189487624,-0.6286308552633298,-0.42343952155632714,2.8177421004724135
2024-02-28 16:00:00,8,-0.38502971874309466,-0.2807150953682147,-0.002657256804907528,-0.41938057251474525,-0.005781118589066381
2024-02-28 20:00:00,8,-1.4399323168192897,-0.5708323138539394,0.0814219564794254,-0.14904949665186784,-0.38502971874309466
2024-02-29 00:00:00,8,-0.14737836012604433,0.3915301362018196,0.31529330235076825,0.86193337928351,-1.4399323168192897
2024-02-29 04:00:00,8,-0.585060801460692,0.7688364644876331,0.028734776459883732,0.9654083805946776,-0.14737836012604433
2024-02-29 08:00:00,8,1.8380298190171036,1.4231282351773356,0.1257687413073147,1.3761821681879312,-0.585060801460692
2024-02-29 12:00:00,8,0.6235981371456809,0.3485451325465502,-0.411429162662998,0.08569326757795892,1.8380298190171036
2024-02-29 16:00:00,8,0.13572588913913108,-1.1762021888506744,-0.14219030361948906,-0.35213775458570673,0.6235981371456809
2024-02-29 20:00:00,8,-1.0832375906516045,-1.264559898394157,-0.03402928528220364,-0.4474315042557375,0.13572588913913108
2024-03-01 00:00:00,8,-1.2690206697611082,-0.27813377836494274,0.23621427095376604,0.31311441997030265,-1.0832375906516045
2024-03-01 04:00:00,8,-1.0393213942607815,0.9366371583502817,0.2774022809470104,1.2040994693026832,-1.2690206697611082
2024-03-01 08:00:00,8,2.024170052907298,2.0843285114255807,0.2264780735321249,1.9338116369634069,-1.0393213942607815
2024-03-01 12:00:00,8,0.6392252308213067,0.879023200749228,-0.45269635368148287,0.5126328512890606,2.024170052907298
2024-03-01 16:00:00,8,1.62928454682201,0.3640471016448332,-0.1456548219898497,0.0638299772389157,0.6392252308213067
2024-03-01 20:00:00,8,-2.6921101770991918,-0.6713494445045015,-0.3651504466549253,-1.0800979404993907,1.62928454682201
2024-03-02 00:00:00,8,0.3882755644811695,0.9886113139225344,0.5929004691053302,0.8100445734144834,-2.6921101770991918
2024-03-04 04:00:00,8,-1.2367159993635788,0.5083702613120612,-0.09001941420910865,0.537434574840594,0.3882755644811695
2024-03-04 08:00:00,8,1.625500452673002,1.810475056241177,0.2702403526727048,1.405738371586894,-1.2367159993635788
2024-03-04 12:00:00,8,-0.23241440744132902,0.6947002838696301,-0.3643115149913325,0.26446728315986157,1.625500452673002
2024-03-04 16:00:00,8,0.5756009070895782,0.7994345513708255,0.04758722299805062,0.42764647102813313,-0.23241440744132902
2024-03-04 20:00:00,8,-1.8491628379074978,-0.022434666572826764,-0.13154934320116388,0.02351451729446019,0.5756009070895782
2024-03-05 00:00:00,8,-0.25114338635062694,0.8312508137521861,0.4060194915866936,1.3218199599211538,-1.8491628379074978
2024-03-05 04:00:00,8,-0.24793299950142256,1.1803556674375517,0.051739427677706853,1.4981488470772923,-0.25114338635062694
2024-03-05 08:00:00,8,1.569178498890146,1.4192145297815775,0.051027686617858926,1.6722237073658057,-0.24793299950142256
2024-03-05 12:00:00,8,0.3760578946143802,0.7150405581834274,-0.3518249677429688,0.570496512876419,1.569178498890146
2024-03-05 16:00:00,8,1.6861861499500819,0.40396039714377924,-0.08731076328686362,0.3064645945878848,0.3760578946143802
2024-03-05 20:00:00,8,-2.4838039007584136,-1.0872083582278063,-0.3777655018553467,-0.8774141914681941,1.6861861499500819
2024-03-06 00:00:00,8,-0.500876389587738,0.07998561776054765,0.5467190782450654,0.8664755605133863,-2.4838039007584136
2024-03-06 04:00:00,8,-0.6461990124825476,1.002982895482936,0.10710510189451922,1.2181430985766273,-0.500876389587738
2024-03-06 08:00:00,8,2.0898651846317335,1.5735749148151992,0.1393230502282742,1.6718422957092365,-0.6461990124825476
2024-03-06 12:00:00,8,0.6081923460429302,0.3102256171598639,-0.46726092950261394,0.20453866622804107,2.0898651846317335
2024-03-06 16:00:00,8,-0.014529903039818493,-0.0547797329264038,-0.13877484791202968,-0.22247588156860587,0.6081923460429302
2024-03-06 20:00:00,8,-0.6515895826796445,-0.11687724828423164,-0.0007176559375221534,-0.21227437210133715,-0.014529903039818493
2024-03-07 00:00:00,8,-0.627799418599789,0.24738177651889334,0.1405181367787369,0.2452095683120028,-0.6515895826796445
2024-03-07 04:00:00,8,-0.18733101241980066,0.8588800171027798,0.135243870034108,0.6859903288470335,-0.627799418599789
2024-03-07 08:00:00,8,1.3578487378726702,1.0841957553355688,0.03759225825973014,0.8175162648065797,-0.18733101241980066
2024-03-07 12:00:00,8,-0.42158141040710184,0.23902167207892913,-0.3049732719352612,-0.1358353657284379,1.3578487378726702
2024-03-07 16:00:00,8,0.7405927850394107,0.819241322973186,0.08952544711346616,0.16015881521732744,-0.42158141040710184
2024-03-07 20:00:00,8,-1.7157565424082648,0.09030591908406176,-0.16812795493682342,-0.359814668932275,0.7405927850394107
2024-03-08 00:00:00,8,-0.09947724183617623,0.8774018157887302,0.37644338670931976,0.8448256210227836,-1.7157565424082648
2024-03-08 04:00:00,8,-1.2161560595404453,1.4457630396472034,0.018115123969100234,0.9146690344019692,-0.09947724183617623
2024-03-08 08:00:00,8,1.4551160932796314,2.6143048621476965,0.2656822249306374,1.768537606069522,-1.2161560595404453
2024-03-08 12:00:00,8,2.608581554026941,1.37491097359252,-0.3265373929828891,0.7468941332337664,1.4551160932796314
2024-03-08 16:00:00,8,-1.2672035018873942,-0.5427377177656386,-0.5822600731744465,-1.0846025633801375,2.608581554026941
2024-03-08 20:00:00,8,-1.0600129265185174,-1.0374249674164961,0.2769994157942705,-0.19489335568389876,-1.2672035018873942
2024-03-09 00:00:00,8,-0.4753698682268137,-0.01941200427588312,0.2310653752470719,0.5493464286884517,-1.0600129265185174
2024-03-11 04:00:00,9,-0.3758924391747165,-0.20271740732682364,0.06866546054234617,0.5899682403300748,-0.4753698682268137
2024-03-11 08:00:00,9,0.48371719873950525,0.6656657235443733,0.05342363664799966,0.8376788372251056,-0.3758924391747165
2024-03-11 12:00:00,9,0.9198525120778314,-0.19047144908757035,-0.07828482067561997,0.51891244678845,0.48371719873950525
2024-03-11 16:00:00,9,0.18788640407106882,-0.3262185283966174,-0.14510900082735118,-0.08726419066257307,0.9198525120778314
2024-03-11 20:00:00,9,-1.9166259055179857,-0.8392064864288246,-0.03295794685282053,-0.2110800710859415,0.18788640407106882
2024-03-12 00:00:00,9,-0.37728598856830686,0.26960910021748025,0.2894931489574866,1.0519635488461496,-1.9166259055179857
2024-03-12 04:00:00,9,0.7504662981681811,0.6745149104443843,0.0536371547761577,1.300592485447206,-0.37728598856830686
2024-03-12 08:00:00,9,1.468640781401339,1.0782043641015595,-0.11915582866415717,0.8060402271549414,0.7504662981681811
2024-03-12 12:00:00,9,1.1613595632811862,-0.043440895687455516,-0.22919374483427088,-0.16178419991796922,1.468640781401339
2024-03-12 16:00:00,9,-0.35270129167996167,-0.8384310339545096,-0.18211244953687386,-0.9271123647029444,1.1613595632811862
2024-03-12 20:00:00,9,-1.5642187210700822,-1.693724684640245,0.04987031415674639,-0.6946845785003006,-0.35270129167996167
2024-03-13 00:00:00,9,-1.800229647510612,-0.9802100040711614,0.23549770199389025,0.3361250699229572,-1.5642187210700822
2024-03-13 04:00:00,9,0.568837370397631,0.938395274845822,0.2716590404223716,1.5224643363153572,-1.800229647510612
2024-03-13 08:00:00,9,1.705976796752502,1.2629595349428477,-0.09132684114832686,1.1476043235235007,0.568837370397631
2024-03-13 12:00:00,9,0.25130816147519575,0.24551259105061451,-0.26555811194988926,0.023377053774634504,1.705976796752502
2024-03-13 16:00:00,9,0.46345756631012236,0.11355038999229466,-0.04267535980402798,-0.14223333950778638,0.25130816147519575
2024-03-13 20:00:00,9,-0.855093706732033,-0.7928986475937687,-0.07518066174635042,-0.44764876802306297,0.46345756631012236
2024-03-14 00:00:00,9,-1.0978006333845869,-0.370525076011429,0.12684633564267442,0.1158522509408293,-0.855093706732033
2024-03-14 04:00:00,9,0.08267937899541877,0.937131999643887,0.1640336279684436,0.8392955071140147,-1.0978006333845869
2024-03-14 08:00:00,9,0.4034961426958681,0.7951628643375735,-0.016838240463832886,0.7848103507569686,0.08267937899541877
2024-03-14 12:00:00,9,1.4479265552102412,0.6112734280788044,-0.0659934373891131,0.5189090983362519,0.4034961426958681
2024-03-14 16:00:00,9,0.20659079148632564,0.01858643764777831,-0.2260199335413893,-0.4352647925745554,1.4479265552102412
2024-03-14 20:00:00,9,-0.894467848268059,-1.5838433399994993,-0.03582381282615275,-0.5714067388835851,0.20659079148632564
2024-03-15 00:00:00,9,-0.9616395960360791,-1.2225977265196997,0.1328791989464585,0.018041575331928073,-0.894467848268059
2024-03-15 04:00:00,9,-0.4726595639678415,0.12911111587575846,0.14317118135806106,0.6517556209109934,-0.9616395960360791
2024-03-15 08:00:00,9,0.9732966719414549,-0.1995768450464866,0.06825019066043439,0.9632351041793381,-0.4726595639678415
2024-03-15 12:00:00,9,0.6713744612694708,-0.4387732081524895,-0.15329765709425214,0.32183912374435764,0.9732966719414549
2024-03-15 16:00:00,9,-0.1325763142836447,-0.67638796113354,-0.10703746311151317,-0.12059214437657317,0.6713744612694708
2024-03-15 20:00:00,9,-0.9680259988398738,-0.911563121656873,0.016143003628198524,-0.0332252422450825,-0.1325763142836447
2024-03-16 00:00:00,9,-0.2837464269881522,-0.5816558299400035,0.14414969907591263,0.6046973999580949,-0.9680259988398738
2024-03-18 04:00:00,9,-0.08015719100128393,-0.08017745012957872,0.039305124502109906,0.7916843927009776,-0.2837464269881522
2024-03-18 08:00:00,9,-0.23957499196425402,0.8851246222313139,0.008111402355638914,0.8445074440822484,-0.08015719100128393
2024-03-18 12:00:00,9,1.3579028521114118,0.4830050867398525,0.03253722508804043,1.0023857573329256,-0.23957499196425402
2024-03-18 16:00:00,9,-0.19583901457236763,0.04368328322671705,-0.21222659929437432,0.10753688311644716,1.3579028521114118
2024-03-18 20:00:00,9,-0.7547275682437125,-0.39681848681658877,0.02583604602052412,0.23659348053448426,-0.19583901457236763
2024-03-19 00:00:00,9,-0.8813102288859476,0.312102695112637,0.11146834465143732,0.7339538872328681,-0.7547275682437125
2024-03-19 04:00:00,9,1.810898597573761,0.9688270323607687,0.13086320276117355,1.31473141850309,-0.8813102288859476
2024-03-19 08:00:00,9,0.2485299668590244,-0.01460309710478697,-0.28163411658766313,0.12136138555899123,1.810898597573761
2024-03-19 12:00:00,9,0.3714954723174184,-0.5058678202545014,-0.04224968783514618,-0.04241819610036757,0.2485299668590244
2024-03-19 16:00:00,9,-0.4009803474257563,-0.8190312728155347,-0.061090329346846314,-0.287231221319999,0.3714954723174184
2024-03-19 20:00:00,9,-1.7631324527315577,-1.0027323832057924,0.05726757876716734,-0.022987861112790497,-0.4009803474257563
2024-03-20 00:00:00,9,0.2244367881838869,0.04998720895355452,0.2659750484335909,1.1389046026729197,-1.7631324527315577
2024-03-20 04:00:00,9,0.12636142450951482,0.300033548844348,-0.03855815710379654,0.9910022642053118,0.2244367881838869
2024-03-20 08:00:00,9,2.1775875912891767,0.367105784791204,-0.023531156147470016,0.9077309327614529,0.12636142450951482
2024-03-20 12:00:00,9,-1.3864291379691043,-0.19561211600232564,-0.337817806892712,-0.5272846882330704,2.1775875912891767
2024-03-20 16:00:00,9,0.2882156646919505,-0.05095600313449433,0.2082569747083547,0.3863628170825635,-1.3864291379691043
2024-03-20 20:00:00,9,2.134720101887128,-0.6402282446493938,-0.048330287457166235,0.19643062666104605,0.2882156646919505
2024-03-21 00:00:00,9,-2.8373448570377295,-2.144558228887787,-0.33124969661398124,-1.2103356062625537,2.134720101887128
2024-03-21 04:00:00,9,-0.5850409002890089,-0.23773590077529333,0.4305647090990527,0.6594556289029292,-2.8373448570377295
2024-03-21 08:00:00,9,2.0111306796045376,0.7804155433579961,0.08546913724500588,1.0449936592415394,-0.5850409002890089
2024-03-21 12:00:00,9,0.4723994701894636,-0.23257375610546135,-0.31231345924249926,-0.28032797311827373,2.0111306796045376
2024-03-21 16:00:00,9,0.6212838085998538,-0.28581801411389113,-0.07655073057008044,-0.5916360563307101,0.4723994701894636
2024-03-21 20:00:00,9,-1.7579877579778724,-0.8342405936333268,-0.09936262758331167,-1.0010579202218182,0.6212838085998538
2024-03-22 00:00:00,9,-0.9338306877648783,-0.3965634554305301,0.26518678387777117,0.15744422421861515,-1.7579877579778724
2024-03-22 04:00:00,9,1.347245160007688,0.8977205725512442,0.13891033056404126,0.7728323857176971,-0.9338306877648783
2024-03-22 08:00:00,9,0.7964689563491891,0.11851325878265233,-0.21059363925798202,-0.1149931408668543,1.347245160007688
2024-03-22 12:00:00,9,0.028240102071420026,0.04872238261345875,-0.12620430610620623,-0.6398608424327179,0.7964689563491891
2024-03-22 16:00:00,9,-1.0898720994688702,-0.6814429873261456,-0.00849711343916278,-0.6584708803357042,0.028240102071420026
2024-03-22 20:00:00,9,-1.0838737477938096,-0.4907496732322215,0.16281882659254135,0.059747525151266245,-1.0898720994688702
2024-03-23 00:00:00,9,0.44031710618940423,0.3853570207163046,0.16189976564817624,0.7740130571059112,-1.0838737477938096
2024-03-25 04:00:00,9,0.41220499754429696,-0.24595045707583923,-0.07163510551962667,0.4838470366434109,0.44031710618940423
2024-03-25 08:00:00,9,1.219197645054054,0.8647780935552768,-0.06732779869283821,0.21220670727421087,0.41220499754429696
2024-03-25 12:00:00,9,-0.903698384839112,0.2362339646556406,-0.19097433775784092,-0.5912363655697721,1.219197645054054
2024-03-25 16:00:00,9,0.0030154102206765288,0.5209330264948869,0.13429349175847555,0.0042948103513307245,-0.903698384839112
2024-03-25 20:00:00,9,-2.164156795980958,-0.028043073405579436,-0.004632213485055204,0.002307675235533324,0.0030154102206765288
2024-03-26 00:00:00,9,0.020110092029636206,1.1043693869473985,0.3274195637914641,1.428472492181223,-2.164156795980958
2024-03-26 04:00:00,9,0.8713373309358623,1.1904124411580406,-0.007251442109526368,1.4152200763805425,0.020110092029636206
2024-03-26 08:00:00,9,0.46546013211221293,1.4407023856083363,-0.13767555733957312,0.8410146179868416,0.8713373309358623
2024-03-26 12:00:00,9,1.7002897811385935,0.46294562757613056,-0.0754874927087421,0.534279512036056,0.46546013211221293
2024-03-26 16:00:00,9,-0.4645604820818825,0.04283402038243225,-0.2646867535794775,-0.5862000525571407,1.7002897811385935
2024-03-26 20:00:00,9,-1.1365787773065428,-0.02342802698641772,0.06700925810932243,-0.28005780994380025,-0.4645604820818825
2024-03-27 00:00:00,9,-1.2175172596981447,0.35533989169809366,0.1699751731635706,0.46893998304975426,-1.1365787773065428
2024-03-27 04:00:00,9,0.4456033637485497,1.7522187094273494,0.18237647973777238,1.2712756932119031,-1.2175172596981447
2024-03-27 08:00:00,9,1.30529085427003,1.612803957358469,-0.07244506017511396,0.977626064464566,0.4456033637485497
2024-03-27 12:00:00,9,0.49880395255552834,0.8702035634625644,-0.20416544599086348,0.11744814403939685,1.30529085427003
2024-03-27 16:00:00,9,-0.07488892792533797,0.03079398736215262,-0.08059639674862802,-0.2112603159988211,0.49880395255552834
2024-03-27 20:00:00,9,-1.201447914936388,-0.7329896512888859,0.0073042047953702045,-0.16190901465862062,-0.07488892792533797
2024-03-28 00:00:00,9,1.8356932372764412,-0.0910990888946231,0.17991435214470836,0.6298371050574261,-1.201447914936388
2024-03-28 04:00:00,9,-1.8067487862229044,0.10203740587827985,-0.2854331244176112,-0.5798724291919726,1.8356932372764412
2024-03-28 08:00:00,9,1.2493774648580267,1.11985260555295,0.27265789579230215,0.6107629058981878,-1.8067487862229044
2024-03-28 12:00:00,9,0.26075988156073926,0.6434086441960307,-0.19559845704800027,-0.21256846582789102,1.2493774648580267
2024-03-28 16:00:00,9,0.13785710607663226,-0.022052739178771267,-0.04412354211448019,-0.38440747926882146,0.26075988156073926
2024-03-28 20:00:00,9,-2.0431611243222445,-0.256920279230541,-0.025292512021471623,-0.4752543877819022,0.13785710607663226
2024-03-29 00:00:00,9,1.575768995316107,0.5616523250327531,0.30888073808021194,0.8711750928689188,-2.0431611243222445
2024-04-01 04:00:00,9,-1.26170432809311,-0.35267293451709797,-0.24560781369555648,-0.16724610883289337,1.575768995316107
2024-04-01 08:00:00,9,0.24898505792844716,1.601619974303009,0.1891467744800178,0.6642085831081648,-1.26170432809311
2024-04-01 12:00:00,9,0.38476849488310094,0.25885113061442827,-0.04231941639570638,0.5001290994856387,0.24898505792844716
2024-04-01 16:00:00,9,1.309188924053844,0.6849981848816369,-0.06312400748287728,0.24656924139656944,0.38476849488310094
2024-04-01 20:00:00,9,-2.83703177246708,-0.5808274555975703,-0.20476270401953295,-0.6161774808778926,1.309188924053844
2024-04-02 00:00:00,9,0.8499646143809123,0.9782048228377399,0.4305167386203688,1.253407433654898,-2.83703177246708
2024-04-02 04:00:00,9,0.27817787427633434,1.0044396444287615,-0.1344008528666245,0.6932864521576168,0.8499646143809123
2024-04-02 08:00:00,9,0.31548639392912037,0.046304354758317345,-0.04679230808575469,0.5099690983122702,0.27817787427633434
2024-04-02 12:00:00,9,0.16712540476113702,0.36407444244798615,-0.05250867904271543,0.3020656801854731,0.31548639392912037
2024-04-02 16:00:00,9,0.6540073248303848,0.07352685060769636,-0.029776969033350444,0.1919311590958852,0.16712540476113702
2024-04-02 20:00:00,9,-1.0112777282691212,-0.7152804984411567,-0.104376489283822,-0.23905528256583786,0.6540073248303848
2024-04-03 00:00:00,9,-1.4504388688432606,0.6789929583946307,0.150776682195282,0.42736995930969357,-1.0112777282691212
2024-04-03 04:00:00,9,0.9016469454240124,1.562596633849318,0.21806447631756357,1.3831994480585141,-1.4504388688432606
2024-04-03 08:00:00,9,0.9948754700532021,1.3552091191089501,-0.14231956363060802,0.7890201569561732,0.9016469454240124
2024-04-03 12:00:00,9,-0.1696822941406566,0.5312915186964219,-0.15660393716004134,0.13340389326070934,0.9948754700532021
2024-04-03 16:00:00,9,1.6021768219770856,0.231530096705387,0.021828341657105108,0.2452233873063534,-0.1696822941406566
2024-04-03 20:00:00,9,-1.8976483809679578,-1.2377425518671288,-0.24965399228334717,-0.8106003950891623,1.6021768219770856
2024-04-04 00:00:00,9,-1.254196447095719,0.1711713671561963,0.2865854332083122,0.4399371634169569,-1.8976483809679578
2024-04-04 04:00:00,9,-0.13145580680259172,1.0910635825933117,0.1879964250884788,1.266444212124318,-1.254196447095719
2024-04-04 08:00:00,9,1.9557682792460511,1.5634070309117996,0.0159713206860352,1.3530727073392814,-0.13145580680259172
2024-04-04 12:00:00,9,0.023053786025531764,0.8364712589685336,-0.30383089224541254,0.06423452558691167,1.9557682792460511
2024-04-04 16:00:00,9,0.0848874656155374,0.26326466312466484,-0.007702471714048897,0.04904223518167505,0.023053786025531764
2024-04-04 20:00:00,9,-0.08932554277604154,0.15753466294020563,-0.017176561103278497,-0.006898035451854412,0.0848874656155374
2024-04-05 00:00:00,9,-0.6165234447616221,-0.7194846170053643,0.009516167280545555,0.05196689827122469,-0.08932554277604154
2024-04-05 04:00:00,9,-0.07086551532846741,0.1077441300202413,0.09029285859737618,0.4582517143132332,-0.6165234447616221
2024-04-05 08:00:00,9,0.8061053848096336,0.59202394074612,0.006687741876694647,0.5049516137308139,-0.07086551532846741
2024-04-05 12:00:00,9,2.0960465404394135,0.12107865341362628,-0.12768078923372697,-0.02626642957406844,0.8061053848096336
2024-04-05 16:00:00,9,-1.5208733390093734,-1.0856792811668177,-0.3253241754322411,-1.4075470448265524,2.0960465404394135
2024-04-05 20:00:00,9,-1.2873073562355515,-1.2998663612099866,0.22885636951980212,-0.4053017125317986,-1.5208733390093734
2024-04-06 00:00:00,9,0.7345802566490249,-0.28395598471298306,0.19306964271080732,0.44302520327577,-1.2873073562355515
2024-04-08 04:00:00,10,-0.7823117673650231,-0.3586003149568432,-0.05578638325215764,-0.2151672291023452,0.7345802566490249
2024-04-08 08:00:00,10,0.4672274786641708,0.4391495212983074,0.06552309447767443,0.2893189202124997,-0.7823117673650231
2024-04-08 12:00:00,10,0.33500497761967196,-0.30658717509422284,-0.03440554311751266,-0.011980128834515824,0.4672274786641708
2024-04-08 16:00:00,10,0.2368957045043345,-0.1521287322815202,-0.02383139394149209,-0.22801340125977454,0.33500497761967196
2024-04-08 20:00:00,10,-0.8863545756310565,-0.4572757147982576,-0.015985361070555967,-0.38077935307097377,0.2368957045043345
2024-04-09 00:00:00,10,-1.729258363553928,0.08959434871896514,0.07384364632479831,0.19080045109559762,-0.8863545756310565
2024-04-09 04:00:00,10,0.3196518576203644,1.3263975453309285,0.14125267522775053,1.305940129919783,-1.729258363553928
2024-04-09 08:00:00,10,1.4878067862453896,1.3487578975997792,-0.022603568269556066,1.0998075604003574,0.3196518576203644
2024-04-09 12:00:00,10,0.8127199792791817,0.21566507525260847,-0.11602370764377345,0.14037176021353126,1.4878067862453896
2024-04-09 16:00:00,10,0.12476816637474641,-0.3617745534985331,-0.0620354034804626,-0.3837236067765044,0.8127199792791817
2024-04-09 20:00:00,10,-1.093900034614725,-1.0997723078403658,-0.007018254068676057,-0.4641823374734457,0.12476816637474641
2024-04-10 00:00:00,10,-3.0223419095561077,-0.42552390895564407,0.09044155232992208,0.24123644723552218,-1.093900034614725
2024-04-10 04:00:00,10,2.1247799865960673,1.8361357925331327,0.2446636544822047,2.19024155679743,-3.0223419095561077
2024-04-10 08:00:00,10,1.100221470173576,0.9531042466348766,-0.1669639756649367,0.8200434870565925,2.1247799865960673
2024-04-10 12:00:00,10,4.22882959739532,0.4579668027203313,-0.08502758430468194,0.11054822438032019,1.100221470173576
2024-04-10 16:00:00,10,-2.277619662973976,-2.5872421803585883,-0.33522984783182075,-2.6164796035204,4.22882959739532
2024-04-10 20:00:00,10,-0.48862965047695006,-1.3732980653257718,0.18510643791276155,-1.147720444690842,-2.277619662973976
2024-04-11 00:00:00,10,-2.8616983184521594,-1.2717480102561107,0.042036634232463406,-0.8326198657484358,-0.48862965047695006
2024-04-11 04:00:00,10,-0.2666916193121587,0.41750289709333915,0.23181660286023362,1.0127916765568976,-2.8616983184521594
2024-04-11 08:00:00,10,3.0023596430329977,1.0105597441399419,0.02428771985835849,1.1847719965442796,-0.2666916193121587
2024-04-11 12:00:00,10,-0.23646713023480537,-0.4891629083147135,-0.23714611658421916,-0.7513472315655569,3.0023596430329977
2024-04-11 16:00:00,10,0.7232296731721704,-1.2186066288536785,0.021870595286154405,-0.5988576526685208,-0.23646713023480537
2024-04-11 20:00:00,10,-1.2915482334309978,-1.6243714886362934,-0.05487864998458965,-1.0652437766019212,0.7232296731721704
2024-04-12 00:00:00,10,-1.7472688672284669,-0.5692290076867227,0.10624795080329293,-0.23236841652316187,-1.2915482334309978
2024-04-12 04:00:00,10,0.05379736291840587,0.745210590151121,0.1426930182184322,0.8943856212114003,-1.7472688672284669
2024-04-12 08:00:00,10,2.3270882989027957,0.985841406437977,-0.0013425494271731755,0.8596935385991031,0.05379736291840587
2024-04-12 12:00:00,10,0.5043867586828963,0.12841724500568436,-0.18314305454320082,-0.6409662545972967,2.3270882989027957
2024-04-12 16:00:00,10,-0.2450448739970401,-0.8978635241494918,-0.03737725948263637,-0.9662280546471518,0.5043867586828963
2024-04-12 20:00:00,10,-1.0543355352718873,-1.0298550750450528,0.02255657793978024,-0.8082069816566602,-0.2450448739970401
2024-04-13 00:00:00,10,0.02220308100718782,-0.6891191330001631,0.08727748483141866,-0.12830199177435908,-1.0543355352718873
2024-04-15 04:00:00,10,-0.2048937669090165,-0.6694000449290328,0.0011841207492292072,-0.14262000066481662,0.02220308100718782
2024-04-15 08:00:00,10,0.5738654196855553,0.23845811290357802,0.019345598018985565,-0.01049100580807405,-0.2048937669090165
2024-04-15 12:00:00,10,0.1592830934139169,-0.3315082697689187,-0.04293363392865466,-0.38055722221848143,0.5738654196855553
2024-04-15 16:00:00,10,-0.22865580119909446,-0.43226005187341004,-0.009778495210906662,-0.48327345096446983,0.1592830934139169
2024-04-15 20:00:00,10,-0.5146355532418827,-1.0483867963624156,0.0212459046485239,-0.33582113147045867,-0.22865580119909446
2024-04-16 00:00:00,10,-0.9146645668872182,-0.8574017665082836,0.0441163883826359,-0.003950233720850349,-0.5146355532418827
2024-04-16 04:00:00,10,0.5916383056850982,0.1305967528256087,0.07610766393412902,0.5858857172554046,-0.9146645668872182
2024-04-16 08:00:00,10,1.7417630630295324,-0.21462368605166168,-0.04435497406639965,0.2043583734605523,0.5916383056850982
2024-04-16 12:00:00,10,-0.3678864315320176,-0.5399109045071092,-0.13633319758451018,-0.9188451591236682,1.7417630630295324
2024-04-16 16:00:00,10,-0.5552635579350778,-1.3394242824493992,0.03238051066022101,-0.6816077596992915,-0.3678864315320176
2024-04-16 20:00:00,10,0.3656162753933856,-0.9585784635022002,0.04736550694382033,-0.3235372488324586,-0.5552635579350778
2024-04-17 00:00:00,10,-1.3210028186005989,-1.067621409125304,-0.02627945252890225,-0.5593107020700376,0.3656162753933856
2024-04-17 04:00:00,10,0.20819976002370666,-0.11470922649034766,0.10860350432134615,0.2925589143547924,-1.3210028186005989
2024-04-17 08:00:00,10,2.251258336143387,0.4298735193606373,-0.01369047786014957,0.15829799741063155,0.20819976002370666
2024-04-17 12:00:00,10,-1.0565549060739663,-1.4140392650103744,-0.1770787513278183,-1.2934616417665676,2.251258336143387
2024-04-17 16:00:00,10,-0.07210474563360769,-0.8364637971209473,0.08745497321465677,-0.6121254554271136,-1.0565549060739663
2024-04-17 20:00:00,10,-0.009030192177220897,-1.2244954453203518,0.008726142867162431,-0.5656275667470716,-0.07210474563360769
2024-04-18 00:00:00,10,-1.92373652861008,-1.3280367865075444,0.0036819201956047663,-0.5598043041181544,-0.009030192177220897
2024-04-18 04:00:00,10,0.9600148794397079,0.41262317831195144,0.15680555853080058,0.6807477035342853,-1.92373652861008
2024-04-18 08:00:00,10,0.6174358654538992,0.3105433757925157,-0.07381492840897902,0.06166688432999479,0.9600148794397079
2024-04-18 12:00:00,10,-0.11256501238228545,-0.20731729393574597,-0.04641806652961665,-0.3364964249870397,0.6174358654538992
2024-04-18 16:00:00,10,1.1854224791752728,-0.46103757696796,0.011961847024340024,-0.26390709166333437,-0.11256501238228545
2024-04-18 20:00:00,10,-1.7600841125187774,-1.3049258199419183,-0.09184131246754743,-1.028345576136946,1.1854224791752728
2024-04-19 00:00:00,10,-1.7519943942459903,-0.3433567816095967,0.14371788398905797,0.10667257575099143,-1.7600841125187774
2024-04-19 04:00:00,10,3.2863166703582696,0.22526114604665046,0.14307092989930253,1.236473944521597,-1.7519943942459903
2024-04-19 08:00:00,10,-0.5160745135591487,-1.5871882185146369,-0.25985483819209637,-0.882759475732783,3.2863166703582696
2024-04-19 12:00:00,10,0.29267696266648535,-1.0725974579860673,0.0442314654756643,-0.549960641603132,-0.5160745135591487
2024-04-19 16:00:00,10,0.695298158269118,-0.9881083451625138,-0.02044632149993244,-0.7386980223357504,0.29267696266648535
2024-04-19 20:00:00,10,-1.9819134191110077,-1.3922067478295839,-0.05264490003307634,-1.1870720659377607,0.695298158269118
2024-04-20 00:00:00,10,0.421850412845437,-0.5476072699285143,0.16145810339944433,0.09099623214039809,-1.9819134191110077
2024-04-22 04:00:00,10,-1.0928431101986362,-0.7618235085483106,-0.03077663079663686,-0.1810406964105855,0.421850412845437
2024-04-22 08:00:00,10,1.6036025217582566,0.4245962003522037,0.09035702756027081,0.5236965138276481,-1.0928431101986362
2024-04-22 12:00:00,10,-0.2505712307593768,-0.25423665977799215,-0.12528416915060883,-0.510412002727394,1.6036025217582566
2024-04-22 16:00:00,10,-0.025383191276780792,-0.09668248695856681,0.022998533887846843,-0.3488271709401243,-0.2505712307593768
2024-04-22 20:00:00,10,-1.2587369088320148,-0.7300193678589928,0.0049897085870517065,-0.332458417511198,-0.025383191276780792
2024-04-23 00:00:00,10,-0.639641956697286,-0.20092235216462603,0.10362395081666649,0.4792580395682968,-1.2587369088320148
2024-04-23 04:00:00,10,0.9931946276940593,0.41949286146559134,0.05411344900131525,0.8917412989743401,-0.639641956697286
2024-04-23 08:00:00,10,2.3601378764966796,0.5815914560803439,-0.07646839211517713,0.2512639929340512,0.9931946276940593
2024-04-23 12:00:00,10,0.4509490688491944,-0.955749698043784,-0.18578610819081395,-1.270708344483662,2.3601378764966796
2024-04-23 16:00:00,10,0.5171025529168123,-1.9772474202965789,-0.03310371980928445,-1.5615100028136908,0.4509490688491944
2024-04-23 20:00:00,10,-3.5849727564080123,-3.303845483106752,-0.038394171914778,-1.8949717844260814,0.5171025529168123
2024-04-24 00:00:00,10,-0.19326934112584837,-0.6553273784273803,0.2896585869531962,0.41685474909330367,-3.5849727564080123
2024-04-24 04:00:00,10,-1.056817796809515,0.16929000192943347,0.018415964928204503,0.541487548640216,-0.19326934112584837
2024-04-24 08:00:00,10,2.4045553839311324,0.8413870423920367,0.08747599721460175,1.2229932642394878,-1.056817796809515
2024-04-24 12:00:00,10,0.4753067014763559,0.13948448556001206,-0.1893382823361271,-0.3276224072331946,2.4045553839311324
2024-04-24 16:00:00,10,-0.1726538167690439,-0.3408527269588674,-0.03505165786021899,-0.6341314712333332,0.4753067014763559
2024-04-24 20:00:00,10,-0.39982326971629867,-0.9499542327715741,0.01676729221237551,-0.5227929194949379,-0.1726538167690439
2024-04-25 00:00:00,10,-0.9286691042359863,-0.8541590050330056,0.034934575879856856,-0.2649605435036779,-0.39982326971629867
2024-04-25 04:00:00,10,0.0005008652724747265,0.15873786628302888,0.07722764023088041,0.3339064554699931,-0.9286691042359863
2024-04-25 08:00:00,10,1.101015623488232,0.4928727507008971,0.00291969876973425,0.3335834645561686,0.0005008652724747265
2024-04-25 12:00:00,10,1.104386583578691,-0.39596267329743073,-0.08509109464181418,-0.37642392047897566,1.101015623488232
2024-04-25 16:00:00,10,-0.436064651375883,-1.0526680555398424,-0.08536067837061484,-1.0886051225861255,1.104386583578691
2024-04-25 20:00:00,10,-1.0014873447340857,-1.161874834738037,0.03783288572111882,-0.8074019169052189,-0.436064651375883
2024-04-26 00:00:00,10,-1.876258687722654,-1.0128278293847162,0.08305108882457408,-0.16157692077332975,-1.0014873447340857
2024-04-26 04:00:00,10,1.3413075288342888,0.562536898073431,0.1530086422107103,1.0483582482653233,-1.876258687722654
2024-04-26 08:00:00,10,1.7615830262355363,0.4406323309586865,-0.10430781216604479,0.1833948174482476,1.3413075288342888
2024-04-26 12:00:00,10,-0.9683210479139994,-0.5160024822170993,-0.13791824737518832,-0.9525899327201568,1.7615830262355363
2024-04-26 16:00:00,10,1.210034796403999,-0.22029877410329676,0.08039870086169822,-0.3281527490535634,-0.9683210479139994
2024-04-26 20:00:00,10,-1.5798130068042777,-1.5710651470093937,-0.09380961825429476,-1.1084628766014664,1.210034796403999
2024-04-27 00:00:00,10,-0.7879046737394404,-0.10063682989680324,0.12930117315018366,-0.08969540602560322,-1.5798130068042777
2024-04-29 04:00:00,10,0.45531896427507235,0.013664688066906504,0.06597037255714974,0.41839741765873484,-0.7879046737394404
2024-04-29 08:00:00,10,1.277570422303775,0.4330944731239458,-0.03345319078246845,0.12477776296424459,0.45531896427507235
2024-04-29 12:00:00,10,0.08262197155362294,0.17363961663128694,-0.09921060354287142,-0.6990837839448982,1.277570422303775
2024-04-29 16:00:00,10,-0.18324005752713823,-0.2832579159081614,-0.003647722217291695,-0.7523638725447146,0.08262197155362294
2024-04-29 20:00:00,10,-1.7499316984597506,-0.817202221953154,0.01761389916735729,-0.6341986155737516,-0.18324005752713823
2024-04-30 00:00:00,10,0.009630210918889048,-0.1736110605664242,0.14290597119124493,0.49427259110826327,-1.7499316984597506
2024-04-30 04:00:00,10,0.1254881285356646,0.6343618246279332,0.002189603196121173,0.48806239687850805,0.009630210918889048
2024-04-30 08:00:00,10,1.0733803323553452,0.975158025836078,-0.007075831162064095,0.40713938716472775,0.1254881285356646
2024-04-30 12:00:00,10,1.173756947029256,-0.015261113338308816,-0.08288103441262853,-0.2850469421348194,1.0733803323553452
2024-04-30 16:00:00,10,-0.40268761980849277,-0.8626020950676713,-0.09090839200276109,-1.0419627232086413,1.173756947029256
2024-04-30 20:00:00,10,-1.3137737832784229,-1.1942451501163713,0.035163644797234356,-0.7822832256367249,-0.40268761980849277
2024-05-01 00:00:00,10,-1.0959204847159327,-0.750817120599005,0.1080253811025932,0.06492463272043736,-1.3137737832784229
2024-05-01 04:00:00,10,0.483108933722864,0.16461336305938148,0.09060313254965856,0.7716463367180584,-1.0959204847159327
2024-05-01 08:00:00,10,1.390791240384754,0.6819614907009365,-0.03567562100589243,0.4601058795236703,0.483108933722864
2024-05-01 12:00:00,10,-1.08858402414236,-0.4428689583306785,-0.10826514275338328,-0.43676790741393745,1.390791240384754
2024-05-01 16:00:00,10,-0.022780936701693122,-0.01599707308164967,0.09001641827700355,0.2652227636390716,-1.08858402414236
2024-05-01 20:00:00,10,3.0132310258706596,-0.23460504955913827,0.004781600074101264,0.27991341193793495,-0.022780936701693122
2024-05-02 00:00:00,10,-1.2276304740577615,-3.0453613938035473,-0.23801552703226672,-1.6632163997963456,3.0132310258706596
2024-05-02 04:00:00,10,-2.282084809202445,-0.9713720529668443,0.10113629494086052,-0.8715594204759967,-1.2276304740577615
2024-05-02 08:00:00,10,2.3698649867168893,0.3225264545033653,0.18546352632010218,0.6000791587085885,-2.282084809202445
2024-05-02 12:00:00,10,-0.09851630454506122,-0.48926147707690937,-0.1865640084249464,-0.928165859989992,2.3698649867168893
2024-05-02 16:00:00,10,0.12458467055618527,-0.8596856301063368,0.010838338308140932,-0.8646360587036508,-0.09851630454506122
2024-05-02 20:00:00,10,-1.7377236059407775,-1.4579825500268093,-0.0070035794698497305,-0.9449764592120626,0.12458467055618527
2024-05-03 00:00:00,10,-0.1913435430880419,-0.571950855423232,0.14192966087771638,0.17562216540957998,-1.7377236059407775
2024-05-03 04:00:00,10,-0.2778665964002691,-0.3350885112683237,0.018261954260021786,0.29901308355194267,-0.1913435430880419
2024-05-03 08:00:00,10,0.6611557773889203,0.7899352530972182,0.025181409463643778,0.4781997647306593,-0.2778665964002691
2024-05-03 12:00:00,10,2.654198351004098,0.44125286096037736,-0.049914452296875814,0.051842976879136415,0.6611557773889203
2024-05-03 16:00:00,10,-0.786109105581227,-3.3125677289449196,-0.20930282659841973,-1.6597589208219574,2.654198351004098
2024-05-03 20:00:00,10,-2.3514578225580234,-1.9318453169995191,0.0658267766834469,-1.1528239977390893,-0.786109105581227
2024-05-04 00:00:00,10,0.03380439633098575,-0.33494088208908374,0.19101145187148075,0.36355086924543834,-2.3514578225580234
2024-05-06 04:00:00,11,-0.1043560757283295,0.4554774324766855,-0.0014012808682290112,0.3911160420088535,0.03380439633098575
2024-05-06 08:00:00,11,0.7500073539721406,1.064367403478351,0.011597840166252827,0.4600923177813563,-0.1043560757283295
2024-05-06 12:00:00,11,-0.4957286656362143,0.26145753105027336,-0.06878675511323777,-0.03564033331663374,0.7500073539721406
2024-05-06 16:00:00,11,0.29119957008134634,0.5410662627031958,0.0484209603391996,0.29202163471553355,-0.4957286656362143
2024-05-06 20:00:00,11,-0.7402924561758901,0.17477453730812137,-0.02561885169294325,0.09954734214962002,0.29119957008134634
2024-05-07 00:00:00,11,-0.012698585374138815,0.18838747148962534,0.07143126326080548,0.5888587334903885,-0.7402924561758901
2024-05-07 04:00:00,11,-0.06288800802479955,1.0263136941202495,0.0029740507924046105,0.5972521223810112,-0.012698585374138815
2024-05-07 08:00:00,11,1.0970096097972686,1.1467262446311504,0.00769622906787117,0.6388192333903842,-0.06288800802479955
2024-05-07 12:00:00,11,-0.9926292423459167,0.2743482660607956,-0.10143519830017564,-0.0862716330719362,1.0970096097972686
2024-05-07 16:00:00,11,1.0905210404948242,0.6486356688950128,0.09517290496182758,0.5698269015083106,-0.9926292423459167
2024-05-07 20:00:00,11,-0.0854110518793405,-0.1898577590361238,-0.1008247074959253,-0.15097521279031412,1.0905210404948242
2024-05-08 00:00:00,11,-1.669999061931204,-0.0925714091353079,0.009815357417435753,-0.0945210367652809,-0.0854110518793405
2024-05-08 04:00:00,11,-0.1626758138401101,1.11267978353369,0.1589046810527055,1.009298889689818,-1.669999061931204
2024-05-08 08:00:00,11,1.7801107229158148,1.3462670917264445,0.01708497641524341,1.1168227853388153,-0.1626758138401101
2024-05-08 12:00:00,11,0.13044494225166048,0.3877973647893109,-0.16570621529847454,-0.05977768830373442,1.7801107229158148
2024-05-08 16:00:00,11,-0.0957559783407973,0.06909614083336219,-0.010493911593476672,-0.14599793228169133,0.13044494225166048
2024-05-08 20:00:00,11,-1.3779334327219708,-0.2509902485810654,0.01078868176383461,-0.08270606620869714,-0.0957559783407973
2024-05-09 00:00:00,11,-0.2544934483385326,0.5982819745081199,0.13142506689451883,0.8280671282434593,-1.3779334327219708
2024-05-09 04:00:00,11,0.18028390886889767,1.1186412315528684,0.02572383329054703,0.9962797613113423,-0.2544934483385326
2024-05-09 08:00:00,11,1.1752055194148525,1.2857491904424836,-0.015183116469765924,0.8771174362747178,0.18028390886889767
2024-05-09 12:00:00,11,2.9073263115680064,0.49453760638603966,-0.10879242630012037,0.10034138916124569,1.1752055194148525
2024-05-09 16:00:00,11,-2.07825662122921,-1.7093126630438438,-0.2717626846376482,-1.8213152084807067,2.9073263115680064
2024-05-09 20:00:00,11,-1.153082778509324,-0.9600922538320532,0.1973164593815934,-0.4476491250116421,-2.07825662122921
2024-05-10 00:00:00,11,-0.9121279491333887,0.15429328817016794,0.11026951621329523,0.31450444548134193,-1.153082778509324
2024-05-10 04:00:00,11,-0.04934600120258992,0.8709279161684024,0.08759877005692727,0.9173940091232247,-0.9121279491333887
2024-05-10 08:00:00,11,2.1401863046104843,1.2031909067265105,0.0064221006351302444,0.9500102546409366,-0.04934600120258992
2024-05-10 12:00:00,11,-0.8786192496610283,0.01125418242587096,-0.19958469007670887,-0.4645895156268818,2.1401863046104843
2024-05-10 16:00:00,11,1.5816376504893324,0.21294116534195326,0.08444603299938246,0.11615178995285902,-0.8786192496610283
2024-05-10 20:00:00,11,-2.694574873925573,-1.1077338583765957,-0.1470324553430968,-0.9292638601750145,1.5816376504893324
2024-05-11 00:00:00,11,-0.32159752296030675,0.4922529383112325,0.255304069319122,0.8517703373680305,-2.694574873925573
2024-05-13 04:00:00,11,0.4358856349699636,1.0096081895530562,0.03203746247054034,1.0643367766160132,-0.32159752296030675
2024-05-13 08:00:00,11,1.2749040533933993,0.7432924099038661,-0.03923194696872201,0.7762292797297672,0.4358856349699636
2024-05-13 12:00:00,11,-0.41254064455059236,0.292850520228539,-0.11817277431739648,-0.06644454598282579,1.2749040533933993
2024-05-13 16:00:00,11,1.0155338723090637,0.40513292108787075,0.0405940389441513,0.20623260354861017,-0.41254064455059236
2024-05-13 20:00:00,11,-0.9796437561291036,-0.5183915331643038,-0.09376938073892595,-0.46500521316522203,1.0155338723090637
2024-05-14 00:00:00,11,-1.1901005740529342,0.12338311066395719,0.09395113795055478,0.18251029956335252,-0.9796437561291036
2024-05-14 04:00:00,11,-0.28567772894761845,1.332609048962412,0.11375241401704986,0.9691315367071347,-1.1901005740529342
2024-05-14 08:00:00,11,3.561490244811658,1.7603137420877055,0.028657872469544033,1.1579560558012716,-0.28567772894761845
2024-05-14 12:00:00,11,-0.5581456212961076,-0.08019179378731386,-0.33331108569534124,-1.196083530036832,3.561490244811658
2024-05-14 16:00:00,11,-0.35273781009576766,-0.5325717733838576,0.054293591990881435,-0.8271658026592803,-0.5581456212961076
2024-05-14 20:00:00,11,-2.431356064630924,-0.8918120102139603,0.03496736243026678,-0.5940165557683361,-0.35273781009576766
2024-05-15 00:00:00,11,-0.1761019414037044,0.3151684566228875,0.23053856939303335,1.0130378034978982,-2.431356064630924
2024-05-15 04:00:00,11,0.18559690625169623,1.1024094475390191,0.018348202102172348,1.129435971880131,-0.1761019414037044
2024-05-15 08:00:00,11,1.6522250350300212,1.2857157325231856,-0.015683001096717927,1.0067619129066276,0.18559690625169623
2024-05-15 12:00:00,11,1.6835033390547558,0.5712679718707906,-0.1536738191244683,-0.0853099081069093,1.6522250350300212
2024-05-15 16:00:00,11,-0.08418550303231243,-1.8206135384089392,-0.15661670469593833,-1.1980557618401413,1.6835033390547558
2024-05-15 20:00:00,11,-2.1556761388616117,-1.4642196243265566,0.009700049054929953,-1.1424116373109623,-0.08418550303231243
2024-05-16 00:00:00,11,-0.17088784199007634,-0.32469565269057804,0.20460063889498364,0.28242645469825334,-2.1556761388616117
2024-05-16 04:00:00,11,0.01359741471247844,0.5313676942226475,0.01785762250039976,0.39537825777257574,-0.17088784199007634
2024-05-16 08:00:00,11,0.3114509030040331,0.7377166049441302,0.0004999358537850474,0.3863907693062334,0.01359741471247844
2024-05-16 12:00:00,11,0.39847578260618377,0.5233755681203963,-0.027524241301474503,0.1805309453787114,0.3114509030040331
2024-05-16 16:00:00,11,0.4346212222309429,0.09491851996546609,-0.0357121616675391,-0.0828497469085363,0.39847578260618377
2024-05-16 20:00:00,11,-1.4288278528679523,-0.41964113844091083,-0.03911298201451273,-0.3701215044171935,0.4346212222309429
2024-05-17 00:00:00,11,-0.37347347146782894,-0.11030164307725038,0.13621357635454262,0.5742913946211115,-1.4288278528679523
2024-05-17 04:00:00,11,0.41849869906893034,1.1674825128049362,0.036918321108156446,0.8211462996363412,-0.37347347146782894
2024-05-17 08:00:00,11,0.7738245316128136,1.0176984201045485,-0.03759606022899463,0.5445310525034355,0.41849869906893034
2024-05-17 12:00:00,11,-0.1415241813869308,0.20708702859800218,-0.07102764478476369,0.03305595228017921,0.7738245316128136
2024-05-17 16:00:00,11,1.1693289637028226,0.38201638586641057,0.015094880215965016,0.1265992452383724,-0.1415241813869308
2024-05-17 20:00:00,11,-1.779419762554463,-0.6750054418821954,-0.10823951809252712,-0.6462925725711859,1.1693289637028226
2024-05-18 00:00:00,11,0.5158002490404563,-0.002629937745815211,0.16919975973822773,0.5298511967338353,-1.779419762554463
2024-05-20 04:00:00,11,-1.0167945852680411,0.1672188291103876,-0.04675088292227211,0.18892250644885067,0.5158002490404563
2024-05-20 08:00:00,11,1.311093896732416,1.3390732289854828,0.0974465525022731,0.8609936170952288,-1.0167945852680411
2024-05-20 12:00:00,11,-0.9016105302965585,0.37604681877321816,-0.12157777248200065,-0.00560062337897449,1.311093896732416
2024-05-20 16:00:00,11,0.11264197256437214,0.6835335412423965,0.08660921639955703,0.5903372378628227,-0.9016105302965585
2024-05-20 20:00:00,11,-0.029233278622207592,0.07097589366554316,-0.00881888143261476,0.5158842296509629,0.11264197256437214
2024-05-21 00:00:00,11,-1.3459587918121656,0.10253970934643063,0.004529752474629602,0.5352065611386756,-0.029233278622207592
2024-05-21 04:00:00,11,1.3122661022529947,1.2951863041589535,0.128416664990375,1.424845464810648,-1.3459587918121656
2024-05-21 08:00:00,11,1.2649502116180553,1.1226817919075767,-0.12168806192450304,0.5574764311997242,1.3122661022529947
2024-05-21 12:00:00,11,-0.23821964428806375,0.44068069558108214,-0.1172362460031314,-0.27861819986128644,1.2649502116180553
2024-05-21 16:00:00,11,-0.060832619151195644,0.3110681568471629,0.024192677921791018,-0.1211620693565596,-0.23821964428806375
2024-05-21 20:00:00,11,-1.1204510543660646,-0.057827798445657365,0.007502843446479882,-0.08095350952665648,-0.060832619151195644
2024-05-22 00:00:00,11,-0.9677857465275324,0.39485751113690115,0.10719929123954194,0.6596314576269577,-1.1204510543660646
2024-05-22 04:00:00,11,0.8334494340771421,1.524849732949671,0.09283545196786144,1.2993091771587064,-0.9677857465275324
2024-05-22 08:00:00,11,3.407165310944986,1.2119268716532017,-0.07663758018995126,0.7484237820715975,0.8334494340771421
2024-05-22 12:00:00,11,-1.603573181953152,-0.7969468096337964,-0.3187910969889476,-1.5036115924863491,3.407165310944986
2024-05-22 16:00:00,11,-0.10252299010766919,-0.16213237849706966,0.15265486125413133,-0.4436972056351465,-1.603573181953152
2024-05-22 20:00:00,11,-0.08199245683769085,-0.34143619182216617,0.011425370417891649,-0.37593254517495645,-0.10252299010766919
2024-05-23 00:00:00,11,-2.861483935178546,-0.8356251268329531,0.009493711652537058,-0.32173795923800874,-0.08199245683769085
2024-05-23 04:00:00,11,1.5097475725383127,0.9406455239665581,0.2710080623399887,1.5696181851352904,-2.861483935178546
2024-05-23 08:00:00,11,1.6661454830463676,0.4610075232258184,-0.14026852488936736,0.571719747660806,1.5097475725383127
2024-05-23 12:00:00,11,-0.5067269949915527,0.2295485143632121,-0.15498355399958522,-0.5295530772669839,1.6661454830463676
2024-05-23 16:00:00,11,1.038253273808266,0.03857778757082542,0.049455761482653696,-0.1946215392231423,-0.5067269949915527
2024-05-23 20:00:00,11,-1.4781992220121545,-1.3404922976660736,-0.09590698381393807,-0.8808762075410446,1.038253273808266
2024-05-24 00:00:00,11,-1.6281091826787453,-0.4403289169756696,0.14085878633086663,0.09616970447316042,-1.4781992220121545
2024-05-24 04:00:00,11,0.3214392117681264,1.113339652123462,0.15496338292013426,1.1723016612223418,-1.6281091826787453
2024-05-24 08:00:00,11,1.3911228099548403,1.2822267626108244,-0.02846401251547616,0.9598398609843386,0.3214392117681264
2024-05-24 12:00:00,11,0.0021933372400511075,0.21729022789250768,-0.1291074625136742,0.04034887875669746,1.3911228099548403
2024-05-24 16:00:00,11,0.6929163725501528,0.1901346959588698,0.0015729126693755928,0.03889914779205661,0.0021933372400511075
2024-05-24 20:00:00,11,-1.5358374819367508,-0.8007635239204334,-0.06341522904344293,-0.41909805521436816,0.6929163725501528
2024-05-25 00:00:00,11,-0.2357979504803609,0.41367000494213285,0.14628180425928747,0.5960450397751345,-1.5358374819367508
2024-05-27 04:00:00,11,-1.1063516174811845,0.9006995725712387,0.023964827723788874,0.751900502386297,-0.2357979504803609
2024-05-27 08:00:00,11,1.9326989339049483,1.6574522507842673,0.10587271581711644,1.4831661592839342,-1.1063516174811845
2024-05-27 12:00:00,11,0.1620234821404054,0.7070660045946336,-0.18006280074956676,0.20570939675391386,1.9326989339049483
2024-05-27 16:00:00,11,0.22149939179480072,0.8395342578597399,-0.013465045492974167,0.0986166730410023,0.1620234821404054
2024-05-27 20:00:00,11,-1.9266781184624016,0.15731762455954085,-0.01906096259364438,-0.04778786570050464,0.22149939179480072
2024-05-28 04:00:00,11,0.7683983370860794,1.146430171412382,0.1830548744700613,1.2256893161156768,-1.9266781184624016
2024-05-28 08:00:00,11,0.4853765372717014,1.2258070191150399,-0.07051710976444775,0.7178007697893456,0.7683983370860794
2024-05-28 12:00:00,11,0.5725549352005608,0.4867446306978551,-0.043888403475687385,0.3969812520497893,0.4853765372717014
2024-05-28 16:00:00,11,0.46063443335548726,0.011340532078822053,-0.052090767939113214,0.018539394882672866,0.5725549352005608
2024-05-28 20:00:00,11,-1.3850973656560122,-0.17848144949386158,-0.04156049015387625,-0.28592632485321445,0.46063443335548726
2024-05-29 00:00:00,11,-0.7321772601026595,-0.09393655875206201,0.13209910071840827,0.6295820171236599,-1.3850973656560122
2024-05-29 04:00:00,11,0.9022558810227359,1.1739597033021312,0.07066772782695731,1.1135295041743483,-0.7321772601026595
2024-05-29 08:00:00,11,0.654560645101391,0.8527735305956307,-0.08311138068054622,0.5171650852132412,0.9022558810227359
2024-05-29 12:00:00,11,0.5111164610669583,0.3885658624144386,-0.05980644907880879,0.08451988222690332,0.654560645101391
2024-05-29 16:00:00,11,0.4430708615060066,0.1293689385448777,-0.046310198797067256,-0.2533129629080495,0.5111164610669583
2024-05-29 20:00:00,11,-1.1630476900163575,-0.5094253217148497,-0.039907984246316835,-0.5461696817593715,0.4430708615060066
2024-05-30 00:00:00,11,-0.8083677181820157,0.022105865144307166,0.11120708604674381,0.22257040015003682,-1.1630476900163575
2024-05-30 04:00:00,11,0.3480242261035329,0.8186264328819358,0.07783626866562035,0.7568775237723049,-0.8083677181820157
2024-05-30 08:00:00,11,2.0323482383733253,0.9999563972310631,-0.030965319972655506,0.5268438163174327,0.3480242261035329
2024-05-30 12:00:00,11,-0.5298260769295808,-0.2815727692154103,-0.189438516903969,-0.8164781855633141,2.0323482383733253
2024-05-30 16:00:00,11,-0.6245570857008804,-0.22224747534606273,0.051629087597006657,-0.4662788383887726,-0.5298260769295808
2024-05-30 20:00:00,11,-1.4195969392439558,-0.24584350184947878,0.060542055469670036,-0.05346509967437463,-0.6245570857008804
2024-05-31 00:00:00,11,-0.4146462658927632,0.3618295637960874,0.13534506626863568,0.8848464388124047,-1.4195969392439558
2024-05-31 04:00:00,11,1.0720043001486488,0.8613019005794087,0.04079215079388439,1.1589153416975044,-0.4146462658927632
2024-05-31 08:00:00,11,0.8217470680389276,0.7526046591333189,-0.09908252070880524,0.45035224443369337,1.0720043001486488
2024-05-31 12:00:00,11,1.1592531103841086,0.19452027729131882,-0.07553653826201653,-0.09279823324291492,0.8217470680389276
2024-05-31 16:00:00,11,0.07528508297325409,-1.0712123042883008,-0.10729151006343311,-0.8590302103838354,1.1592531103841086
2024-05-31 20:00:00,11,-2.090744227635998,-1.1492147591505115,-0.005304079246225032,-0.9087914208210464,0.07528508297325409
2024-06-01 00:00:00,11,-0.37625415057740597,-0.7026402817690829,0.19849138231500027,0.4731286006889164,-2.090744227635998
2024-06-03 04:00:00,12,-0.2824664700777717,0.2627049263117768,0.02960149183111522,0.6606769858090988,-0.37625415057740597
2024-06-03 08:00:00,12,1.8279235910958889,1.0061952663551814,0.020815911134588284,0.844576968176046,-0.2824664700777717
2024-06-03 12:00:00,12,-0.0034293862846279666,-0.11883814913221914,-0.17687532170981404,-0.34549389608655723,1.8279235910958889
2024-06-03 16:00:00,12,1.7077936924180328,-0.11403820473160557,-0.005322946377702708,-0.34326119187533166,-0.0034293862846279666
2024-06-03 20:00:00,12,-3.0183806978013497,-1.6089159007810836,-0.16562212818506294,-1.4551214060649595,1.7077936924180328
2024-06-04 00:00:00,12,0.21909154817168286,-0.37489132819858106,0.2771032518427893,0.5099973457273173,-3.0183806978013497
2024-06-04 04:00:00,12,-1.121761661979761,0.5857880890422515,-0.026167641714209332,0.36735764822826056,0.21909154817168286
2024-06-04 08:00:00,12,1.9924263375995714,1.2763973390684376,0.09943706475924521,1.0976813209855845,-1.121761661979761
2024-06-04 12:00:00,12,0.22150653376748153,-0.02789397957317853,-0.19228515108728814,-0.19948916530653626,1.9924263375995714
2024-06-04 16:00:00,12,0.1268390412802436,-0.004007559416954702,-0.026393865997823236,-0.3437011407767141,0.22150653376748153
2024-06-04 20:00:00,12,-1.860337961729643,-0.762625243672295,-0.017525868728312667,-0.42627978258313703,0.1268390412802436
2024-06-05 00:00:00,12,-0.3684141906263392,-0.16456012282979016,0.16862335497803527,0.7848944791423271,-1.860337961729643
2024-06-05 04:00:00,12,0.08962260759732033,0.940206918195492,0.028867081933773686,1.0247507818789412,-0.3684141906263392
2024-06-05 08:00:00,12,1.7507494278510514,1.0545697637191451,-0.014039611475585956,0.9664019238630175,0.08962260759732033
2024-06-05 12:00:00,12,-0.3033804885895144,0.053210768692403244,-0.16964601573633806,-0.17342465032153775,1.7507494278510514
2024-06-05 16:00:00,12,2.2569141306384424,0.2682699148246377,0.022775036217378766,0.024091417644781288,-0.3033804885895144
2024-06-05 20:00:00,12,-2.730510670935157,-1.6074288583879115,-0.21706110072811943,-1.4452740214243143,2.2569141306384424
2024-06-06 00:00:00,12,-1.2354464283132671,-0.2902970182066182,0.25013696653035766,0.3324267587761849,-2.730510670935157
2024-06-06 04:00:00,12,0.48332890109297466,0.6694243661603585,0.11008650915607857,1.136764973926331,-1.2354464283132671
2024-06-06 08:00:00,12,1.6355066490325747,1.1509362397585214,-0.05092013132435306,0.8220933728546669,0.48332890109297466
2024-06-06 12:00:00,12,0.19907699994394612,0.1840912168724972,-0.15885062419228896,-0.2427043138771552,1.6355066490325747
2024-06-06 16:00:00,12,0.06496490407845101,0.14789776119296866,-0.024292774699452558,-0.3723135265007862,0.19907699994394612
2024-06-06 20:00:00,12,-0.4768722821298734,-0.7870883206151547,-0.01172979591236913,-0.4146089703147311,0.06496490407845101
2024-06-07 00:00:00,12,-1.5832161958182702,-0.5726374636633357,0.03902691646661852,-0.1041409552939605,-0.4768722821298734
2024-06-07 04:00:00,12,-0.3174427509390334,1.3857679473231883,0.14266391527115493,0.926612997250853,-1.5832161958182702
2024-06-07 08:00:00,12,1.9349880943898299,1.4897730492423,0.02409232160058977,1.133284310430538,-0.3174427509390334
2024-06-07 12:00:00,12,3.04692479042288,0.3577248013816571,-0.18690461157402133,-0.12649096958966055,1.9349880943898299
2024-06-07 16:00:00,12,-2.0815485317711886,-2.336526769429472,-0.2910655154409849,-2.1101933717824046,3.04692479042288
2024-06-07 20:00:00,12,-1.3670600722739081,-1.1034665531934968,0.18934530165238875,-0.7549998219664928,-2.0815485317711886
2024-06-08 00:00:00,12,-0.27188076992230137,-0.9884851788682715,0.12241544493549242,0.13502554322644578,-1.3670600722739081
2024-06-10 04:00:00,12,-0.19858960402603643,0.32703704678252066,0.019824293446106426,0.31203369849831475,-0.27188076992230137
2024-06-10 08:00:00,12,0.9788484369693542,1.0961465968972783,0.012958728065942348,0.44132559168688346,-0.19858960402603643
2024-06-10 12:00:00,12,0.6857582408198439,0.3611171333614509,-0.09733802806682001,-0.19595433130367645,0.9788484369693542
2024-06-10 16:00:00,12,-1.0575725774764386,-0.06085755852960263,-0.06988274229885104,-0.64241768803425,0.6857582408198439
2024-06-10 20:00:00,12,-0.5689277329138918,0.13210485856088872,0.09342413876794378,0.04611563875719327,-1.0575725774764386
2024-06-11 00:00:00,12,-1.2138649431010542,-0.19551304750293974,0.047650230180207066,0.4165164159613859,-0.5689277329138918
2024-06-11 04:00:00,12,0.2334293700158021,1.3083056416750836,0.1080648589897378,1.2068039908748869,-1.2138649431010542
2024-06-11 08:00:00,12,2.400108651508525,1.3294359341254653,-0.027510740191033563,1.0548296449710541,0.2334293700158021
2024-06-11 12:00:00,12,-0.11532190816093824,-0.08044399023570427,-0.23047487758775215,-0.5077626817204948,2.400108651508525
2024-06-11 16:00:00,12,0.592636502414436,-0.2888646206970679,0.005158609142652258,-0.4326822770569603,-0.11532190816093824
2024-06-11 20:00:00,12,-1.608245096363154,-1.0665994126374783,-0.06115954386806382,-0.8185186643422071,0.592636502414436
2024-06-12 00:00:00,12,-1.4538267492216441,-0.19872445930340535,0.14500850279385502,0.22853037047414482,-1.608245096363154
2024-06-12 04:00:00,12,-0.3958611996766699,1.2851187030593716,0.13054333164761545,1.1750452381426637,-1.4538267492216441
2024-06-12 08:00:00,12,2.248098344619045,1.7952080393265826,0.03143818627930579,1.4327709342943322,-0.3958611996766699
2024-06-12 12:00:00,12,3.138252632250561,0.48021991291520044,-0.2162352801185882,-0.030854981449849106,2.248098344619045
2024-06-12 16:00:00,12,-1.8645393068923202,-3.0495328457523967,-0.29962067023255556,-2.07401643553324,3.138252632250561
2024-06-12 20:00:00,12,-0.10442914044523022,-1.6044776387828144,0.16901691686978937,-0.8601068852578777,-1.8645393068923202
2024-06-13 00:00:00,12,-3.119472755170907,-1.7875982406329087,0.004138226835881708,-0.7921182242278242,-0.10442914044523022
2024-06-13 04:00:00,12,0.44657303167455353,0.4921380360365586,0.286573071578886,1.238816578448585,-3.119472755170907
2024-06-13 08:00:00,12,1.4384454392269603,1.101777376764626,-0.04747701752597092,0.9480749104980735,0.44657303167455353
2024-06-13 12:00:00,12,0.9009575684192086,0.3751452169770394,-0.1403908739172067,0.011574054885654661,1.4384454392269603
2024-06-13 16:00:00,12,0.20041268075957674,-0.4846234966083423,-0.09004158457312957,-0.5749949665633043,0.9009575684192086
2024-06-13 20:00:00,12,-1.9232782149601952,-1.1971208203912225,-0.0244178948807814,-0.7054737750663129,0.20041268075957674
2024-06-14 00:00:00,12,-1.0578439065773466,0.23481540845721727,0.1745192964372018,0.5466777801980367,-1.9232782149601952
2024-06-14 04:00:00,12,1.4859800291078606,1.3131700169408702,0.09344955557853814,1.235387755980275,-1.0578439065773466
2024-06-14 08:00:00,12,0.005687103507423075,1.4381291573751667,-0.14484368662192637,0.2679394741529464,1.4859800291078606
2024-06-14 12:00:00,12,2.0761409446791497,0.1824320228625094,-0.00617693547638226,0.2642368816489711,0.005687103507423075
2024-06-14 16:00:00,12,-0.6338685027844484,-0.6941603197002723,-0.20012713451259043,-1.0874360550102722,2.0761409446791497
2024-06-14 20:00:00,12,-2.1084512130061484,-1.1315748158752124,0.053733570456381025,-0.6747555465841639,-0.6338685027844484
2024-06-15 00:00:00,12,0.2624423300827381,0.11448103618217113,0.19186541597533122,0.6979530116622037,-2.1084512130061484
2024-06-17 04:00:00,12,-0.5562306356459068,0.35706584416078196,-0.030228535327401964,0.5270897588971319,0.2624423300827381
2024-06-17 08:00:00,12,1.627919872979188,1.264407432676834,0.046460826923134635,0.8892240825181759,-0.5562306356459068
2024-06-17 12:00:00,12,-0.10280263579689475,-0.08942856997621067,-0.15813993134981305,-0.17063422864083755,1.627919872979188
2024-06-17 16:00:00,12,-0.0974467012186011,0.08890818544423362,0.003985863670857244,-0.10370450453900126,-0.10280263579689475
2024-06-17 20:00:00,12,-1.2542868589129341,-0.5639343984752518,0.003484145372758367,-0.04026176519056257,-0.0974467012186011
2024-06-18 00:00:00,12,0.079472224304034,-0.25124541235151765,0.11185139045508175,0.7763425247758651,-1.2542868589129341
2024-06-18 04:00:00,12,-0.6807182994100103,0.38425738831548023,-0.013088772185726414,0.7246020805236668,0.079472224304034
2024-06-18 08:00:00,12,2.3178053519712556,0.8819989874978708,0.05812223500887899,1.167784180062391,-0.6807182994100103
2024-06-18 12:00:00,12,0.5551112514081975,-0.059334551893081275,-0.22276509869330632,-0.3412245289718907,2.3178053519712556
2024-06-18 16:00:00,12,0.33648606780417545,-0.2870764190508669,-0.057644358087624116,-0.7026300767438247,0.5551112514081975
2024-06-18 20:00:00,12,-1.902182889475334,-0.9836125661436771,-0.03716459803157237,-0.921699553977259,0.33648606780417545
2024-06-19 00:00:00,12,-2.3225327249712215,-0.018318577146134538,0.1725431873855714,0.3167178756628264,-1.902182889475334
2024-06-19 04:00:00,12,1.4494595899853095,1.3160506763670312,0.21191954663496493,1.82880434401876,-2.3225327249712215
2024-06-19 08:00:00,12,1.9690025983939403,1.1976496028091368,-0.14142262680602632,0.8851327182625788,1.4494595899853095
2024-06-19 12:00:00,12,-0.9081061556053189,0.3564538798058444,-0.1900909273906452,-0.396787727110711,1.9690025983939403
2024-06-19 16:00:00,12,-0.733926861077606,0.8610462800826619,0.07942284026291271,0.1944353867588866,-0.9081061556053189
2024-06-19 20:00:00,12,-0.2782161199961841,1.1420838891450231,0.06310655821408519,0.6722589556010199,-0.733926861077606
2024-06-20 04:00:00,12,0.6067020134705707,1.2902362191157768,0.0204177586967484,0.853391744733166,-0.2782161199961841
2024-06-20 08:00:00,12,0.6013513873798715,0.7149438005699877,-0.06247713357455033,0.45839799716195984,0.6067020134705707
2024-06-20 12:00:00,12,0.8263597221707109,0.2466032581408015,-0.061975912550143356,0.06688777824978587,0.6013513873798715
2024-06-20 16:00:00,12,-0.5046851796139364,-0.4745679833006207,-0.0830536156361449,-0.4711142660073886,0.8263597221707109
2024-06-20 20:00:00,12,-0.0489017477510032,-0.7707070278403391,0.04163229548813532,-0.14253864566452634,-0.5046851796139364
2024-06-21 00:00:00,12,-1.5665959022608718,-0.3644794580917783,-0.0010633133534481056,-0.11070113041308183,-0.0489017477510032
2024-06-21 04:00:00,12,-1.006485865651932,1.0635776814998923,0.14110700577653257,0.9092321690067866,-1.5665959022608718
2024-06-21 08:00:00,12,3.196855869784441,1.684889551572302,0.08863858029306317,1.5645054582400544,-1.006485865651932
2024-06-21 12:00:00,12,-0.0010856992231236262,-0.05529419854107906,-0.30511034083416133,-0.5168096724413402,3.196855869784441
2024-06-21 16:00:00,12,0.6184964939527866,-0.48501399497730274,-0.005542491756120854,-0.5161028272432766,-0.0010856992231236262
2024-06-21 20:00:00,12,-2.0495455417510335,-1.076373285345345,-0.0635819840143746,-0.9187753791416302,0.6184964939527866
2024-06-22 00:00:00,12,-0.016124997197398017,0.07678900856294377,0.18634741483127992,0.41558260283228243,-2.0495455417510335
2024-06-24 04:00:00,12,-0.6463134723466766,0.28812074885751154,-0.004133682355267648,0.4260807929341084,-0.016124997197398017
2024-06-24 08:00:00,12,0.9654072905991242,0.994855481346123,0.054899355597588385,0.8468636070335993,-0.6463134723466766
2024-06-24 12:00:00,12,-0.5536730901974636,0.4336292744235819,-0.09607892585360402,0.2183345512868442,0.9654072905991242
2024-06-24 16:00:00,12,1.5327231730680406,0.08554885714791947,0.04622124831534061,0.5788037832503132,-0.5536730901974636
2024-06-24 20:00:00,12,-0.5413474582639299,-0.8725438228079596,-0.14922236046356316,-0.419076653401218,1.5327231730680406
2024-06-25 00:00:00,12,-0.018552234957500247,-0.45436992818731586,0.04506664215160068,-0.06663203226895398,-0.5413474582639299
2024-06-25 04:00:00,12,-1.1479418486156767,0.36372428866944984,-0.003906310347585694,-0.05455358741632388,-0.018552234957500247
2024-06-25 08:00:00,12,1.0310714662566909,1.0393136184094733,0.10188949924866486,0.6928147131843794,-1.1479418486156767
2024-06-25 12:00:00,12,0.02769285307601166,0.2294456429055693,-0.10223003131902514,0.021534952399104412,1.0310714662566909
2024-06-25 16:00:00,12,0.5043517996479423,0.11829237735847761,-0.008238328695539136,0.003505502068355426,0.02769285307601166
2024-06-25 20:00:00,12,-0.9619944704804482,-0.6210881936268001,-0.05288945576809263,-0.3248530710269133,0.5043517996479423
2024-06-26 00:00:00,12,-1.199628156589327,-0.16978243377602953,0.08447083949280247,0.3014540659219289,-0.9619944704804482
2024-06-26 04:00:00,12,0.25961168298180226,1.3741436742157607,0.10673122501892547,1.0824727715507034,-1.199628156589327
2024-06-26 08:00:00,12,0.9689075779707501,1.4014048429308397,-0.029963373864871086,0.913452413454884,0.25961168298180226
2024-06-26 12:00:00,12,1.5402066689547862,0.552420092174283,-0.09640681600933265,0.2826444932972709,0.9689075779707501
2024-06-26 16:00:00,12,0.1812670124592124,0.017098471839893506,-0.14992337851470675,-0.7201080783061968,1.5402066689547862
2024-06-26 20:00:00,12,-1.421188501169981,-0.9758292376682866,-0.02262442037596683,-0.8381220867857877,0.1812670124592124
2024-06-27 00:00:00,12,-1.0059122703747754,-0.19656412188665262,0.1274859368967956,0.0871436278787101,-1.421188501169981
2024-06-27 04:00:00,12,0.4640965788316542,1.0728935761301717,0.08858484863483514,0.7420434775270017,-1.0059122703747754
2024-06-27 08:00:00,12,1.0967091244965808,0.8928020769195596,-0.049118539491520584,0.4398930925974103,0.4640965788316542
2024-06-27 12:00:00,12,-0.14428870396704596,0.38173247095590734,-0.10837865275976818,-0.2741201090440466,1.0967091244965808
2024-06-27 16:00:00,12,0.45475883766162895,0.08816348485019686,0.007872079832178157,-0.1801808527918496,-0.14428870396704596
2024-06-27 20:00:00,12,-1.3612748734061029,-0.8804132642060226,-0.048243824623475005,-0.4762518951501189,0.45475883766162895
2024-06-28 00:00:00,12,0.4287915663253621,7.988274306099021e-05,0.12187351521478931,0.4100070124895172,-1.3612748734061029
2024-06-28 04:00:00,12,-0.12433715770841047,0.9068013843304548,-0.04581133501953099,0.13084197932781727,0.4287915663253621
2024-06-28 08:00:00,12,0.12947787758727358,0.4437375292170337,0.006003114540127719,0.21179176817828527,-0.12433715770841047
2024-06-28 12:00:00,12,0.5372023264304993,0.5729728511277492,-0.01777306227438216,0.127495110246981,0.12947787758727358
2024-06-28 16:00:00,12,0.6397917903885411,0.0230009661375965,-0.055966735773676085,-0.22225082006061037,0.5372023264304993
2024-06-28 20:00:00,12,-0.6897278178162853,-1.2394432916541889,-0.06557682538688847,-0.6387876888032107,0.6397917903885411
2024-06-29 00:00:00,12,-1.1337618612046754,-0.44689853336900526,0.058966203540497406,-0.18973993634082298,-0.6897278178162853
2024-07-01 04:00:00,13,0.2451785563351443,-0.52156088735589,0.07730502090552635,0.4704196453377385,-1.1337618612046754
2024-07-01 08:00:00,13,1.7136336390345406,1.0970474615350816,-0.013301506744589537,0.30615394778080507,0.2451785563351443
2024-07-01 12:00:00,13,-0.40183070549242217,-0.2645062526154934,-0.10978980628325609,-0.841953086050701,1.7136336390345406
2024-07-01 16:00:00,13,0.2243307696933936,0.37233411096567115,0.02921176056267438,-0.5727329628712514,-0.40183070549242217
2024-07-01 20:00:00,13,-1.599628195223227,-0.9446858137113734,-0.011931653825077911,-0.7230309779912911,0.2243307696933936
2024-07-02 00:00:00,13,-1.0036803314353122,-0.04744701907967871,0.10791586553492535,0.3486942383073881,-1.599628195223227
2024-07-02 04:00:00,13,0.0959204528417601,0.7593768797165231,0.06875770763955862,1.0211439510058629,-1.0036803314353122
2024-07-02 08:00:00,13,1.7525445962352713,1.5472060095708005,-0.003494151539710535,0.9568787871532365,0.0959204528417601
2024-07-02 12:00:00,13,-0.5434750022719577,0.18560322595807796,-0.11234654236456591,-0.21729796347050367,1.7525445962352713
2024-07-02 16:00:00,13,1.1619204207307146,0.6037847309688072,0.03851883266629237,0.14682156511879896,-0.5434750022719577
2024-07-02 20:00:00,13,-1.745969777917475,-0.5755600202395592,-0.07353818994557158,-0.6316464676078315,1.1619204207307146
2024-07-03 00:00:00,13,-0.6137195780923506,0.23307504725476627,0.11753158387205591,0.5381252602707427,-1.745969777917475
2024-07-03 04:00:00,13,0.1993445657249744,1.2095228325601803,0.04313441795220071,0.9493075272137013,-0.6137195780923506
2024-07-03 08:00:00,13,0.8723209086909698,0.2781007032537027,-0.010289876448811661,0.8157498677166135,0.1993445657249744
2024-07-03 12:00:00,13,1.2416407551249105,0.681019282193145,-0.05450937197684199,0.23130885989965222,0.8723209086909698
2024-07-03 16:00:00,13,1.2643503544642005,0.06983205061367752,-0.0787764022647457,-0.6005705173363811,1.2416407551249105
2024-07-03 20:00:00,13,0.01371280129203356,-1.0516843887014236,-0.08026858997226789,-1.4476649616340218,1.2643503544642005
2024-07-04 00:00:00,13,-2.5040242000232205,-1.056818323388121,0.001907495810999814,-1.4568523184052076,0.01371280129203356
2024-07-04 04:00:00,13,-1.3634629805570349,0.5158338121169211,0.16734133495568707,0.22080370528879278,-2.5040242000232205
2024-07-04 08:00:00,13,2.0117679509500697,0.7580545193569349,0.09239807391719582,1.1343020182819643,-1.3634629805570349
2024-07-04 12:00:00,13,-0.5748524314732926,0.11659610496887411,-0.12937942337796468,-0.21355021938994945,2.0117679509500697
2024-07-04 16:00:00,13,-0.6733038355059264,0.48685861133295566,0.04058056054833714,0.1715916831473212,-0.5748524314732926
2024-07-04 20:00:00,13,-0.062264687927413576,0.005426406652632868,0.04704954191128133,0.6226944462125985,-0.6733038355059264
2024-07-05 04:00:00,13,0.014945803029547733,0.3869898571833736,0.006899775673265456,0.6644107877574932,-0.062264687927413576
2024-07-05 08:00:00,13,0.7645034589660291,0.6193468498767639,0.00182647852801812,0.6543973396122116,0.014945803029547733
2024-07-05 12:00:00,13,0.08257542722087763,0.29384601202468147,-0.04742497252389339,0.14219229260932487,0.7645034589660291
2024-07-05 16:00:00,13,1.3848210383406254,0.04096156790470216,-0.002617285202681092,0.08686808173112048,0.08257542722087763
2024-07-05 20:00:00,13,-1.9673234712858054,-0.9765592812207885,-0.08818439997452454,-0.8409397871739763,1.3848210383406254
2024-07-06 00:00:00,13,-0.5272480001395046,0.028055955541481083,0.13207614960058475,0.4771353624697934,-1.9673234712858054
2024-07-08 04:00:00,13,0.4696421619402251,0.43738053536587523,0.03745259927528355,0.8303830600784874,-0.5272480001395046
2024-07-08 08:00:00,13,1.12473302199761,0.7325809408485063,-0.028050416580727662,0.5157303494727419,0.4696421619402251
2024-07-08 12:00:00,13,-0.18428744285020215,-0.19096948186957205,-0.07109470433249604,-0.2378227229713481,1.12473302199761
2024-07-08 16:00:00,13,-0.9052812502962979,-0.03372155361591669,0.014917568158875655,-0.11435309412912709,-0.18428744285020215
2024-07-08 20:00:00,13,-0.34545093297742113,-0.14091028141732,0.06229216427556433,0.49217081354027137,-0.9052812502962979
2024-07-09 00:00:00,13,-0.23898202078785147,0.29160690721863286,0.025507194830674453,0.723617394046526,-0.34545093297742113
2024-07-09 04:00:00,13,0.3529379469301581,0.23992643758489032,0.01851140421240183,0.8837315122429814,-0.23898202078785147
2024-07-09 08:00:00,13,0.5711787820216436,0.7851985548410316,-0.02038209128567237,0.6472687525571601,0.3529379469301581
2024-07-09 12:00:00,13,1.1493666687045287,0.21863276937327,-0.03472211933008934,0.26458813618934407,0.5711787820216436
2024-07-09 16:00:00,13,0.3715835488700616,0.07142550838771025,-0.07271331610359467,-0.5054690841711391,1.1493666687045287
2024-07-09 20:00:00,13,-1.5752498168129492,-0.8923343539856924,-0.021607244473026917,-0.7544240978893253,0.3715835488700616
2024-07-10 00:00:00,13,-1.8874083295437813,-0.44011763557661904,0.10631402676843489,0.3009679961545775,-1.5752498168129492
2024-07-10 04:00:00,13,0.9584121361159497,1.1225639385898476,0.1268251370058346,1.5655012834926136,-1.8874083295437813
2024-07-10 08:00:00,13,1.3302714915739422,0.6937483275596029,-0.060166198826569595,0.9233805350903221,0.9584121361159497
2024-07-10 12:00:00,13,-0.7632757298458159,0.4125175195071375,-0.08460009353564678,0.032119986982706905,1.3302714915739422
2024-07-10 16:00:00,13,2.345813227737084,0.44869928307958645,0.05296135711993598,0.5435024751804622,-0.7632757298458159
2024-07-10 20:00:00,13,-2.1156068630519353,-1.1957491737265094,-0.15132865499276665,-1.0281547364142547,2.345813227737084
2024-07-11 00:00:00,13,-0.7856621995309574,-0.08853002555235302,0.14181945907589993,0.3892679057209669,-2.1156068630519353
2024-07-11 04:00:00,13,0.7145270897152152,0.4090799713823366,0.054432312832536,0.9156489692983758,-0.7856621995309574
2024-07-11 08:00:00,13,0.6904855035468529,0.2839576019688546,-0.044141157483896916,0.43692728755817534,0.7145270897152152
2024-07-11 12:00:00,13,3.264514494759128,0.5848264003542095,-0.04256144844483435,-0.025686917323719527,0.6904855035468529
2024-07-11 16:00:00,13,-1.6809776400218386,-2.1017900389175916,-0.21169408535787204,-2.2128592323988876,3.264514494759128
2024-07-11 20:00:00,13,-1.616584469848906,-1.7163862253100384,0.11326112238990772,-1.0866311937675448,-1.6809776400218386
2024-07-12 00:00:00,13,0.7641870009211402,-0.7157228216548129,0.109030017492597,-0.0035455456228348226,-1.616584469848906
2024-07-12 04:00:00,13,-2.2613800424966257,-0.6966503923609256,-0.0474041789027698,-0.5155385708148899,0.7641870009211402
2024-07-12 08:00:00,13,1.6551052390025305,0.5351741719463489,0.1513978291388829,0.9995497618460654,-2.2613800424966257
2024-07-12 12:00:00,13,0.1373706363148841,-0.10838338373718655,-0.10594405992006035,-0.10934418336195151,1.6551052390025305
2024-07-12 16:00:00,13,0.6766760569518162,0.15996905665395253,-0.006217733463330186,-0.20138030485399128,0.1373706363148841
2024-07-12 20:00:00,13,-1.5192455606002433,-1.408868429808717,-0.041654066233949336,-0.6547424021628707,0.6766760569518162
2024-07-13 00:00:00,13,1.7555397792796334,-1.0510152631721255,0.10263413521944839,0.3631277391032288,-1.5192455606002433
2024-07-15 04:00:00,13,-3.014296099131702,-1.9110321612136751,-0.11254334792039285,-0.8130557360866693,1.7555397792796334
2024-07-15 08:00:00,13,2.1106866556577657,0.9846276809059701,0.20086995181799952,1.206474269996633,-3.014296099131702
2024-07-15 12:00:00,13,-0.10200770673341353,0.15109137009720833,-0.13587910983229454,-0.20765191215526535,2.1106866556577657
2024-07-15 16:00:00,13,0.6435616544692433,-0.008069323572937095,0.009511184321921535,-0.1393083858974382,-0.10200770673341353
2024-07-15 20:00:00,13,-1.3330306479772371,-1.106708191680136,-0.03947820643174895,-0.5704843650388494,0.6435616544692433
2024-07-16 00:00:00,13,-1.8027673700663875,-0.9153304295312576,0.09039844583444774,0.3226247735737058,-1.3330306479772371
2024-07-16 04:00:00,13,0.6356007586209387,0.661913560320938,0.12126360342710085,1.5304499765740687,-1.8027673700663875
2024-07-16 08:00:00,13,1.4724504983119644,1.155087369642409,-0.03895511702148567,1.1046076698763105,0.6356007586209387
2024-07-16 12:00:00,13,1.7468820394674491,-0.8589199774437408,-0.09394230001637212,0.11808946926890762,1.4724504983119644
2024-07-16 16:00:00,13,-1.9305734632215117,-0.8505948764878466,-0.11197447073635924,-1.0522934592060853,1.7468820394674491
2024-07-16 20:00:00,13,-0.9284167038800426,-0.641521042172017,0.12966140377149366,0.24115977488299478,-1.9305734632215117
2024-07-17 00:00:00,13,0.639992461886397,-0.19546163653814538,0.06381233373913944,0.8631840651226987,-0.9284167038800426
2024-07-17 04:00:00,13,-0.18991239318734898,0.19983133479732798,-0.03924368422735725,0.4343993877252075,0.639992461886397
2024-07-17 08:00:00,13,1.783083775023231,0.7781405136243329,0.015287168767988635,0.5616376430112169,-0.18991239318734898
2024-07-17 12:00:00,13,-0.248901655367046,-0.8005648864474534,-0.11435319102905267,-0.6329998672376949,1.783083775023231
2024-07-17 16:00:00,13,0.11941310449039655,-0.15205464838216312,0.019163197163965584,-0.466239753086219,-0.248901655367046
2024-07-17 20:00:00,13,-1.470938906238107,-0.8754275825031028,-0.005037791543369542,-0.5462446164794947,0.11941310449039655
2024-07-18 00:00:00,13,-0.945092877196668,-0.35781539478788793,0.09946003272852542,0.4392608416999195,-1.470938906238107
2024-07-18 04:00:00,13,-0.18363234728072086,0.6918095290317353,0.06490808098063858,1.0724579004042987,-0.945092877196668
2024-07-18 08:00:00,13,2.72153656123435,1.3782024246925892,0.014874523561680099,1.1954886257294426,-0.18363234728072086
2024-07-18 12:00:00,13,-0.8635708009356033,-0.8831125241832917,-0.17601644147889356,-0.6278971888389346,2.72153656123435
2024-07-18 16:00:00,13,0.14954857958537104,-0.33471710996996556,0.05955148096885474,-0.04931861277627725,-0.8635708009356033
2024-07-18 20:00:00,13,-0.5224921518322887,-0.9420622030213452,-0.007017913905954028,-0.14951376079998724,0.14954857958537104
2024-07-19 00:00:00,13,-0.8554388958722647,-0.15745498888228102,0.03714010506185241,0.2005475947756299,-0.5224921518322887
2024-07-19 04:00:00,13,0.3290451011098412,1.015545088518412,0.05901715499537719,0.7736779249653072,-0.8554388958722647
2024-07-19 08:00:00,13,1.1319021318587517,1.3299784412576552,-0.018812155581473616,0.5532229884919264,0.3290451011098412
2024-07-19 12:00:00,13,0.16044743412996,-0.46781599655508715,-0.07156576757975305,-0.2051332724928141,1.1319021318587517
2024-07-19 16:00:00,13,-0.7649891931756656,-0.3942828816846395,-0.007734048811485849,-0.3126304781315934,0.16044743412996
2024-07-19 20:00:00,13,-0.3456710113978687,-0.524486540408188,0.0530739442633678,0.1999000029955731,-0.7649891931756656
2024-07-20 00:00:00,13,0.8850702277302034,-0.4417612904920858,0.025521655601592353,0.4314940325112051,-0.3456710113978687
2024-07-22 04:00:00,13,-0.47078250421073164,-0.6746259734904868,-0.05534709600998725,-0.16148881443174012,0.8850702277302034
2024-07-22 08:00:00,13,0.1424766277144407,0.08185756068784762,0.033742400884496204,0.15392790719241844,-0.47078250421073164
2024-07-22 12:00:00,13,0.39402811541778604,0.03396037022696372,-0.006553234653258733,0.058470853415334645,0.1424766277144407
2024-07-22 16:00:00,13,-0.19528006058330405,0.32486020209806565,-0.023082017576805735,-0.20552165964796387,0.39402811541778604
2024-07-22 20:00:00,13,-0.569805708702205,-0.553283849688441,0.015639863995528573,-0.07468715335929765,-0.19528006058330405
2024-07-23 00:00:00,13,-1.1016541174254755,-0.13483217477203624,0.04024895374322454,0.3070735259227231,-0.569805708702205
2024-07-23 04:00:00,13,0.6273805782501043,0.5351988781503795,0.07519530598419334,1.0451641027266572,-1.1016541174254755
2024-07-23 08:00:00,13,1.6462235011024475,0.6333332178049238,-0.03841499071103365,0.6248291849410563,0.6273805782501043
2024-07-23 12:00:00,13,0.7301481226362565,-0.480250898589936,-0.10536046441412784,-0.47811413842839734,1.6462235011024475
2024-07-23 16:00:00,13,-1.5976500417648278,-0.662772352284639,-0.04516757424076367,-0.9673016615035426,0.7301481226362565
2024-07-23 20:00:00,13,-1.581784806445853,-0.8878359503620098,0.10778588630323063,0.10309822372794919,-1.5976500417648278
2024-07-24 00:00:00,13,-0.5319871531205678,0.47210234033250087,0.10674342365269138,1.1628686559374017,-1.581784806445853
2024-07-24 04:00:00,13,0.6348594452329799,0.7691030734511587,0.03776399648299099,1.5192915099786166,-0.5319871531205678
2024-07-24 08:00:00,13,2.5886706090715865,1.2675406229569028,-0.03890640727947715,1.0939458713524939,0.6348594452329799
2024-07-24 12:00:00,13,-0.0046067175176585096,-0.15173167384903272,-0.16728617118202863,-0.6404218878042638,2.5886706090715865
2024-07-24 16:00:00,13,0.0646036933659726,-0.10875496003963799,0.0031112229383318045,-0.6373354610065984,-0.0046067175176585096
2024-07-24 20:00:00,13,-0.8883701105948116,-0.5370710717145414,-0.001436410104864943,-0.6806188986536057,0.0646036933659726
2024-07-25 00:00:00,13,-1.6853141221802908,-0.32685346903447665,0.06118097801438315,-0.08542518315546133,-0.8883701105948116
2024-07-25 04:00:00,13,0.8599847974066961,0.8937337852867188,0.11354606116289331,1.0437082289202344,-1.6853141221802908
2024-07-25 08:00:00,13,2.506365404572506,1.1842746824848438,-0.05369879873237389,0.4675322176655392,0.8599847974066961
2024-07-25 12:00:00,13,-1.2923635353284482,-0.9027819321495859,-0.16187811388503592,-1.2116923754994655,2.506365404572506
2024-07-25 16:00:00,13,0.4780484257336024,-0.03658374573936026,0.08772631742353584,-0.3458295496425343,-1.2923635353284482
2024-07-25 20:00:00,13,-0.7751783058960964,-1.2955520183490208,-0.028602769940699296,-0.6661143220668482,0.4780484257336024
2024-07-26 00:00:00,13,-1.383501119230143,-0.4589802597574721,0.05374344391084419,-0.14675729895523482,-0.7751783058960964
2024-07-26 04:00:00,13,0.11411672364067726,0.27633654668987556,0.09371472701014165,0.7801662453309266,-1.383501119230143
2024-07-26 08:00:00,13,1.2392198885613155,1.2151684093975712,-0.004689780366235576,0.7037098720984982,0.11411672364067726
2024-07-26 12:00:00,13,0.5997240942865236,0.2407669353157548,-0.0786173335258491,-0.12654756339554396,1.2392198885613155
2024-07-26 16:00:00,13,-0.7594538412890994,0.12212960556796669,-0.036597756298961025,-0.5283530808202102,0.5997240942865236
2024-07-26 20:00:00,13,-0.3827977156095841,-0.29644809083315155,0.05271023093146178,-0.01953119661302516,-0.7594538412890994
2024-07-27 00:00:00,13,0.4665952493829977,-0.4150341571751049,0.02796115313819953,0.2369371288299824,-0.3827977156095841
2024-07-29 04:00:00,14,-1.1074066556661606,-0.22274154596969972,-0.023617886537437602,-0.14888513141047177,0.4665952493829977
2024-07-29 08:00:00,14,2.478474399299909,0.6480712605801013,0.07634458037649022,0.5926673061180754,-1.1074066556661606
2024-07-29 12:00:00,14,-0.5983482350260108,-0.8448838208807982,-0.151389271256384,-1.0669928762991514,2.478474399299909
2024-07-29 16:00:00,14,0.893658166430324,-0.6123344302560693,0.04401505436558741,-0.6663210996720448,-0.5983482350260108
2024-07-29 20:00:00,14,-1.721158530472687,-1.6977428085563606,-0.05074000283130294,-1.2647411906503265,0.893658166430324
2024-07-30 00:00:00,14,-1.401624511347464,-0.45468143179907167,0.11532302842150226,-0.11220224110130417,-1.721158530472687
2024-07-30 04:00:00,14,0.02223747318253899,0.17907606686237024,0.09502990888192843,0.8263672243894327,-1.401624511347464
2024-07-30 08:00:00,14,1.0303951812443444,0.3216046550835753,0.004602599955555316,0.8114763508710059,0.02223747318253899
2024-07-30 12:00:00,14,-0.2578674126088849,0.07541891282684628,-0.059423962663504595,0.12149308739696352,1.0303951812443444
2024-07-30 16:00:00,14,1.8666038332800898,0.12372197623657123,0.022391635209283466,0.2941687773983652,-0.2578674126088849
2024-07-30 20:00:00,14,-2.175755120956717,-1.1152165525759112,-0.11253030227092252,-0.9557646733233351,1.8666038332800898
2024-07-31 00:00:00,14,0.22461007373838626,-0.13225846412160414,0.14419376643628565,0.5011856756341668,-2.175755120956717
2024-07-31 04:00:00,14,0.45713846769762867,-0.14442802645931255,-0.008249776094597948,0.3507800890125363,0.22461007373838626
2024-07-31 08:00:00,14,1.3330455098147507,0.231425489804626,-0.023017300716477992,0.04466657301120769,0.45713846769762867
2024-07-31 12:00:00,14,-0.7645001692259701,-0.8615210186219567,-0.0786448246962375,-0.8479803531037238,1.3330455098147507
2024-07-31 16:00:00,14,0.8529630688801682,-0.1260996023184862,0.05456711098754546,-0.3360482989844744,-0.7645001692259701
2024-07-31 20:00:00,14,0.5087863657752525,-1.255044772373597,-0.04815551908362319,-0.9072177421276795,0.8529630688801682
2024-08-01 00:00:00,14,-2.750252056286106,-1.8377323756552342,-0.02629738016631649,-1.2479162269990471,0.5087863657752525
2024-08-01 04:00:00,14,0.7103499509299169,-0.01682045196458704,0.18067919298233764,0.593734358828458,-2.750252056286106
2024-08-01 08:00:00,14,1.7650487984085945,0.20952385825270983,-0.039098376878862744,0.11806290163147182,0.7103499509299169
2024-08-01 12:00:00,14,0.7697878654421384,-1.2905714786711593,-0.10608069647265789,-1.0638662768863991,1.7650487984085945
2024-08-01 16:00:00,14,-0.46365433162984715,-1.1732539153359187,-0.04287318842375427,-1.579339129679692,0.7697878654421384
2024-08-01 20:00:00,14,-0.8948291708920912,-1.5849121183473782,0.03546084943193691,-1.2688623973686006,-0.46365433162984715
2024-08-02 00:00:00,14,-1.3292346280294218,-1.4467081779944435,0.06284410765138876,-0.6696581669700468,-0.8948291708920912
2024-08-02 04:00:00,14,0.4445772064295852,-0.35816806256212735,0.09043253749827887,0.22043687934302092,-1.3292346280294218
2024-08-02 08:00:00,14,0.8099341071269706,-0.5250252400457904,-0.022219554119173347,-0.07726524246622013,0.4445772064295852
2024-08-02 12:00:00,14,1.426079260789054,-0.7427639341037902,-0.04542281517024365,-0.6196212128809151,0.8099341071269706
2024-08-02 16:00:00,14,-0.24701805810293287,-1.4099405525968043,-0.08455325671516631,-1.5745663060281885,1.426079260789054
2024-08-02 20:00:00,14,-1.4501944841906926,-1.8231986386171153,0.02170260920660856,-1.4091556665286369,-0.24701805810293287
2024-08-03 00:00:00,14,-0.2110104142868856,-0.7678967411263423,0.09811451398169162,-0.4380623024607111,-1.4501944841906926
2024-08-05 04:00:00,14,-0.15168277250231554,-1.1854885980908343,0.01941581851590879,-0.29676345234298296,-0.2110104142868856
2024-08-05 08:00:00,14,3.539076617586712,-0.887432020753948,0.01564801022422427,-0.19519215592295325,-0.15168277250231554
2024-08-05 12:00:00,14,-0.7681808331342701,-3.072152045457499,-0.21874650495110548,-2.565063132355725,3.539076617586712
2024-08-05 16:00:00,14,-1.0898780426404677,-2.4729839752523275,0.054800864354027715,-2.0506663961985296,-0.7681808331342701
2024-08-05 20:00:00,14,-0.8581893894616641,-2.5358561773674166,0.07523136482445876,-1.3208516393577305,-1.0898780426404677
2024-08-06 00:00:00,14,-0.03925634668470401,-1.738549833421317,0.060517170862288604,-0.7461824964911372,-0.8581893894616641
2024-08-06 04:00:00,14,-0.8923541059655609,-1.6968723359988653,0.008507978922487593,-0.7198952790326185,-0.03925634668470401
2024-08-06 08:00:00,14,1.1971949179461863,-0.625244245969758,0.0626869200425082,-0.12234842573209548,-0.8923541059655609
2024-08-06 12:00:00,14,0.004048249008910432,-1.3005119934723397,-0.07001716023704184,-0.9240257545230612,1.1971949179461863
2024-08-06 16:00:00,14,0.7309825524184994,-1.1804404837707712,0.0057577699167947055,-0.9267365824785561,0.004048249008910432
2024-08-06 20:00:00,14,-1.1517451549285624,-2.38953410744628,-0.040408722016968705,-1.416224243369216,0.7309825524184994
2024-08-07 00:00:00,14,-0.9302515594499656,-1.4167419726320936,0.07916045102525708,-0.6449814278425201,-1.1517451549285624
2024-08-07 04:00:00,14,0.1905009453706903,-0.7742008476618116,0.06509372967082222,-0.02205731239200759,-0.9302515594499656
2024-08-07 08:00:00,14,1.20688042011688,-0.886674675514593,-0.0060835572323582375,-0.14962241204923288,0.1905009453706903
2024-08-07 12:00:00,14,-0.6657531151262432,-1.3158512764085835,-0.07063227174813783,-0.9577854411984319,1.20688042011688
2024-08-07 16:00:00,14,0.02574528164057277,-0.5667700299583037,0.04829583577712346,-0.5119773518321011,-0.6657531151262432
2024-08-07 20:00:00,14,0.055749807245161875,-1.1113193745740302,0.004379824375804257,-0.5292171582372216,0.02574528164057277
2024-08-08 00:00:00,14,-0.5768693929491935,-0.92231919894629,0.002474282591899513,-0.5665488875011455,0.055749807245161875
2024-08-08 04:00:00,14,-0.9336150020060536,-0.933637794067909,0.04265096577486473,-0.1802599824378497,-0.5768693929491935
2024-08-08 08:00:00,14,1.9240215489401056,-0.5405089252311981,0.06530733679172297,0.4449163941971115,-0.9336150020060536
2024-08-08 12:00:00,14,0.7444044633102251,-1.0067321474550732,-0.11617681405945711,-0.843465666876666,1.9240215489401056
2024-08-08 16:00:00,14,-0.2389588720272915,-2.090063760171499,-0.04126112716281503,-1.341941038548299,0.7444044633102251
2024-08-08 20:00:00,14,-1.909407137236144,-1.954425155085563,0.0211907825570631,-1.1819270697733728,-0.2389588720272915
2024-08-09 00:00:00,14,-0.23378902467857898,-0.7476767563640169,0.12727841110866447,0.09666874650345747,-1.909407137236144
2024-08-09 04:00:00,14,0.4123145252546081,-0.894750439441573,0.020862453415346087,0.2532208317115181,-0.23378902467857898
2024-08-09 08:00:00,14,0.1628651987169114,-0.3324506949529238,-0.02017060030967492,-0.02287723909793904,0.4123145252546081
2024-08-09 12:00:00,14,0.5335140822633253,-0.423299315878582,-0.004328452996678303,-0.13193662074347046,0.1628651987169114
2024-08-09 16:00:00,14,0.33324892587513766,-0.7512206555553319,-0.02786779982932113,-0.4891935201253741,0.5335140822633253
2024-08-09 20:00:00,14,-1.4102770701371128,-1.5419249782979592,-0.015149264352808119,-0.7123469137067246,0.33324892587513766
2024-08-10 00:00:00,14,-0.1684541315824859,-0.498722531469247,0.0955794197300135,0.23201656252838632,-1.4102770701371128
2024-08-12 04:00:00,14,-1.2731493904393858,-0.616736553273725,0.016713133729967914,0.34481845986898385,-0.1684541315824859
2024-08-12 08:00:00,14,2.4502128315302407,0.776154953202523,0.08687064936525361,1.1973571627814952,-1.2731493904393858
2024-08-12 12:00:00,14,-0.0717131272955811,-0.6549455471277866,-0.1495944220735153,-0.4433782331891756,2.4502128315302407
2024-08-12 16:00:00,14,0.8768941722803838,-0.8522199860032397,0.01056925969193246,-0.39535698997491764,-0.0717131272955811
2024-08-12 20:00:00,14,-1.648079436724533,-2.0281435975474404,-0.04967534706107607,-0.9825514118089931,0.8768941722803838
2024-08-13 00:00:00,14,0.13121808733369633,-0.7036920591528865,0.1106818863317336,0.12105160275712201,-1.648079436724533
2024-08-13 04:00:00,14,-1.3645066639323495,-0.23552024295511273,-0.00231859308836566,0.03318406826808307,0.13121808733369633
2024-08-13 08:00:00,14,2.6213383152932206,0.9405516584274553,0.09267261084928487,0.9468983190229707,-1.3645066639323495
2024-08-13 12:00:00,14,0.5906212190958744,-0.682023246832643,-0.16046234126339237,-0.8084277911703399,2.6213383152932206
2024-08-13 16:00:00,14,-0.7079150501997375,-1.1890359911467836,-0.03149458722891742,-1.2039253280829776,0.5906212190958744
2024-08-13 20:00:00,14,-0.47777717796342145,-1.041106306598745,0.050973476144833,-0.729884352843424,-0.7079150501997375
2024-08-14 00:00:00,14,-0.8693540027208968,-0.5916020086016928,0.036357769921563844,-0.40995054252949004,-0.47777717796342145
2024-08-14 04:00:00,14,-0.22232207502789691,0.3724979346671127,0.061226218468872017,0.17219475747783086,-0.8693540027208968
2024-08-14 08:00:00,14,2.6858735657364843,0.18024880363549145,0.020134204884398987,0.32106823210415847,-0.22232207502789691
2024-08-14 12:00:00,14,-1.3362131956967005,-0.6202784679638152,-0.1645608768601554,-1.4774726014501294,2.6858735657364843
2024-08-14 16:00:00,14,0.6598445180975965,-0.5149785036621789,0.09087573571634276,-0.5827044986427286,-1.3362131956967005
2024-08-14 20:00:00,14,-1.5506485028747345,-1.6820295117974562,-0.03589085365905015,-1.0245560156816786,0.6598445180975965
2024-08-15 00:00:00,14,-0.772874538593193,-0.5744190564436383,0.1044941959165499,0.013804347400155237,-1.5506485028747345
2024-08-15 04:00:00,14,0.2705304905160162,0.29020791362824055,0.05509895444854171,0.5313441283515061,-0.772874538593193
2024-08-15 08:00:00,14,1.232864154832571,0.07440678112001872,-0.011166111918641468,0.3501888647078477,0.2705304905160162
2024-08-15 12:00:00,14,1.895199694968463,-0.6133430164895922,-0.07228245921835974,-0.4753736461185909,1.232864154832571
2024-08-15 16:00:00,14,-0.827878659648297,-2.128640295690989,-0.11434638195210309,-1.7444557364387112,1.895199694968463
2024-08-15 20:00:00,14,-1.3807883995825438,-1.313513953836345,0.058592182514824634,-1.190083559877463,-0.827878659648297
2024-08-16 00:00:00,14,-1.9230876482206902,-1.049533050202758,0.09370663911571384,-0.26546657461504886,-1.3807883995825438
2024-08-16 04:00:00,14,1.3405375847426342,-0.3106517188072026,0.128147239553072,1.0222901187572173,-1.9230876482206902
2024-08-16 08:00:00,14,0.9724430387203427,-0.19223117179669866,-0.0791206349793717,0.12462627641147606,1.3405375847426342
2024-08-16 12:00:00,14,0.1723498058908568,-0.16051400061988547,-0.055743510237707926,-0.5265505085853146,0.9724430387203427
2024-08-16 16:00:00,14,0.12022942515442381,-0.5309053883431784,-0.004930805972094498,-0.6419610653234393,0.1723498058908568
2024-08-16 20:00:00,14,-1.2912724613479512,-0.9333055510025569,-0.0016207198672468122,-0.7224702647487273,0.12022942515442381
2024-08-17 00:00:00,14,0.17472920377828416,-0.15129589630975068,0.08802161803324875,0.14220418553263592,-1.2912724613479512
2024-08-19 04:00:00,14,-0.6688262256931523,-0.37453507859351415,-0.0050819179128323315,0.025200313191570345,0.17472920377828416
2024-08-19 08:00:00,14,1.3462845284281713,0.3472024307522848,0.04849100435498989,0.47306624880618564,-0.6688262256931523
2024-08-19 12:00:00,14,0.02628202969842164,-0.34477693611854116,-0.07948561463167,-0.4284459179798539,1.3462845284281713
2024-08-19 16:00:00,14,0.8338002196032885,-0.5673140923003931,0.004345736323050498,-0.44604514685060614,0.02628202969842164
2024-08-19 20:00:00,14,-1.8457375372629752,-1.0994233599610699,-0.04693851567297177,-1.0043825761003102,0.8338002196032885
2024-08-20 00:00:00,14,0.14005314682223613,-0.4484231015008334,0.12323485165659245,0.23157818211993764,-1.8457375372629752
2024-08-20 04:00:00,14,-0.6039650352420836,-0.347053602409911,-0.0028796942782515532,0.13779442898988492,0.14005314682223613
2024-08-20 08:00:00,14,1.9234920227440515,0.4852524885606792,0.044371768804089814,0.5422273821188917,-0.6039650352420836
2024-08-20 12:00:00,14,0.42546567792165746,-0.4465449274230856,-0.1161431846561614,-0.7458000924627335,1.9234920227440515
2024-08-20 16:00:00,14,-0.28036863199782047,-0.532056662455899,-0.021005810012498554,-1.0307045662919503,0.42546567792165746
2024-08-20 20:00:00,14,-1.625211021086285,-1.1990116444538808,0.02382065342805065,-0.8429613904669324,-0.28036863199782047
2024-08-21 00:00:00,14,-0.48060100427928987,0.008730573302629389,0.10922954803768248,0.24532825274441272,-1.625211021086285
2024-08-21 04:00:00,14,-0.5523982011080335,0.5669780372803663,0.036537106835811003,0.56715298115693,-0.48060100427928987
2024-08-21 08:00:00,14,2.3074269438021986,1.2353987436066771,0.04109683760200846,0.9370552482438406,-0.5523982011080335
2024-08-21 12:00:00,14,-0.49110254341541904,-0.1674063601967066,-0.14052630752295228,-0.6080664699981977,2.3074269438021986
2024-08-21 16:00:00,14,0.34361947858913666,-0.12890633126993797,0.0372040436133798,-0.27920959860157346,-0.49110254341541904
2024-08-21 20:00:00,14,0.8958666808477798,-1.3512530156344522,-0.015807882381939344,-0.5093074227624559,0.34361947858913666
2024-08-22 00:00:00,14,-1.531571808882303,-1.1798888140384485,-0.05088026222277869,-1.1092064006890876,0.8958666808477798
2024-08-22 04:00:00,14,-0.8197182141534789,0.12766531115387675,0.10328266409697055,-0.08362035935951617,-1.531571808882303
2024-08-22 08:00:00,14,2.4536157222209525,0.3567864464098321,0.058073925033584044,0.4652873401579658,-0.8197182141534789
2024-08-22 12:00:00,14,-0.3494513429945485,-0.3715890708535094,-0.14981053448544493,-1.1777267326415188,2.4536157222209525
2024-08-22 16:00:00,14,0.5279910147180562,-0.5668162320335018,0.028207991327822243,-0.9437237186002605,-0.3494513429945485
2024-08-22 20:00:00,14,-1.749779056347192,-1.5358611502033546,-0.027517038210172963,-1.2972822076648018,0.5279910147180562
2024-08-23 00:00:00,14,-0.5048010076876679,-0.5580040706281025,0.1171406744876295,-0.12557810264466518,-1.749779056347192
2024-08-23 04:00:00,14,-0.4582187107953999,0.2725146935862984,0.038074012243782145,0.21245166790288117,-0.5048010076876679
2024-08-23 08:00:00,14,1.2058728775746275,0.8070158758857559,0.03511564142038554,0.5192885468153658,-0.4582187107953999
2024-08-23 12:00:00,14,0.5993375822550497,-0.03380035397911488,-0.07056828425376364,-0.2881998018772034,1.2058728775746275
2024-08-23 16:00:00,14,2.740211769460446,-0.6055672639301031,-0.03204815019546391,-0.6895340748379759,0.5993375822550497
2024-08-23 20:00:00,14,-2.6614971244484256,-2.723586711373884,-0.1680118135296057,-2.5244613859488627,2.740211769460446
2024-08-24 00:00:00,14,-0.910146090275699,-1.3533921176503705,0.17504250225864063,-0.7422437425821578,-2.6614971244484256
2024-08-26 04:00:00,15,-0.9684706936137921,-0.42215418328032817,0.1292116987326988,0.036837423218774035,-0.910146090275699
2024-08-26 08:00:00,15,1.1653622906718724,0.9633667169142647,0.1371565794018283,0.6293909726274016,-0.9684706936137921
2024-08-26 12:00:00,15,0.7574112394179657,0.24155584378568976,-0.15351060833247154,-0.08362963423048697,1.1653622906718724
2024-08-26 16:00:00,15,0.22459501231875478,-0.4528634565268401,-0.09794019318073455,-0.5470475995221431,0.7574112394179657
2024-08-26 20:00:00,15,-1.2389502564614112,-0.8490353333999895,-0.025360851006035856,-0.6844648415786416,0.22459501231875478
2024-08-27 00:00:00,15,-0.5418598873945157,-0.10568594907042608,0.17400085655543104,0.07358016365277109,-1.2389502564614112
2024-08-27 04:00:00,15,0.2114362650352959,0.2789756221958609,0.07904436339710147,0.4051142014662279,-0.5418598873945157
2024-08-27 08:00:00,15,1.647383624575447,0.6034028692634698,-0.02356838828980796,0.2757480676776396,0.2114362650352959
2024-08-27 12:00:00,15,-0.7028318216616523,-0.2774497223633495,-0.21917075445707151,-0.7321946820790242,1.647383624575447
2024-08-27 16:00:00,15,0.3376879839779683,-0.2684405217587116,0.10097169312822503,-0.30217083798217637,-0.7028318216616523
2024-08-27 20:00:00,15,-0.5346106234657189,-0.8116676403897992,-0.04076618791233691,-0.508783402325383,0.3376879839779683
2024-08-28 00:00:00,15,-1.6241696184041459,-0.020563271158682835,0.07805688069585694,-0.1816847873904237,-0.5346106234657189
2024-08-28 04:00:00,15,0.7770854562459029,0.4834173727500992,0.22647479871552004,0.8120545983992109,-1.6241696184041459
2024-08-28 08:00:00,15,1.606620790657935,1.087032665938682,-0.10062018234500633,0.3365990700815349,0.7770854562459029
2024-08-28 12:00:00,15,-0.446401116347241,-0.1388310657254697,-0.2136181088722766,-0.6464031604822917,1.606620790657935
2024-08-28 16:00:00,15,0.5822922331274771,-0.3439889057275397,0.06604112803181236,-0.37327505480415013,-0.446401116347241
2024-08-28 20:00:00,15,-0.9218113912236134,-1.087921400318573,-0.07408577277757372,-0.729547404404391,0.5822922331274771
2024-08-29 00:00:00,15,-1.3048153835549492,-0.8888562102909964,0.13080072666767548,-0.16554209649294727,-0.9218113912236134
2024-08-29 04:00:00,15,0.5835864687916441,0.1895293172064121,0.1829728948560059,0.6328021300766906,-1.3048153835549492
2024-08-29 08:00:00,15,2.3522687286651784,0.8073689661724396,-0.07426207141178702,0.27573790939389475,0.5835864687916441
2024-08-29 12:00:00,15,-0.6951712770078036,-0.7230954470145832,-0.3151890334837924,-1.163484974194267,2.3522687286651784
2024-08-29 16:00:00,15,-0.24313220774276978,-0.46089348960849175,0.09992818644919005,-0.7381481928603666,-0.6951712770078036
2024-08-29 20:00:00,15,-1.1044625251439175,-0.8661501723624808,0.03835217465401965,-0.5893890681666196,-0.24313220774276978
2024-08-30 00:00:00,15,-1.68132672647992,-0.6254032938500295,0.15568116099598292,0.08637034693843582,-1.1044625251439175
2024-08-30 04:00:00,15,0.8362175681507047,0.9027595588657535,0.23426064511763312,1.1150809997860893,-1.68132672647992
2024-08-30 08:00:00,15,1.694731185350486,0.7545770821126323,-0.10867506049092296,0.603445809012678,0.8362175681507047
2024-08-30 12:00:00,15,0.6811103233413434,-0.2369071818662296,-0.22562036060615195,-0.43346628940687815,1.694731185350486
2024-08-30 16:00:00,15,-0.4693321613783432,-0.42500120919388257,-0.0875466090244904,-0.8501999523830701,0.6811103233413434
2024-08-30 20:00:00,15,-0.6140486696136715,-0.9233600252937676,0.06916475692877141,-0.5630416109792336,-0.4693321613783432
2024-08-31 00:00:00,15,-1.1822219869451054,-0.5476022093930694,0.08887779950392509,-0.18733925768290938,-0.6140486696136715
2024-09-02 04:00:00,15,0.22240784488939624,0.4497990885736092,0.16627342583017302,0.5359968630408432,-1.1822219869451054
2024-09-02 08:00:00,15,1.3487581270452207,0.7739110262920535,-0.02506291868870947,0.39991782753200944,0.22240784488939624
2024-09-02 12:00:00,15,-0.9431112412260614,-0.1525676583420606,-0.178492484792998,-0.42531252868265845,1.3487581270452207
2024-09-02 16:00:00,15,0.44085005694200774,0.5120076140538555,0.13370215688502052,0.1517249771094722,-0.9431112412260614
2024-09-02 20:00:00,15,-0.5134592763747712,-0.15737564603908277,-0.054818754280053936,-0.11800674293176883,0.44085005694200774
2024-09-03 04:00:00,15,-0.3758346823055021,-0.001127590321148733,0.07517567929865576,0.19615053482472966,-0.5134592763747712
2024-09-03 08:00:00,15,1.5776985743888847,0.40776132005801663,0.05642868550120976,0.42610294996698705,-0.3758346823055021
2024-09-03 12:00:00,15,-0.18099603845818457,-0.5364817186884181,-0.2096783725724451,-0.5392033791926991,1.5776985743888847
2024-09-03 16:00:00,15,0.9233687026537183,-0.10917457036088443,0.02988808879746936,-0.42846193319488357,-0.18099603845818457
2024-09-03 20:00:00,15,-1.4804478584199607,-1.1816907009959952,-0.12054664339380182,-0.9934200736716576,0.9233687026537183
2024-09-04 00:00:00,15,-1.182242204905375,-0.38375721130465107,0.2068972590962175,-0.08761606844382896,-1.4804478584199607
2024-09-04 04:00:00,15,0.5313229213511939,0.06327360789302014,0.1662761798871665,0.6357324225294292,-1.182242204905375
2024-09-04 08:00:00,15,0.3129307547659721,0.2947349971031641,-0.06714281771789056,0.31064537032962214,0.5313229213511939
2024-09-04 12:00:00,15,0.6358163584698371,-0.10648857047854243,-0.03739379923705668,0.1191803826140081,0.3129307547659721
2024-09-04 16:00:00,15,1.0268250860291221,0.15221671090040298,-0.08137674030116843,-0.2698404132322043,0.6358163584698371
2024-09-04 20:00:00,15,-0.7883383344806756,-1.2247764650940665,-0.1346393002373069,-0.8980977816384517,1.0268250860291221
2024-09-05 00:00:00,15,-2.113939158645662,-0.5323283145765341,0.11261924839478336,-0.41575724070960796,-0.7883383344806756
2024-09-05 04:00:00,15,1.0301340895746378,0.5065508752008918,0.2931903926482757,0.8776449860684554,-2.113939158645662
2024-09-05 08:00:00,15,1.153874252884119,0.15188086399311765,-0.1350900472085371,0.24736302176185454,1.0301340895746378
2024-09-05 12:00:00,15,0.354360685322769,-0.34308589395648625,-0.1519457268909798,-0.4586286913858135,1.153874252884119
2024-09-05 16:00:00,15,-0.5462898962734339,-0.4410326813511235,-0.043037315618917674,-0.6754423577605397,0.354360685322769
2024-09-05 20:00:00,15,-0.5309739649606087,-0.6780960693407986,0.07964781185438746,-0.34119784300397704,-0.5462898962734339
2024-09-06 00:00:00,15,-1.1530823374537107,-0.3746130003876089,0.07756150110981859,-0.01632429788207368,-0.5309739649606087
2024-09-06 04:00:00,15,-1.0240438522693118,0.8028047963125103,0.16230407113765366,0.6891828860978926,-1.1530823374537107
2024-09-06 08:00:00,15,2.1967761430754855,1.1392210122633604,0.1447266628426931,1.3157385716891845,-1.0240438522693118
2024-09-06 12:00:00,15,2.643185023580635,-0.31102511541114536,-0.2940080915357883,-0.028347015432016676,2.1967761430754855
2024-09-06 16:00:00,15,-0.6034163853603953,-1.511859131448653,-0.3548171683621487,-1.6455654586893331,2.643185023580635
2024-09-06 20:00:00,15,-1.4511733884557039,-1.3739343177648329,0.08742948738866081,-1.2763684109372484,-0.6034163853603953
2024-09-07 00:00:00,15,-0.2937392949119815,-0.5070150965461779,0.2029095393826377,-0.38847583162944055,-1.4511733884557039
2024-09-09 04:00:00,15,-1.5367235325375255,-0.8462285756304472,0.045245788078888356,-0.20875303469957096,-0.2937392949119815
2024-09-09 08:00:00,15,1.934764305073248,0.8886462071244937,0.21456303802740243,0.7314829369921032,-1.5367235325375255
2024-09-09 12:00:00,15,0.07857513287254392,0.0877036925428217,-0.2583172738072862,-0.4522921258983903,1.934764305073248
2024-09-09 16:00:00,15,0.1983921155484989,-0.2617488422793628,-0.005470265367656965,-0.500367895445061,0.07857513287254392
2024-09-09 20:00:00,15,-1.4565171714661265,-0.9233081966492903,-0.021791535895250774,-0.6217530370070516,0.1983921155484989
2024-09-10 00:00:00,15,0.1815821972372369,0.08966564624199003,0.2036374606355852,0.2694091069979372,-1.4565171714661265
2024-09-10 04:00:00,15,-0.999688534930808,-0.06284079137225825,-0.019501716721228805,0.15830902292533722,0.1815821972372369
2024-09-10 08:00:00,15,2.2435667712584166,0.8462157369909169,0.14140902193579274,0.769963039492394,-0.999688534930808
2024-09-10 12:00:00,15,-0.1589250515438465,-0.35718518707834657,-0.30038183325147694,-0.6027511401011285,2.2435667712584166
2024-09-10 16:00:00,15,-0.5092616647046722,-0.34877702098650143,0.026881615589792893,-0.5055137079276673,-0.1589250515438465
2024-09-10 20:00:00,15,-1.5353154519422105,-0.6988536129090217,0.07460388760346046,-0.1939247161405433,-0.5092616647046722
2024-09-11 00:00:00,15,0.5872775584060719,0.264565988648127,0.21437123162560925,0.7454497290639495,-1.5353154519422105
2024-09-11 04:00:00,15,0.5583498944612089,0.5831387859956979,-0.0747648655132008,0.38612713518861774,0.5872775584060719
2024-09-11 08:00:00,15,1.0114752183315865,0.0726824937849593,-0.07082438714001123,0.04450377584837284,0.5583498944612089
2024-09-11 12:00:00,15,0.947180906084899,-0.35907333861448754,-0.13254836673473483,-0.5743618591300024,1.0114752183315865
2024-09-11 16:00:00,15,0.020712179121527896,-1.1431381762953077,-0.12379030222561775,-1.1538893673278956,0.947180906084899
2024-09-11 20:00:00,15,-1.8722412205622128,-1.7946483265199917,0.00241173016089096,-1.1665620019624576,0.020712179121527896
2024-09-12 00:00:00,15,-1.6185971131432488,-0.34692210690791536,0.2602667006530403,-0.021041349753970096,-1.8722412205622128
2024-09-12 04:00:00,15,0.8679748653323855,1.2008401202926358,0.22571572129720852,0.9692885288681108,-1.6185971131432488
2024-09-12 08:00:00,15,1.1528185310627297,0.5508815247243307,-0.11300098680747193,0.43822280778674383,0.8679748653323855
2024-09-12 12:00:00,15,-0.2731824159334426,-0.09144137311094779,-0.1518019182165836,-0.2671229676814697,1.1528185310627297
2024-09-12 16:00:00,15,0.2466426116854059,0.24702894367626616,0.04244556414135909,-0.09997778583465866,-0.2731824159334426
2024-09-12 20:00:00,15,-0.2630409134356384,-0.705081134193135,-0.02836413840078122,-0.25088473217110874,0.2466426116854059
2024-09-13 00:00:00,15,-1.2331842806476985,-0.04648923935784789,0.041064105502306346,-0.08994457370914155,-0.2630409134356384
2024-09-13 04:00:00,15,0.4946834434041918,0.8421267948194258,0.17321542489950556,0.664572550444662,-1.2331842806476985
2024-09-13 08:00:00,15,1.0605525597869825,0.8840026704872522,-0.06215184884013032,0.36190316441600423,0.4946834434041918
2024-09-13 12:00:00,15,0.6172903899496216,0.08482830509832293,-0.13923360073728794,-0.28699017616740186,1.0605525597869825
2024-09-13 16:00:00,15,-0.04373582302591039,-0.15209624788004708,-0.07885316361570076,-0.6646759584966588,0.6172903899496216
2024-09-13 20:00:00,15,-1.9451707571644032,-0.8658972626547751,0.011190730053219064,-0.6379164320172279,-0.04373582302591039
2024-09-14 00:00:00,15,0.09499201709318683,0.4174855843145734,0.2702010410925386,0.5522257622320446,-1.9451707571644032
2024-09-16 04:00:00,15,0.04586830941208575,0.3598607720204269,-0.007706546090148155,0.4941054109759637,0.09499201709318683
2024-09-16 08:00:00,15,0.985910977504016,0.9974559879126559,-0.0010149961572805252,0.4660411342490285,0.04586830941208575
2024-09-16 12:00:00,15,0.7008571415393003,0.23969581393248665,-0.12906604827652624,-0.1371831584149099,0.985910977504016
2024-09-16 16:00:00,15,-1.025998879989599,-0.03614963935245939,-0.09023648782689447,-0.5659988051722173,0.7008571415393003
2024-09-16 20:00:00,15,-0.5759925725445925,-0.42114054874035767,0.14499297347411708,0.06175305354283367,-1.025998879989599
2024-09-17 00:00:00,15,-0.17309912523748494,-0.039369510489914133,0.083693861120427,0.41417098992946677,-0.5759925725445925
2024-09-17 04:00:00,15,-0.31912005357577655,0.40569902808255065,0.02881238438454363,0.5200807523366944,-0.17309912523748494
2024-09-17 08:00:00,15,1.9592619869038543,0.9950351420328213,0.04870311290126098,0.7153326290126927,-0.31912005357577655
2024-09-17 12:00:00,15,-0.6730713842166409,-0.24342837233877251,-0.26165430736902756,-0.48343120784559623,1.9592619869038543
2024-09-17 16:00:00,15,1.0132499739287884,-0.023562606412149693,0.09691777573094576,-0.0716161262402526,-0.6730713842166409
2024-09-17 20:00:00,15,-0.5695561708377834,-1.2606545311118125,-0.13279012099673818,-0.6915676358200891,1.0132499739287884
2024-09-18 00:00:00,15,-1.6055827003345975,-0.8438921706618036,0.0828171051620066,-0.34308777696325343,-0.5695561708377834
2024-09-18 04:00:00,15,-0.32906628961263706,0.6181521524870875,0.22394291958359627,0.6392793036577213,-1.6055827003345975
2024-09-18 08:00:00,15,2.131304049850547,0.866487929668724,0.05005797266707514,0.8406167309918455,-0.32906628961263706
2024-09-18 12:00:00,15,0.6793488960132166,-0.3121277639395885,-0.28508959165650105,-0.46341011043527125,2.131304049850547
2024-09-18 16:00:00,15,-0.2939104733670739,-0.7712404858353692,-0.08730667031718038,-0.87906605363926,0.6793488960132166
2024-09-18 20:00:00,15,1.9925592289288687,-0.9272158549564808,0.0452691057239472,-0.6992385220986108,-0.2939104733670739
2024-09-19 00:00:00,15,-1.923613670175767,-2.1905093291024156,-0.26619000241638824,-1.9183750961781119,1.9925592289288687
2024-09-19 04:00:00,15,-0.1979728880878131,-1.1369936602600552,0.26726457047985464,-0.7414224888665348,-1.923613670175767
2024-09-19 08:00:00,15,-0.08994499822403235,-0.5089102256873003,0.03220064707863407,-0.6202938493561572,-0.1979728880878131
2024-09-19 12:00:00,15,1.480636270243206,-0.4930886091823312,0.01748526720831702,-0.5652614892644667,-0.08994499822403235
2024-09-19 16:00:00,15,-0.7525220838603612,-1.2108442872121754,-0.19645670658977193,-1.4711807732460578,1.480636270243206
2024-09-19 20:00:00,15,-1.8465476084447676,-1.3372698724910048,0.10774041817720718,-1.0107542113064838,-0.7525220838603612
2024-09-20 00:00:00,15,-0.19561831040051558,-0.0964173244727901,0.2567667594524342,0.11904594346443176,-1.8465476084447676
2024-09-20 04:00:00,15,-0.40797062762224456,0.28456434855884427,0.031879910413811254,0.2387339473673844,-0.19561831040051558
2024-09-20 08:00:00,15,2.7284069891260163,0.6569989262161643,0.06080619063829891,0.4883485666285736,-0.40797062762224456
2024-09-20 12:00:00,15,-1.1900634501306229,-0.6901114389610516,-0.3664259630713363,-1.1810124747522455,2.7284069891260163
2024-09-20 16:00:00,15,1.4462779282697582,-0.36403011253280326,0.16734157693133309,-0.4528785972416607,-1.1900634501306229
2024-09-20 20:00:00,15,-2.136205510504256,-1.5012874699296914,-0.19177647026847489,-1.3377759157446754,1.4462779282697582
2024-09-21 00:00:00,15,-0.4737887288187288,-0.35174160364783386,0.2962234781444241,-0.0307501421590608,-2.136205510504256
2024-09-23 04:00:00,16,-0.05205965095022691,0.06063668327551831,0.04166625340333006,0.39621862328461965,-0.4737887288187288
2024-09-23 08:00:00,16,2.035942520377441,0.5767318984178865,0.0075583344617857345,0.4279077676179508,-0.05205965095022691
2024-09-23 12:00:00,16,-0.6054114834229143,-0.8571163930081646,-0.16131171160987434,-0.8113874486386976,2.035942520377441
2024-09-23 16:00:00,16,-0.5585827925621878,-0.11043265896373337,0.05231142462935151,-0.4428684223089334,-0.6054114834229143
2024-09-23 20:00:00,16,-1.4083099490606017,-0.39267078630388375,0.048524089878594,-0.10285441121727423,-0.5585827925621878
2024-09-24 00:00:00,16,0.5518615986861626,0.6486449110372171,0.11724694181652409,0.7543956169190249,-1.4083099490606017
2024-09-24 04:00:00,16,0.41858898981177006,0.49045097578512054,-0.04128462683882651,0.4184728526748174,0.5518615986861626
2024-09-24 08:00:00,16,1.5062772837244296,0.33919087227086137,-0.030506021380577113,0.16367423853945517,0.41858898981177006
2024-09-24 12:00:00,16,-1.007644965090842,-0.3556129431349673,-0.1184743074421972,-0.75320932442561,1.5062772837244296
2024-09-24 16:00:00,16,1.109264583250205,-0.1722577504739987,0.08484261042674776,-0.13984741836812908,-1.007644965090842
2024-09-24 20:00:00,16,-2.394673541748185,-1.0236933690059729,-0.08636535950107199,-0.8150660347218217,1.109264583250205
2024-09-25 00:00:00,16,0.4386070371110691,0.43500065050045456,0.1970204533711829,0.642591750349002,-2.394673541748185
2024-09-25 04:00:00,16,-0.30029822553543895,0.6097161539155701,-0.03212500847557032,0.3756079836326993,0.4386070371110691
2024-09-25 08:00:00,16,0.6505570980531452,0.98378569138825,0.027634970445508337,0.5584020215937695,-0.30029822553543895
2024-09-25 12:00:00,16,0.5520081529103376,0.4957515590330282,-0.04926676103103869,0.16240248258438506,0.6505570980531452
2024-09-25 16:00:00,16,0.0367642693491792,0.2745766481299148,-0.041296479613180996,-0.1736094904400911,0.5520081529103376
2024-09-25 20:00:00,16,-0.0014048194157165739,0.1286599448449113,0.00037457779754408293,-0.1959882082465061,0.0367642693491792
2024-09-26 00:00:00,16,-0.8370983988520866,-0.32365128751128663,0.0034615553240773776,-0.1951330829351683,-0.0014048194157165739
2024-09-26 04:00:00,16,0.028481759116179006,0.5733596264081792,0.07104942242455844,0.3144157038553175,-0.8370983988520866
2024-09-26 08:00:00,16,0.19697410226704548,0.8282404254878525,0.0010444371989576304,0.29707861920289247,0.028481759116179006
2024-09-26 12:00:00,16,1.243859022585875,0.31358458972964875,-0.01258261268697069,0.17717883803385348,0.19697410226704548
2024-09-26 16:00:00,16,0.9624469148652892,-4.959332380930978e-05,-0.09725086981505385,-0.5799685376703323,1.243859022585875
2024-09-26 20:00:00,16,-1.9433633415370384,-1.29847019290197,-0.07449127873393868,-1.1658180130633795,0.9624469148652892
2024-09-27 00:00:00,16,-0.7932046977172718,-0.044227019681427324,0.16052012049374814,0.017123483815861817,-1.9433633415370384
2024-09-27 04:00:00,16,0.7185043058012788,0.3588980347873394,0.06749945900273946,0.49995380812731405,-0.7932046977172718
2024-09-27 08:00:00,16,0.580285722145522,0.3001743549500714,-0.05476208486759007,0.06259423626953442,0.7185043058012788
2024-09-27 12:00:00,16,1.2113784667603689,-0.19317925159829172,-0.04358346689945561,-0.29063052932142064,0.580285722145522
2024-09-27 16:00:00,16,-1.1814224213993114,-0.5155533974628072,-0.09462396021026226,-1.028006719418439,1.2113784667603689
2024-09-27 20:00:00,16,-0.9547509188209489,-0.2994010654923215,0.09889710110496744,-0.30886502432427676,-1.1814224213993114
2024-09-28 00:00:00,16,-0.4845142727675267,0.0388272066685441,0.08056473171897145,0.2722998339999574,-0.9547509188209489
2024-09-30 04:00:00,16,0.1447637183443291,0.4738339117045485,0.04253369651505126,0.5672277184755679,-0.4845142727675267
2024-09-30 08:00:00,16,2.0026499799450654,0.8134588899505435,-0.008360026111382033,0.4791088340591312,0.1447637183443291
2024-09-30 12:00:00,16,-0.0015697430082148855,-0.4043673635290101,-0.15861913163373234,-0.7399209347784872,2.0026499799450654
2024-09-30 16:00:00,16,0.3681429630466635,-0.44925260896236086,0.003474893746348167,-0.7389654190989621,-0.0015697430082148855
2024-09-30 20:00:00,16,0.12597734626421087,-0.4876930524532197,-0.026426129615647095,-0.9630571154193959,0.3681429630466635
2024-10-01 00:00:00,16,-2.8458634553295408,-1.388506998788479,-0.006840652442976462,-1.0397405782477076,0.12597734626421087
2024-10-01 04:00:00,16,0.9516144611077877,0.4486566102589998,0.2335110579020702,0.6925602755385132,-2.8458634553295408
2024-10-01 08:00:00,16,1.4714363404137139,0.38405584732602455,-0.0736151891444651,0.1133046052198381,0.9516144611077877
2024-10-01 12:00:00,16,-1.0193415987565508,-0.6199167305552007,-0.11565649825461405,-0.7823709845619593,1.4714363404137139
2024-10-01 16:00:00,16,1.2073156901709297,0.3998695518576544,0.08578859175432256,-0.16188923990238813,-1.0193415987565508
2024-10-01 20:00:00,16,-0.8935487477688628,-1.4584597596151054,-0.09429537756831931,-0.8967923839572833,1.2073156901709297
2024-10-02 00:00:00,16,-0.7534117774310278,-0.7490636392874896,0.07561492199790219,-0.3528817983103085,-0.8935487477688628
2024-10-02 04:00:00,16,0.4966923008547095,-0.08061565169370012,0.06428115186956676,0.10572624307417655,-0.7534117774310278
2024-10-02 08:00:00,16,0.5437395213623706,0.33414369158297275,-0.03682273403312377,-0.19661450880846232,0.4966923008547095
2024-10-02 12:00:00,16,-0.2639262709449248,0.15691309687214552,-0.04062774266949913,-0.5275932967504424,0.5437395213623706
2024-10-02 16:00:00,16,0.23859452453435814,-0.27781574775575457,0.024693338615925067,-0.3669391713255923,-0.2639262709449248
2024-10-02 20:00:00,16,-1.3534028568658787,-0.8938362384581048,-0.015948721555207147,-0.5121736511406922,0.23859452453435814
2024-10-03 00:00:00,16,-0.30867041622935076,-0.0050800780905312475,0.11280625525215716,0.3116539713950459,-1.3534028568658787
2024-10-03 04:00:00,16,2.6881434891071656,0.4759231191727077,0.02831208287748566,0.4995442317556691,-0.30867041622935076
2024-10-03 08:00:00,16,-0.4813669707702619,-0.3766981516961052,-0.21405936156434663,-1.1367511613207313,2.6881434891071656
2024-10-03 12:00:00,16,-0.9557791875217738,-0.42976973705995547,0.04227915413929234,-0.8437390658569832,-0.4813669707702619
2024-10-03 16:00:00,16,0.6431478730968561,0.19794400289352448,0.08064789436375545,-0.26194829178650103,-0.9557791875217738
2024-10-03 20:00:00,16,-1.5480899410033047,-0.7114746648910727,-0.048667529776921625,-0.6534377736834696,0.6431478730968561
2024-10-04 00:00:00,16,-0.8120895867951994,0.18494195362194335,0.12855184082639984,0.2888975029847316,-1.5480899410033047
2024-10-04 04:00:00,16,0.1766921411609843,1.0261949182190728,0.06902680036877837,0.7832232170036857,-0.8120895867951994
2024-10-04 08:00:00,16,2.017469656611585,0.612284256517241,-0.010942281200042037,0.6756692349539595,0.1766921411609843
2024-10-04 12:00:00,16,1.9604919936416536,-0.015853401302731353,-0.15981769335737794,-0.5523813948438612,2.017469656611585
2024-10-04 16:00:00,16,-1.4336068317562987,-1.5149767872432567,-0.1552095465350642,-1.7457492453169348,1.9604919936416536
2024-10-04 20:00:00,16,-1.2908545413847907,-1.1930718246641294,0.1192928619812409,-0.8731007934053086,-1.4336068317562987
2024-10-05 00:00:00,16,-0.38327423973728614,-0.26663988382646003,0.10774757424979028,-0.08734685290370514,-1.2908545413847907
2024-10-07 04:00:00,16,-0.2951762904665536,-0.2503338163269394,0.03434576966474428,0.14595537791407054,-0.38327423973728614
2024-10-07 08:00:00,16,1.5961687938025868,0.6329728148389604,0.027220726905469894,0.3256316512205313,-0.2951762904665536
2024-10-07 12:00:00,16,-0.21672240197996828,-0.32317948102815763,-0.12574440689745647,-0.6459696246990685,1.5961687938025868
2024-10-07 16:00:00,16,-0.31481798382454684,0.09088477346263299,0.02087566082021463,-0.5140488885578378,-0.21672240197996828
2024-10-07 20:00:00,16,-0.7506784721100708,-0.23147025603929938,0.028809275858070207,-0.32241655245780265,-0.31481798382454684
2024-10-08 00:00:00,16,-0.9054613777762839,-0.3686468436955997,0.06406009204414309,0.13452770314937013,-0.7506784721100708
2024-10-08 04:00:00,16,0.3386217572774406,0.4563537914684241,0.07657837232655233,0.6856896061756252,-0.9054613777762839
2024-10-08 08:00:00,16,2.1183101805046842,0.916526755987999,-0.024038561515002003,0.4795677143667394,0.3386217572774406
2024-10-08 12:00:00,16,-1.0212545029881817,-0.40680824637736357,-0.16797330935699642,-0.8098653845404566,2.1183101805046842
2024-10-08 16:00:00,16,-0.2886205508188251,0.2009621186660918,0.08594330051380664,-0.1882192390986006,-1.0212545029881817
2024-10-08 20:00:00,16,-0.32344764943352544,-0.19090846357670052,0.026690522449005282,-0.01253349926896341,-0.2886205508188251
2024-10-09 00:00:00,16,-0.29662055219078454,0.27294340488726404,0.02950721192776529,0.184351786361848,-0.32344764943352544
2024-10-09 04:00:00,16,-0.079443550713723,1.0213539966886143,0.02733753355790519,0.36490719384225834,-0.29662055219078454
2024-10-09 08:00:00,16,1.9205468788498354,1.2593204454373035,0.009773045000972055,0.41326514667076353,-0.079443550713723
2024-10-09 12:00:00,16,-1.9026756941923484,-0.04703180153771698,-0.1519789304620249,-0.7557877788086778,1.9205468788498354
2024-10-09 16:00:00,16,0.9867372054332915,0.9610549924264876,0.1572294510797042,0.402386807310398,-1.9026756941923484
2024-10-09 20:00:00,16,-0.33500747639660666,-0.11791473115923982,-0.07645578937652309,-0.19824837082283686,0.9867372054332915
2024-10-10 00:00:00,16,-0.5017782078069963,-0.14410102302409084,0.030442128825191067,0.005673478027571122,-0.33500747639660666
2024-10-10 04:00:00,16,-0.4706159519633779,0.5332600910380649,0.043929940994835326,0.3111100639493394,-0.5017782078069963
2024-10-10 08:00:00,16,0.9506400364933327,1.6509343915083656,0.041409650713402045,0.5975779244732973,-0.4706159519633779
2024-10-10 12:00:00,16,1.213103829846622,0.714502090641991,-0.07353638121418803,0.018915394555792275,0.9506400364933327
2024-10-10 16:00:00,16,0.7257488534379313,-0.4394690074563121,-0.0947635013217931,-0.7195110384619845,1.213103829846622
2024-10-10 20:00:00,16,-0.9346016935908441,-0.9269064689322734,-0.0553479976170926,-1.1612804269723398,0.7257488534379313
2024-10-11 00:00:00,16,-2.7567471508473425,-0.5841878150263997,0.07893513542848843,-0.5923805703311178,-0.9346016935908441
2024-10-11 04:00:00,16,1.1735478711973464,1.3503881653385548,0.22630365426509222,1.0856744446213114,-2.7567471508473425
2024-10-11 08:00:00,16,0.918960216803816,1.0985443714541525,-0.0915643587867715,0.371326054002985,1.1735478711973464
2024-10-11 12:00:00,16,-0.1072064652660849,0.36086354470119014,-0.07097423224520066,-0.18805270508104321,0.918960216803816
2024-10-11 16:00:00,16,0.0587573527541938,0.3821892924397533,0.012018408882255674,-0.1227952342898675,-0.1072064652660849
2024-10-11 20:00:00,16,-1.4438655183849711,-0.6312717582907029,-0.0014041430576651466,-0.15856132565018477,0.0587573527541938
2024-10-12 00:00:00,16,0.37224782622186225,0.38669096493099214,0.12012254736538831,0.7203316744924155,-1.4438655183849711
2024-10-14 04:00:00,16,-0.7558173748837227,0.9556021842075383,-0.02675811606807157,0.49374131367360263,0.37224782622186225
2024-10-14 08:00:00,16,1.0879699735989554,1.1918842091148978,0.06447570787063076,0.9538136623189875,-0.7558173748837227
2024-10-14 12:00:00,16,0.9293657575727234,0.6065912117746627,-0.08464312867092014,0.29155725271166055,1.0879699735989554
2024-10-14 16:00:00,16,-0.020645335606788606,0.23674202496676772,-0.07181579465982622,-0.2741554459450217,0.9293657575727234
2024-10-14 20:00:00,16,-1.5751342475003653,-0.6994320765704883,0.005017658521787593,-0.2615884577322305,-0.020645335606788606
2024-10-15 00:00:00,16,0.1092123991527778,0.466085980659141,0.13073908629330988,0.6972089141735971,-1.5751342475003653
2024-10-15 04:00:00,16,-0.1187043342471803,0.5143082771881249,-0.005484764297852324,0.6307304146721204,0.1092123991527778
2024-10-15 08:00:00,16,1.8239775317737532,1.4306101471239532,0.012948314842712067,0.7029867343417866,-0.1187043342471803
2024-10-15 12:00:00,16,0.4745861604444883,0.0881036125754046,-0.14416875175925142,-0.40728362302948007,1.8239775317737532
2024-10-15 16:00:00,16,-0.7453700270523207,-0.17380179867280054,-0.03503486953719418,-0.6961681826148975,0.4745861604444883
2024-10-15 20:00:00,16,-1.4111633646424409,-0.8572007770181126,0.06363076425235199,-0.24245522185028,-0.7453700270523207
2024-10-16 00:00:00,16,0.26918171058349216,0.12143633316643333,0.1174777157244173,0.616531704182286,-1.4111633646424409
2024-10-16 04:00:00,16,-0.5664361873859889,0.5774809190261575,-0.018422502276438553,0.45267854875623925,0.26918171058349216
2024-10-16 08:00:00,16,4.213932431041421,1.1347506339989213,0.04915924398136534,0.7974729868683568,-0.5664361873859889
2024-10-16 12:00:00,16,-2.1234225822989874,-1.1892295972518234,-0.33745963981033744,-1.7675828784859462,4.213932431041421
2024-10-16 16:00:00,16,-0.35111772970303257,-0.18098777952729198,0.17508265912547966,-0.47503781790800126,-2.1234225822989874
2024-10-16 20:00:00,16,-1.457675630936862,-0.7469941481445562,0.03174506770879979,-0.2613095233178413,-0.35111772970303257
2024-10-17 00:00:00,16,-0.1817796720391982,0.31714162699196535,0.12123945920337252,0.625989807676552,-1.457675630936862
2024-10-17 04:00:00,16,0.9324389351608069,0.8458778308087422,0.01804961949899542,0.7366406122626845,-0.1817796720391982
2024-10-17 08:00:00,16,0.8690409058838036,0.688021275040249,-0.07206434212209062,0.16905724474109007,0.9324389351608069
2024-10-17 12:00:00,16,0.9084409353719547,-0.13084272709675396,-0.06693693934834134,-0.359935212862025,0.8690409058838036
2024-10-17 16:00:00,16,-0.8406485924471507,-0.4040194778783435,-0.07012347089809456,-0.9129107974818993,0.9084409353719547
2024-10-17 20:00:00,16,-2.2935709991873914,-0.744933924640811,0.07133654921216163,-0.4012009781990358,-0.8406485924471507
2024-10-18 00:00:00,16,1.0600763910538404,0.32651872310020463,0.18884364625160643,0.9949148448110172,-2.2935709991873914
2024-10-18 04:00:00,16,-0.6173925093096102,0.13405898360575916,-0.08238719683608775,0.3496374918648826,1.0600763910538404
2024-10-18 08:00:00,16,2.7885619194294033,1.07379536541296,0.053280406568764725,0.7254494687168815,-0.6173925093096102
2024-10-18 12:00:00,16,-1.9932527291965716,-0.25677850477346825,-0.22218084016615167,-0.9719714615870032,2.7885619194294033
2024-10-18 16:00:00,16,1.333920906992022,0.6634791818075447,0.1645549933057794,0.24133812223457873,-1.9932527291965716
2024-10-18 20:00:00,16,-2.1306336993531527,-0.6175535420006645,-0.10453474852831016,-0.5706306747005474,1.333920906992022
2024-10-19 00:00:00,16,0.6133668512217234,0.6320895929627325,0.1756658681306651,0.7263038530552013,-2.1306336993531527
2024-10-21 04:00:00,17,-0.2887358929358932,0.5815556644642581,-0.08272447955600008,0.4406531402435423,0.6133668512217234
2024-10-21 08:00:00,17,0.5449124918768042,1.3159404660647358,0.0457632606593269,0.6391130926711561,-0.2887358929358932
2024-10-21 12:00:00,17,0.6840436333272155,0.4783243638707631,-0.07297443057645742,0.26457251818465366,0.5449124918768042
2024-10-21 16:00:00,17,-0.34411332159581853,0.044815179747949296,-0.09279107127987925,-0.20559856289625777,0.6840436333272155
2024-10-21 20:00:00,17,-1.2057345316958994,-0.38350084700833653,0.05365074433403136,0.030924554265268966,-0.34411332159581853
2024-10-22 00:00:00,17,-0.33341166883547757,0.4883447795408032,0.17637264372336728,0.8596750617535331,-1.2057345316958994
2024-10-22 04:00:00,17,-0.09452467763187755,0.918631736725111,0.052126493145737585,1.0888424966127364,-0.33341166883547757
2024-10-22 08:00:00,17,1.994045420779317,1.5406368202092255,0.018101488937096843,1.1538131617950622,-0.09452467763187755
2024-10-22 12:00:00,17,0.4425608593521595,-0.0766979785005921,-0.27937643579391364,-0.21677556315513868,1.994045420779317
2024-10-22 16:00:00,17,0.21433882415806416,-0.4246516697509335,-0.058396346144709566,-0.5209656872172488,0.4425608593521595
2024-10-22 20:00:00,17,-2.041663804915707,-0.8634093608468723,-0.02589036635543995,-0.6682895007316443,0.21433882415806416
2024-10-23 00:00:00,17,-0.025758639997182087,0.48412544836885385,0.29543520504630183,0.7350292812762227,-2.041663804915707
2024-10-23 04:00:00,17,0.5153299284598454,0.8925604505977246,0.008307047188119764,0.7527342448554339,-0.025758639997182087
2024-10-23 08:00:00,17,0.9593755806460411,1.3417630559981026,-0.06876094519706084,0.39852697243512125,0.5153299284598454
2024-10-23 12:00:00,17,0.04823044755675987,0.09611861907961149,-0.13200698094116312,-0.26089098270459843,0.9593755806460411
2024-10-23 16:00:00,17,0.33934980057663644,0.27895988010576794,-0.002231320777136038,-0.29404173590798344,0.04823044755675987
2024-10-23 20:00:00,17,-0.9257985921189853,-0.45125305523144854,-0.043695852444646924,-0.5272906908403456,0.33934980057663644
2024-10-24 00:00:00,17,-0.009418818316035527,-0.5211070533000574,0.13650098108378708,0.10904843098223616,-0.9257985921189853
2024-10-24 04:00:00,17,-1.8629233705437116,0.06540631948479399,0.005979743810617672,0.11552236886338463,-0.009418818316035527
2024-10-24 08:00:00,17,3.3643852950635544,1.8221968806518574,0.26997695802698995,1.3959855621819948,-1.8629233705437116
2024-10-24 12:00:00,17,-1.3814706746588943,-0.6706150273169665,-0.4745558373798747,-0.916493634004123,3.3643852950635544
2024-10-24 16:00:00,17,0.9378037334729203,0.4989358824411128,0.20140298536650017,0.03304749018793984,-1.3814706746588943
2024-10-24 20:00:00,17,-0.7506372129897052,-0.9008740853836291,-0.12893447294415783,-0.6115432547971196,0.9378037334729203
2024-10-25 00:00:00,17,-2.241735462118845,-0.41026363766418783,0.11155250384759652,-0.09559969105941413,-0.7506372129897052
2024-10-25 04:00:00,17,0.9383788940052327,1.577031488574874,0.323931687605139,1.4452364988706616,-2.241735462118845
2024-10-25 08:00:00,17,0.8812973843931005,1.5755099898933436,-0.1290163938534295,0.800250422599559,0.9383788940052327
2024-10-25 12:00:00,17,0.48707126362526054,0.4964327833616194,-0.12088619557430655,0.19449879538476011,0.8812973843931005
2024-10-25 16:00:00,17,-0.14140294480659676,0.5796773635926028,-0.06473602452187914,-0.14028514444702367,0.48707126362526054
2024-10-25 20:00:00,17,-0.855289808601281,-0.2425114934639793,0.024778425298835276,-0.04309313477307519,-0.14140294480659676
2024-10-26 00:00:00,17,0.18632840284267616,-0.019211915747223734,0.1264583176308771,0.5447824251404949,-0.855289808601281
2024-10-28 04:00:00,17,-0.6914863482416393,-0.5232807894661412,-0.02190080334767616,0.4167113163217486,0.18632840284267616
2024-10-28 08:00:00,17,1.5858733475148146,1.2856023123354134,0.10312756445739606,0.8919980788402171,-0.6914863482416393
2024-10-28 12:00:00,17,0.26729848206817763,0.08271901365131386,-0.22123992345935242,-0.19803733692947745,1.5858733475148146
2024-10-28 16:00:00,17,-0.5122914989092369,-0.20501185392489468,-0.03343348360180355,-0.3817624827567805,0.26729848206817763
2024-10-28 20:00:00,17,-1.067892925239466,-0.053598728112819294,0.07760459448744378,-0.029643646858636075,-0.5122914989092369
2024-10-29 00:00:00,17,-0.19692334844473436,0.6718347466995345,0.15673967327078758,0.7043627040174023,-1.067892925239466
2024-10-29 04:00:00,17,-0.0472370870157377,1.164100713488911,0.03268627309722387,0.8397161509575977,-0.19692334844473436
2024-10-29 08:00:00,17,0.4688738126110543,1.0425155118739222,0.011366252072066617,0.8721841269568387,-0.0472370870157377
2024-10-29 12:00:00,17,0.4897781568317434,0.8399946981612211,-0.0621441364319279,0.549908037208608,0.4688738126110543
2024-10-29 16:00:00,17,1.6775423495745816,0.8523949285539748,-0.06512157106118159,0.21326353930237296,0.4897781568317434
2024-10-29 20:00:00,17,-1.2072324983996285,-0.6717438142791169,-0.23429646607463095,-0.9397797193886976,1.6775423495745816
2024-10-30 00:00:00,17,-1.0776463146714796,-0.6390346700780236,0.1765860011906031,-0.10999959830533079,-1.2072324983996285
2024-10-30 04:00:00,17,0.19094863875344714,0.6086695983093757,0.15812886200308626,0.6307106548220123,-1.0776463146714796
2024-10-30 08:00:00,17,0.8225016683883162,1.252543359611051,-0.022558869931866645,0.4994638694715654,0.19094863875344714
2024-10-30 12:00:00,17,1.2864618402379548,0.3229878937425277,-0.112511840510293,-0.065875064736451,0.8225016683883162
2024-10-30 16:00:00,17,0.9173698538692605,-0.3344935396385426,-0.17859432880439705,-0.9501127430435616,1.2864618402379548
2024-10-30 20:00:00,17,-2.2745314730106294,-2.046768890361887,-0.12602404724031185,-1.5806584493851101,0.9173698538692605
2024-10-31 00:00:00,17,-0.2246310991386622,-0.3582438308716881,0.3286028687481446,-0.01728022391099948,-2.2745314730106294
2024-10-31 04:00:00,17,-0.8800505529718627,-0.2027458023632116,0.03663272631019672,0.1371178898653138,-0.2246310991386622
2024-10-31 08:00:00,17,2.1667163553028885,1.7239336514739856,0.12998502466156708,0.7420125190047138,-0.8800505529718627
2024-10-31 12:00:00,17,-0.15226153572867673,0.05036106122833857,-0.3039701955640602,-0.7472599799049249,2.1667163553028885
2024-10-31 16:00:00,17,1.8307201491104976,-0.07611220404908271,0.026325029406334754,-0.6426044179309311,-0.15226153572867673
2024-10-31 20:00:00,17,-2.810053355325131,-1.6108658058260452,-0.25611379169634246,-1.9009330240713886,1.8307201491104976
2024-11-01 00:00:00,17,-1.3135737596861397,-0.4357639394445416,0.40487799033498945,0.03053122703472866,-2.810053355325131
2024-11-01 04:00:00,17,1.433068738581344,0.6912439537059238,0.19173233395906228,0.9334040330677258,-1.3135737596861397
2024-11-01 08:00:00,17,0.28427864965954086,0.10932608762751804,-0.1994757518907556,-0.05160254437049794,1.433068738581344
2024-11-01 12:00:00,17,1.3616289715353886,0.1962387935027896,-0.03585199233201378,-0.2469988517500763,0.28427864965954086
2024-11-01 16:00:00,17,-0.520743556074784,-0.7081434620116537,-0.1893004871676495,-1.1829019643394467,1.3616289715353886
2024-11-01 20:00:00,17,-1.3208981561579805,-1.1837658226947023,0.0788084326670804,-0.8249736849185929,-0.520743556074784
2024-11-02 00:00:00,17,1.665641612034083,-0.24729892674700565,0.19277555786809353,0.08293347746193547,-1.3208981561579805
2024-11-04 04:00:00,17,-1.9656603352702575,-0.8155394318107031,-0.23260142758441746,-1.0619299190646991,1.665641612034083
2024-11-04 08:00:00,17,1.103283535686069,0.5449603929980069,0.284609925856638,0.2891485792126023,-1.9656603352702575
2024-11-04 12:00:00,17,0.04439298970939376,-0.09543016017466506,-0.15250398980390456,-0.46918318127635317,1.103283535686069
2024-11-04 16:00:00,17,0.7227862720674789,-0.1868372954733657,-0.0016847463540196669,-0.49969629322881204,0.04439298970939376
2024-11-04 20:00:00,17,-1.3680773527315502,-1.2052068629212567,-0.09830923884333527,-0.996496769647905,0.7227862720674789
2024-11-05 00:00:00,17,-1.0883336532569992,-0.1717489265380694,0.19949535601988092,-0.056161421729518324,-1.3680773527315502
2024-11-05 04:00:00,17,-0.07682332106228529,0.4099732034606539,0.15965107440368345,0.6918946749841322,-1.0883336532569992
2024-11-05 08:00:00,17,0.8644829360011173,1.4405371075142968,0.015580260264306936,0.7446984760229505,-0.07682332106228529
2024-11-05 12:00:00,17,0.44267585439606094,0.5304788180821846,-0.11849129045862532,0.15050410479748777,0.8644829360011173
2024-11-05 16:00:00,17,1.1536153199678871,0.25431012047349966,-0.05841272504769213,-0.15376506004722046,0.44267585439606094
2024-11-05 20:00:00,17,-1.8131949359463064,-1.4598737963187818,-0.15967281537866215,-0.946691908152749,1.1536153199678871
2024-11-06 00:00:00,17,2.7733582183269743,-0.5834020132368761,0.2628940683813845,0.2995909043889835,-1.8131949359463064
2024-11-06 04:00:00,17,-0.09770561371416697,-2.027254447962755,-0.3903750342642979,-1.6066512828132318,2.7733582183269743
2024-11-06 08:00:00,17,-0.11077618271757395,-1.7486188351147525,0.01855455405814846,-1.5394942305588053,-0.09770561371416697
2024-11-06 12:00:00,17,-1.1273355280706934,-1.9123643060243891,0.02041621325988882,-1.4633532432755807,-0.11077618271757395
2024-11-06 16:00:00,17,0.7584125775672437,-1.0196359309298937,0.16520616531924445,-0.6884895677001222,-1.1273355280706934
2024-11-06 20:00:00,17,-0.7682022166217024,-2.1865577185694764,-0.10338354275775265,-1.2097774565526418,0.7584125775672437
2024-11-07 00:00:00,17,-0.6608100535160251,-1.1575880784241372,0.11405431158309655,-0.6817607496052318,-0.7682022166217024
2024-11-07 04:00:00,17,-1.1662554442220667,-0.2599790632859115,0.0987582974165845,-0.2275590552783111,-0.6608100535160251
2024-11-07 08:00:00,17,1.6090206924808506,0.6070694291858861,0.17074958274929525,0.5740558656284751,-1.1662554442220667
2024-11-07 12:00:00,17,1.1254869847456614,-0.586970518305067,-0.22453683178374495,-0.5318896641699062,1.6090206924808506
2024-11-07 16:00:00,17,-0.6301912823511095,-1.2420085142291932,-0.15566645773023502,-1.3054827605436738,1.1254869847456614
2024-11-07 20:00:00,17,-0.05618617190455133,-0.9045684889978841,0.09439722353599908,-0.8723265961195086,-0.6301912823511095
2024-11-08 00:00:00,17,-2.189008799887798,-1.1094408571713479,0.012640882597032508,-0.8337075491770385,-0.05618617190455133
2024-11-08 04:00:00,17,0.4744701263252402,1.1331930033226556,0.3164217562552568,0.6708874558707549,-2.189008799887798
2024-11-08 08:00:00,17,1.4473330675225693,0.8946210304801724,-0.0629412271262293,0.3447647915169423,0.4744701263252402
2024-11-08 12:00:00,17,-0.12437958766945378,-0.23469950604130763,-0.20150743996976433,-0.6500462408309318,1.4473330675225693
2024-11-08 16:00:00,17,0.3453985540227862,-0.40824211069663857,0.02235376502194802,-0.5645550786451263,-0.12437958766945378
2024-11-08 20:00:00,17,-0.7820726313969182,-0.7348245711308757,-0.04455738475507261,-0.801961588459088,0.3453985540227862
2024-11-09 00:00:00,17,-0.17384424847460345,-0.5818392441680021,0.11602989392320012,-0.26441117987018714,-0.7820726313969182
2024-11-11 04:00:00,17,-0.27932163976354296,-1.2483692596259421,0.02939908500188689,-0.14492093939030326,-0.17384424847460345
2024-11-11 08:00:00,17,0.7059588423941854,0.3863247109462704,0.04442237557305018,0.047068212965561074,-0.27932163976354296
2024-11-11 12:00:00,17,0.3879970235689303,-0.13026079798101203,-0.09591248478582177,-0.4381660849002387,0.7059588423941854
2024-11-11 16:00:00,17,-1.4276622091650584,-0.39662892271327665,-0.05062474362751071,-0.7048522597868576,0.3879970235689303
2024-11-11 20:00:00,17,-0.8104370144056645,-0.08087118635678252,0.20798210944545137,0.2764381895321897,-1.4276622091650584
2024-11-12 00:00:00,17,1.003049044422447,0.42120729835830606,0.12006987218399018,0.8334845951213836,-0.8104370144056645
2024-11-12 04:00:00,17,-0.10089622262054831,-0.2811438072886693,-0.13822745272705303,0.1440480875416359,1.003049044422447
2024-11-12 08:00:00,17,1.5904778202354546,0.3063300108667715,0.01900899689289967,0.2133981753945715,-0.10089622262054831
2024-11-12 12:00:00,17,-0.5141398921173455,-0.7522114248064072,-0.2218957448705938,-0.8798020822235006,1.5904778202354546
2024-11-12 16:00:00,17,-0.17704987639478098,-0.6820667022141005,0.07786786368585533,-0.5264127703051482,-0.5141398921173455
2024-11-12 20:00:00,17,-1.1136449411421196,-0.9528864920220796,0.029855667015523692,-0.40471917104617283,-0.17704987639478098
2024-11-13 00:00:00,17,0.3046276016866827,-0.48328903356040925,0.1632561961077922,0.36073440589927586,-1.1136449411421196
2024-11-13 04:00:00,17,-0.08904238188602065,0.053357108030016295,-0.03875032168379848,0.15135143406245,0.3046276016866827
2024-11-13 08:00:00,17,1.1044679979197163,0.3101151051334574,0.017320637979554278,0.2125538938379119,-0.08904238188602065
2024-11-13 12:00:00,17,-0.19010034936217934,-0.3369833246403684,-0.15267269439632197,-0.5465919958407053,1.1044679979197163
2024-11-13 16:00:00,17,1.3097039168651534,-1.4844640814514054,0.03171446391109023,-0.4159282743778956,-0.19010034936217934
2024-11-13 20:00:00,17,-1.864301647989194,-1.7798032648711264,-0.1819047298901723,-1.3161411796470972,1.3097039168651534
2024-11-14 00:00:00,17,-0.9127540361655164,-0.8206755293088631,0.27017326798780844,-0.03473064004091064,-1.864301647989194
2024-11-14 04:00:00,17,1.0146367093716968,0.6129776158455057,0.1346430269566896,0.5926424265827777,-0.9127540361655164
2024-11-14 08:00:00,17,-0.057488991545465495,0.19070394773775895,-0.139877899855547,-0.10475875560389802,1.0146367093716968
2024-11-14 12:00:00,17,1.788841306818897,0.12911344330490887,0.012826444998492132,-0.06524422759972737,-0.057488991545465495
2024-11-14 16:00:00,17,-1.0250265704272046,-1.0694869218768193,-0.25014893032802177,-1.2947877978223943,1.788841306818897
2024-11-14 20:00:00,17,0.6755787868779723,-1.0648023746052613,0.1506341591297802,-0.5902452404854426,-1.0250265704272046
2024-11-15 00:00:00,17,-1.238455829682465,-1.489815260645887,-0.09158541150489584,-1.0545980874474772,0.6755787868779723
2024-11-15 04:00:00,17,-1.128638703287784,-0.4186491198161225,0.18103318340405752,-0.20335689764135445,-1.238455829682465
2024-11-15 08:00:00,17,1.6478850706816885,0.730400807408728,0.16539177836591018,0.5724025033978091,-1.128638703287784
2024-11-15 12:00:00,17,0.8633723817643801,-0.7479234704113901,-0.23007233886676853,-0.5602560982339373,1.6478850706816885
2024-11-15 16:00:00,17,-0.4573010884774593,-0.6061388252879814,-0.11833311268432073,-1.1536871402496143,0.8633723817643801
2024-11-15 20:00:00,17,-0.6477647831898512,-0.7896421528608105,0.0697722343536873,-0.8393654556765,-0.4573010884774593
2024-11-16 00:00:00,17,-0.7529777154502835,-0.7022644052798676,0.09690024154039566,-0.3941303075659608,-0.6477647831898512
2024-11-18 04:00:00,18,-0.15726128315688825,0.7144539545668033,0.17214546893576693,0.2089331260493683,-0.7529777154502835
2024-11-18 08:00:00,18,1.1418338978547755,1.6742891943638376,0.03983450100438057,0.31361416013548116,-0.15726128315688825
2024-11-18 12:00:00,18,-1.0566856891783,0.05540291354819039,-0.24869965974208388,-0.4464480165337186,1.1418338978547755
2024-11-18 16:00:00,18,0.6525217713139337,0.1495086025940967,0.23960020712006305,0.256935222027483,-1.0566856891783
2024-11-18 20:00:00,18,-0.3922996516152448,-0.5653574703702692,-0.14002150756497872,-0.177416147957846,0.6525217713139337
2024-11-19 00:00:00,18,-0.6264147014202877,-0.24340473682800698,0.09203744916214247,0.08371826719083941,-0.3922996516152448
2024-11-19 04:00:00,18,-0.15440567786754045,0.779937551519268,0.14403532460727375,0.5006914559826541,-0.6264147014202877
2024-11-19 08:00:00,18,2.7280160672409206,1.395727040966942,0.03920025981279713,0.6034716553011119,-0.15440567786754045
2024-11-19 12:00:00,18,-1.3332154612945075,-0.9282092474386789,-0.6009969723057649,-1.2124332972066139,2.7280160672409206
2024-11-19 16:00:00,18,0.5179915812292073,-0.41191367974503046,0.3010185595896845,-0.3249779086563809,-1.3332154612945075
2024-11-19 20:00:00,18,-1.0853898972398763,-0.44726569479105077,-0.11014182202805703,-0.6697792054694016,0.5179915812292073
2024-11-20 00:00:00,18,-0.870342344904838,-0.09595390009657111,0.24597552488276087,0.052711000313422574,-1.0853898972398763
2024-11-20 04:00:00,18,-0.6999663912383483,0.8170589838388823,0.19821261578994775,0.6320547195343789,-0.870342344904838
2024-11-20 08:00:00,18,2.896672856254991,1.8277278578002654,0.16037144485722474,1.0979876191614046,-0.6999663912383483
2024-11-20 12:00:00,18,-1.3736316577801233,-0.22783928041643103,-0.6384563099922245,-0.8301837903230389,2.896672856254991
2024-11-20 16:00:00,18,1.347173538678625,0.3505031285322252,0.30999515615011514,0.08417465508271249,-1.3736316577801233
2024-11-20 20:00:00,18,-1.8485552399991612,-1.1454045642122919,-0.2943064034195958,-0.8125719330882539,1.347173538678625
2024-11-21 00:00:00,18,-1.3960102936216785,-0.17800714089179964,0.41547755591358887,0.41791957889672027,-1.8485552399991612
2024-11-21 04:00:00,18,0.5367808982895887,1.0320977944208098,0.31496553938728916,1.3471743719241154,-1.3960102936216785
2024-11-21 08:00:00,18,1.612506997819482,0.7270972039775017,-0.11431500341480848,0.9898659589273215,0.5367808982895887
2024-11-21 12:00:00,18,0.5547939093825871,-0.17665590261968736,-0.35323801064143495,-0.08349994916106596,1.612506997819482
2024-11-21 16:00:00,18,0.467899091224389,-0.5377275088400993,-0.1183157641859997,-0.4527987299735585,0.5547939093825871
2024-11-21 20:00:00,18,-1.6235724521421737,-1.5416877680500514,-0.09901608253298369,-0.7642559413995773,0.467899091224389
2024-11-22 00:00:00,18,-0.8632141301752867,0.14834176691601264,0.3655079918465716,0.31647569064755743,-1.6235724521421737
2024-11-22 04:00:00,18,1.0951750462521481,1.1303434096449634,0.19662941119903396,0.8910745109709701,-0.8632141301752867
2024-11-22 08:00:00,18,2.9199951824315686,0.40393364365494133,-0.2383365448715677,0.16207081695551295,1.0951750462521481
2024-11-22 12:00:00,18,-1.2422709514479102,0.5486366050100435,-0.6436362905728419,-1.7816251079878445,2.9199951824315686
2024-11-22 16:00:00,18,-0.6876649733472799,0.35379491171262756,0.28081942544875743,-0.9547069676660858,-1.2422709514479102
2024-11-22 20:00:00,18,-2.1354089916134846,-0.6861862776662202,0.15763925145132904,-0.49696251162614224,-0.6876649733472799
2024-11-23 00:00:00,18,3.8052665006805153,0.9703475603561851,0.47918890492695304,0.9244733113022416,-2.1354089916134846
2024-11-25 04:00:00,18,-3.718893506909305,-1.6341146203902532,-0.8402585401026728,-1.6085038097548825,3.8052665006805153
2024-11-25 08:00:00,18,2.3317164772154317,2.410517624941296,0.8308870578829984,0.8669790945212217,-3.718893506909305
2024-11-25 12:00:00,18,0.061582779958596845,0.3788038054372841,-0.5129772711448953,-0.6851288822847064,2.3317164772154317
2024-11-25 16:00:00,18,0.707663300237007,-0.09405393387970704,-0.008771628098646154,-0.7261214836329497,0.061582779958596845
2024-11-25 20:00:00,18,-2.0494506137857744,-1.4128778112059206,-0.15226865850714896,-1.19717783371817,0.707663300237007
2024-11-26 00:00:00,18,1.99239478871813,0.23933035890606066,0.4600972103627938,0.16703976169268486,-2.0494506137857744
2024-11-26 04:00:00,18,-1.941243802656306,-1.0448127511373895,-0.4376125865207875,-1.1591986016476863,1.99239478871813
2024-11-26 08:00:00,18,1.609294581940718,0.9058164044384496,0.4360640510588089,0.13299108799507664,-1.941243802656306
2024-11-26 12:00:00,18,-0.18482040254643373,-0.621327637054706,-0.352524520411392,-0.938236474218515,1.609294581940718
2024-11-26 16:00:00,18,-0.7566420837925882,-0.5602168190089307,0.045955490059071485,-0.815210701629141,-0.18482040254643373
2024-11-26 20:00:00,18,-0.487867773925446,-0.2846328371482206,0.17295933958956264,-0.31155160528651393,-0.7566420837925882
2024-11-27 00:00:00,18,-1.5373278400412627,0.24360670356586986,0.1132635058575539,0.013197767519102399,-0.487867773925446
2024-11-27 04:00:00,18,-0.08614404592961478,1.335143086137158,0.34635272352199664,1.0365206400938103,-1.5373278400412627
2024-11-27 08:00:00,18,1.9626129390528302,1.527815500517336,0.024039082271475314,1.0938624576553355,-0.08614404592961478
2024-11-27 12:00:00,18,0.8093162025697556,0.34810893545272886,-0.4309979203098307,-0.21255160591221411,1.9626129390528302
2024-11-27 16:00:00,18,0.684387952146551,-0.31571424237859147,-0.17484616883182055,-0.7512732498347656,0.8093162025697556
2024-11-27 20:00:00,18,-2.223210520995039,-0.9518656735993631,-0.14709911194464714,-1.2068363554423058,0.684387952146551
2024-11-28 00:00:00,18,-0.7801889178011869,0.5044912317324045,0.49868997071693955,0.27304458954981037,-2.223210520995039
2024-11-28 04:00:00,18,-0.17277878141124248,1.5389845733824878,0.17818918424468366,0.792377645076753,-0.7801889178011869
2024-11-28 08:00:00,18,1.4147318373460855,2.1230869393730445,0.04328099853677702,0.9073879078902873,-0.17277878141124248
2024-11-28 12:00:00,18,-0.45295820700023626,0.9676940509195636,-0.3093113678690018,-0.034328887973522626,1.4147318373460855
2024-11-28 16:00:00,18,-0.21915136583718464,1.249257161939551,0.10550995342966796,0.2671829180777685,-0.45295820700023626
2024-11-28 20:00:00,18,-0.08173047604266159,0.816046431205885,0.0535805323388839,0.4130611096879324,-0.21915136583718464
2024-11-29 04:00:00,18,-0.46044279405969846,0.5258889310382534,0.023058811001254606,0.4674650327435561,-0.08173047604266159
2024-11-29 08:00:00,18,2.6605997322351875,1.700823241441667,0.1071723097198776,0.7739589570719208,-0.46044279405969846
2024-11-29 12:00:00,18,-0.6337058462351326,-0.4737843213545423,-0.5860235385452504,-0.9970702859094143,2.6605997322351875
2024-11-29 16:00:00,18,0.5395022957324862,-0.4010350121453287,0.14565471661240298,-0.5752437437456308,-0.6337058462351326
2024-11-29 20:00:00,18,0.007388022369651637,-1.3475827793700588,-0.11491943651464687,-0.9343636560050737,0.5395022957324862
2024-11-30 00:00:00,18,-0.07610233934779487,-1.238662700513452,0.003265241198033963,-0.9392814959589479,0.007388022369651637
2024-12-02 04:00:00,18,-2.176091428653848,-0.36026582657406775,0.021808779655164062,-0.8886239442756647,-0.07610233934779487
2024-12-02 08:00:00,18,1.3642741121632014,0.9436813025544557,0.4882246345641156,0.5598921586366998,-2.176091428653848
2024-12-02 12:00:00,18,0.8985773773526375,0.11285345895854895,-0.29810450820112,-0.34823743290226794,1.3642741121632014
2024-12-02 16:00:00,18,0.1651384195693577,-0.2924031695677933,-0.19467142761937592,-0.9463758124156882,0.8985773773526375
2024-12-02 20:00:00,18,-1.2781693830469258,-1.518101003948842,-0.0317717438733701,-1.0563002654078524,0.1651384195693577
2024-12-03 00:00:00,18,-0.3499558024957157,-0.39774833102736235,0.28879260861880823,-0.2054863201783732,-1.2781693830469258
2024-12-03 04:00:00,18,-0.8647489799625454,0.6280811014548562,0.08263271335289728,0.027461895391891034,-0.3499558024957157
2024-12-03 08:00:00,18,1.5721285898300845,1.188979071944975,0.19697030738717447,0.6030823890710852,-0.8647489799625454
2024-12-03 12:00:00,18,-0.16413149265625826,0.1769784478504079,-0.34426980705497695,-0.4434056160889366,1.5721285898300845
2024-12-03 16:00:00,18,1.0484291466916353,-0.5596264451242459,0.04136040161661239,-0.33415142438675005,-0.16413149265625826
2024-12-03 20:00:00,18,-1.3262171933473592,-1.3721679791406478,-0.22795409630646138,-1.0320386922415583,1.0484291466916353
2024-12-04 00:00:00,18,-0.9277950618766528,0.07810019565761468,0.29946421669139367,-0.1492417034627973,-1.3262171933473592
2024-12-04 04:00:00,18,0.7899435573685007,0.508205467011578,0.21097309070846562,0.4683454390784849,-0.9277950618766528
2024-12-04 08:00:00,18,1.5813372150210299,0.6681672688982625,-0.17054342796549685,-0.057480796057229,0.7899435573685007
2024-12-04 12:00:00,18,-1.6977927945071318,-0.42523080593650553,-0.34631507901036135,-1.110098526144764,1.5813372150210299
2024-12-04 16:00:00,18,1.1827760427639635,1.0659964424788189,0.38199262246302235,0.020037905564587177,-1.6977927945071318
2024-12-04 20:00:00,18,-0.3810946596730105,-1.0065648978595247,-0.2577930715206829,-0.7672774257321375,1.1827760427639635
2024-12-05 00:00:00,18,-1.3044957565818383,-0.8100636388894054,0.08954877628160281,-0.5136016178127285,-0.3810946596730105
2024-12-05 04:00:00,18,-0.01626624921377129,0.4700251705503796,0.294639799959691,0.3547364881640753,-1.3044957565818383
2024-12-05 08:00:00,18,1.4610698031012692,0.2559807437572257,0.008518948162043245,0.3655641232578404,-0.01626624921377129
2024-12-05 12:00:00,18,-0.49812396269752135,0.03459335612418594,-0.3196032127278661,-0.60699755747099,1.4610698031012692
2024-12-05 16:00:00,18,0.9452768718125455,0.2509479007114577,0.11554144581381144,-0.2754211486340541,-0.49812396269752135
2024-12-05 20:00:00,18,-1.203003005517587,-0.9599179099067876,-0.20504356942870863,-0.90464506473492,0.9452768718125455
2024-12-06 00:00:00,18,-1.166869576635463,-0.5889211358785728,0.2720978598630703,-0.10386564784150032,-1.203003005517587
2024-12-06 04:00:00,18,-0.5938424928966661,1.0274736902891126,0.2640724828700799,0.6728615381116168,-1.166869576635463
2024-12-06 08:00:00,18,1.6456199956688344,1.7310399873752707,0.13680090869426637,1.0681530236750554,-0.5938424928966661
2024-12-06 12:00:00,18,1.892206768579138,0.7435204222248348,-0.36059253799548313,-0.02725456426598427,1.6456199956688344
2024-12-06 16:00:00,18,-0.3239171114390551,-1.077503180839599,-0.4153604323059268,-1.2868027331690701,1.892206768579138
2024-12-06 20:00:00,18,-1.7798808778729107,-1.220204838122323,0.07684941742448094,-1.071187182392979,-0.3239171114390551
2024-12-07 00:00:00,18,-0.1518578805002342,-0.0507704305152226,0.4002247093704544,0.11359121382523618,-1.7798808778729107
2024-12-09 04:00:00,18,-0.6921057142463596,0.9560791854776503,0.038634383974080456,0.2146754708386478,-0.1518578805002342
2024-12-09 08:00:00,18,1.4565493502032787,1.9414776892632686,0.1586255575104514,0.6753759077792445,-0.6921057142463596
2024-12-09 12:00:00,18,0.25016817537835223,-0.06681243837141752,-0.31859920231956035,-0.29417673172596004,1.4565493502032787
2024-12-09 16:00:00,18,-0.5708779595413809,0.006261041157777393,-0.05065718782653704,-0.46070127462897226,0.25016817537835223
2024-12-09 20:00:00,18,-0.8801877416602295,-0.2772750684708951,0.13170039530968017,-0.08069613959428068,-0.5708779595413809
2024-12-10 00:00:00,18,-0.5456586320486068,0.3772332270449762,0.20039931721995435,0.5052011717928693,-0.8801877416602295
2024-12-10 04:00:00,18,0.33301169246572115,1.648893690197127,0.12609908325874086,0.8684190517072654,-0.5456586320486068
2024-12-10 08:00:00,18,1.3160325551490732,1.3952110689267863,-0.06905705954146012,0.6467496895458158,0.33301169246572115
2024-12-10 12:00:00,18,-0.240164018535296,0.4702544415706541,-0.2873898682196719,-0.2292678908688046,1.3160325551490732
2024-12-10 16:00:00,18,0.6199658186761585,0.692386856000249,0.05824752533518235,-0.06940261884587073,-0.240164018535296
2024-12-10 20:00:00,18,-1.1399181157917369,-0.7572417574215521,-0.13279070214829863,-0.4820831063395392,0.6199658186761585
2024-12-11 00:00:00,18,-0.7877937660364474,0.20324491094548708,0.25808645717381035,0.27670382925686354,-1.1399181157917369
2024-12-11 04:00:00,18,-0.31121073912730424,1.401010962264443,0.17987825101610863,0.8010990549591614,-0.7877937660364474
2024-12-11 08:00:00,18,2.2898856991382956,1.8413585522716538,0.07402728204541803,1.0082566040810867,-0.31121073912730424
2024-12-11 12:00:00,18,0.6708127784584388,0.35627101814685447,-0.5036864904366958,-0.5160066990846506,2.2898856991382956
2024-12-11 16:00:00,18,-0.19598515292929974,-0.5744046068953517,-0.1440840123550723,-0.9625334850651104,0.6708127784584388
2024-12-11 20:00:00,18,-0.9606124434986381,-0.7992701307513722,0.048435225130642884,-0.8320758920560483,-0.19598515292929974
2024-12-12 00:00:00,18,-0.9340988083704751,0.14286460133764545,0.21826196053309393,-0.1926438467184397,-0.9606124434986381
2024-12-12 04:00:00,18,-0.5412799799881896,1.3115191256825516,0.21237317765416353,0.42913938711971866,-0.9340988083704751
2024-12-12 08:00:00,18,1.344632559558038,1.5134067255402646,0.12512656737544015,0.7894426155929803,-0.5412799799881896
2024-12-12 12:00:00,18,0.7370968379687142,0.922649315288341,-0.293742041940353,-0.10561256884151149,1.344632559558038
2024-12-12 16:00:00,18,1.2896975916697588,0.08941405399754884,-0.15880596326460636,-0.5962613647259545,0.7370968379687142
2024-12-12 20:00:00,18,-2.3975757804530993,-1.5581033998961349,-0.2815407690182758,-1.454749066493429,1.2896975916697588
2024-12-13 00:00:00,18,-0.8939277009915223,-0.020651341752447486,0.5374171821918462,0.1411981810389875,-2.3975757804530993
2024-12-13 04:00:00,18,0.14997938515388398,0.8945947545129668,0.20345101635046595,0.7362415016804693,-0.8939277009915223
2024-12-13 08:00:00,18,2.1618464487025477,1.4002970730995898,-0.028404862572656366,0.6364076658224374,0.14997938515388398
2024-12-13 12:00:00,18,-0.5455085780684907,-0.00027108040765663494,-0.4752484681831491,-0.8026262606641481,2.1618464487025477
2024-12-13 16:00:00,18,-0.1253904882764587,0.14850492913921465,0.1260657556782431,-0.43950826423977496,-0.5455085780684907
2024-12-13 20:00:00,18,-0.657871146370292,-0.6457043179619909,0.03275587182650442,-0.35604203711858595,-0.1253904882764587
2024-12-14 00:00:00,18,-0.15492291923478163,0.1964725000012745,0.15102192503223166,0.08187014644636648,-0.657871146370292
2024-12-16 04:00:00,19,-1.6914002084364093,-0.2947758598908337,0.048074742283867086,0.244385700509957,-0.15492291923478163
2024-12-16 08:00:00,19,2.4125426796072666,1.576823273109749,0.4724821159928711,1.436116900649976,-1.6914002084364093
2024-12-16 12:00:00,19,-0.9984616602504488,0.23715464342305725,-0.6611133072570182,-0.2637187554040299,2.4125426796072666
2024-12-16 16:00:00,19,1.509846276591455,0.34301126617169103,0.28107790101085506,0.4397799829365834,-0.9984616602504488
2024-12-16 20:00:00,19,-0.8845242253821457,-0.752695482936833,-0.4117695568787913,-0.6240314711796717,1.509846276591455
2024-12-17 00:00:00,19,-1.1030013769236184,-0.4984703495876878,0.24960598285141153,-0.0008110698755672274,-0.8845242253821457
2024-12-17 04:00:00,19,-1.0873863702709947,0.810754227780434,0.3099539715609099,0.7763445365390904,-1.1030013769236184
2024-12-17 08:00:00,19,3.1696662231900277,1.7252186495284432,0.3056407779911357,1.5424980805645472,-1.0873863702709947
2024-12-17 12:00:00,19,-0.7200300002298317,-0.43381347777983353,-0.8702467692115262,-0.6907936698825488,3.1696662231900277
2024-12-17 16:00:00,19,-0.5004441139904738,-0.14009093629104918,0.20416921487714057,-0.18347304166531764,-0.7200300002298317
2024-12-17 20:00:00,19,0.044507282989865615,-0.614305146509211,0.14351497030263424,0.1691311862366085,-0.5004441139904738
2024-12-18 00:00:00,19,-0.9178426150052843,-0.30777685794138315,-0.007012078041604758,0.13777212792035343,0.044507282989865615
2024-12-18 04:00:00,19,-0.3265180809008257,0.2779327681729357,0.2588092234951553,0.7844680876725789,-0.9178426150052843
2024-12-18 08:00:00,19,1.7363710530733663,0.948807525378199,0.09547293841451027,1.0145270544850966,-0.3265180809008257
2024-12-18 12:00:00,19,0.7925606967549452,-0.1415444167447971,-0.47434046901811877,-0.20888982145370605,1.7363710530733663
2024-12-18 16:00:00,19,-0.9903365389050229,-0.7504472635169759,-0.21364017919307607,-0.767314318279757,0.7925606967549452
2024-12-18 20:00:00,19,2.813634711099077,-0.4009534349884469,0.2788335714424883,-0.0695403992716539,-0.9903365389050229
2024-12-19 00:00:00,19,-2.8126322936268746,-2.6118894462602373,-0.7719033702780603,-2.0519785320619057,2.813634711099077
2024-12-19 04:00:00,19,-0.5195943402960701,-0.32148004073018327,0.7821900224736872,-0.07024668520636723,-2.8126322936268746
2024-12-19 08:00:00,19,1.1073591206657287,0.10461542989860176,0.14880466596518085,0.2958504594306337,-0.5195943402960701
2024-12-19 12:00:00,19,0.6656479892842402,-0.2560805102401724,-0.30059413111847744,-0.48437553751240614,1.1073591206657287
2024-12-19 16:00:00,19,0.027404711264141568,-0.7751946821684231,-0.17858421758108978,-0.953379545661269,0.6656479892842402
2024-12-19 20:00:00,19,-1.0342962335854704,-1.5658860870251359,-0.0022879876819249254,-0.9726884290830693,0.027404711264141568
2024-12-20 00:00:00,19,-1.5011050102086045,-0.8427145606581719,0.2909761645673582,-0.24394127296761958,-1.0342962335854704
2024-12-20 04:00:00,19,-0.11714859853232085,0.7606637536606529,0.41991857608447314,0.8137112367277837,-1.5011050102086045
2024-12-20 08:00:00,19,1.617333905155803,0.9307548698296518,0.037640679668269755,0.8962521038905606,-0.11714859853232085
2024-12-20 12:00:00,19,1.0478788487940953,-0.6473274386166897,-0.4414599027536124,-0.2432932658006557,1.617333905155803
2024-12-20 16:00:00,19,0.15315338129003742,-1.2445399698687976,-0.28416442782904283,-0.9816104966050396,1.0478788487940953
2024-12-20 20:00:00,19,-0.7586900291798333,-1.1537321122620507,-0.037022417645951024,-1.0895197081446337,0.15315338129003742
2024-12-21 00:00:00,19,-1.9868215317399596,-0.49190997957199933,0.21484792875693365,-0.5549598952162782,-0.7586900291798333
2024-12-23 04:00:00,19,-0.7986928423475064,0.6558624470106446,0.5540837047973803,0.8449200366144805,-1.9868215317399596
2024-12-23 08:00:00,19,2.0248074321556455,1.814570971545028,0.22589754790638802,1.4076651366839315,-0.7986928423475064
2024-12-23 12:00:00,19,0.7485016737716812,0.6274360696806194,-0.5540126691793414,-0.018979000605115814,2.0248074321556455
2024-12-23 16:00:00,19,-0.34639454577884976,-0.15828112474580563,-0.20147014949987577,-0.5463602753274053,0.7485016737716812
2024-12-23 20:00:00,19,-0.5523211715269216,-0.37879914187913855,0.10096323645977767,-0.3022966966994929,-0.34639454577884976
2024-12-24 00:00:00,19,-0.6987102497916204,0.04548947239794987,0.1578445057272906,0.08685920462027674,-0.5523211715269216
2024-12-24 04:00:00,19,-0.23256199150564072,0.7367995615992518,0.19828025097562127,0.579158307092337,-0.6987102497916204
2024-12-24 08:00:00,19,0.5954753574057605,1.6563388239004082,0.06952028852868036,0.7430174457288281,-0.23256199150564072
2024-12-24 12:00:00,19,0.9942341844580618,0.8985018936794831,-0.15920105935864104,0.3234558548082518,0.5954753574057605
2024-12-24 16:00:00,19,-0.18640311226922535,0.05172040937214062,-0.269346642194094,-0.37706427753805194,0.9942341844580618
2024-12-24 20:00:00,19,-0.13104562224021699,-0.08248000605243222,0.0567702343314866,-0.2457278832379739,-0.18640311226922535
2024-12-25 00:00:00,19,0.34677000916676626,-0.18074155289430904,0.04147933018116125,-0.15339541462027206,-0.13104562224021699
2024-12-26 04:00:00,19,-1.9255617718979927,-0.4684126925127775,-0.09050340634722481,-0.3977235382279325,0.34677000916676626
2024-12-26 08:00:00,19,0.8474874237644237,1.5859494358840618,0.5371624694681664,0.9589938311574517,-1.9255617718979927
2024-12-26 12:00:00,19,0.4869846511407854,0.39394996313237335,-0.22881209752884074,0.36186891678842237,0.8474874237644237
2024-12-26 16:00:00,19,0.6061233750307782,0.40371220844663774,-0.12923364230578094,0.01874799256299653,0.4869846511407854
2024-12-26 20:00:00,19,-0.4141201489795634,-0.481699709160815,-0.16214226599228357,-0.4083160065753866,0.6061233750307782
2024-12-27 00:00:00,19,-0.9362285159846699,-0.13892741778876783,0.11967047384576489,-0.11653414461037848,-0.4141201489795634
2024-12-27 04:00:00,19,-1.0605025687705094,0.6450892548413875,0.26388779641177124,0.5431162015316175,-0.9362285159846699
2024-12-27 08:00:00,19,1.7187277136149177,1.7102471064203788,0.2982149060499606,1.2903278861043557,-1.0605025687705094
2024-12-27 12:00:00,19,0.9368165857159134,-0.02517646308124707,-0.4694670072262381,0.07934220060908181,1.7187277136149177
2024-12-27 16:00:00,19,0.41896099529330577,0.03873897604744733,-0.25348669264710477,-0.5807224892483074,0.9368165857159134
2024-12-27 20:00:00,19,-1.460559810539932,-1.5294595208371913,-0.1104440765040534,-0.87591512742015,0.41896099529330577
2024-12-28 00:00:00,19,0.3381903874258043,0.14565163645407725,0.40871913836494145,0.1531699390290857,-1.460559810539932
2024-12-30 04:00:00,19,-2.0797775864568635,-0.2632037985965479,-0.08813353420131737,-0.08511313216395244,0.3381903874258043
2024-12-30 08:00:00,19,2.4326960061935097,1.563515106500962,0.579760124052006,1.3802620207833183,-2.0797775864568635
2024-12-30 12:00:00,19,1.114668428663789,0.4369779587692891,-0.6666800803346805,-0.3337733190354406,2.4326960061935097
2024-12-30 16:00:00,19,-0.1549702208287318,-0.8265202286224522,-0.30261311586552747,-1.1191493274005406,1.114668428663789
2024-12-30 20:00:00,19,-1.243341408851359,-1.217093946785104,0.04808780797992503,-1.0099600022881159,-0.1549702208287318
2024-12-31 00:00:00,19,-0.11935648595456705,-0.48338788887713097,0.348718842864435,-0.13392324767285224,-1.243341408851359
2024-12-31 16:00:00,19,1.0234200712354031,-0.5186519762939223,0.03825054465547536,-0.049826741392635654,-0.11935648595456705
2024-12-31 20:00:00,19,-0.9785092422351305,-0.6512143511725319,-0.27740839855300253,-0.7709107424808419,1.0234200712354031
2025-01-01 00:00:00,19,-0.9892447503935635,-0.1300542326842033,0.27556662311007624,-0.08147013121653579,-0.9785092422351305
2025-01-02 04:00:00,19,0.16205157735628006,0.6214202676758026,0.27853199647092797,0.6155345325753441,-0.9892447503935635
2025-01-02 08:00:00,19,1.3938272260630864,0.9644113063709133,-0.03948028672723378,0.5013558066865063,0.16205157735628006
2025-01-02 12:00:00,19,0.5726696612220099,0.08549152891959827,-0.37972265265117167,-0.4807106401655634,1.3938272260630864
2025-01-02 16:00:00,19,-0.5094450303521825,0.03965229346604948,-0.1529016459595791,-0.8842037337857782,0.5726696612220099
2025-01-02 20:00:00,19,-0.45227394085852524,-0.749820349059252,0.14600121289202658,-0.5252576165991076,-0.5094450303521825
2025-01-03 00:00:00,19,-0.8460323005556809,0.16278251194412618,0.1302093543890654,-0.20659325576776588,-0.45227394085852524
2025-01-03 04:00:00,19,-0.8838131251935408,1.07708588086129,0.23897370286952332,0.3895064040699836,-0.8460323005556809
2025-01-03 08:00:00,19,1.7901842722676928,2.109932094218022,0.2494095620090009,1.0122257765359937,-0.8838131251935408
2025-01-03 12:00:00,19,-0.03500600828791356,0.590893651524491,-0.4892048130534012,-0.24910695868553745,1.7901842722676928
2025-01-03 16:00:00,19,0.4447596902284321,0.7645969462706171,0.014951166949602475,-0.22444233344723763,-0.03500600828791356
2025-01-03 20:00:00,19,-1.453536678807028,-0.18433061846750942,-0.11757021916785161,-0.5378122838387025,0.4447596902284321
2025-01-04 00:00:00,19,0.5621379260694468,0.8314104716515855,0.40677920152700553,0.4863244060128178,-1.453536678807028
2025-01-06 04:00:00,19,-1.3174843277052446,0.6279604353396583,-0.14999255899284586,0.0902517900006341,0.5621379260694468
2025-01-06 08:00:00,19,2.2513026310216517,1.6350305669516951,0.3691986779332943,1.0185283570664971,-1.3174843277052446
2025-01-06 12:00:00,19,1.6265594625115742,0.1561455566739336,-0.6165754113584782,-0.5677003621708181,2.2513026310216517
2025-01-06 16:00:00,19,-0.4151554036402558,-1.1975716388079787,-0.44400819591478186,-1.7137458992882397,1.6265594625115742
2025-01-06 20:00:00,19,-2.048618496526162,-1.627750367637163,0.11995643297757398,-1.4212346148760275,-0.4151554036402558
2025-01-07 00:00:00,19,0.08306122376303904,-0.1501546756455331,0.5711533274416095,0.022186384670307646,-2.048618496526162
2025-01-07 04:00:00,19,-0.6209951079761424,0.09291521899007277,-0.017661488133554254,-0.036337110470874734,0.08306122376303904
2025-01-07 08:00:00,19,1.5778255329065587,1.0116343239117023,0.17681369272114283,0.40120525331635903,-0.6209951079761424
2025-01-07 12:00:00,19,-0.58966423706444,-0.12654283589941567,-0.4305468585949629,-0.7105032037143708,1.5778255329065587
2025-01-07 16:00:00,19,1.269535761124489,-0.17187961965728904,0.16815944658740353,-0.2950360272227268,-0.58966423706444
2025-01-07 20:00:00,19,-2.0471273841553472,-1.7088291362704864,-0.3453907334098242,-1.189528867343741,1.269535761124489
2025-01-08 00:00:00,19,-0.8501040090201393,0.0072852043418953375,0.5707414508133963,0.25284152033300167,-2.0471273841553472
2025-01-08 04:00:00,19,0.3299128029218785,1.0293066157502948,0.24009839446636913,0.8518100352121358,-0.8501040090201393
2025-01-08 08:00:00,19,1.3617918009131635,1.1545353075416653,-0.08584709109886778,0.6193592062441606,0.3299128029218785
2025-01-08 12:00:00,19,2.0193942547729993,-0.24677020004327488,-0.37087379380432545,-0.3401356366371342,1.3617918009131635
2025-01-08 16:00:00,19,-1.0018686725257826,-1.9047541676082096,-0.5525174356262418,-1.762965743191991,2.0193942547729993
2025-01-08 20:00:00,19,-0.2564092077856266,-1.3420463198867245,0.28201898952685917,-1.057066483196289,-1.0018686725257826
2025-01-09 00:00:00,19,-1.6786912594093302,-1.1188135934244778,0.07610739170475034,-0.8764050102952083,-0.2564092077856266
2025-01-09 04:00:00,19,0.9875629265583985,0.27562626019956,0.46897163671856507,0.30637168516814306,-1.6786912594093302
2025-01-09 08:00:00,19,1.2608807800094386,0.1487651468524629,-0.26750390031666427,-0.3894479947698226,0.9875629265583985
2025-01-09 12:00:00,19,0.2924015995983993,-0.9073268220913633,-0.3430000454183028,-1.2778426855705387,1.2608807800094386
2025-01-09 16:00:00,19,-0.33053395221884685,-1.3865891566997708,-0.07548570704257981,-1.483863772403911,0.2924015995983993
2025-01-09 20:00:00,19,-2.7612569017843605,-1.1341182251996123,0.09658220661600792,-1.2509752924332638,-0.33053395221884685
2025-01-10 04:00:00,19,0.6513837441572896,0.755671552020114,0.7679990576749286,0.6945583459363345,-2.7612569017843605
2025-01-10 08:00:00,19,1.0153683423481024,0.701189030069523,-0.17464413278138785,0.23560467707408428,0.6513837441572896
2025-01-10 12:00:00,19,2.5587131599369872,-0.008011730081163123,-0.27518434152665244,-0.47980621573247184,1.0153683423481024
2025-01-10 16:00:00,19,-1.1849274082888268,-2.417769194012576,-0.7014886711537113,-2.2826310526317446,2.5587131599369872
2025-01-10 20:00:00,19,-2.65440660372151,-1.925425422215847,0.33258366615807283,-1.4477517879163546,-1.1849274082888268
2025-01-11 00:00:00,19,0.08350338650382483,0.4578725645681531,0.738484755901915,0.42249698687653137,-2.65440660372151
2025-01-13 04:00:00,20,1.741701414755731,0.521566637493627,-0.01565873085024683,0.4839950228888057,0.08350338650382483
2025-01-13 08:00:00,20,1.2527036048987394,-0.052976127607776244,-0.3523965373481351,-0.7671477916186262,1.741701414755731
2025-01-13 12:00:00,20,-1.0030578792219558,-1.003045432143586,-0.25309353066979173,-1.6670213868849117,1.2527036048987394
2025-01-13 16:00:00,20,-1.0546254946370315,-0.8883028880843854,0.20499420143661065,-0.9464795951107927,-1.0030578792219558
2025-01-13 20:00:00,20,0.0478866164224776,-0.7664261505615606,0.2154662713615191,-0.18889445541190675,-1.0546254946370315
2025-01-14 00:00:00,20,1.2244967938934561,-0.5507958646685026,-0.008425871549131752,-0.22329357545651973,0.0478866164224776
2025-01-14 04:00:00,20,-1.2042053390263519,-1.0550420615352125,-0.24736544542038832,-1.102904944022841,1.2244967938934561
2025-01-14 08:00:00,20,0.9300457942479046,0.11058941036430069,0.2458421298764729,-0.23786984423473712,-1.2042053390263519
2025-01-14 12:00:00,20,0.15092848991142738,-0.6283256174039742,-0.1875699432834803,-0.9059637567606771,0.9300457942479046
2025-01-14 16:00:00,20,0.34424727589006743,-0.5905116335532526,-0.02935105289956493,-1.0143825098588497,0.15092848991142738
2025-01-14 20:00:00,20,-1.910136422349277,-1.5857437207057934,-0.06860917698134836,-1.2616708808704917,0.34424727589006743
2025-01-15 00:00:00,20,-0.7827113932150009,-0.2062403322192727,0.38919876188709024,0.11046640931274077,-1.910136422349277
2025-01-15 04:00:00,20,-0.35393700315566434,0.8378763865498244,0.1602474395280097,0.6727233651592126,-0.7827113932150009
2025-01-15 08:00:00,20,2.7802411083368526,1.3926190697376628,0.07317427629233574,0.9269723050376992,-0.35393700315566434
2025-01-15 12:00:00,20,0.6501249385489327,-0.5773971898835422,-0.563297510826056,-1.0702004915301213,2.7802411083368526
2025-01-15 16:00:00,20,-0.4996297739894242,-2.9026903414027116,-0.1307251434856819,-1.5372146068695525,0.6501249385489327
2025-01-15 20:00:00,20,-2.143849705062216,-1.5221985943793366,0.1027607691220732,-1.1783079674508148,-0.4996297739894242
2025-01-16 00:00:00,20,0.4011632482452523,0.1072097084734437,0.436659979925772,0.3617161326321767,-2.143849705062216
2025-01-16 04:00:00,20,-0.6406371344691895,0.26258022689516447,-0.08016736204672574,0.07354244727239312,0.4011632482452523
2025-01-16 08:00:00,20,1.256302750892651,0.872010636603813,0.13139577438623326,0.5337410442920607,-0.6406371344691895
2025-01-16 12:00:00,20,0.23285856268557836,0.0788906239681439,-0.2538244255970599,-0.36871798014738566,1.256302750892651
2025-01-16 16:00:00,20,0.38936168244705094,-0.07525696055925012,-0.04598896497166201,-0.535990806036116,0.23285856268557836
2025-01-16 20:00:00,20,-1.1782427353931553,-1.074687915321653,-0.07777076446765595,-0.8156868935003807,0.38936168244705094
2025-01-17 00:00:00,20,-1.1572359080643135,-0.1164054902919653,0.24056978601315682,0.030698095134123804,-1.1782427353931553
2025-01-17 04:00:00,20,0.7062681436526432,0.7675725857791031,0.23630383415718256,0.8619929306313487,-1.1572359080643135
2025-01-17 08:00:00,20,2.05879031237588,0.561730831094575,-0.14212639919475722,0.3546486145733425,0.7062681436526432
2025-01-17 12:00:00,20,-0.6613181174610485,-0.35386059099164074,-0.4167892202667168,-1.124273480846698,2.05879031237588
2025-01-17 16:00:00,20,0.5642715928882112,-0.06587781022049326,0.13559555555244315,-0.6492187993983194,-0.6613181174610485
2025-01-17 20:00:00,20,-2.7427575940617803,-0.9631634119424762,-0.11329051456577313,-1.0545605777833131,0.5642715928882112
2025-01-18 00:00:00,20,1.3409187496897932,0.9193004476875657,0.5582829256776749,0.9156861170138875,-2.7427575940617803
2025-01-20 04:00:00,20,-0.5896781136332852,-0.309866036492493,-0.2710077808683334,-0.047556402225820804,1.3409187496897932
2025-01-20 08:00:00,20,1.5197574708020376,0.7165367020299442,0.12104729452725482,0.37603602785097934,-0.5896781136332852
2025-01-20 12:00:00,20,2.0334746726916695,-0.9898716371144308,-0.3073253723973206,-0.7156744245141446,1.5197574708020376
2025-01-20 16:00:00,20,-0.9048737888778362,-4.156904680876563,-0.4116482583115643,-2.1764111522143104,2.0334746726916695
2025-01-20 20:00:00,20,1.1632019037032642,-3.674577186184514,0.185055512177449,-1.5263994283911444,-0.9048737888778362
2025-01-21 04:00:00,20,-2.5725009357304582,-4.508093381040892,-0.23491801361760573,-2.3619799080934083,1.1632019037032642
2025-01-21 08:00:00,20,0.24073137947379664,-1.1221530014440046,0.5237081326244051,-0.5140362629972692,-2.5725009357304582
2025-01-21 12:00:00,20,-0.02632100349281785,-0.7701565627786798,-0.047587733641661675,-0.6869644888707853,0.24073137947379664
2025-01-21 16:00:00,20,-0.020258523589641086,-0.7242242242865136,0.006643806939178121,-0.6680569229058797,-0.02632100349281785
2025-01-21 20:00:00,20,-1.7702747833171504,-1.4435367114507385,0.005412671604464562,-0.6535043101520657,-0.020258523589641086
2025-01-22 00:00:00,20,1.7042906407935714,0.1699312862336271,0.3607964234821123,0.618164045908598,-1.7702747833171504
2025-01-22 04:00:00,20,-1.2640584405031259,-0.5471578961756435,-0.3447993615291007,-0.6061049194813126,1.7042906407935714
2025-01-22 08:00:00,20,0.8919180619962752,0.8796511988663114,0.25799677109543023,0.30192536719946084,-1.2640584405031259
2025-01-22 12:00:00,20,0.4957191710266535,0.20510824668300323,-0.1798271714875884,-0.3387796726781911,0.8919180619962752
2025-01-22 16:00:00,20,-1.012950955379507,-0.23324681702312242,-0.09936926283680174,-0.6948771493117292,0.4957191710266535
2025-01-22 20:00:00,20,-0.6947995183972662,-0.07163266262387664,0.20700323335442228,0.032771286025420565,-1.012950955379507
2025-01-23 00:00:00,20,0.3575108799810458,0.4457649967369488,0.1423947757406519,0.5318771704217315,-0.6947995183972662
2025-01-23 04:00:00,20,-1.1130187153818767,0.4431832826995056,-0.07130267731831412,0.2750609533554744,0.3575108799810458
2025-01-23 08:00:00,20,1.3900512488930268,1.1348511405014594,0.22732444796826334,1.0745925816613688,-1.1130187153818767
2025-01-23 12:00:00,20,0.6319251607411758,0.5233007060344623,-0.2809853406818002,0.0760559684879194,1.3900512488930268
2025-01-23 16:00:00,20,0.5592657383032975,-0.12809364580627006,-0.12702923192788454,-0.37788442420485424,0.6319251607411758
2025-01-23 20:00:00,20,-1.6565370690355454,-1.2579014647567928,-0.11227395293450146,-0.7796302710821159,0.5592657383032975
2025-01-24 00:00:00,20,0.5087603521114037,-0.5078279446012741,0.33769918915259906,0.4103351462564788,-1.6565370690355454
2025-01-24 04:00:00,20,0.8547318049952999,0.1586591907561762,-0.1020175947234643,0.044869600062543924,0.5087603521114037
2025-01-24 08:00:00,20,0.27754673138046293,-0.42809986114538634,-0.17227558934780254,-0.5691228713742529,0.8547318049952999
2025-01-24 12:00:00,20,-0.6181963507462847,-0.295076595166632,-0.05506399439898983,-0.7684972278022713,0.27754673138046293
2025-01-24 16:00:00,20,0.29770385738981986,0.06216340535166377,0.12683862249110597,-0.3244188595824191,-0.6181963507462847
2025-01-24 20:00:00,20,-1.3136331880321883,-0.7264519984900729,-0.05915739354797328,-0.5382729903012926,0.29770385738981986
2025-01-25 00:00:00,20,0.8597081191754885,-0.019619890258181488,0.26806414028547915,0.40536907726599125,-1.3136331880321883
2025-01-27 04:00:00,20,-0.3412942478302341,-0.7574053254608564,-0.17328615207488987,-0.2121981054712201,0.8597081191754885
2025-01-27 08:00:00,20,1.1840441041563103,-0.08621275928520034,0.07060685453459613,0.03296897207025573,-0.3412942478302341
2025-01-27 12:00:00,20,-0.4147977440412305,-1.344715215879737,-0.23915053394604135,-0.8175834018467274,1.1840441041563103
2025-01-27 16:00:00,20,-0.3252076214776256,-1.1092286990442848,0.08553354342356435,-0.5196154421641186,-0.4147977440412305
2025-01-27 20:00:00,20,-0.9920492239502963,-0.8059176622996873,0.06734007024246959,-0.286004115109046,-0.3252076214776256
2025-01-28 00:00:00,20,1.7999049218628507,-0.5089191275410743,0.2027586238002182,0.4266296622236556,-0.9920492239502963
2025-01-28 04:00:00,20,-1.708461363817925,-1.0937893543023125,-0.36421618794463084,-0.8663233610137375,1.7999049218628507
2025-01-28 08:00:00,20,1.1004695338379893,0.4261785195020636,0.3482436915769572,0.36094162315356826,-1.708461363817925
2025-01-28 12:00:00,20,-0.3901733789068178,-0.30353482424942646,-0.22217866628698776,-0.4295753610901656,1.1004695338379893
2025-01-28 16:00:00,20,-0.522924563110994,-0.15071939643187124,0.0805329617315775,-0.14929619538723493,-0.3901733789068178
2025-01-28 20:00:00,20,0.024587990961123296,-0.439086561904115,0.10749134777310305,0.2263441434922715,-0.522924563110994
2025-01-29 00:00:00,20,-0.3953314389763456,-0.0538364324870545,-0.0036945138351540353,0.20868147872461584,0.024587990961123296
2025-01-29 04:00:00,20,-0.40896846739019566,0.2623313664796272,0.08158043242205239,0.49266591201136656,-0.3953314389763456
2025-01-29 08:00:00,20,1.1295283739770348,0.9992869363830261,0.08434976573266445,0.7864464389147798,-0.40896846739019566
2025-01-29 12:00:00,20,0.49542952673081864,0.5571023285544094,-0.22807977696320214,-0.02494482304950374,1.1295283739770348
2025-01-29 16:00:00,20,0.41090208454613375,0.07011167482304133,-0.09931044345384367,-0.38083423509950975,0.49542952673081864
2025-01-29 20:00:00,20,0.35170729285788127,-0.26483895151361325,-0.08214507177615898,-0.6760037665648788,0.41090208454613375
2025-01-30 00:00:00,20,-2.092755563450611,-1.5480808414856937,-0.07012411651654182,-0.9286510048004377,0.35170729285788127
2025-01-30 04:00:00,20,-0.09314363510699764,0.2577390271077684,0.4262840604770422,0.5746698649818835,-2.092755563450611
2025-01-30 08:00:00,20,0.8458231088788217,0.8113686009559762,0.02021378230448291,0.6415791462134006,-0.09314363510699764
2025-01-30 12:00:00,20,1.2183634813947588,0.49469474067072744,-0.17046645995679632,0.033986193682848054,0.8458231088788217
2025-01-30 16:00:00,20,-1.318863130559432,-0.5323715149273036,-0.24611992578872244,-0.8412193394188741,1.2183634813947588
2025-01-30 20:00:00,20,2.411606766239286,-0.3036384077949577,0.2691262084731917,0.10617963214918369,-1.318863130559432
2025-01-31 00:00:00,20,-3.1376583171040835,-1.7826373030181002,-0.48843726033559465,-1.6261864619674427,2.411606766239286
2025-01-31 04:00:00,20,-0.15932212940859003,0.5693367304331746,0.6384772094701134,0.6277352634017834,-3.1376583171040835
2025-01-31 08:00:00,20,1.0288118143659357,0.8197986898735948,0.033652949779518535,0.7421835469668139,-0.15932212940859003
2025-01-31 12:00:00,20,0.5504341367393089,0.5340238609233106,-0.20762680766543437,0.003141540042326696,1.0288118143659357
2025-01-31 16:00:00,20,0.9159613502675157,0.23750039857936664,-0.11048047948449621,-0.3922601684287965,0.5504341367393089
2025-01-31 20:00:00,20,0.4152187402589327,-0.8758397604675687,-0.1847097512612413,-1.0502365885228517,0.9159613502675157
2025-02-01 00:00:00,20,1.2726841267508568,-1.3355801902255873,-0.08302167466156157,-1.348506968808815,0.4152187402589327
2025-02-03 04:00:00,20,-2.1626392136154085,-3.3419938885799265,-0.2571510660102831,-2.2627334756210153,1.2726841267508568
2025-02-03 08:00:00,20,0.5058031121136732,-0.9443539765843081,0.44047565078508755,-0.709212022653487,-2.1626392136154085
2025-02-03 12:00:00,20,-0.18278501939173175,-1.2645369088094986,-0.10141705456290619,-1.0725532497519747,0.5058031121136732
2025-02-03 16:00:00,20,1.4739714197454,-1.309524174171884,0.038417665436160334,-0.941250512282684,-0.18278501939173175
2025-02-03 20:00:00,20,-1.4300010233584004,-3.2740100173208453,-0.29802739101130593,-2.000070775606872,1.4739714197454
2025-02-04 00:00:00,20,0.012605733509031936,-2.2008276531358932,0.29169548524369615,-0.9728364345449982,-1.4300010233584004
2025-02-04 04:00:00,20,-0.6914793106970176,-1.4746415317997015,-0.0012612223810785272,-0.9818917024386806,0.012605733509031936
2025-02-04 08:00:00,20,-0.05049023734611069,-0.7568674166895599,0.14172052607984525,-0.4851708732370472,-0.6914793106970176
2025-02-04 12:00:00,20,0.21647222509148278,-0.5652361836932147,0.011551963054326956,-0.44890145465405773,-0.05049023734611069
2025-02-04 16:00:00,20,-0.6560762608516129,-0.2250857799039728,-0.04266131695619146,-0.6044032339309773,0.21647222509148278
2025-02-04 20:00:00,20,-0.8817396281344436,-0.5658374973244182,0.1345310679179363,-0.13311401490687658,-0.6560762608516129
2025-02-05 00:00:00,20,0.7143410976784441,-0.3112978317550315,0.18035755306088194,0.500279396076591,-0.8817396281344436
2025-02-05 04:00:00,20,-1.065932773116236,-0.14759517957433513,-0.14376581064278093,-0.012864087585953143,0.7143410976784441
2025-02-05 08:00:00,20,1.9598626598662836,0.8558624159028758,0.21776249176926024,0.7528435810958225,-1.065932773116236
2025-02-05 12:00:00,20,-0.44898089140192,-0.4300634444597583,-0.3966995324607402,-0.6550143120764247,1.9598626598662836
2025-02-05 16:00:00,20,0.1432612705672387,-0.0588794288107123,0.09247527044610065,-0.3324910532849987,-0.44898089140192
2025-02-05 20:00:00,20,-1.4774120318183392,-0.3329705505960934,-0.02779403583651723,-0.4354020963311136,0.1432612705672387
2025-02-06 00:00:00,20,0.13680741329295643,0.2559206287082396,0.3013234541114937,0.6258897140884017,-1.4774120318183392
2025-02-06 04:00:00,20,-0.13237763497851418,0.6413701338220983,-0.026483421721095,0.5276147683010741,0.13680741329295643
2025-02-06 08:00:00,20,0.904175619867166,1.132751156375613,0.028181208891523736,0.6227076041922839,-0.13237763497851418
2025-02-06 12:00:00,20,1.5033450900417211,0.4956282641808831,-0.18231636944835067,-0.026802593287955645,0.904175619867166
2025-02-06 16:00:00,20,0.014888214997448301,-0.5045472608187181,-0.30399243567777606,-1.1067232910583709,1.5033450900417211
2025-02-06 20:00:00,20,-1.7190426010470734,-0.9011042172524528,-0.001724736265841512,-1.1174181685253632,0.014888214997448301
2025-02-07 00:00:00,20,-0.3343538370033148,-0.22529263068348135,0.3503924714897723,0.11744779639311531,-1.7190426010470734
2025-02-07 04:00:00,20,-0.34751843870747123,0.4167773548443978,0.06919743377891303,0.35762926327695155,-0.3343538370033148
2025-02-07 08:00:00,20,0.7462124408291473,1.0655217086074915,0.07187082925143652,0.6072674583281241,-0.34751843870747123
2025-02-07 12:00:00,20,0.44782520981931917,0.36152506273978385,-0.15023806908227708,0.07122934896574762,0.7462124408291473
2025-02-07 16:00:00,20,1.2557782083928863,-0.24382645889320478,-0.08964321856062156,-0.25046373153238477,0.44782520981931917
2025-02-07 20:00:00,20,-1.2340584927918208,-1.3499988666654787,-0.2537179043687288,-1.152545953395956,1.2557782083928863
2025-02-08 00:00:00,20,-0.5634800548347574,-0.45653677608780646,0.2519045454292316,-0.26606598452316454,-1.2340584927918208
2025-02-10 04:00:00,21,-0.37249251001855654,-0.10414004416206736,0.09532037172707467,0.24022303008024615,-0.5634800548347574
2025-02-10 08:00:00,21,0.6975793202167306,0.5591144334981607,0.06447204609592473,0.46655685013867476,-0.37249251001855654
2025-02-10 12:00:00,21,0.6177635097251795,0.5840645215887915,-0.10836605337064636,0.042693851308042596,0.6975793202167306
2025-02-10 16:00:00,21,-0.7606544543757892,-0.025790402092619333,-0.09547419639155888,-0.3326714816535148,0.6177635097251795
2025-02-10 20:00:00,21,-0.9039620060500528,-0.15781441182829042,0.1271679986967903,0.12951721683804784,-0.7606544543757892
2025-02-11 00:00:00,21,0.3026050437548484,0.6949566082798874,0.1503150474936369,0.6787824195311067,-0.9039620060500528
2025-02-11 04:00:00,21,-0.9707165998424649,0.3914597897334009,-0.044569772267867215,0.49491360692445596,0.3026050437548484
2025-02-11 08:00:00,21,2.3834622902340836,0.985489572519522,0.16109725556204904,1.0847402217617024,-0.9707165998424649
2025-02-11 12:00:00,21,-0.9001739944457938,-0.019844504736290153,-0.3806700242141625,-0.3634986303081469,2.3834622902340836
2025-02-11 16:00:00,21,0.10750047099888249,-0.09278148107504063,0.1497032075143586,0.18346490157608208,-0.9001739944457938
2025-02-11 20:00:00,21,-0.014309410196512218,-0.36112911282774074,-0.01305646390896591,0.1181454881520505,0.10750047099888249
2025-02-12 00:00:00,21,-1.069050537832453,-0.31590823267885615,0.006618279194430827,0.12684016894549366,-0.014309410196512218
2025-02-12 04:00:00,21,0.44880930867487834,0.5393871424734724,0.17698016218105253,0.7764164303610119,-1.069050537832453
2025-02-12 08:00:00,21,0.9035023181518493,0.6744492072429336,-0.06818469845196157,0.5037110132638816,0.44880930867487834
2025-02-12 12:00:00,21,2.028465580859871,0.2132160983246078,-0.14162675474967318,-0.04527487396581442,0.9035023181518493
2025-02-12 16:00:00,21,-0.1968759230894399,-2.2493545973502918,-0.32333092338797365,-1.27781070065984,2.028465580859871
2025-02-12 20:00:00,21,-2.3322951257046345,-1.8847503575494329,0.03610643898246551,-1.1581849939626974,-0.1968759230894399
2025-02-13 00:00:00,21,-0.23335495867545397,-0.31168205959080436,0.38101954305257013,0.2589636764309322,-2.3322951257046345
2025-02-13 04:00:00,21,0.07822830033682493,0.10079347842380426,0.04199853613231175,0.4007547670060436,-0.23335495867545397
2025-02-13 08:00:00,21,1.811175566914768,0.5576933227516371,-0.008328420237936179,0.35322170372101525,0.07822830033682493
2025-02-13 12:00:00,21,-0.44650726313474287,-0.6553385766124472,-0.2882342205478675,-0.7472844107130392,1.811175566914768
2025-02-13 16:00:00,21,0.2804837088425902,-0.5002967665649415,0.07642691575946525,-0.47597776203952513,-0.44650726313474287
2025-02-13 20:00:00,21,0.08713556535589362,-0.9559623952312338,-0.04099673223834179,-0.6464052138112049,0.2804837088425902
2025-02-14 00:00:00,21,-2.0347843322935777,-0.8786086188170135,-0.009767122494963537,-0.6993505075809168,0.08713556535589362
2025-02-14 04:00:00,21,-1.222841601807076,0.37216091108319194,0.33296557260775217,0.5370247175211968,-2.0347843322935777
2025-02-14 08:00:00,21,2.576952008792471,1.2073894341060545,0.2018205088393428,1.2800474726621687,-1.222841601807076
2025-02-14 12:00:00,21,-0.5919402340646336,-0.10139550907494577,-0.4119225011760129,-0.28575956122472945,2.576952008792471
2025-02-14 16:00:00,21,0.5453166896625401,0.18806250411847605,0.0999172624680338,0.07391503844830716,-0.5919402340646336
2025-02-14 20:00:00,21,-2.044526953806196,-0.6220256995960368,-0.08377257941761238,-0.2574301730481352,0.5453166896625401
2025-02-15 00:00:00,21,0.635161945757968,0.4999384463348435,0.33453920172169016,0.984864861674378,-2.044526953806196
2025-02-17 04:00:00,21,-0.21660444006061397,0.009966203956211282,-0.0982843933639777,0.5989278946948708,0.635161945757968
2025-02-17 08:00:00,21,1.0336833795692097,0.8267577452112181,0.0392929908402431,0.7305410386963267,-0.21660444006061397
2025-02-17 12:00:00,21,0.04436059293763073,0.14240298147305852,-0.1626536116448502,0.10245456249536566,1.0336833795692097
2025-02-17 16:00:00,21,-0.49464470657432,0.27943984174109765,-0.0028581050546278228,0.07550018840840522,0.04436059293763073
2025-02-17 20:00:00,21,-0.16633653159927064,0.01600554671243193,0.08420208000750146,0.3760561002710876,-0.49464470657432
2025-02-18 04:00:00,21,-1.1434362694949236,0.31973210109895056,0.031173713687878673,0.47712546837799863,-0.16633653159927064
2025-02-18 08:00:00,21,2.6687316979004763,1.25519870748235,0.18899495233317232,1.171899972314339,-1.1434362694949236
2025-02-18 12:00:00,21,-0.8786612041715411,-0.38741430795541526,-0.4267467649187304,-0.44967421683309006,2.6687316979004763
2025-02-18 16:00:00,21,0.1333949195340658,0.25335520470844086,0.14622845967018144,0.08421771798024835,-0.8786612041715411
2025-02-18 20:00:00,21,-0.46983642242506285,-0.45429092966674545,-0.017238937594467877,0.0031643252206787764,0.1333949195340658
2025-02-19 00:00:00,21,-0.06971938881206441,-0.37962153743145766,0.08019504369252672,0.28864623272199275,-0.46983642242506285
2025-02-19 04:00:00,21,-0.9234252356118091,0.3160109132084463,0.015568103986369895,0.33100911298819646,-0.06971938881206441
2025-02-19 08:00:00,21,1.5171094608104276,1.1605076911677623,0.15345875010488672,0.8921005591060354,-0.9234252356118091
2025-02-19 12:00:00,21,-0.6969315128668789,0.214410788000278,-0.2407366363105237,-0.02972517020836385,1.5171094608104276
2025-02-19 16:00:00,21,0.6071206727283247,0.42226613711813904,0.11687546338128925,0.3937442080575302,-0.6969315128668789
2025-02-19 20:00:00,21,-0.6343906002597173,-0.38607695709776657,-0.09375516439062823,0.024845673458271378,0.6071206727283247
2025-02-20 00:00:00,21,-0.5117267546463289,-0.15099526577870764,0.10677384948164106,0.4103139556494728,-0.6343906002597173
2025-02-20 04:00:00,21,-0.24218521460777254,0.6541224545952263,0.08696117396768303,0.7212492579443719,-0.5117267546463289
2025-02-20 08:00:00,21,1.342513424909475,1.0132657803811373,0.04342479987463433,0.868405786759185,-0.24218521460777254
2025-02-20 12:00:00,21,0.2742560598774375,0.47211612209938575,-0.21253586869207083,0.052668063806450505,1.342513424909475
2025-02-20 16:00:00,21,0.2080095932635988,0.21980782900938456,-0.03999084181036437,-0.11397534521979047,0.2742560598774375
2025-02-20 20:00:00,21,-1.018925114048809,-0.9422740869401071,-0.029290706490108412,-0.2403660902304896,0.2080095932635988
2025-02-21 00:00:00,21,-0.20333555254190827,0.16294470557528756,0.16888389916680555,0.37875297180017675,-1.018925114048809
2025-02-21 04:00:00,21,-0.3090123798900386,0.4442185850027438,0.03714979891987964,0.5023036771773359,-0.20333555254190827
2025-02-21 08:00:00,21,1.263506932197286,0.9956700408148431,0.05421872969669648,0.6900657140096325,-0.3090123798900386
2025-02-21 12:00:00,21,-0.4819824165966118,0.4059821303188855,-0.1997747327944071,-0.07766610057174361,1.263506932197286
2025-02-21 16:00:00,21,0.8735253570484343,0.3018384756579938,0.08215686577720022,0.21519595333605146,-0.4819824165966118
2025-02-21 20:00:00,21,-1.4659933660094175,-0.8400940823927058,-0.13678487326237307,-0.3155753391359113,0.8735253570484343
2025-02-22 00:00:00,21,1.2686920344385104,-0.11571697663058086,0.24109440393611953,0.575191239479846,-1.4659933660094175
2025-02-24 04:00:00,21,-1.5626459938374477,-0.5305596237479334,-0.20061223098059525,-0.19569114582734493,1.2686920344385104
2025-02-24 08:00:00,21,1.5372728694186346,0.984402686696029,0.2567057451846537,0.7538034820421124,-1.5626459938374477
2025-02-24 12:00:00,21,-1.2480891835552175,-0.1890388262571425,-0.2439934319051186,-0.18027393334100061,1.5372728694186346
2025-02-24 16:00:00,21,1.4289028532178847,0.4978933266161204,0.2058985005424943,0.5780897520753463,-1.2480891835552175
2025-02-24 20:00:00,21,-1.3270605283243633,-0.8825421739953102,-0.2264894970195692,-0.29013989701231147,1.4289028532178847
2025-02-25 00:00:00,21,-0.590559545200243,0.06043850773382714,0.21865395934119694,0.5162083401896833,-1.3270605283243633
2025-02-25 04:00:00,21,-0.5604235871764658,0.3308040237985208,0.09969425347692386,0.8750440059873146,-0.590559545200243
2025-02-25 08:00:00,21,2.2845282958218576,1.112323371744857,0.09482669079256767,1.2155684673521296,-0.5604235871764658
2025-02-25 12:00:00,21,0.1291067201308227,-0.7347806276985356,-0.36469019642719447,-0.17255613198323339,2.2845282958218576
2025-02-25 16:00:00,21,-0.004318238705762312,-0.49966992133908084,-0.016546307236347663,-0.2510039299294746,0.1291067201308227
2025-02-25 20:00:00,21,-0.9289736750205435,-0.9598818876920926,0.005004504265390688,-0.2483800826415088,-0.004318238705762312
2025-02-26 00:00:00,21,-0.25701356036617184,-0.438787700674963,0.15435493454345867,0.3160827050549262,-0.9289736750205435
2025-02-26 04:00:00,21,-0.9938193942328439,0.44131468302342036,0.045819875631886435,0.4722492301794059,-0.25701356036617184
2025-02-26 08:00:00,21,1.852469275906607,0.9171911208134318,0.16482882101585794,1.0761135600518834,-0.9938193942328439
2025-02-26 12:00:00,21,0.05114243527601481,0.20989007604023963,-0.2949039841846748,-0.049483429095431575,1.852469275906607
2025-02-26 16:00:00,21,0.4414443821757814,-0.14332319018107098,-0.003953508846717645,-0.08055858478791755,0.05114243527601481
2025-02-26 20:00:00,21,-0.9485569539167003,-1.0089749360783846,-0.06699511485313436,-0.3487889268052644,0.4414443821757814
2025-02-27 00:00:00,21,-0.5686875394171391,-0.5438548845569077,0.15751802753413324,0.2275730486670966,-0.9485569539167003
2025-02-27 04:00:00,21,-0.5740184614785946,0.031702236989557264,0.0961614851110448,0.5731188509424143,-0.5686875394171391
2025-02-27 08:00:00,21,1.1170645938845158,0.531271108246817,0.09702253612787588,0.9219038269518389,-0.5740184614785946
2025-02-27 12:00:00,21,1.80792354782686,0.15978938350163438,-0.176121352974237,0.24315327496542594,1.1170645938845158
2025-02-27 16:00:00,21,-1.0491819949385626,-1.006876654424188,-0.28770895412864084,-0.8553768483190822,1.80792354782686
2025-02-27 20:00:00,21,-0.5593651825295964,-1.0597117499491657,0.1737709933234862,-0.21787310672938354,-1.0491819949385626
2025-02-28 00:00:00,21,-0.6270551328290885,-0.4702666058439848,0.09465573717762085,0.12200824702802926,-0.5593651825295964
2025-02-28 04:00:00,21,-0.8045418086024192,0.18458838991615956,0.10558902411423557,0.5030193540523911,-0.6270551328290885
2025-02-28 08:00:00,21,0.8511740915266799,0.42397361732431393,0.13425668814811342,0.9918748774255484,-0.8045418086024192
2025-02-28 12:00:00,21,0.7519839190567978,0.37901003581561327,-0.133174694819863,0.474684656176807,0.8511740915266799
2025-02-28 16:00:00,21,0.6767676420761415,0.11949771911803067,-0.11715348912969337,0.01776434651969616,0.7519839190567978
2025-02-28 20:00:00,21,-0.4550242305285668,-0.7476839124570481,-0.1050045492221459,-0.39345306484623244,0.6767676420761415
2025-03-01 00:00:00,21,0.04495524454103972,-0.7306489205599144,0.0778025771085203,-0.11697133824843675,-0.4550242305285668
2025-03-03 04:00:00,21,-1.647203149698509,3.988573602749939,-0.002954153235762878,-0.1442870344167364,0.04495524454103972
2025-03-03 08:00:00,21,2.2276205641498326,3.1167034017073245,0.27036342469959895,0.8565861945911877,-1.647203149698509
2025-03-03 12:00:00,21,-0.7119466342000766,0.3925459376302003,-0.3554984544251798,-0.49696014087640705,2.2276205641498326
2025-03-03 16:00:00,21,0.43718200610606317,0.2663062641891168,0.11930070714639165,-0.06436727776563878,-0.7119466342000766
2025-03-03 20:00:00,21,-0.12324235460849664,-1.1738068493951097,-0.0663066554821967,-0.3300077157381036,0.43718200610606317
2025-03-04 00:00:00,21,-0.7926334200923133,-1.289569011124008,0.02421313829592234,-0.25512322232870055,-0.12324235460849664
2025-03-04 04:00:00,21,-0.6689144926788035,-0.34870405500924034,0.13233324415151396,0.22649652853966806,-0.7926334200923133
2025-03-04 08:00:00,21,1.8898709409754293,0.19388473262663997,0.11235015172911841,0.6329422109317697,-0.6689144926788035
2025-03-04 12:00:00,21,-0.16814371899815583,-0.8766969809387866,-0.30094510453260415,-0.5153807700244837,1.8898709409754293
2025-03-04 16:00:00,21,-0.07838954927361463,-1.0279731202604547,0.03146561076111961,-0.4132133190929519,-0.16814371899815583
2025-03-04 20:00:00,21,0.1213941093587163,-1.294948543505568,0.016968509093674748,-0.3655822777630977,-0.07838954927361463
2025-03-05 00:00:00,21,-1.5973701449201219,-1.314926045315346,-0.015300565642081824,-0.43934374078521365,0.1213941093587163
2025-03-05 04:00:00,21,0.46455529358184044,-0.29753156994897545,0.2623143932297104,0.5312499684119096,-1.5973701449201219
2025-03-05 08:00:00,21,1.177579968680961,-0.20772857466715028,-0.07072799136805509,0.24897697929998053,0.46455529358184044
2025-03-05 12:00:00,21,0.556001392783541,-0.5933036610369351,-0.18589580182224097,-0.46654391190550726,1.177579968680961
2025-03-05 16:00:00,21,-0.9741382101718479,-1.1268119464902517,-0.08549837363872767,-0.8043813604497387,0.556001392783541
2025-03-05 20:00:00,21,-0.9229301593020249,-1.3021248728421897,0.16164991437404272,-0.21247570746871247,-0.9741382101718479
2025-03-06 00:00:00,21,-0.34309107034215813,-0.6568468826999,0.15337878533424584,0.3483149204866116,-0.9229301593020249
2025-03-06 04:00:00,21,0.7054960380864514,0.044077008220868685,0.05972312288192668,0.5567838439949195,-0.34309107034215813
2025-03-06 08:00:00,21,1.1444152304469153,0.04142498949475942,-0.10964476236190607,0.12811049072873182,0.7054960380864514
2025-03-06 12:00:00,21,-0.5213962696442831,-0.6453325988453354,-0.18053903028250387,-0.5672588492539532,1.1444152304469153
2025-03-06 16:00:00,21,0.28536704797693524,-0.6620967581369045,0.08852299491071489,-0.25044815830361244,-0.5213962696442831
2025-03-06 20:00:00,21,-0.8410069689423612,-1.2592005289274504,-0.04178548962002648,-0.423842823566007,0.28536704797693524
2025-03-07 00:00:00,21,-0.3721472970461548,-0.6043824819910936,0.14014654416695052,0.08716965281104017,-0.8410069689423612
2025-03-07 04:00:00,21,-1.4100539472570226,-0.22809721250881054,0.0644162872651853,0.31329371463628064,-0.3721472970461548
2025-03-07 08:00:00,21,1.303027644708589,0.9140811929886287,0.23205906392506373,1.1700703954754452,-1.4100539472570226
2025-03-07 12:00:00,21,1.09425335005181,0.11835268385431358,-0.2061581218782188,0.3783250139268617,1.303027644708589
2025-03-07 16:00:00,21,0.19961236710059715,-0.7708465883634484,-0.17243687879305375,-0.2865649749124337,1.09425335005181
2025-03-07 20:00:00,21,-1.3367870286171808,-1.4106986320495853,-0.027934385755560114,-0.4078533991401674,0.19961236710059715
2025-03-08 00:00:00,21,-0.16466201179925122,-0.6038991782072964,0.22022498455424452,0.4044048521100656,-1.3367870286171808
2025-03-10 04:00:00,22,0.1474211137839454,-0.08950339091788498,0.03875122867776676,0.5453348545943246,-0.16466201179925122
2025-03-10 08:00:00,22,0.6523231761622323,0.551405190807349,-0.03510509692414518,0.45148370539658167,0.1474211137839454
2025-03-10 12:00:00,22,0.17754039700767343,0.33815485740459644,-0.15459316936126455,0.03620208012769055,0.6523231761622323
2025-03-10 16:00:00,22,0.5578824691727267,-0.18401321492207995,-0.04223300422291659,-0.07682359075832146,0.17754039700767343
2025-03-10 20:00:00,22,-0.6284804684459608,-0.4196296430955507,-0.13224321502631844,-0.4319824245592141,0.5578824691727267
2025-03-11 00:00:00,22,-0.4945482643028889,-0.04401207474845122,0.1485166217609745,-0.031879530896144814,-0.6284804684459608
2025-03-11 04:00:00,22,-0.5661803410888435,0.327604491075185,0.1168207700250386,0.28295951588108714,-0.4945482643028889
2025-03-11 08:00:00,22,1.2702202023343965,0.2750647990841204,0.133772926527439,0.6434009363836672,-0.5661803410888435
2025-03-11 12:00:00,22,-0.24086598708925067,0.21792066657002626,-0.3008221712278159,-0.16524595728981417,1.2702202023343965
2025-03-11 16:00:00,22,0.6393793776302115,0.19879325022828517,0.05678535212055403,-0.011905983721952396,-0.24086598708925067
2025-03-11 20:00:00,22,-0.9628322205944251,-0.5399094816256687,-0.1515299425459088,-0.418947335016286,0.6393793776302115
2025-03-12 00:00:00,22,-0.44419794652977806,-0.15899945868418933,0.22764295012653585,0.19401038907087198,-0.9628322205944251
2025-03-12 04:00:00,22,-0.5464411791671573,0.33077570679668594,0.10490506821751085,0.47679544395923834,-0.44419794652977806
2025-03-12 08:00:00,22,0.4294131813380986,1.1418942936453658,0.12910153659800086,0.8246705299456814,-0.5464411791671573
2025-03-12 12:00:00,22,1.1417146497027648,0.7229184261972428,-0.10184019488727986,0.5512977442244811,0.4294131813380986
2025-03-12 16:00:00,22,0.21347972333976806,0.11275337532325194,-0.2704105688091351,-0.1755400144939827,1.1417146497027648
2025-03-12 20:00:00,22,-1.636168904645622,-0.6102515643737076,-0.05073825929730202,-0.31144535974335064,0.21347972333976806
2025-03-13 00:00:00,22,0.044729372175925874,0.3088295889800654,0.3869920763699527,0.7301715975647429,-1.636168904645622
2025-03-13 04:00:00,22,-0.16957801364178593,0.806697794808744,-0.010802486231381522,0.7016960090017879,0.044729372175925874
2025-03-13 08:00:00,22,0.6854747163090629,1.0556997706974374,0.03991462971735629,0.8096526717243115,-0.16957801364178593
2025-03-13 12:00:00,22,1.1559102418493161,0.5419270209379079,-0.16243867827403802,0.373266131015594,0.6854747163090629
2025-03-13 16:00:00,22,0.11937868061449564,-0.13415937159630778,-0.2737700400196608,-0.362608817846807,1.1559102418493161
2025-03-13 20:00:00,22,-0.9889759504712483,-0.5889335288520584,-0.02846868852826538,-0.43860760850714975,0.11937868061449564
2025-03-14 00:00:00,22,-0.07425461101391662,-0.11246467369333721,0.23383001910895138,0.19099372266095394,-0.9889759504712483
2025-03-14 04:00:00,22,-0.49528978060060247,0.07851314613947935,0.01735578021592997,0.23826565269874145,-0.07425461101391662
2025-03-14 08:00:00,22,0.6502949829708768,0.5927351637313238,0.11699625426187683,0.5535767631777251,-0.49528978060060247
2025-03-14 12:00:00,22,0.0959319052245089,0.4633078474338055,-0.15411318539403016,0.13958632515412006,0.6502949829708768
2025-03-14 16:00:00,22,-0.49560299838090494,0.31636880597157985,-0.022919869846442373,0.07851420787759444,0.0959319052245089
2025-03-14 20:00:00,22,0.09832845419311909,-0.3032927206244022,0.11707037911025849,0.39402471888934976,-0.49560299838090494
2025-03-15 00:00:00,22,-1.0781747110956807,-0.10820514716927693,-0.02348702739658494,0.3314269119131641,0.09832845419311909
2025-03-17 04:00:00,22,0.24389096939377808,0.3640650999010974,0.2549394356967728,1.0178139095081686,-1.0781747110956807
2025-03-17 08:00:00,22,0.17822795570470618,0.872982575916958,-0.05793526133426751,0.8625481733524687,0.24389096939377808
2025-03-17 12:00:00,22,1.055005825341464,0.7839562460125202,-0.04239571907301809,0.7490847892230725,0.17822795570470618
2025-03-17 16:00:00,22,-0.6430546234769174,-0.1643721926259992,-0.24989041042947285,0.07744755506325163,1.055005825341464
2025-03-17 20:00:00,22,-0.6277522410797296,-0.3363038095255804,0.151965682126951,0.4868286393676282,-0.6430546234769174
2025-03-18 00:00:00,22,-0.5290416819434363,0.24306606568562084,0.14834428242871456,0.8864679293212703,-0.6277522410797296
2025-03-18 04:00:00,22,-0.35100287270780584,0.9531876099778244,0.12498384221813563,1.2232661568578287,-0.5290416819434363
2025-03-18 08:00:00,22,1.9649960963640751,1.1566484153719159,0.08284990037135671,1.4467214145871594,-0.35100287270780584
2025-03-18 12:00:00,22,0.40537229892147586,0.18422259916403225,-0.4652450138724625,0.19576666950823451,1.9649960963640751
2025-03-18 16:00:00,22,0.26737519217329364,-0.1358561152583869,-0.09615077724830524,-0.06230122273729677,0.40537229892147586
2025-03-18 20:00:00,22,-2.280860555773364,-0.7363569931841802,-0.06349294216327908,-0.23251747201354966,0.26737519217329364
2025-03-19 00:00:00,22,-0.06984803011880203,0.7697654693112421,0.539562185405955,1.2195227332507539,-2.280860555773364
2025-03-19 04:00:00,22,0.6807803563050179,0.9776021318627346,0.01631293666976718,1.2639893481581357,-0.06984803011880203
2025-03-19 08:00:00,22,1.4923396222241898,0.956766280665421,-0.16132773009219242,0.8305913283594766,0.6807803563050179
2025-03-19 12:00:00,22,-0.36100918752408084,-0.10146536502394449,-0.35338805144717134,-0.11946110947740252,1.4923396222241898
2025-03-19 16:00:00,22,-0.3059713868954379,0.22188727463019756,0.08521795421523246,0.11036436294260099,-0.36100918752408084
2025-03-19 20:00:00,22,1.6840913667307529,-0.2240413615095807,0.07219293174390845,0.30515170069022446,-0.3059713868954379
2025-03-20 00:00:00,22,-2.492930465195238,-1.5053204518437084,-0.39876724088763327,-0.7669736283404323,1.6840913667307529
2025-03-20 04:00:00,22,0.23781801617885634,0.23555736784716383,0.589749789273869,0.8200744072043626,-2.492930465195238
2025-03-20 08:00:00,22,0.7699207202538183,0.41177355030701207,-0.05649806087952243,0.6686748312180928,0.23781801617885634
2025-03-20 12:00:00,22,1.2129227342595996,0.12890133217007108,-0.18242332675981954,0.17852832145238118,0.7699207202538183
2025-03-20 16:00:00,22,-0.5351929954513324,-0.8274950625389319,-0.2872623850317846,-0.593641889289362,1.2129227342595996
2025-03-20 20:00:00,22,-2.101184283604603,-0.924693599409028,0.12643958710171313,-0.2529276158963203,-0.5351929954513324
2025-03-21 00:00:00,22,-0.752752228239352,0.1483144541788855,0.49704072822868733,1.0847271787997368,-2.101184283604603
2025-03-21 04:00:00,22,0.9258724087360939,1.0831897137573459,0.1779262719536008,1.5639438925261135,-0.752752228239352
2025-03-21 08:00:00,22,1.7836100450235453,0.9343803292345839,-0.21933022027157514,0.9745155037424471,0.9258724087360939
2025-03-21 12:00:00,22,-0.2589522560093478,-0.3158797575720119,-0.4223189272972369,-0.16096535208274432,1.7836100450235453
2025-03-21 16:00:00,22,1.21923854638292,-0.2980263370799824,0.06106557510214018,0.0038886921584548872,-0.2589522560093478
2025-03-21 20:00:00,22,-1.5193135038214827,-1.0520600789059247,-0.28875705948990776,-0.7723022874587642,1.21923854638292
2025-03-22 00:00:00,22,-0.662103173642695,-0.2205899849716573,0.35933755158434777,0.1949222481953914,-1.5193135038214827
2025-03-24 04:00:00,22,0.10784385229280602,-0.21157210301629006,0.15647363468176792,0.6164300101358418,-0.662103173642695
2025-03-24 08:00:00,22,0.7309743629270695,0.6170552949634813,-0.025738902883184884,0.5477745156018319,0.10784385229280602
2025-03-24 12:00:00,22,-0.05779669679716015,-0.033100864608129936,-0.1732064399372542,0.08242201463419718,0.7309743629270695
2025-03-24 16:00:00,22,1.4522996339977574,-0.002653326577135054,0.013460917048145329,0.11921651628337493,-0.05779669679716015
2025-03-24 20:00:00,22,-1.2940945888053257,-1.0397847418647443,-0.3439123503754716,-0.8053456860474704,1.4522996339977574
2025-03-25 00:00:00,22,-1.8008008847304566,-0.30025449348309885,0.30603815743075935,0.01850010654337808,-1.2940945888053257
2025-03-25 04:00:00,22,0.6505051404180406,0.9289741681851496,0.42595321245480516,1.1649249853836992,-1.8008008847304566
2025-03-25 08:00:00,22,0.616714906144793,0.6016945997609126,-0.1541629204023437,0.750800757040496,0.6505051404180406
2025-03-25 12:00:00,22,0.6173053718487598,0.36779060824640836,-0.14616626073038533,0.35818804924415915,0.616714906144793
2025-03-25 16:00:00,22,-0.16681906769032473,-0.1336560177291596,-0.14630599794689597,-0.034800560507175504,0.6173053718487598
2025-03-25 20:00:00,22,-1.1194046651131977,-0.2792875343605478,0.03926170876839946,0.07139970354575986,-0.16681906769032473
2025-03-26 00:00:00,22,-0.5150705879644093,0.27337311174722706,0.26469674924193537,0.7840344920208757,-1.1194046651131977
2025-03-26 04:00:00,22,0.3472528400692525,0.9155910693168348,0.12167749983258794,1.111938449314687,-0.5150705879644093
2025-03-26 08:00:00,22,2.2295046093365762,0.9047936531166123,-0.0823964620517522,0.890870535322108,0.3472528400692525
2025-03-26 12:00:00,22,-0.21164088356857924,-0.29825138238251553,-0.5278425247826342,-0.5284754752809455,2.2295046093365762
2025-03-26 16:00:00,22,0.3346306802003607,-0.12443550443975357,0.04986905776039364,-0.39374077120560713,-0.21164088356857924
2025-03-26 20:00:00,22,-1.9728661634968319,-0.8906557413149895,-0.07940935293672335,-0.6067731726542398,0.3346306802003607
2025-03-27 00:00:00,22,0.6254302363425861,0.25475148882707127,0.4666734828302227,0.6491918102780971,-1.9728661634968319
2025-03-27 04:00:00,22,-0.23595228464055928,0.17207093937089776,-0.14822879539519146,0.25103075371606387,0.6254302363425861
2025-03-27 08:00:00,22,0.9127350118312432,0.7186016349107203,0.055622495246177094,0.40124256870617003,-0.23595228464055928
2025-03-27 12:00:00,22,-0.04381663702362992,0.01871090512879734,-0.2162211772512163,-0.17982229761222612,0.9127350118312432
2025-03-27 16:00:00,22,1.1187824561703295,-0.03124456766494551,0.010152452854067053,-0.15192777400501356,-0.04381663702362992
2025-03-27 20:00:00,22,-2.0847788588466365,-1.2283616974413465,-0.2649835289807798,-0.8641664521616637,1.1187824561703295
2025-03-28 00:00:00,22,-0.8165376480265039,-0.10166708234353505,0.49315828700313946,0.4630443299564604,-2.0847788588466365
2025-03-28 04:00:00,22,-0.2162470984931737,0.8249033116939727,0.1930214704640972,0.9828680829015077,-0.8165376480265039
2025-03-28 08:00:00,22,1.6885913123523792,0.9697067668771847,0.0509591458855606,1.1205351930144154,-0.2162470984931737
2025-03-28 12:00:00,22,-0.012754884450885129,-0.11695130686936728,-0.3998321797509591,0.04554511105199133,1.6885913123523792
2025-03-28 16:00:00,22,0.22410471994016135,-0.23489616607415129,0.00280150458510308,0.053665118647066024,-0.012754884450885129
2025-03-28 20:00:00,22,-0.6300134472639201,-0.21594954004205716,-0.053252727860674115,-0.08900430615355504,0.22410471994016135
2025-03-29 00:00:00,22,0.5980937595241418,0.3612017939701257,0.14887941030491916,0.3120745116500139,-0.6300134472639201
2025-03-31 04:00:00,22,-0.7310668788212897,-0.25289448958077126,-0.14175945576351723,-0.06868361192245764,0.5980937595241418
2025-03-31 08:00:00,22,0.48527258783724925,0.4784289427691302,0.17279430519180078,0.39672778646338713,-0.7310668788212897
2025-03-31 12:00:00,22,0.45756738272766206,0.18373024808242414,-0.11505965526861667,0.08779381578782441,0.48527258783724925
2025-03-31 16:00:00,22,0.5117249385994729,-0.12081413875121105,-0.1085030538964097,-0.20350248229421553,0.45756738272766206
2025-03-31 20:00:00,22,-2.0890659681940402,-1.0912932048007302,-0.12131976121692739,-0.5292765341107675,0.5117249385994729
2025-04-01 00:00:00,22,-1.0172318024396176,-0.12920547538389957,0.49417285689781465,0.8006635052261029,-2.0890659681940402
2025-04-01 04:00:00,22,0.9882155129686474,0.8869814983511416,0.24051693433141183,1.448253061491183,-1.0172318024396176
2025-04-01 08:00:00,22,1.1616675367680536,0.7434992465332693,-0.23408408623798713,0.8191358396319863,0.9882155129686474
2025-04-01 12:00:00,22,0.2986624314963908,-0.1255499136598526,-0.2751325380634429,0.07959568481282098,1.1616675367680536
2025-04-01 16:00:00,22,0.557432724832907,-0.3488250193514431,-0.07089725321122003,-0.11053862972782014,0.2986624314963908
2025-04-01 20:00:00,22,-1.5590991694976513,-1.2151996348200067,-0.13213678035658977,-0.4654111475319471,0.557432724832907
2025-04-02 00:00:00,22,-0.43439381382840736,-0.003472994235392103,0.3687530657137222,0.5271417169447545,-1.5590991694976513
2025-04-02 04:00:00,22,0.1483795412922042,0.30571560189313923,0.10258486197219191,0.8036852702103658,-0.43439381382840736
2025-04-02 08:00:00,22,0.27753385366574435,0.6039131103487755,-0.035331914487521966,0.7092239674141041,0.1483795412922042
2025-04-02 12:00:00,22,0.7073618215964412,0.21586716697488886,-0.0658970497530886,0.5325405165891333,0.27753385366574435
2025-04-02 16:00:00,22,0.23488680366661185,-0.2099117208138883,-0.1676183917608443,0.0822202188282013,0.7073618215964412
2025-04-02 20:00:00,22,1.1275039995489244,-1.047224948645418,-0.055804372025605155,-0.06731329024434274,0.23488680366661185
2025-04-03 00:00:00,22,0.3060777884494037,-1.8243151037900793,-0.26704753403173215,-0.7851042725984687,1.1275039995489244
2025-04-03 04:00:00,22,-1.692645051771482,-1.9753583158342318,-0.07265214148514602,-0.9799593476454493,0.3060777884494037
2025-04-03 08:00:00,22,0.8976144431998776,-0.29710585814347906,0.40035749208435356,0.09761142369901599,-1.692645051771482
2025-04-03 12:00:00,22,0.8239577307404673,-0.6383140711346329,-0.21264280486072804,-0.4738273944492608,0.8976144431998776
2025-04-03 16:00:00,22,-0.30470276390358286,-0.8458719661081211,-0.19521150629883774,-0.9983749164120113,0.8239577307404673
2025-04-03 20:00:00,22,-1.6075516869580468,-1.8624484953792495,0.07189270457661952,-0.8043952087427968,-0.30470276390358286
2025-04-04 00:00:00,22,0.40544244507322347,-0.9133938112889599,0.38021964180334583,0.21900347102089412,-1.6075516869580468
2025-04-04 04:00:00,22,-0.0303475046707824,-0.8293610359087507,-0.09616737775182017,-0.03910907762957372,0.40544244507322347
2025-04-04 08:00:00,22,1.0523057814077905,-0.6083905018443759,0.006964902669262333,-0.01978926572792794,-0.0303475046707824
2025-04-04 12:00:00,22,1.3366586580799638,-1.2796994492525153,-0.24925142899293343,-0.6897075993886599,1.0523057814077905
2025-04-04 16:00:00,22,-0.7204940759865455,-2.5261700933712277,-0.31654522645825556,-1.5406505065882836,1.3366586580799638
2025-04-04 20:00:00,22,0.3957282510699649,-1.991529711096054,0.17029218859312706,-1.0819699601870187,-0.7204940759865455
2025-04-05 00:00:00,22,0.11965514458676907,-1.9635282949755297,-0.09386845603369112,-1.3338982639397585,0.3957282510699649
2025-04-07 04:00:00,23,-1.5527683220701238,0.41420815710597586,-0.008107886582873985,-1.2905473306830793,0.11965514458676907
2025-04-07 08:00:00,23,0.8604261242831086,1.3839920812071924,0.2743438909228943,-0.4555956429187251,-1.5527683220701238
2025-04-07 12:00:00,23,0.3651818525622854,0.7027071601352728,-0.13321500455351987,-0.9182623746233913,0.8604261242831086
2025-04-07 16:00:00,23,0.3252560581369295,0.13796257834554876,-0.0495743312217136,-1.1146272796797323,0.3651818525622854
2025-04-07 20:00:00,23,-0.8197520536200358,-0.1017981722215543,-0.04283135503858567,-1.2895233609798415,0.3252560581369295
2025-04-08 00:00:00,23,-1.0699395533443266,0.6344715916706578,0.15054644841376655,-0.848727814735156,-0.8197520536200358
2025-04-08 04:00:00,23,-0.15891083512798332,1.0161168102774774,0.19280004352033853,-0.2734019124912912,-1.0699395533443266
2025-04-08 08:00:00,23,1.0356823134242994,0.9878873201030933,0.03893848515953445,-0.18795267443801755,-0.15891083512798332
2025-04-08 12:00:00,23,-0.14592451723369315,0.7331117272007069,-0.1628136218467631,-0.7448578374880004,1.0356823134242994
2025-04-08 16:00:00,23,0.2470482138226977,0.08774414508999351,0.03674525560635829,-0.6663915780861887,-0.14592451723369315
2025-04-08 20:00:00,23,-0.5711330321264771,0.6594671548087104,-0.02962301093085435,-0.7992338831220289,0.2470482138226977
2025-04-09 00:00:00,23,-0.18801661894987376,1.0533400146896066,0.10855775001133793,-0.49212529368595526,-0.5711330321264771
2025-04-09 04:00:00,23,0.9597197570846188,1.2420342383302199,0.04385409447744541,-0.3910253478095118,-0.18801661894987376
2025-04-09 08:00:00,23,-0.1553187348679792,0.5974746102115207,-0.14998447929418096,-0.9070840666596585,0.9597197570846188
2025-04-09 12:00:00,23,0.4106997046408054,-0.2402754019061148,0.03833182355519495,-0.823566366062475,-0.1553187348679792
2025-04-09 16:00:00,23,-0.6612238200818137,0.05076502405244787,-0.05726173724306202,-1.044407045692643,0.4106997046408054
2025-04-09 20:00:00,23,1.2389538066725851,-0.35542397874442166,0.12377297731602661,-0.6888550056875591,-0.6612238200818137
2025-04-10 00:00:00,23,-1.6361415074573546,-3.0547115339524935,-0.19714367983082087,-1.355062937186453,1.2389538066725851
2025-04-10 04:00:00,23,-0.8186365995947611,-0.7222657644142159,0.28842459768074347,-0.4752799755843169,-1.6361415074573546
2025-04-10 08:00:00,23,1.2738786684557706,0.29011983469228897,0.15035806193244397,-0.035084229198881545,-0.8186365995947611
2025-04-10 12:00:00,23,0.2873214745586683,-0.17156010966273327,-0.20304205992801178,-0.7200718922754605,1.2738786684557706
2025-04-10 16:00:00,23,0.25353880150044894,-0.5930510760595895,-0.03642466990516116,-0.8745698600043958,0.2873214745586683
2025-04-10 20:00:00,23,-0.07117291177655538,-0.4601886801107382,-0.030719191451630302,-1.0109022717477822,0.25353880150044894
2025-04-11 00:00:00,23,-0.2326109042352531,-0.9673217958575043,0.024120627781095864,-0.9726313062944731,-0.07117291177655538
2025-04-11 04:00:00,23,-0.6547229821035199,-0.22763779346169122,0.051385521413610746,-0.8475522044586707,-0.2326109042352531
2025-04-11 08:00:00,23,1.080336772277878,-0.44121755011875574,0.12267506564541573,-0.4954957829336335,-0.6547229821035199
2025-04-11 12:00:00,23,0.4269140355892169,-0.7545158461075483,-0.17035521135935455,-1.0764124583619026,1.080336772277878
2025-04-11 16:00:00,23,-0.585785023305446,-1.1050033781265922,-0.060000138544378606,-1.3059718778059395,0.4269140355892169
2025-04-11 20:00:00,23,-0.47656626075660746,-1.8090188490188293,0.1110322913192109,-0.9909846469846011,-0.585785023305446
2025-04-12 00:00:00,23,0.1506473410995035,-1.3334846887060556,0.09258658409616777,-0.7347263255759122,-0.47656626075660746
2025-04-14 04:00:00,23,-1.678434186370101,-1.3178997971563442,-0.01334208782936116,-0.8157321330234462,0.1506473410995035
2025-04-14 08:00:00,23,1.4348830357381281,-0.19917473557914875,0.29556731157620486,0.08679236904957932,-1.678434186370101
2025-04-14 12:00:00,23,0.0009987457799613964,-0.7801314631633615,-0.23023371959540334,-0.6847702622879535,1.4348830357381281
2025-04-14 16:00:00,23,-0.15108867758396372,-0.9492328988556095,0.011931721461140552,-0.6853073060070791,0.0009987457799613964
2025-04-14 20:00:00,23,-1.0915798391637175,-1.2898839811011193,0.037617418846912706,-0.604064183927778,-0.15108867758396372
2025-04-15 00:00:00,23,-0.36774866068077117,-0.28094734306816377,0.19645482194056613,-0.017101907530870264,-1.0915798391637175
2025-04-15 04:00:00,23,0.2773103119904885,-0.1390146707528952,0.0742086282864641,0.18064321680238216,-0.36774866068077117
2025-04-15 08:00:00,23,0.9079114716783732,-0.0023066841093875266,-0.03473390753626544,0.03152843274867756,0.2773103119904885
2025-04-15 12:00:00,23,-0.3545359687684826,-0.4151273843451612,-0.14123469636284497,-0.45667203144409996,0.9079114716783732
2025-04-15 16:00:00,23,0.4719719669364508,-0.6403372682040462,0.07197716694269211,-0.26603161117730423,-0.3545359687684826
2025-04-15 20:00:00,23,-1.0249623029015211,-1.1740901744742167,-0.06760986960441882,-0.5198194974768393,0.4719719669364508
2025-04-16 00:00:00,23,0.15967007590686677,-0.2608568461052536,0.18520393847387737,0.03132132149706557,-1.0249623029015211
2025-04-16 04:00:00,23,-0.9070636028358816,-0.290014047334201,-0.014865916892461575,-0.05453617409259515,0.15967007590686677
2025-04-16 08:00:00,23,2.1067664610778127,0.5057087568156384,0.1652922964387856,0.43320837564663606,-0.9070636028358816
2025-04-16 12:00:00,23,-1.1759503809665954,-1.4190514445019042,-0.3437065759307727,-0.699638158765608,2.1067664610778127
2025-04-16 16:00:00,23,0.44861934201592035,-0.1907383199933444,0.21070396994432145,-0.06730831189818076,-1.1759503809665954
2025-04-16 20:00:00,23,-0.22576273134836633,-0.8581632588553182,-0.06366589814639183,-0.3085390682550262,0.44861934201592035
2025-04-17 00:00:00,23,-0.8004124471407064,-1.220136926363343,0.05022894914400816,-0.1871423531788814,-0.22576273134836633
2025-04-17 04:00:00,23,0.04370821011622539,0.23417294150708942,0.14728022646983033,0.24325393591900202,-0.8004124471407064
2025-04-17 08:00:00,23,0.30145450393325923,0.25162331823993284,0.004718617627928285,0.21975123864794455,0.04370821011622539
2025-04-17 12:00:00,23,1.1301487156951264,-0.1723898597941667,-0.03881156493981054,0.05765368470784438,0.30145450393325923
2025-04-17 16:00:00,23,0.11909677371437866,-0.6331600036574864,-0.17876783665415674,-0.5500477760846749,1.1301487156951264
2025-04-17 20:00:00,23,-1.4573352401295594,-1.2526623775678187,-0.00801358460221033,-0.6140882712485238,0.11909677371437866
2025-04-18 00:00:00,23,1.4212377208123517,-0.3613987660627165,0.2582264157951095,0.16954731758318609,-1.4573352401295594
2025-04-21 04:00:00,23,-0.31316233321105,-0.9798818460133596,-0.22792919353950206,-0.5946779804474938,1.4212377208123517
2025-04-21 08:00:00,23,-0.3274089462880738,-0.2619900167773048,0.06498966817933606,-0.42628491437167604,-0.31316233321105
2025-04-21 12:00:00,23,-0.12673780236309895,0.10379874315152693,0.06739574610593085,-0.2502311860679445,-0.3274089462880738
2025-04-21 16:00:00,23,0.3425088352242156,-0.4550675543197181,0.03350485517683747,-0.18208197122207714,-0.12673780236309895
2025-04-21 20:00:00,23,-0.854438108912726,-0.6160392147675726,-0.04574513713526711,-0.366255183658172,0.3425088352242156
2025-04-22 00:00:00,23,-0.846699889931898,-0.3711995569423504,0.156404497028492,0.09319168358326557,-0.854438108912726
2025-04-22 04:00:00,23,0.5542727972202535,0.17972017490418357,0.15509760690799348,0.5484775701384681,-0.846699889931898
2025-04-22 08:00:00,23,1.7161880023493303,-0.2743685819463185,-0.08150946875936757,0.2504350347884845,0.5542727972202535
2025-04-22 12:00:00,23,-0.9914057712191084,-0.9136359009325673,-0.2777426725756927,-0.6723903788393164,1.7161880023493303
2025-04-22 16:00:00,23,0.31077221426311574,-0.5841975578412443,0.17953665252053422,-0.1392935155318913,-0.9914057712191084
2025-04-22 20:00:00,23,-1.0929424225293332,-1.5045602673274494,-0.04038521174483457,-0.3064013713022362,0.31077221426311574
2025-04-23 00:00:00,23,2.8182319068965054,-0.6167330225809351,0.19668494553144547,0.281293590882159,-1.0929424225293332
2025-04-23 04:00:00,23,-2.020367651471247,-2.590945752129895,-0.4638643492530545,-1.2341208168753974,2.8182319068965054
2025-04-23 08:00:00,23,0.3241206892600328,-0.5682662528128726,0.35331567311981815,-0.14773248931635585,-2.020367651471247
2025-04-23 12:00:00,23,-0.49417476546689443,-0.4784538100569807,-0.042639605183481546,-0.32201806218032125,0.3241206892600328
2025-04-23 16:00:00,23,1.2561263902824198,-0.4885590582531818,0.09556044421819844,-0.056291328441284705,-0.49417476546689443
2025-04-23 20:00:00,23,-1.4455181851882806,-1.1744866589794754,-0.20004391823435155,-0.7317332695889531,1.2561263902824198
2025-04-24 00:00:00,23,0.5233090287521112,-0.1845606110115293,0.2562306603900986,0.0455480744868666,-1.4455181851882806
2025-04-24 04:00:00,23,-1.4941940706835553,-0.4440746049278227,-0.07628006866036854,-0.23584468099927136,0.5233090287521112
2025-04-24 08:00:00,23,1.1433043413057788,0.6093179094676454,0.2644514194585483,0.5676105694926186,-1.4941940706835553
2025-04-24 12:00:00,23,0.38374503642808655,-0.03659986767094264,-0.1809896602006518,-0.04716490978101184,1.1433043413057788
2025-04-24 16:00:00,23,0.36547956486881183,-0.16193844042348182,-0.05270942492471149,-0.2535115754636692,0.38374503642808655
2025-04-24 20:00:00,23,-0.8271661958085357,-0.9911415124765399,-0.04962461117283855,-0.4500365658265366,0.36547956486881183
2025-04-25 00:00:00,23,-0.43996853713531614,-0.5624294950268209,0.1517986059453805,-0.005254300864303119,-0.8271661958085357
2025-04-25 04:00:00,23,0.10876498384758548,0.044627696066706773,0.08640567818591885,0.2313247608173512,-0.43996853713531614
2025-04-25 08:00:00,23,0.45626643415390333,-0.383602787022248,-0.006268672221540832,0.1728398564420921,0.10876498384758548
2025-04-25 12:00:00,23,0.004572315676087513,0.030637963049033216,-0.06495739806264289,-0.072502880044917,0.45626643415390333
2025-04-25 16:00:00,23,0.10315223272269058,-0.49425270919771236,0.011328189407611312,-0.07496149710741129,0.004572315676087513
2025-04-25 20:00:00,23,-0.6937259128569124,-1.212902771195484,-0.005320747510167893,-0.13042832341002963,0.10315223272269058
2025-04-26 00:00:00,23,0.5600510689610747,-0.4524484717211056,0.12926218149188945,0.24260068133778212,-0.6937259128569124
2025-04-28 04:00:00,23,-0.33218694167843843,-0.3854734927625947,-0.08248534786932098,-0.0585489355219071,0.5600510689610747
2025-04-28 08:00:00,23,0.7511639504683387,0.3877814559954844,0.06820269082886071,0.12007400755688913,-0.33218694167843843
2025-04-28 12:00:00,23,-0.5439602383299267,-0.03258647339918408,-0.11476196570097588,-0.28384047171013016,0.7511639504683387
2025-04-28 16:00:00,23,1.5952645855271772,-0.3575923614653917,0.10396859896158889,0.008656813696083177,-0.5439602383299267
2025-04-28 20:00:00,23,-2.495105332072013,-1.4434291171754867,-0.25732019303959613,-0.8491458856408416,1.5952645855271772
2025-04-29 00:00:00,23,-0.6191666248104681,-0.2084614397036554,0.43349303513847814,0.4925175026139872,-2.495105332072013
2025-04-29 04:00:00,23,2.103874168564545,0.6600058690314262,0.11667003371464038,0.8254546259728901,-0.6191666248104681
2025-04-29 08:00:00,23,0.020469726751029427,-0.4294472258205624,-0.34321810325759733,-0.30583667030038875,2.103874168564545
2025-04-29 12:00:00,23,-0.48575022649104227,-0.4178938297131772,0.008643311979508092,-0.3168436136131305,0.020469726751029427
2025-04-29 16:00:00,23,0.44975364821661756,-0.19331429765225344,0.09413764308210064,-0.05564690726874488,-0.48575022649104227
2025-04-29 20:00:00,23,-1.3686653025072584,-0.8954963486513938,-0.06385746852854103,-0.2974876006414693,0.44975364821661756
2025-04-30 00:00:00,23,0.019728834591223432,0.24316038476179785,0.24325115265627756,0.43846855461382717,-1.3686653025072584
2025-04-30 04:00:00,23,0.7463591162246903,0.2814704628402446,0.00876843956331054,0.4278600024522241,0.019728834591223432
2025-04-30 08:00:00,23,0.47300558934961856,0.39385458662728823,-0.11395048822544634,0.02652916969842778,0.7463591162246903
2025-04-30 12:00:00,23,-0.522808935758885,-0.008728327140702149,-0.06778443573177209,-0.22781451411843,0.47300558934961856
2025-04-30 16:00:00,23,1.393009462659112,-0.09463593668276343,0.1003964038047634,0.053309332295569334,-0.522808935758885
2025-04-30 20:00:00,23,-0.7282769648532579,-1.439588671713472,-0.22316178752647106,-0.6957371193787676,1.393009462659112
2025-05-01 00:00:00,23,-1.9061666154713297,-1.1041769331398341,0.1350974297084012,-0.3041293873550668,-0.7282769648532579
2025-05-01 04:00:00,23,0.7801150437838054,0.41719577165419436,0.33402852111898196,0.7208509719982317,-1.9061666154713297
2025-05-01 08:00:00,23,1.1822425576747584,0.6165354520277285,-0.1196514496927516,0.3013689647988116,0.7801150437838054
2025-05-01 12:00:00,23,-0.4307151640627005,0.02921756827341854,-0.1875658465826256,-0.3343442995994348,1.1822425576747584
2025-05-01 16:00:00,23,0.2260620822791921,-0.17950008927311806,0.08484289715324843,-0.10274094443798809,-0.4307151640627005
2025-05-01 20:00:00,23,-0.28487563784531034,-0.774232167396623,-0.026078711131424966,-0.2242986259386619,0.2260620822791921
2025-05-02 00:00:00,23,-0.357130524944802,-0.37274784269038996,0.06021239283902509,-0.07111582896816415,-0.28487563784531034
2025-05-02 04:00:00,23,-0.12807437290053336,-0.10305948969322976,0.07241535560629948,0.12091973120947763,-0.357130524944802
2025-05-02 08:00:00,23,0.5357440257908976,0.4689032909899395,0.03373058552060909,0.18978764427335193,-0.12807437290053336
2025-05-02 12:00:00,23,0.14734155428640605,0.11011044886676502,-0.07838018689412254,-0.09829163464149637,0.5357440257908976
2025-05-02 16:00:00,23,1.0863090028097933,-0.4411907093898986,-0.012783781048793805,-0.17751986056591917,0.14734155428640605
2025-05-02 20:00:00,23,-1.5392367232423165,-1.1674241710039828,-0.1713638477263063,-0.7616479126634994,1.0863090028097933
2025-05-03 00:00:00,23,0.16463534625589915,-0.026755842042588265,0.272058570118918,0.06602758900223193,-1.5392367232423165
2025-05-05 04:00:00,24,0.3435804193087293,-0.3586520539178666,-0.031363016182034915,0.08020632109823467,0.16463534625589915
2025-05-05 08:00:00,24,-0.6102968721365158,0.003375142907496881,-0.06824721092613181,-0.08549326833053517,0.3435804193087293
2025-05-05 12:00:00,24,0.6457622111373844,0.6246246426881842,0.12836616981361612,0.20883648813854716,-0.6102968721365158
2025-05-05 16:00:00,24,-0.976856173077497,0.04718248388348678,-0.1305329831342199,-0.10259724684950822,0.6457622111373844
2025-05-05 20:00:00,24,-0.1763200881492608,0.34456688170282157,0.2039214472543958,0.3685141952273332,-0.976856173077497
2025-05-06 00:00:00,24,0.38565603525892556,0.4047242220045125,0.03891478709643417,0.45354862842687016,-0.1763200881492608
2025-05-06 04:00:00,24,-0.08507740917914575,0.6279507846448804,-0.0769198454178716,0.26755710180931214,0.38565603525892556
2025-05-06 08:00:00,24,0.9278840290399231,0.5990136040171004,0.020107827604941134,0.30858764656215687,-0.08507740917914575
2025-05-06 12:00:00,24,-0.315667382561136,0.009633528604225589,-0.18868398944889925,-0.13890584843609677,0.9278840290399231
2025-05-06 16:00:00,24,0.45182820897588094,-0.003132328828250014,0.06763707967742749,0.013332034594817799,-0.315667382561136
2025-05-06 20:00:00,24,-0.48762606157041155,-0.7020027782812563,-0.09055926728279112,-0.20457255051009327,0.45182820897588094
2025-05-07 00:00:00,24,0.36369638090281065,-0.23988531357906295,0.10308123746456727,0.03059637547105165,-0.48762606157041155
2025-05-07 04:00:00,24,-0.11675547965254474,-0.41198073039110006,-0.0723935170090147,-0.14480460085226454,0.36369638090281065
2025-05-07 08:00:00,24,-0.38874491372743947,0.2401559077118298,0.026637317914591178,-0.08849657526422305,-0.11675547965254474
2025-05-07 12:00:00,24,0.2273286359996689,0.5476581826553266,0.0826998352200737,0.09898463430749782,-0.38874491372743947
2025-05-07 16:00:00,24,0.6725844044656881,0.22657598361096246,-0.04428536977695399,-0.010649848723679689,0.2273286359996689
2025-05-07 20:00:00,24,0.011462028814209546,-0.781957344818431,-0.13606157906204908,-0.33501920568641186,0.6725844044656881
2025-05-08 00:00:00,24,-1.1931440485578584,-0.8259214876613301,0.00020909906950204293,-0.34054703370512307,0.011462028814209546
2025-05-08 04:00:00,24,2.0512939833509662,-0.05580231263005375,0.24850274800722175,0.23487422974519223,-1.1931440485578584
2025-05-08 08:00:00,24,-0.6904740475570552,-0.6645576828376748,-0.4202414770363463,-0.7544096518066876,2.0512939833509662
2025-05-08 12:00:00,24,1.3143377923549284,-0.05995775457881988,0.14489230546960993,-0.4214126014462032,-0.6904740475570552
2025-05-08 16:00:00,24,-1.4769329972387073,-1.0790752154251606,-0.2683399175084081,-1.0552823458341507,1.3143377923549284
2025-05-08 20:00:00,24,-0.6661478093745856,-0.7319035065880124,0.30699738365598683,-0.34299731006686596,-1.4769329972387073
2025-05-09 00:00:00,24,-0.31837551192356095,-0.053599522156608015,0.13987817632256938,-0.02173214968803805,-0.6661478093745856
2025-05-09 04:00:00,24,0.170233569154842,0.3825098569855152,0.06819527985076447,0.13181179125029896,-0.31837551192356095
2025-05-09 08:00:00,24,0.32485228787924925,0.3817417850033855,-0.03251692302117158,0.04971272235485902,0.170233569154842
2025-05-09 12:00:00,24,-0.23221677541181407,-0.12142421472201612,-0.0643869646782005,-0.10695479331698277,0.32485228787924925
2025-05-09 16:00:00,24,0.4510565386571823,0.06629735399921631,0.05043622360971116,0.005037107797834395,-0.23221677541181407
2025-05-09 20:00:00,24,-0.9102520054780676,-0.5329783414276744,-0.0904002104402218,-0.21249532148038597,0.4510565386571823
2025-05-10 00:00:00,24,0.5086730041800624,0.3453289936425188,0.1901929827228211,0.2264947230858665,-0.9102520054780676
2025-05-12 04:00:00,24,-0.7788308580536203,-0.575212229871738,-0.10227612799725366,-0.01882457687807726,0.5086730041800624
2025-05-12 08:00:00,24,2.9189883865475643,0.8196572833130472,0.163104429166139,0.35678458523188716,-0.7788308580536203
2025-05-12 12:00:00,24,-1.079029320867928,-1.5686016383947305,-0.5990908233741334,-1.050964954661616,2.9189883865475643
2025-05-12 16:00:00,24,-0.5264669134877753,-0.3981756471184349,0.22498139719561072,-0.5305781531985154,-1.079029320867928
2025-05-12 20:00:00,24,-0.9923835505850445,-0.8124291527823616,0.11108712173791478,-0.2766773296641869,-0.5264669134877753
2025-05-13 00:00:00,24,-0.6044576177981753,-0.013660557556658348,0.20712195345489012,0.20192254869514858,-0.9923835505850445
2025-05-13 04:00:00,24,-0.07764053333853127,0.7791386138739771,0.12716258152531448,0.49343618994910976,-0.6044576177981753
2025-05-13 08:00:00,24,0.6203417751711733,0.8648163182979709,0.018574937248625422,0.5308801296331858,-0.07764053333853127
2025-05-13 12:00:00,24,0.6895958571114829,0.5855528491099079,-0.12529331771811336,0.23170598676966492,0.6203417751711733
2025-05-13 16:00:00,24,0.30861703389207484,0.21511483770561599,-0.1395679831309794,-0.10086753597372144,0.6895958571114829
2025-05-13 20:00:00,24,-1.680532853342541,-0.7530533044482612,-0.06104055083418242,-0.24970522558807406,0.30861703389207484
2025-05-14 00:00:00,24,0.7897960849416226,0.46020234624156386,0.34896342728204877,0.5607705412809381,-1.680532853342541
2025-05-14 04:00:00,24,-0.6072349593131339,0.5983026709870328,-0.16022127440991077,0.17987314535080845,0.7897960849416226
2025-05-14 08:00:00,24,1.3321571218725374,0.9291558416700305,0.12773504772156652,0.4727262236706471,-0.6072349593131339
2025-05-14 12:00:00,24,-0.09976340447830623,-0.15349037217710193,-0.2720128413219779,-0.16973730377078322,1.3321571218725374
2025-05-14 16:00:00,24,0.20423341098683956,0.0505037559925873,0.023134907934027397,-0.12162409873037117,-0.09976340447830623
2025-05-14 20:00:00,24,-0.6713954023102993,-0.3117011360228743,-0.03952497731406432,-0.22012037630126446,0.20423341098683956
2025-05-15 00:00:00,24,-0.5936336633226791,0.14774417813574336,0.14095981124258455,0.10367555692162256,-0.6713954023102993
2025-05-15 04:00:00,24,-0.26890141789511546,0.8320768598998869,0.12493154583394578,0.3899690962378939,-0.5936336633226791
2025-05-15 08:00:00,24,1.8774394673372186,0.6829636181837049,0.057997669557274,0.519653013126061,-0.26890141789511546
2025-05-15 12:00:00,24,-0.5332386143118502,-0.5014620875954752,-0.38440654894140724,-0.3857855143111246,1.8774394673372186
2025-05-15 16:00:00,24,0.4109435789587934,-0.5009863845830185,0.11248290608493729,-0.1286188817166014,-0.5332386143118502
2025-05-15 20:00:00,24,-1.5380818067540556,-0.7783392681045,-0.0821321190530916,-0.32680591009517634,0.4109435789587934
2025-05-16 00:00:00,24,-0.05620568299195483,-0.10314795188182449,0.3196013886730343,0.41496955079917885,-1.5380818067540556
2025-05-16 04:00:00,24,-0.1304475425421998,0.20185418002185204,0.014156781548634251,0.44207603903872617,-0.05620568299195483
2025-05-16 08:00:00,24,0.2044206355693987,0.7749993882253972,0.029459528693880768,0.5049873780630021,-0.1304475425421998
2025-05-16 12:00:00,24,0.525986373697636,0.4559137254194786,-0.03956356808298677,0.4064008071147285,0.2044206355693987
2025-05-16 16:00:00,24,0.9709761812134463,0.2212233963691239,-0.10584476323301767,0.15273173498838322,0.525986373697636
2025-05-16 20:00:00,24,-2.286857143711682,-0.9487773170866884,-0.19756615259312418,-0.31554394526105867,0.9709761812134463
2025-05-17 00:00:00,24,1.7177795804970941,0.6047340917389405,0.47393911296325925,0.7873457088050024,-2.286857143711682
2025-05-19 04:00:00,24,-1.0994915381497563,-0.6389909705410219,-0.35149742069011963,-0.04109315214688092,1.7177795804970941
2025-05-19 08:00:00,24,1.7918386334078864,0.38818078761995556,0.22919907357106567,0.48916202601016234,-1.0994915381497563
2025-05-19 12:00:00,24,-1.0881450892402533,-0.7744732856570425,-0.3667624876937726,-0.3749935230041306,1.7918386334078864
2025-05-19 16:00:00,24,-0.07929333999599208,0.026805832976915495,0.22686034122100818,0.1497895682116317,-1.0881450892402533
2025-05-19 20:00:00,24,-0.7574965290096483,-0.35904154186205095,0.01891561409201706,0.1880306120644999,-0.07929333999599208
2025-05-20 00:00:00,24,0.1850108637056458,0.27228938134859537,0.15870699293742432,0.5533508014488433,-0.7574965290096483
2025-05-20 04:00:00,24,0.6825778152974245,0.46528534770305086,-0.03556282197052021,0.4641250410939124,0.1850108637056458
2025-05-20 08:00:00,24,0.18815061896575536,0.09302465146366425,-0.1381214229291485,0.13493613104039692,0.6825778152974245
2025-05-20 12:00:00,24,-0.07568747871616566,-0.0695732639815291,-0.03620998896141296,0.04419615122396703,0.18815061896575536
2025-05-20 16:00:00,24,0.4736821347049265,0.30859055904200583,0.01817237323382338,0.08069818522637107,-0.07568747871616566
2025-05-20 20:00:00,24,-1.770063574422343,-0.4797973375196799,-0.09506380288559685,-0.14774596010142904,0.4736821347049265
2025-05-21 00:00:00,24,0.22694041959091749,0.17101890613955115,0.36741751766603997,0.7059080639978195,-1.770063574422343
2025-05-21 04:00:00,24,0.5473082402292135,0.350081817728094,-0.0442053505320597,0.5964608072924875,0.22694041959091749
2025-05-21 08:00:00,24,1.502257092638576,0.46381237753966587,-0.11023963068615043,0.3325087727748466,0.5473082402292135
2025-05-21 12:00:00,24,0.47353383013591355,-0.4499541415635855,-0.30707388178911316,-0.39198939265464716,1.502257092638576
2025-05-21 16:00:00,24,-1.4747148210874208,-0.6837823325828206,-0.09503323431775873,-0.6203620146801434,0.47353383013591355
2025-05-21 20:00:00,24,-0.06104634368095674,-0.40502524528395334,0.3065401727378823,0.09085325442730596,-1.4747148210874208
2025-05-22 00:00:00,24,-0.25393087435440087,-0.6452235530292547,0.01515453951143957,0.12029426304011892,-0.06104634368095674
2025-05-22 04:00:00,24,-0.0742438842825397,0.37649812226906154,0.054911938086937964,0.24275828968188407,-0.25393087435440087
2025-05-22 08:00:00,24,0.9317513294071631,0.6292531259593382,0.017874819256432598,0.2785641169405082,-0.0742438842825397
2025-05-22 12:00:00,24,0.025973145822577592,0.09392133553540077,-0.18948111818480518,-0.1707944729439399,0.9317513294071631
2025-05-22 16:00:00,24,-0.4652776768640319,-0.3141790941854814,-0.002781935310824299,-0.18332062215708067,0.025973145822577592
2025-05-22 20:00:00,24,-0.5115113024388549,-0.06527712731788113,0.09847478387708714,0.04107027934381691,-0.4652776768640319
2025-05-23 00:00:00,24,-1.2898207276421374,0.03305380474236029,0.10800446815581537,0.2877584141706562,-0.5115113024388549
2025-05-23 04:00:00,24,0.28482563076503453,1.0442614486420205,0.26842976470415175,0.9098042380771005,-1.2898207276421374
2025-05-23 08:00:00,24,1.8520182277857629,1.111445467732118,-0.05613666199722071,0.772440501891225,0.28482563076503453
2025-05-23 12:00:00,24,1.0985601900138242,0.0015140329066458957,-0.3791667178901471,-0.12073804587388981,1.8520182277857629
2025-05-23 16:00:00,24,-1.2715763592888862,-1.1473972448170005,-0.22386379435851889,-0.6505440598904109,1.0985601900138242
2025-05-23 20:00:00,24,-1.170739807423704,-0.40082073201659474,0.26466923179959007,-0.03729700382877876,-1.2715763592888862
2025-05-24 00:00:00,24,0.33616900174880016,0.26674915553090994,0.24388478128152216,0.5273192970894414,-1.170739807423704
2025-05-26 04:00:00,24,0.19076329978074114,0.0721096558094862,-0.06671956803579339,0.3651940348858256,0.33616900174880016
2025-05-26 08:00:00,24,0.27057294760017214,0.41639822611231403,-0.03674851526079675,0.2731940294275885,0.19076329978074114
2025-05-26 12:00:00,24,-0.8208799803309326,0.2909155284556595,-0.053198896053122925,0.1427039787486688,0.27057294760017214
2025-05-26 16:00:00,24,0.25395760643227305,1.1022756782990593,0.17177160277665152,0.5385923008620139,-0.8208799803309326
2025-05-26 20:00:00,24,-0.45382287699953494,0.03640309003939371,-0.04977413856233987,0.4161153820585346,0.25395760643227305
2025-05-27 04:00:00,24,0.9208404792382527,0.4257131675801048,0.09611371820621491,0.6349819418686149,-0.45382287699953494
2025-05-27 08:00:00,24,1.2267378981526758,0.4145211046539262,-0.18723217153548927,0.19088536137615897,0.9208404792382527
2025-05-27 12:00:00,24,-1.795627849429291,-0.3628863742242755,-0.25028380955195006,-0.40073731162011583,1.2267378981526758
2025-05-27 16:00:00,24,1.145757736881265,0.2550690530814418,0.37268683121439083,0.46524567430186536,-1.795627849429291
2025-05-27 20:00:00,24,-1.3906328261454277,-0.5039812929545834,-0.2335921622895453,-0.08732244633794561,1.145757736881265
2025-05-28 00:00:00,24,0.3920957959851421,0.6759545645481608,0.2892091748903079,0.5833423395135853,-1.3906328261454277
2025-05-28 04:00:00,24,0.5949689937663543,0.5170681682829534,-0.0782472102046128,0.39424508961150284,0.3920957959851421
2025-05-28 08:00:00,24,0.832937570521656,0.44977996109027985,-0.12006347486986432,0.10730755636008737,0.5949689937663543
2025-05-28 12:00:00,24,-1.033711327706655,-0.15427599420480625,-0.16911360616588939,-0.29439581699547723,0.832937570521656
2025-05-28 16:00:00,24,1.0205674668558586,0.1905504123993299,0.21564044325563517,0.20413533601225797,-1.033711327706655
2025-05-28 20:00:00,24,-1.4435028190171106,-0.7625442565970871,-0.2077879184458496,-0.28805688664878293,1.0205674668558586
2025-05-29 00:00:00,24,2.128048676378272,-0.07825927983658809,0.3001067485419862,0.4081056738709483,-1.4435028190171106
2025-05-29 04:00:00,24,-1.3935702747785434,-1.1055464900725454,-0.4360621699274365,-0.6181949304235852,2.128048676378272
2025-05-29 08:00:00,24,0.46825290050574075,-0.10276296036488891,0.28981464239822097,0.05388650784793647,-1.3935702747785434
2025-05-29 12:00:00,24,0.3962126816286169,-0.12724655447880825,-0.09394472803152161,-0.17193926394295556,0.46825290050574075
2025-05-29 16:00:00,24,-0.3650483424922051,-0.24418014954843645,-0.0790957835082671,-0.36302197699285443,0.3962126816286169
2025-05-29 20:00:00,24,-0.4103418645153596,-0.804931861276611,0.07781549315188102,-0.18696898598041045,-0.3650483424922051
2025-05-30 00:00:00,24,-0.4410984311932804,-0.31309457964157794,0.08715140309590533,0.010927851716078685,-0.4103418645153596
2025-05-30 04:00:00,24,-0.0965026448727464,-0.1588327911419633,0.09349095285636905,0.22365775376770092,-0.4410984311932804
2025-05-30 08:00:00,24,1.317728901688989,0.5536928276921433,0.0224627995029132,0.2701983822074032,-0.0965026448727464
2025-05-30 12:00:00,24,-0.7236432636978343,-0.46893856286952773,-0.2690388936519932,-0.36530680294719975,1.317728901688989
2025-05-30 16:00:00,24,0.6673633526663583,-0.5438179950337645,0.1517291510265946,-0.016313132327448798,-0.7236432636978343
2025-05-30 20:00:00,24,-0.8142191554404903,-0.9501532162759685,-0.13498541480644732,-0.33816451652189716,0.6673633526663583
2025-05-31 00:00:00,24,0.38332518364567747,-0.2412344059317075,0.17039867219955276,0.05451146901003501,-0.8142191554404903
2025-06-02 04:00:00,25,-0.501950509835293,-0.258018429052005,-0.12989074679071905,-0.08801585178816929,0.38332518364567747
2025-06-02 08:00:00,25,0.27810033942218126,0.35228821961230894,0.1878243677399636,0.18662623297833392,-0.501950509835293
2025-06-02 12:00:00,25,-0.5559848705939814,-0.22016208488019712,-0.09212677825512527,0.03446370799505871,0.27810033942218126
2025-06-02 16:00:00,25,1.0895720356048937,0.4312094447318682,0.20721666919301138,0.3386706785361788,-0.5559848705939814
2025-06-02 20:00:00,25,-1.6137146281853045,-0.7183920032300226,-0.38335449950582706,-0.25748836403557185,1.0895720356048937
2025-06-03 00:00:00,25,0.2122753466946854,0.5590924859171986,0.5868235346591106,0.6254551553333823,-1.6137146281853045
2025-06-03 04:00:00,25,-0.3930181083141484,0.6917504231960503,-0.06850295659436796,0.5093087571956652,0.2122753466946854
2025-06-03 08:00:00,25,1.4825608258136977,0.9735164644211056,0.14872980016033682,0.7243485081340655,-0.3930181083141484
2025-06-03 12:00:00,25,-0.23607853600441153,-0.008103048258510227,-0.5243935898252639,-0.08683424398273054,1.4825608258136977
2025-06-03 16:00:00,25,0.4491450238826751,0.24494668653157792,0.09240601926590947,0.04233606270378054,-0.23607853600441153
2025-06-03 20:00:00,25,-1.408233572527891,-0.5900780287293618,-0.15351271928277013,-0.2034135148036036,0.4491450238826751
2025-06-04 00:00:00,25,-0.2644119071070179,0.4067167168496924,0.5130787819082727,0.5671011009184728,-1.408233572527891
2025-06-04 04:00:00,25,0.8528452283012076,0.8018006180526602,0.10257453548203713,0.7117740038881042,-0.2644119071070179
2025-06-04 08:00:00,25,0.05705248472251867,0.5588565809194284,-0.29839601115149816,0.24513996946772743,0.8528452283012076
2025-06-04 12:00:00,25,0.48121475746104814,0.43958735899101986,-0.01279528300474242,0.21392371798818743,0.05705248472251867
2025-06-04 16:00:00,25,0.6076644564475995,-0.2320856859759503,-0.1650221723851785,-0.04937280551345502,0.48121475746104814
2025-06-04 20:00:00,25,-2.136284686980124,-0.7120716471581199,-0.21040349358457963,-0.3818562473811298,0.6076644564475995
2025-06-05 00:00:00,25,-0.05362145142006369,1.012123942543837,0.7743678299593301,0.7870113373524692,-2.136284686980124
2025-06-05 04:00:00,25,0.8117251484900088,1.1649976002805633,0.026924301025447447,0.8163502998949017,-0.05362145142006369
2025-06-05 08:00:00,25,0.6226229268113901,0.6585832730206846,-0.2836384944107466,0.3722151059455072,0.8117251484900088
2025-06-05 12:00:00,25,0.253828169913902,-0.06172130886176609,-0.21577191402109727,0.0315471410917354,0.6226229268113901
2025-06-05 16:00:00,25,-0.04787581990996692,-0.07934001444296991,-0.0834157798938031,-0.10733487295481936,0.253828169913902
2025-06-05 20:00:00,25,-0.48838353343190377,-0.5972775272107873,0.02486226093248658,-0.08113963112850087,-0.04787581990996692
2025-06-06 00:00:00,25,-1.3089568432769916,-0.3478106295049687,0.18295533824601135,0.18607928619341152,-0.48838353343190377
2025-06-06 04:00:00,25,-0.16631802843064136,0.7119296203132885,0.4774495224171907,0.9022746665406416,-1.3089568432769916
2025-06-06 08:00:00,25,1.1857270046260098,1.2274432534045687,0.06736978725736018,0.9932755305051675,-0.16631802843064136
2025-06-06 12:00:00,25,0.5747648920349828,0.6031942352499395,-0.41786339568382297,0.344505322818188,1.1857270046260098
2025-06-06 16:00:00,25,0.8775156060055043,-0.11569468421290194,-0.19859622388053602,0.030022868659751012,0.5747648920349828
2025-06-06 20:00:00,25,-2.11972043907301,-0.7969198526206673,-0.3072499217869699,-0.45010955620335835,0.8775156060055043
2025-06-07 00:00:00,25,0.8211413149833842,0.8326338418424514,0.7684231147031932,0.7096949047985976,-2.11972043907301
2025-06-09 04:00:00,25,-0.8718947101050869,0.10961391152371573,-0.28701784667119257,0.26040765791653975,0.8211413149833842
2025-06-09 08:00:00,25,0.2576357715454982,1.175886001389267,0.3205930236786753,0.7374646111184031,-0.8718947101050869
2025-06-09 12:00:00,25,0.5598804443630527,0.8558133208537004,-0.08478228368169435,0.5964992688759967,0.2576357715454982
2025-06-09 16:00:00,25,0.34897823221070645,0.2972691507326839,-0.19325436932422443,0.29016083620796174,0.5598804443630527
2025-06-09 20:00:00,25,-0.8288526643284637,-0.18220290647606352,-0.11756402677649087,0.09921749148673165,0.34897823221070645
2025-06-10 00:00:00,25,0.8022602782770516,0.6082506418394268,0.3051457357837788,0.5527240010630159,-0.8288526643284637
2025-06-10 04:00:00,25,-0.5245759421232723,-0.10793729445872853,-0.2802416629537533,0.11376750827319171,0.8022602782770516
2025-06-10 08:00:00,25,1.6256432924745141,0.5556763220342924,0.19594437133163126,0.40078909215476344,-0.5245759421232723
2025-06-10 12:00:00,25,-0.7801754919142319,-0.7732774294509247,-0.5757442172255529,-0.488681192631649,1.6256432924745141
2025-06-10 16:00:00,25,0.08174384489169917,-0.027688476640294016,0.2876760667049791,-0.061808384686170115,-0.7801754919142319
2025-06-10 20:00:00,25,-1.3765298669482267,-0.393164149510804,-0.021656724001979228,-0.10653450715838808,0.08174384489169917
2025-06-11 00:00:00,25,0.09053466190497517,0.557766809459811,0.5017006919827679,0.646633434689246,-1.3765298669482267
2025-06-11 04:00:00,25,0.09545702462180827,0.7416600735809113,-0.024811645632334928,0.5970974190821057,0.09053466190497517
2025-06-11 08:00:00,25,1.038851021366801,0.9473588142042978,-0.026578224163584088,0.5448681340548962,0.09545702462180827
2025-06-11 12:00:00,25,1.013129935233735,0.21068009203107924,-0.3651513194496761,-0.023538919388698787,1.038851021366801
2025-06-11 16:00:00,25,-0.5516350471993583,-0.8321826818045508,-0.3559203218217081,-0.5778726875588882,1.013129935233735
2025-06-11 20:00:00,25,-1.180558815651624,-0.4559462283416461,0.20565556834252177,-0.27604572170360164,-0.5516350471993583
2025-06-12 00:00:00,25,0.3550346772631201,0.07781790371649287,0.43136896880783726,0.3698967127934303,-1.180558815651624
2025-06-12 04:00:00,25,-0.0045951929271073055,0.14670804768160492,-0.11973761422235217,0.175639585811048,0.3550346772631201
2025-06-12 08:00:00,25,1.5235093278301104,0.13765994362395328,0.009329349027101053,0.17815384436976345,-0.0045951929271073055
2025-06-12 12:00:00,25,-0.21965348812715568,-0.6444518027419658,-0.5390895292979136,-0.6554338694743223,1.5235093278301104
2025-06-12 16:00:00,25,-1.1195767730983182,-0.6955786462779311,0.08651126127591563,-0.5352505232610243,-0.21965348812715568
2025-06-12 20:00:00,25,-1.5352912570499804,-0.07326167310257907,0.40948322544358096,0.07732560325944071,-1.1195767730983182
2025-06-13 00:00:00,25,2.9555286834329433,0.7154511370882588,0.5586783020207118,0.9173597964677533,-1.5352912570499804
2025-06-13 04:00:00,25,-1.4938250626129879,-1.299071300661208,-1.0530245632380366,-0.6997569178305794,2.9555286834329433
2025-06-13 08:00:00,25,0.7063438475098458,-0.07523301459817379,0.5437965687801912,0.11758905838350131,-1.4938250626129879
2025-06-13 12:00:00,25,-0.3132557602943429,-0.4783674139722928,-0.24581837537115786,-0.2688867854317625,0.7063438475098458
2025-06-13 16:00:00,25,0.026713832888882294,-0.03529148174365281,0.12010402434500497,-0.09748898149171836,-0.3132557602943429
2025-06-13 20:00:00,25,-0.34740390611275984,-0.5381679556098107,-0.0019070949374423605,-0.11210544788222876,0.026713832888882294
2025-06-14 00:00:00,25,0.643771176660616,-0.07125451105715137,0.13235939534366892,0.07797650474322637,-0.34740390611275984
2025-06-16 04:00:00,25,-1.4123604136513936,-0.3199023191767312,-0.22336177407537056,-0.27426271925651236,0.643771176660616
2025-06-16 08:00:00,25,0.919081326417059,0.9659819009773114,0.5145598570240346,0.4985098964624779,-1.4123604136513936
2025-06-16 12:00:00,25,-0.49718923924694813,0.20561821265467356,-0.3221673737382149,-0.004365201004743469,0.919081326417059
2025-06-16 16:00:00,25,0.33679824021768745,0.5342001093016626,0.18611560329355775,0.2676717558559236,-0.49718923924694813
2025-06-16 20:00:00,25,-0.42542108978870097,-0.005380696071437386,-0.1131927698002278,0.08339269043685071,0.33679824021768745
2025-06-17 00:00:00,25,-0.044606166588167184,0.47997108074855654,0.16035885204342046,0.3161617238651555,-0.42542108978870097
2025-06-17 04:00:00,25,-0.8156244505705921,-0.1108836417590179,0.023688820514703824,0.3405679757668345,-0.044606166588167184
2025-06-17 08:00:00,25,1.0666751389654845,0.8167035438129826,0.3003982842496778,0.7868366717877731,-0.8156244505705921
2025-06-17 12:00:00,25,0.6144263510717263,0.30725652683648474,-0.3751370705266325,0.20320565997704954,1.0666751389654845
2025-06-17 16:00:00,25,0.8889459246726634,-0.20765389837380777,-0.2128302586485806,-0.1329775506928339,0.6144263510717263
2025-06-17 20:00:00,25,-1.0265523037304956,-0.9967031799224886,-0.3113521297558559,-0.6193640713020043,0.8889459246726634
2025-06-18 00:00:00,25,-0.4209888643341788,-0.07148037055216534,0.37609782905577305,-0.05768625786395809,-1.0265523037304956
2025-06-18 04:00:00,25,-0.8314102031326112,0.25021891098304283,0.15876817805532956,0.17265768461387765,-0.4209888643341788
2025-06-18 08:00:00,25,1.0736957651110846,1.0735908020193627,0.30606360661210946,0.6275635508503896,-0.8314102031326112
2025-06-18 12:00:00,25,0.1312587019736231,0.2097934994703307,-0.377656691314091,0.04009120535594057,1.0736957651110846
2025-06-18 16:00:00,25,0.8982974431365864,-0.10125814850032129,-0.039427028331578455,-0.031726957684893975,0.1312587019736231
2025-06-18 20:00:00,25,-0.21014755854126754,-0.8169313090166461,-0.3147082805930244,-0.5232301590750179,0.8982974431365864
2025-06-19 00:00:00,25,-1.389524186059539,-0.7425970135350968,0.08309969408917238,-0.4082479796460081,-0.21014755854126754
2025-06-19 04:00:00,25,-0.12864491512033283,0.516998770293818,0.5063642014579522,0.35202980036480014,-1.389524186059539
2025-06-19 08:00:00,25,1.0232944519295,0.7493247063390145,0.05384934656498353,0.42241783064063654,-0.12864491512033283
2025-06-19 12:00:00,25,0.4967586597676288,0.11482400428138757,-0.3595682482359595,-0.137477450071664,1.0232944519295
2025-06-19 16:00:00,25,-0.8655326492339306,-0.28934636839860683,-0.1706006975135149,-0.40927881548747713,0.4967586597676288
2025-06-19 20:00:00,25,1.3275133448148395,-0.029627694042434885,0.3183097542822429,0.06429713784123336,-0.8655326492339306
2025-06-20 04:00:00,25,-2.5170976140098116,-0.8697071911797566,-0.4687488584201256,-0.6620514272691711,1.3275133448148395
2025-06-20 08:00:00,25,1.1597356325475996,1.2916786982998212,0.9110371450856268,0.7151778467867214,-2.5170976140098116
2025-06-20 12:00:00,25,-0.32850343317788955,-0.008675637022349926,-0.40853539558451923,0.08062881125453991,1.1597356325475996
2025-06-20 16:00:00,25,0.6730301134661403,0.4135738818527702,0.1255762361906435,0.2603693752606073,-0.32850343317788955
2025-06-20 20:00:00,25,-1.1480084384169604,-0.6044715348029702,-0.23386246502019992,-0.10787886804455304,0.6730301134661403
2025-06-21 00:00:00,25,1.2536631392162239,0.4409179523139175,0.41968701830667354,0.5202536364125692,-1.1480084384169604
2025-06-23 04:00:00,25,-0.23733449866659484,-0.8638974760961482,-0.4422448815204334,-0.16568780881525313,1.2536631392162239
2025-06-23 08:00:00,25,0.18056955069297764,0.18996372745507403,0.0928567696073006,-0.03583030250014829,-0.23733449866659484
2025-06-23 12:00:00,25,0.45235477099551424,-0.08006523154908353,-0.057124116440788644,-0.1346288829895741,0.18056955069297764
2025-06-23 16:00:00,25,0.5429586283555796,-0.483622763921195,-0.15466466006130924,-0.3821346727556758,0.45235477099551424
2025-06-23 20:00:00,25,-1.5180582377060752,-1.3453491040198786,-0.18718132704996818,-0.6792143384033285,0.5429586283555796
2025-06-24 00:00:00,25,0.424043338438139,-0.16056492582122905,0.5524935725009964,0.15139081296381818,-1.5180582377060752
2025-06-24 04:00:00,25,-1.0016519269097373,-0.4789692678576355,-0.14450401733302506,-0.08062438418821394,0.424043338438139
2025-06-24 08:00:00,25,0.9568868918040785,0.5813441165099849,0.36716137442167274,0.46742919485316214,-1.0016519269097373
2025-06-24 12:00:00,25,-1.0330580739343844,-0.29780822985281163,-0.3357353499351038,-0.05613120742045119,0.9568868918040785
2025-06-24 16:00:00,25,1.4775952417914944,0.6549585501966997,0.3784326740545229,0.5091062364130181,-1.0330580739343844
2025-06-24 20:00:00,25,-1.8045221748160287,-0.6242727852513994,-0.5226114996719438,-0.2993595977582455,1.4775952417914944
2025-06-25 00:00:00,25,-0.3798298043858317,0.5312909808630009,0.6553021362715948,0.6879842187894862,-1.8045221748160287
2025-06-25 04:00:00,25,0.753037595849829,1.0275014143420216,0.14399667179828418,0.8958079928249152,-0.3798298043858317
2025-06-25 08:00:00,25,1.0376844374759049,0.534731309689341,-0.26257621669781966,0.4837836773209503,0.753037595849829
2025-06-25 12:00:00,25,-0.6758523116097237,-0.0377924141633552,-0.3647326461061798,-0.08398508006442285,1.0376844374759049
2025-06-25 16:00:00,25,-0.11526545237260599,0.3369267055046014,0.25023569482678704,0.2858073281864666,-0.6758523116097237
2025-06-25 20:00:00,25,-0.5848533853878024,0.09721235176742647,0.049047613533617515,0.34887478906334657,-0.11526545237260599
2025-06-26 00:00:00,25,0.3151279580491071,0.5659205355634624,0.21757724223437064,0.6688771596125065,-0.5848533853878024
2025-06-26 04:00:00,25,-0.0585964405080297,0.652674794254176,-0.1054155584390636,0.49645498318077586,0.3151279580491071
2025-06-26 08:00:00,25,1.2501645046359595,0.7934100999339972,0.0287097665471053,0.5285160096479107,-0.0585964405080297
2025-06-26 12:00:00,25,0.25012009855788087,-0.2826986741069114,-0.44098926240137803,-0.15551115862205833,1.2501645046359595
2025-06-26 16:00:00,25,-0.02860407561863454,-0.3791196320448207,-0.08208499636021958,-0.2923643024359368,0.25012009855788087
2025-06-26 20:00:00,25,-1.4097415040102454,-0.7049400058618156,0.017945856822653972,-0.2767135902505906,-0.02860407561863454
2025-06-27 00:00:00,25,-0.24266963656769036,0.2975909816796572,0.5136199609185501,0.494626089771419,-1.4097415040102454
2025-06-27 04:00:00,25,0.37976362383078666,0.38377988979953936,0.09477148833477235,0.6274027153362578,-0.24266963656769036
2025-06-27 08:00:00,25,0.3791224000870148,0.7787877181292466,-0.12861254453934295,0.41961515197349897,0.37976362383078666
2025-06-27 12:00:00,25,0.6832211381876068,0.04082642912189481,-0.12838241682128576,0.21217843400753011,0.3791224000870148
2025-06-27 16:00:00,25,-0.4872635246990171,-0.2309182073981782,-0.23751990485550625,-0.1616458256987876,0.6832211381876068
2025-06-27 20:00:00,25,-0.4704162901887514,-0.18383135951057553,0.18255338018315612,0.10496027914992467,-0.4872635246990171
2025-06-28 00:00:00,25,-0.488092919851006,0.01915603740850831,0.17650710433782318,0.36234842422414104,-0.4704162901887514
2025-06-30 04:00:00,26,0.4932361366215119,0.4110870160377671,0.18739143150729584,0.7068927012746702,-0.488092919851006
2025-06-30 08:00:00,26,0.24660423380257157,0.4485072256037528,-0.19332890467429217,0.3154483591676893,0.4932361366215119
2025-06-30 12:00:00,26,-0.007108330243040584,0.22854324355154298,-0.09764460761306346,0.11973716752051722,0.24660423380257157
2025-06-30 16:00:00,26,0.7565592816310378,0.4292382610288602,0.0007867310289950153,0.12537851341728157,-0.007108330243040584
2025-06-30 20:00:00,26,-1.2484367815080777,-0.6689385092941222,-0.295488802652639,-0.4750455599109955,0.7565592816310378
2025-07-01 00:00:00,26,-0.16922820855483067,0.41316443854899254,0.48237746979321505,0.5157446079525325,-1.2484367815080777
2025-07-01 04:00:00,26,0.38306350448016246,0.5695928665712329,0.06368340586551699,0.6500482808695889,-0.16922820855483067
2025-07-01 08:00:00,26,0.8608850437285565,0.642116632603081,-0.1505858907278386,0.346039652216545,0.38306350448016246
2025-07-01 12:00:00,26,0.1754181344767236,-0.21329267834079946,-0.33596344156829616,-0.3371799145417089,0.8608850437285565
2025-07-01 16:00:00,26,-0.20066099859919717,-0.18356367926238423,-0.07002696449117987,-0.47639606507401844,0.1754181344767236
2025-07-01 20:00:00,26,-1.5415588974456789,-0.689937116895386,0.0758781965057059,-0.31714655606355713,-0.20066099859919717
2025-07-02 00:00:00,26,-0.48354960102440003,0.7242479642658302,0.5960982954285735,0.9062725400373353,-1.5415588974456789
2025-07-02 04:00:00,26,0.95273305782883,1.2256093086519202,0.18562878740780972,1.2900294089999527,-0.48354960102440003
2025-07-02 08:00:00,26,0.2976012041432625,0.6589566497428966,-0.37159716358562306,0.5339169968399382,0.95273305782883
2025-07-02 12:00:00,26,2.5953639508335673,0.44537844083828526,-0.11742959570068978,0.2977333539218652,0.2976012041432625
2025-07-02 16:00:00,26,-1.1091768633516583,-1.2231588016911754,-1.0088787988151202,-1.7620113785323355,2.5953639508335673
2025-07-02 20:00:00,26,-1.6470907931750958,-0.8506336200491694,0.4283496363081712,-0.8817413104692857,-1.1091768633516583
2025-07-03 00:00:00,26,0.7374596128543747,0.49440067386505404,0.6370408707604485,0.4254304964083584,-1.6470907931750958
2025-07-03 04:00:00,26,-0.8380805246952843,0.09699056256207626,-0.28807881894773707,-0.1598356095212754,0.7374596128543747
2025-07-03 08:00:00,26,1.0880903840186633,0.6371887574119427,0.3231740191081084,0.5052857294566895,-0.8380805246952843
2025-07-03 12:00:00,26,1.6268890205836168,-0.09165161507113523,-0.4241109319202483,-0.35824958943247687,1.0880903840186633
2025-07-03 16:00:00,26,-1.3031396458880469,-1.3403280570151812,-0.6331454007298805,-1.6493887721888782,1.6268890205836168
2025-07-03 20:00:00,26,-1.8484082416440586,-0.7014828022731511,0.503600211318571,-0.6151850643011816,-1.3031396458880469
2025-07-04 04:00:00,26,0.29329401166110713,0.9438126834589885,0.7151447913106391,0.8517572263661783,-1.8484082416440586
2025-07-04 08:00:00,26,0.23301713026184956,0.9127056640447552,-0.11575856011992389,0.6189918774503536,0.29329401166110713
2025-07-04 12:00:00,26,-0.6556997286611832,0.6040047119398065,-0.09237330071183691,0.434063745704405,0.23301713026184956
2025-07-04 16:00:00,26,0.5106075543299085,1.3494874195369908,0.25241683779243096,0.9544431945087819,-0.6556997286611832
2025-07-04 20:00:00,26,-0.37117704479788927,0.6317321657108507,-0.2000683891991517,0.5492124676026133,0.5106075543299085
2025-07-07 04:00:00,26,-0.0015038312881117122,0.32515926958610153,0.1420322821357377,0.8437877091924566,-0.37117704479788927
2025-07-07 08:00:00,26,1.0859082003673226,0.9466115195650958,-0.0013876127471078113,0.844981186728889,-0.0015038312881117122
2025-07-07 12:00:00,26,0.193645660769171,0.40288678717545945,-0.423264323244118,-0.01682229748650954,1.0859082003673226
2025-07-07 16:00:00,26,0.6662779926842006,0.34962091589931255,-0.07709858831811955,-0.17050426166876242,0.193645660769171
2025-07-07 20:00:00,26,-0.718618459163535,-0.5844218361316434,-0.2604629135769602,-0.6992788812517592,0.6662779926842006
2025-07-08 00:00:00,26,-0.13097085265378183,-0.12160388028884182,0.2768270395193427,-0.1289655787836974,-0.718618459163535
2025-07-08 04:00:00,26,-0.7623992380886904,0.2167536863914596,0.04884092942604158,-0.025023885453165917,-0.13097085265378183
2025-07-08 08:00:00,26,0.8550855849961199,0.7517704865254072,0.2938124051933119,0.5800349211068632,-0.7623992380886904
2025-07-08 12:00:00,26,-0.02329604599798607,0.47005527740053415,-0.33371346041903593,-0.09858205241147822,0.8550855849961199
2025-07-08 16:00:00,26,1.1587499669571706,0.27220835024848367,0.007066981821107812,-0.08009373672999054,-0.02329604599798607
2025-07-08 20:00:00,26,-2.0139412441000992,-0.8749345615324355,-0.45152430564373663,-0.9997062403655406,1.1587499669571706
2025-07-09 00:00:00,26,-0.2099107644711502,0.7309567224312433,0.7793656354082849,0.5986071166783287,-2.0139412441000992
2025-07-09 04:00:00,26,0.8312286680001808,1.0691978523909669,0.07946677257929083,0.7651974676254554,-0.2099107644711502
2025-07-09 08:00:00,26,0.2534117686743844,0.5565138865879433,-0.3244578357139047,0.10551393082191574,0.8312286680001808
2025-07-09 12:00:00,26,0.10605915341094985,0.1769625670412704,-0.10028568600350757,-0.09559988810946152,0.2534117686743844
2025-07-09 16:00:00,26,0.3566082609583461,0.09867981705643299,-0.043118177459545395,-0.1797710435640134,0.10605915341094985
2025-07-09 20:00:00,26,-0.9913887307919467,-0.3993457943347882,-0.1403222088965916,-0.46278413959730713,0.3566082609583461
2025-07-10 00:00:00,26,-0.5119381283227966,0.04054168972218879,0.38265208243410964,0.32400636637675007,-0.9913887307919467
2025-07-10 04:00:00,26,-1.023649124389852,0.6883731616093943,0.19664251372668226,0.7302930695640519,-0.5119381283227966
2025-07-10 08:00:00,26,1.6572580957791008,1.7266684763240108,0.39516795345100825,1.5426862181882246,-1.023649124389852
2025-07-10 12:00:00,26,0.0759568794049521,0.574408368793274,-0.644927508313151,0.22744538963246796,1.6572580957791008
2025-07-10 16:00:00,26,0.5107271492547554,0.6539115308890998,-0.03143957913026553,0.16716413998431712,0.0759568794049521
2025-07-10 20:00:00,26,-1.560282474961694,-0.41931472776941575,-0.2001147877233705,-0.23816150039878536,0.5107271492547554
2025-07-11 00:00:00,26,1.228890760054222,0.7727905417129252,0.6033623692674173,1.00011708781647,-1.560282474961694
2025-07-11 04:00:00,26,-0.08203855823670025,-0.47457574601596586,-0.4787364075903995,0.024839123825961096,1.228890760054222
2025-07-11 08:00:00,26,0.8632291338536877,0.31430657923751,0.02985696124764753,0.08994694353344634,-0.08203855823670025
2025-07-11 12:00:00,26,-0.26693346132671714,-0.46204223918173737,-0.33687286412599343,-0.5951329508625118,0.8632291338536877
2025-07-11 16:00:00,26,0.18851791515094085,-0.2243369150130456,0.10158952556784479,-0.38328798372143424,-0.26693346132671714
2025-07-11 20:00:00,26,-1.2032157782805157,-0.5510803210196187,-0.07510920766873397,-0.5329004427296145,0.18851791515094085
2025-07-12 00:00:00,26,-0.02670206033022282,0.6504913245931344,0.46483334895249256,0.42200122357545133,-1.2032157782805157
2025-07-14 04:00:00,26,0.05358315950525139,0.3763079775455095,0.008388392731195134,0.44319263609128967,-0.02670206033022282
2025-07-14 08:00:00,26,0.8053095512980697,0.47509814086808955,-0.02275938148844089,0.4006677214242167,0.05358315950525139
2025-07-14 12:00:00,26,-0.8840885831612155,-0.2126897392741025,-0.3144021517827381,-0.2384457662037942,0.8053095512980697
2025-07-14 16:00:00,26,1.0170655660620689,0.7466549026178392,0.34102348903940255,0.46318870074807705,-0.8840885831612155
2025-07-14 20:00:00,26,-1.6046677570813017,-0.3383049076678239,-0.3965558601618814,-0.3439795738918132,1.0170655660620689
2025-07-15 00:00:00,26,0.25062803921248644,1.0833363532495934,0.6205822604126306,0.929524267034143,-1.6046677570813017
2025-07-15 04:00:00,26,-0.6693844300820047,0.9796086398595433,-0.09920569921458885,0.7306196843425923,0.25062803921248644
2025-07-15 08:00:00,26,1.4498734164326077,1.0057424350769575,0.2577260091566294,1.2618596491288194,-0.6693844300820047
2025-07-15 12:00:00,26,-0.051744797609377,0.389984015966525,-0.564469720663898,0.11120440816991994,1.4498734164326077
2025-07-15 16:00:00,26,1.1799804136766596,0.10398584881911736,0.018104073004740335,0.15227035357368024,-0.051744797609377
2025-07-15 20:00:00,26,-2.699308079433907,-0.8089667403973076,-0.45976095446098836,-0.7841911552983305,1.1799804136766596
2025-07-16 00:00:00,26,0.7188125766128266,1.3560321104113155,1.0452632874088763,1.3580461968461943,-2.699308079433907
2025-07-16 04:00:00,26,-0.049092119472167184,0.7610620102739379,-0.2808444403671297,0.7875788379909636,0.7188125766128266
2025-07-16 08:00:00,26,0.7658700320373235,1.1016843949652968,0.017074929410633016,0.8265395527128181,-0.049092119472167184
2025-07-16 12:00:00,26,1.3244487860771947,0.47152777038653887,-0.29910103852948755,0.21872623861991158,0.7658700320373235
2025-07-16 16:00:00,26,1.22248677388842,-0.5111597065521836,-0.515809480635938,-0.8323889275792986,1.3244487860771947
2025-07-16 20:00:00,26,-2.6049152107310967,-1.8399083933182159,-0.4762518915660697,-1.8025845304745616,1.22248677388842
2025-07-17 00:00:00,26,-1.5782089935495662,0.17695283997445144,1.008642253446162,0.2647403169981608,-2.6049152107310967
2025-07-17 04:00:00,26,1.166331120184097,1.428093814996645,0.6103172129442909,1.5172458317378243,-1.5782089935495662
2025-07-17 08:00:00,26,1.3544710358583671,0.835724861120737,-0.45446552009791225,0.5916167382440083,1.166331120184097
2025-07-17 12:00:00,26,-1.1662844552202358,-0.3122130254403294,-0.5274570324476637,-0.4833248245664876,1.3544710358583671
2025-07-17 16:00:00,26,0.6033089744378444,0.5027112922843037,0.45050532550469774,0.4422672344630598,-1.1662844552202358
2025-07-17 20:00:00,26,-1.3888318637046773,-0.10345389740653234,-0.23603320201624,-0.036533621864464294,0.6033089744378444
2025-07-18 00:00:00,26,-0.1827669745153635,0.9108879790209676,0.5368457060485103,1.065677539930972,-1.3888318637046773
2025-07-18 04:00:00,26,-0.40224041059388327,0.9691959287873758,0.06893595952626988,1.2107259108554835,-0.1827669745153635
2025-07-18 08:00:00,26,1.0385430336551877,1.5853219215163012,0.15408374947055178,1.5299538043595398,-0.40224041059388327
2025-07-18 12:00:00,26,0.40437571557442453,0.6721257309206932,-0.4048883441828622,0.7057404826359175,1.0385430336551877
2025-07-18 16:00:00,26,0.7426952001623821,0.41205305748779775,-0.1588542611781613,0.384817958525451,0.40437571557442453
2025-07-18 20:00:00,26,-1.552040119364266,-0.2944668797155924,-0.29011003828936927,-0.20460323839845707,0.7426952001623821
2025-07-19 00:00:00,26,1.3089653475467031,0.9640263723033674,0.6001646321034317,1.0271340134776814,-1.552040119364266
2025-07-21 04:00:00,26,-2.3176933995310343,0.05278897107420809,-0.50980246404584,-0.011693114682309158,1.3089653475467031
2025-07-21 08:00:00,26,2.0252844719590417,1.8245577385677931,0.8972105335785717,1.8276854316655626,-2.3176933995310343
2025-07-21 12:00:00,26,0.22355943286335034,0.2891414885470732,-0.7877084896147504,0.2203698097085276,2.0252844719590417
2025-07-21 16:00:00,26,0.17611065913657065,0.2656357267502383,-0.08870405469358125,0.04294753947824148,0.22355943286335034
2025-07-21 20:00:00,26,-1.0819334296792817,-0.18602244657437247,-0.07029563912133782,-0.09681821567493643,0.17611065913657065
2025-07-22 00:00:00,26,-0.35419628739274245,0.5583207998086203,0.41778016508129073,0.7618307926586603,-1.0819334296792817
2025-07-22 04:00:00,26,0.110416465792607,1.0391926454876903,0.13544435974083352,1.0429296870845164,-0.35419628739274245
2025-07-22 08:00:00,26,0.33479524933643745,0.879606121566573,-0.044808657756496804,0.9553004612414551,0.110416465792607
2025-07-22 12:00:00,26,0.5846551840006775,0.5430031229761789,-0.131859545875405,0.6895987082946533,0.33479524933643745
2025-07-22 16:00:00,26,-0.1500445000679136,0.5086554977393448,-0.2287962030509516,0.22560195933747274,0.5846551840006775
2025-07-22 20:00:00,26,-0.9133513022662783,-0.1043362075301792,0.056240817779312495,0.34468096887266775,-0.1500445000679136
2025-07-23 00:00:00,26,0.9249927855825071,0.775026877600724,0.3523763702995519,1.0695390501906772,-0.9133513022662783
2025-07-23 04:00:00,26,-0.3704642895135599,0.3179941209712726,-0.36083493688324414,0.3354420010851804,0.9249927855825071
2025-07-23 08:00:00,26,0.11214604848218457,0.6675061481313184,0.14175575875178686,0.6294515825324627,-0.3704642895135599
2025-07-23 12:00:00,26,0.6389170395181338,0.7437515719062949,-0.04547967355765613,0.5404497172824883,0.11214604848218457
2025-07-23 16:00:00,26,0.7125964530139868,0.05056010996590826,-0.24984784901841336,0.033389423792613115,0.6389170395181338
2025-07-23 20:00:00,26,-2.0984903891833326,-0.7804785805387052,-0.2784328082538367,-0.5321446663259213,0.7125964530139868
2025-07-24 00:00:00,26,0.5978422243117301,0.8332588393925251,0.8121676590797973,1.1332689739605986,-2.0984903891833326
2025-07-24 04:00:00,26,0.023981658532122196,0.4217799906248839,-0.23391229982537204,0.6588066651313138,0.5978422243117301
2025-07-24 08:00:00,26,0.1217184882766027,0.5933335462298378,-0.011275065063041169,0.6397742304621072,0.023981658532122196
2025-07-24 12:00:00,26,0.16949515589924502,0.4798559617054983,-0.049193435493646395,0.5431754413059657,0.1217184882766027
2025-07-24 16:00:00,26,1.5993586765186887,0.48721587828455376,-0.06772906209000182,0.4086599124038077,0.16949515589924502
2025-07-24 20:00:00,26,-1.5557837182196987,-0.9632992865734046,-0.6224646186023539,-0.8606305114715234,1.5993586765186887
2025-07-25 00:00:00,26,-0.42722961372713186,0.35757364190835306,0.6016170136520762,0.3740777526283239,-1.5557837182196987
2025-07-25 04:00:00,26,-0.22777781150999132,1.031756177767292,0.16377866042325406,0.7131376930040361,-0.42722961372713186
2025-07-25 08:00:00,26,1.62796881011697,0.7357214880936489,0.08639854343671508,0.8939077723899995,-0.22777781150999132
2025-07-25 12:00:00,26,0.020618891383069382,-0.15510750249083355,-0.6335643201855229,-0.3980883579258272,1.62796881011697
2025-07-25 16:00:00,26,0.2519818762649617,-0.18898937839290494,-0.009970432502695043,-0.41445201779005636,0.020618891383069382
2025-07-25 20:00:00,26,-2.3163286679058217,-0.606235605329243,-0.09973093923917983,-0.6144310388995944,0.2519818762649617
2025-07-26 00:00:00,26,0.923724531861545,1.1766292534792435,0.896681066852073,1.223864422829127,-2.3163286679058217
2025-07-28 04:00:00,27,0.08893606540928545,-0.5849044943015543,-0.3136833642741869,0.348102837074709,0.923724531861545
2025-07-28 08:00:00,27,0.7563136641076671,0.4146742542096401,-0.027734099568348977,0.2818071738194199,0.08893606540928545
2025-07-28 12:00:00,27,-0.6282191398077632,-0.19047974606072665,-0.25633828050532137,-0.28197216317180995,0.7563136641076671
2025-07-28 16:00:00,27,0.2765321800230893,0.36566981482139016,0.2179209518044853,0.18632159765015643,-0.6282191398077632
2025-07-28 20:00:00,27,-1.281516939938637,0.02106605223705277,-0.09199345770666255,-0.01981394704358941,0.2765321800230893
2025-07-29 00:00:00,27,0.5294643341218404,0.6496831441303705,0.4417022246523035,0.9354679750331005,-1.281516939938637
2025-07-29 04:00:00,27,0.2059772114477596,0.44665367029627623,-0.17863308725542293,0.5407890667736552,0.5294643341218404
2025-07-29 08:00:00,27,1.1622969202299753,0.48004190327754365,-0.06782548917781989,0.38724735357146045,0.2059772114477596
2025-07-29 12:00:00,27,-0.16107325878379974,-0.0733725163668274,-0.39540418550569306,-0.4791643194839672,1.1622969202299753
2025-07-29 16:00:00,27,-0.8655802913223027,-0.14231505985519877,0.05790434094154346,-0.3590953859796535,-0.16107325878379974
2025-07-29 20:00:00,27,0.25595998320398117,0.18442585118690474,0.29922687476933635,0.28613463684444085,-0.8655802913223027
2025-07-30 00:00:00,27,-0.64143257460338,0.09728782761025331,-0.08494663711652185,0.09533423685790154,0.25595998320398117
2025-07-30 04:00:00,27,0.32005980657072186,0.6243321141350935,0.22244709479266378,0.5734776961078882,-0.64143257460338
2025-07-30 08:00:00,27,-0.07045450457363245,0.5616805838124562,-0.10690345383847619,0.3348953272981454,0.32005980657072186
2025-07-30 12:00:00,27,1.8102438393053628,0.7004191646485254,0.026863703491099854,0.3874142698501526,-0.07045450457363245
2025-07-30 16:00:00,27,-1.4536200031598092,-0.5522765591169074,-0.6173525622788358,-0.9619968540651644,1.8102438393053628
2025-07-30 20:00:00,27,1.926365197023534,0.09581700108004479,0.50065457768476,0.1215759550887423,-1.4536200031598092
2025-07-31 00:00:00,27,-2.0367398317920014,-1.3504049639731923,-0.6571288866898218,-1.3143955804279077,1.926365197023534
2025-07-31 04:00:00,27,-0.264293192902187,0.43988131792505836,0.7003970189542278,0.20385258364051317,-2.0367398317920014
2025-07-31 08:00:00,27,1.4143166890803691,0.6505029989804154,0.093261398987129,0.40086481300634347,-0.264293192902187
2025-07-31 12:00:00,27,-0.20057386523986587,-0.19894011397308448,-0.481731285711535,-0.6534101037454629,1.4143166890803691
2025-07-31 16:00:00,27,0.10187334781387136,-0.13294325775038923,0.07143491763907471,-0.5038962100673459,-0.20057386523986587
2025-07-31 20:00:00,27,-0.2449657976698134,-0.45500052512770794,-0.0321656490441163,-0.5798357193122907,0.10187334781387136
2025-08-01 00:00:00,27,-1.9072365763855945,-0.22471883711326934,0.0866409739603388,-0.397230721478806,-0.2449657976698134
2025-08-01 04:00:00,27,1.0156750576991591,0.8162468627912896,0.6560368461096594,1.0244817551676881,-1.9072365763855945
2025-08-01 08:00:00,27,0.9139159863797008,0.4703087447043913,-0.3451801880915109,0.26736650285532804,1.0156750576991591
2025-08-01 12:00:00,27,3.51393795797677,-0.036239449709174205,-0.3103235354300165,-0.4138944254061574,0.9139159863797008
2025-08-01 16:00:00,27,-2.529677529132716,-6.044008938282085,-1.2009376261551468,-3.033291252665437,3.51393795797677
2025-08-01 20:00:00,27,0.49541240179348733,-3.0056803330139212,0.8692483840184901,-1.147592252557157,-2.529677529132716
2025-08-02 00:00:00,27,-1.349004100734712,-2.174525226310237,-0.16696890476798754,-1.5168878089846611,0.49541240179348733
2025-08-04 04:00:00,27,-1.3355752226770061,-0.8360469070498477,0.46481934327845775,-0.5112988931636195,-1.349004100734712
2025-08-04 08:00:00,27,1.6841016010621974,0.6305888483612782,0.4602194021427773,0.48427972623253446,-1.3355752226770061
2025-08-04 12:00:00,27,0.2669628130045041,-0.18152915793592828,-0.5741436755685585,-0.7711011152506533,1.6841016010621974
2025-08-04 16:00:00,27,-0.03840362826482391,-0.7937942318529942,-0.08871555728921442,-0.9701033610907697,0.2669628130045041
2025-08-04 20:00:00,27,-2.152992851939681,-0.8052479208936116,0.015884964706373614,-0.9414761220116699,-0.03840362826482391
2025-08-05 00:00:00,27,1.0759849187308692,0.6125253390952093,0.740218443143685,0.6634305988599198,-2.152992851939681
2025-08-05 04:00:00,27,-1.0676733377165757,0.006110039821961705,-0.36583878737693243,-0.1386414684355568,1.0759849187308692
2025-08-05 08:00:00,27,1.761539469266305,0.9807228985322491,0.36845202621901796,0.6572348921631264,-1.0676733377165757
2025-08-05 12:00:00,27,-0.3739487489921238,-0.2492684430505238,-0.6006693193253035,-0.6558705047075879,1.761539469266305
2025-08-05 16:00:00,27,-0.4604519277521977,-0.3235772465938004,0.13082292133073029,-0.37711767002990015,-0.3739487489921238
2025-08-05 20:00:00,27,-0.9372662471103581,-0.0754870962764803,0.16045380550703361,-0.033882720214801765,-0.4604519277521977
2025-08-06 00:00:00,27,-0.27962515917272057,0.8639603385877064,0.3237822527735938,0.6647842065603218,-0.9372662471103581
2025-08-06 04:00:00,27,-0.18580324520073432,0.9566359411253867,0.09851322583637369,0.8732253525106088,-0.27962515917272057
2025-08-06 08:00:00,27,1.4804319110780728,1.1002977465975476,0.06637537488162751,1.0117287742538625,-0.18580324520073432
2025-08-06 12:00:00,27,0.40365289289365336,0.26852814190998214,-0.5043784590684609,-0.09183045110139965,1.4804319110780728
2025-08-06 16:00:00,27,-0.28740778429370195,-0.01880799819598042,-0.13553751208094342,-0.3927256631410696,0.40365289289365336
2025-08-06 20:00:00,27,-0.4704463695265364,-0.3519553849293765,0.10117909392183445,-0.17848311039491804,-0.28740778429370195
2025-08-07 00:00:00,27,-0.12169871175060365,0.49324877421090213,0.16387731145059697,0.17220200199761138,-0.4704463695265364
2025-08-07 04:00:00,27,-0.3331253677012782,0.9595884714018528,0.0444169447630629,0.2629199438774421,-0.12169871175060365
2025-08-07 08:00:00,27,-0.07600339027516867,0.8386954563220879,0.11683924003655305,0.5112417815625676,-0.3331253677012782
2025-08-07 12:00:00,27,2.8665243815464123,0.8439342921034767,0.028764424272538395,0.5678970332285225,-0.07600339027516867
2025-08-07 16:00:00,27,-1.9916674065397224,-1.5195705888670525,-0.9791719410977037,-1.5688979130906962,2.8665243815464123
2025-08-07 20:00:00,27,0.5829064971372233,-0.09681541293561524,0.684957865950387,-0.08424811334020355,-1.9916674065397224
2025-08-08 00:00:00,27,-1.490967809815679,-0.5189434003234534,-0.1969392184882653,-0.5187644444336499,0.5829064971372233
2025-08-08 04:00:00,27,-1.1041999340604143,0.49917519110883407,0.5134477322152825,0.5926485620798605,-1.490967809815679
2025-08-08 08:00:00,27,1.9088191238909076,1.6917629861846655,0.3809638825592432,1.4157529647549385,-1.1041999340604143
2025-08-08 12:00:00,27,0.6290655022533684,0.3485230446720988,-0.6511186374921153,-0.007139191204046824,1.9088191238909076
2025-08-08 16:00:00,27,-0.4337637131741534,0.04180662627580595,-0.2127505696304406,-0.4760638564788664,0.6290655022533684
2025-08-08 20:00:00,27,-1.2047609224657467,-0.08229413772758261,0.15131199816111263,-0.15272311806617722,-0.4337637131741534
2025-08-09 00:00:00,27,-0.17707605282918593,0.7671159428393381,0.41541014271758425,0.7453425210123594,-1.2047609224657467
2025-08-11 04:00:00,27,-0.7911320601604324,0.18690566647016926,0.06338595379846813,0.8773404266416982,-0.17707605282918593
2025-08-11 08:00:00,27,1.3529357298438782,0.926059410926654,0.2737253042339167,1.4670744609672504,-0.7911320601604324
2025-08-11 12:00:00,27,0.4261430557403454,0.5587274779833729,-0.4607057913905526,0.4585547885598178,1.3529357298438782
2025-08-11 16:00:00,27,0.06880529650761247,0.20244911370427657,-0.1432413146459899,0.1408947212752114,0.4261430557403454
2025-08-11 20:00:00,27,-0.6035399900769196,-0.08855162892429086,-0.020838486132456188,0.0896051488564531,0.06880529650761247
2025-08-12 00:00:00,27,-1.1067438142880661,0.6371142188458635,0.20946733151299846,0.539502316660128,-0.6035399900769196
2025-08-12 04:00:00,27,1.1765709952971939,1.389899462540304,0.38183526580162097,1.364503005461179,-1.1067438142880661
2025-08-12 08:00:00,27,1.204518134716702,0.9210534698654729,-0.4002936412586859,0.4874510002797212,1.1765709952971939
2025-08-12 12:00:00,27,1.36314743829816,-0.21138940159023928,-0.40986668196156306,-0.41043365738504356,1.204518134716702
2025-08-12 16:00:00,27,-0.2780969240957578,-1.5391540610256333,-0.46420372007696825,-1.4265654495982112,1.36314743829816
2025-08-12 20:00:00,27,-2.553832708170166,-1.533581785770315,0.09798974268571116,-1.2192634968151825,-0.2780969240957578
2025-08-13 00:00:00,27,-0.6885792802194892,0.28343964541201366,0.8775225228718349,0.6844415125309524,-2.553832708170166
2025-08-13 04:00:00,27,0.5719637581568087,0.89489600379961,0.23859677383833136,1.1977295681236892,-0.6885792802194892
2025-08-13 08:00:00,27,1.575603560404355,0.7234583973839919,-0.19319088188436417,0.771370289348642,0.5719637581568087
2025-08-13 12:00:00,27,-1.4471072080644891,-0.4114117797278793,-0.5369786497028012,-0.403132794228247,1.575603560404355
2025-08-13 16:00:00,27,0.6019349601326134,0.5987337928597211,0.49842367842880686,0.6755851782685287,-1.4471072080644891
2025-08-13 20:00:00,27,-0.7324591124328528,-0.4399131635024162,-0.20345724697174244,0.22688444887499237,0.6019349601326134
2025-08-14 00:00:00,27,-0.581442729975425,0.5469663859151452,0.2536274148462883,0.7728818734591307,-0.7324591124328528
2025-08-14 04:00:00,27,0.028364519770036623,0.7093551419886773,0.20189811424183796,1.2063070677410241,-0.581442729975425
2025-08-14 08:00:00,27,2.060465829007722,1.1590232031364653,-0.006985862579344247,1.185163287178904,0.028364519770036623
2025-08-14 12:00:00,27,-0.23722146882934503,-0.34954659590838083,-0.7030638494420409,-0.35077096087097814,2.060465829007722
2025-08-14 16:00:00,27,0.3583195811700648,-0.6142778416434105,0.08398822392057913,-0.17393882261457527,-0.23722146882934503
2025-08-14 20:00:00,27,-0.8802657256157982,-0.8444043457344841,-0.12000899476789063,-0.4410411975814199,0.3583195811700648
2025-08-15 00:00:00,27,-1.1981557974141879,0.04601835892017592,0.304257237917449,0.21513579711734465,-0.8802657256157982
2025-08-15 04:00:00,27,-0.0829719610957369,1.0075239466391601,0.41314761666735,1.1082777739654688,-1.1981557974141879
2025-08-15 08:00:00,27,1.0773666514165186,1.1761785643504747,0.031151445394979837,1.170127611454003,-0.0829719610957369
2025-08-15 12:00:00,27,-0.046317546566793766,0.4772596643990213,-0.3663120874539694,0.367025558354511,1.0773666514165186
2025-08-15 16:00:00,27,-0.018431417543755657,0.5238485431778805,0.018595806087553346,0.40155207418216854,-0.046317546566793766
2025-08-15 20:00:00,27,-1.12427794995887,0.24577887593726855,0.009043663946061629,0.4152914165420434,-0.018431417543755657
2025-08-16 00:00:00,27,0.7150609122861766,1.2162613608386383,0.38784142592938015,1.25336258635161,-1.12427794995887
2025-08-18 04:00:00,27,-0.39870816026426326,0.6552953505156336,-0.24220752220606034,0.7203343122787302,0.7150609122861766
2025-08-18 08:00:00,27,1.659270385684465,0.8601447048825573,0.13930403448973988,1.017543569382381,-0.39870816026426326
2025-08-18 12:00:00,27,-0.8768937932348067,-0.16430120101608855,-0.565637966560394,-0.21932732469841376,1.659270385684465
2025-08-18 16:00:00,27,0.3079921792981537,0.5613443226112433,0.3031022128737034,0.43433612847340086,-0.8768937932348067
2025-08-18 20:00:00,27,-1.2155359144596574,0.0731065675361218,-0.10276979688942882,0.2047493381196066,0.3079921792981537
2025-08-19 00:00:00,27,0.6844855284546121,1.0415058329730111,0.4191010191032683,1.1108469857822794,-1.2155359144596574
2025-08-19 04:00:00,27,0.5587680081621684,0.40809152715321884,-0.23173420006986542,0.6006105379620035,0.6844855284546121
2025-08-19 08:00:00,27,-0.20989269612739392,0.36961200728955984,-0.1886707966653559,0.18408777482343908,0.5587680081621684
2025-08-19 12:00:00,27,0.30404305758274575,0.6121161132892226,0.07462699916307008,0.34054821006047575,-0.20989269612739392
2025-08-19 16:00:00,27,-0.7023890099354055,0.6963073342189853,-0.10141706084175207,0.11390521581677504,0.30404305758274575
2025-08-19 20:00:00,27,0.3040240345408698,0.4769510638949312,0.2433271722766745,0.6374874663087304,-0.7023890099354055
2025-08-20 00:00:00,27,-0.7691306418065516,0.4375854899121088,-0.1014105446702242,0.4108586524222613,0.3040240345408698
2025-08-20 04:00:00,27,0.7931874826813292,1.1161742845461,0.26618891668951894,0.984192156596011,-0.7691306418065516
2025-08-20 08:00:00,27,1.5341770098740088,0.6775845466128392,-0.26896907469063863,0.39292594745852405,0.7931874826813292
2025-08-20 12:00:00,27,-1.0610632244857072,-0.13169942053744482,-0.5227883582223796,-0.7506965183268193,1.5341770098740088
2025-08-20 16:00:00,27,0.7474058965822508,0.16435195506021877,0.3661877915129228,0.040252461700031716,-1.0610632244857072
2025-08-20 20:00:00,27,-1.2911506046903245,-0.6246401057258966,-0.2532870050308428,-0.5168867529347203,0.7474058965822508
2025-08-21 00:00:00,27,-0.14006876456960526,0.32237697557162603,0.4450021496786696,0.44557639749239186,-1.2911506046903245
2025-08-21 04:00:00,27,-0.7046029568748082,0.8794508724654091,0.05070944077528628,0.5499879385894353,-0.14006876456960526
2025-08-21 08:00:00,27,0.6456734048782202,1.0664863086636551,0.24408553984506035,1.075220532843332,-0.7046029568748082
2025-08-21 12:00:00,27,1.0079878340691693,0.8730136002341042,-0.21843945697703418,0.5939158290011797,0.6456734048782202
2025-08-21 16:00:00,27,0.9580803081428133,0.44533973783752845,-0.34254699892687523,-0.15746913170454668,1.0079878340691693
2025-08-21 20:00:00,27,-3.1137227156369054,-0.6947247072908906,-0.32545162576895537,-0.8716514961688961,0.9580803081428133
2025-08-22 00:00:00,27,-0.06147506347251408,1.5133235606639963,1.0693077982861738,1.4494126489136487,-3.1137227156369054
2025-08-22 04:00:00,27,0.9197913468921932,1.5927830304596984,0.02378787687930392,1.495238041433721,-0.06147506347251408
2025-08-22 08:00:00,27,0.07546384858783028,0.9168328975953662,-0.3123360872152237,0.8095974397490071,0.9197913468921932
2025-08-22 12:00:00,27,0.5609081341410445,0.9996126149164111,-0.023119313129785938,0.7533443789586141,0.07546384858783028
2025-08-22 16:00:00,27,2.940065910154903,0.6825967180557396,-0.18940387752910842,0.3352263004598903,0.5609081341410445
2025-08-22 20:00:00,27,-3.026508141785623,-3.1560638709320203,-1.0043629288461478,-1.8563887505431893,2.940065910154903
2025-08-23 00:00:00,27,-0.6266542308260803,-0.23904195630501834,1.0394332321336317,0.39966298374302056,-3.026508141785623
2025-08-25 04:00:00,28,0.11825360613229563,0.07784633682986655,0.17311286251831687,0.6899678564080158,-0.6266542308260803
2025-08-25 08:00:00,28,0.8468508343460481,0.7820595883541935,-0.045802572752527054,0.6079953613463775,0.11825360613229563
2025-08-25 12:00:00,28,0.3632382568526378,0.542582694675766,-0.25992460428171965,0.02096484188201231,0.8468508343460481
2025-08-25 16:00:00,28,-0.8763313663712644,-0.07659612476540267,-0.11779929340203227,-0.230829138783065,0.3632382568526378
2025-08-25 20:00:00,28,0.29982543413613527,0.0820420550151468,0.24648862270394328,0.37663705993786145,-0.8763313663712644
2025-08-26 00:00:00,28,1.173699110350448,-0.10711033001588785,-0.0991633696031641,0.16880036283466993,0.29982543413613527
2025-08-26 04:00:00,28,-1.107480725905745,-0.8078352853880462,-0.3559796181491953,-0.644798880975415,1.173699110350448
2025-08-26 08:00:00,28,0.7762670142235599,0.3075494428101382,0.31441939231658084,0.12289828534698444,-1.107480725905745
2025-08-26 12:00:00,28,-0.6829134482285646,-0.17945858582005855,-0.23918124928053328,-0.4152040700159887,0.7762670142235599
2025-08-26 16:00:00,28,0.09974072218651209,0.01570210419008214,0.18964646634768575,0.05818630760864707,-0.6829134482285646
2025-08-26 20:00:00,28,-0.9087007983409965,-0.052227625399642125,-0.040361958697964107,-0.010953197936165893,0.09974072218651209
2025-08-27 00:00:00,28,-1.0325848522117802,0.17051200836774902,0.2560014348097445,0.6189512433810869,-0.9087007983409965
2025-08-27 04:00:00,28,0.7156188986913072,1.2422282730126673,0.2924087998966482,1.3347311630560803,-1.0325848522117802
2025-08-27 08:00:00,28,1.6679969789171825,1.0747538640772767,-0.22135782475554547,0.8386696173865005,0.7156188986913072
2025-08-27 12:00:00,28,-0.05281683052904995,0.169305029489816,-0.5012451499129371,-0.3175731272461739,1.6679969789171825
2025-08-27 16:00:00,28,-0.019127351150167726,-0.00698380441602219,0.00447204814098952,-0.28096090440308963,-0.05281683052904995
2025-08-27 20:00:00,28,-1.3331697245129401,-0.399706327862899,-0.005428702900092938,-0.2677019709212196,-0.019127351150167726
2025-08-28 00:00:00,28,-0.2964280855080865,0.28427158748305276,0.3807454569847604,0.6564410825828144,-1.3331697245129401
2025-08-28 04:00:00,28,0.44984029052895025,0.21208486973629395,0.07606515170984395,0.8619227636087459,-0.2964280855080865
2025-08-28 08:00:00,28,1.1311255164680851,0.571747671235597,-0.14325012229249218,0.5500969157554696,0.44984029052895025
2025-08-28 12:00:00,28,-0.19766476202996053,0.03342183321684461,-0.3434679806372888,-0.2339906384882635,1.1311255164680851
2025-08-28 16:00:00,28,0.4010795580849962,0.044376588917990664,0.04704033162432612,-0.09697093770016352,-0.19766476202996053
2025-08-28 20:00:00,28,-1.5403876762348325,-0.7383949072571157,-0.12892019255154646,-0.37499621887142,0.4010795580849962
2025-08-29 00:00:00,28,-0.44555930189846293,0.6564700359285975,0.44164320278155433,0.692788733427669,-1.5403876762348325
2025-08-29 04:00:00,28,1.19757989139827,1.0009627545731072,0.11989221799750058,1.0016470327143594,-0.44555930189846293
2025-08-29 08:00:00,28,0.17869140286548912,0.48232881932022714,-0.36299776364090913,0.1714938141838669,1.19757989139827
2025-08-29 12:00:00,28,-0.003967712493700759,0.010384096235745545,-0.06356418824670954,0.04762630081128272,0.17869140286548912
2025-08-29 16:00:00,28,0.4108767891366707,0.521729011940502,-0.009883856585386519,0.050376688756594845,-0.003967712493700759
2025-08-29 20:00:00,28,-0.9436299919939923,-0.5849939553039454,-0.13179942806729014,-0.23443995802513307,0.4108767891366707
2025-08-30 00:00:00,28,-0.12816418938796303,0.2275009656920128,0.2662665162773093,0.41967713310361,-0.9436299919939923
2025-09-01 04:00:00,28,-0.0874068548781608,-0.034112990303724916,0.026615324184988406,0.5085195686563182,-0.12816418938796303
2025-09-01 08:00:00,28,0.9056846909388288,0.7119351464221852,0.014637453659253407,0.5691093317442828,-0.0874068548781608
2025-09-01 12:00:00,28,-0.2540180000699177,-0.2732316554105882,-0.27721484971296845,-0.05870436699677306,0.9056846909388288
2025-09-01 16:00:00,28,0.08519725783691001,0.05419462479013201,0.06360156648099209,0.11737896726538466,-0.2540180000699177
2025-09-01 20:00:00,28,-0.6530779968044342,0.1861256351318118,-0.036087887906281674,0.05832087994170365,0.08519725783691001
2025-09-02 04:00:00,28,0.1134916097239369,0.15266665646597402,0.18087834697645597,0.511029550897792,-0.6530779968044342
2025-09-02 08:00:00,28,3.543135423118379,0.3874932068025036,-0.04440310497306228,0.432358035314369,0.1134916097239369
2025-09-02 12:00:00,28,-1.3816515963496538,-1.685879899875265,-1.052315669430556,-2.0237163329324623,3.543135423118379
2025-09-02 16:00:00,28,0.02936798819133024,-0.8529619406314765,0.3949934344516326,-1.065966016785902,-1.3816515963496538
2025-09-02 20:00:00,28,-2.012513074784014,-1.342773561898981,-0.019680638231986264,-1.0863236815178414,0.02936798819133024
2025-09-03 00:00:00,28,-0.4725524611354146,0.14114275977638557,0.5803926319026631,0.30873498502003294,-2.012513074784014
2025-09-03 04:00:00,28,-0.16573342133290225,0.8510931238269176,0.12782503721419877,0.6363047357763172,-0.4725524611354146
2025-09-03 08:00:00,28,2.7404203002745593,1.1451878382670968,0.0376562669110041,0.7511898754866522,-0.16573342133290225
2025-09-03 12:00:00,28,-1.0710712727831364,-0.5328121560353405,-0.8164116799741221,-1.1484485108451459,2.7404203002745593
2025-09-03 16:00:00,28,0.0676608544528623,-0.21248057175844365,0.3037192883804282,-0.40599009887372084,-1.0710712727831364
2025-09-03 20:00:00,28,-0.9463863711193277,-0.8823254863003362,-0.030934244476271116,-0.4528920855353249,0.0676608544528623
2025-09-04 00:00:00,28,-1.2034264383330218,-0.07409343118930128,0.2670765680797687,0.20313570651518909,-0.9463863711193277
2025-09-04 04:00:00,28,0.14541447530810814,1.0634450614736175,0.342616165603532,1.037341706651345,-1.2034264383330218
2025-09-04 08:00:00,28,1.2626965573512443,1.0452280612155114,-0.0537846789983628,0.9365415048735724,0.14541447530810814
2025-09-04 12:00:00,28,1.1915966965701,0.29414190373050336,-0.3821344172821005,0.06124991168506888,1.2626965573512443
2025-09-04 16:00:00,28,-0.26258053032185913,-0.5849100825667554,-0.3612394069219526,-0.7647558019654745,1.1915966965701
2025-09-04 20:00:00,28,-1.3925089813207823,-0.7240674967327284,0.06611794494302761,-0.5827369872410362,-0.26258053032185913
2025-09-05 00:00:00,28,-1.1742958418558196,0.25931135289964696,0.3981842307339793,0.3825395851021618,-1.3925089813207823
2025-09-05 04:00:00,28,-0.26190995507232273,0.9640820350917876,0.3340551908210068,1.1965524786264279,-1.1742958418558196
2025-09-05 08:00:00,28,1.889980974299288,1.6533698796286085,0.06592087456015511,1.3781064557181804,-0.26190995507232273
2025-09-05 12:00:00,28,1.9808426096316047,0.114697648024786,-0.5664823786829575,0.06798610379406433,1.889980974299288
2025-09-05 16:00:00,28,-0.4247178874071018,-1.2746950942885997,-0.5931850302880396,-1.305118838597748,1.9808426096316047
2025-09-05 20:00:00,28,-2.198906474847732,-1.521329183704635,0.11376728938396079,-1.0107076483874557,-0.4247178874071018
2025-09-06 00:00:00,28,1.0816597999543873,0.3858048533175216,0.6351704047788014,0.5135574970560306,-2.198906474847732
2025-09-08 04:00:00,28,-0.5464717509409169,-0.13315395412257813,-0.3289308683606926,-0.23624080094207578,1.0816597999543873
2025-09-08 08:00:00,28,0.644636253363343,0.5514129462330457,0.14954862864365426,0.14256923598157023,-0.5464717509409169
2025-09-08 12:00:00,28,-0.5672279380103245,-0.196004255872267,-0.20049726197492387,-0.30428768300542863,0.644636253363343
2025-09-08 16:00:00,28,0.13658114439245495,0.2385073372846461,0.15564851040274,0.08891038399775653,-0.5672279380103245
2025-09-08 20:00:00,28,-0.018939667434867857,-0.04342844824408243,-0.05118871693923403,-0.005766620369435316,0.13658114439245495
2025-09-09 00:00:00,28,-1.1175494929654022,0.023582203074153207,-0.005483859874136717,0.00736221219687927,-0.018939667434867857
2025-09-09 04:00:00,28,0.6708547750162559,0.699067002236785,0.3173784275342876,0.7820389708130744,-1.1175494929654022
2025-09-09 08:00:00,28,0.7536905091477433,0.5720868157806399,-0.20820242870164501,0.3170075732033055,0.6708547750162559
2025-09-09 12:00:00,28,-0.7686074961744485,-0.1597151331968639,-0.23254640777349864,-0.20544492156458283,0.7536905091477433
2025-09-09 16:00:00,28,0.40894987798269256,0.43016062102860075,0.21483045405117662,0.32734791448653944,-0.7686074961744485
2025-09-09 20:00:00,28,-1.3972377983052482,-0.31044401790099435,-0.131233142450369,0.043866987774752175,0.40894987798269256
2025-09-10 00:00:00,28,0.18139540458102843,0.9562375460613259,0.399573947658824,1.0124215398733671,-1.3972377983052482
2025-09-10 04:00:00,28,0.4576715220282104,0.8017739357886399,-0.06435884724096505,0.8866796331987636,0.18139540458102843
2025-09-10 08:00:00,28,0.9984129880031656,0.8405534213255775,-0.14555158479202426,0.5694252355837044,0.4576715220282104
2025-09-10 12:00:00,28,0.23562439252252432,-0.026876462922210347,-0.304466080679542,-0.12266700925663088,0.9984129880031656
2025-09-10 16:00:00,28,-0.6476166930401366,-0.48753962053287525,-0.08029580200302547,-0.2860000354887937,0.23562439252252432
2025-09-10 20:00:00,28,-0.15160931656792798,0.03304399790938241,0.17927336494862647,0.1629229014800515,-0.6476166930401366
2025-09-11 00:00:00,28,-1.0860724677094957,-0.0899854342263077,0.033505438595033354,0.26801731982497223,-0.15160931656792798
2025-09-11 04:00:00,28,-0.19282751615191174,0.9727866356915645,0.3081278782138981,1.0208744453514313,-1.0860724677094957
2025-09-11 08:00:00,28,1.538568048387134,1.3225768375510611,0.04561874933673861,1.1545410043046278,-0.19282751615191174
2025-09-11 12:00:00,28,0.7259697952552706,0.49632603999636554,-0.4632082421804055,0.08801740410834569,1.538568048387134
2025-09-11 16:00:00,28,-0.20353012726132746,-0.5159275910287945,-0.22439977291922167,-0.41521930386896067,0.7259697952552706
2025-09-11 20:00:00,28,-1.502611653482127,-0.7571805383464815,0.048764060277645294,-0.27413377677595285,-0.20353012726132746
2025-09-12 00:00:00,28,0.602578358493794,0.8766442893788672,0.4305414878399086,0.7674651255596352,-1.502611653482127
2025-09-12 04:00:00,28,-1.2054785772829923,0.5093934823654669,-0.18813717941821806,0.34976241752870685,0.602578358493794
2025-09-12 08:00:00,28,2.472612700687451,1.3875977253301213,0.3432192534879385,1.1853909446849187,-1.2054785772829923
2025-09-12 12:00:00,28,-0.10688252312317914,-0.0420983520686862,-0.7377076922810409,-0.5286052624979085,2.472612700687451
2025-09-12 16:00:00,28,0.0933627362491034,-0.07730994345164766,0.020361013245440148,-0.4545151151827529,-0.10688252312317914
2025-09-12 20:00:00,28,-1.642741319248465,-0.637106996401556,-0.038487579750173334,-0.5192334496710789,0.0933627362491034
2025-09-13 00:00:00,28,-0.6852362280386473,0.39607842924815534,0.471723155226917,0.6195022648998112,-1.642741319248465
2025-09-15 04:00:00,28,-0.14914093856623367,1.0308695748658874,0.19032909086569172,1.0945027757181727,-0.6852362280386473
2025-09-15 08:00:00,28,2.354693422130403,1.478316799471929,0.03278002530516877,1.197886133316855,-0.14914093856623367
2025-09-15 12:00:00,28,-0.494285079909746,-0.427566360935384,-0.7030532707387119,-0.43436933212169393,2.354693422130403
2025-09-15 16:00:00,28,0.09383621632970929,0.1423035430929197,0.13421187523967107,-0.09173469629829079,-0.494285079909746
2025-09-15 20:00:00,28,-1.1680929431688991,-0.49868312738529763,-0.03862672729674922,-0.15678124355609313,0.09383621632970929
2025-09-16 00:00:00,28,-0.5335802331427928,0.25042050142577854,0.3322322669657111,0.6529318480542017,-1.1680929431688991
2025-09-16 04:00:00,28,0.8703453538963686,0.9894114079174786,0.1457600361627352,1.0228055834678411,-0.5335802331427928
2025-09-16 08:00:00,28,0.7622900194259561,0.4333468692163965,-0.26682923424888316,0.4194888427980157,0.8703453538963686
2025-09-16 12:00:00,28,-0.14827394285123852,0.060804077037020815,-0.23507365402097805,-0.10892476670344564,0.7622900194259561
2025-09-16 16:00:00,28,0.5653893719307064,0.5271487038968862,0.03252523036959512,-0.006142403901375104,-0.14827394285123852
2025-09-16 20:00:00,28,-1.26405181660855,-0.7176766994218708,-0.17720798418517766,-0.39806599096427675,0.5653893719307064
2025-09-17 00:00:00,28,0.30686209746536264,0.18294186327728504,0.36043290804490385,0.4781650575728644,-1.26405181660855
2025-09-17 04:00:00,28,-1.399896869678546,0.4697822946479654,-0.10123132236073225,0.2654505992844456,0.30686209746536264
2025-09-17 08:00:00,28,1.6339639105101469,1.3688942463824305,0.4003554024082849,1.2358483993155787,-1.399896869678546
2025-09-17 12:00:00,28,0.018228564117364954,-0.034116318179691935,-0.491243424042593,0.10319711732977765,1.6339639105101469
2025-09-17 16:00:00,28,-0.2964333795362286,0.4856385981583673,-0.016406955571086974,0.09056121614280066,0.018228564117364954
2025-09-17 20:00:00,28,2.623446709450997,-0.040831710611935135,0.07606670753248074,0.29604656694853837,-0.2964333795362286
2025-09-18 00:00:00,28,-2.598681732013281,-2.4382643481556885,-0.7820351795806048,-1.522506621140769,2.623446709450997
2025-09-18 04:00:00,28,-0.2052160792875135,-0.15943010820833528,0.7526573878534607,0.278879674055279,-2.598681732013281
2025-09-18 08:00:00,28,1.6161475722647012,0.3641032712887107,0.04925953220497166,0.42113389019431935,-0.2052160792875135
2025-09-18 12:00:00,28,-0.16365545331064624,-0.5781218276304875,-0.486007512633928,-0.6991672424251476,1.6161475722647012
2025-09-18 16:00:00,28,1.0336551140448496,-0.3870399319244891,0.03704558831225485,-0.58572253425017,-0.16365545331064624
2025-09-18 20:00:00,28,-2.159532292457518,-1.3904865531948618,-0.3148231275241388,-1.3022443512397164,1.0336551140448496
2025-09-19 00:00:00,28,-0.16233406473617862,0.15945036918155508,0.623599018563316,0.1947269122064057,-2.159532292457518
2025-09-19 04:00:00,28,0.5520664256939654,0.28217503678845895,0.036657255231853036,0.30725564393095794,-0.16233406473617862
2025-09-19 08:00:00,28,1.1048498560000528,0.21828247918925028,-0.17329260240262678,-0.07543257872896625,0.5520664256939654
2025-09-19 12:00:00,28,-0.31665787602280737,-0.17591136463095206,-0.33574602180829394,-0.8413060461604331,1.1048498560000528
2025-09-19 16:00:00,28,-1.1028818973859664,-0.06033025478089399,0.08201033469254838,-0.6218012291194288,-0.31665787602280737
2025-09-19 20:00:00,28,-0.9419710646693673,0.15486382593799633,0.3130678767368091,0.1427080644567873,-1.1028818973859664
2025-09-20 00:00:00,28,0.0512784608821768,0.9390677001886091,0.26577898643893916,0.7956751998558662,-0.9419710646693673
2025-09-22 04:00:00,29,0.7011720669742338,0.5066693196551963,-0.01214347340869283,0.6564452135355161,0.0512784608821768
2025-09-22 08:00:00,29,0.7916027193068018,0.46168809656642706,-0.169738364223879,0.1798251807893294,0.7011720669742338
2025-09-22 12:00:00,29,-0.14316532304338736,-0.4517801815025171,-0.19166719787773467,-0.35826487123757644,0.7916027193068018
2025-09-22 16:00:00,29,-0.21071142523904562,-0.010180373574576454,0.03500785507060341,-0.26094858587624614,-0.14316532304338736
2025-09-22 20:00:00,29,-1.8152797746837255,-0.5353504200853483,0.051387337036161204,-0.11771799936584593,-0.21071142523904562
2025-09-23 00:00:00,29,-0.10253835591822735,0.6162985097565137,0.4404845238154057,1.116214078657224,-1.8152797746837255
2025-09-23 04:00:00,29,1.7711898085820188,1.1654827824299088,0.02515608489126297,1.1859142804441873,-0.10253835591822735
2025-09-23 08:00:00,29,0.9928217798410763,0.16461966278064627,-0.42921057256424655,-0.01804774874642412,1.7711898085820188
2025-09-23 12:00:00,29,-0.7464128388419535,-0.26104909670146365,-0.24046148601594028,-0.6929159751162732,0.9928217798410763
2025-09-23 16:00:00,29,-0.02467461612817523,0.04369835184853437,0.18129137824368863,-0.1855436360751348,-0.7464128388419535
2025-09-23 20:00:00,29,-0.890432048228476,0.05212457604115114,0.0062746442128988195,-0.16877112487433976,-0.02467461612817523
2025-09-24 00:00:00,29,-1.0996980931716749,0.15042432168058445,0.2162150817019182,0.4364979267242397,-0.890432048228476
2025-09-24 04:00:00,29,0.5000286434624783,1.091128558559409,0.2669607102094216,1.184015071039779,-1.0996980931716749
2025-09-24 08:00:00,29,1.16047347916453,1.1334761976211667,-0.12096241756217622,0.8441217985516793,0.5000286434624783
2025-09-24 12:00:00,29,0.5018132182650721,0.19878457066772456,-0.2811159116052845,0.055292731205495826,1.16047347916453
2025-09-24 16:00:00,29,0.4448430340898515,0.20428211374318625,-0.12139516512043802,-0.28581360172940684,0.5018132182650721
2025-09-24 20:00:00,29,-0.8340607467229866,-0.6387250252819877,-0.10758027315865562,-0.5881945884531827,0.4448430340898515
2025-09-25 00:00:00,29,-1.6726049626317128,0.24497593490523767,0.20254541481707558,-0.021243794005709304,-0.8340607467229866
2025-09-25 04:00:00,29,0.7879059432655104,1.2651078486487235,0.40588682779771446,1.1157054223273128,-1.6726049626317128
2025-09-25 08:00:00,29,1.4365112518873904,0.9063959434443636,-0.19077075419659315,0.5801282449582068,0.7879059432655104
2025-09-25 12:00:00,29,0.5982224896499204,-0.15563393111456844,-0.348053241416411,-0.39633683709988077,1.4365112518873904
2025-09-25 16:00:00,29,-0.7902381271354919,-0.3351970063081642,-0.14477377425744598,-0.8029771412934696,0.5982224896499204
2025-09-25 20:00:00,29,0.07224361246156796,-0.7726101596595607,0.19191872010214342,-0.2658146675258948,-0.7902381271354919
2025-09-26 00:00:00,29,-1.0870237275502213,-0.5187763893815115,-0.017227383672013638,-0.3149220900245169,0.07224361246156796
2025-09-26 04:00:00,29,-0.5275940440581444,0.34572654693821026,0.2638872605746797,0.42397968462348423,-1.0870237275502213
2025-09-26 08:00:00,29,0.9683352974761164,1.1065730064942343,0.1282292712326215,0.7826104721287805,-0.5275940440581444
2025-09-26 12:00:00,29,0.789052826457338,0.1218996724606341,-0.23452367638282437,0.12438687348489097,0.9683352974761164
2025-09-26 16:00:00,29,0.38477916306461957,-0.5898475890816417,-0.19104886576700952,-0.4119698949863029,0.789052826457338
2025-09-26 20:00:00,29,-2.042904419593917,-1.205756036120744,-0.09301518264625869,-0.6735226092741193,0.38477916306461957
2025-09-27 00:00:00,29,0.7552702650893721,0.5355888238588864,0.49568199110112915,0.7151367758122564,-2.042904419593917
2025-09-29 04:00:00,29,-1.256822566309392,-0.22191190010240866,-0.1828568186067736,0.20174362249893996,0.7552702650893721
2025-09-29 08:00:00,29,1.2603858448427054,1.3412434669678226,0.30506235324208847,1.0560657510108573,-1.256822566309392
2025-09-29 12:00:00,29,0.7091488096003022,0.44239617700659534,-0.30534399788362315,0.1993214924523734,1.2603858448427054
2025-09-29 16:00:00,29,0.17922883436646408,-0.1942778046991861,-0.17167267142652293,-0.28272071198421145,0.7091488096003022
2025-09-29 20:00:00,29,-1.3397437516175117,-0.4593579947700721,-0.043170590693737,-0.4045510827709915,0.17922883436646408
2025-09-30 00:00:00,29,0.5198834639493448,0.5893175136026805,0.3251701909287511,0.5061365228020094,-1.3397437516175117
2025-09-30 04:00:00,29,-0.34908958966589054,0.4300818462174897,-0.1257770798968286,0.15274698365363548,0.5198834639493448
2025-09-30 08:00:00,29,1.2111102472248252,0.888648552878596,0.0849431244906472,0.39003979592424187,-0.34908958966589054
2025-09-30 12:00:00,29,-0.04284962236967438,-0.13684163253774353,-0.2933949921484553,-0.4332094932017476,1.2111102472248252
2025-09-30 16:00:00,29,0.5720394761505094,-0.050019049873427444,0.010681962729875675,-0.4040825650496789,-0.04284962236967438
2025-09-30 20:00:00,29,-1.3710109484277222,-0.8097702591264822,-0.13842456707188133,-0.792925028543003,0.5720394761505094
2025-10-01 00:00:00,29,-0.5603672333999228,-0.14461048770105675,0.3327522788600856,0.13901637915573417,-1.3710109484277222
2025-10-01 04:00:00,29,0.3746825726663303,0.39269722709549887,0.13617655236843776,0.5199246636022341,-0.5603672333999228
2025-10-01 08:00:00,29,1.418090311206928,0.5163759781926129,-0.09056682641300985,0.265235082449518,0.3746825726663303
2025-10-01 12:00:00,29,0.4652634423745994,-0.7570170749011343,-0.3435862854284808,-0.6987084093115907,1.418090311206928
2025-10-01 16:00:00,29,0.02340237147187274,-0.5951675619390774,-0.11253208678456245,-1.0149701196462857,0.4652634423745994
2025-10-01 20:00:00,29,-2.3256661413799034,-1.4225089165290645,-0.005383706539484776,-1.0308778255898439,0.02340237147187274
2025-10-02 00:00:00,29,-0.03754170277982638,0.16485327547946244,0.564249833981652,0.5499881624757084,-2.3256661413799034
2025-10-02 04:00:00,29,-0.11903510772303605,0.3890351863703009,0.009394827419762478,0.5755070450026221,-0.03754170277982638
2025-10-02 08:00:00,29,1.2457550586885962,0.6213755406294357,0.029156437833827216,0.6564208743080666,-0.11903510772303605
2025-10-02 12:00:00,29,-0.5370488281297856,0.0729294448656083,-0.3017961292403816,-0.19037814241275441,1.2457550586885962
2025-10-02 16:00:00,29,1.424196690936169,0.32150403263375843,0.13052199368670334,0.1746795119146629,-0.5370488281297856
2025-10-02 20:00:00,29,-2.5995125365322824,-1.0263864627008976,-0.3450670420287688,-0.7934147768385031,1.424196690936169
2025-10-03 00:00:00,29,0.20277249292718835,0.7560897629167519,0.6306557692603233,0.9735976422852453,-2.5995125365322824
2025-10-03 04:00:00,29,0.7820807732835213,0.8101585292365658,-0.048879771805055386,0.8357635259947358,0.20277249292718835
2025-10-03 08:00:00,29,0.8489288043845651,0.5479684594550419,-0.1893581890956504,0.30414599396567965,0.7820807732835213
2025-10-03 12:00:00,29,-0.26781299811509207,0.2399300345747484,-0.20556839344883324,-0.2729113270582353,0.8489288043845651
2025-10-03 16:00:00,29,-0.4941001388629047,0.30824057092147616,0.06523408988681358,-0.09086608318208356,-0.26781299811509207
2025-10-03 20:00:00,29,-0.1882747892170329,-0.4462808437238033,0.1201072212805401,0.24499730250721896,-0.4941001388629047
2025-10-04 00:00:00,29,2.6800458342464495,-0.1392584668433934,0.04594660155114658,0.37297663943251713,-0.1882747892170329
2025-10-06 04:00:00,29,-2.5630879684093735,-1.216576567801923,-0.6496021332576771,-1.4487780958809235,2.6800458342464495
2025-10-06 08:00:00,29,1.790903529218495,0.4656332071566616,0.62182305297798,0.2934748103226603,-2.5630879684093735
2025-10-06 12:00:00,29,-0.7100189322862249,-0.4407042006768254,-0.43399101912064253,-0.9238875732429523,1.790903529218495
2025-10-06 16:00:00,29,-0.3357842075791613,-0.35219523824387444,0.17246609718810657,-0.4412539049951434,-0.7100189322862249
2025-10-06 20:00:00,29,-0.8849280771815415,-0.44957698572177324,0.08171665754658648,-0.21300539432263577,-0.3357842075791613
2025-10-07 00:00:00,29,-0.17096967755696468,0.24329666725379498,0.21488040521324273,0.38852234614250847,-0.8849280771815415
2025-10-07 04:00:00,29,-0.013167220878116837,0.6462422168570988,0.04175022670294297,0.5047385748742794,-0.17096967755696468
2025-10-07 08:00:00,29,1.6387935575671175,0.7547925825026538,0.0034841771564445615,0.5136889617218134,-0.013167220878116837
2025-10-07 12:00:00,29,-0.14012588126666792,-0.30482803610169723,-0.3971053594532903,-0.6002770330196494,1.6387935575671175
2025-10-07 16:00:00,29,-0.44992962344886855,-0.20745777757484993,0.03427081059062838,-0.5050268009245329,-0.14012588126666792
2025-10-07 20:00:00,29,-0.5324457474296462,-0.60054921930978,0.10939616413415006,-0.19918821726977498,-0.44992962344886855
2025-10-08 00:00:00,29,-0.7709254537358845,-0.0003102171983006958,0.1294057771344063,0.16274050397920092,-0.5324457474296462
2025-10-08 04:00:00,29,0.8637683343469078,0.7098065535227703,0.18723552484182668,0.6867752342702591,-0.7709254537358845
2025-10-08 08:00:00,29,0.3611155633189078,0.39282521914790985,-0.2091668810816425,0.09963077830511402,0.8637683343469078
2025-10-08 12:00:00,29,0.5106682193895686,-0.12912438885954622,-0.08727691659276644,-0.1458366607458199,0.3611155633189078
2025-10-08 16:00:00,29,0.18263414767348252,-0.2591035635324037,-0.12354244418627594,-0.4929621594814062,0.5106682193895686
2025-10-08 20:00:00,29,-1.221762805778571,-0.9799966377463895,-0.043996356594155864,-0.6171072838306149,0.18263414767348252
2025-10-09 00:00:00,29,-0.37508868598187917,-0.03666109374248793,0.2965605937524303,0.2133830564522281,-1.221762805778571
2025-10-09 04:00:00,29,0.0032600613142861334,0.29872514850579557,0.09124773297856538,0.46834869215827446,-0.37508868598187917
2025-10-09 08:00:00,29,1.6029155145359333,0.5249765739035791,-0.0004993298656806701,0.46613267328993047,0.0032600613142861334
2025-10-09 12:00:00,29,-0.48351081151902164,-0.37418384938521265,-0.38840517188234025,-0.6234453076531707,1.6029155145359333
2025-10-09 16:00:00,29,1.1358667217847618,-0.15801697459299066,0.11753937960473029,-0.29477999185729864,-0.48351081151902164
2025-10-09 20:00:00,29,-1.6718462666291813,-1.138481925643534,-0.2751489360784764,-1.0668826748243472,1.1358667217847618
2025-10-10 00:00:00,29,-0.2764079188526054,0.1377109733034888,0.4057028490471004,0.06955081971854504,-1.6718462666291813
2025-10-10 04:00:00,29,-0.5719125272278376,0.5187246150762599,0.06731830118308801,0.25743844037539354,-0.2764079188526054
2025-10-10 08:00:00,29,1.3965859120096944,0.7797500620114759,0.13897620957876233,0.6461946106426595,-0.5719125272278376
2025-10-10 12:00:00,29,0.6900931177318537,-0.05062569918846872,-0.33837161119293496,-0.3031313172816539,1.3965859120096944
2025-10-10 16:00:00,29,1.0657817684945279,-0.4109699687491869,-0.16705179248377702,-0.772220460821881,0.6900931177318537
2025-10-10 20:00:00,29,-2.677854617415141,-1.0910278668406423,-0.25815379955454926,-1.496683064690579,1.0657817684945279
2025-10-11 00:00:00,29,0.7422066847223601,0.531729693841417,0.6496532044823892,0.32358219623122153,-2.677854617415141
2025-10-13 04:00:00,29,-0.1639376371009167,-1.306348381997148,-0.17968898697664823,-0.18093101962369573,0.7422066847223601
2025-10-13 08:00:00,29,1.2115704709944382,0.16204655361896603,0.04004500351334618,-0.06949480354544946,-0.1639376371009167
2025-10-13 12:00:00,29,-1.2633895436864968,-0.6335167525854707,-0.29350659336139673,-0.8930569286762857,1.2115704709944382
2025-10-13 16:00:00,29,-0.04381810171080858,-0.14794770082767927,0.30665480171831494,-0.034270913024617045,-1.2633895436864968
2025-10-13 20:00:00,29,-1.0863328809239832,-0.6379991467563833,0.010916812549280095,-0.004485663360572545,-0.04381810171080858
2025-10-14 00:00:00,29,0.1600949545758965,0.45491566607644074,0.2637197348479893,0.7339465099482858,-1.0863328809239832
2025-10-14 04:00:00,29,-0.0765966562219127,0.5122410247482387,-0.038530751698247226,0.6251223481106081,0.1600949545758965
2025-10-14 08:00:00,29,2.8108957130060297,0.6897214132435184,0.018865394703087835,0.6771887416768507,-0.0765966562219127
2025-10-14 12:00:00,29,-0.5230002791166797,-0.9651511661934646,-0.6813323613488509,-1.233510885249789,2.8108957130060297
2025-10-14 16:00:00,29,-0.3529516646817026,-0.8049863462010605,0.1271153136900415,-0.8780026984582907,-0.5230002791166797
2025-10-14 20:00:00,29,-1.4896535986679051,-1.5715112213394504,0.08587965207721149,-0.6380846499479595,-0.3529516646817026
2025-10-15 00:00:00,29,-0.6909537748364265,-0.4027157494578593,0.3615223349667424,0.37450381502245556,-1.4896535986679051
2025-10-15 04:00:00,29,0.5968805394718437,0.6630371916030682,0.16784292290463823,0.8441779881676617,-0.6909537748364265
2025-10-15 08:00:00,29,1.560437491189262,0.16851186756836914,-0.14444836023611854,0.43844987139274494,0.5968805394718437
2025-10-15 12:00:00,29,-0.8531917221082672,-0.6766987376825975,-0.37810453284140877,-0.6222537749439443,1.560437491189262
2025-10-15 16:00:00,29,1.2740272684892453,-0.1893564127979819,0.20718454951353887,-0.04229874580990334,-0.8531917221082672
2025-10-15 20:00:00,29,-1.289799085546779,-0.9036116997350954,-0.3086519526780509,-0.9083157294117221,1.2740272684892453
2025-10-16 00:00:00,29,-0.26790502529194526,-0.6988983609085542,0.313058940529554,-0.03157789094917263,-1.289799085546779
2025-10-16 04:00:00,29,-0.44058544709195857,-0.12088700510919016,0.06525640586707905,0.15052990817997625,-0.26790502529194526
2025-10-16 08:00:00,29,0.1368351797880507,0.456037696918444,0.10713026331758398,0.45001681034172414,-0.44058544709195857
2025-10-16 12:00:00,29,1.7144647697866553,-0.028177516389233263,-0.03289041051976032,0.35700342469325186,0.1368351797880507
2025-10-16 16:00:00,29,0.11412531030386219,-0.8427544433702224,-0.4154551267318156,-0.8083998952709006,1.7144647697866553
2025-10-16 20:00:00,29,-0.7113729099172197,-1.403245973313412,-0.02738341773165023,-0.8859763015429358,0.11412531030386219
2025-10-17 00:00:00,29,-1.5897380549065865,-0.724667564994788,0.1727944277870271,-0.4024222702441467,-0.7113729099172197
2025-10-17 04:00:00,29,0.20057010905896888,0.6502692299833578,0.3857921520650784,0.6781983640848015,-1.5897380549065865
2025-10-17 08:00:00,29,1.6536652065551518,0.7800904218217255,-0.04834570831836829,0.5418613129525234,0.20057010905896888
2025-10-17 12:00:00,29,-0.9344106595767077,-0.5231657407638063,-0.4007116357368872,-0.582213649560936,1.6536652065551518
2025-10-17 16:00:00,29,1.0209013429532003,-0.8030609381643928,0.2268796033846355,0.05294975774319788,-0.9344106595767077
2025-10-17 20:00:00,29,-0.7130611207809423,-1.3395420573104229,-0.2472705939088505,-0.6410054843826423,1.0209013429532003
2025-10-18 00:00:00,29,-0.9214440781082889,-0.6823667859444633,0.17320380772898594,-0.15630389579363957,-0.7130611207809423
2025-10-20 04:00:00,30,-0.02982846031884634,0.09776775603132169,0.18503553858664037,0.4659753557050408,-0.9214440781082889
2025-10-20 08:00:00,30,1.215829359140388,0.6680315787457229,0.007892466673806749,0.48729480611663334,-0.02982846031884634
2025-10-20 12:00:00,30,0.05890541790464887,0.21477451381721732,-0.23959047136436482,-0.3817012283442853,1.215829359140388
2025-10-20 16:00:00,30,-0.13301281395384734,0.1237974357208585,-0.009736869844792932,-0.42380300371479684,0.05890541790464887
2025-10-20 20:00:00,30,-1.5505417788680091,-0.48090244042129887,0.028392773096838395,-0.32873406415562734,-0.13301281395384734
2025-10-21 00:00:00,30,0.03623878269752012,0.6564758111805821,0.3100224690782442,0.7794927169898145,-1.5505417788680091
2025-10-21 04:00:00,30,-0.3562561221319527,0.964683333238437,-0.005233542053750823,0.7535915835609419,0.03623878269752012
2025-10-21 08:00:00,30,1.9629704744385421,1.077173381987557,0.07274597262097672,1.008220372590987,-0.3562561221319527
2025-10-21 12:00:00,30,0.5169206031419051,0.027711256785378793,-0.38802985451966376,-0.3947837128318241,1.9629704744385421
2025-10-21 16:00:00,30,0.0757207688754793,-0.13120601228460774,-0.10073372462937698,-0.764245061074849,0.5169206031419051
2025-10-21 20:00:00,30,-2.3622093030494025,-0.834417984950316,-0.013077684952597361,-0.8183653596055951,0.0757207688754793
2025-10-22 00:00:00,30,-0.4068329107221267,0.7315991212131568,0.47128173342564206,0.8699887679571336,-2.3622093030494025
2025-10-22 04:00:00,30,1.0559511465722622,2.1047810855893174,0.08279439205149543,1.1607665678579977,-0.4068329107221267
2025-10-22 08:00:00,30,2.5665511990076606,1.245384636207201,-0.20782642737367404,0.4060411188817312,1.0559511465722622
2025-10-22 12:00:00,30,-1.030391224095732,-0.44282330525583347,-0.5079471614446274,-1.4283633535974065,2.5665511990076606
2025-10-22 16:00:00,30,-0.9533091163568876,0.13006856179017634,0.20668077643498545,-0.6919064808043451,-1.030391224095732
2025-10-22 20:00:00,30,-1.0516797472441866,0.12188481261196718,0.19136637291631642,-0.010542903340411414,-0.9533091163568876
2025-10-23 00:00:00,30,0.1721905697675723,0.5847173333329623,0.21091030574309058,0.7411296262028841,-1.0516797472441866
2025-10-23 04:00:00,30,-0.30295810586788363,0.692299495798258,-0.03224396752536447,0.6180589656906399,0.1721905697675723
2025-10-23 08:00:00,30,0.7531145615856332,1.0581656284111254,0.06215690919554559,0.834593786656896,-0.30295810586788363
2025-10-23 12:00:00,30,0.11440225568767204,0.5625843891466757,-0.14765991404461762,0.2963163033960896,0.7531145615856332
2025-10-23 16:00:00,30,0.831879437858408,0.31513035621609076,-0.02076278743774219,0.21454898483400164,0.11440225568767204
2025-10-23 20:00:00,30,-1.5092709292204987,-0.7784349941686929,-0.16330864412898513,-0.380024527652683,0.831879437858408
2025-10-24 00:00:00,30,-0.6476170089148106,0.27157448136455475,0.3018229210430289,0.6987045247096049,-1.5092709292204987
2025-10-24 04:00:00,30,0.6232176470770412,1.3978840334779463,0.1306325343749356,1.1615791940581932,-0.6476170089148106
2025-10-24 08:00:00,30,2.189928906504443,0.8583221395764495,-0.12185244947249671,0.7161436073580045,0.6232176470770412
2025-10-24 12:00:00,30,0.6018827590980607,-0.437940017447408,-0.43312116186166705,-0.8490756573332003,2.189928906504443
2025-10-24 16:00:00,30,-1.2005380614659753,-1.0104774224672377,-0.11761370856205508,-1.2792624487069553,0.6018827590980607
2025-10-24 20:00:00,30,-1.165521713160107,-0.7644809717898672,0.2404849548798901,-0.42119564287580147,-1.2005380614659753
2025-10-25 00:00:00,30,0.6805066337901451,0.48896521717565705,0.23352802929187724,0.4118437464101419,-1.165521713160107
2025-10-27 04:00:00,30,-0.9862669116397242,-1.5711484745196622,-0.1332344249456196,-0.0745382953971756,0.6805066337901451
2025-10-27 08:00:00,30,1.0140188428668964,0.5052129445167685,0.19791431239089693,0.6303813783150094,-0.9862669116397242
2025-10-27 12:00:00,30,-0.4295398874659888,-0.16234484633304108,-0.19949546396012766,-0.09437357738287666,1.0140188428668964
2025-10-27 16:00:00,30,0.3727202215974259,0.17417229321271907,0.08730573475793388,0.2126336979757646,-0.4295398874659888
2025-10-27 20:00:00,30,-0.40357720991795176,-0.27588821501152044,-0.07208449726263065,-0.05376256240123034,0.3727202215974259
2025-10-28 00:00:00,30,-0.6870111442982072,-0.05030806883199886,0.08214756080474082,0.23468827354951216,-0.40357720991795176
2025-10-28 04:00:00,30,0.8849192526481886,0.5980484382424726,0.1384592233852361,0.7257193179451633,-0.6870111442982072
2025-10-28 08:00:00,30,0.305700901011452,0.6421261784408658,-0.17384640898873918,0.09323638307584581,0.8849192526481886
2025-10-28 12:00:00,30,0.773033449890864,0.06244071651024221,-0.05876933309407968,-0.1252588101130261,0.305700901011452
2025-10-28 16:00:00,30,-0.23005650402086353,-0.5879527530751555,-0.15161732909329664,-0.6777730238969024,0.773033449890864
2025-10-28 20:00:00,30,-0.6029460228167043,-0.8405147052113559,0.04767307396331312,-0.5133435435647122,-0.23005650402086353
2025-10-29 00:00:00,30,-0.4645525695436561,-0.6168249014762989,0.12175745912399631,-0.08239680018935402,-0.6029460228167043
2025-10-29 04:00:00,30,-0.02458041403717459,0.37868138724379413,0.09426193195255286,0.249635271332167,-0.4645525695436561
2025-10-29 08:00:00,30,0.9663808766724369,0.31086428041658737,0.006849803197160922,0.2672037583596669,-0.02458041403717459
2025-10-29 12:00:00,30,0.013953929798033116,0.009683764478281075,-0.1900309194826675,-0.4235026662663621,0.9663808766724369
2025-10-29 16:00:00,30,-0.06404343939341928,-0.27653928667373495,-0.00080606543604875,-0.4334760310058101,0.013953929798033116
2025-10-29 20:00:00,30,2.0831924410916187,-0.7038427412828577,0.014690179026277544,-0.38770193084304694,-0.06404343939341928
2025-10-30 00:00:00,30,-2.915322046685155,-2.7079936868882624,-0.4119151342965344,-1.8766328870814135,2.0831924410916187
2025-10-30 04:00:00,30,0.5291947856762924,-0.5849879354308041,0.581172238444713,0.20705038532866205,-2.915322046685155
2025-10-30 08:00:00,30,0.41862179649823084,-0.965595858779554,-0.10317231627804152,-0.1711837531652698,0.5291947856762924
2025-10-30 12:00:00,30,-0.0734696190052091,-0.35942338614688996,-0.08120406159207222,-0.47038748464372837,0.41862179649823084
2025-10-30 16:00:00,30,0.798895022052772,-0.331328217251951,0.016562939417099784,-0.4178761621551672,-0.0734696190052091
2025-10-30 20:00:00,30,-1.1607146847769112,-1.3348862643632031,-0.15675541578205815,-0.9888745517690403,0.798895022052772
2025-10-31 00:00:00,30,-0.5663405666797914,-0.7262682813469173,0.2325729857085418,-0.15927091485338885,-1.1607146847769112
2025-10-31 04:00:00,30,-0.016832206532466643,-0.04551965180011066,0.11448481515109257,0.2455126206807794,-0.5663405666797914
2025-10-31 08:00:00,30,0.6883625214931275,0.3206684845513657,0.005310416434729662,0.25754319110415125,-0.016832206532466643
2025-10-31 12:00:00,30,0.8598558557929046,-0.18573943440093135,-0.1347952052331596,-0.23445373013483994,0.6883625214931275
2025-10-31 16:00:00,30,0.066080962497578,-0.7147362176403772,-0.16886690097773893,-0.8490229731578296,0.8598558557929046
2025-10-31 20:00:00,30,-1.9051097621852584,-1.0044300005032352,-0.011162481943188411,-0.8962533627943774,0.066080962497578
2025-11-01 00:00:00,30,0.35766271019772233,-0.21979295116297745,0.3804667956620215,0.46539563515568183,-1.9051097621852584
2025-11-03 04:00:00,30,-1.3425796670562598,-0.23007079105490563,-0.0690929235715831,0.20976150812973948,0.35766271019772233
2025-11-03 08:00:00,30,1.9425019792357023,1.2209148384631157,0.2687052841918382,1.1693504486736845,-1.3425796670562598
2025-11-03 12:00:00,30,0.20609550341138494,-0.23131647186907553,-0.3839632454951902,-0.21902408283275498,1.9425019792357023
2025-11-03 16:00:00,30,0.9006144717349933,-0.3253209720323917,-0.03898008113624572,-0.366327792714662,0.20609550341138494
2025-11-03 20:00:00,30,-2.8892932023577558,-1.6486994162712658,-0.1769646802122454,-1.0100286530633191,0.9006144717349933
2025-11-04 00:00:00,30,1.2971468314079608,0.7432276337556502,0.5760009187072594,1.0550508882128895,-2.8892932023577558
2025-11-04 04:00:00,30,-0.7285935538344752,0.08414026382742935,-0.2557463422915453,0.1279343943292215,1.2971468314079608
2025-11-04 08:00:00,30,1.9231902851303833,0.4914540125765741,0.146720671049258,0.6486858503259665,-0.7285935538344752
2025-11-04 12:00:00,30,-0.4897550398705732,-0.3820911477665627,-0.3801264656660766,-0.7258859337224663,1.9231902851303833
2025-11-04 16:00:00,30,0.14703234664391118,-0.2257470930509728,0.09926907059439351,-0.3758407696497059,-0.4897550398705732
2025-11-04 20:00:00,30,-0.7575733800023361,-0.4193119759320012,-0.02724561976308217,-0.4809299626441721,0.14703234664391118
2025-11-05 00:00:00,30,0.06426973435226913,-0.07986222111049718,0.15247828153571666,0.06053439506852065,-0.7575733800023361
2025-11-05 04:00:00,30,-0.340880855381652,0.09644414257490612,-0.010802633471275747,0.01459855393414955,0.06426973435226913
2025-11-05 08:00:00,30,1.0493045913219117,0.12142935075273482,0.06969126840843712,0.25823809868057346,-0.340880855381652
2025-11-05 12:00:00,30,0.060878145945792994,-0.07585236622576912,-0.20650591302736354,-0.4917368233307382,1.0493045913219117
2025-11-05 16:00:00,30,-0.1415202088421026,-0.41379141649818024,-0.010128804551054863,-0.5352485768630189,0.060878145945792994
2025-11-05 20:00:00,30,-1.6079503498341712,-1.0179330937654,0.03008299255286071,-0.4340991027568677,-0.1415202088421026
2025-11-06 00:00:00,30,-0.34724774106469525,0.2673367004645257,0.32142820313243775,0.715159604570168,-1.6079503498341712
2025-11-06 04:00:00,30,0.19551902671498667,0.4617630227078322,0.07095621898344877,0.9633497865987373,-0.34724774106469525
2025-11-06 08:00:00,30,2.1752581179500545,0.8504716765661945,-0.036878783744596695,0.8236054568540538,0.19551902671498667
2025-11-06 12:00:00,30,0.4640271823218516,-0.33579253596179653,-0.43020642091270156,-0.7311280789144732,2.1752581179500545
2025-11-06 16:00:00,30,-0.29494317563064243,-0.7600065898056091,-0.09022504481141623,-1.0627846376974084,0.4640271823218516
2025-11-06 20:00:00,30,-1.051856203000339,-1.065239081240196,0.06056453089365805,-0.8519783694596104,-0.29494317563064243
2025-11-07 00:00:00,30,-1.1373955193341523,-0.3842871188691785,0.21094536335544944,-0.10017972077698012,-1.051856203000339
2025-11-07 04:00:00,30,-0.6515928003455898,0.6087042294981423,0.2279400154929512,0.7127568878716275,-1.1373955193341523
2025-11-07 08:00:00,30,2.012201806599432,0.8225705947815077,0.13142243070837922,1.1784731952849778,-0.6515928003455898
2025-11-07 12:00:00,30,0.10110009561214994,0.1941955712506916,-0.3978109633734575,-0.2597182559448967,2.012201806599432
2025-11-07 16:00:00,30,0.29911041010611683,-0.26362248250846465,-0.018119960807252748,-0.3319780525274485,0.10110009561214994
2025-11-07 20:00:00,30,-0.8485272968716515,-0.5135337645126357,-0.0574599574157138,-0.545762789911949,0.29911041010611683
2025-11-08 00:00:00,30,0.49893653443345265,-0.40382302123944813,0.17054868756637895,0.060709533337950816,-0.8485272968716515
2025-11-10 04:00:00,30,-1.3096586979244496,-0.5250127341777054,-0.09716071276984374,-0.29589796804438784,0.49893653443345265
2025-11-10 08:00:00,30,1.904527115161562,1.0217366416742404,0.26216466120811927,0.6401611971975534,-1.3096586979244496
2025-11-10 12:00:00,30,-0.34499198740341974,-0.3174888993607983,-0.37641853234374995,-0.7210713624182326,1.904527115161562
2025-11-10 16:00:00,30,-0.05757920176495013,-0.11480095129522648,0.07050805373705295,-0.47449344692330975,-0.34499198740341974
2025-11-10 20:00:00,30,-1.7581061228807524,-1.0729282403744795,0.013405886907303051,-0.43333956490442027,-0.05757920176495013
2025-11-11 00:00:00,30,0.42796099168674573,0.1528076831054419,0.3512606268498059,0.8232407581970111,-1.7581061228807524
2025-11-11 04:00:00,30,-0.7229122921344313,0.39669314533976663,-0.08305954022196514,0.51736197522151,0.42796099168674573
2025-11-11 08:00:00,30,2.6217582863982027,0.6995396380203139,0.14559193784875438,1.0340528335275057,-0.7229122921344313
2025-11-11 12:00:00,30,-0.051550203960657015,-0.16332983320365246,-0.5189155124431968,-0.8398100873398491,2.6217582863982027
2025-11-11 16:00:00,30,-0.4471634755393943,-0.48561168707410396,0.01220806671404975,-0.8029653422440948,-0.051550203960657015
2025-11-11 20:00:00,30,-1.2738154144484817,-0.8984827240946307,0.09080712758592117,-0.483361868221861,-0.4471634755393943
2025-11-12 00:00:00,30,-0.15471308336069356,0.13551660893047537,0.2550434430332769,0.42707884080456715,-1.2738154144484817
2025-11-12 04:00:00,30,-0.3292734343703927,0.2400132280850538,0.03270410671119934,0.5376577266563771,-0.15471308336069356
2025-11-12 08:00:00,30,2.730307769424936,0.5766423063406758,0.06738514660673757,0.7730010390793502,-0.3292734343703927
2025-11-12 12:00:00,30,-0.3504842139835187,-0.8958724252266935,-0.5404817440056036,-1.1784460177392102,2.730307769424936
2025-11-12 16:00:00,30,-0.9883449265821316,-0.8627300500726145,0.0715992301012043,-0.9279426146069092,-0.3504842139835187
2025-11-12 20:00:00,30,-1.0631534386412405,-0.5553698931606359,0.1983271651303896,-0.22153771047901927,-0.9883449265821316
2025-11-13 00:00:00,30,0.20550528515722277,0.276080393018511,0.2131898586128497,0.5383354701258014,-1.0631534386412405
2025-11-13 04:00:00,30,-0.38829156526255204,-0.4395193272081439,-0.03886281863819692,0.39145361000305456,0.20550528515722277
2025-11-13 08:00:00,30,2.664598595955905,0.29263935356864756,0.07911066239650215,0.6689792577356819,-0.38829156526255204
2025-11-13 12:00:00,30,-0.8636010839093551,-1.2065331179580852,-0.5274268752831198,-1.235503140150259,2.664598595955905
2025-11-13 16:00:00,30,-0.44262142961951234,-0.5952527990789801,0.17354349484424927,-0.6182570507780039,-0.8636010839093551
2025-11-13 20:00:00,30,-1.0197444853999276,-0.8438345960215886,0.08990472979144126,-0.3018999368333919,-0.44262142961951234
2025-11-14 00:00:00,30,2.801040556903315,0.0013931708609149806,0.20456551963508335,0.42694733709857857,-1.0197444853999276
2025-11-14 04:00:00,30,-2.117088658243505,-0.8651499080366536,-0.5545346867859717,-1.5750549323926997,2.801040556903315
2025-11-14 08:00:00,30,3.220429299717022,0.07867351770087463,0.4225820211910978,-0.061897156768232264,-2.117088658243505
2025-11-14 12:00:00,30,-1.7027318648256529,-2.108518920215018,-0.6378573751119917,-2.36365132126255,3.220429299717022
2025-11-14 16:00:00,30,-0.22717281334831618,-1.2402434666100828,0.3402590629683949,-1.1466489293069149,-1.7027318648256529
2025-11-14 20:00:00,30,-3.0885099968522134,-1.4445470170102488,0.047100152388152856,-0.9842805241907637,-0.22717281334831618
2025-11-15 00:00:00,30,1.1464687600505243,0.20025040417134254,0.615580614541737,1.223186271606174,-3.0885099968522134
2025-11-17 04:00:00,31,-0.3009759818551814,0.39630841282579593,-0.2927512228663068,0.48181431950201414,1.1464687600505243
2025-11-17 08:00:00,31,1.519811285400074,1.0393190113674518,0.07489882734887342,0.7054696251235946,-0.3009759818551814
2025-11-17 12:00:00,31,0.27568563526345,-0.0846618562228976,-0.3875799884960803,-0.42390241123654704,1.519811285400074
2025-11-17 16:00:00,31,-0.42841630974488254,-0.22426129981051082,-0.07157285917070999,-0.6287644558099057,0.27568563526345
2025-11-17 20:00:00,31,-0.4101567980447385,-0.3954499097960979,0.10726859013954163,-0.3104082198782123,-0.42841630974488254
2025-11-18 00:00:00,31,-1.1017770381788345,0.09770194626379473,0.10263068570069987,-0.00562063033692084,-0.4101567980447385
2025-11-18 04:00:00,31,0.6341535805612537,1.0326501007608613,0.2783017898565366,0.8131100825984845,-1.1017770381788345
2025-11-18 08:00:00,31,1.5863426086545651,0.5806101499371539,-0.16262349086235875,0.3418704441488938,0.6341535805612537
2025-11-18 12:00:00,31,-0.6882447611321627,-0.5604089942199566,-0.40447890258049063,-0.8369410303490437,1.5863426086545651
2025-11-18 16:00:00,31,0.643087880622744,-0.14990482272336575,0.17326485268017347,-0.32550622600133217,-0.6882447611321627
2025-11-18 20:00:00,31,-1.7545000625107843,-1.3144020325815051,-0.16489279743493282,-0.8033849444148817,0.643087880622744
2025-11-19 00:00:00,31,-0.4599721297039103,0.5353180036922308,0.4440930257667215,0.5003843639372381,-1.7545000625107843
2025-11-19 04:00:00,31,0.10577298617802455,0.6761579399054951,0.1152837484779824,0.8421897352902157,-0.4599721297039103
2025-11-19 08:00:00,31,1.459524935042845,1.044784177059316,-0.02841515362251402,0.7635898104578871,0.10577298617802455
2025-11-19 12:00:00,31,0.5485734554077375,0.025516917953037076,-0.37226729358315136,-0.32098342823459447,1.459524935042845
2025-11-19 16:00:00,31,0.2200362847868984,-0.16419840335974484,-0.14088619312711897,-0.7286284604688866,0.5485734554077375
2025-11-19 20:00:00,31,-0.8673717933569343,-0.8798101335478612,-0.057437959298671085,-0.8921374628102434,0.2200362847868984
2025-11-20 00:00:00,31,-0.6617240926459331,-0.6359679368755076,0.218763005725814,-0.24759332897259867,-0.8673717933569343
2025-11-20 04:00:00,31,0.39315336804805234,-0.39183892785826563,0.16652861963554258,0.2441339619083731,-0.6617240926459331
2025-11-20 08:00:00,31,0.03504595734722571,0.4255918382302841,-0.10140958910353105,-0.04801837577965351,0.39315336804805234
2025-11-20 12:00:00,31,0.9831165431920414,0.08511959883809508,-0.010450532971795148,-0.07406103291455501,0.03504595734722571
2025-11-20 16:00:00,31,0.23464769648022887,-0.7479377132661195,-0.251259862960082,-0.8046151109308024,0.9831165431920414
2025-11-20 20:00:00,31,-1.673081301954971,-0.9213267720136333,-0.06114924863997954,-0.9789818558989669,0.23464769648022887
2025-11-21 00:00:00,31,-0.32365958004949746,0.21920004638264706,0.42341271201091496,0.26428515701018185,-1.673081301954971
2025-11-21 04:00:00,31,-0.10116029986223296,1.131756821993679,0.08066044696291225,0.5047966484824578,-0.32365958004949746
2025-11-21 08:00:00,31,1.3612651220173948,1.0524330495401337,0.02414577032939261,0.5799688852935159,-0.10116029986223296
2025-11-21 12:00:00,31,1.0634889399849996,0.36462004597460146,-0.3473093631371307,-0.4315874688719461,1.3612651220173948
2025-11-21 16:00:00,31,-0.6623431233618771,-1.129514455166205,-0.27167440098102325,-1.221866289232974,1.0634889399849996
2025-11-21 20:00:00,31,-1.221441706398135,-0.6815302356896582,0.1666858530464028,-0.7296789965169381,-0.6623431233618771
2025-11-22 00:00:00,31,-0.2218434546313368,-0.23295082124723432,0.30869654000215196,0.1779745526452139,-1.221441706398135
2025-11-24 04:00:00,31,-1.184608919754524,-0.1876487979584748,0.05479921541536594,0.34282646321923416,-0.2218434546313368
2025-11-24 08:00:00,31,2.195375978270235,1.1535749975388347,0.2993410354588422,1.2231095620786938,-1.184608919754524
2025-11-24 12:00:00,31,-0.16763735438966165,-0.23987153803637162,-0.5591729937878136,-0.4082747176495083,2.195375978270235
2025-11-24 16:00:00,31,0.4007780790510722,-0.14007268594378833,0.04103090019140609,-0.28370336980138333,-0.16763735438966165
2025-11-24 20:00:00,31,-1.4519600509590482,-0.9579106840074743,-0.10334626088241068,-0.5815216315912135,0.4007780790510722
2025-11-25 00:00:00,31,-0.5419192973397315,0.43713133533099763,0.3672480539216112,0.497430140393778,-1.4519600509590482
2025-11-25 04:00:00,31,0.3090013208100224,1.2020076584554453,0.13609827729836077,0.9001304665848142,-0.5419192973397315
2025-11-25 08:00:00,31,1.589377316260336,0.8485546113440909,-0.08003502225682829,0.6705115301592155,0.3090013208100224
2025-11-25 12:00:00,31,0.30532469490300684,-0.19921520250920322,-0.4052497163955874,-0.5105550361000546,1.589377316260336
2025-11-25 16:00:00,31,-0.28319729899950374,-0.42287270202653715,-0.0791011615986611,-0.7374418711605504,0.30532469490300684
2025-11-25 20:00:00,31,0.8148028085012697,-1.0384952367447284,0.07038305313282707,-0.5269979079295712,-0.28319729899950374
2025-11-26 00:00:00,31,-0.9455271705140831,-0.8935422235353623,-0.20850828065822863,-1.1324780197756965,0.8148028085012697
2025-11-26 04:00:00,31,-1.669458940622519,-0.26114258508516314,0.2386144221595641,-0.4298566112787654,-0.9455271705140831
2025-11-26 08:00:00,31,1.5427006738969045,1.0286618562230676,0.4224926345204125,0.8107186242802857,-1.669458940622519
2025-11-26 12:00:00,31,2.3777240528509402,-0.014660867153916877,-0.39339387871697734,-0.33566252074093583,1.5427006738969045
2025-11-26 16:00:00,31,-2.0484522038812685,-1.7030448308708348,-0.6054892895574003,-2.102549687106377,2.3777240528509402
2025-11-26 20:00:00,31,-2.1092274809513523,-1.4711191072235719,0.5187566840100278,-0.580344490245496,-2.0484522038812685
2025-11-27 00:00:00,31,-0.15371175479351606,0.00966451495314979,0.5341935659992081,0.9870228258102856,-2.1092274809513523
2025-11-27 04:00:00,31,1.3067816774247518,0.980740707725778,0.037493806689612885,1.1012460581229373,-0.15371175479351606
2025-11-27 08:00:00,31,0.781083018113895,0.4797246487483719,-0.33347060262320005,0.1301763613198812,1.3067816774247518
2025-11-27 12:00:00,31,-1.338875107480506,-0.07237008357006519,-0.19994347519778552,-0.4502465682949648,0.781083018113895
2025-11-27 16:00:00,31,0.9665656338879458,0.9357214862581069,0.33852454970429074,0.544671762087825,-1.338875107480506
2025-11-27 20:00:00,31,-0.8358575969227573,0.5247938857212462,-0.24705594245065643,-0.1735833322822664,0.9665656338879458
2025-11-28 04:00:00,31,-0.5387806625688469,0.6151578761637551,0.21075841973639528,0.4475425965828119,-0.8358575969227573
2025-11-28 08:00:00,31,1.371224353408012,0.8712792992441002,0.13530106604896716,0.8479106027176435,-0.5387806625688469
2025-11-28 16:00:00,31,1.3459141522330036,-0.21805802075474678,-0.3498390016199402,-0.17104645806465335,1.371224353408012
2025-11-28 20:00:00,31,-0.05274848371542795,-1.2421146307311979,-0.3434102265078093,-1.171195503854367,1.3459141522330036
2025-11-29 00:00:00,31,-1.2468869782503234,-1.1795833368074615,0.011849199605768794,-1.1319980962282479,-0.05274848371542795
2025-12-01 04:00:00,31,-1.1617529418720451,-0.12190887058458963,0.31515962298097383,-0.20543616102928652,-1.2468869782503234
2025-12-01 08:00:00,31,1.6934582047204358,0.9809133775749446,0.2935356315128878,0.6578626566025569,-1.1617529418720451
2025-12-01 12:00:00,31,0.2157257471733942,-0.30917060431575466,-0.43168619632532623,-0.600546436374044,1.6934582047204358
2025-12-01 16:00:00,31,-0.003965470037606167,-0.49225171183030964,-0.05634308546744438,-0.7608522774485138,0.2157257471733942
2025-12-01 20:00:00,31,-1.7189111081921453,-1.1716604596480436,-0.0005416550562790854,-0.7579055359586206,-0.003965470037606167
2025-12-02 00:00:00,31,-1.0167826861035678,0.07712081331221315,0.4350534538483306,0.5194176141126121,-1.7189111081921453
2025-12-02 04:00:00,31,0.30997774938197864,1.0943829738090802,0.25671327811318867,1.2749890089112998,-1.0167826861035678
2025-12-02 08:00:00,31,1.8278622959712205,0.9427294311588856,-0.08028303449737753,1.0446444882402997,0.30997774938197864
2025-12-02 12:00:00,31,-0.04960029814156819,-0.0800958101434557,-0.4658247506112872,-0.31364030883799643,1.8278622959712205
2025-12-02 16:00:00,31,0.8976505539617587,-0.2449114887390828,0.011049562458451947,-0.2767823184714704,-0.04960029814156819
2025-12-02 20:00:00,31,-1.7690427911731081,-1.7638461747364773,-0.22955155567725352,-0.9438266046972643,0.8976505539617587
2025-12-03 00:00:00,31,-1.4430970962981355,0.006301837717876786,0.4477868696615356,0.3707494079091127,-1.7690427911731081
2025-12-03 04:00:00,31,0.3199703008401187,0.8993494337047742,0.36499686903572093,1.443115116709997,-1.4430970962981355
2025-12-03 08:00:00,31,2.3633620248692058,1.185378467472536,-0.08282113625629241,1.2053451292740576,0.3199703008401187
2025-12-03 12:00:00,31,-0.5137885720519098,-0.32762461086720673,-0.6018413435213226,-0.5508696115449947,2.3633620248692058
2025-12-03 16:00:00,31,0.8496406471594895,-0.45258680458080425,0.12895309084306264,-0.1690732323161832,-0.5137885720519098
2025-12-03 20:00:00,31,-1.4811877282885533,-0.9419710375442479,-0.21735706967328952,-0.800441348262412,0.8496406471594895
2025-12-04 00:00:00,31,-0.701523440267728,0.2845326829471784,0.37467186550264464,0.3002295159419859,-1.4811877282885533
2025-12-04 04:00:00,31,-0.3087357798132757,0.847753700899598,0.1766376287935844,0.8215317091159076,-0.701523440267728
2025-12-04 08:00:00,31,1.9983943698760864,1.4824787817412104,0.07686981112901892,1.0509533219796197,-0.3087357798132757
2025-12-04 12:00:00,31,0.06817818151049515,-0.00445131917005565,-0.5091397896723825,-0.43405388953314805,1.9983943698760864
2025-12-04 16:00:00,31,0.10580811371360888,-0.4278938054435533,-0.018866096982431593,-0.4847171083337436,0.06817818151049515
2025-12-04 20:00:00,31,-1.0382342713231143,-0.7882437289877109,-0.028424075994365337,-0.5633431364440096,0.10580811371360888
2025-12-05 00:00:00,31,-0.8308235904382144,-0.19358298408346614,0.2621619672097948,0.2081689351448084,-1.0382342713231143
2025-12-05 04:00:00,31,-0.30893563724474404,1.1684184824261208,0.20947978526887906,0.8255540928963185,-0.8308235904382144
2025-12-05 08:00:00,31,0.6659995532935667,1.3023068836567298,0.07692057479037878,1.0551242198528836,-0.30893563724474404
2025-12-05 12:00:00,31,0.5793521898052738,0.9169984107712417,-0.1707123478219489,0.5602198334046005,0.6659995532935667
2025-12-05 16:00:00,31,1.0698798569459296,0.2622375863101188,-0.14870397222376036,0.12970311816791202,0.5793521898052738
2025-12-05 20:00:00,31,-1.8147657700066784,-0.7428133667429108,-0.27329768985249575,-0.6653247937229079,1.0698798569459296
2025-12-06 00:00:00,31,-0.17773155298958443,0.9202720956787034,0.4594004774059097,0.6832279725829444,-1.8147657700066784
2025-12-08 04:00:00,31,-0.5591108207924371,0.5510514124436802,0.043594820260131846,0.815300321205136,-0.17773155298958443
2025-12-08 08:00:00,31,1.522763636888886,1.8463307272186085,0.14046491339691133,1.2307756715300435,-0.5591108207924371
2025-12-08 12:00:00,31,0.4520876903350217,0.5001239650859877,-0.38832988390948686,0.0992097422537217,1.522763636888886
2025-12-08 16:00:00,31,0.3048966098343868,0.37006987600393954,-0.11637886974057621,-0.236736700802604,0.4520876903350217
2025-12-08 20:00:00,31,-0.9149882092107564,-0.459342973161245,-0.07899242826161688,-0.4633054257725071,0.3048966098343868
2025-12-09 00:00:00,31,-0.38017354426006733,0.004371074988736771,0.2308575452774075,0.21662247515096134,-0.9149882092107564
2025-12-09 04:00:00,31,-0.8483164971865413,0.7507065689626481,0.09501495817728817,0.4991295034746912,-0.38017354426006733
2025-12-09 08:00:00,31,1.1407747715090402,1.7915030117139508,0.213922972534159,1.1295136433406263,-0.8483164971865413
2025-12-09 12:00:00,31,0.3236450436265734,0.8495229180796219,-0.2913049533731826,0.28180370783485564,1.1407747715090402
2025-12-09 16:00:00,31,1.61026697836812,0.31831872456678106,-0.08375451860302656,0.041303018381038115,0.3236450436265734
2025-12-09 20:00:00,31,-2.0509266321901762,-1.1739294472459298,-0.4105556773767253,-1.1552866595041156,1.61026697836812
2025-12-10 00:00:00,31,-0.3310335169504519,0.5804726239161737,0.5193851872376025,0.3687572854729986,-2.0509266321901762
2025-12-10 04:00:00,31,-0.5548031390517174,1.0421607773683976,0.08253342227826013,0.6147483507672504,-0.3310335169504519
2025-12-10 08:00:00,31,0.9319974053498328,1.3504463107168772,0.13937076495556808,1.0270226620248462,-0.5548031390517174
2025-12-10 12:00:00,31,0.40437974547633715,1.050171034821985,-0.23827563423581266,0.3344552244266765,0.9319974053498328
2025-12-10 16:00:00,31,-0.045112102269161625,-0.022510321426530856,-0.1042610818795588,0.033960563675959676,0.40437974547633715
2025-12-10 20:00:00,31,2.1483190598726036,0.04474501128815391,0.009909563541675798,0.0674833748918271,-0.045112102269161625
2025-12-11 00:00:00,31,-2.625355638459082,-2.0063959954367303,-0.5472205662367052,-1.5289329004097105,2.1483190598726036
2025-12-11 04:00:00,31,-0.15646210970582786,0.7522825331078075,0.6652897920115077,0.421969341243015,-2.625355638459082
2025-12-11 08:00:00,31,1.1223765502975773,0.3169642726285517,0.03819239510017265,0.5382363627799407,-0.15646210970582786
2025-12-11 12:00:00,31,-0.7750740540537997,-0.1661720432391841,-0.2866318168060769,-0.2958018512729108,1.1223765502975773
2025-12-11 16:00:00,31,0.6654396660764768,0.40422876201303803,0.19531943823952191,0.2801558160806543,-0.7750740540537997
2025-12-11 20:00:00,31,-0.1523119341064305,-1.0379945048917265,-0.17057013682244163,-0.21433251807707698,0.6654396660764768
2025-12-12 00:00:00,31,-0.4944793624381223,-0.7078117764414018,0.03713825311924192,-0.1011494927658454,-0.1523119341064305
2025-12-12 04:00:00,31,-1.160998986276745,-0.32196268933511457,0.12404856379716118,0.2662982093663313,-0.4944793624381223
2025-12-12 08:00:00,31,1.471697738580076,1.110591896945407,0.2933441272678918,1.1290367624612756,-1.160998986276745
2025-12-12 12:00:00,31,0.38372045754567097,0.162987264582859,-0.37535917799307383,0.03541791129629779,1.471697738580076
2025-12-12 16:00:00,31,0.12685377380547358,-0.018909979310113265,-0.09901363579390084,-0.2497248289205043,0.38372045754567097
2025-12-12 20:00:00,31,-0.7174385861220554,-0.730792170795431,-0.03376966036492899,-0.34398989078635545,0.12685377380547358
2025-12-13 00:00:00,31,0.18012437603354314,0.3106323366361498,0.18068006578832707,0.1891388501011786,-0.7174385861220554
2025-12-15 04:00:00,32,-0.9622714383834854,-0.13592705903944285,-0.03194447396747116,0.06062899828828883,0.18012437603354314
2025-12-15 08:00:00,32,0.9041265820546727,0.9239784032823404,0.1782554183519198,0.7456331661372975,-0.9622714383834854
2025-12-15 12:00:00,32,-0.5811145897316798,0.5379112670632189,-0.1651602857063333,0.10202009370636311,0.9041265820546727
2025-12-15 16:00:00,32,0.7791293915228721,0.7943502554211419,0.10812287100510272,0.5156933049083658,-0.5811145897316798
2025-12-15 20:00:00,32,-0.7305580665150622,-0.11875014177986735,-0.14216090523029498,-0.03893905681214882,0.7791293915228721
2025-12-16 00:00:00,32,-0.12800822467408324,0.5115161615324801,0.1356203480890262,0.4811172396307857,-0.7305580665150622
2025-12-16 04:00:00,32,-0.9602287395408631,0.4849580910978924,0.024751671686641892,0.5722413901802437,-0.12800822467408324
2025-12-16 08:00:00,32,2.062174835477556,1.3067339801875157,0.177879563441265,1.255791438988572,-0.9602287395408631
2025-12-16 12:00:00,32,0.662273801931919,0.07647068107470072,-0.3782402139572683,-0.21219181478906002,2.062174835477556
2025-12-16 16:00:00,32,0.3170764882875403,-0.4763338841620201,-0.12065957264578096,-0.6836391595659919,0.662273801931919
2025-12-16 20:00:00,32,-0.3425925775827885,-1.0931329191236314,-0.057143550229312765,-0.9093537628891077,0.3170764882875403
2025-12-17 00:00:00,32,-1.432896692196044,-0.8575816160499236,0.06423501651826989,-0.6654752332378706,-0.3425925775827885
2025-12-17 04:00:00,32,-0.8330063259201061,0.3649847572057495,0.2648500788240155,0.35454902093747087,-1.432896692196044
2025-12-17 08:00:00,32,2.075718843201537,0.9171268587317494,0.15447074374303912,0.9475343079770955,-0.8330063259201061
2025-12-17 12:00:00,32,-0.4287155615386862,-0.04460847531517097,-0.38073230026328003,-0.5300904059647209,2.075718843201537
2025-12-17 16:00:00,32,0.24968751082004026,0.06469225629510932,0.08008157488735182,-0.22490422381109987,-0.4287155615386862
2025-12-17 20:00:00,32,-1.7674545393508136,-0.9029152916534322,-0.04474403367960365,-0.402647196063187,0.24968751082004026
2025-12-18 00:00:00,32,-0.1988609381906521,0.5116997763887468,0.32640844813791803,0.8555359710199273,-1.7674545393508136
2025-12-18 04:00:00,32,0.20536852599729372,0.9018984371235605,0.0377885128267852,0.9970974536217554,-0.1988609381906521
2025-12-18 08:00:00,32,0.8066459108719677,0.8274771367098004,-0.036589376843610265,0.8509034685966181,0.20536852599729372
2025-12-18 12:00:00,32,1.8668887676106287,0.450586777980654,-0.14722392220846547,0.2766831510385135,0.8066459108719677
2025-12-18 16:00:00,32,-0.6017085392536039,-1.3701844456066907,-0.3423077377357469,-1.0522834333506843,1.8668887676106287
2025-12-18 20:00:00,32,-1.9121918443757053,-1.2131181884171687,0.11191214081623944,-0.6239501785349066,-0.6017085392536039
2025-12-19 00:00:00,32,-0.39711215983696846,0.2185136865078525,0.3530399934805071,0.7372659304298015,-1.9121918443757053
2025-12-19 04:00:00,32,-0.3230489270015937,1.0229011761940818,0.07426657491029263,1.0199548617866512,-0.39711215983696846
2025-12-19 08:00:00,32,2.0758372452946947,0.8431405712999382,0.06063900085027541,1.2499210153981366,-0.3230489270015937
2025-12-19 12:00:00,32,-0.16128511317218042,-0.3531423477960092,-0.3807540861512516,-0.22778798445725634,2.0758372452946947
2025-12-19 16:00:00,32,0.2666118239537276,0.07432494204190442,0.030874591860849544,-0.11297529197982215,-0.16128511317218042
2025-12-19 20:00:00,32,-0.706879856708289,-0.5544089910366897,-0.04785809340687615,-0.302766034301893,0.2666118239537276
2025-12-20 00:00:00,32,-1.0961516161126141,0.2662477996953181,0.13126357691664622,0.20043465180297382,-0.706879856708289
2025-12-22 04:00:00,32,-0.09442648566496459,0.494939655903476,0.20288926118223918,0.9807429885992409,-1.0961516161126141
2025-12-22 08:00:00,32,1.5299675220733775,1.370786230754539,0.018572659268588854,1.0479615858221774,-0.09442648566496459
2025-12-22 12:00:00,32,-0.42005678719451467,0.1199679740024815,-0.2803145050590449,-0.04116367290364664,1.5299675220733775
2025-12-22 16:00:00,32,0.36497763076671674,0.4857536108410079,0.07848836751404614,0.2578586595526513,-0.42005678719451467
2025-12-22 20:00:00,32,-0.998605957030648,-0.22514135008737193,-0.06595732113430935,-0.001954931783750169,0.36497763076671674
2025-12-23 00:00:00,32,0.3020777262874823,0.8162157102172046,0.18494093996424116,0.7089143877441924,-0.998605957030648
2025-12-23 04:00:00,32,-0.30929485011595403,0.8470478644059083,-0.05438379033038034,0.4938768284159334,0.3020777262874823
2025-12-23 08:00:00,32,1.6629752361922439,1.1937817969272158,0.05810826199091655,0.7140519816757873,-0.30929485011595403
2025-12-23 12:00:00,32,-0.14364646254071012,0.18551981961181138,-0.30478781530108334,-0.4697563725813243,1.6629752361922439
2025-12-23 16:00:00,32,-0.21799204418265994,0.18033936449256896,0.027629094620222446,-0.36749995966892257,-0.14364646254071012
2025-12-23 20:00:00,32,-0.6109245693782821,-0.38993203907455615,0.041308620628933465,-0.2123197757138655,-0.21799204418265994
2025-12-24 00:00:00,32,0.13487238831069703,0.4099861751111966,0.11360788279583361,0.22257401783829245,-0.6109245693782821
2025-12-24 04:00:00,32,-0.9497461821197426,0.859163994648615,-0.023618145363549708,0.12656353219426286,0.13487238831069703
2025-12-24 08:00:00,32,0.783293932840305,1.3526493648983682,0.17595078147853013,0.8026514500104796,-0.9497461821197426
2025-12-24 12:00:00,32,-0.1688072807259644,0.9143669680677303,-0.14292717741497624,0.24505451088921326,0.783293932840305
2025-12-24 16:00:00,32,-0.03118563870911828,0.994422411381915,0.03225866451750637,0.3652219462386359,-0.1688072807259644
2025-12-24 20:00:00,32,0.19568377065256115,0.4384549729511022,0.0069363953287655215,0.3874218075674367,-0.03118563870911828
2025-12-26 04:00:00,32,-0.2291876071773693,0.04848477344292314,-0.034807389808196205,0.24812202880377043,0.19568377065256115
2025-12-26 08:00:00,32,0.5734115068506469,0.5916982843533429,0.043368595032064285,0.4112719051001861,-0.2291876071773693
2025-12-26 12:00:00,32,0.02436357186060789,0.2813582377080887,-0.10430898327770868,0.003082223459921707,0.5734115068506469
2025-12-26 16:00:00,32,0.45230741090024296,0.5099972461495004,-0.003284613828329625,-0.014261269864832116,0.02436357186060789
2025-12-26 20:00:00,32,-1.3796036499520987,-0.5013267409054663,-0.08202592900968995,-0.3362415856644425,0.45230741090024296
2025-12-27 00:00:00,32,0.3128843572332336,1.1499040350395582,0.25504420278728773,0.645845393644068,-1.3796036499520987
2025-12-29 04:00:00,32,0.050567811664326,0.21388300517527686,-0.05637220155568889,0.4231150077982928,0.3128843572332336
2025-12-29 08:00:00,32,0.41304767813230825,0.4143781648694181,-0.008106172447102994,0.3871177201647136,0.050567811664326
2025-12-29 12:00:00,32,1.3475005551487058,0.22237945249320654,-0.07480217039979065,0.09308490389792823,0.41304767813230825
2025-12-29 16:00:00,32,-1.3958681523945948,-0.3341925643334072,-0.24674073289060924,-0.8661491122403167,1.3475005551487058
2025-12-29 20:00:00,32,-0.6237888563714797,-0.12212512098085176,0.2580368578888699,0.12751594318756432,-1.3958681523945948
2025-12-30 00:00:00,32,-0.04943285952050758,0.8050541048633935,0.11597490104520963,0.5715673297589525,-0.6237888563714797
2025-12-30 04:00:00,32,-0.7369994593020159,1.0447446825645548,0.010293868983060632,0.6067566884466906,-0.04943285952050758
2025-12-30 08:00:00,32,1.5021198025188838,1.3090757553509456,0.1368055590755489,1.1313983656146611,-0.7369994593020159
2025-12-30 12:00:00,32,-0.3430329559135359,0.3526764009593941,-0.27519054751488825,0.06209683146281364,1.5021198025188838
2025-12-30 16:00:00,32,1.3897104141039893,0.6754341748870436,0.06431604576972083,0.30628884957474867,-0.3430329559135359
2025-12-30 20:00:00,32,-2.148805431000474,-0.7907151895261924,-0.254507312297892,-0.6829927478959128,1.3897104141039893
2025-12-31 00:00:00,32,-1.0615727845739436,0.8830499783756985,0.39657669923709454,0.8466595076096812,-2.148805431000474
2025-12-31 04:00:00,32,0.5193299866299164,1.5549469238287554,0.19652678455703546,1.6023524991109337,-1.0615727845739436
2025-12-31 08:00:00,32,2.0370642198134767,1.4691618612721622,-0.09435802794033497,1.2326613795988823,0.5193299866299164
2025-12-31 12:00:00,32,0.10857852621032826,0.340011975055594,-0.3736198812826807,-0.2174465889930577,2.0370642198134767
2025-12-31 16:00:00,32,1.3377232232935494,0.23463445224912025,-0.018780096315743212,-0.29473948164912933,0.10857852621032826
2025-12-31 20:00:00,32,-2.24385174774142,-1.034791722921123,-0.24494171185325223,-1.247013389855173,1.3377232232935494
2026-01-01 00:00:00,32,-0.883746168004194,0.20435046351453218,0.41406514351548757,0.3502986968677124,-2.24385174774142
2026-01-02 04:00:00,32,-0.011522160733576925,0.6519058849603759,0.16380683304569543,0.979403733405448,-0.883746168004194
2026-01-02 08:00:00,32,1.0234638645359553,1.2496782869366458,0.003318331518550376,0.987605918163613,-0.011522160733576925
2026-01-02 12:00:00,32,0.19775605487119563,0.31163108620509083,-0.1871182477460097,0.2590412067057759,1.0234638645359553
2026-01-02 16:00:00,32,0.9283499423063883,0.5040902176498785,-0.03518868840375735,0.118266248205801,0.19775605487119563
2026-01-02 20:00:00,32,-1.8289186224114342,-1.116894200330294,-0.16961736411319248,-0.5425905062776817,0.9283499423063883
2026-01-03 00:00:00,32,0.6404085341744974,0.32088860549868115,0.3377177889791619,0.7593465865587223,-1.8289186224114342
2026-01-05 04:00:00,32,0.27027387624052324,-0.3398974880871489,-0.11663638132264917,0.3034642881372438,0.6404085341744974
2026-01-05 08:00:00,32,0.8144708317195821,0.27473411983707857,-0.048531908022299286,0.11106667110261625,0.27027387624052324
2026-01-05 12:00:00,32,0.7443394873251226,-0.4273518511367895,-0.14866370122272568,-0.4687239077974521,0.8144708317195821
2026-01-05 16:00:00,32,-1.7193338340354476,-0.8013455927490907,-0.13575959140904237,-0.9985906696841411,0.7443394873251226
2026-01-05 20:00:00,32,-0.6980448794763063,-0.41454480290140816,0.3175542778512518,0.22533721101508775,-1.7193338340354476
2026-01-06 00:00:00,32,0.290446037998791,0.2882581833721037,0.12963794835658823,0.7222486153379624,-0.6980448794763063
2026-01-06 04:00:00,32,0.2700193920535483,0.46317658594782696,-0.05224356923107307,0.5154912092378385,0.290446037998791
2026-01-06 08:00:00,32,0.40132006937731646,0.7333734717572404,-0.048485083140744185,0.32327474974543513,0.2700193920535483
2026-01-06 12:00:00,32,0.08965635574172737,0.031788840252299125,-0.07264430001340343,0.03759036881158195,0.40132006937731646
2026-01-06 16:00:00,32,0.7135699213948925,0.2244297843461354,-0.015298432478434092,-0.026232555685073322,0.08965635574172737
2026-01-06 20:00:00,32,-1.7786700209992254,-0.6387716114218207,-0.13009801652963043,-0.5341956425125503,0.7135699213948925
2026-01-07 00:00:00,32,-0.21675549166079833,0.47101568438163116,0.32847208755698337,0.7319713962383165,-1.7786700209992254
2026-01-07 04:00:00,32,-0.03631309518253545,0.8762201813209112,0.04108109597971613,0.8862713258311921,-0.21675549166079833
2026-01-07 08:00:00,32,1.4863114194703826,1.184893687946823,0.007879843111909455,0.9121212269664909,-0.03631309518253545
2026-01-07 12:00:00,32,-0.11656503334130264,0.40330200569259383,-0.27228181800747636,-0.14592692498649562,1.4863114194703826
2026-01-07 16:00:00,32,0.6921371157501479,0.28982509000794016,0.02264613387252784,-0.06294874390446559,-0.11656503334130264
2026-01-07 20:00:00,32,-2.6192232272077636,-0.5007152817862748,-0.12615439788032126,-0.5556546375848477,0.6921371157501479
2026-01-08 00:00:00,32,-0.6348165552184462,1.0145607907390803,0.4831331876800756,1.3088700231265626,-2.6192232272077636
2026-01-08 04:00:00,32,1.413743540480887,1.5778060051576486,0.11800398858291732,1.7607716059841945,-0.6348165552184462
2026-01-08 08:00:00,32,0.5372849707249685,0.9259100621744162,-0.2589293878279044,0.7543817466677147,1.413743540480887
2026-01-08 12:00:00,32,0.3820875005859463,0.42949524160247327,-0.09766173027865481,0.3719091619181256,0.5372849707249685
2026-01-08 16:00:00,32,0.10434583577572454,0.4035297115849325,-0.06910552313944027,0.09991570981685172,0.3820875005859463
2026-01-08 20:00:00,32,-0.240457186615874,-0.33173915375481244,-0.01800128474943067,0.025635907306932992,0.10434583577572454
2026-01-09 00:00:00,32,-0.23618887165042324,0.026934767977593924,0.045442188400110155,0.1968081654151277,-0.240457186615874
2026-01-09 04:00:00,32,-0.6661689424616526,0.22863874255649644,0.04465682194935784,0.3649419736386008,-0.23618887165042324
2026-01-09 08:00:00,32,1.1642744665957672,1.0300952760752122,0.12377280210561119,0.8391621197175301,-0.6661689424616526
2026-01-09 12:00:00,32,1.0664417440133533,0.31837135312872833,-0.213027282965563,0.0103597357685139,1.1642744665957672
2026-01-09 16:00:00,32,-0.40505325617631627,-0.28269847802600107,-0.19502614229906784,-0.7487992814049615,1.0664417440133533
2026-01-09 20:00:00,32,-1.7400828791800116,-0.9908999538988024,0.07572773011968968,-0.46045738782481216,-0.40505325617631627
2026-01-10 00:00:00,32,1.9968422654870555,0.5709153447006468,0.3213720851296715,0.7782409431195063,-1.7400828791800116
2026-01-12 04:00:00,33,-1.0724364497386976,-0.6430840040503043,-0.34283901275394835,-0.715632082219555,1.9968422654870555
2026-01-12 08:00:00,33,0.25464315205139165,0.10781421819470316,0.1947015068041731,0.024260035169676897,-1.0724364497386976
2026-01-12 12:00:00,33,0.5282156124671324,-0.24860706990360776,-0.037717613395785714,-0.1514225994478604,0.25464315205139165
2026-01-12 16:00:00,33,-0.48492664266443875,-0.17931016617850337,-0.08562993943485465,-0.5158475199562798,0.5282156124671324
2026-01-12 20:00:00,33,-0.8435669406904438,-0.559948663499556,0.09180751891915298,-0.1812883947914603,-0.48492664266443875
2026-01-13 00:00:00,33,0.46321727471848817,0.3396279807827804,0.1546182669880844,0.40070276194242815,-0.8435669406904438
2026-01-13 04:00:00,33,-0.8655397580434787,0.2609497190647229,-0.07424640490262152,0.0811212983636409,0.46321727471848817
2026-01-13 08:00:00,33,0.7265315321365549,0.7425879330595158,0.15846649347775246,0.6782718749030625,-0.8655397580434787
2026-01-13 12:00:00,33,1.02585234027638,0.28562107031793055,-0.12036215256588245,0.1770254338728865,0.7265315321365549
2026-01-13 16:00:00,33,-0.1674733415824985,-0.23708905532764304,-0.17278393554827412,-0.5307275153678148,1.02585234027638
2026-01-13 20:00:00,33,-0.8266415072948998,-0.8991712801339804,0.03621008765541203,-0.4151848131965892,-0.1674733415824985
2026-01-14 00:00:00,33,-0.5263277843252503,-0.12368917747793678,0.15165401802103748,0.15512919963211935,-0.8266415072948998
2026-01-14 04:00:00,33,-0.37816521417826365,-0.13452028808645178,0.09905834012618538,0.5182516754488233,-0.5263277843252503
2026-01-14 08:00:00,33,0.9416401403363786,0.7446308616968085,0.07310977294628368,0.7791542782179501,-0.37816521417826365
2026-01-14 12:00:00,33,0.5346352738679006,0.35407256484907695,-0.1580353662885576,0.12950075569740171,0.9416401403363786
2026-01-14 16:00:00,33,-0.4393499501460152,-0.31737295098240337,-0.08675425183686547,-0.23935319822171053,0.5346352738679006
2026-01-14 20:00:00,33,-0.8854015041584837,-0.6254926443797542,0.08382540935883169,0.06376179285080852,-0.4393499501460152
2026-01-15 00:00:00,33,-0.7683254257434022,-0.02496934171316811,0.16194499586107414,0.6746153253011915,-0.8854015041584837
2026-01-15 04:00:00,33,0.6665321886012912,0.9055126254254308,0.1414407856351086,1.204696083220023,-0.7683254257434022
2026-01-15 08:00:00,33,1.2643534382802635,0.632114133431866,-0.10985412078072747,0.7448442081252811,0.6665321886012912
2026-01-15 12:00:00,33,0.01794185152551897,-0.09767231913862309,-0.21455401120162199,-0.1274546985423104,1.2643534382802635
2026-01-15 16:00:00,33,0.3220967364186027,-0.23235319637696025,0.0037372533237399804,-0.13983308657484628,0.01794185152551897
2026-01-15 20:00:00,33,-1.7433889088504664,-0.9089628727407499,-0.049531149457837764,-0.3620530944559537,0.3220967364186027
2026-01-16 00:00:00,33,-0.5042648644804473,0.4307507558711972,0.31220928857732877,0.8407405177124563,-1.7433889088504664
2026-01-16 04:00:00,33,0.5456100186321287,1.1248171491432715,0.09519433346640821,1.1886414104845553,-0.5042648644804473
2026-01-16 08:00:00,33,0.7545233628431518,0.8666106405398774,-0.08867632231333147,0.8122157937938272,0.5456100186321287
2026-01-16 12:00:00,33,0.4697199970003929,0.7050108273636415,-0.12526452364960475,0.2916573134384759,0.7545233628431518
2026-01-16 16:00:00,33,0.9821917976398602,0.3988419238769621,-0.07538526423677624,-0.03241048866333074,0.4697199970003929
2026-01-16 20:00:00,33,-1.5773411409900575,-1.2926541263332245,-0.1651374123906996,-0.7100412881528086,0.9821917976398602
2026-01-17 00:00:00,33,1.6645182213975858,0.08974542119480958,0.2831283833586623,0.3781931493624757,-1.5773411409900575
2026-01-19 04:00:00,33,-1.7474260712555392,-1.2413269843751835,-0.284637182325404,-0.7701862362532346,1.6645182213975858
2026-01-19 08:00:00,33,1.7496704160248893,0.6932452300682427,0.31291634016114167,0.4353926828122532,-1.7474260712555392
2026-01-19 12:00:00,33,-1.5586321369711076,-0.4553412764641314,-0.2995503782871818,-0.7717346478201392,1.7496704160248893
2026-01-19 16:00:00,33,-0.5431105651770451,0.49964493714308944,0.27985176736061945,0.30359213013061215,-1.5586321369711076
2026-01-19 20:00:00,33,0.8107372747515456,0.7289343021874182,0.10199760552881934,0.6782933314402264,-0.5431105651770451
2026-01-20 04:00:00,33,0.06827526277665896,0.1272321189540362,-0.1351095909169513,0.11895191870807409,0.8107372747515456
2026-01-20 08:00:00,33,1.8688250860400633,0.33131355076497254,-0.005077927878557684,0.07184765555715522,0.06827526277665896
2026-01-20 12:00:00,33,-1.193008741845487,-0.6178972577290652,-0.32041862427279344,-1.2174865052476207,1.8688250860400633
2026-01-20 16:00:00,33,0.4848228922161635,-0.24456330662525505,0.2158180291394965,-0.39440951613279296,-1.193008741845487
2026-01-20 20:00:00,33,-1.4169409537391129,-0.7952394893219956,-0.07803032155947691,-0.7288970621015931,0.4848228922161635
2026-01-21 00:00:00,33,0.10138768085593952,0.25022633712751136,0.25503657157096976,0.24867456252287035,-1.4169409537391129
2026-01-21 04:00:00,33,-0.442884550072872,0.13904927306725665,-0.010877097022065404,0.17872547986723752,0.10138768085593952
2026-01-21 08:00:00,33,1.2133130869712794,0.69978307430329,0.08444444427139516,0.48427905144925276,-0.442884550072872
2026-01-21 12:00:00,33,0.15853880360480765,-0.13858755259989333,-0.20561501950140346,-0.3528062501497171,1.2133130869712794
2026-01-21 16:00:00,33,0.9673099205555129,-0.7450785089304659,-0.020886303440289612,-0.46218486285548366,0.15853880360480765
2026-01-21 20:00:00,33,-1.1404475483413758,-1.6433639901508248,-0.1625310632506764,-1.1295484026398803,0.9673099205555129
2026-01-22 00:00:00,33,-1.0050506043810064,-1.1819370212430589,0.20661268355630244,-0.34273427344905016,-1.1404475483413758
2026-01-22 04:00:00,33,0.25743285057994214,0.1792228884438588,0.18289983426633966,0.3506672049695343,-1.0050506043810064
2026-01-22 08:00:00,33,0.7269159026591598,0.5006337067957498,-0.038206189421484724,0.17305990996613474,0.25743285057994214
2026-01-22 12:00:00,33,0.7309570390604065,0.17966674194561705,-0.12042946959688355,-0.328451714814463,0.7269159026591598
2026-01-22 16:00:00,33,-0.4421755155305256,-0.29244120872933815,-0.12113721716961307,-0.832751388219581,0.7309570390604065
2026-01-22 20:00:00,33,-0.24215553258317435,-0.4235359595764487,0.08432026695429885,-0.5276869916082294,-0.4421755155305256
2026-01-23 00:00:00,33,0.07351129132335998,-0.11062886894083912,0.04928961137318213,-0.36061977771025155,-0.24215553258317435
2026-01-23 04:00:00,33,-2.032553484738518,0.2929298927411513,-0.005994943818313355,-0.41133646586693473,0.07351129132335998
2026-01-23 08:00:00,33,2.575478968179585,1.2522547822583725,0.36285235190995746,0.9909566974216375,-2.032553484738518
2026-01-23 12:00:00,33,-1.1529640685277336,-0.10283267825050518,-0.4441790025886163,-0.7859099761440795,2.575478968179585
2026-01-23 16:00:00,33,1.386062473660031,0.45436581743752263,0.20880477407276749,0.00953951286250998,-1.1529640685277336
2026-01-23 20:00:00,33,-0.4223571526961116,-1.3105104526724352,-0.23586961795587727,-0.9467285240173933,1.386062473660031
2026-01-24 00:00:00,33,1.2137843856511505,-0.5071719975819076,0.08084936253563035,-0.6553371524550453,-0.4223571526961116
2026-01-26 04:00:00,33,-2.052898498278207,-2.864425481912996,-0.20569756076296705,-1.4927476110162363,1.2137843856511505
2026-01-26 08:00:00,33,0.977148610228868,-0.6625216618632231,0.3664154917102923,-0.07641807741419626,-2.052898498278207
2026-01-26 12:00:00,33,-0.5582057878613291,-0.8837055897452528,-0.16425416983351973,-0.7505694962720124,0.977148610228868
2026-01-26 16:00:00,33,-0.1294261270615955,-0.14499275485396357,0.10464131911673921,-0.36545384450516494,-0.5582057878613291
2026-01-26 20:00:00,33,-0.43271480525626593,-0.636224255654316,0.029546659091609806,-0.27616056169999226,-0.1294261270615955
2026-01-27 00:00:00,33,-0.7461681924509733,0.06478584265936355,0.08266335808806044,0.022376730243726328,-0.43271480525626593
2026-01-27 04:00:00,33,1.056447691835844,0.7032552563929729,0.13756026131618676,0.5371708366689258,-0.7461681924509733
2026-01-27 08:00:00,33,0.9766679602839137,0.4126752630899456,-0.1781422762853838,-0.19169036514293225,1.056447691835844
2026-01-27 12:00:00,33,-0.7559391282291568,-0.2694294042331237,-0.16416999083085873,-0.8655101754419547,0.9766679602839137
2026-01-27 16:00:00,33,1.891152888551563,-0.009266787147039556,0.1392715017678013,-0.3439749345061216,-0.7559391282291568
2026-01-27 20:00:00,33,0.4273329533264114,-1.9267424848573027,-0.324329021364815,-1.6487134254051483,1.891152888551563
2026-01-28 00:00:00,33,-0.5200068061062559,-2.449592424572165,-0.06796177631239303,-1.943537686314885,0.4273329533264114
2026-01-28 04:00:00,33,-2.141031609416057,-1.7328038696728063,0.0979513106801144,-1.584776160706058,-0.5200068061062559
2026-01-28 08:00:00,33,1.2972017034031182,-0.2447198558487076,0.3818507528080546,-0.10764209716867867,-2.141031609416057
2026-01-28 12:00:00,33,0.03685196860014095,-1.0956441386230695,-0.22030691771126215,-1.002603579730847,1.2972017034031182
2026-01-28 16:00:00,33,0.45306091229762835,-1.3357006330337304,0.0004254152339725134,-1.0280283786400624,0.03685196860014095
2026-01-28 20:00:00,33,-0.3510790336302154,-2.2698721825778185,-0.07246766245559419,-1.3406027953226225,0.45306091229762835
2026-01-29 00:00:00,33,-1.0206566127306544,-1.7757820264194424,0.06836601360881601,-1.0983874084557197,-0.3510790336302154
2026-01-29 04:00:00,33,-0.5638400684291529,-0.7138138520453673,0.18563300469979804,-0.3942190798758727,-1.0206566127306544
2026-01-29 08:00:00,33,0.9349263325008046,0.057138247890570024,0.1056280832345562,-0.005216242271291804,-0.5638400684291529
2026-01-29 12:00:00,33,0.38496021079519593,-0.5106237861152011,-0.15685953832147043,-0.6502377947609652,0.9349263325008046
2026-01-29 16:00:00,33,1.2354198780675318,-0.37020045194061196,-0.060540793029792456,-0.9158283810798675,0.38496021079519593
2026-01-29 20:00:00,33,-2.924490095608146,-2.9933144583729567,-0.20948670958699034,-1.7681655332447832,1.2354198780675318
2026-01-30 00:00:00,33,1.4575382266947265,-0.4180291461872729,0.5190623653054027,0.2494898435848345,-2.924490095608146
2026-01-30 04:00:00,33,-0.007012448040679686,-1.5914801116536743,-0.2483875796618256,-0.7560905290215505,1.4575382266947265
2026-01-30 08:00:00,33,-0.07308505623691275,-0.755326847711235,0.008107644024161203,-0.751252522042055,-0.007012448040679686
2026-01-30 12:00:00,33,0.10179236493600818,-0.4728406395174573,0.019679321748369113,-0.7008299007092802,-0.07308505623691275
2026-01-30 16:00:00,33,0.4645850385581003,-0.43657165221346234,-0.010947971683782469,-0.7710581817835678,0.10179236493600818
2026-01-30 20:00:00,33,-0.4847344328003338,-1.6381084329774895,-0.07448594928851605,-1.0915832888608819,0.4645850385581003
2026-01-31 00:00:00,33,0.7676697013669056,-0.7877176688014194,0.09177385609482144,-0.7571567725451658,-0.4847344328003338
2026-02-02 04:00:00,33,-1.4465371630778314,-1.6873735094613829,-0.1275669178913821,-1.2867851350819972,0.7676697013669056
2026-02-02 08:00:00,33,-0.36325232598846213,0.030158371350066552,0.2602199267566573,-0.2887945830705956,-1.4465371630778314
2026-02-02 12:00:00,33,0.5838796465257374,0.925854096666204,0.07049799265214103,-0.03818063509479508,-0.36325232598846213
2026-02-02 16:00:00,33,1.1473493194246878,0.39716088007445244,-0.09537870341648044,-0.44100911791414,0.5838796465257374
2026-02-02 20:00:00,33,-1.243626477313427,-0.7625871473643874,-0.1940624036691857,-1.232584896172206,1.1473493194246878
2026-02-03 00:00:00,33,-1.342706054666177,0.7364919792707918,0.22468300568506597,-0.3745858718338031,-1.243626477313427
2026-02-03 04:00:00,33,0.9283560858657651,1.6153566596287152,0.24203538467352126,0.5517698353601848,-1.342706054666177
2026-02-03 08:00:00,33,0.7031171761261241,1.3373972151451394,-0.15570885305711044,-0.08871879240863301,0.9283560858657651
2026-02-03 12:00:00,33,0.2279114025451392,0.8203030933779342,-0.11626146108011752,-0.5738112716352131,0.7031171761261241
2026-02-03 16:00:00,33,0.039659922932944625,0.8210841053842379,-0.03303592761501699,-0.731051218344744,0.2279114025451392
2026-02-03 20:00:00,33,-1.1637944349771487,0.3659973517460751,-6.635803623039963e-05,-0.7584132726291735,0.039659922932944625
2026-02-04 00:00:00,33,-0.11974329211805568,0.7715947407334453,0.21070155874056046,0.044508270097999514,-1.1637944349771487
2026-02-04 04:00:00,33,-0.2690185608713236,1.2719739231461706,0.027850848248324074,0.12712120065437205,-0.11974329211805568
2026-02-04 08:00:00,33,0.9346657769157733,1.6298531987157294,0.05399428876571869,0.3127216739211889,-0.2690185608713236
2026-02-04 12:00:00,33,0.6555186168336409,1.07817437947222,-0.15681390571604537,-0.33212011684595666,0.9346657769157733
2026-02-04 16:00:00,33,0.15534325668464888,0.35290952485278354,-0.10792525030676077,-0.7843735417601128,0.6555186168336409
2026-02-04 20:00:00,33,-1.2700283132174697,-0.3801395626799026,-0.020326648840264746,-0.8915474923830597,0.15534325668464888
2026-02-05 00:00:00,33,0.025603134717041343,0.5396028689237815,0.22930691179002313,-0.015333393132978657,-1.2700283132174697
2026-02-05 04:00:00,33,-0.04083923660458666,0.7864413608785968,0.002395488521858855,-0.032997430533244554,0.025603134717041343
2026-02-05 08:00:00,33,1.6313948785342216,0.8702050423320942,0.01403192499917453,-0.004821747721186043,-0.04083923660458666
2026-02-05 12:00:00,33,0.932502908557769,-0.12158168431817867,-0.27883609986132263,-1.130348776638133,1.6313948785342216
2026-02-05 16:00:00,33,-0.4983446092291466,-0.8146632658885256,-0.15643511008072883,-1.7736983677980884,0.932502908557769
2026-02-05 20:00:00,33,-2.375148566743187,-1.1619537347965685,0.09415748494955177,-1.4298819596539012,-0.4983446092291466
2026-02-06 00:00:00,33,0.3378148040115718,0.7919631201978344,0.42285300856759234,0.20877336821172676,-2.375148566743187
2026-02-06 04:00:00,33,-0.8530211864363366,0.32812083141386406,-0.05228394547419851,-0.024290801405456364,0.3378148040115718
2026-02-06 08:00:00,33,1.0393414913792096,1.4784217503679586,0.15627404368410974,0.5642230000081714,-0.8530211864363366
2026-02-06 12:00:00,33,-0.08493279444791746,1.1189240779479266,-0.17514636853822815,-0.15283634363350984,1.0393414913792096
2026-02-06 16:00:00,33,0.6850859936508851,1.3034054827347126,0.02175428461242548,-0.09423976652615274,-0.08493279444791746
2026-02-06 20:00:00,33,-1.218195117019965,0.0823258022669387,-0.11310355588633182,-0.5668922267810839,0.6850859936508851
2026-02-07 00:00:00,33,1.2481106333660392,1.021042469455742,0.220229064582421,0.2735612702487291,-1.218195117019965
2026-02-09 04:00:00,34,-1.0877530623958727,-0.6529293633003528,-0.31268785768826746,-0.4400108250718695,1.2481106333660392
2026-02-09 08:00:00,34,1.6824969762486734,0.37973497785539606,0.28521709054198024,0.19584493060152042,-1.0877530623958727
2026-02-09 12:00:00,34,0.1659803856194486,-0.48733744540029356,-0.4238765988482913,-0.7876736851902013,1.6824969762486734
2026-02-09 16:00:00,34,-0.11984468654920732,-0.693504727259112,-0.035697795754765636,-0.8846990001937325,0.1659803856194486
2026-02-09 20:00:00,34,-1.3731386350369963,-0.96362146890203,0.037464103755027504,-0.8146427196245565,-0.11984468654920732
2026-02-10 00:00:00,34,0.11744230432146985,-0.050995489898298156,0.35826649250205195,-0.01196228174772962,-1.3731386350369963
2026-02-10 04:00:00,34,-0.8358571795288103,0.14454876039531558,-0.023273629465303522,-0.08061422835578647,0.11744230432146985
2026-02-10 08:00:00,34,0.6843191036411085,0.614783377112684,0.22073995727504211,0.40799354200863647,-0.8358571795288103
2026-02-10 12:00:00,34,0.8112100048087871,0.3574742239216558,-0.16837560778924937,0.007968705664763931,0.6843191036411085
2026-02-10 16:00:00,34,0.09234932889681957,-0.18700660001236763,-0.20085554137064937,-0.4662313388576411,0.8112100048087871
2026-02-10 20:00:00,34,-1.2907120613669054,-0.8007409079830217,-0.016850645881355722,-0.5202149628451309,0.09234932889681957
2026-02-11 00:00:00,34,0.05205447957014897,0.0777681525809402,0.3371679770568101,0.23428228612563728,-1.2907120613669054
2026-02-11 04:00:00,34,-0.3593170448489751,0.4759036486074027,-0.0065364782163841,0.20385337575294926,0.05205447957014897
2026-02-11 08:00:00,34,0.7959443260687049,0.6111350474497231,0.09876121978606156,0.4138953595241013,-0.3593170448489751
2026-02-11 12:00:00,34,1.7523807940234146,0.13215287136769543,-0.19694802533135783,-0.05138099631682991,0.7959443260687049
2026-02-11 16:00:00,34,-1.1083109879795838,-1.135854815983199,-0.4417645777250338,-1.075750821171228,1.7523807940234146
2026-02-11 20:00:00,34,-0.8718783466353894,-0.9729066574530233,0.2904792492262184,-0.4278777467156534,-1.1083109879795838
2026-02-12 00:00:00,34,-0.26111691826828576,-0.15650596369442968,0.22996020162967998,0.0817865181994204,-0.8718783466353894
2026-02-12 04:00:00,34,-0.593356648791076,0.21071205312800068,0.07362518907247176,0.23442474200628816,-0.26111691826828576
2026-02-12 08:00:00,34,1.9297121178871972,0.687642755973143,0.15866772782962532,0.5812766639580111,-0.593356648791076
2026-02-12 12:00:00,34,-0.4812676724720468,-0.19838563424218517,-0.48715561497037796,-0.5467537681040664,1.9297121178871972
2026-02-12 16:00:00,34,0.81233311310217,-0.238740825090848,0.12997660441141984,-0.26542445712344787,-0.4812676724720468
2026-02-12 20:00:00,34,-1.7633215530502664,-1.1489604023125723,-0.20114302047622834,-0.7402810246171789,0.81233311310217
2026-02-13 00:00:00,34,-0.7383793279179329,0.08531166028419368,0.45814059809234237,0.2904843185208783,-1.7633215530502664
2026-02-13 04:00:00,34,0.12173024669854016,0.5480409739570012,0.19578880540486124,0.7221105411975088,-0.7383793279179329
2026-02-13 08:00:00,34,1.3286409502999827,0.9003898843753466,-0.024371202910889463,0.6509520396233359,0.12173024669854016
2026-02-13 12:00:00,34,0.04113102486241793,0.09360078843664006,-0.33330099323411083,-0.12571687970915413,1.3286409502999827
2026-02-13 16:00:00,34,1.091554648964843,-0.05991409511214812,-0.003740429956645624,-0.14976038719228413,0.04113102486241793
2026-02-13 20:00:00,34,-1.8228512498083358,-0.9517513417865475,-0.27261462999164865,-0.7878383942057425,1.091554648964843
2026-02-14 00:00:00,34,-0.9272315006026446,0.3614902332914755,0.4733782595718518,0.2777255641931511,-1.8228512498083358
2026-02-16 04:00:00,34,0.09909917741028096,0.8876310497866822,0.24412880432564224,0.8197470090248054,-0.9272315006026446
2026-02-16 08:00:00,34,1.261335089434425,0.9036306340570942,-0.01857838703051843,0.7618177008783089,0.09909917741028096
2026-02-16 12:00:00,34,-0.43125602736422053,0.5040008161573742,-0.31607288727509114,0.024493022901163286,1.261335089434425
2026-02-16 16:00:00,34,-0.47504573881434453,-0.032549415457661234,0.11717525383032315,0.27658758061667577,-0.43125602736422053
2026-02-16 20:00:00,34,-1.1445941308817709,0.21544269265104196,0.12838399225333452,0.5542798047763604,-0.47504573881434453
2026-02-17 04:00:00,34,1.1929805331221957,0.6874648552274994,0.29976655084314197,1.2233625140708035,-1.1445941308817709
2026-02-17 08:00:00,34,2.469775631688563,0.6556015801091496,-0.2985763494731137,0.5259951017269984,1.1929805331221957
2026-02-17 12:00:00,34,-1.1812840332938084,-0.4936938793710686,-0.625394266414946,-0.9177342748394679,2.469775631688563
2026-02-17 16:00:00,34,0.3423857699648014,-0.20401996161629285,0.3091579696327074,-0.2272041558062714,-1.1812840332938084
2026-02-17 20:00:00,34,-0.6182738871871685,-1.1559242220190014,-0.08085182267248,-0.4273488118123545,0.3423857699648014
2026-02-18 00:00:00,34,-0.059491477534443504,-0.3764822257025836,0.16504572846394613,-0.06593129588772761,-0.6182738871871685
2026-02-18 04:00:00,34,-1.6492274077438154,0.09355078463977301,0.022015649987381054,-0.03115502201498721,-0.059491477534443504
2026-02-18 08:00:00,34,1.1268223059639517,1.0810551977646887,0.4289362167893585,0.9329155707337211,-1.6492274077438154
2026-02-18 12:00:00,34,0.7543218713064039,0.33545980051692886,-0.28164200032601916,0.2742215402244472,1.1268223059639517
2026-02-18 16:00:00,34,0.2702175870392747,-0.24497084413558326,-0.18629403395976285,-0.16672403840168926,0.7543218713064039
2026-02-18 20:00:00,34,-0.5860713120067409,-0.7876558642101625,-0.06237912079597622,-0.32468213931905154,0.2702175870392747
2026-02-19 00:00:00,34,0.055704276364455296,-0.2241343721890955,0.1568029191420375,0.01791107402822334,-0.5860713120067409
2026-02-19 04:00:00,34,-1.4713909680327433,0.07143090058391278,-0.007470707198712989,-0.01465135761774583,0.055704276364455296
2026-02-19 08:00:00,34,1.953210680595248,0.9055199432595129,0.38341588635577234,0.8454633579489812,-1.4713909680327433
2026-02-19 12:00:00,34,0.8097482736668944,-0.20714448443881092,-0.49317048088268867,-0.2963033685575862,1.953210680595248
2026-02-19 16:00:00,34,-1.0703025547635487,-0.48797674884025327,-0.20048138585622202,-0.7696489451019648,0.8097482736668944
2026-02-19 20:00:00,34,-0.1349414557043307,-0.5068691799290191,0.2807503295398607,-0.1439940393282697,-1.0703025547635487
2026-02-20 00:00:00,34,-0.11384395399512215,-0.18148601913592258,0.041328384447653195,-0.06511280768222427,-0.1349414557043307
2026-02-20 04:00:00,34,-0.7761402633091841,0.16106009941596133,0.03592811186748564,0.0014356911443140774,-0.11384395399512215
2026-02-20 08:00:00,34,1.8400760989974145,0.4932065476770459,0.20545437371742814,0.4551354054416006,-0.7761402633091841
2026-02-20 12:00:00,34,-0.08282813452272109,-0.2984562332262806,-0.46421171660374844,-0.6204974922010571,1.8400760989974145
2026-02-20 16:00:00,34,0.5898192812386522,-0.8997597686718664,0.027989073314161228,-0.5720795673165622,-0.08282813452272109
2026-02-20 20:00:00,34,-1.5355155868238572,-1.5840895039672453,-0.14418673430154427,-0.9168636895112456,0.5898192812386522
2026-02-21 00:00:00,34,1.5798997538663855,-0.2545137763456155,0.3998296980641132,-0.019264356021325924,-1.5355155868238572
2026-02-23 04:00:00,34,-1.7680405050648282,-1.2391880898622951,-0.39761505497124583,-0.9428088502746625,1.5798997538663855
2026-02-23 08:00:00,34,-0.6325685222825435,0.32505177945067987,0.45934849595260147,0.09071499835782859,-1.7680405050648282
2026-02-23 12:00:00,34,1.4687856484135633,0.276084653262388,0.16870468898984387,0.4604885707394466,-0.6325685222825435
2026-02-23 16:00:00,34,0.26168270216216705,-0.2556210617770027,-0.36917346671035633,-0.3981031820037373,1.4687856484135633
2026-02-23 20:00:00,34,-1.4901013341211318,-0.9247793625483233,-0.0601944685365756,-0.5510721398327192,0.26168270216216705
2026-02-24 00:00:00,34,0.6767788504761985,0.10608398035216947,0.3882051300465511,0.31997988713247416,-1.4901013341211318
2026-02-24 04:00:00,34,-0.9313179344535296,0.008939608905203988,-0.16644554881946094,-0.07563722696276365,0.6767788504761985
2026-02-24 08:00:00,34,0.9490450349896378,0.34923620808747213,0.24517479815845566,0.4687729792285129,-0.9313179344535296
2026-02-24 12:00:00,34,-0.6809515755434425,0.05019978918465746,-0.23613681515992108,-0.08599976171165125,0.9490450349896378
2026-02-24 16:00:00,34,1.4214417674427207,0.49470672374956776,0.1810891731563069,0.3120565560434745,-0.6809515755434425
2026-02-24 20:00:00,34,-0.7324140215054111,-0.8788833477171083,-0.3570549767692481,-0.518859908758051,1.4214417674427207
2026-02-25 00:00:00,34,-0.26734892294476964,-0.08985955787014074,0.19426188145453502,-0.09072075915699784,-0.7324140215054111
2026-02-25 04:00:00,34,-0.3857664825510163,-0.21645535859738255,0.07522037908301232,0.06556043857466776,-0.26734892294476964
2026-02-25 08:00:00,34,0.696290230226964,0.342960484686487,0.10553141348728257,0.29106367709064607,-0.3857664825510163
2026-02-25 12:00:00,34,0.7828943538860926,0.11697313181828271,-0.1714398258917697,-0.11595898808465677,0.696290230226964
2026-02-25 16:00:00,34,-0.7776279065206282,-0.4716501224481571,-0.1936076579304655,-0.5736068662769807,0.7828943538860926
2026-02-25 20:00:00,34,-1.2713715904083998,-0.5277004779166685,0.20583516187683035,-0.11903753687026608,-0.7776279065206282
2026-02-26 00:00:00,34,0.0344456183219215,0.0603787675183494,0.3322174470630546,0.6241540672795036,-1.2713715904083998
2026-02-26 04:00:00,34,0.7177659567981465,-0.14244271168054792,-0.002029183851512824,0.604018573825245,0.0344456183219215
2026-02-26 08:00:00,34,0.5349827711980009,0.12991638118006044,-0.1769369117050588,0.18444208111350058,0.7177659567981465
2026-02-26 12:00:00,34,0.09974300016318338,-0.3149928682170927,-0.13015037560627005,-0.12828686998050287,0.5349827711980009
2026-02-26 16:00:00,34,1.5609148751331077,-0.1826988716927914,-0.018743184664233963,-0.18659253046027935,0.09974300016318338
2026-02-26 20:00:00,34,-2.195806333298469,-1.629729954575769,-0.3927555449935134,-1.0990392444998545,1.5609148751331077
2026-02-27 00:00:00,34,0.3272753372959798,-0.11431334496908642,0.5688426012159992,0.18453893481285277,-2.195806333298469
2026-02-27 04:00:00,34,-0.7049855442159405,-0.07492839064630694,-0.07698404456582916,-0.006772782987546577,0.3272753372959798
2026-02-27 08:00:00,34,1.6125624749125347,0.2915489475774262,0.18724108553928095,0.40533280554455153,-0.7049855442159405
2026-02-27 12:00:00,34,-0.26849581839414327,-0.7324605243533336,-0.40597564663230457,-0.5373049736565694,1.6125624749125347
2026-02-27 16:00:00,34,0.9986119544398235,-0.5835257630297979,0.07551394692497476,-0.3803533479593568,-0.26849581839414327
2026-02-27 20:00:00,34,-1.2818702177593604,-1.0686004102038373,-0.24882433047238003,-0.964100873814381,0.9986119544398235
2026-02-28 00:00:00,34,2.3947608664483173,-0.22630947632904536,0.33490475337041914,-0.21477220339602532,-1.2818702177593604
2026-03-02 04:00:00,34,-2.3406935131659896,-1.9302009669252085,-0.6061929322750943,-1.6146510297894245,2.3947608664483173
2026-03-02 08:00:00,34,1.4637569800598431,-0.23722020364976773,0.6059289953986271,-0.24637775705254406,-2.3406935131659896
2026-03-02 12:00:00,34,-0.36047726223859833,-1.2233903830926132,-0.3678862915651827,-1.102029956852487,1.4637569800598431
2026-03-02 16:00:00,34,0.21846423768512935,-0.6131097943561816,0.09905819761038288,-0.8913097576567797,-0.36047726223859833
2026-03-02 20:00:00,34,0.22667985694928383,-1.7702053318966322,-0.04913195071388845,-1.0190149765553809,0.21846423768512935
2026-03-03 00:00:00,34,-1.683418107234914,-1.2514057170863453,-0.051234881385625035,-1.1515227089803783,0.22667985694928383
2026-03-03 04:00:00,34,0.2363651788431511,-0.08432173222046782,0.43768792111451743,-0.1674656378539119,-1.683418107234914
2026-03-03 08:00:00,34,0.7449870405014831,-0.09826986447442666,-0.0537140080127706,-0.30563501158764517,0.2363651788431511
2026-03-03 12:00:00,34,0.0566123543093795,-0.6607252799297725,-0.1839046216240684,-0.7411238315975641,0.7449870405014831
2026-03-03 16:00:00,34,0.35889194658831514,-0.8244503221237663,-0.007703145545879406,-0.7742170883065391,0.0566123543093795
2026-03-03 20:00:00,34,-0.2019586489477696,-1.4878386138098,-0.08507686572506368,-0.9840105770974308,0.35889194658831514
2026-03-04 00:00:00,34,-0.24515283497214924,-0.8009075172319228,0.0584826009070536,-0.8659538473295445,-0.2019586489477696
2026-03-04 04:00:00,34,-0.5344531153167456,-0.856917873459045,0.06953890423742855,-0.7226475708173492,-0.24515283497214924
2026-03-04 08:00:00,34,1.1997558454850097,-0.3186737060270311,0.14359034373549026,-0.41022823479340786,-0.5344531153167456
2026-03-04 12:00:00,34,0.068070855880622,-1.2891059510418512,-0.30031060853749403,-1.1115562164165027,1.1997558454850097
2026-03-04 16:00:00,34,-0.6927738934917667,-1.2090365425487282,-0.01063614835814978,-1.1513476424318636,0.068070855880622
2026-03-04 20:00:00,34,-1.139530734962369,-1.29771679994685,0.18411530109933683,-0.74638048326179,-0.6927738934917667
2026-03-05 00:00:00,34,0.40221713902870704,-0.20314875550113684,0.29847048657340225,-0.08025762721888796,-1.139530734962369
2026-03-05 04:00:00,34,-0.011603162706029124,-0.46062526986591995,-0.09616670242663909,-0.3153772437231819,0.40221713902870704
2026-03-05 08:00:00,34,1.8272543166149422,-0.25256191246277454,0.009757802729312554,-0.3085945114600399,-0.011603162706029124
2026-03-05 12:00:00,34,-1.0338097512619822,-1.36966828955862,-0.46092975835185174,-1.3767323218372756,1.8272543166149422
2026-03-05 16:00:00,34,0.23422804345609904,-0.5479418105813801,0.27140936164521484,-0.7724096098760445,-1.0338097512619822
2026-03-05 20:00:00,34,0.14839473731419695,-1.334298728524912,-0.05316697103228463,-0.9093297020554534,0.23422804345609904
2026-03-06 00:00:00,34,-1.829434628012935,-0.956932601477763,-0.031196443146467488,-0.9960751694734373,0.14839473731419695
2026-03-06 04:00:00,34,-0.35934412824734707,0.09298945893639951,0.4750633897494999,0.07333716138045965,-1.829434628012935
2026-03-06 08:00:00,34,1.5644490382038576,0.5628035718016308,0.09876815225302481,0.28339497699372096,-0.35934412824734707
2026-03-06 12:00:00,34,1.377230893781121,-0.37632612586377606,-0.3936601755127033,-0.6311176635945461,1.5644490382038576
2026-03-06 16:00:00,34,-0.37467581796015814,-1.2927677405698053,-0.34573843455156084,-1.4361902678242995,1.377230893781121
2026-03-06 20:00:00,34,-0.7561933412137112,-1.0678046301583022,0.10269256494913055,-1.2171701762266185,-0.37467581796015814
2026-03-07 00:00:00,34,2.1678505712353946,-0.46924904030728726,0.2003486120051822,-0.7751306131721503,-0.7561933412137112
2026-03-09 04:00:00,35,-2.6923252433056,-2.7554519177525614,-0.671309326406561,-1.7472939491063313,2.1678505712353946
2026-03-09 08:00:00,35,1.135967721482551,0.6753717644918216,0.8779326265717515,-0.27280953520649476,-2.6923252433056
2026-03-09 12:00:00,35,-1.0172870203874407,0.9561050519959285,-0.34238373556414403,-0.8949359681789204,1.135967721482551
2026-03-09 16:00:00,35,0.37645769512260685,1.4473470465812095,0.3439931999314557,-0.3378064535507992,-1.0172870203874407
2026-03-09 20:00:00,35,0.668759887964617,1.0597336285405885,-0.10028039579934248,-0.5439780538547137,0.37645769512260685
2026-03-10 00:00:00,35,-0.6600316014678889,0.5389739865931418,-0.1934553831616396,-0.9102324779429924,0.668759887964617
2026-03-10 04:00:00,35,-1.443841214997299,1.3980810141897182,0.23011355770470987,-0.5487582052987037,-0.6600316014678889
2026-03-10 08:00:00,35,1.2202670819712367,1.9285450699251525,0.4799626954240543,0.24197886220576237,-1.443841214997299
2026-03-10 12:00:00,35,-0.2265706561945926,1.392704169983002,-0.36925521323529664,-0.4263151329701351,1.2202670819712367
2026-03-10 16:00:00,35,0.16749983421208903,1.5299549087904472,0.09194244887653093,-0.3022309785624717,-0.2265706561945926
2026-03-10 20:00:00,35,0.10968991320232568,0.6597623512236563,-0.033672458786315994,-0.3939642843696465,0.16749983421208903
2026-03-11 00:00:00,35,-1.4085906085642037,0.7868337198135161,-0.015244821938543623,-0.4540372892122111,0.10968991320232568
2026-03-11 04:00:00,35,-0.28094068437839326,1.8318461131433748,0.4687261228312095,0.31739435823004136,-1.4085906085642037
2026-03-11 08:00:00,35,1.0904090426341373,2.2724942373057893,0.1092735767741978,0.47125491477918047,-0.28094068437839326
2026-03-11 12:00:00,35,0.7347757692941244,1.5090762227929848,-0.3278613356988844,-0.12592075786186108,1.0904090426341373
2026-03-11 16:00:00,35,-0.06854922474881597,0.8075322187994695,-0.21449877270580353,-0.52832957612382,0.7347757692941244
2026-03-11 20:00:00,35,-1.2309545521802683,0.49002181163615743,0.04157113713652462,-0.4907877658509463,-0.06854922474881597
2026-03-12 00:00:00,35,0.5300799392275835,1.4085578424684042,0.4121024035640487,0.18335935137490367,-1.2309545521802683
2026-03-12 04:00:00,35,-0.36392163207638006,1.2484440009819546,-0.14924941143989745,-0.10694532502162701,0.5300799392275835
2026-03-12 08:00:00,35,-0.12460405806898578,1.7052875691468161,0.1357247938447806,0.09236074905387603,-0.36392163207638006
2026-03-12 12:00:00,35,0.889575860797569,1.8015578007258233,0.05943931778690203,0.1606016653355251,-0.12460405806898578
2026-03-12 16:00:00,35,-0.18718572754481855,0.8841280864191381,-0.26384324196646286,-0.32658529136258174,0.889575860797569
2026-03-12 20:00:00,35,-0.8600457631173217,0.5227966686774338,0.07938800926207637,-0.2240707684773504,-0.18718572754481855
2026-03-13 00:00:00,35,0.08863069404032231,1.5777321706210756,0.2938705784877846,0.24694367381941085,-0.8600457631173217
2026-03-13 04:00:00,35,-0.5959801628699211,1.3138307853421078,-0.008531931897584954,0.198404004520345,0.08863069404032231
2026-03-13 08:00:00,35,1.9236304667700743,2.077666250115129,0.2096963589013868,0.5247997337622738,-0.5959801628699211
2026-03-13 12:00:00,35,-0.1444714058110037,0.6747013397340026,-0.5934611073222988,-0.5286997081821525,1.9236304667700743
2026-03-13 16:00:00,35,0.09674976156982495,0.8318047517377879,0.065772283875136,-0.4495781991251775,-0.1444714058110037
2026-03-13 20:00:00,35,-0.963878174952784,-0.14975624122351283,-0.011119986428068523,-0.5025643737480046,0.09674976156982495
2026-03-14 00:00:00,35,1.2206493785251187,0.9646565883595987,0.326968461081485,0.02531514207198704,-0.963878174952784
2026-03-16 04:00:00,35,-2.118566559386373,0.10805457888849275,-0.36937707505313067,-0.6431882224256853,1.2206493785251187
2026-03-16 08:00:00,35,1.3397685504590342,1.437452501121276,0.6950398552127719,0.5170703233766254,-2.118566559386373
2026-03-16 12:00:00,35,0.010707814368130286,0.7806213480969554,-0.4073478040156358,-0.2166700933122474,1.3397685504590342
2026-03-16 16:00:00,35,0.2967421857559138,0.5747174214440164,0.016306962597519233,-0.22253435708647018,0.010707814368130286
2026-03-16 20:00:00,35,-0.23148024276693135,-0.1042267888261638,-0.07487007812226891,-0.38504879657761215,0.2967421857559138
2026-03-17 00:00:00,35,-2.400770665452656,0.524254935738329,0.09350744112781732,-0.25827584782847524,-0.23148024276693135
2026-03-17 04:00:00,35,1.349073091569867,1.699105014733509,0.7849959508570026,1.0565351826589264,-2.400770665452656
2026-03-17 08:00:00,35,1.4055892509742893,1.1490144271472935,-0.4103137431075892,0.3176990217316753,1.349073091569867
2026-03-17 12:00:00,35,0.23834541687009114,0.3268765526033043,-0.4283289772290754,-0.45208889600226243,1.4055892509742893
2026-03-17 16:00:00,35,-1.6037848662122585,0.1208166006011478,-0.05625537615909737,-0.5826216402066429,0.23834541687009114
2026-03-17 20:00:00,35,-0.38480335889526174,0.7635477786246394,0.5309467388064741,0.2957104982889991,-1.6037848662122585
2026-03-18 00:00:00,35,-0.32581863179245474,1.3398309201227077,0.14238110597687556,0.5064527020840881,-0.38480335889526174
2026-03-18 04:00:00,35,-0.2877283351930515,1.401252441324801,0.12357898496321922,0.6848912081786551,-0.32581863179245474
2026-03-18 08:00:00,35,1.5487763506622034,1.7175578572191554,0.1114372255403133,0.8424691036184395,-0.2877283351930515
2026-03-18 12:00:00,35,1.097560443095615,0.7009814399382185,-0.473971659804079,-0.005736957423522426,1.5487763506622034
2026-03-18 16:00:00,35,-0.12125603551309183,-0.4819667605400332,-0.33014093422376123,-0.606829180839485,1.097560443095615
2026-03-18 20:00:00,35,-0.028179089001890034,-0.20564101733998758,0.05837209363678176,-0.5404218495187614,-0.12125603551309183
2026-03-19 00:00:00,35,-0.8827214726642705,-0.1519939139201203,0.02870265041235169,-0.5249892313258098,-0.028179089001890034
2026-03-19 04:00:00,35,-0.42682419737859334,0.7868632772309789,0.30109874509825557,-0.04155616301637366,-0.8827214726642705
2026-03-19 08:00:00,35,0.3411286223587737,0.9663789520282078,0.15577577488636873,0.19219926013500732,-0.42682419737859334
2026-03-19 12:00:00,35,0.8823613344863386,0.5468479079709012,-0.08901881108016439,0.005376052926367336,0.3411286223587737
2026-03-19 16:00:00,35,1.252172227467307,0.06280606614707085,-0.2615435212858275,-0.4778597813633194,0.8823613344863386
2026-03-19 20:00:00,35,-0.12920996230520387,-1.079823995989704,-0.37942537822614014,-1.1636270145419951,1.252172227467307
2026-03-20 00:00:00,35,-3.148997164556988,-0.818973992495305,0.06090750748752986,-1.092863619215473,-0.12920996230520387
2026-03-20 04:00:00,35,-0.4637699138042528,1.3500451717082669,1.0235025248937686,0.631722684054953,-3.148997164556988
2026-03-20 08:00:00,35,2.0465309922781287,1.6897675572069912,0.16755268503398593,0.8857118747147172,-0.4637699138042528
2026-03-20 12:00:00,35,0.5915144176929186,0.37066346779358844,-0.6326371901278838,-0.23509552334396844,2.0465309922781287
2026-03-20 16:00:00,35,0.9006335215886132,0.06382560324204131,-0.16883242140284643,-0.5590455333414219,0.5915144176929186
2026-03-20 20:00:00,35,-1.6851433010554775,-0.5061993521427769,-0.26736800992815585,-1.0522883514296515,0.9006335215886132
2026-03-21 00:00:00,35,1.277463485063521,0.5550988470415086,0.5568807595698098,-0.12939928415510416,-1.6851433010554775
2026-03-23 04:00:00,35,-1.5722116329884042,-1.243703553941008,-0.38748728355771433,-0.8290175798033932,1.277463485063521
2026-03-23 08:00:00,35,1.8400096250677507,0.7227524527036476,0.5208823750122225,0.0320230964512902,-1.5722116329884042
2026-03-23 12:00:00,35,1.7133232954741402,-0.6054429597668235,-0.5668059160181067,-0.9756803822922411,1.8400096250677507
2026-03-23 16:00:00,35,-1.030143949426039,-2.534175511520516,-0.5264230607131499,-1.9140025636221631,1.7133232954741402
2026-03-23 20:00:00,35,-1.9095359780711672,-0.8204324633488739,0.3480915071971041,-1.3498317966322908,-1.030143949426039
2026-03-24 00:00:00,35,-0.32894488725914606,1.0831268853263067,0.6284087376593535,-0.30405137153402784,-1.9095359780711672
2026-03-24 04:00:00,35,-0.16884670796152967,1.6645011150994666,0.12457551807427159,-0.12390073390150214,-0.32894488725914606
2026-03-24 08:00:00,35,1.4834938791961463,1.945587845791127,0.07354221692881996,-0.03142979642965926,-0.16884670796152967
2026-03-24 12:00:00,35,-0.8668354815838413,0.9729573038225804,-0.4531620538456417,-0.8438831240613833,1.4834938791961463
2026-03-24 16:00:00,35,0.6014467386936069,1.6077153310346097,0.29603488634384456,-0.3691502104994786,-0.8668354815838413
2026-03-24 20:00:00,35,0.3223148104206306,1.1992451068245593,-0.17199847320259332,-0.6985397759688343,0.6014467386936069
2026-03-25 00:00:00,35,-0.6967470741036141,0.6945513963973334,-0.08302167273327349,-0.8750593720005524,0.3223148104206306
2026-03-25 04:00:00,35,-1.7278433011339,1.0984743516088775,0.24181707475866335,-0.49347742763831093,-0.6967470741036141
2026-03-25 08:00:00,35,1.6455222581903897,2.6092231609131895,0.5704919197496019,0.4527968100370643,-1.7278433011339
2026-03-25 12:00:00,35,-0.4216687407799071,1.2712182977665902,-0.5048106303353914,-0.44839331491530565,1.6455222581903897
2026-03-25 16:00:00,35,0.20948598392979179,1.3814322822483396,0.15413240848271983,-0.21746133979280025,-0.4216687407799071
2026-03-25 20:00:00,35,-0.8376101402154319,0.9211772765175321,-0.04705607021701416,-0.33218886723510366,0.20948598392979179
2026-03-26 00:00:00,35,-1.1031017591206336,1.8950715190896885,0.2867189425044078,0.12653843539782272,-0.8376101402154319
2026-03-26 04:00:00,35,0.019885007632201024,2.4508741253174873,0.37134772341012773,0.7306654274145306,-1.1031017591206336
2026-03-26 08:00:00,35,1.4238556878289295,2.4752328219779813,0.01338161722775896,0.7197751629872062,0.019885007632201024
2026-03-26 12:00:00,35,0.6315058750986768,1.6238525436524993,-0.434151632907903,-0.060016589352756,1.4238556878289295
2026-03-26 16:00:00,35,0.03849986883852452,1.1653829618717242,-0.18158019965983468,-0.40586840366621857,0.6315058750986768
2026-03-26 20:00:00,35,0.6667872048374814,0.9799317910707632,0.00744789692006502,-0.42695332150099397,0.03849986883852452
2026-03-27 00:00:00,35,-1.4606221507468984,0.36613408100829126,-0.19282656569142642,-0.7921273818658499,0.6667872048374814
2026-03-27 04:00:00,35,-1.5011817077975476,1.6009090101994208,0.4853118290080146,0.00779996763554891,-1.4606221507468984
2026-03-27 08:00:00,35,1.1652911640045822,2.413778648812307,0.4982406961467474,0.82994024808003,-1.5011817077975476
2026-03-27 12:00:00,35,0.22355483035912727,1.7268907697697187,-0.35173095037578955,0.19175447789783462,1.1652911640045822
2026-03-27 16:00:00,35,1.5399030443568353,1.4508165205039465,-0.05154069133979841,0.06932197690778175,0.22355483035912727
2026-03-27 20:00:00,35,-1.2089351005451547,0.38776355303212967,-0.47114318221098983,-0.7740245108417056,1.5399030443568353
2026-03-28 00:00:00,35,0.4366171650176742,1.583689304661167,0.4050834273877894,-0.11193661206255712,-1.2089351005451547
2026-03-30 04:00:00,35,-1.2285521458039135,0.8043956864624887,-0.11945698080096476,-0.35105527213546317,0.4366171650176742
2026-03-30 08:00:00,35,0.4424874254365907,1.8890540094670962,0.4113366064224688,0.3217761382430826,-1.2285521458039135
2026-03-30 12:00:00,35,0.308998283063314,1.7177402118532745,-0.12132819988087623,0.07944255920199339,0.4424874254365907
2026-03-30 16:00:00,35,1.448342707128349,1.6132183497483366,-0.07877686274343433,-0.08978407990171,0.308998283063314
2026-03-30 20:00:00,35,-1.8357696360505482,-0.06991513930292319,-0.44195717720293654,-0.8829864439014754,1.448342707128349
2026-03-31 00:00:00,35,0.8929621080913819,1.3206646387201335,0.6048947916341554,0.12239495368320874,-1.8357696360505482
2026-03-31 04:00:00,35,-0.6014585740849654,0.8959698944032289,-0.2649226507308616,-0.36664652221489114,0.8929621080913819
2026-03-31 08:00:00,35,0.3738401032540164,1.002691466471218,0.2114426711365575,-0.037250474950614176,-0.6014585740849654
2026-03-31 12:00:00,35,0.20352741381512018,0.9688452890774645,-0.09944600558521435,-0.24198851947526734,0.3738401032540164
2026-03-31 16:00:00,35,1.9487349376444723,0.4927859438388853,-0.04515670131480423,-0.3534527640786731,0.20352741381512018
2026-03-31 20:00:00,35,-1.7118688105526996,-1.1514214393037745,-0.6014634720453149,-1.4207009724901303,1.9487349376444723
2026-04-01 00:00:00,35,-0.9686202051067028,0.4022427833314987,0.5653998506701647,-0.4831753573820077,-1.7118688105526996
2026-04-01 04:00:00,35,-0.4911064801147127,1.216254529885446,0.3284800426244323,0.04730118848462439,-0.9686202051067028
2026-04-01 08:00:00,35,1.8598023042561795,1.533112635197721,0.1762665581518739,0.3162615796167447,-0.4911064801147127
2026-04-01 12:00:00,35,0.054638849053032956,0.08686078384822139,-0.5731150805690706,-0.7022815987675441,1.8598023042561795
2026-04-01 16:00:00,35,-0.5022911498173759,0.030174956674508993,0.002303394708478925,-0.7322052239025254,0.054638849053032956
2026-04-01 20:00:00,35,-0.9735824708552556,0.3010786368218982,0.1798318117959353,-0.45711941341692963,-0.5022911498173759
2026-04-02 00:00:00,35,0.2923642271416238,0.9883864228968678,0.33006182702335973,0.07607477717782807,-0.9735824708552556
2026-04-02 04:00:00,35,1.0982207014433207,0.5172204297445807,-0.07347454894545014,-0.0840420204394281,0.2923642271416238
2026-04-02 08:00:00,35,-0.42233754409097735,-0.12109428590239878,-0.33035139984704376,-0.6854958423083479,1.0982207014433207
2026-04-02 12:00:00,35,-0.4596402862442375,0.7057886453214596,0.15434559792016792,-0.4541975889805663,-0.42233754409097735
2026-04-02 16:00:00,35,0.5633506718424801,1.0565370817743496,0.16623631449302528,-0.20247003869563862,-0.4596402862442375
2026-04-02 20:00:00,35,-1.6666985779803767,-0.15268954468832208,-0.15985487443963253,-0.5109958333622142,0.5633506718424801
2026-04-03 00:00:00,35,1.8576998679374537,1.2917170557618847,0.551001272923767,0.40179175870588857,-1.6666985779803767
2026-04-06 04:00:00,36,-1.4813951097302702,-0.6233730568263424,-0.5023859813423063,-0.5216950680202217,1.8576998679374537
2026-04-06 08:00:00,36,0.7925715382495913,0.45896091331785827,0.4035510232176249,0.373720379469086,-1.4813951097302702
2026-04-06 12:00:00,36,-0.6866964928635628,-0.1449826301577911,-0.21340373467877133,-0.10534208936697276,0.7925715382495913
2026-04-06 16:00:00,36,1.1384649178920618,0.44503327424320965,0.18793964070013494,0.30972519646923047,-0.6866964928635628
2026-04-06 20:00:00,36,-0.6078516941165759,-0.46506466416637876,-0.3072488077737821,-0.37840929729915374,1.1384649178920618
2026-04-07 00:00:00,36,-1.5166896267107255,-0.10101250295769244,0.1665480896122809,-0.01099901416838911,-0.6078516941165759
2026-04-07 04:00:00,36,0.37823460384871765,0.7651724440823188,0.4131268541552033,0.9057498746887163,-1.5166896267107255
2026-04-07 08:00:00,36,2.023139290456987,0.6818992703766071,-0.10098909426268646,0.6771294986414329,0.37823460384871765
2026-04-07 12:00:00,36,-1.294434588173937,-0.38106595701446344,-0.547271705131498,-0.5457381625239854,2.023139290456987
2026-04-07 16:00:00,36,0.5786142453100176,0.05092836891669347,0.352826363990348,0.23667074270484534,-1.294434588173937
2026-04-07 20:00:00,36,0.12994575123004815,-0.31669897189684887,-0.15535452363032853,-0.11306723738224456,0.5786142453100176
2026-04-08 00:00:00,36,1.4144271992058481,-0.4830767207156849,-0.033625314282971525,-0.1916117338658161,0.12994575123004815
2026-04-08 04:00:00,36,-1.9794989326997126,-1.8119885039710617,-0.3821207249180973,-1.0465490528829928,1.4144271992058481
2026-04-08 08:00:00,36,0.9719305384594641,-0.11125988742075907,0.5386926374450748,0.1499406013529061,-1.9794989326997126
2026-04-08 12:00:00,36,-0.14929686087122285,-0.42757074556907204,-0.26206600888113324,-0.43753374111448906,0.9719305384594641
2026-04-08 16:00:00,36,-0.02797103297972292,-0.663985438712752,0.04213659642770073,-0.3472926470217086,-0.14929686087122285
2026-04-08 20:00:00,36,-0.07394915339580166,-0.7076079502775199,0.00921942640681347,-0.3303858172044851,-0.02797103297972292
2026-04-09 00:00:00,36,-1.8262568781026545,-0.5670960943040919,0.021693848657040084,-0.2856879416381126,-0.07394915339580166
2026-04-09 04:00:00,36,0.7926298105385463,0.8279201455113799,0.4971162076511442,0.8181759829798523,-1.8262568781026545
2026-04-09 08:00:00,36,0.43860484430958735,0.4662990773876398,-0.21341954465819926,0.3390782920026183,0.7926298105385463
2026-04-09 12:00:00,36,0.2428613456988078,0.0590888461742058,-0.11736827340358164,0.07396768757382688,0.43860484430958735
2026-04-09 16:00:00,36,0.49286325325849845,-0.03125536072125594,-0.064260685874762,-0.07282758608976003,0.2428613456988078
2026-04-09 20:00:00,36,-0.7503922628013484,-0.7664711228824802,-0.13208923845672235,-0.37073417938737663,0.49286325325849845
2026-04-10 00:00:00,36,-1.4573807248915909,-0.22936087334395677,0.20522107636054884,0.0828334200838583,-0.7503922628013484
2026-04-10 04:00:00,36,0.11268842539537971,0.7555854907561913,0.3970356290726227,0.9637335967954588,-1.4573807248915909
2026-04-10 08:00:00,36,1.0208913997038032,0.7021960010849806,-0.028943192277477017,0.895620129841566,0.11268842539537971
2026-04-10 12:00:00,36,-0.3378900321499536,0.3268105909765563,-0.27534968492899226,0.2785518517707626,1.0208913997038032
2026-04-10 16:00:00,36,1.337527869985255,0.3860502062421206,0.09330421334527891,0.48278632801040366,-0.3378900321499536
2026-04-10 20:00:00,36,-1.286808615947848,-0.6652850733533766,-0.36125700333104854,-0.3256699091985418,1.337527869985255
2026-04-11 00:00:00,36,2.6969992541806196,0.21810951989118146,0.35075734514495244,0.4521295482951686,-1.286808615947848
2026-04-13 04:00:00,36,-3.739080943810359,-1.886582213105074,-0.7300980940517238,-1.1780464784774445,2.6969992541806196
2026-04-13 08:00:00,36,0.8985681333527609,1.019684244284354,1.0160885986514667,1.0820060993323342,-3.739080943810359
2026-04-13 12:00:00,36,0.7151570114341403,0.5052501818712108,-0.24216189774497718,0.538874977904376,0.8985681333527609
2026-04-13 16:00:00,36,-0.2651991375196605,0.09995215399090517,-0.19240023372966086,0.10660499725416805,0.7151570114341403
2026-04-13 20:00:00,36,-0.09461139464340995,-0.33069666063657893,0.0735822911536118,0.2669021406943024,-0.2651991375196605
2026-04-14 00:00:00,36,-1.3365868137284167,-0.18152905478653666,0.0272997655502539,0.3240891151319598,-0.09461139464340995
2026-04-14 04:00:00,36,0.05818696599138207,0.7165616634088514,0.36426277451767985,1.1319765396698003,-1.3365868137284167
2026-04-14 08:00:00,36,0.913809415176015,1.0824387327295735,-0.014156284685201978,1.0968059711638016,0.05818696599138207
2026-04-14 12:00:00,36,0.7863810069860566,0.33417058161873614,-0.24629704253509538,0.5444623991921365,0.913809415176015
2026-04-14 16:00:00,36,-0.19139388822587833,-0.07845231562876957,-0.21172416839298738,0.06914173919905764,0.7863810069860566
2026-04-14 20:00:00,36,-1.6153241371420446,-0.588422588276244,0.05355803101330572,0.18482798856415528,-0.19139388822587833
2026-04-15 00:00:00,36,0.7119025795190588,0.6239116557838971,0.4398875942731133,1.1611955866472083,-1.6153241371420446
2026-04-15 04:00:00,36,-0.37410104382851017,0.34799907125475077,-0.19151726684180295,0.7308927169928623,0.7119025795190588
2026-04-15 08:00:00,36,0.7367505534996255,0.8709099610060935,0.10312870042083663,0.957014601266474,-0.37410104382851017
2026-04-15 12:00:00,36,0.47525186961640564,0.3033215982543498,-0.19825882384089763,0.5116926056579025,0.7367505534996255
2026-04-15 16:00:00,36,0.27815526318379824,-0.04325767264665603,-0.12731105626975822,0.224431048827066,0.47525186961640564
2026-04-15 20:00:00,36,-1.295873576646061,-0.6610002558644719,-0.07383635416194284,0.05630269615511985,0.27815526318379824
2026-04-16 00:00:00,36,0.15041234358375277,0.23643702839613664,0.3532167790323732,0.8395813845351405,-1.295873576646061
2026-04-16 04:00:00,36,0.4797750487773591,0.36257596183147334,-0.03917814925606208,0.7486660473281184,0.15041234358375277
2026-04-16 08:00:00,36,0.06057806308460201,0.05767776641156784,-0.12853824968820488,0.4586704970704947,0.4797750487773591
2026-04-16 12:00:00,36,0.1459948953726382,0.11979444934243967,-0.01480501835487335,0.4220546522437818,0.06057806308460201
2026-04-16 16:00:00,36,1.245793075056616,0.0605781269929718,-0.03797964192789647,0.3338094003777563,0.1459948953726382
2026-04-16 20:00:00,36,-2.410015879234246,-0.9937791932259392,-0.33636823979260666,-0.4191985962424081,1.245793075056616
2026-04-17 00:00:00,36,0.6521116813721761,0.37987824203183906,0.655497111580819,1.0375130081004649,-2.410015879234246
2026-04-17 04:00:00,36,-0.9918748147423315,0.39599446720979126,-0.17529527030399586,0.6433501887732245,0.6521116813721761
2026-04-17 08:00:00,36,1.6633775069286028,1.0441664330910214,0.2707382243368865,1.2428796628900844,-0.9918748147423315
2026-04-17 12:00:00,36,1.5359094409406993,0.07618867057901707,-0.4496639656977156,0.2374666539452175,1.6633775069286028
2026-04-17 16:00:00,36,-1.219684097436236,-1.3198019787638438,-0.41508033191357346,-0.6908994722352428,1.5359094409406993
2026-04-17 20:00:00,36,-0.04413720682425115,-0.6679153301394299,0.3325456483709325,0.04632719655017681,-1.219684097436236
2026-04-18 00:00:00,36,0.783610313339091,-0.33782197970663885,0.013605505630632541,0.07300551926089582,-0.04413720682425115
2026-04-20 04:00:00,36,-2.0493585324008077,-1.4014532602458434,-0.21097244556992517,-0.4006404208175187,0.783610313339091
2026-04-20 08:00:00,36,1.403418531988141,0.6483964440376985,0.5576463949501013,0.8380752164237979,-2.0493585324008077
2026-04-20 12:00:00,36,-0.007094477515158459,-0.3104228996171415,-0.37913393985504623,-0.010208016442925683,1.403418531988141
2026-04-20 16:00:00,36,-0.2822254058495126,-0.11073745882352361,0.003555363464732393,-0.00591982572512606,-0.007094477515158459
2026-04-20 20:00:00,36,-0.5989229037373587,-0.36030437215960864,0.07820172445297653,0.16466868669247248,-0.2822254058495126
2026-04-21 00:00:00,36,-1.0487445507786894,0.22934768063028668,0.16412560038553195,0.5266820458152992,-0.5989229037373587
2026-04-21 04:00:00,36,0.04683096285199184,0.9020134924424883,0.28616767413075783,1.160585901086197,-1.0487445507786894
2026-04-21 08:00:00,36,2.5659054548570577,1.0308282585098159,-0.011075263169887627,1.1322793626866563,0.04683096285199184
2026-04-21 12:00:00,36,-1.2823174701379596,-0.2717587338919525,-0.6945307547966657,-0.41865824064755763,2.5659054548570577
2026-04-21 16:00:00,36,1.5427110069868384,0.04170983169883928,0.34953884276353947,0.35642658567943286,-1.2823174701379596
2026-04-21 20:00:00,36,0.9358055310118178,-0.8124189297673271,-0.41692567935393277,-0.5760506836152643,1.5427110069868384
2026-04-22 00:00:00,36,-2.671565363813764,-1.492084486776839,-0.2522648557975259,-1.1416896025033427,0.9358055310118178
2026-04-22 04:00:00,36,-0.7747206726086446,0.46933550731289075,0.7264586619975923,0.47311314662399795,-2.671565363813764
2026-04-22 08:00:00,36,1.2695282720292624,0.8357413104307101,0.21182166929184748,0.9413858263342707,-0.7747206726086446
2026-04-22 12:00:00,36,-0.9029050370186518,-0.016924334237949496,-0.34280788688017116,0.17403131143622375,1.2695282720292624
2026-04-22 16:00:00,36,1.404821877710006,0.665286362977463,0.2465996435338777,0.7197838338065807,-0.9029050370186518
2026-04-22 20:00:00,36,-1.451288545494375,-0.2850798523495053,-0.3795146845862178,-0.12934763828361184,1.404821877710006
2026-04-23 00:00:00,36,1.246709396951502,0.6874403139111904,0.39538274684217756,0.74787017745264,-1.451288545494375
2026-04-23 04:00:00,36,-1.3530579808159828,-0.32822947174654027,-0.3366168490469758,-0.005691681384407232,1.246709396951502
2026-04-23 08:00:00,36,1.3226857231479645,0.7533433664668499,0.36873160211099926,0.8121515863660314,-1.3530579808159828
2026-04-23 12:00:00,36,0.43313628709869434,0.11671168086872889,-0.3572301487081814,0.01266654628384778,1.3226857231479645
2026-04-23 16:00:00,36,0.3501429508149805,-0.21232366152574753,-0.1158845874431537,-0.2491386397795452,0.43313628709869434
2026-04-23 20:00:00,36,0.3994869159395549,-0.5071963070875913,-0.09336748775771173,-0.46077927834376275,0.3501429508149805
2026-04-24 00:00:00,36,-3.7545871407350635,-0.9193865088529217,-0.10675510453921767,-0.7022454160760994,0.3994869159395549
2026-04-24 04:00:00,36,1.2141526127606639,1.403820932435012,1.0202956181247178,1.5671797377378756,-3.7545871407350635
2026-04-24 08:00:00,36,0.8234377880045614,0.7937404501064714,-0.32778379825171117,0.8332965232365446,1.2141526127606639
2026-04-24 12:00:00,36,0.17944531510941175,0.4291947097484544,-0.2217781229582409,0.33557723782594273,0.8234377880045614
2026-04-24 16:00:00,36,-0.08517229745579336,0.057242906911760885,-0.047055146895644225,0.22711319195919977,0.17944531510941175
2026-04-24 20:00:00,36,0.00017061035998722218,0.0386951543066332,0.024738823891184272,0.2785947922015257,-0.08517229745579336
2026-04-25 00:00:00,36,0.11467709375478741,0.43129207963006083,0.001584256924938392,0.2784916683618217,0.00017061035998722218
2026-04-27 04:00:00,36,-1.1490420997404165,-0.21754329628803656,-0.02948274214611936,0.20917616937930283,0.11467709375478741
2026-04-27 08:00:00,36,0.711096692417776,0.6496047532542375,0.3133796167915071,0.9037039419938999,-1.1490420997404165
2026-04-27 12:00:00,36,0.830674357240829,0.2826720765087628,-0.19129861988763347,0.4738881832761841,0.711096692417776
2026-04-27 16:00:00,36,-0.8675195371061495,0.15613644032772026,-0.22374149204508673,-0.028205178866830494,0.830674357240829
2026-04-27 20:00:00,36,-0.6666362580991958,0.17219572019298007,0.23699912782228835,0.49615890835164045,-0.8675195371061495
2026-04-28 00:00:00,36,-0.6750560287411211,0.8878978774235502,0.18249705547427433,0.899100972516532,-0.6666362580991958
2026-04-28 04:00:00,36,1.0264518319603582,1.1343098201842554,0.18478144146671932,1.3071322884600836,-0.6750560287411211
2026-04-28 08:00:00,36,0.5224108913758343,0.5689880583638008,-0.27685829770468523,0.686703059010048,1.0264518319603582
2026-04-28 12:00:00,36,0.36864635956618486,0.18333671662566636,-0.1401058713907568,0.37093667163500577,0.5224108913758343
2026-04-28 16:00:00,36,-1.2667910979128507,0.05784462456833278,-0.09838768718609774,0.14811182035251313,0.36864635956618486
2026-04-28 20:00:00,36,-0.03184388046087605,0.5850294559908333,0.34532634948635743,0.9138118759032832,-1.2667910979128507
2026-04-29 00:00:00,36,0.6720697842962018,0.8721469217862247,0.01027017694540521,0.9330596122333041,-0.03184388046087605
2026-04-29 04:00:00,36,-0.1181562675067589,0.505204801225697,-0.18071014592167584,0.5268333038723991,0.6720697842962018
2026-04-29 08:00:00,36,0.11074832058364237,0.4415487915988654,0.0336877753964025,0.5982517569564614,-0.1181562675067589
2026-04-29 12:00:00,36,-0.018910692638797855,0.5771470471417239,-0.028416818288886467,0.531310968248075,0.11074832058364237
2026-04-29 16:00:00,36,1.5109919561828473,0.28882495998328117,0.006761246078416726,0.542741359910826,-0.018910692638797855
2026-04-29 20:00:00,36,-0.46618409230452507,-0.5356967545559532,-0.40831991579672994,-0.3705636251748565,1.5109919561828473
2026-04-30 00:00:00,36,-1.2018662135066407,-0.6339862982385677,0.12811194937453238,-0.08878300170617415,-0.46618409230452507
2026-04-30 04:00:00,36,0.2358128395993937,0.17282755764617985,0.3277114401490242,0.6376738134410527,-1.2018662135066407
2026-04-30 08:00:00,36,0.614986682647551,0.2069406947452061,-0.06234834060005953,0.4951389435020914,0.2358128395993937
2026-04-30 12:00:00,36,1.0392312682120224,-0.01687876260012632,-0.1652228074468986,0.12341598314812785,0.614986682647551
2026-04-30 16:00:00,36,0.5732942755218833,-0.5441912657476714,-0.2803255139040531,-0.50473765726748,1.0392312682120224
2026-04-30 20:00:00,36,-2.200341842247486,-0.929164704868665,-0.15391115124156884,-0.8512600312700194,0.5732942755218833
2026-05-01 00:00:00,36,-1.6789349759750394,0.5343825559863121,0.5986099998717505,0.4787160584068353,-2.200341842247486
2026-05-01 04:00:00,36,0.863249846690799,1.304215160023231,0.457145987093721,1.4935326343113324,-1.6789349759750394
2026-05-01 08:00:00,36,1.24034776251996,0.9219396481788877,-0.23257961780423847,0.9717493216133057,0.863249846690799
2026-05-01 12:00:00,36,0.6555687272370623,0.3388236776479584,-0.33489086039449306,0.22203269333214948,1.24034776251996
2026-05-01 16:00:00,36,0.1747761073476326,-0.2740402758015924,-0.1762332088161998,-0.17421970510181772,0.6555687272370623
2026-05-01 20:00:00,36,-1.3836776635807713,-0.5344654396867945,-0.04578833414498425,-0.27986149191696086,0.1747761073476326
2026-05-02 00:00:00,36,1.5094956313814567,0.46301435123752654,0.3770390937726719,0.5564895572921351,-1.3836776635807713
2026-05-04 04:00:00,37,-0.9604101776622773,-0.5858709769147251,-0.4936490950801971,-0.4057339276938592,1.5094956313814567
2026-05-04 08:00:00,37,-0.3755867155529984,0.25459079607003376,0.32091914370528074,0.199231570666889,-0.9604101776622773
2026-05-04 12:00:00,37,1.5427705570762882,0.44719648017969105,0.12804595162383084,0.43581486584318974,-0.3755867155529984
2026-05-04 16:00:00,37,0.0005992683325732884,-0.8127754442751202,-0.5046230753509066,-0.5359813318915521,1.5427705570762882
2026-05-04 20:00:00,37,-1.228053617613618,-0.5979981197814348,0.0039808341495367406,-0.5363588129656787,0.0005992683325732884
2026-05-05 00:00:00,37,-1.328284273655287,0.14705526069856303,0.40918722449823136,0.23719615976659725,-1.228053617613618
2026-05-05 04:00:00,37,0.57178530681702,0.8234168626641927,0.4422430230899134,1.073886749127663,-1.328284273655287
2026-05-05 08:00:00,37,0.7198188645131296,0.928501756725424,-0.1843947725976967,0.7137173224188693,0.57178530681702
2026-05-05 12:00:00,37,0.4836411071393485,0.36367273522255744,-0.23321583853962197,0.26030107566520044,0.7198188645131296
2026-05-05 16:00:00,37,-0.5966444316049113,0.08760176807937302,-0.15532505454298484,-0.044346032636463306,0.4836411071393485
2026-05-05 20:00:00,37,-1.6736551063804619,0.2733807416785941,0.20095018698981948,0.3314822377267408,-0.5966444316049113
2026-05-06 00:00:00,37,2.605771917410358,1.110308258636326,0.556145387265388,1.385723039276753,-1.6736551063804619
2026-05-06 04:00:00,37,-0.9104724076186343,-0.42290211490445573,-0.8551980417092931,-0.2556611768585899,2.605771917410358
2026-05-06 08:00:00,37,0.6694770285824596,0.5353806646494806,0.30444980254887705,0.31784835753579266,-0.9104724076186343
2026-05-06 12:00:00,37,0.2896188426384203,-0.3493555374178277,-0.21661323754928305,-0.10385740283348355,0.6694770285824596
2026-05-06 16:00:00,37,0.06835818078238631,-0.5002554225799175,-0.09133703779311501,-0.28628925491765145,0.2896188426384203
2026-05-06 20:00:00,37,-1.2270739421078343,-0.5162004695654975,-0.018365871451205572,-0.32934829559203394,0.06835818078238631
2026-05-07 00:00:00,37,-0.13170523235340426,0.2982497432487752,0.4088641301727694,0.44358957634896257,-1.2270739421078343
2026-05-07 04:00:00,37,-0.7295197916951892,0.46234397006035227,0.047614499738142385,0.5265511310893931,-0.13170523235340426
2026-05-07 08:00:00,37,1.9663305188039857,0.810055133055369,0.2447721204621041,0.9860780234648541,-0.7295197916951892
2026-05-07 12:00:00,37,-1.046235340468332,-0.37112773296477375,-0.6443120022651498,-0.25251997343028876,1.9663305188039857
2026-05-07 16:00:00,37,0.7755813253759491,0.3129723464798143,0.34922404968769627,0.4065070744605155,-1.046235340468332
2026-05-07 20:00:00,37,0.2023516190922745,-0.2622009608460291,-0.2516061469348061,-0.08203412797387166,0.7755813253759491
2026-05-08 00:00:00,37,-1.2568089150006418,-0.327985849433559,-0.06255654408869948,-0.20949607177191965,0.2023516190922745
2026-05-08 04:00:00,37,-0.49449751603482994,0.43431495833175304,0.41867064360779216,0.5821719564223429,-1.2568089150006418
2026-05-08 08:00:00,37,1.1109069727457772,1.0512314261225384,0.16726241120151744,0.8936575520397589,-0.49449751603482994
2026-05-08 12:00:00,37,-0.1964716247604521,0.22750362749877828,-0.36219563621715006,0.19389363238260415,1.1109069727457772
2026-05-08 16:00:00,37,0.4465929422117476,0.1518451508237844,0.0689742803428626,0.3176517486035966,-0.1964716247604521
2026-05-08 20:00:00,37,-0.6653637297670905,-0.1216025472267886,-0.14310667020427445,0.03634140003237718,0.4465929422117476
2026-05-09 00:00:00,37,1.8693086857923493,0.3085522532087149,0.22361362519445802,0.45545618008342537,-0.6653637297670905
2026-05-11 04:00:00,37,-2.4448791861501196,-0.7301129267730826,-0.612314464808195,-0.722027448258661,1.8693086857923493
2026-05-11 08:00:00,37,0.7201794765139411,0.8718151929153907,0.8104929976344428,0.8180099125295293,-2.4448791861501196
2026-05-11 12:00:00,37,1.0547751236773557,0.4746664425796178,-0.23333476739970657,0.3643665151022635,0.7201794765139411
2026-05-11 16:00:00,37,-0.9986112682664938,-0.04193827986553344,-0.3436835045933377,-0.3000397700406019,1.0547751236773557
2026-05-11 20:00:00,37,-1.1579479944131492,0.07149077998910755,0.33351775980603343,0.3289887196886454,-0.9986112682664938
2026-05-12 00:00:00,37,-0.7722963594309036,0.8049102420135867,0.3860665800549221,1.058383932077069,-1.1579479944131492
2026-05-12 04:00:00,37,1.6037231533431395,1.3265461288279043,0.25887971651462693,1.5448559237656063,-0.7722963594309036
2026-05-12 08:00:00,37,1.716398275782181,0.5128120802406719,-0.5247250763295246,0.5346654871581453,1.6037231533431395
2026-05-12 12:00:00,37,-0.7762860894193828,-0.1290051451629407,-0.5618850261964561,-0.5464993759856025,1.716398275782181
2026-05-12 16:00:00,37,0.7989966560721697,0.16500092840240382,0.26019551864685614,-0.05751424038528441,-0.7762860894193828
2026-05-12 20:00:00,37,-2.1098051026457174,-0.5055745614137142,-0.2593284595088166,-0.5608048358742099,0.7989966560721697
2026-05-13 00:00:00,37,-0.6584489204679045,0.6454639028117302,0.6999864734328124,0.7681682685892284,-2.1098051026457174
2026-05-13 04:00:00,37,0.252813969819762,1.1720362676491518,0.22133313983677705,1.18292738774554,-0.6584489204679045
2026-05-13 08:00:00,37,1.2864260641718133,1.1628190379544814,-0.07919889053225843,1.0236790449001418,0.252813969819762
2026-05-13 12:00:00,37,0.2874108940586808,0.4232112124910955,-0.4200813566574318,0.2133550779985498,1.2864260641718133
2026-05-13 16:00:00,37,0.21550117745137598,0.057336931163592585,-0.09060886233826898,0.03231401991465788,0.2874108940586808
2026-05-13 20:00:00,37,-2.6205611149175496,-0.17282261038626823,-0.06689323278110236,-0.10343087351362179,0.21550117745137598
2026-05-14 00:00:00,37,0.75965541827129,1.124967480472945,0.8684324213883903,1.5472691062906065,-2.6205611149175496
2026-05-14 04:00:00,37,0.3936986405606646,1.0257123630313223,-0.24635382595406152,1.0687596846020977,0.75965541827129
2026-05-14 08:00:00,37,0.9362941438025274,0.9136305210534055,-0.1256622729402379,0.8207676288843331,0.3936986405606646
2026-05-14 12:00:00,37,0.5792995066563638,0.24704925003163009,-0.3046087986864018,0.23099289878257956,0.9362941438025274
2026-05-14 16:00:00,37,0.5421381609959557,0.010077785698642993,-0.18687293533030153,-0.13390974687403379,0.5792995066563638
2026-05-14 20:00:00,37,-0.9864290954864217,-0.4882708646363293,-0.17461722429279575,-0.4754043398880512,0.5421381609959557
2026-05-15 00:00:00,37,0.01043412861905324,0.3496945135906133,0.3295001122545725,0.14595055953736136,-0.9864290954864217
2026-05-15 04:00:00,37,-0.20127970323797761,0.406167475124223,0.0007373238938315351,0.13937806794283247,0.01043412861905324
2026-05-15 08:00:00,37,1.523193820007128,0.4697161058067627,0.07055997158786463,0.2661648084537038,-0.20127970323797761
2026-05-15 12:00:00,37,-0.40079877596798674,-0.5171660202979633,-0.49816672054692873,-0.693299938852066,1.523193820007128
2026-05-15 16:00:00,37,0.007051652218898141,-0.23124971445396175,0.1363608207873401,-0.44083548472055867,-0.40079877596798674
2026-05-15 20:00:00,37,-2.402247587193786,-0.418373233296934,0.0018528554391719328,-0.4452773434160342,0.007051652218898141
2026-05-16 00:00:00,37,0.4167502653738673,0.9974300746395596,0.7964332118922836,1.0679062343652852,-2.402247587193786
2026-05-18 04:00:00,37,-0.1302237353608433,0.7420841732233227,-0.13326463630020102,0.8053938851130553,0.4167502653738673
2026-05-18 08:00:00,37,1.3179508302033227,1.0301961542509943,0.04712590604700743,0.887422240073569,-0.1302237353608433
2026-05-18 12:00:00,37,0.8160821676772194,0.1891228673220426,-0.4304781390166558,0.057240720392414346,1.3179508302033227
2026-05-18 16:00:00,37,0.47241937027046,-0.50656978263512,-0.26496321490957514,-0.4568120944932872,0.8160821676772194
2026-05-18 20:00:00,37,-0.9584996388139544,-0.643947450056347,-0.151624156150854,-0.7543905941991067,0.47241937027046
2026-05-19 00:00:00,37,-1.8450565046264966,-0.3046319446196257,0.3202890531734429,-0.15062855048033796,-0.9584996388139544
2026-05-19 04:00:00,37,0.5863641733617797,0.97937054983023,0.6126731036598428,1.0115785499712935,-1.8450565046264966
2026-05-19 08:00:00,37,0.8869391376820737,0.6587334090088807,-0.1892028432542256,0.6422258477517655,0.5863641733617797
2026-05-19 12:00:00,37,0.6417269854266898,0.26980354290340725,-0.28833165149172807,0.08353999672346824,0.8869391376820737
2026-05-19 16:00:00,37,-0.20486677098489636,-0.20382906078608695,-0.20746134855948872,-0.320685921097569,0.6417269854266898
2026-05-19 20:00:00,37,-0.5087616262901573,-0.26104140011610755,0.07174297680462756,-0.19163967493209277,-0.20486677098489636
2026-05-20 00:00:00,37,-0.6638223418116116,0.246968533231947,0.1719666760872389,0.12883093018438174,-0.5087616262901573
2026-05-20 04:00:00,37,0.0933082996678749,0.5758134907995089,0.22310527962614435,0.5469747849429449,-0.6638223418116116
2026-05-20 08:00:00,37,0.8702271141447202,0.4694437236934234,-0.02659435300852834,0.4881995831357653,0.0933082996678749
2026-05-20 12:00:00,37,-0.8502261370818527,0.20556554726593834,-0.2828200714429998,-0.05995930984581577,0.8702271141447202
2026-05-20 16:00:00,37,1.9513736499122878,0.599244563070346,0.284580745880866,0.4756009025532748,-0.8502261370818527
2026-05-20 20:00:00,37,-2.4718813182844244,-0.7827793769966429,-0.6393792674595369,-0.7535757139218813,1.9513736499122878
2026-05-21 00:00:00,37,-0.1930593077128009,0.707407205444302,0.8193982275972848,0.8034703778266508,-2.4718813182844244
2026-05-21 04:00:00,37,0.10332688941238999,0.6852730863792714,0.06784890743288954,0.9250790644275604,-0.1930593077128009
2026-05-21 08:00:00,37,2.1722413959509232,0.9634064044858999,-0.029898456741319468,0.8599931203160711,0.10332688941238999
2026-05-21 12:00:00,37,-0.344271956540096,-0.5242833969685773,-0.7122208512302416,-0.5083088086160128,2.1722413959509232
2026-05-21 16:00:00,37,-0.17784484008488732,-0.2736912338950402,0.11771842900991893,-0.2914507821143957,-0.344271956540096
2026-05-21 20:00:00,37,0.32204299979263773,-0.33482856747805134,0.06283121726253989,-0.17942573821625096,-0.17784484008488732
2026-05-22 00:00:00,37,-2.80941826231987,-0.5652141880546168,-0.10203043690595008,-0.38228167247692824,0.32204299979263773
2026-05-22 04:00:00,37,-0.11045794839298395,1.3568161496390136,0.930716996524119,1.3873800394648477,-2.80941826231987
2026-05-22 08:00:00,37,2.19220621929019,1.4202051818850776,0.040607203099038834,1.4569578608495828,-0.11045794839298395
2026-05-22 12:00:00,37,-0.14394985321543174,0.1491763025981139,-0.7188051958338224,0.07608002468323427,2.19220621929019
2026-05-22 16:00:00,37,0.3156826675179243,0.1390494731209772,0.051652742497707085,0.16675450597767671,-0.14394985321543174
2026-05-22 20:00:00,37,-0.8749350514249805,-0.20051791956471895,-0.09993281656750097,-0.0320950342715598,0.3156826675179243
2026-05-23 00:00:00,37,2.5202813807709905,0.47565731256605415,0.2927296788341333,0.5190294037336454,-0.8749350514249805
2026-05-25 12:00:00,37,-2.5898594379343773,-1.4519344556409068,-0.8270034945293273,-1.0685040449837082,2.5202813807709905
2026-05-25 16:00:00,37,-0.8532800549030313,0.804835977812777,0.8583070915655393,0.5628568485127889,-2.5898594379343773
2026-05-25 20:00:00,37,-0.5220564388659206,0.8631469734270492,0.28558791969773156,1.1003407336921267,-0.8532800549030313
2026-05-26 04:00:00,37,0.5276808373963746,1.1120653885090455,0.17635126922644662,1.4291857845429092,-0.5220564388659206
2026-05-26 08:00:00,37,0.01519691510410226,1.0913458086909678,-0.1698492381700286,1.096797906742669,0.5276808373963746
2026-05-26 12:00:00,37,1.0428241451977556,1.00709178840641,-0.000833430174858929,1.087225320431811,0.01519691510410226
2026-05-26 16:00:00,37,0.0995283512349161,0.5472832888991322,-0.33974210429529955,0.4303469955500585,1.0428241451977556
2026-05-26 20:00:00,37,-1.0069265279969386,0.218933791270141,-0.028645709149951903,0.3676537630060075,0.0995283512349161
2026-05-27 00:00:00,37,-0.4269096339494496,0.8692538791572713,0.336260109918686,1.0019200619170263,-1.0069265279969386
2026-05-27 04:00:00,37,-0.037794374246946205,1.233581851687668,0.14497211095122398,1.2708318305176824,-0.4269096339494496
2026-05-27 08:00:00,37,0.978554302499397,1.2298514812198953,0.016642953369648487,1.2946386299283166,-0.037794374246946205
2026-05-27 12:00:00,37,1.261314260026504,0.7328885689558117,-0.31854608443813315,0.6782440882486735,0.978554302499397
2026-05-27 16:00:00,37,0.7990517563382795,-0.2152435436288614,-0.41179955173982236,-0.1162618714484509,1.261314260026504
2026-05-27 20:00:00,37,-1.841949938446474,-0.5944222876273059,-0.25934663142717773,-0.6195871747744253,0.7990517563382795
2026-05-28 00:00:00,37,-0.6924491547156926,0.501219005830082,0.6116485665569841,0.5406630895242781,-1.841949938446474
2026-05-28 04:00:00,37,1.3589452930022432,0.7403394677343063,0.23254632490161045,0.9768390669506282,-0.6924491547156926
2026-05-28 08:00:00,37,-0.22958484833613824,0.1909434422455536,-0.4439980016931204,0.12083500165927852,1.3589452930022432
2026-05-28 12:00:00,37,0.10821281174154151,0.43754080623369546,0.07989493169312581,0.26545124523951813,-0.22958484833613824
2026-05-28 16:00:00,37,0.8626495319980076,0.18321476737780387,-0.03150982067751771,0.19728764274252342,0.10821281174154151
2026-05-28 20:00:00,37,-2.053065665150731,-0.5511029285678525,-0.280321005397283,-0.3460981065694284,0.8626495319980076
2026-05-29 00:00:00,37,0.2933875745503052,0.8538386833073897,0.6812739607933673,0.9471346414512922,-2.053065665150731
2026-05-29 04:00:00,37,-0.27003846635946616,0.8791062985159731,-0.09257995535890966,0.7623288528634387,0.2933875745503052
2026-05-29 08:00:00,37,0.9678724602348865,0.8525319533463553,0.09323642522907595,0.9324269621685382,-0.27003846635946616
2026-05-29 12:00:00,37,-0.7677784327618902,0.2850218172598885,-0.31502324182262653,0.322760947715345,0.9678724602348865
2026-05-29 16:00:00,37,2.4727639343427015,0.9176466472356558,0.25738971654933873,0.8063870826830275,-0.7677784327618902
2026-05-29 20:00:00,37,-1.3270317150626347,-0.8497318305517643,-0.8113323695386702,-0.7512149717947381,2.4727639343427015
2026-05-30 00:00:00,37,0.11748745243681391,0.04211598632337204,0.4418299326623123,0.08468662683002037,-1.3270317150626347
2026-06-01 04:00:00,38,-1.5705567115579573,-0.11657668436729621,-0.03787758927288159,-0.266775959707104,0.11748745243681391
2026-06-01 08:00:00,38,0.9394610758149575,0.7513055066074272,0.4939488173062886,0.8852093568536521,-1.5705567115579573
2026-06-01 12:00:00,38,0.7240147902857093,0.3173205957967553,-0.29684431997117416,0.1961254435795876,0.9394610758149575
2026-06-01 16:00:00,38,0.4441922275028407,-0.3831134960731267,-0.22896693483647756,-0.33493109277088173,0.7240147902857093
2026-06-01 20:00:00,38,-1.4438254903599486,-0.7611939451508114,-0.14080749492442549,-0.6607409919282894,0.4441922275028407
2026-06-02 00:00:00,38,-0.5862049637753515,0.30665356268662397,0.45402153850119703,0.3982884288691757,-1.4438254903599486
2026-06-02 04:00:00,38,-0.4495726972606455,0.3764452473305447,0.18382408005162368,0.8282630396518407,-0.5862049637753515
2026-06-02 08:00:00,38,1.4612232261943525,0.6831454608082475,0.14077742945255284,1.1580194516040923,-0.4495726972606455
2026-06-02 12:00:00,38,-1.068772440967443,0.21397823920782297,-0.46122798684670135,0.08622899131334094,1.4612232261943525
2026-06-02 16:00:00,38,1.0340612536751408,0.7272063762153712,0.33585927723491293,0.8701613063189928,-1.068772440967443
2026-06-02 20:00:00,38,-1.2252213762727528,-0.25050769669049394,-0.32664855953210514,0.11168924867740415,1.0340612536751408
2026-06-03 00:00:00,38,0.1901756778110837,0.4979429188831215,0.3851492643402608,1.0103750615586584,-1.2252213762727528
2026-06-03 04:00:00,38,-0.4528255941825492,0.26763681089259056,-0.0607783631542541,0.8708833852676214,0.1901756778110837
2026-06-03 08:00:00,38,2.2009238797960933,0.7200991599938578,0.14180227022262754,1.203025759765982,-0.4528255941825492
2026-06-03 12:00:00,38,-1.1693064775682096,-0.1188667835676788,-0.694274223989165,-0.41132663753009346,2.2009238797960933
2026-06-03 16:00:00,38,1.0777035039019918,0.3930794963713574,0.3675330074397881,0.4463462391034021,-1.1693064775682096
2026-06-03 20:00:00,38,-2.195762826780859,-0.539411497561035,-0.3403982596929399,-0.34413690802831454,1.0777035039019918
2026-06-04 00:00:00,38,1.0294141526146774,0.6507437479765296,0.6909230012301568,1.2664299161344985,-2.195762826780859
2026-06-04 04:00:00,38,-0.25302721668422734,-0.006082084501415591,-0.3251844680641735,0.5113664537679696,1.0294141526146774
2026-06-04 08:00:00,38,0.8425406278907737,0.15192067016314945,0.07885483353126725,0.6969590122317264,-0.25302721668422734
2026-06-04 12:00:00,38,-0.5175603893619325,-0.11874573270245145,-0.26630906820289046,0.0789651347783984,0.8425406278907737
2026-06-04 16:00:00,38,0.05723945409002695,-0.07476361327072903,0.16219727779127824,0.4585897383286728,-0.5175603893619325
2026-06-04 20:00:00,38,-1.5492314657589112,0.052268313091378166,-0.018896168556652774,0.41660525591271913,0.05723945409002695
2026-06-05 00:00:00,38,0.1551845132700258,0.9007916798433109,0.4872301963811791,1.55294874951238,-1.5492314657589112
2026-06-05 04:00:00,38,0.1697512052819441,1.0295904487444574,-0.04975422901320627,1.439122690682984,0.1551845132700258
2026-06-05 08:00:00,38,1.1924199066776708,0.839745361271872,-0.054343535166257846,1.3146121305012333,0.1697512052819441
2026-06-05 12:00:00,38,2.250927604404419,-0.10734092443299972,-0.37654021235340784,0.43998581897836253,1.1924199066776708
2026-06-05 16:00:00,38,-0.9200244111917328,-0.9482075578821648,-0.7100281371516541,-1.2110437362313533,2.250927604404419
2026-06-05 20:00:00,38,-1.0727652376260775,-0.9991979403056004,0.2889954973358508,-0.5362163933084858,-0.9200244111917328
2026-06-06 00:00:00,38,0.0977799365727563,-0.35052295243354925,0.3371172269642243,0.25064459220546986,-1.0727652376260775
2026-06-08 04:00:00,38,0.33644965753172507,-0.3538391158914496,-0.03166864191940688,0.17892413132868867,0.0977799365727563
2026-06-08 08:00:00,38,0.5883857898488625,0.22275176459291876,-0.1068626817225354,-0.06785782973400067,0.33644965753172507
2026-06-08 12:00:00,38,0.019767283225244014,-0.09805656543007601,-0.18623636802502988,-0.499432051403792,0.5883857898488625
2026-06-08 16:00:00,38,-1.42494434000705,-0.47918968799868095,-0.007090381479034634,-0.5139311267037794,0.019767283225244014
2026-06-08 20:00:00,38,-0.3565926927068581,0.41592243607738494,0.4480729415637213,0.5312491870819827,-1.42494434000705
2026-06-09 00:00:00,38,-0.7985960085055268,0.7029624463864331,0.1114836332591324,0.7928058331859411,-0.3565926927068581
2026-06-09 04:00:00,38,0.7180923429345256,1.0841660300185312,0.25073889692533363,1.3785668368429214,-0.7985960085055268
2026-06-09 08:00:00,38,0.6842775633606948,0.8930763015085862,-0.2271010394054715,0.8518543476296614,0.7180923429345256
2026-06-09 12:00:00,38,-0.7029918494029488,0.5295129937144092,-0.2164475309880976,0.34994461101051044,0.6842775633606948
2026-06-09 16:00:00,38,1.4003998494949226,0.9029863272157937,0.22061834826076399,0.8655810615852548,-0.7029918494029488
2026-06-09 20:00:00,38,-0.7013241230976899,-0.6184485744425724,-0.4420652904220305,-0.16159615020211504,1.4003998494949226
2026-06-10 00:00:00,38,0.22203935485241644,0.13363557609956225,0.22009292309298611,0.3528170422746797,-0.7013241230976899
2026-06-10 04:00:00,38,-0.40194616482962786,0.057112215952098165,-0.07081716736491436,0.1899537246967533,0.22203935485241644
2026-06-10 08:00:00,38,0.731651590813243,0.5587644310729526,0.1257724620821062,0.484776621905171,-0.40194616482962786
2026-06-10 12:00:00,38,0.5573815688469104,0.08841802881284899,-0.23137294545453435,-0.051881419955083885,0.731651590813243
2026-06-10 16:00:00,38,0.11982934611289409,-0.547101225898015,-0.17646833955992527,-0.4607144014755633,0.5573815688469104
2026-06-10 20:00:00,38,-0.7762281605465535,-0.8857959958094264,-0.038615414102886485,-0.5486078511034957,0.11982934611289409
2026-06-11 00:00:00,38,0.5447354991410371,-0.15593162493144333,0.24369179919136297,0.020746592878069237,-0.7762281605465535
2026-06-11 04:00:00,38,-1.5526480262348823,-0.6492531315968886,-0.17248413467211698,-0.37881064170111145,0.5447354991410371
2026-06-11 08:00:00,38,0.689202826153501,0.5566500228161149,0.488306600138588,0.7600388597825667,-1.5526480262348823
2026-06-11 12:00:00,38,0.9838120083572601,0.4265120849903637,-0.2179992586433489,0.2545164994512241,0.689202826153501
2026-06-11 16:00:00,38,-0.5941460465277117,-0.3952476808216394,-0.3108172938930111,-0.4670983136550575,0.9838120083572601
2026-06-11 20:00:00,38,2.142021007055618,-0.21029337645302426,0.1863259562433823,-0.03129900984412437,-0.5941460465277117
2026-06-12 00:00:00,38,-3.178062533554181,-1.840011705355772,-0.6757165915439193,-1.6024468262416445,2.142021007055618
2026-06-12 04:00:00,38,0.5638136486340848,0.3980362304112287,1.000401233127084,0.7286255551781782,-3.178062533554181
2026-06-12 08:00:00,38,1.1109310200518117,0.2768672243058971,-0.17849479713313726,0.31507471697971745,0.5638136486340848
2026-06-12 12:00:00,38,-0.2980515868748146,-0.3569354525704509,-0.3508667479531587,-0.49978043176689546,1.1109310200518117
2026-06-12 16:00:00,38,0.3937262457657589,-0.1167787753073832,0.09303997721274768,-0.2811630146875572,-0.2980515868748146
2026-06-12 20:00:00,38,-2.073002125166786,-0.9837397608880825,-0.12490794543739833,-0.5699566956344988,0.3937262457657589
2026-06-13 00:00:00,38,3.2609338164055277,0.9342699321943893,0.6522466536551935,0.9505665632947942,-2.073002125166786
2026-06-15 04:00:00,38,-2.8370348420784186,-1.7254724876323968,-1.0282354363493387,-1.4412909526615607,3.2609338164055277
2026-06-15 08:00:00,38,0.5062650155582809,0.706569428685401,0.8929588239946494,0.6396415323574622,-2.8370348420784186
2026-06-15 12:00:00,38,-0.28809109985499504,0.6912892487209419,-0.16036382438665478,0.2683019558113777,0.5062650155582809
2026-06-15 16:00:00,38,0.725384639384929,0.7599874442417948,0.08990187802522813,0.479613470016794,-0.28809109985499504
2026-06-15 20:00:00,38,-0.7449952776537625,0.17869969262894628,-0.22939851236242909,-0.05244783492088523,0.725384639384929
2026-06-16 00:00:00,38,-0.8409032840739741,0.7496321305461138,0.23385172970131346,0.4939976480396755,-0.7449952776537625
2026-06-16 04:00:00,38,0.492594989003166,1.2861207595435447,0.26406800691998883,1.1107905526015234,-0.8409032840739741
2026-06-16 08:00:00,38,0.1443030479989318,0.9418992669719077,-0.15605701698450491,0.7494777835897359,0.492594989003166
2026-06-16 12:00:00,38,0.605356769370264,0.9795398718827193,-0.046325971212328086,0.643633154607933,0.1443030479989318
2026-06-16 16:00:00,38,0.8261237247376645,0.6434228115386066,-0.19158315648442448,0.19961091430090683,0.605356769370264
2026-06-16 20:00:00,38,-2.2646195092007257,-0.2079217634787248,-0.2611368441596436,-0.40634135317004727,0.8261237247376645
2026-06-17 00:00:00,38,-0.2612312719873877,1.1940909937233795,0.7126166291348082,1.2547310570126982,-2.2646195092007257
2026-06-17 04:00:00,38,0.20405170808512452,1.5616950271031869,0.08143956048588151,1.4463411958515806,-0.2612312719873877
2026-06-17 08:00:00,38,1.1533755551490685,1.277615855097262,-0.06515007301566136,1.2966716106635197,0.20405170808512452
2026-06-17 12:00:00,38,-0.20482678096547602,0.5914267699258132,-0.3642391022204061,0.4506838827235171,1.1533755551490685
2026-06-17 16:00:00,38,0.2877602738767706,0.699568161016217,0.06366905517864993,0.6009219749708006,-0.20482678096547602
2026-06-17 20:00:00,38,3.273562766751951,0.17547263284372824,-0.09152285797853457,0.38985311782223775,0.2877602738767706
2026-06-18 00:00:00,38,-2.9045110594519805,-2.7032699919670047,-1.0322142477008798,-2.011267588221804,3.273562766751951
2026-06-18 04:00:00,38,-0.6484071842346424,-0.34031561125751125,0.9142175297683259,0.11915792755463528,-2.9045110594519805
2026-06-18 08:00:00,38,2.107326504773125,0.5534810091878776,0.20342118781320268,0.594757152908203,-0.6484071842346424
2026-06-18 12:00:00,38,-0.005186656994148109,-0.38434051798393293,-0.6647859222696714,-0.950942644388391,2.107326504773125
2026-06-18 16:00:00,38,-0.3774839739824394,-0.45972339633766535,0.0007714770196579694,-0.9471382910305497,-0.005186656994148109
2026-06-18 20:00:00,38,-0.36683535319913574,-0.7629597977335092,0.11806553158063952,-0.6702581299611641,-0.3774839739824394
2026-06-19 00:00:00,38,-0.11208321995541226,-0.06085624726745653,0.11471063255192775,-0.40118860998083505,-0.36683535319913574
2026-06-19 04:00:00,38,-0.5180618579757539,0.2821303604514886,0.03444975165722203,-0.31897685495709993,-0.11208321995541226
2026-06-19 08:00:00,38,0.8718925979138561,0.4913257110365247,0.1623552678821712,0.0610155700641144,-0.5180618579757539
2026-06-19 12:00:00,38,-0.8395289864507021,-0.021265075741602357,-0.2755565470759869,-0.5785076404148146,0.8718925979138561
2026-06-19 16:00:00,38,0.3822415115344544,0.23881984744935983,0.2636350278652078,0.037277232618503575,-0.8395289864507021
2026-06-19 20:00:00,38,0.7507962465564209,0.03206391267460236,-0.12128962485845264,-0.24309252762458655,0.3822415115344544
2026-06-22 04:00:00,38,-1.7359033004582969,-0.7744196891412818,-0.23740456102849813,-0.7937929546750411,0.7507962465564209
2026-06-22 08:00:00,38,1.792208862729872,0.3381156221806868,0.5460420528333084,0.47947218652041457,-1.7359033004582969
2026-06-22 12:00:00,38,-0.3809429148668997,-0.2179682700226113,-0.5655065984272393,-0.8350924381640592,1.792208862729872
2026-06-22 16:00:00,38,0.3641393276478002,-0.1721031983159438,0.11915528748892038,-0.5556751836675922,-0.3809429148668997
2026-06-22 20:00:00,38,-1.360850776133999,-0.8577974939725707,-0.11558644504063807,-0.8227671998587525,0.3641393276478002
2026-06-23 00:00:00,38,0.6200717262446744,0.2978028756848259,0.42787995699228043,0.17540122067639174,-1.360850776133999
2026-06-23 04:00:00,38,-1.311098672372374,-0.09890810224860253,-0.1962191741932061,-0.2794142715574175,0.6200717262446744
2026-06-23 08:00:00,38,1.7124674639581254,0.7270260491398888,0.41220531818384876,0.6822615520663131,-1.311098672372374
2026-06-23 12:00:00,38,-0.6133726851310684,-0.5276569760828886,-0.540383688453122,-0.5738136721202025,1.7124674639581254
2026-06-23 16:00:00,38,-0.3169177188970611,0.17348258307194636,0.19238340091048237,-0.12391184963236057,-0.6133726851310684
2026-06-23 20:00:00,38,-0.5442302784019901,-0.08549941930902197,0.09898384255315157,0.10854365868557103,-0.3169177188970611
2026-06-24 00:00:00,38,-1.1666503179315768,0.451255621286365,0.17059975419241283,0.5077303196530369,-0.5442302784019901
2026-06-24 04:00:00,38,1.498274647835217,1.1156332198102903,0.3666961716122775,1.3634549336881019,-1.1666503179315768
2026-06-24 08:00:00,38,1.5216492851392598,0.5069793430739225,-0.4729012148641951,0.2644876810065586,1.498274647835217
2026-06-24 12:00:00,38,-0.8357220593297736,-0.17953558025827496,-0.4802655064080146,-0.8516245997761871,1.5216492851392598
2026-06-24 16:00:00,38,0.6395115445717465,-0.24194021294464532,0.2624356372248345,-0.23863206407921034,-0.8357220593297736
2026-06-24 20:00:00,38,-1.63531440962349,-0.7080698744890718,-0.2023437821542752,-0.7077064398697814,0.6395115445717465
2026-06-25 00:00:00,38,-0.20221065039886454,-0.0485263713982306,0.5143510405390201,0.49177790474693595,-1.63531440962349
2026-06-25 04:00:00,38,-0.39395529275733665,0.7331357011967923,0.0628448307015543,0.6400970952590797,-0.20221065039886454
2026-06-25 08:00:00,38,0.9547576115512797,0.773098520215848,0.1232548995264066,0.9290587795446843,-0.39395529275733665
2026-06-25 12:00:00,38,1.49760220018584,0.642512899846493,-0.30166356688856893,0.22875503292565824,0.9547576115512797
2026-06-25 16:00:00,38,-0.1455917479185338,-0.5028389722342769,-0.4726893570084537,-0.8697189871253546,1.49760220018584
2026-06-25 20:00:00,38,-1.7683581111379372,-1.6184276560291473,0.04500677403643021,-0.7629291115479298,-0.1455917479185338
2026-06-26 00:00:00,38,-0.38583679471528853,0.05017360622237235,0.5562670965306923,0.5341412606713831,-1.7683581111379372
2026-06-26 04:00:00,38,0.5954195099219781,0.4274220368676732,0.12069712779707888,0.8171481198506143,-0.38583679471528853
2026-06-26 08:00:00,38,0.812502074391082,-0.027688964440055502,-0.18845237525467276,0.3804147452604614,0.5954195099219781
2026-06-26 12:00:00,38,-0.5732202495386804,-0.21904406326123035,-0.256845277913914,-0.21554619806975595,0.812502074391082
2026-06-26 16:00:00,38,1.1759021932414875,0.03869103093530746,0.17973318358087972,0.20490427389620613,-0.5732202495386804
2026-06-26 20:00:00,38,-1.1641456956306193,-0.8798126511536952,-0.37133622754718026,-0.6576064844590448,1.1759021932414875
2026-06-27 00:00:00,38,-0.13000989786252504,-0.15867152817431882,0.36590707834886194,0.19628101787352747,-1.1641456956306193
2026-06-29 04:00:00,39,-0.07978808392275027,-0.06622562576135331,0.04421117124323949,0.1667807835151276,-0.13000989786252504
2026-06-29 08:00:00,39,0.2348917068212515,-0.014149414863170853,0.028819234591347352,0.22438908896016585,-0.07978808392275027
2026-06-29 12:00:00,39,0.17033509957182247,0.28449338799853713,-0.06762354643943416,0.05479342344492011,0.2348917068212515
2026-06-29 16:00:00,39,-0.3412504876359357,-0.09063948486340485,-0.04783829514532791,-0.06819131264230194,0.17033509957182247
2026-06-29 20:00:00,39,-0.9977976839522817,-0.2819259558526378,0.10895199840650567,0.1781971373426945,-0.3412504876359357
2026-06-30 00:00:00,39,0.4505732272886114,0.6526971601660148,0.31016999636247333,0.8986234331430545,-0.9977976839522817
2026-06-30 04:00:00,39,0.390543733963014,0.7223345940093951,-0.13372542607282178,0.5733021717861568,0.4505732272886114
2026-06-30 08:00:00,39,0.5456171159613437,0.3616211249366893,-0.11532764060810745,0.291323189340984,0.390543733963014
2026-06-30 12:00:00,39,-0.011237884395686848,0.21788661580903929,-0.16285439213036967,-0.10262131874839753,0.5456171159613437
2026-06-30 16:00:00,39,1.115834266065363,0.03951297992434483,0.007810030705155374,-0.094507381867178,-0.011237884395686848
2026-06-30 20:00:00,39,-1.637919264903969,-1.0775436772763396,-0.3376140346782967,-0.9001580262387119,1.115834266065363
2026-07-01 00:00:00,39,-1.1919498029343245,0.31087249446194903,0.5063538864014241,0.2824465516360597,-1.637919264903969
2026-07-01 04:00:00,39,0.3256891503530248,0.8691539927754462,0.3696735642699536,1.1430538622349182,-1.1919498029343245
2026-07-01 08:00:00,39,1.4411014099857127,0.8131225172011568,-0.09545106578532492,0.9079009530381299,0.3256891503530248
2026-07-01 12:00:00,39,0.294950475954602,0.19327432236825715,-0.4373016182484085,-0.13259790496315915,1.4411014099857127
2026-07-01 16:00:00,39,1.2897567098332186,0.04021053264308054,-0.08603030432754424,-0.3455569870035706,0.294950475954602
2026-07-01 20:00:00,39,-2.315293718196891,-1.5792352925875421,-0.39091762980585076,-1.2767824888190678,1.2897567098332186
2026-07-02 00:00:00,39,-0.05341539429340614,0.32946507899042093,0.7139550034617825,0.3948975560608474,-2.315293718196891
2026-07-02 04:00:00,39,-0.02399715596569152,0.07456552392607249,0.02073655624361466,0.4334643469728956,-0.05341539429340614
2026-07-02 08:00:00,39,1.6100988979606683,0.5196164052503178,0.01172048085268107,0.45079068723220317,-0.02399715596569152
2026-07-02 12:00:00,39,2.066336536684391,-0.7334747967013739,-0.4890958173260989,-0.7117271293410372,1.6100988979606683
2026-07-02 16:00:00,39,-2.0691605220484615,-4.530734614466257,-0.6289231210922576,-2.2036560052469785,2.066336536684391
2026-07-02 20:00:00,39,-1.8118711340183502,-2.431045349524765,0.6385203214810113,-0.7096881655832021,-2.0691605220484615
2026-07-03 00:00:00,39,0.8030134899990671,-0.5783235503356122,0.5596664997828832,0.5985125153184203,-1.8118711340183502
2026-07-03 04:00:00,39,-0.4962018927317082,-0.7560926115669537,-0.241741002804495,0.018723602814375795,0.8030134899990671
2026-07-03 08:00:00,39,0.4378502308799703,-0.05666455399154439,0.15644136655668572,0.37698950911901363,-0.4962018927317082
2026-07-03 12:00:00,39,-0.15974048767150606,-0.09083958660027684,-0.1298260935043309,0.06085445987863558,0.4378502308799703
2026-07-03 16:00:00,39,-0.546572775923174,0.1176986385812731,0.05332297583699603,0.17618971237861025,-0.15974048767150606
2026-07-03 20:00:00,39,-1.046961544032282,0.3226843142235641,0.17187898981960956,0.5708242226371887,-0.546572775923174
2026-07-06 04:00:00,39,1.391363882446992,0.6422253168803383,0.325237692260939,1.3267476319048654,-1.046961544032282
2026-07-06 08:00:00,39,0.523112005250276,0.3901558301251637,-0.4220581052598938,0.32216008468659574,1.391363882446992
2026-07-06 12:00:00,39,-0.30563690106228236,0.06045361611042526,-0.15595704591296766,-0.05553536429299655,0.523112005250276
2026-07-06 16:00:00,39,0.7912377964871649,-0.24334114089185108,0.09803717822207952,0.16513949197649502,-0.30563690106228236
2026-07-06 20:00:00,39,-1.7411478500060387,-0.616800561736539,-0.2381319987811706,-0.40614717664213806,0.7912377964871649
2026-07-07 00:00:00,39,-0.17702312326487046,0.5164804546520795,0.5379912909057871,0.8509901330497911,-1.7411478500060387
2026-07-07 04:00:00,39,0.2563528249100351,0.5995980446574051,0.05861974254776837,0.9788037319544962,-0.17702312326487046
2026-07-07 08:00:00,39,0.8357653913854399,0.6186160932302635,-0.07420093073099834,0.7937127871285252,0.2563528249100351
2026-07-07 12:00:00,39,-0.31007150181862997,0.18725648231230482,-0.25177877627027617,0.19027646455760205,0.8357653913854399
2026-07-07 16:00:00,39,0.7660058379447445,0.30431977026194623,0.09939629069858204,0.4141531753188712,-0.31007150181862997
2026-07-07 20:00:00,39,-0.33705933253578557,-0.2622608668458064,-0.23039893067746117,-0.13891560532421288,0.7660058379447445
2026-07-08 00:00:00,39,-0.7081968803905241,0.10776963510466336,0.1076674969371417,0.10444676192629032,-0.33705933253578557
2026-07-08 04:00:00,39,0.01936504526577565,0.5133534642705808,0.22141340090964845,0.6157765269105067,-0.7081968803905241
2026-07-08 08:00:00,39,1.69906956577646,0.5424691246087988,-0.0015691278269598461,0.6017946465622082,0.01936504526577565
2026-07-08 12:00:00,39,0.21601375409556312,-0.6189223816870318,-0.5163634680831863,-0.624961451658999,1.69906956577646
2026-07-08 16:00:00,39,-0.14687331228839184,-0.7460499753197068,-0.061837848359718145,-0.7809269256302116,0.21601375409556312
2026-07-08 20:00:00,39,-0.2791553267022291,-0.9271235653373895,0.0493794554252646,-0.6748819848314564,-0.14687331228839184
2026-07-09 00:00:00,39,-1.0515499815282077,-0.512784681062299,0.08992112897939183,-0.4733272596566849,-0.2791553267022291
2026-07-09 04:00:00,39,-0.5131413567772007,0.2791903242915873,0.3266439524839001,0.2859090767523025,-1.0515499815282077
2026-07-09 08:00:00,39,1.2393236884940606,0.3861948236959956,0.16163295835816643,0.6564055539746807,-0.5131413567772007
2026-07-09 12:00:00,39,-0.11659870985217324,-0.12208778056715884,-0.3754609624989565,-0.23840647912491875,1.2393236884940606
2026-07-09 16:00:00,39,-0.21460857457988425,-0.03637994326220193,0.04010092232770866,-0.15422029791313818,-0.11659870985217324
2026-07-09 20:00:00,39,-0.7824940533276994,-0.12391544822411311,0.0701388980758266,0.0007306133970299555,-0.21460857457988425
2026-07-10 00:00:00,39,0.06888300369744371,0.5546328931108641,0.2441839320703715,0.5657041560211695,-0.7824940533276994
2026-07-10 04:00:00,39,0.6983438129896022,0.6510216931630692,-0.016745347471779012,0.5159694973869797,0.06888300369744371
2026-07-10 08:00:00,39,-0.36214796727064424,0.2169568627203898,-0.2096619337402899,0.01175380869706899,0.6983438129896022
2026-07-10 12:00:00,39,0.8009325986169813,0.3978199946458543,0.11535663928840137,0.2732305817829612,-0.36214796727064424
2026-07-10 16:00:00,39,-0.38363381561184084,-0.013662892661968223,-0.241103253073453,-0.3050558930080367,0.8009325986169813
2026-07-10 20:00:00,39,-0.2716586546495776,-0.1982226830167105,0.1219416028856231,-0.028065984963497215,-0.38363381561184084
