timestamp,fold,y,pred,pred_ar1,pred_level,last_diff
2023-07-03 04:00:00,0,0.8475285808570199,0.23338844354779165,0.048912570182478805,0.8559060989903404,-0.759477051703918
2023-07-03 08:00:00,0,1.2338512312693357,1.0231213631910427,-0.05374325650166652,0.2998157381919011,0.8475285808570199
2023-07-03 12:00:00,0,-0.2738418667781488,-0.25542012168216294,-0.0784216211827452,-0.5097531564338666,1.2338512312693357
2023-07-03 16:00:00,0,-0.49489878471887216,0.07765293367638208,0.017890101831813467,-0.33007682936016103,-0.2738418667781488
2023-07-03 20:00:00,0,0.01650307774901094,-0.5659335685794699,0.03201125996322016,-0.005358052944696823,-0.49489878471887216
2023-07-04 00:00:00,0,-1.1866577977615655,-0.8116709844610244,-0.0006571886692779555,-0.01618624525232626,0.01650307774901094
2023-07-04 04:00:00,0,0.40586713943151054,0.5692831328805066,0.07620095781570316,0.7624175420491373,-1.1866577977615655
2023-07-04 08:00:00,0,0.8107305326852945,1.5538125888806344,-0.025529839283088336,0.49611524959491327,0.40586713943151054
2023-07-04 12:00:00,0,0.09544740972275001,0.5438559125837935,-0.05139259015744745,-0.03583074563676192,0.8107305326852945
2023-07-04 16:00:00,0,-0.25612441713305145,0.6405326860187968,-0.005700167671085829,-0.09845681596506672,0.09544740972275001
2023-07-04 20:00:00,0,-0.4741859025209596,-0.3107025395838149,0.016758307765134477,0.06959453091551282,-0.25612441713305145
2023-07-05 04:00:00,0,-0.11604267537084567,0.07071635228734523,0.030688117093055134,0.38072292891215653,-0.4741859025209596
2023-07-05 08:00:00,0,1.49442897189118,1.4854647760131112,0.0078098593511499075,0.4568622057135805,-0.11604267537084567
2023-07-05 12:00:00,0,-0.1292554463288056,-0.013506866644052973,-0.09506737701397616,-0.5236800024633546,1.49442897189118
2023-07-05 16:00:00,0,-0.03573631524543153,0.18098704190070394,0.00865389368307451,-0.43887140791251866,-0.1292554463288056
2023-07-05 20:00:00,0,-1.262301357863187,-0.8713136627111879,0.002679873730918136,-0.4154236789659098,-0.03573631524543153
2023-07-06 00:00:00,0,-0.9591569052548472,-0.06473765235888626,0.08103308287999991,0.41281224532667693,-1.262301357863187
2023-07-06 04:00:00,0,1.1756040704720299,0.8781229800278256,0.06166815735846987,1.0421454873586224,-0.9591569052548472
2023-07-06 08:00:00,0,1.568682063293597,1.3875710423300567,-0.07470078142805005,0.2707944008337986,1.1756040704720299
2023-07-06 12:00:00,0,0.3690943430502056,-0.04924445442862159,-0.09981067867224179,-0.7584676137555828,1.568682063293597
2023-07-06 16:00:00,0,0.41991366352582027,-0.554588811810786,-0.023180786028063446,-1.0006421091429871,0.3690943430502056
2023-07-06 20:00:00,0,-3.4566390999478465,-2.172019793472425,-0.026427133924577684,-1.2761607712017256,0.41991366352582027
2023-07-07 00:00:00,0,0.5164440940742843,0.2643052429696915,0.22120779687832168,0.9918496860931292,-3.4566390999478465
2023-07-07 04:00:00,0,0.18396204512083614,0.23000085365729894,-0.03259351626160616,0.6529943494204868,0.5164440940742843
2023-07-07 08:00:00,0,0.8119657434845191,1.4217421237211225,-0.011354499483200173,0.5322910217037755,0.18396204512083614
2023-07-07 12:00:00,0,0.685267238385098,0.5602550372534896,-0.051471495659179585,-0.0004654344781460651,0.8119657434845191
2023-07-07 16:00:00,0,0.04154164596512189,0.21196153350617386,-0.0433779709588962,-0.45009098628146127,0.685267238385098
2023-07-07 20:00:00,0,-1.472581490536152,-1.2920238410238472,-0.0022566571883248336,-0.4773477766891041,0.04154164596512189
2023-07-08 00:00:00,0,0.023247803894225427,-0.20448173249558227,0.09446581791055148,0.48885960660562056,-1.472581490536152
2023-07-10 04:00:00,0,0.23009514918012286,-0.24018222429567765,-0.001088043063417054,0.4736059857280335,0.023247803894225427
2023-07-10 08:00:00,0,0.8588584886797168,1.0745309330120536,-0.014301490980152624,0.3226332664409064,0.23009514918012286
2023-07-10 12:00:00,0,0.09816168417536808,0.022650458822251984,-0.054467013176956215,-0.2408910059343743,0.8588584886797168
2023-07-10 16:00:00,0,0.36060905359761897,0.06672177863346888,-0.005873556041440902,-0.30529799774869737,0.09816168417536808
2023-07-10 20:00:00,0,-1.996446349880598,-1.1561393813856689,-0.02263874411746889,-0.5419050258202542,0.36060905359761897
2023-07-11 00:00:00,0,-1.1713422141496501,0.091348098558987,0.1279304051634766,0.7680266934111977,-1.996446349880598
2023-07-11 04:00:00,0,1.7638363708198774,1.0772160759569591,0.07522259540988768,1.5365814409410739,-1.1713422141496501
2023-07-11 08:00:00,0,2.2151968072434833,1.2372399845692783,-0.1122771731039734,0.37927250057849804,1.7638363708198774
2023-07-11 12:00:00,0,-0.45915767259630336,-0.8093124414860438,-0.1411101639751643,-1.0741883261159035,2.2151968072434833
2023-07-11 16:00:00,0,-0.6450369938113614,-0.17063233466453517,0.029728110895655264,-0.7729204260301543,-0.45915767259630336
2023-07-11 20:00:00,0,-1.4336465854802682,-1.0192552762662335,0.04160211743066098,-0.3496912126221723,-0.6450369938113614
2023-07-12 00:00:00,0,0.6024680320219353,-0.05132194170726917,0.09197864874051505,0.5909697455852871,-1.4336465854802682
2023-07-12 04:00:00,0,-0.4850209703760626,-0.18632792986484797,-0.03808874184495948,0.19567137705377924,0.6024680320219353
2023-07-12 08:00:00,0,0.6774082436953641,1.3477361132075556,0.031380263296719564,0.5139090064426295,-0.4850209703760626
2023-07-12 12:00:00,0,2.3528972841856994,0.624598805780335,-0.04287593687735085,0.06943999011344104,0.6774082436953641
2023-07-12 16:00:00,0,-1.0471207081302296,-1.3747845355700068,-0.14990649673771808,-1.4743704833474247,2.3528972841856994
2023-07-12 20:00:00,0,-1.7666710559699101,-1.482420637158026,0.06728730188384612,-0.7873214026015685,-1.0471207081302296
2023-07-13 00:00:00,0,-0.42922890208761544,-0.21208523544459007,0.11325231551023471,0.3718474645215153,-1.7666710559699101
2023-07-13 04:00:00,0,0.39879426860033007,0.47521478753441737,0.027816255320318367,0.6534781498084428,-0.42922890208761544
2023-07-13 08:00:00,0,2.359678905956354,1.4078452358899278,-0.02507802294374674,0.3918165920518213,0.39879426860033007
2023-07-13 12:00:00,0,-0.46069713756192066,-0.6753341920070033,-0.15033970803145594,-1.156443518368107,2.359678905956354
2023-07-13 16:00:00,0,-0.3469843935759549,-0.21671795986035325,0.029826452211637385,-0.8541655265314692,-0.46069713756192066
2023-07-13 20:00:00,0,-2.1223620441654862,-1.3810240202474602,0.022562460411061518,-0.626498069677135,-0.3469843935759549
2023-07-14 00:00:00,0,-0.07911945948682586,0.04314449086200848,0.13597392375944092,0.7660509269495694,-2.1223620441654862
2023-07-14 04:00:00,0,0.8851824591785409,0.48037297954772007,0.005451197269567261,0.8179637116815197,-0.07911945948682586
2023-07-14 08:00:00,0,1.4860668921888731,1.1553415607573734,-0.05614859343928511,0.23716744803305367,0.8851824591785409
2023-07-14 12:00:00,0,-0.2585026009717968,-0.3236553748073079,-0.09453320576575779,-0.737888134649813,1.4860668921888731
2023-07-14 16:00:00,0,-0.31598663857529274,0.06959271754841294,0.016910226602895005,-0.5682763859859747,-0.2585026009717968
2023-07-14 20:00:00,0,-1.206952549643157,-1.017168785162035,0.02058231790224246,-0.36094753853267036,-0.31598663857529274
2023-07-15 00:00:00,0,-0.04447422098158782,-0.38484693347197196,0.07749739044141479,0.4309722786361725,-1.206952549643157
2023-07-17 04:00:00,0,-0.4743267890623635,-0.13500136301348706,0.0032380528179470954,0.4601532244479021,-0.04447422098158782
2023-07-17 08:00:00,0,2.1065731743860976,1.4681706643274088,0.030697116952223914,0.7713740625691745,-0.4743267890623635
2023-07-17 12:00:00,0,-0.6459476715085142,-0.31108597024300977,-0.13417126556530623,-0.6108153562326244,2.1065731743860976
2023-07-17 16:00:00,0,0.10851370144114725,0.21932625720541032,0.041660291695859455,-0.18698861832739233,-0.6459476715085142
2023-07-17 20:00:00,0,-1.026736670025361,-0.8190960312682585,-0.006534844881215276,-0.25818789673398435,0.10851370144114725
2023-07-18 00:00:00,0,-0.4614744859848514,-0.20667673259745328,0.0659851656371413,0.4154865706238464,-1.026736670025361
2023-07-18 04:00:00,0,1.4104113614244227,0.41478982454172864,0.029876109377337798,0.7182746053955995,-0.4614744859848514
2023-07-18 08:00:00,0,0.14648467058392,0.5959320650850466,-0.08970031601323358,-0.20714098596489983,1.4104113614244227
2023-07-18 12:00:00,0,1.072746278717359,0.2266007339852693,-0.00896043764104756,-0.3032542205582178,0.14648467058392
2023-07-18 16:00:00,0,-0.5266568636514055,-0.5543013700615674,-0.0681302060488869,-1.0071170502623144,1.072746278717359
2023-07-18 20:00:00,0,-2.3501093279656757,-1.3668186923557888,0.03403997210999972,-0.6615607918188111,-0.5266568636514055
2023-07-19 00:00:00,0,0.29781198603749814,0.21846450970196962,0.1505224637395524,0.8804204152134059,-2.3501093279656757
2023-07-19 04:00:00,0,0.8434685356204774,0.3751361522908264,-0.018627255449908245,0.6850165332602725,0.29781198603749814
2023-07-19 08:00:00,0,3.1820518852407975,1.0818587863755436,-0.053483900036643994,0.1315900968078001,0.8434685356204774
2023-07-19 12:00:00,0,-1.7152226698067956,-1.821639796364262,-0.20287305098969652,-1.9562549870164911,3.1820518852407975
2023-07-19 16:00:00,0,-0.06729454202852914,-0.2963993569842641,0.10996578277747567,-0.8308430364979351,-1.7152226698067956
2023-07-19 20:00:00,0,-1.9665875791022032,-1.341545869131672,0.004695819284227685,-0.7866889548520177,-0.06729454202852914
2023-07-20 00:00:00,0,-0.7285608497575566,0.01997750894616471,0.12602302118427808,0.5036514786220074,-1.9665875791022032
2023-07-20 04:00:00,0,1.463060722717156,0.7855329495573615,0.04693763729834197,0.9816833408579857,-0.7285608497575566
2023-07-20 08:00:00,0,1.1551857477073408,1.090038594570843,-0.09306356726661263,0.02172283505049677,1.463060722717156
2023-07-20 12:00:00,0,-0.3054920099502745,-0.10131495149804805,-0.07339645507072885,-0.7362311428344821,1.1551857477073408
2023-07-20 16:00:00,0,-0.40100042268040426,0.25418169275019376,0.01991191902160662,-0.5357881538057168,-0.3054920099502745
2023-07-20 20:00:00,0,-0.9968493218924888,-1.0182374318117133,0.026013014665233886,-0.2726790684422671,-0.40100042268040426
2023-07-21 00:00:00,0,-0.6612972547423546,-0.3763127185661981,0.06407595613108158,0.3813853626502226,-0.9968493218924888
2023-07-21 04:00:00,0,-0.675439606668025,0.47290354742025387,0.04264082600401611,0.815283448556464,-0.6612972547423546
2023-07-21 08:00:00,0,3.248804491868839,2.2403892613085628,0.0435442421456722,1.2584607797442402,-0.675439606668025
2023-07-21 12:00:00,0,-0.408066426173475,-0.4198134842134933,-0.20713722024827144,-0.8731828047353183,3.248804491868839
2023-07-21 16:00:00,0,-0.5322640195274904,-0.0006886974014570251,0.026464392317705636,-0.6054374905524345,-0.408066426173475
2023-07-21 20:00:00,0,-1.1362608344736813,-0.8888019861084338,0.034398158298114725,-0.2562021994431145,-0.5322640195274904
2023-07-22 00:00:00,0,-0.02400520974521214,-0.2132794999963789,0.07298159017699508,0.48933454312274094,-1.1362608344736813
2023-07-24 04:00:00,0,1.1224958586847187,0.046077112900452945,0.001930488471375009,0.5050851219819918,-0.02400520974521214
2023-07-24 08:00:00,0,1.1318785174088326,0.4218322645736893,-0.07130821871745459,-0.23141998374499195,1.1224958586847187
2023-07-24 12:00:00,0,-0.7960720543830515,-0.809043951915847,-0.07190758474847726,-0.974081349205262,1.1318785174088326
2023-07-24 16:00:00,0,0.19227115138867923,-0.14379869367575956,0.05125026594185724,-0.4517532461272751,-0.7960720543830515
2023-07-24 20:00:00,0,-1.3225520683822367,-1.293849567456723,-0.01188528677830911,-0.5779084417889297,0.19227115138867923
2023-07-25 00:00:00,0,-0.07009913948662572,-0.5002723172783183,0.08488190977352086,0.2898598830712249,-1.3225520683822367
2023-07-25 04:00:00,0,0.29610304588864267,-0.05548334841813546,0.0048749775054209386,0.3358541499894674,-0.07009913948662572
2023-07-25 08:00:00,0,0.5087902916003806,1.0659111641112722,-0.01851808802685764,0.14157155782575792,0.29610304588864267
2023-07-25 12:00:00,0,0.4263083469490496,0.2772839206920604,-0.03210458989799185,-0.19226187648827597,0.5087902916003806
2023-07-25 16:00:00,0,0.15040872695131036,0.11537778039251505,-0.026835627522791703,-0.47197629299392574,0.4263083469490496
2023-07-25 20:00:00,0,-1.7344877139568435,-1.1813121978068364,-0.009211107111140015,-0.5706642253265564,0.15040872695131036
2023-07-26 00:00:00,0,-1.0015667784343698,-0.09889831345230898,0.11119643747666182,0.5673881311844031,-1.7344877139568435
2023-07-26 04:00:00,0,0.4311367063864182,0.8545508028845539,0.06437730815582936,1.2245478350142136,-1.0015667784343698
2023-07-26 08:00:00,0,1.8741958308856308,1.9190140779031286,-0.02714406404568141,0.941665378866908,0.4311367063864182
2023-07-26 12:00:00,0,-0.14382530556318152,0.22603414910518094,-0.11932695648737808,-0.2880539006295155,1.8741958308856308
2023-07-26 16:00:00,0,0.3927565202973664,0.5277908806855871,0.009584619073248132,-0.19368555970383206,-0.14382530556318152
2023-07-26 20:00:00,0,1.634369733028601,-0.8056619566490195,-0.02469233042917615,-0.4513855594575258,0.3927565202973664
2023-07-27 00:00:00,0,-2.8149744721822145,-2.502165080844293,-0.1040068195587276,-1.5237473358579017,1.634369733028601
2023-07-27 04:00:00,0,1.109252774176774,-0.07689855044193213,0.18021813792343463,0.3232466242647085,-2.8149744721822145
2023-07-27 08:00:00,0,0.04352080554494009,0.5589611464374085,-0.07046224795016824,-0.40456927403205256,1.109252774176774
2023-07-27 12:00:00,0,0.8377703295474426,0.07545576031177335,-0.002383086280226837,-0.4331246537612561,0.04352080554494009
2023-07-27 16:00:00,0,0.042059506373670175,-0.3629979954411713,-0.053119897544560736,-0.9828123166282356,0.8377703295474426
2023-07-27 20:00:00,0,-1.1324943802351175,-1.7844283807526364,-0.0022897382101142814,-1.0104088916613616,0.042059506373670175
2023-07-28 00:00:00,0,-1.1511871450129654,-1.1210405127551695,0.072740988360988,-0.2673434390835503,-1.1324943802351175
2023-07-28 04:00:00,0,1.568259668496415,0.17818148288859584,0.0739350857445947,0.48798692885454464,-1.1511871450129654
2023-07-28 08:00:00,0,0.6027933779441099,0.17150342209325467,-0.09978369601193668,-0.5409979391223576,1.568259668496415
2023-07-28 12:00:00,0,-0.21837920606209593,-0.5756890599151143,-0.03810952500459652,-0.9365097774238897,0.6027933779441099
2023-07-28 16:00:00,0,0.13245763356961504,-0.2932348550063427,0.014347136474040973,-0.7932242597046546,-0.21837920606209593
2023-07-28 20:00:00,0,-1.5371358736578475,-1.5754780409753852,-0.008064387837950196,-0.8801339107842097,0.13245763356961504
2023-07-29 00:00:00,0,-0.3196991324612668,-0.6654525810134133,0.09858956423176507,0.12842964905970256,-1.5371358736578475
2023-07-31 04:00:00,1,-0.3681967687534353,0.17552799389508075,0.012102510341044167,0.34885472800222317,-0.3196991324612668
2023-07-31 08:00:00,1,1.1978094374135821,1.634381563720152,0.013542702961976322,0.5854842650808738,-0.3681967687534353
2023-07-31 12:00:00,1,0.1282372194594643,0.559536570067434,-0.032961637349963664,-0.1843136167506696,1.1978094374135821
2023-07-31 16:00:00,1,-0.07969864957245143,0.4724089995013609,-0.001199470497714353,-0.266728011585478,0.1282372194594643
2023-07-31 20:00:00,1,-0.9739621576058095,-0.6450865678244794,0.004975422282683656,-0.21550796797137473,-0.07969864957245143
2023-08-01 00:00:00,1,-1.0504974664866964,-0.11827718586429778,0.031531597055401775,0.4104296665892342,-0.9739621576058095
2023-08-01 04:00:00,1,0.790132700244019,1.1536647203907062,0.03380440034063768,1.0855543561366936,-1.0504974664866964
2023-08-01 08:00:00,1,1.2378969797937724,1.7886400220840737,-0.020855211687067735,0.5777586584111383,0.790132700244019
2023-08-01 12:00:00,1,0.04647159937228551,0.5668067045635302,-0.03415208264052266,-0.2178023408648091,1.2378969797937724
2023-08-01 16:00:00,1,-0.30000423198156234,0.6033293892310889,0.0012286528439280236,-0.24766830922731842,0.04647159937228551
2023-08-01 20:00:00,1,-0.0015122338752835418,-0.30756313789513595,0.01151764780939448,-0.054864166008529835,-0.30000423198156234
2023-08-02 00:00:00,1,0.8875352764731126,-0.48022038031167125,0.002653587497461793,-0.053892296529406636,-0.0015122338752835418
2023-08-02 04:00:00,1,-1.2777622220980387,-1.0367275057392118,-0.023747692275190222,-0.6242858454022997,0.8875352764731126
2023-08-02 08:00:00,1,1.1454504800533574,1.2408513681075255,0.04055328645248017,0.19689540541448736,-1.2777622220980387
2023-08-02 12:00:00,1,-0.06496825689120023,0.14703230789922,-0.03140677839610422,-0.539252871386525,1.1454504800533574
2023-08-02 16:00:00,1,-0.322599205555651,0.40410423683244323,0.004537986472097631,-0.49749963002859765,-0.06496825689120023
2023-08-02 20:00:00,1,-0.6393003126915318,-0.48129000990292764,0.012188631319096256,-0.29017434325050395,-0.322599205555651
2023-08-03 00:00:00,1,-1.1744081896458205,-0.1753302864461787,0.02159343189103243,0.12068569106918048,-0.6393003126915318
2023-08-03 04:00:00,1,1.1495500408792978,1.146771052337795,0.03748407058421519,0.8754442599673276,-1.1744081896458205
2023-08-03 08:00:00,1,1.042295932806942,1.5347963880455096,-0.03152851953035276,0.13666131262384162,1.1495500408792978
2023-08-03 12:00:00,1,1.4145687960104478,0.43289275132172483,-0.02834348646853713,-0.5331924856973149,1.042295932806942
2023-08-03 16:00:00,1,-0.5325286836776684,-0.6262082177651837,-0.03939855371612486,-1.44229541047069,1.4145687960104478
2023-08-03 20:00:00,1,-2.204458788713879,-1.7257571331400792,0.01842272659512293,-1.1000544496758025,-0.5325286836776684
2023-08-04 00:00:00,1,-0.9193878393903745,-0.32885835312211953,0.06807259788949577,0.31668819162544004,-2.204458788713879
2023-08-04 04:00:00,1,0.6771758136164294,0.7590348270356926,0.029910950434342335,0.9075524720677546,-0.9193878393903745
2023-08-04 08:00:00,1,0.45530938675642574,1.5735701202354702,-0.01750082811207288,0.4723509361080005,0.6771758136164294
2023-08-04 12:00:00,1,1.933505549639312,0.9291284063608539,-0.010912251529259932,0.17973660985929563,0.45530938675642574
2023-08-04 16:00:00,1,-0.7192701730316156,-0.720933062273318,-0.05480897245909902,-1.0628721308397093,1.933505549639312
2023-08-04 20:00:00,1,-0.8219669988659462,-1.1981092678169012,0.023968228098932603,-0.6006177534990798,-0.7192701730316156
2023-08-05 00:00:00,1,-0.28023079017441965,-0.4776505468562363,0.027017927467139567,-0.07236306214456611,-0.8219669988659462
2023-08-07 04:00:00,1,-0.38091804726403033,-0.20312058123300353,0.010930452903450643,0.10773325531812716,-0.28023079017441965
2023-08-07 08:00:00,1,0.8793889587561452,1.4379079118208473,0.013920475835883173,0.3525383944130631,-0.38091804726403033
2023-08-07 12:00:00,1,-0.3525087016029147,0.35453715582913475,-0.023505778079762934,-0.2126197489542676,0.8793889587561452
2023-08-07 16:00:00,1,0.440729179676957,0.5199780624256922,0.013076827915803889,0.013927515865299611,-0.3525087016029147
2023-08-07 20:00:00,1,-0.6117985400170731,-0.6546226318426139,-0.01047927565140453,-0.26931652811991214,0.440729179676957
2023-08-08 00:00:00,1,-1.9716413148901992,-0.3583484275496911,0.020776735385872967,0.12386890313676169,-0.6117985400170731
2023-08-08 04:00:00,1,1.7662547721311768,1.5356007288111697,0.0611588174774992,1.3909864099175806,-1.9716413148901992
2023-08-08 08:00:00,1,0.6611497536445512,1.4364520322552057,-0.049842269872579795,0.2558649624715379,1.7662547721311768
2023-08-08 12:00:00,1,0.04023529877362009,0.6694639638171661,-0.017024915983591633,-0.1690370829055592,0.6611497536445512
2023-08-08 16:00:00,1,0.20044805821750877,0.5987958652181423,0.0014138469026653369,-0.19489515915988598,0.04023529877362009
2023-08-08 20:00:00,1,-0.7505973558098358,-0.7316298876791107,-0.0033438537106226266,-0.3237173956637758,0.20044805821750877
2023-08-09 00:00:00,1,-0.5312653517504664,-0.2891664832502757,0.02489852451997841,0.15867006645075143,-0.7505973558098358
2023-08-09 04:00:00,1,-0.27158670962261056,0.6100684332668924,0.018385210512722888,0.5000991199328126,-0.5312653517504664
2023-08-09 08:00:00,1,0.9449069866865756,1.97645558529761,0.010673757072947479,0.6746401339462942,-0.27158670962261056
2023-08-09 12:00:00,1,0.4052624590531071,1.0894126532388253,-0.02545141064203834,0.06737542709126032,0.9449069866865756
2023-08-09 16:00:00,1,0.4030453987381204,0.7996708514611822,-0.009426050932916978,-0.19307516948991044,0.4052624590531071
2023-08-09 20:00:00,1,-0.7258210494983128,-0.47039918582863777,-0.009360212798320696,-0.4521009247891037,0.4030453987381204
2023-08-10 00:00:00,1,-2.485254535737079,-0.17185016045809948,0.02416276384684284,0.01436351357683563,-0.7258210494983128
2023-08-10 04:00:00,1,1.73518557333864,2.078631416170619,0.07641114784305808,1.611565553956206,-2.485254535737079
2023-08-10 08:00:00,1,1.2244801847154747,2.0016049608423714,-0.048919634580217905,0.49641139235184184,1.73518557333864
2023-08-10 12:00:00,1,1.3672809861895683,0.7572459947315912,-0.033753655608905794,-0.2905270162935434,1.2244801847154747
2023-08-10 16:00:00,1,-0.6614555155981456,-0.20869226774233424,-0.03799428827205679,-1.1692394175833432,1.3672809861895683
2023-08-10 20:00:00,1,-0.4264782315834079,-1.1297715818407679,0.02225135590920798,-0.7441408677399508,-0.6614555155981456
2023-08-11 00:00:00,1,-2.136407124293253,-1.0201582474656428,0.015273437470338585,-0.4700555006810063,-0.4264782315834079
2023-08-11 04:00:00,1,0.1262035646258184,1.095360281914155,0.06605172610204821,0.9029522813931905,-2.136407124293253
2023-08-11 08:00:00,1,2.340549272696423,2.2107168875325045,-0.0011390787980592337,0.8218448583807945,0.1262035646258184
2023-08-11 12:00:00,1,0.22078162280545044,0.2078441985233035,-0.06689660004597722,-0.6823592463510622,2.340549272696423
2023-08-11 16:00:00,1,-0.47600720857803047,-0.04393474531671924,-0.003947682101358647,-0.8242492835091877,0.22078162280545044
2023-08-11 20:00:00,1,-1.2437376803021323,-0.7377303091630282,0.016744256929667422,-0.5183330588957453,-0.47600720857803047
2023-08-12 00:00:00,1,-0.3979260979838699,0.16683593275084801,0.039542888879083894,0.28098159161996605,-1.2437376803021323
2023-08-14 04:00:00,1,-0.05547229909474538,0.5494214557429148,0.01442554929957914,0.5367173186776135,-0.3979260979838699
2023-08-14 08:00:00,1,1.104503065151917,1.8665732643085826,0.0042559931752542985,0.5723677794351012,-0.05547229909474538
2023-08-14 12:00:00,1,1.0318180842060265,0.5098462587101911,-0.03019079821034773,-0.13746476443457922,1.104503065151917
2023-08-14 16:00:00,1,0.10424500742844067,-0.05851819310016971,-0.02803233480441531,-0.8005847490060702,1.0318180842060265
2023-08-14 20:00:00,1,-1.4393994497618259,-1.1712641885458748,-0.0004869943984925928,-0.867580035070274,0.10424500742844067
2023-08-15 00:00:00,1,-0.3122313111278583,-0.25575919734511876,0.045353288274154684,0.057480840997572,-1.4393994497618259
2023-08-15 04:00:00,1,-0.15934516865359427,0.38078745685171533,0.011880744869547336,0.25814297842963896,-0.3122313111278583
2023-08-15 08:00:00,1,1.9620312947896483,1.7616547631953705,0.007340616503130992,0.36054956288141327,-0.15934516865359427
2023-08-15 12:00:00,1,-0.41509483730170693,0.029636560177497797,-0.05565607699476356,-0.9003918587169935,1.9620312947896483
2023-08-15 16:00:00,1,-0.5042949555415515,0.2230157090905311,0.014935394594456933,-0.63362227372855,-0.41509483730170693
2023-08-15 20:00:00,1,-0.5692424544666572,-0.49837493993690835,0.017584293837739115,-0.3095263228463576,-0.5042949555415515
2023-08-16 00:00:00,1,-1.17727941039516,-0.20964842183027138,0.019512983890516818,0.05630952884239271,-0.5692424544666572
2023-08-16 04:00:00,1,0.7630591583504263,1.1358509668613053,0.03756933475897527,0.8129133492322005,-1.17727941039516
2023-08-16 08:00:00,1,0.8412422483943605,1.7572081175717194,-0.020051231983340478,0.32251704288927563,0.7630591583504263
2023-08-16 12:00:00,1,-0.24235719186805582,0.6563348994592549,-0.02237296800949668,-0.21812530028637234,0.8412422483943605
2023-08-16 16:00:00,1,0.6722071571243244,0.9859954029290191,0.009805753207152625,-0.06236926170521073,-0.24235719186805582
2023-08-16 20:00:00,1,-0.040032861960618504,-0.31594501147362813,-0.01735327819081967,-0.49437758418400257,0.6722071571243244
2023-08-17 00:00:00,1,-1.739647547884271,-0.733474701930594,0.00379750148097958,-0.46864960828202484,-0.040032861960618504
2023-08-17 04:00:00,1,-0.5641869097784991,0.94877146334195,0.054269497978887984,0.6493721368015848,-1.739647547884271
2023-08-17 08:00:00,1,2.6664230753709095,2.606088582363556,0.019362853725186393,1.0119589344497761,-0.5641869097784991
2023-08-17 12:00:00,1,-0.4383383975384696,0.4751900541299518,-0.07657379427333144,-0.7016749470125774,2.6664230753709095
2023-08-17 16:00:00,1,-0.0942059749869344,0.7393163389093768,0.01562563862481565,-0.4199673903588579,-0.4383383975384696
2023-08-17 20:00:00,1,-0.6128009011955537,-0.6284297657472617,0.005406233856376244,-0.35942390344377095,-0.0942059749869344
2023-08-18 00:00:00,1,-1.977627885113037,-0.5048291938038814,0.0208065016442543,0.034405716686293886,-0.6128009011955537
2023-08-18 04:00:00,1,1.316030018089819,0.45851507097102434,0.06133659550791045,1.305370621002174,-1.977627885113037
2023-08-18 08:00:00,1,1.105823922859308,0.6964364152423084,-0.03647233232294165,0.4595957517209648,1.316030018089819
2023-08-18 12:00:00,1,1.3162391670317888,-0.29422629336142186,-0.030230022586398266,-0.2510856696358932,1.105823922859308
2023-08-18 16:00:00,1,-1.332858140136107,-1.38743987102072,-0.03647854323930644,-1.0969949529628469,1.3162391670317888
2023-08-18 20:00:00,1,-0.5016980498407637,-1.5180121442990546,0.04218942257515389,-0.24040513073352443,-1.332858140136107
2023-08-19 00:00:00,1,-0.6954747113183419,-1.2129257311237749,0.0175071757612003,0.08202186309645043,-0.5016980498407637
2023-08-21 04:00:00,1,-0.6808893445859638,-0.5099569267260776,0.023261594724788878,0.5289835774708962,-0.6954747113183419
2023-08-21 08:00:00,1,2.0475510719554,1.1369938164403457,0.022828465625155784,0.9665716936204287,-0.6808893445859638
2023-08-21 12:00:00,1,0.3277930696374334,-0.48481248634124496,-0.0581956843124457,-0.3493308438788958,2.0475510719554
2023-08-21 16:00:00,1,-0.2594127456022264,-0.6926636912123649,-0.007125509060887858,-0.5599940786174855,0.3277930696374334
2023-08-21 20:00:00,1,-1.3357462891502152,-1.485866383137728,0.010312237327036025,-0.3932769232443416,-0.2594127456022264
2023-08-22 00:00:00,1,-0.5706832065980585,-0.607391300141442,0.04227518945404284,0.46516902978845387,-1.3357462891502152
2023-08-22 04:00:00,1,1.0787725735473792,0.31852027421849827,0.019555768668227138,0.8319308116830921,-0.5706832065980585
2023-08-22 08:00:00,1,0.7146250069802456,0.6388446641361127,-0.029426701916694012,0.13863451917107916,1.0787725735473792
2023-08-22 12:00:00,1,0.04457394266743897,-0.19687765984058647,-0.01861292461957089,-0.3206345427467383,0.7146250069802456
2023-08-22 16:00:00,1,-0.31931763581344086,-0.08167510456208103,0.0012850059240434712,-0.34928094139623234,0.04457394266743897
2023-08-22 20:00:00,1,-1.0108442518668976,-1.0068505069066505,0.01209118136299255,-0.144064625676247,-0.31931763581344086
2023-08-23 00:00:00,1,-0.8194924220741022,-0.4118444882196186,0.03262685290827147,0.5055760764616242,-1.0108442518668976
2023-08-23 04:00:00,1,0.1444641962787543,0.6672678302241339,0.026944442087067158,1.0322404280564985,-0.8194924220741022
2023-08-23 08:00:00,1,3.731199512193422,1.7048914555884376,-0.0016813490811238372,0.9393974191251182,0.1444641962787543
2023-08-23 12:00:00,1,-1.3216152630315747,-1.169624440867954,-0.1081935449353208,-1.458537837904954,3.731199512193422
2023-08-23 16:00:00,1,0.4002426523297391,-0.3937141583817213,0.04185555251710718,-0.6091734913735429,-1.3216152630315747
2023-08-23 20:00:00,1,-1.170113428034961,-1.7674048893380059,-0.009276982047209911,-0.8663980016824304,0.4002426523297391
2023-08-24 00:00:00,1,-1.0925641380851108,-1.0307980641757064,0.03735653274003326,-0.11439955329072227,-1.170113428034961
2023-08-24 04:00:00,1,0.3973953212665542,0.25516193775426466,0.03505361813051573,0.587760183469328,-1.0925641380851108
2023-08-24 08:00:00,1,1.0948774340494598,1.3908319260166597,-0.009192427303926227,0.3323655714337814,0.3973953212665542
2023-08-24 12:00:00,1,0.8423092266457495,0.32571709573024527,-0.029904954116791102,-0.37128085450885706,1.0948774340494598
2023-08-24 16:00:00,1,-1.1656324601611026,-0.23754532613568974,-0.02240465314555338,-0.9126089141033482,0.8423092266457495
2023-08-24 20:00:00,1,-0.3940195918970648,-0.8595285679332056,0.03722346528850456,-0.1634902556599478,-1.1656324601611026
2023-08-25 00:00:00,1,-0.9631891386629974,-0.7510452110676694,0.014309541145986884,0.08973487161692262,-0.3940195918970648
2023-08-25 04:00:00,1,0.43912127358622755,0.5215502272982757,0.031211679971337503,0.7087489948876087,-0.9631891386629974
2023-08-25 08:00:00,1,1.3520334184352087,1.4198895371934506,-0.010431527046233966,0.4265383061792605,0.43912127358622755
2023-08-25 12:00:00,1,-0.3996376306835696,-0.057086285049837066,-0.03754149435784003,-0.44237491922014627,1.3520334184352087
2023-08-25 16:00:00,1,2.489332122018972,0.28208694914337423,0.014476375215088546,-0.18553923902658198,-0.3996376306835696
2023-08-25 20:00:00,1,-2.7843979965848558,-2.8831500265961703,-0.07131487644247447,-1.7853618275371836,2.489332122018972
2023-08-26 00:00:00,1,-0.5763953384142688,-0.8209880154289767,0.08529455408408854,0.004091163061460179,-2.7843979965848558
2023-08-28 04:00:00,2,-0.7829969699241772,-0.027623244441372947,0.003307871857903664,0.4043178005505599,-0.5763953384142688
2023-08-28 08:00:00,2,1.5723836533937732,1.854948227636583,0.003148796750472262,0.9106798409842636,-0.7829969699241772
2023-08-28 12:00:00,2,-1.615100146862984,0.5604588243778832,0.00496234692893818,-0.10617645049560309,1.5723836533937732
2023-08-28 16:00:00,2,1.150147560472476,1.6873142251244444,0.0025081101242429684,0.9383044827441633,-1.615100146862984
2023-08-28 20:00:00,2,-1.2865477458921504,-0.32956549515165956,0.004637241791326286,0.19450714010938164,1.150147560472476
2023-08-29 00:00:00,2,0.7852277590854548,0.06299499864252028,0.0027610825141477094,1.026514116826565,-1.2865477458921504
2023-08-29 04:00:00,2,-0.4024955588207817,0.21833585095117658,0.004356267937512833,0.5187094310252931,0.7852277590854548
2023-08-29 08:00:00,2,2.1007400707758297,1.6239739708235692,0.0034417678291937272,0.7790022294121517,-0.4024955588207817
2023-08-29 12:00:00,2,0.13618992800380703,-0.1325457161545375,0.005369160530761504,-0.5795407401243704,2.1007400707758297
2023-08-29 16:00:00,2,1.5211642550113158,-0.2863945772317066,0.0038565344070861604,-0.6676144012998471,0.13618992800380703
2023-08-29 20:00:00,2,-2.217681784219417,-2.372599592748286,0.004922910012391515,-1.6513472452174085,1.5211642550113158
2023-08-30 00:00:00,2,-1.3873442171884598,-1.4483889481966639,0.0020441460306483477,-0.2171783832373393,-2.217681784219417
2023-08-30 04:00:00,2,-0.16478674683401806,0.31191334070134813,0.002683473206888209,0.6800134011286634,-1.3873442171884598
2023-08-30 08:00:00,2,2.1203147181455755,1.6586205097404125,0.003624794238655415,0.7865805483442987,-0.16478674683401806
2023-08-30 12:00:00,2,0.8437981958886631,-0.19939737102704827,0.00538423223716826,-0.584621293146574,2.1203147181455755
2023-08-30 16:00:00,2,-0.500475804812698,-1.0599824787321213,0.0044013648637020505,-1.1303033233411952,0.8437981958886631
2023-08-30 20:00:00,2,-1.383629262785158,-1.6726516572147032,0.0033663269043403736,-0.8066469626566857,-0.500475804812698
2023-08-31 00:00:00,2,-0.7571130125668031,-0.9816809299232722,0.0026863335752526263,0.0881423706602984,-1.383629262785158
2023-08-31 04:00:00,2,0.257150703690467,0.40260082970408606,0.0031687263767161706,0.5777653252923685,-0.7571130125668031
2023-08-31 08:00:00,2,0.7894978849757521,1.337093062617833,0.003949669433400888,0.4114666548999715,0.257150703690467
2023-08-31 12:00:00,2,0.8832313949932384,0.617874060185138,0.004359555766025029,-0.09909950986197913,0.7894978849757521
2023-08-31 16:00:00,2,0.13600276907164144,-0.2859810634077694,0.004431726871678853,-0.6702828841567623,0.8832313949932384
2023-08-31 20:00:00,2,-1.7245682951875523,-1.778727941421706,0.0038563903020903604,-0.7582355101527707,0.13600276907164144
2023-09-01 00:00:00,2,0.3961775050646885,-1.0218275262392322,0.0024238239677020785,0.3570381810123493,-1.7245682951875523
2023-09-01 04:00:00,2,-0.749349791881361,-0.4009707525484423,0.00405671458693051,0.10083125104438828,0.3961775050646885
2023-09-01 08:00:00,2,1.7499200407207969,1.4767090011426667,0.003174703750445144,0.5854337516803234,-0.749349791881361
2023-09-01 12:00:00,2,-0.06451533503473961,0.24055742357349605,0.00509904294474711,-0.5462348453271701,1.7499200407207969
2023-09-01 16:00:00,2,0.7840181767460024,-0.18755931794095546,0.0037019992708117247,-0.5045129511918471,-0.06451533503473961
2023-09-01 20:00:00,2,-2.3673767802153236,-1.924986654543843,0.004355336606820091,-1.011535403338323,0.7840181767460024
2023-09-02 00:00:00,2,-0.33774202393527375,-0.055091162259409084,0.0019288867880375268,0.5194408110668025,-2.3673767802153236
2023-09-04 04:00:00,2,0.3537217149447507,0.5433428005749413,0.003491625497031075,0.7378576721137033,-0.33774202393527375
2023-09-04 08:00:00,2,0.19836078733113638,1.3767562158314195,0.004024025303089641,0.5091067877488804,0.3537217149447507
2023-09-04 12:00:00,2,0.44062888760323204,1.08518495971429,0.0039044035166102215,0.3808273985901245,0.19836078733113638
2023-09-04 16:00:00,2,-0.3302821869700203,0.6506394421435271,0.0040909403982230695,0.09587387875413889,0.44062888760323204
2023-09-04 20:00:00,2,-0.4927652038605004,-0.39381700433321315,0.003497369277261637,0.30946648324306913,-0.3302821869700203
2023-09-05 04:00:00,2,0.36591645493159675,0.35579608078213554,0.003372263762950189,0.6281364189718044,-0.4927652038605004
2023-09-05 08:00:00,2,2.1250357823562247,1.184187409823404,0.004033414771891645,0.39149922896406686,0.36591645493159675
2023-09-05 12:00:00,2,-0.6226671380331368,-0.5265578924913069,0.00538786727040111,-0.9827557120898263,2.1250357823562247
2023-09-05 16:00:00,2,0.3652584242430237,-0.2751309432448342,0.003272244397260582,-0.5800785439316858,-0.6226671380331368
2023-09-05 20:00:00,2,-2.252643818147142,-1.5745591196275563,0.004032908114215648,-0.8162901872579766,0.3652584242430237
2023-09-06 00:00:00,2,-0.1350533297620231,-0.3030725051845947,0.0020172266435049485,0.6404885282941546,-2.252643818147142
2023-09-06 04:00:00,2,0.5794155089769504,0.6389248491193781,0.0036476877970482656,0.7278271544350527,-0.1350533297620231
2023-09-06 08:00:00,2,1.643058053739825,1.17385970269907,0.004197800622625541,0.35312069878566277,0.5794155089769504
2023-09-06 12:00:00,2,-0.6589541926694018,-0.14345060723517786,0.005016763429647947,-0.7094405378475948,1.643058053739825
2023-09-06 16:00:00,2,0.8556974586453094,0.20530403751630547,0.0032443047964333923,-0.2832966287789134,-0.6589541926694018
2023-09-06 20:00:00,2,-2.2633469054108986,-1.4299863815324916,0.004410526826691086,-0.8366738802841542,0.8556974586453094
2023-09-07 00:00:00,2,-0.6543412168674401,-0.03970316094099791,0.0020089856884655975,0.6270264930955189,-2.2633469054108986
2023-09-07 04:00:00,2,1.054202637692164,1.1957068568757823,0.0032478566058548024,1.05018720308518,-0.6543412168674401
2023-09-07 08:00:00,2,1.582521181829657,1.4769780167319841,0.00456336798506816,0.3684371846858916,1.054202637692164
2023-09-07 12:00:00,2,-0.7647343311558767,0.13695007286865818,0.004970152425986976,-0.6549750192443717,1.582521181829657
2023-09-07 16:00:00,2,0.42403461998928194,0.4546172604985007,0.0031628582620044643,-0.16042337832130293,-0.7647343311558767
2023-09-07 20:00:00,2,-1.376819307110651,-1.1187081072726752,0.0040781634666754215,-0.4346454297975626,0.42403461998928194
2023-09-08 00:00:00,2,-0.09717861197201572,-0.4100230189399905,0.0026915769725220874,0.4557399234491779,-1.376819307110651
2023-09-08 04:00:00,2,-0.07276728948397349,0.3546857497587875,0.003676849835882845,0.5185850711761617,-0.09717861197201572
2023-09-08 08:00:00,2,1.2093763423563768,1.5945156335701565,0.003695645591361386,0.5656434821218674,-0.07276728948397349
2023-09-08 12:00:00,2,-0.11716401422769884,0.40246323241413595,0.004682845617261033,-0.2164569549042472,1.2093763423563768
2023-09-08 16:00:00,2,0.6226117374407458,0.34391876532789045,0.0036614618644150105,-0.14068730113983285,-0.11716401422769884
2023-09-08 20:00:00,2,-1.8857505901406526,-1.3208831711660183,0.004231060014786634,-0.5433286418834609,0.6226117374407458
2023-09-09 00:00:00,2,0.5602943758530117,0.0955160868958862,0.0022997199579790255,0.6761812071331281,-1.8857505901406526
2023-09-11 04:00:00,2,-0.35006056757961446,-0.13507393943311347,0.004183078104300439,0.31384033699166025,0.5602943758530117
2023-09-11 08:00:00,2,0.9344594636836607,1.3297828868305366,0.003482140704295893,0.5402235671747331,-0.35006056757961446
2023-09-11 12:00:00,2,0.6139359719902977,0.5024023526389175,0.004471170464020675,-0.06408886174726192,0.9344594636836607
2023-09-11 16:00:00,2,0.09946042715464642,-0.12964447979715482,0.004224380017581415,-0.4611196082426918,0.6139359719902977
2023-09-11 20:00:00,2,-1.738313340027533,-1.3935958320967778,0.003828254140126111,-0.5254403997283994,0.09946042715464642
2023-09-12 00:00:00,2,0.1754627401512181,-0.3714204000670146,0.002413240825310657,0.5987221750702023,-1.738313340027533
2023-09-12 04:00:00,2,0.06250639865655572,0.17675748119104664,0.003886772923431967,0.4852508916095992,0.1754627401512181
2023-09-12 08:00:00,2,1.8578495768841758,1.3477656757688259,0.003799800995732259,0.4448281712420332,0.06250639865655572
2023-09-12 12:00:00,2,-1.012366749620174,-0.14295888260618597,0.005182144430610195,-0.7566381673327651,1.8578495768841758
2023-09-12 16:00:00,2,0.13163491675719108,0.4322821937220681,0.0029721910669643485,-0.10194330554479691,-1.012366749620174
2023-09-12 20:00:00,2,-0.523923835226622,-0.7832719209260756,0.0038530272280861153,-0.18707125316373308,0.13163491675719108
2023-09-13 00:00:00,2,0.25453845432141975,-0.9310378980204396,0.003348272845764506,0.15174888590129143,-0.523923835226622
2023-09-13 04:00:00,2,-1.1037457297004174,-0.41661202416728993,0.00394765810441969,-0.012860449830258247,0.25453845432141975
2023-09-13 08:00:00,2,2.348253338578008,1.5592519019606954,0.0029018328564942657,0.7009289532950334,-1.1037457297004174
2023-09-13 12:00:00,2,-0.4457078148454947,-0.27580414759681227,0.005559735984491357,-0.8176801826927615,2.348253338578008
2023-09-13 16:00:00,2,0.02122880334045263,-0.21088708177190557,0.003408496096442891,-0.5294421342310063,-0.4457078148454947
2023-09-13 20:00:00,2,-1.6122611949809027,-1.0905754457920707,0.0037680188754196996,-0.5431707444151286,0.02122880334045263
2023-09-14 00:00:00,2,-0.47423073672883476,-0.3046642967248502,0.002510296005217548,0.49947424625663217,-1.6122611949809027
2023-09-14 04:00:00,2,0.17893980472500814,0.8233234931818472,0.0033865345716006627,0.8061579918011965,-0.47423073672883476
2023-09-14 08:00:00,2,0.44227775828939286,1.7389640312259709,0.0038894501260105683,0.6904381000062916,0.17893980472500814
2023-09-14 12:00:00,2,1.9372216542946585,1.4117838119735457,0.004092209963616259,0.40441825991987557,0.44227775828939286
2023-09-14 16:00:00,2,0.49197135733726505,-0.36453220980724066,0.005243257799603704,-0.8483777882385048,1.9372216542946585
2023-09-14 20:00:00,2,-2.873351971740483,-2.040967729033633,0.004130472074856239,-1.1665343455497812,0.49197135733726505
2023-09-15 00:00:00,2,0.35705887435570816,-0.298785777077596,0.0015393058473583215,0.6916546681773195,-2.873351971740483
2023-09-15 04:00:00,2,-0.1512314075588499,0.11352793946784531,0.0040265947842110334,0.46074565177177007,0.35705887435570816
2023-09-15 08:00:00,2,0.6176433746698535,1.4747104417896169,0.0036352313152443433,0.5585465974338906,-0.1512314075588499
2023-09-15 12:00:00,2,0.7462738275627618,0.9098662590733839,0.004227234571416405,0.1591182835689331,0.6176433746698535
2023-09-15 16:00:00,2,0.5389203376805938,0.01597146394693363,0.004326274946670693,-0.323494999191972,0.7462738275627618
2023-09-15 20:00:00,2,-1.8907395316479825,-1.433455457534292,0.0041666209379476295,-0.6720133361730092,0.5389203376805938
2023-09-16 00:00:00,2,-1.112292918693985,-0.1306500590283926,0.0022958786697934125,0.5507228479359121,-1.8907395316479825
2023-09-18 04:00:00,2,1.4201047664184863,1.0602791742977808,0.002895251858089502,1.2700396952595803,-1.112292918693985
2023-09-18 08:00:00,2,0.480305450280861,1.2572742857737207,0.004845098192187685,0.3516617515710809,1.4201047664184863
2023-09-18 12:00:00,2,0.22535265923984404,0.7881955925602895,0.004121489786552319,0.041049505064945535,0.480305450280861
2023-09-18 16:00:00,2,-0.13268622369536054,0.46554391156066877,0.003925186193360024,-0.10468545526433637,0.22535265923984404
2023-09-18 20:00:00,2,-0.8336109256666848,-0.5958959070326669,0.003649510375355629,-0.018877630268114842,-0.13268622369536054
2023-09-19 00:00:00,2,-0.21358835025095857,-0.5608796811263302,0.0031098260008783443,0.5202163195964502,-0.8336109256666848
2023-09-19 04:00:00,2,-1.4073899777133398,0.3655602022639438,0.003587218928868947,0.6583433328547734,-0.21358835025095857
2023-09-19 08:00:00,2,2.274327431649505,2.725816245352483,0.0026680387619337576,1.568498656789016,-1.4073899777133398
2023-09-19 12:00:00,2,0.988385756845032,0.8921761126111852,0.005502815951959806,0.09769720654086633,2.274327431649505
2023-09-19 16:00:00,2,-0.8263885552177239,-0.2592546760686968,0.004512691582781109,-0.5414892115370016,0.988385756845032
2023-09-19 20:00:00,2,-1.5008892939487186,-0.5245613712497018,0.0031153869412575723,-0.007065949271213512,-0.8263885552177239
2023-09-20 00:00:00,2,-0.435829935058635,0.05291767903100394,0.0025960479762550293,0.9635551317050872,-1.5008892939487186
2023-09-20 04:00:00,2,-0.17204617097599595,1.2574981704075736,0.003416101674273063,1.2454051818013845,-0.435829935058635
2023-09-20 08:00:00,2,3.411130073086243,2.4853721541703733,0.0036192047683940446,1.3566669791396908,-0.17204617097599595
2023-09-20 12:00:00,2,-1.469094950889291,-0.3261180623986899,0.006378109147822963,-0.8493016903942152,3.411130073086243
2023-09-20 16:00:00,2,1.0843216187528792,0.6720416738053842,0.0026205283663706647,0.10075807419872973,-1.469094950889291
2023-09-20 20:00:00,2,0.9782319228450405,-1.1514932333134078,0.004586558412524818,-0.6004698084727114,1.0843216187528792
2023-09-21 00:00:00,2,-2.5177950152224167,-2.5641780223882615,0.004504873531091078,-1.2330897693356064,0.9782319228450405
2023-09-21 04:00:00,2,0.45962365419221207,0.28126061348386655,0.0018130706799142588,0.39516151422336776,-2.5177950152224167
2023-09-21 08:00:00,2,1.148671752384388,1.0665625805747811,0.004105565619300433,0.0979241297786988,0.45962365419221207
2023-09-21 12:00:00,2,0.6111847273723932,0.13588504083921743,0.004636105477307636,-0.6449188117236684,1.148671752384388
2023-09-21 16:00:00,2,-0.8755949947020998,-0.5622813082566925,0.004222261667740881,-1.0401703357036016,0.6111847273723932
2023-09-21 20:00:00,2,-1.2232135887372344,-1.1643651329681564,0.003077499923666821,-0.4739254009960927,-0.8755949947020998
2023-09-22 00:00:00,2,-0.11943966353540247,-0.7399660219827768,0.0028098473171159393,0.317123546152704,-1.2232135887372344
2023-09-22 04:00:00,2,-0.16811756028354097,0.07049453889544613,0.0036597097042047858,0.3943648562210651,-0.11943966353540247
2023-09-22 08:00:00,2,1.3969176826319316,1.412996140016469,0.0036222296436740275,0.5030860315611871,-0.16811756028354097
2023-09-22 12:00:00,2,0.06556181175928977,0.2661561156285185,0.004827245052222572,-0.40029688723085144,1.3969176826319316
2023-09-22 16:00:00,2,0.3026573354251081,0.05895672234096407,0.0038021535433090258,-0.4426955350572648,0.06556181175928977
2023-09-22 20:00:00,2,-1.1268548764619677,-1.2662058196099164,0.003984707744953051,-0.6384232221426007,0.3026573354251081
2023-09-23 00:00:00,2,-0.4152280024522881,-0.6791422943634151,0.002884039724964395,0.0903108042141092,-1.1268548764619677
2023-09-25 04:00:00,3,-0.9146818827720544,-0.35376527135616037,0.04606386701129652,0.36728210947793727,-0.4152280024522881
2023-09-25 08:00:00,3,1.3365843037231535,1.635616700145443,0.09792583141262293,0.9767928099505205,-0.9146818827720544
2023-09-25 12:00:00,3,0.7301093509698884,0.3409550534448693,-0.13583967011311152,0.08614169884069334,1.3365843037231535
2023-09-25 16:00:00,3,-0.34708941495470214,-0.07196650431598388,-0.0728649217943103,-0.4003765872574032,0.7301093509698884
2023-09-25 20:00:00,3,-0.48744550478354576,-0.8005564783625793,0.038988537059121524,-0.16908883965873223,-0.34708941495470214
2023-09-26 00:00:00,3,0.0027555176304332463,-0.8537283914170712,0.053562740646352684,0.15572709543164365,-0.48744550478354576
2023-09-26 04:00:00,3,-0.7250242096435038,-0.36387030114025926,0.002661568434714038,0.15389091881907113,0.0027555176304332463
2023-09-26 08:00:00,3,1.2022472009073084,1.4013394015918608,0.07823228235873639,0.6370206519019348,-0.7250242096435038
2023-09-26 12:00:00,3,0.6201346073553129,0.3177004644539032,-0.12189046215110269,-0.1641131054929641,1.2022472009073084
2023-09-26 16:00:00,3,-0.9367287123242996,-0.11781746337801162,-0.06144543650623416,-0.5773482269440606,0.6201346073553129
2023-09-26 20:00:00,3,-0.3721158898684198,-0.5212093337328301,0.10021511563776221,0.04685367795345741,-0.9367287123242996
2023-09-27 00:00:00,3,-0.7039796904816136,-0.6585788334144713,0.041587219744767985,0.2948181571484625,-0.3721158898684198
2023-09-27 04:00:00,3,0.2991080239281416,0.2881241532067193,0.07604707538243213,0.7639245889535093,-0.7039796904816136
2023-09-27 08:00:00,3,0.9092445050332145,1.3593330593309148,-0.02811088871791758,0.5646098931940386,0.2991080239281416
2023-09-27 12:00:00,3,0.11717546056276795,0.465287014136713,-0.0914658404158863,-0.04127753674399415,0.9092445050332145
2023-09-27 16:00:00,3,1.0567970111451448,0.35300327577741214,-0.009219494544232841,-0.11935899696638863,0.11717546056276795
2023-09-27 20:00:00,3,-0.41941296985724996,-1.3669674480672496,-0.10678730075653706,-0.8235700441648941,1.0567970111451448
2023-09-28 00:00:00,3,-1.0248149218099751,-1.5025801196907578,0.04649842291150874,-0.5440885130884929,-0.41941296985724996
2023-09-28 04:00:00,3,-0.5594263113375355,-0.2905420251071614,0.10936175367703242,0.13881083433721386,-1.0248149218099751
2023-09-28 08:00:00,3,1.707042580236763,1.4242731547907992,0.061037036420552596,0.5115921578862981,-0.5594263113375355
2023-09-28 12:00:00,3,0.30025129504082493,-0.06832265180838541,-0.17430707362277084,-0.6259188592373732,1.707042580236763
2023-09-28 16:00:00,3,-0.024390460727660823,-0.2383177502207887,-0.028229602953772723,-0.8259953892365353,0.30025129504082493
2023-09-28 20:00:00,3,-1.6088480881660878,-1.4660791493149892,0.005480334728701594,-0.8097424743346782,-0.024390460727660823
2023-09-29 00:00:00,3,0.6845849320592841,-0.6949977486146764,0.17000620650090997,0.2623353088178977,-1.6088480881660878
2023-09-29 04:00:00,3,-1.0842630941780094,-0.7278151221521472,-0.06813778704581008,-0.1938471621936273,0.6845849320592841
2023-09-29 08:00:00,3,1.1857084462604917,1.347570799211997,0.1155346940035767,0.5286662826186408,-1.0842630941780094
2023-09-29 12:00:00,3,-0.3417695243063381,0.20515653311949544,-0.12017312179489936,-0.26144665090339814,1.1857084462604917
2023-09-29 16:00:00,3,1.6276253575166315,0.5750598106102734,0.038436133743628684,-0.03370388472022867,-0.3417695243063381
2023-09-29 20:00:00,3,-1.5964276493773397,-1.8656656931913638,-0.16606060014472573,-1.1182941564334463,1.6276253575166315
2023-09-30 00:00:00,3,0.015190146986057584,-0.9327546304562735,0.16871650112531353,-0.054492901425676976,-1.5964276493773397
2023-10-02 04:00:00,3,-2.425313217209416,-0.8992657103830388,0.001370389548342784,-0.06461506226010094,0.015190146986057584
2023-10-02 08:00:00,3,3.2167722739469333,2.2900638968918625,0.254785776999511,1.5515253530356468,-2.425313217209416
2023-10-02 12:00:00,3,-0.6278937066228512,-0.35719937906219873,-0.3310733952312718,-0.5920145583619316,3.2167722739469333
2023-10-02 16:00:00,3,1.1474923711300455,0.20530403435622777,0.06814650890010408,-0.1736090556901413,-0.6278937066228512
2023-10-02 20:00:00,3,-1.0211847981333744,-1.703516138448915,-0.11620486605383935,-0.9382561883028213,1.1474923711300455
2023-10-03 00:00:00,3,-0.21883643060722413,-1.4315982980051465,0.10898481127592875,-0.25777582311192226,-1.0211847981333744
2023-10-03 04:00:00,3,-0.79491158068174,-0.8143583394487667,0.02567108779967378,-0.11195119422117017,-0.21883643060722413
2023-10-03 08:00:00,3,1.3886553123718937,1.1436292771318555,0.08548920134906794,0.4177489381207291,-0.79491158068174
2023-10-03 12:00:00,3,-0.29521689028034714,-0.09795771770389082,-0.14124658535251894,-0.5076003970969403,1.3886553123718937
2023-10-03 16:00:00,3,1.0021676175309135,0.1505722540371491,0.033602231868448136,-0.3108786111129547,-0.29521689028034714
2023-10-03 20:00:00,3,-0.9772149160576316,-1.7199631199426824,-0.1011147296172891,-0.9786866196207953,1.0021676175309135
2023-10-04 00:00:00,3,-0.449819333374208,-1.36956320752512,0.10441909550356808,-0.3275061827748882,-0.9772149160576316
2023-10-04 04:00:00,3,-0.046547424252910474,-0.6003694620274284,0.04965573894093005,-0.027762958234220037,-0.449819333374208
2023-10-04 08:00:00,3,1.2460195087672314,0.689805240836913,0.007781054973085904,0.003254550361885933,-0.046547424252910474
2023-10-04 12:00:00,3,0.16354478883673806,-0.44450986578687907,-0.12643566234164247,-0.8270474791148281,1.2460195087672314
2023-10-04 16:00:00,3,0.16194560305961936,-0.48585878872950145,-0.014034362436976856,-0.936027771257951,0.16354478883673806
2023-10-04 20:00:00,3,-1.2075488940175543,-1.568535617219808,-0.01386830723325927,-1.0439424242301723,0.16194560305961936
2023-10-05 00:00:00,3,0.33180035169227473,-1.0940180278688805,0.12833636401637946,-0.23927581159655098,-1.2075488940175543
2023-10-05 04:00:00,3,-1.651528996404961,-0.8278366447537182,-0.03150557320332885,-0.46037548415604945,0.33180035169227473
2023-10-05 08:00:00,3,1.0525068525153074,1.6697173934505014,0.17443807865351707,0.6401433021118841,-1.651528996404961
2023-10-05 12:00:00,3,1.5092267418413208,0.6156136666294411,-0.10634182207891778,-0.06120893959275264,1.0525068525153074
2023-10-05 16:00:00,3,-0.5015352460186673,-0.4867770992386092,-0.1537664023553562,-1.0669026850551866,1.5092267418413208
2023-10-05 20:00:00,3,-1.765486338010808,-1.3218256858218769,0.05502578195437484,-0.7326978594538609,-0.5015352460186673
2023-10-06 00:00:00,3,0.10264995465851712,-0.3870118564202452,0.1862711063393735,0.4437579497445725,-1.765486338010808
2023-10-06 04:00:00,3,-1.143575972874313,0.0030820882196311906,-0.007711204590343178,0.3753557577411879,0.10264995465851712
2023-10-06 08:00:00,3,2.4299218585851943,2.1056199221931675,0.12169358579458348,1.1373931451636086,-1.143575972874313
2023-10-06 12:00:00,3,2.1797245126436717,0.3189789014064404,-0.24936893794578022,-0.4818183009310264,2.4299218585851943
2023-10-06 16:00:00,3,-0.8124712852514371,-1.845325689237338,-0.22338911005813197,-1.9343073460975564,2.1797245126436717
2023-10-06 20:00:00,3,-2.067856656943462,-2.2575700708876116,0.08731255443365785,-1.3929060660299228,-0.8124712852514371
2023-10-07 00:00:00,3,1.3023058727576977,-0.9345144812631179,0.21766843717292958,-0.0149616864705866,-2.067856656943462
2023-10-09 04:00:00,3,-2.1166756175776005,-1.8316591882640647,-0.13228028888390647,-0.882770899361617,1.3023058727576977
2023-10-09 08:00:00,3,1.6059159740604994,1.1449817313934896,0.22273766838382028,0.5277046579250815,-2.1166756175776005
2023-10-09 12:00:00,3,0.10529919856403147,-0.25857413289851244,-0.16380635542596242,-0.5424192711542659,1.6059159740604994
2023-10-09 16:00:00,3,-1.2878785187550292,-0.2923729519903067,-0.007986295041197723,-0.6125868228296696,0.10529919856403147
2023-10-09 20:00:00,3,1.269974252710643,-0.24562927386701225,0.13667757889659943,0.2456085266955732,-1.2878785187550292
2023-10-10 00:00:00,3,-1.2588342850981853,-1.607111370304427,-0.12892305932981024,-0.600656071883682,1.269974252710643
2023-10-10 04:00:00,3,-0.27674076186562857,-0.17229416735501737,0.1336617028140857,0.23818525791699585,-1.2588342850981853
2023-10-10 08:00:00,3,1.569197761514074,1.2461234572243522,0.031683719765779134,0.4225952246945628,-0.27674076186562857
2023-10-10 12:00:00,3,-0.18411062773812503,-0.1374538791622188,-0.15999363375735937,-0.6230610245599184,1.569197761514074
2023-10-10 16:00:00,3,0.3394048321756671,0.059027730145688254,0.0220652526601977,-0.500376406234448,-0.18411062773812503
2023-10-10 20:00:00,3,-0.5266041329884068,-1.3831569630631984,-0.032295202259504725,-0.7265434276870035,0.3394048321756671
2023-10-11 00:00:00,3,-0.6630636329051551,-1.3008434202691892,0.05762886859527375,-0.3756336086395553,-0.5266041329884068
2023-10-11 04:00:00,3,-0.6908988234087978,-0.3871291826669084,0.07179846063523197,0.06620785226826165,-0.6630636329051551
2023-10-11 08:00:00,3,1.9705109098496152,1.2731157536289417,0.07468879288789126,0.5265976705680995,-0.6908988234087978
2023-10-11 12:00:00,3,-1.1081167653027162,-0.3732962718362302,-0.20166492520760695,-0.7864790477674433,1.9705109098496152
2023-10-11 16:00:00,3,0.9447309699980107,0.48396912153299737,0.11801159585869586,-0.04807038509866679,-1.1081167653027162
2023-10-11 20:00:00,3,-0.859612740580733,-1.057384340748363,-0.09515066068708912,-0.6776047031246542,0.9447309699980107
2023-10-12 00:00:00,3,-0.7191239970280137,-0.8115396430660764,0.09220759794908592,-0.10479007378199512,-0.859612740580733
2023-10-12 04:00:00,3,-0.5290689000587001,0.1552539960126588,0.0776196199514909,0.37440797245767143,-0.7191239970280137
2023-10-12 08:00:00,3,1.6974373715555267,1.7606825630944338,0.05788480346152261,0.7269602225314831,-0.5290689000587001
2023-10-12 12:00:00,3,1.3876441383468965,0.254159181602752,-0.1733096942643911,-0.4041502332803777,1.6974373715555267
2023-10-12 16:00:00,3,-0.6888314259356854,-0.7143513259442441,-0.14114158772740415,-1.3288257589475538,1.3876441383468965
2023-10-12 20:00:00,3,-1.027086961916213,-1.5061177958472556,0.07447411982521467,-0.869813579043889,-0.6888314259356854
2023-10-13 00:00:00,3,-0.6081284018265141,-1.1228162313099863,0.10959767628720948,-0.1854002268229209,-1.027086961916213
2023-10-13 04:00:00,3,-1.510872201193063,-0.1680908249174332,0.06609413214597272,0.2198343964443712,-0.6081284018265141
2023-10-13 08:00:00,3,2.9388296700968333,2.2242689477072832,0.15983265061797194,1.2266246161028818,-1.510872201193063
2023-10-13 12:00:00,3,0.002796444127412201,-0.25032839409708685,-0.3022125734527782,-0.7317044647812132,2.9388296700968333
2023-10-13 16:00:00,3,-0.23714079622925333,-0.18749130133431569,0.0026573187359670097,-0.7335679133211208,0.002796444127412201
2023-10-13 20:00:00,3,-0.9641876090231918,-1.2389943811010324,0.027571764510145563,-0.5755459216946193,-0.23714079622925333
2023-10-14 00:00:00,3,0.07141803493083287,-0.8581506503841076,0.10306637454115868,0.06695359210537788,-0.9641876090231918
2023-10-16 04:00:00,3,-1.8408931091040284,-0.7513492053303855,-0.004468164996646901,0.019363214164203058,0.07141803493083287
2023-10-16 08:00:00,3,2.4187275332732554,1.979304561543519,0.1941011451720917,1.2460673498410308,-1.8408931091040284
2023-10-16 12:00:00,3,0.17268982204620897,-0.16889989503966246,-0.24820654893710345,-0.3656846054834144,2.4187275332732554
2023-10-16 16:00:00,3,-0.219559704565917,-0.09049225370176144,-0.01498395839657753,-0.48075881476028215,0.17268982204620897
2023-10-16 20:00:00,3,-0.20759301284982357,-0.9855100216996658,0.025746190646555502,-0.33445222243994976,-0.219559704565917
2023-10-17 00:00:00,3,0.028298121994454917,-1.173744248391846,0.02450360116184803,-0.19611979773744537,-0.20759301284982357
2023-10-17 04:00:00,3,-1.5474880088920333,-0.7532930248942658,9.292237768791789e-06,-0.21497663581827275,0.028298121994454917
2023-10-17 08:00:00,3,1.001928294174494,1.6285843730814968,0.16363473883919874,0.8162130248036181,-1.5474880088920333
2023-10-17 12:00:00,3,1.797684001081718,0.6020505161153473,-0.1010898789155925,0.14856449266604166,1.001928294174494
2023-10-17 16:00:00,3,-0.054367359683935135,-0.623299630957879,-0.18371903802304154,-1.0493466667930242,1.797684001081718
2023-10-17 20:00:00,3,-1.3220489372565911,-1.677036394566922,0.008593056298783526,-1.0131182379720958,-0.054367359683935135
2023-10-18 00:00:00,3,-0.49034512060938873,-1.1363714251540389,0.14022574439843083,-0.13215296580094993,-1.3220489372565911
2023-10-18 04:00:00,3,-0.7998515823879231,-0.30590352645308555,0.053863829052435565,0.1945951676923876,-0.49034512060938873
2023-10-18 08:00:00,3,2.27545778504569,1.4720988557896901,0.08600215800577574,0.7275871372915717,-0.7998515823879231
2023-10-18 12:00:00,3,-0.32920699292412614,-0.3976532516723465,-0.23332979880031826,-0.7886950746789712,2.27545778504569
2023-10-18 16:00:00,3,0.30401108856779757,-0.1446044251378862,0.03713167385051963,-0.5693235219708885,-0.32920699292412614
2023-10-18 20:00:00,3,-0.5465020032243064,-1.191108196711101,-0.028620009927740674,-0.7719054414714943,0.30401108856779757
2023-10-19 00:00:00,3,-0.7162439078088365,-1.195911851063307,0.059695010592560376,-0.40773640623771357,-0.5465020032243064
2023-10-19 04:00:00,3,-1.3997986130549336,-0.219575720052215,0.07732055913638225,0.06954245341865217,-0.7162439078088365
2023-10-19 08:00:00,3,2.1805509892381156,1.9625700983187668,0.14829906423306047,1.0023172784517662,-1.3997986130549336
2023-10-19 12:00:00,3,-0.4294154263474148,0.2184033976900784,-0.2234749291926077,-0.4507225006229021,2.1805509892381156
2023-10-19 16:00:00,3,2.0406275800816456,0.5599342696640315,0.047537051427292074,-0.16457569675975847,-0.4294154263474148
2023-10-19 20:00:00,3,-1.0503712931123506,-2.356806674578698,-0.2089456540172119,-1.52437561098764,2.0406275800816456
2023-10-20 00:00:00,3,-1.7262547460944386,-2.0360770617351025,0.11201545939629184,-0.8244464283072528,-1.0503712931123506
2023-10-20 04:00:00,3,-0.6504297644208066,-0.253916640812411,0.18219740203243834,0.3258668765735777,-1.7262547460944386
2023-10-20 08:00:00,3,1.8829850218531892,1.4658402631235974,0.07048659328690576,0.7592895875590315,-0.6504297644208066
2023-10-20 12:00:00,3,0.39854625462429816,-0.16958949578430177,-0.19257646946358722,-0.49546306608583635,1.8829850218531892
2023-10-20 16:00:00,3,-0.07955032556432684,-0.3809850568486312,-0.038436290489134654,-0.7610397779483122,0.39854625462429816
2023-10-20 20:00:00,3,-1.0857872735754803,-1.392214062862374,0.01120798859077518,-0.708030337649145,-0.07955032556432684
2023-10-21 00:00:00,3,-0.9075527609423659,-0.824805209718867,0.11569296074404585,0.015498764813829169,-1.0857872735754803
2023-10-23 04:00:00,4,-0.3319364907713549,-0.3463750141233738,0.19128802557468866,0.7384729561699519,-0.9075527609423659
2023-10-23 08:00:00,4,1.7558960109016013,1.6399308634574865,0.07262337642137084,0.9766515659922383,-0.3319364907713549
2023-10-23 12:00:00,4,0.3639454888600593,0.10108041912268564,-0.35778820876247064,-0.283278819778813,1.7558960109016013
2023-10-23 16:00:00,4,0.5581146798978089,-0.004481964867596504,-0.07083433185456997,-0.5444252529002362,0.3639454888600593
2023-10-23 20:00:00,4,-1.2654680615148344,-1.2227641605090065,-0.11086276768045933,-0.9448963739588621,0.5581146798978089
2023-10-24 00:00:00,4,-0.1385055385711258,-0.4245687196068694,0.2650731073556783,-0.03686898906455305,-1.2654680615148344
2023-10-24 04:00:00,4,-0.07878906115471551,-0.5687380231717496,0.03274713026972349,0.06251465071815865,-0.1385055385711258
2023-10-24 08:00:00,4,0.8203420521309823,1.1001665556630036,0.020436437871843408,0.11904916734037485,-0.07878906115471551
2023-10-24 12:00:00,4,-0.4548930366755837,0.2607663356310157,-0.16492155777546716,-0.4695812935688082,0.8203420521309823
2023-10-24 16:00:00,4,0.41772354745621065,0.869431338049969,0.09797115781138327,-0.14317611033193423,-0.4548930366755837
2023-10-24 20:00:00,4,-1.1340524155774325,-0.6959540066395403,-0.08192080523302914,-0.4429105974681704,0.41772354745621065
2023-10-25 00:00:00,4,-0.030314520897391617,-0.007141398443688778,0.2379814625802701,0.37082044843209694,-1.1340524155774325
2023-10-25 04:00:00,4,-1.8171814116528893,-0.28810117882713443,0.010443297283939626,0.392572411971841,-0.030314520897391617
2023-10-25 08:00:00,4,2.279019184296123,3.01681951447751,0.37881011327436714,1.6964776904081234,-1.8171814116528893
2023-10-25 12:00:00,4,0.21195882576425262,0.8914988146750447,-0.4656312824413797,0.06118408405414577,2.279019184296123
2023-10-25 16:00:00,4,0.6253483990333244,0.936018604168806,-0.03950192346575005,-0.09090542663140333,0.21195882576425262
2023-10-25 20:00:00,4,-1.5085301558867474,-0.7119249990876633,-0.12472315715506258,-0.5396196128609194,0.6253483990333244
2023-10-26 00:00:00,4,0.08636245910103924,0.37321408595941225,0.3151809303026299,0.5428152064298484,-1.5085301558867474
2023-10-26 04:00:00,4,-0.10851102835020043,0.008033864255599318,-0.013609936811874085,0.48084645330565934,0.08636245910103924
2023-10-26 08:00:00,4,0.8558166999855956,1.7180724572332489,0.026563691377639576,0.5587077508773088,-0.10851102835020043
2023-10-26 12:00:00,4,0.8061673037803256,0.9209344568178386,-0.1722347399415212,-0.05537728506311801,0.8558166999855956
2023-10-26 16:00:00,4,0.4646188580713879,0.3963655073635691,-0.16199940003422136,-0.6338367585978943,0.8061673037803256
2023-10-26 20:00:00,4,-1.219415308715373,-1.293749589791905,-0.09158838391254179,-0.9672206340961989,0.4646188580713879
2023-10-27 00:00:00,4,-0.2804187827510063,-0.42903072427903943,0.25557922395333976,-0.0922380663437945,-1.219415308715373
2023-10-27 04:00:00,4,-1.7781069345790925,-0.5684898427147064,0.06200287963520197,0.1089743875460627,-0.2804187827510063
2023-10-27 08:00:00,4,2.29833457923149,2.6700299421816864,0.3707548178404248,1.3848420597301896,-1.7781069345790925
2023-10-27 12:00:00,4,-0.11653048793320409,0.49166764851248146,-0.4696131965776534,-0.2643111674903693,2.29833457923149
2023-10-27 16:00:00,4,1.3530552888479566,0.8717964369918859,0.028216921849275864,-0.1806955651402138,-0.11653048793320409
2023-10-27 20:00:00,4,-1.2414709744344297,-1.5117920751032359,-0.27474164558425623,-1.1515705266776148,1.3530552888479566
2023-10-28 00:00:00,4,-1.4631352801439483,-0.697763566649074,0.26012605136253925,-0.2607620767287031,-1.2414709744344297
2023-10-30 04:00:00,4,-0.46032484123165673,-0.07595079606572445,0.3058226698042299,0.7890999803076042,-1.4631352801439483
2023-10-30 08:00:00,4,2.4193225556199334,1.8804408322078023,0.09909093710762226,1.1194027153170651,-0.46032484123165673
2023-10-30 12:00:00,4,-0.11217442228266528,-0.3356356236544294,-0.49455515272777956,-0.6165645526088301,2.4193225556199334
2023-10-30 16:00:00,4,0.12049929525772818,0.14610432296739065,0.027318908660808418,-0.5360746134195082,-0.11217442228266528
2023-10-30 20:00:00,4,-0.8189748085310864,-0.9107392089095557,-0.02064732594706013,-0.6225380045409761,0.12049929525772818
2023-10-31 00:00:00,4,-0.4329559983644984,-0.5095397044068177,0.17302747216385297,-0.03488859931251831,-0.8189748085310864
2023-10-31 04:00:00,4,-0.18046261129978092,-0.480761824703878,0.09344878572159776,0.27577582195988803,-0.4329559983644984
2023-10-31 08:00:00,4,-0.21080397749276258,1.317870080043688,0.0413966795838298,0.4052654534987372,-0.18046261129978092
2023-10-31 12:00:00,4,1.6768633952439949,1.586359784314421,0.04765162365108635,0.5565263112235357,-0.21080397749276258
2023-10-31 16:00:00,4,-0.04362763871781894,0.3261737616249423,-0.3414954489940703,-0.6466947971667594,1.6768633952439949
2023-10-31 20:00:00,4,-1.1926038141019042,-1.0165827651797754,0.013187827863015242,-0.6153901029600686,-0.04362763871781894
2023-11-01 00:00:00,4,-0.07405595424815559,-0.23894979291249727,0.25005197122186623,0.24035407223280103,-1.1926038141019042
2023-11-01 04:00:00,4,-0.2527899058396521,-0.5118564284563537,0.01946069674085485,0.2934923824887772,-0.07405595424815559
2023-11-01 08:00:00,4,1.0956274143455165,1.3367301897422914,0.056307121618820656,0.47487993710828036,-0.2527899058396521
2023-11-01 12:00:00,4,-0.1663772519763338,0.35016220374571483,-0.22167228324493088,-0.31127952919683644,1.0956274143455165
2023-11-01 16:00:00,4,1.43128506186304,0.6814476226007488,0.038492949600973866,-0.19189674458738004,-0.1663772519763338
2023-11-01 20:00:00,4,-0.6177035716400265,-1.7322444030581434,-0.2908688974519295,-1.218904909618459,1.43128506186304
2023-11-02 00:00:00,4,-0.5850334498060921,-1.2666873641667682,0.13153493286638618,-0.7756762135700175,-0.6177035716400265
2023-11-02 04:00:00,4,-1.6834885917349425,-1.0830982783075516,0.12479991034162638,-0.3558897253458788,-0.5850334498060921
2023-11-02 08:00:00,4,0.8885156818279984,2.046572335139517,0.3512490237221771,0.8520852445025113,-1.6834885917349425
2023-11-02 12:00:00,4,1.0693200136976717,1.1914239841285164,-0.17897571202496607,0.21453729244903919,0.8885156818279984
2023-11-02 16:00:00,4,0.1534158367320746,0.5259940337155787,-0.2162489506711577,-0.5527454902477746,1.0693200136976717
2023-11-02 20:00:00,4,-0.9485940643816786,-1.1795135463053672,-0.02743314846078703,-0.6628279058106301,0.1534158367320746
2023-11-03 00:00:00,4,-0.12594514862071193,-0.6009791222481008,0.19974878689398565,0.017828851797046852,-0.9485940643816786
2023-11-03 04:00:00,4,-1.4402284418411782,-0.8228699119584739,0.03015777631304692,0.10819987531011144,-0.12594514862071193
2023-11-03 08:00:00,4,1.0307041656727272,2.1341783199192847,0.3011003711631536,1.1416252974657546,-1.4402284418411782
2023-11-03 12:00:00,4,2.964375834449923,2.052132643559019,-0.20828820269529436,0.402051035089551,1.0307041656727272
2023-11-03 16:00:00,4,-1.700635432032195,-0.1685214299478577,-0.606919169267845,-1.7250152407493626,2.964375834449923
2023-11-03 20:00:00,4,-1.8964366503102248,-0.371502251812731,0.35478388521481163,-0.5047366806106908,-1.700635432032195
2023-11-04 00:00:00,4,-0.03346253173562275,0.7114374420123581,0.3951487672982381,0.8560376167173409,-1.8964366503102248
2023-11-06 04:00:00,4,-0.4907266645276991,-0.05016775552823987,0.01109226712896947,0.8800484124915702,-0.03346253173562275
2023-11-06 08:00:00,4,2.4562987919865105,1.9265896225221961,0.10535834454899676,1.2321657542406719,-0.4907266645276991
2023-11-06 12:00:00,4,-0.0396503250548399,-0.36376963034904136,-0.5021778909004626,-0.5303335426097497,2.4562987919865105
2023-11-06 16:00:00,4,-0.22419196492152338,-0.20203609711758683,0.012367895288402838,-0.5018827408355371,-0.0396503250548399
2023-11-06 20:00:00,4,-1.1548157621966038,-0.8923958637668848,0.050411588776170364,-0.3410154303019777,-0.22419196492152338
2023-11-07 00:00:00,4,0.3517833020753791,-0.11667106048865299,0.24226187536478133,0.4876142036430089,-1.1548157621966038
2023-11-07 04:00:00,4,-1.0220676929140957,-0.7716877579916362,-0.068327068417919,0.2351946590117393,0.3517833020753791
2023-11-07 08:00:00,4,1.2584641508796341,1.834055211321996,0.2148955483801233,0.9685718833020154,-1.0220676929140957
2023-11-07 12:00:00,4,0.838982713359691,0.6533637948293849,-0.25524145981520335,0.06557010343996694,1.2584641508796341
2023-11-07 16:00:00,4,0.3848295587827142,0.11960754198766743,-0.16876437396972346,-0.5364358280819967,0.838982713359691
2023-11-07 20:00:00,4,-1.014150091393791,-1.5091593626207427,-0.07513963203228896,-0.812567473374731,0.3848295587827142
2023-11-08 00:00:00,4,-0.44052631258506914,-0.8225764051142243,0.21326331618789637,-0.08487146635240528,-1.014150091393791
2023-11-08 04:00:00,4,-1.5637258085122188,-0.7378764241883305,0.09500942381943595,0.23122497871703374,-0.44052631258506914
2023-11-08 08:00:00,4,1.902438051146298,2.318411623991635,0.32655964402738974,1.3532650362870253,-1.5637258085122188
2023-11-08 12:00:00,4,0.1577918628607513,0.5127144814363781,-0.38799819533335417,-0.011815522473130002,1.902438051146298
2023-11-08 16:00:00,4,0.0735805009396806,0.6003010176778305,-0.028335276548811544,-0.12503792369243527,0.1577918628607513
2023-11-08 20:00:00,4,-0.8289148274532572,-0.557808048531086,-0.01097490604691779,-0.17783507589198777,0.0735805009396806
2023-11-09 00:00:00,4,0.32205375785514967,-0.08976059733068108,0.175076630464445,0.4169467174718875,-0.8289148274532572
2023-11-09 04:00:00,4,-1.0257726474886528,-0.6740299225967614,-0.062198252890634666,0.1858593906289343,0.32205375785514967
2023-11-09 08:00:00,4,1.6868993770145977,1.9090297194993981,0.21565933348749733,0.9218950780727262,-1.0257726474886528
2023-11-09 12:00:00,4,0.2822233265721419,0.33929613407267056,-0.3435643902617726,-0.2885272758955093,1.6868993770145977
2023-11-09 16:00:00,4,-0.014832028567740352,0.30768946412938825,-0.05398711571687261,-0.49103456705283044,0.2822233265721419
2023-11-09 20:00:00,4,0.5341208649685889,-0.9867982786929882,0.007251545042865589,-0.48039195304886917,-0.014832028567740352
2023-11-10 00:00:00,4,-1.8121720130395396,-1.7702709666082854,-0.10591638624898997,-0.8636464870703335,0.5341208649685889
2023-11-10 04:00:00,4,-1.3589320015696593,-0.4358558187792559,0.3777774139576059,0.4366643338990972,-1.8121720130395396
2023-11-10 08:00:00,4,2.1101429866038544,2.437390662614456,0.28434091862132843,1.411756087820871,-1.3589320015696593
2023-11-10 12:00:00,4,0.43303624004353125,0.4870873460239193,-0.43081705673586623,-0.10236163363732764,2.1101429866038544
2023-11-10 16:00:00,4,0.18243926213552975,0.3001680448307696,-0.08507755285749632,-0.41308363174172946,0.43303624004353125
2023-11-10 20:00:00,4,-1.4538063784187987,-1.1985793034150352,-0.033416395931719876,-0.5439915946820726,0.18243926213552975
2023-11-11 00:00:00,4,-1.2653754463357991,-0.17324652059071546,0.30389949475243405,0.49917657690975936,-1.4538063784187987
2023-11-13 04:00:00,4,0.17581134761607586,0.3739343966653459,0.26505401451849486,1.4071375064573246,-1.2653754463357991
2023-11-13 08:00:00,4,1.5467872039105828,1.8252323144449116,-0.03205003575076892,1.2809853552766217,0.17581134761607586
2023-11-13 12:00:00,4,0.5827603303648949,0.4178194671049784,-0.3146799359384831,0.17109946999113035,1.5467872039105828
2023-11-13 16:00:00,4,-0.3963131054282698,0.04065257248906557,-0.115943526542545,-0.247055957944319,0.5827603303648949
2023-11-13 20:00:00,4,-0.5728935251953189,-0.4061430507160299,0.08589476708180438,0.03731562255262233,-0.3963131054282698
2023-11-14 00:00:00,4,0.2682342870871608,-0.1808334111417794,0.12229723630453368,0.4483911963472522,-0.5728935251953189
2023-11-14 04:00:00,4,-2.2296844625512264,-0.7812497726258251,-0.05110324229546286,0.25592163852120464,0.2682342870871608
2023-11-14 08:00:00,4,2.7390018779163743,2.930623978714029,0.4638485882899915,1.8558154748352482,-2.2296844625512264
2023-11-14 12:00:00,4,3.2691646662304628,0.46405346784487006,-0.560457797575896,-0.10953536100317329,2.7390018779163743
2023-11-14 16:00:00,4,-2.192156202192564,-0.15413946757791933,-0.6697521044424227,-2.4553006418058185,3.2691646662304628
2023-11-14 20:00:00,4,-1.6568188049908432,-0.34324210119367937,0.45611204907182096,-0.8823349352087106,-2.192156202192564
2023-11-15 00:00:00,4,0.07516687976736947,0.29450719994561375,0.3457509844015684,0.3065033235290535,-1.6568188049908432
2023-11-15 04:00:00,4,-0.7052918012359441,-0.40940900751797554,-0.011301941776738324,0.25256787676311454,0.07516687976736947
2023-11-15 08:00:00,4,0.9683890174543315,1.6865029444962214,0.14959145258892972,0.7586448686210119,-0.7052918012359441
2023-11-15 12:00:00,4,1.658527579198303,0.6957200979770495,-0.19544178819405722,0.06378438670033226,0.9683890174543315
2023-11-15 16:00:00,4,-0.26354251986338895,-0.5649436687402617,-0.33771547735192864,-1.126279990516565,1.658527579198303
2023-11-15 20:00:00,4,-2.1143814138777017,-1.4878022672492137,0.05852379831252964,-0.9371769760686544,-0.26354251986338895
2023-11-16 00:00:00,4,0.6815396261277975,0.12344960479467287,0.4400785933711772,0.5799819979905241,-2.1143814138777017
2023-11-16 04:00:00,4,-0.7155939690433542,-0.8357625621037631,-0.1363071109002878,0.09094820627723088,0.6815396261277975
2023-11-16 08:00:00,4,0.8781212024083018,1.4606533969523752,0.15171526873474805,0.6044174435638325,-0.7155939690433542
2023-11-16 12:00:00,4,1.3729086411650275,0.6366548623616161,-0.1768328656229642,-0.025672025536300325,0.8781212024083018
2023-11-16 16:00:00,4,-0.026416236721068742,-0.14083876564151063,-0.2788344609011731,-1.0107926153389268,1.3729086411650275
2023-11-16 20:00:00,4,-1.8378516933541338,-1.6797519510299666,0.00963965682404461,-0.9918378371994709,-0.026416236721068742
2023-11-17 00:00:00,4,0.07540464862876561,-0.38280511852085936,0.3830713405069638,0.32689925122792474,-1.8378516933541338
2023-11-17 04:00:00,4,-0.7562056213933204,-0.8117590607153825,-0.011350958387246528,0.2727931951483331,0.07540464862876561
2023-11-17 08:00:00,4,2.6720001536041327,1.504194515281187,0.16008745647053516,0.8154030276036774,-0.7562056213933204
2023-11-17 12:00:00,4,-0.7844675114024948,-0.8976384476399992,-0.5466452343802494,-1.1018712092585314,2.6720001536041327
2023-11-17 16:00:00,4,-0.9466044426715534,0.03424808055516193,0.1659137116272075,-0.5389822635978483,-0.7844675114024948
2023-11-17 20:00:00,4,-0.42100494874386385,-0.32293965715327694,0.19933862169467728,0.14024685545195759,-0.9466044426715534
2023-11-18 00:00:00,4,0.1712780329615562,-0.3086264168051974,0.09098504870835253,0.4423358881675181,-0.42100494874386385
2023-11-20 04:00:00,5,-0.05084954822285326,-1.0902632914553516,-0.028664021010803814,0.351811119295121,0.1712780329615562
2023-11-20 08:00:00,5,1.959329517929671,0.6231159163774507,0.010666219637138144,0.3888898592118899,-0.05084954822285326
2023-11-20 12:00:00,5,-1.82761746960988,-0.8923638010954844,-0.34525908237026104,-1.0398243013971395,1.959329517929671
2023-11-20 16:00:00,5,1.0316479006954253,0.6784162904202736,0.3252633964086291,0.29284737792668736,-1.82761746960988
2023-11-20 20:00:00,5,-0.7848268354880759,-0.9498631901187404,-0.1810023923367781,-0.45941504194619043,1.0316479006954253
2023-11-21 00:00:00,5,0.7693254595028236,-0.46764924049284035,0.14062533225314028,0.1128691007806566,-0.7848268354880759
2023-11-21 04:00:00,5,-1.7164144665107237,-1.8906450252806373,-0.13455518985769774,-0.44811166741097885,0.7693254595028236
2023-11-21 08:00:00,5,0.6973598430701387,1.2133664027382771,0.3055736269106546,0.8034724236454629,-1.7164144665107237
2023-11-21 12:00:00,5,1.1611667158664076,0.7271064458316989,-0.12181285053368025,0.2949679205911888,0.6973598430701387
2023-11-21 16:00:00,5,-0.32991696465400366,-0.16194797834462393,-0.20393518682339354,-0.5517377073315597,1.1611667158664076
2023-11-21 20:00:00,5,-0.24973351313451353,-0.8135328715322934,0.06007831239352808,-0.31116712698099924,-0.32991696465400366
2023-11-22 00:00:00,5,-0.40541437362902677,-0.7747377831820406,0.04588091093879384,-0.12906513580039736,-0.24973351313451353
2023-11-22 04:00:00,5,-0.8893473744083309,-1.2101610292954565,0.07344599616990083,0.166557040672636,-0.40541437362902677
2023-11-22 08:00:00,5,2.007274251737975,1.1969638700896184,0.15913189468211406,0.8150560174349764,-0.8893473744083309
2023-11-22 12:00:00,5,0.5784884679657871,-0.37595878882745526,-0.35374824840910896,-0.6486187353009623,2.007274251737975
2023-11-22 16:00:00,5,-0.3770644347941001,-0.7728539806968909,-0.10076530765729806,-1.0704439864231219,0.5784884679657871
2023-11-22 20:00:00,5,-1.3507323717259325,-1.1662668277841366,0.06842631373880992,-0.7954941668432038,-0.3770644347941001
2023-11-23 00:00:00,5,-0.11868245114511566,-0.21317340664039477,0.24082541008930822,0.18943993894059297,-1.3507323717259325
2023-11-23 04:00:00,5,-1.3180012565534618,-0.8887540370066375,0.022676814546404266,0.2759814303105532,-0.11868245114511566
2023-11-23 08:00:00,5,3.406006255938591,1.8852656271374597,0.2350299900449147,1.2370484900913645,-1.3180012565534618
2023-11-23 12:00:00,5,-1.279518406322337,-0.8486997597240075,-0.6014098221490995,-1.246560991852384,3.406006255938591
2023-11-23 16:00:00,5,-1.3720096610547046,0.2875482453694042,0.22821615921698024,-0.3135550583715023,-1.279518406322337
2023-11-23 20:00:00,5,-0.48653101739193616,0.09085043661156895,0.2445927986557094,0.6868941326928528,-1.3720096610547046
2023-11-24 04:00:00,5,0.7950813323715735,-0.28100524049117426,0.08780863003435552,1.0416653683438462,-0.48653101739193616
2023-11-24 08:00:00,5,0.6909701472765768,0.7380730181682307,-0.1391155631018684,0.4619037978677092,0.7950813323715735
2023-11-24 12:00:00,5,-0.0822816579172212,0.2880469640232539,-0.12068148147141465,-0.04194143333938172,0.6909701472765768
2023-11-24 16:00:00,5,0.5944524848760011,0.43845517501708636,0.016231635835163932,0.01805713696182032,-0.0822816579172212
2023-11-24 20:00:00,5,0.00987815537453507,-1.0109869425130413,-0.10359192028882569,-0.41540883962847097,0.5944524848760011
2023-11-25 00:00:00,5,-0.7088441580021669,-1.3395629661166917,-8.631808801406776e-05,-0.42261184470502755,0.00987815537453507
2023-11-27 04:00:00,5,-0.6249069871278863,-1.5341466609713441,0.12717172611084504,0.09426685126480017,-0.7088441580021669
2023-11-27 08:00:00,5,0.27728017889553414,0.6718564721999927,0.11230968551151856,0.5499398013240278,-0.6249069871278863
2023-11-27 12:00:00,5,0.6182136058805039,0.5810072409225686,-0.04743291898624457,0.34775118811778505,0.27728017889553414
2023-11-27 16:00:00,5,0.22745038245031424,0.15317064171200706,-0.10779909979435554,-0.10304104714437301,0.6182136058805039
2023-11-27 20:00:00,5,-0.5291396028831183,-0.88605955374997,-0.038609980946859766,-0.2688945083763947,0.22745038245031424
2023-11-28 00:00:00,5,0.25901813642137483,-0.6383554179351416,0.09535296969762928,0.11694627882154762,-0.5291396028831183
2023-11-28 04:00:00,5,-1.496832909125164,-1.6701637343502442,-0.044199414522720366,-0.07192592259907293,0.25901813642137483
2023-11-28 08:00:00,5,1.1183388997545176,1.25732712971153,0.2666941890318699,1.0195425383019963,-1.496832909125164
2023-11-28 12:00:00,5,0.8543280823246935,0.47462801374127495,-0.19635202985961228,0.20406632165850525,1.1183388997545176
2023-11-28 16:00:00,5,1.2528430066284937,-0.14650563606400524,-0.14960588096712324,-0.4188971042755778,0.8543280823246935
2023-11-28 20:00:00,5,-1.0259570487521987,-2.0483991097417547,-0.22016752752668578,-1.3324517300852676,1.2528430066284937
2023-11-29 00:00:00,5,-0.2014709313771892,-1.3627702703524913,0.1833202072641556,-0.58433899544033,-1.0259570487521987
2023-11-29 04:00:00,5,-1.6921345960138172,-1.9805025502516567,0.037335466268279556,-0.4374293664189537,-0.2014709313771892
2023-11-29 08:00:00,5,1.3406028453347822,1.0979241675089897,0.3012745968467049,0.7964502014936023,-1.6921345960138172
2023-11-29 12:00:00,5,-0.30005119427351445,0.11289603152004865,-0.23570641539076143,-0.18109760317909362,1.3406028453347822
2023-11-29 16:00:00,5,1.2689402617094547,0.448083759574002,0.05479023456934448,0.037695298292220514,-0.30005119427351445
2023-11-29 20:00:00,5,-0.5281847900655539,-1.2716142125664103,-0.22301773150734272,-0.8875972082928314,1.2689402617094547
2023-11-30 00:00:00,5,-0.6129718896556291,-0.9953473450884435,0.0951839091168211,-0.5024526565063923,-0.5281847900655539
2023-11-30 04:00:00,5,-0.8914077281452712,-1.274495794729055,0.11019643936154667,-0.05548260333654653,-0.6129718896556291
2023-11-30 08:00:00,5,1.793706900185116,1.138167861315118,0.15949670398612606,0.5945187529555742,-0.8914077281452712
2023-11-30 12:00:00,5,0.27259875712468684,-0.22491395878753326,-0.3159336947803805,-0.7134258397357449,1.793706900185116
2023-11-30 16:00:00,5,-0.07700609343122089,-0.36817384542987946,-0.04660401946894833,-0.912200829294413,0.27259875712468684
2023-11-30 20:00:00,5,-0.8591234589261454,-1.4271299679648433,0.015297536523039916,-0.8560491227378666,-0.07700609343122089
2023-12-01 00:00:00,5,-0.23759020057907243,-0.8536942180132983,0.15378040315234068,-0.2295889789759471,-0.8591234589261454
2023-12-01 04:00:00,5,-1.1212701009701274,-1.4414694091126816,0.04373079791580921,-0.0563417120496883,-0.23759020057907243
2023-12-01 08:00:00,5,1.1748575648133617,1.1648350598114283,0.20019647837210436,0.761271893249468,-1.1212701009701274
2023-12-01 12:00:00,5,0.1450613079657579,1.974132602398094,-0.20635930894675691,-0.09541689961938893,1.1748575648133617
2023-12-01 16:00:00,5,0.6405590444655296,0.2327319453175205,-0.024022048602030138,-0.20119346397500415,0.1450613079657579
2023-12-01 20:00:00,5,-1.1199293253575835,-1.1889770485297868,-0.1117556164603487,-0.6682796631872296,0.6405590444655296
2023-12-02 00:00:00,5,0.6008649539292783,-0.5801645855990705,0.19995907864346615,0.14835626832795512,-1.1199293253575835
2023-12-04 04:00:00,5,-2.1695875383412915,-1.987679811008415,-0.10472732161840437,-0.2897855860343217,0.6008649539292783
2023-12-04 08:00:00,5,1.899726794578518,1.5266993831818128,0.38581312654967687,1.2922456192038947,-2.1695875383412915
2023-12-04 12:00:00,5,0.8599961722152436,0.0375930541939207,-0.33470573532450437,-0.09300711540026718,1.899726794578518
2023-12-04 16:00:00,5,0.03917776501933545,-0.6103842991313585,-0.15060948141251065,-0.7201036288094951,0.8599961722152436
2023-12-04 20:00:00,5,-1.2639977955059294,-1.5053601630202085,-0.005274150648366287,-0.7486714767145681,0.03917776501933545
2023-12-05 00:00:00,5,-0.2876404498179159,-0.5483105989897128,0.22546805672940312,0.17301705647617105,-1.2639977955059294
2023-12-05 04:00:00,5,-0.7259373066073422,-1.053227420459808,0.052592769655459844,0.38276022629940876,-0.2876404498179159
2023-12-05 08:00:00,5,1.4571841172108542,1.2490863101021716,0.1301982644834682,0.9121029939009517,-0.7259373066073422
2023-12-05 12:00:00,5,0.4404026412337725,0.16336626956587516,-0.25634846917570975,-0.15045415323658418,1.4571841172108542
2023-12-05 16:00:00,5,0.027265881205547515,-0.12230142465768246,-0.07631562533292521,-0.4715892579458547,0.4404026412337725
2023-12-05 20:00:00,5,-0.6635364547238538,-1.0985812439600688,-0.00316501474336735,-0.491471136018621,0.027265881205547515
2023-12-06 00:00:00,5,-0.10785148844495751,-0.6998331056377145,0.11914947662863316,-0.007630148441403861,-0.6635364547238538
2023-12-06 04:00:00,5,-0.9955876220710511,-1.3802867354091246,0.02075906814510324,0.0710135648156136,-0.10785148844495751
2023-12-06 08:00:00,5,1.2248706317445723,1.1370197169692253,0.17794295130458188,0.796981361841901,-0.9955876220710511
2023-12-06 12:00:00,5,-0.15180991439671665,0.2252546544334901,-0.21521469713159078,-0.09617622113410107,1.2248706317445723
2023-12-06 16:00:00,5,0.48498381139323676,0.4196585832425239,0.02854241257252084,0.014521327407205575,-0.15180991439671665
2023-12-06 20:00:00,5,-0.9618467641213542,-0.6751702257048182,-0.08420923377807783,-0.3391217084695839,0.48498381139323676
2023-12-07 00:00:00,5,0.23508721684870793,-0.0396759197678921,0.17196874469883888,0.36224275302651243,-0.9618467641213542
2023-12-07 04:00:00,5,-1.8425706317460957,-1.0176421565795042,-0.03996217022959431,0.1908206248870794,0.23508721684870793
2023-12-07 08:00:00,5,2.528808174069116,2.1942182612727636,0.32791102558700125,1.5343959293002012,-1.8425706317460957
2023-12-07 12:00:00,5,-0.002642520640899093,0.22334610846680863,-0.4460918221426194,-0.30957366065117853,2.528808174069116
2023-12-07 16:00:00,5,0.7287740913009504,0.27859381864165794,0.0021306114717289785,-0.30764677360905246,-0.002642520640899093
2023-12-07 20:00:00,5,-1.693030962395902,-1.4495406309046035,-0.12737510415434286,-0.8390580827322065,0.7287740913009504
2023-12-08 00:00:00,5,-0.1311544949573431,-0.20212941531126696,0.30143330881452146,0.3954751023138936,-1.693030962395902
2023-12-08 04:00:00,5,-0.40742797925107865,-0.8707328742516904,0.024885133215751976,0.4911110239178722,-0.1311544949573431
2023-12-08 08:00:00,5,1.4216569698116555,1.1402380405626045,0.0738025281830037,0.7882014918854097,-0.40742797925107865
2023-12-08 12:00:00,5,0.9183147750166345,0.08430763365609792,-0.2500579794972337,-0.24844978382478544,1.4216569698116555
2023-12-08 16:00:00,5,0.07332682600368123,-0.662562858522061,-0.1609354601595004,-0.9180713614903411,0.9183147750166345
2023-12-08 20:00:00,5,-2.682718467883925,-1.5871530512668772,-0.011320634291928481,-0.9715402005525284,0.07332682600368123
2023-12-09 00:00:00,5,-0.0743196080255224,0.35423460353279046,0.4766688538537943,0.9846585036057682,-2.682718467883925
2023-12-11 04:00:00,5,-0.954273678274852,-0.3041148161410356,0.014821863412389207,1.0388512646627106,-0.0743196080255224
2023-12-11 08:00:00,5,1.9787543795780103,2.1707359604132663,0.17062784282973162,1.7346935437543713,-0.954273678274852
2023-12-11 12:00:00,5,0.6894735549798945,0.6302979602668297,-0.3486984773301688,0.29181506078358943,1.9787543795780103
2023-12-11 16:00:00,5,0.10502659898581435,0.1272430638339535,-0.12041649260840846,-0.21093887741364092,0.6894735549798945
2023-12-11 20:00:00,5,-0.8021195924554068,-0.7470663102687995,-0.016933443350689033,-0.2875227229784212,0.10502659898581435
2023-12-12 00:00:00,5,-0.36439098571043615,-0.24444508720022498,0.14368721357992095,0.29737104285118043,-0.8021195924554068
2023-12-12 04:00:00,5,-0.2742998184219765,-0.7323072110871263,0.06618233395186877,0.5630795704463178,-0.36439098571043615
2023-12-12 08:00:00,5,1.113312953187906,1.1836979920509703,0.050230657573745,0.7630949487916929,-0.2742998184219765
2023-12-12 12:00:00,5,1.4995831723752797,0.36623575993561375,-0.19546212826839823,-0.0487164218090701,1.113312953187906
2023-12-12 16:00:00,5,0.12384841350505127,-0.8011478556617083,-0.2638557090869832,-1.1421903340723958,1.4995831723752797
2023-12-12 20:00:00,5,-1.6744081716777366,-1.8119555644215168,-0.020266061886961437,-1.2324987689346436,0.12384841350505127
2023-12-13 00:00:00,5,-0.004695906407606643,-0.5904553950109606,0.29813592972914965,-0.011545047968283484,-1.6744081716777366
2023-12-13 04:00:00,5,-1.9081177895296992,-1.3704601478524667,0.0024941870165444595,-0.008120862337408497,-0.004695906407606643
2023-12-13 08:00:00,5,2.757705139794483,1.8922811963752189,0.3395169030546783,1.383250461916246,-1.9081177895296992
2023-12-13 12:00:00,5,-0.5661767830609978,-0.3283429456277547,-0.4866206601084392,-0.6276274164366811,2.757705139794483
2023-12-13 16:00:00,5,0.5329623300271127,0.14935685527592946,0.10191082803088981,-0.214779664200476,-0.5661767830609978
2023-12-13 20:00:00,5,1.9344206319690187,-1.0376143460430036,-0.0927043818085042,-0.6034079276002462,0.5329623300271127
2023-12-14 00:00:00,5,-2.3685687006324763,-2.5177950152224167,-0.3408486778906333,-2.013958896274831,1.9344206319690187
2023-12-14 04:00:00,5,-1.308853840327723,-1.4983630719544967,0.42104502776424235,-0.28683356487847433,-2.3685687006324763
2023-12-14 08:00:00,5,1.5911119905784528,1.269672237577189,0.23341033489202076,0.6675633340258216,-1.308853840327723
2023-12-14 12:00:00,5,1.2675560204843634,0.06632419652535598,-0.28006193807915836,-0.4926520413114943,1.5911119905784528
2023-12-14 16:00:00,5,0.44623221431239735,-0.8886108330924399,-0.2227726356925531,-1.416935179629549,1.2675560204843634
2023-12-14 20:00:00,5,-1.6034064888419142,-2.365193527021538,-0.07734781823231457,-1.742321122970873,0.44623221431239735
2023-12-15 00:00:00,5,-0.7909719568820233,-1.1880668769957197,0.2855642659247191,-0.5731407809927482,-1.6034064888419142
2023-12-15 04:00:00,5,-0.5439855633464035,-1.3136695556012867,0.14171339660762547,0.003624293539520096,-0.7909719568820233
2023-12-15 08:00:00,5,1.7052909992753023,0.8279733909519387,0.09798161758798779,0.4002905359493809,-0.5439855633464035
2023-12-15 12:00:00,5,0.22866730663032797,-0.4815060887946315,-0.3002786435645632,-0.8431824870049933,1.7052909992753023
2023-12-15 16:00:00,5,-0.6125227737772239,-0.6368234196650747,-0.03882545135623007,-1.0099233113846946,0.22866730663032797
2023-12-15 20:00:00,5,-0.12556279778505264,-1.0093299383288472,0.11011691823462356,-0.5632807468834784,-0.6125227737772239
2023-12-16 00:00:00,5,-1.2363487580602666,-1.2365631271968074,0.023895058978937497,-0.4717222083122081,-0.12556279778505264
2023-12-18 04:00:00,6,-0.8342130126532012,-0.8836628862276331,0.21653022881211087,0.4637529837750449,-1.2363487580602666
2023-12-18 08:00:00,6,1.9042474666105083,1.5883028971272566,0.14605945064382594,1.0807537243365708,-0.8342130126532012
2023-12-18 12:00:00,6,-0.6533250228469711,0.20966800829647222,-0.33383183771070946,-0.3276660429052196,1.9042474666105083
2023-12-18 16:00:00,6,0.8214035082081903,0.772307605371654,0.11436040983849233,0.15554629831911448,-0.6533250228469711
2023-12-18 20:00:00,6,-0.7471389589868807,-0.629021426228658,-0.14407288876128696,-0.4519802748428159,0.8214035082081903
2023-12-19 00:00:00,6,0.14320041931765815,0.0008208642884914724,0.13080048301855002,0.10061874244069102,-0.7471389589868807
2023-12-19 04:00:00,6,-1.1807524076407958,-1.0524561550204277,-0.025223719106222044,-0.005295170945418093,0.14320041931765815
2023-12-19 08:00:00,6,1.4498044952318025,1.4730291219614247,0.20678745383593755,0.8680130835220048,-1.1807524076407958
2023-12-19 12:00:00,6,0.18187278404489504,0.41551383398674213,-0.2541946749070212,-0.20429151213805774,1.4498044952318025
2023-12-19 16:00:00,6,0.26856438511051195,0.3072172178712173,-0.03200071336018333,-0.3388082851224379,0.18187278404489504
2023-12-19 20:00:00,6,-1.6833735744832836,-0.721447003175692,-0.04719265950653852,-0.5374439117408922,0.26856438511051195
2023-12-20 00:00:00,6,0.0018204498492870869,0.5597063552683214,0.2948674247308083,0.707613077713761,-1.6833735744832836
2023-12-20 04:00:00,6,-1.1028437722710507,-0.44976183434931094,-0.00044811390415481876,0.7062666363515078,0.0018204498492870869
2023-12-20 08:00:00,6,3.825088986168364,2.15067473258933,0.19313464574006056,1.5219520954535284,-1.1028437722710507
2023-12-20 12:00:00,6,-1.7004170000940189,-0.6460959165518226,-0.6704425423476981,-1.3071607347017018,3.825088986168364
2023-12-20 16:00:00,6,0.1801669359664686,0.6309900873346291,0.29785413625585816,-0.04949808450569648,-1.7004170000940189
2023-12-20 20:00:00,6,0.010626048537011101,-0.24478328151044504,-0.03170177837890754,-0.18275317790499557,0.1801669359664686
2023-12-21 00:00:00,6,-1.2358407713194133,-0.5189751208480814,-0.0019912181888370856,-0.19061241735239598,0.010626048537011101
2023-12-21 04:00:00,6,0.5253392596761692,-0.5345902423890461,0.21644120857121965,0.7234403000645155,-1.2358407713194133
2023-12-21 08:00:00,6,0.20453470917101058,0.9337302123012814,-0.09219021426603564,0.3348888062016524,0.5253392596761692
2023-12-21 12:00:00,6,1.2195540573827888,0.8020782725722005,-0.03597201786784948,0.18361081710905935,0.20453470917101058
2023-12-21 16:00:00,6,-0.34397251809540386,-0.09752225730855446,-0.21384529608623642,-0.7183959187566273,1.2195540573827888
2023-12-21 20:00:00,6,-0.6673797616832005,-0.6636173861690063,0.060149084466052605,-0.4639869186827976,-0.34397251809540386
2023-12-22 00:00:00,6,-0.24273825140307004,-0.13870755932253623,0.1168233801017762,0.029620590368960364,-0.6673797616832005
2023-12-22 04:00:00,6,-1.173116772294632,-0.9972723541859715,0.04240866314667216,0.20915468850291852,-0.24273825140307004
2023-12-22 08:00:00,6,2.1547443439990683,1.6487453854557899,0.2054493754114276,1.0768154733291535,-1.173116772294632
2023-12-22 12:00:00,6,-0.10233209793997666,0.10208157335162288,-0.37772922828072253,-0.5168768280409708,2.1547443439990683
2023-12-22 16:00:00,6,0.08067679188893351,0.18434822436997536,0.017803710696737633,-0.4411899480061372,-0.10233209793997666
2023-12-22 20:00:00,6,-1.374711191371997,-0.6654779129512733,-0.014266999319111236,-0.5008601276683837,0.08067679188893351
2023-12-23 00:00:00,6,1.5036615886494111,-0.09975939298741766,0.24077703715008894,0.5159039484961223,-1.374711191371997
2023-12-27 04:00:00,6,-2.0855169672948826,-2.0584830717828915,-0.26363266027979376,-0.5962344378374613,1.5036615886494111
2023-12-27 08:00:00,6,1.4777443614744943,1.449445966068249,0.3653395430399651,0.9462559018685024,-2.0855169672948826
2023-12-27 12:00:00,6,0.03086339724973186,0.47667157436040586,-0.2590908925114701,-0.14671358141792545,1.4777443614744943
2023-12-27 16:00:00,6,-0.0041870606165304025,0.5005789870641909,-0.005537636850040025,-0.16954077144072777,0.03086339724973186
2023-12-27 20:00:00,6,-0.4020441584429175,-0.1698852654033388,0.0006046498509093589,-0.1664439371046651,-0.0041870606165304025
2023-12-28 00:00:00,6,0.16536183532815052,0.025554129143785683,0.07032563238933046,0.13091601740954317,-0.4020441584429175
2023-12-28 04:00:00,6,-0.6878167876763737,-1.0417678861402977,-0.029107313761528322,0.008611074534602636,0.16536183532815052
2023-12-28 08:00:00,6,1.6941858243821706,1.218545620299375,0.12040479046291312,0.5173342194987729,-0.6878167876763737
2023-12-28 12:00:00,6,-0.07036995227172937,-0.09449121895224433,-0.2970203690456841,-0.7357197276795802,1.6941858243821706
2023-12-28 16:00:00,6,0.31023825248185943,0.006159764457294587,0.012202623743153203,-0.6836726941205562,-0.07036995227172937
2023-12-28 20:00:00,6,-0.7522964253398161,-0.9922114973761421,-0.0544956408915133,-0.9131311521264092,0.31023825248185943
2023-12-29 00:00:00,6,-0.769820733221195,-0.471715317947135,0.13170428396492,-0.35671756888562633,-0.7522964253398161
2023-12-29 04:00:00,6,-1.1266178818608577,-0.9421398068618274,0.13477526590911723,0.21265734530616776,-0.769820733221195
2023-12-29 08:00:00,6,1.5773806766817895,1.6640451259328422,0.19730085086404392,1.0459266145389456,-1.1266178818608577
2023-12-29 12:00:00,6,0.9281143769356728,0.4685082939591064,-0.276551286785476,-0.12073589359517634,1.5773806766817895
2023-12-29 16:00:00,6,0.08422140669490297,-0.18258753775771772,-0.162773036768839,-0.8071879738304322,0.9281143769356728
2023-12-29 20:00:00,6,-0.6900329885420415,-0.999993109798491,-0.014888162114352526,-0.8694798219719715,0.08422140669490297
2023-12-30 00:00:00,6,-1.8033207164972964,-0.9083931585260001,0.1207931603140507,-0.35911753022561044,-0.6900329885420415
2024-01-02 04:00:00,6,0.8482501482422897,-0.1482637258954467,0.3158871140604223,0.9746547805298977,-1.8033207164972964
2024-01-02 08:00:00,6,1.5719935659450144,1.0354744674512648,-0.14877752801809246,0.3472718918569626,0.8482501482422897
2024-01-02 12:00:00,6,-0.32878871534193976,-0.17041229931397073,-0.27560724266595865,-0.8154062007098393,1.5719935659450144
2024-01-02 16:00:00,6,-0.22239513094592844,-0.0015775090747974496,0.057488255609599595,-0.5722274468696806,-0.32878871534193976
2024-01-02 20:00:00,6,-1.1512962635154746,-0.6917946261255472,0.038843708910796526,-0.40773953022295295,-0.22239513094592844
2024-01-03 00:00:00,6,0.5367326255350324,0.14955751000967168,0.20162552177181006,0.4437823669667207,-1.1512962635154746
2024-01-03 04:00:00,6,-1.1480964628451407,-1.1565415793433507,-0.09418680215258951,0.04680411031571907,0.5367326255350324
2024-01-03 08:00:00,6,1.2485751669324614,1.4492824912320932,0.20106478464312338,0.8959593705034514,-1.1480964628451407
2024-01-03 12:00:00,6,-0.21347914155053438,0.45569310953262465,-0.21893099213944917,-0.027511962308663485,1.2485751669324614
2024-01-03 16:00:00,6,0.5345735331601897,0.46768524843650766,0.03728125961846222,0.13038150906286994,-0.21347914155053438
2024-01-03 20:00:00,6,0.7290414446791189,-0.5054927387186693,-0.09380844006583108,-0.26499983939560323,0.5345735331601897
2024-01-04 00:00:00,6,-1.2429462113584702,-1.03964250719876,-0.12788724357937553,-0.8042135707139622,0.7290414446791189
2024-01-04 04:00:00,6,-1.1286504384051614,-1.0535304665264147,0.2176863748975147,0.11509447321981803,-1.2429462113584702
2024-01-04 08:00:00,6,1.9593122342296798,1.5301092636893672,0.19765703865133732,0.9498670621971304,-1.1286504384051614
2024-01-04 12:00:00,6,-0.4113168448767439,0.09159921679971407,-0.34348145744260067,-0.49927971587348985,1.9593122342296798
2024-01-04 16:00:00,6,0.4929868814978775,0.41662609794410954,0.07195058972317996,-0.19506149577257226,-0.4113168448767439
2024-01-04 20:00:00,6,-1.3738281617935382,-0.7392129396800463,-0.08652074247234813,-0.5596845193380879,0.4929868814978775
2024-01-05 00:00:00,6,0.29737176565559054,0.2984788221170986,0.24062229392656226,0.456426450370893,-1.3738281617935382
2024-01-05 04:00:00,6,-1.4996930414920087,-0.9989413549536518,-0.05224090141785291,0.23648430508112206,0.29737176565559054
2024-01-05 08:00:00,6,1.8536187027767603,1.8685538181085248,0.26267901511515057,1.3456874740326565,-1.4996930414920087
2024-01-05 12:00:00,6,-0.02859594531445353,0.8509512233033713,-0.3249595889096213,-0.025286240096409784,1.8536187027767603
2024-01-05 16:00:00,6,2.504962470258679,0.4915181329900856,0.004882093770104817,-0.004136103178790762,-0.02859594531445353
2024-01-05 20:00:00,6,-2.993744046642174,-2.1758974637427575,-0.4391018970077235,-1.856856782172752,2.504962470258679
2024-01-06 00:00:00,6,-0.48862252490941316,-0.3176087387612433,0.5244984085875285,0.35737659205270766,-2.993744046642174
2024-01-08 04:00:00,6,-0.1290742486989771,-0.5609872926522637,0.08549773516088799,0.718771649611563,-0.48862252490941316
2024-01-08 08:00:00,6,1.2470847422570337,1.2283821254532816,0.022490039120421308,0.8142375627857081,-0.1290742486989771
2024-01-08 12:00:00,6,0.5776664178623143,0.359902277266479,-0.21866980822859766,-0.1081314219276095,1.2470847422570337
2024-01-08 16:00:00,6,-1.0162632779968384,0.006899918602846029,-0.10136009184799455,-0.5353851355624304,0.5776664178623143
2024-01-08 20:00:00,6,-0.06804764366425964,0.03293788201163562,0.17796217008877946,0.2162636467255119,-1.0162632779968384
2024-01-09 00:00:00,6,0.5683899493610518,0.0999009128960833,0.011795659436735634,0.2665930540800918,-0.06804764366425964
2024-01-09 04:00:00,6,-1.3619382612255801,-1.3458186925363154,-0.09973447173984967,-0.15379959667479248,0.5683899493610518
2024-01-09 08:00:00,6,1.4617034242589941,1.407987271187319,0.2385386926676904,0.85351736317776,-1.3619382612255801
2024-01-09 12:00:00,6,-0.01911242758071552,0.2585560960705119,-0.2562798583245425,-0.227587919968963,1.4617034242589941
2024-01-09 16:00:00,6,-0.016101656678712217,0.36954846901495825,0.003220190091801502,-0.2134519837124369,-0.01911242758071552
2024-01-09 20:00:00,6,-0.427668257488504,-0.43994756850707023,0.0026925787795173146,-0.20154287423518724,-0.016101656678712217
2024-01-10 00:00:00,6,-0.1460669040020619,-0.18256045366378845,0.07481603201241246,0.11476917985975632,-0.427668257488504
2024-01-10 04:00:00,6,-0.7540832894329466,-1.0346408773721323,0.02546785359235206,0.2228032030334841,-0.1460669040020619
2024-01-10 08:00:00,6,0.5414506047216037,1.2572379739391624,0.13201741629538818,0.7805383869350351,-0.7540832894329466
2024-01-10 12:00:00,6,0.4324809398058225,0.8517997041388258,-0.09501358681039926,0.3800706178838258,0.5414506047216037
2024-01-10 16:00:00,6,0.2839524797572981,0.5820572761095951,-0.07591760449333604,0.06019900704638026,0.4324809398058225
2024-01-10 20:00:00,6,-0.7658022488240164,-0.25204541923194423,-0.04988928873353881,-0.14981796420334526,0.2839524797572981
2024-01-11 00:00:00,6,0.010429520409733328,0.22197072423588468,0.13407106160556884,0.41658479801840365,-0.7658022488240164
2024-01-11 04:00:00,6,-1.40649247354024,-0.7160515683315146,-0.0019567783505004036,0.40887091473092063,0.010429520409733328
2024-01-11 08:00:00,6,1.2089092587299497,1.977490191880987,0.246346429354492,1.4491410670850478,-1.40649247354024
2024-01-11 12:00:00,6,2.211701428930061,1.1212245167002264,-0.21197988806648693,0.55500743862995,1.2089092587299497
2024-01-11 16:00:00,6,0.4699924040434489,-0.4391841248405354,-0.3877104600989016,-1.0808114695535576,2.211701428930061
2024-01-11 20:00:00,6,-1.1953584861213482,-1.925788774581684,-0.08249116107279768,-1.4284273146130886,0.4699924040434489
2024-01-12 00:00:00,6,0.15804099329093013,-0.9262911332860796,0.2093470415579135,-0.5443161104163909,-1.1953584861213482
2024-01-12 04:00:00,6,-2.6217080348729045,-1.965385396142325,-0.0278244001158195,-0.6612064111196254,0.15804099329093013
2024-01-12 08:00:00,6,2.1370992841337717,1.762641216871146,0.4593023459259847,1.2778616380683747,-2.6217080348729045
2024-01-12 12:00:00,6,-0.17267799942051987,0.19922434525747754,-0.3746370856056795,-0.30278002175216123,2.1370992841337717
2024-01-12 16:00:00,6,0.5586383486123765,0.36653819236366153,0.030131215711904302,-0.17506389660771227,-0.17267799942051987
2024-01-12 20:00:00,6,-1.6887087002223655,-0.974843079344932,-0.0980255888539228,-0.5882440671059577,0.5586383486123765
2024-01-13 00:00:00,6,0.5865957542478917,-0.0009525716795423442,0.2958023589333825,0.6607588887650326,-1.6887087002223655
2024-01-15 04:00:00,7,-1.1178155028003651,-1.186020646678904,-0.1487286094870505,0.24316418050072564,0.5865957542478917
2024-01-15 08:00:00,7,1.571096453957944,1.4978079379990137,0.28189908606764624,1.1198012479678372,-1.1178155028003651
2024-01-15 12:00:00,7,-0.01924944066089118,0.26584161461765476,-0.3974674428143658,-0.11231745557070383,1.571096453957944
2024-01-15 16:00:00,7,-0.0223021417221112,0.4129938343356804,0.004341090720326504,-0.09722124947133359,-0.01924944066089118
2024-01-15 20:00:00,7,-0.41309459607515286,-0.48194450971320174,0.005112370314834214,-0.07973098916582799,-0.0223021417221112
2024-01-16 04:00:00,7,-1.7200308159532245,-0.9252382047237876,0.10384796206964136,0.24423484811466167,-0.41309459607515286
2024-01-16 08:00:00,7,2.9643810171675664,2.14975761589436,0.43405167920404764,1.5931540272393292,-1.7200308159532245
2024-01-16 12:00:00,7,0.5558742526932949,-0.2649679955298001,-0.7494874838847144,-0.7316359539648012,2.9643810171675664
2024-01-16 16:00:00,7,-0.5901256709928244,-0.692855390276614,-0.1409666744706465,-1.1675754927712774,0.5558742526932949
2024-01-16 20:00:00,7,-1.4408563039505236,-1.025639702432244,0.1485757139652681,-0.7047745776290206,-0.5901256709928244
2024-01-17 00:00:00,7,-0.8571048879636578,0.1731395868687115,0.3635168970238767,0.42520442317418095,-1.4408563039505236
2024-01-17 04:00:00,7,1.0404648155516352,-0.16758110922623537,0.21602929624461367,1.0973814627785234,-0.8571048879636578
2024-01-17 08:00:00,7,1.6225150149963383,0.652328786503762,-0.2634008091363812,0.28140599775512243,1.0404648155516352
2024-01-17 12:00:00,7,-1.101433787111663,-0.643100287525951,-0.41045858938015933,-0.9910372642182885,1.6225150149963383
2024-01-17 16:00:00,7,0.6078377556810448,0.3375754767670623,0.2777601668677842,-0.12724741453036081,-1.101433787111663
2024-01-17 20:00:00,7,-1.1516718939000672,-0.903934189314354,-0.15409550323895518,-0.6039388777468861,0.6078377556810448
2024-01-18 00:00:00,7,-0.5251201462234061,0.08657980725771831,0.2904530659940123,0.29924976941679304,-1.1516718939000672
2024-01-18 04:00:00,7,-0.3228561970575399,-0.46531978818016734,0.1321517557133978,0.7110706682144361,-0.5251201462234061
2024-01-18 08:00:00,7,2.0296724545579856,1.5177326664796065,0.08104879686886865,0.9642678273995262,-0.3228561970575399
2024-01-18 12:00:00,7,0.12129501807221388,-0.11797382704971057,-0.5133288732986249,-0.6274851085948256,2.0296724545579856
2024-01-18 16:00:00,7,-0.1751228492244845,-0.1354706078416366,-0.03116814224028732,-0.7226096695575368,0.12129501807221388
2024-01-18 20:00:00,7,-1.2172581640205333,-0.9387334060560096,0.043723256527094266,-0.5852711010674412,-0.1751228492244845
2024-01-19 00:00:00,7,-0.7432711082664518,0.06437230830580765,0.3070237523499078,0.3693530069218127,-1.2172581640205333
2024-01-19 04:00:00,7,-0.6112667610317324,-0.30087045425934295,0.1872686447148984,0.9522568967420817,-0.7432711082664518
2024-01-19 08:00:00,7,2.5906474195360367,1.9357767386978522,0.153917111968433,1.4316375275246536,-0.6112667610317324
2024-01-19 12:00:00,7,-1.6110235328249907,-0.12201766609730633,-0.6550618942660728,-0.6000551364380726,2.5906474195360367
2024-01-19 16:00:00,7,1.062975702255759,1.2434378006646483,0.4065104652287983,0.6633760307788208,-1.6110235328249907
2024-01-19 20:00:00,7,-1.5445898067485544,-0.45308979895958845,-0.26908829285030467,-0.17025340098323127,1.062975702255759
2024-01-20 00:00:00,7,0.21314835606631632,0.5663157589431891,0.3897256650527233,1.0410776954593164,-1.5445898067485544
2024-01-22 04:00:00,7,-0.7837439446173562,-0.44328953858452835,-0.05437532953492457,0.8739179545814135,0.21314835606631632
2024-01-22 08:00:00,7,1.7882406109173203,1.891999054247578,0.1974943013328533,1.4885623136310393,-0.7837439446173562
2024-01-22 12:00:00,7,0.02785773367012645,0.4308080179772098,-0.4523299576727361,0.08615019718347838,1.7882406109173203
2024-01-22 16:00:00,7,0.173334782673626,0.5231213258229224,-0.007560763273169586,0.06430301230397006,0.02785773367012645
2024-01-22 20:00:00,7,-0.5675036487548724,-0.3336197100356741,-0.044316238871803824,-0.07163328057476015,0.173334782673626
2024-01-23 00:00:00,7,-0.49515425968943916,0.12837821678090464,0.14286015132460164,0.37342651075486977,-0.5675036487548724
2024-01-23 04:00:00,7,-0.2292182188558023,-0.43498972206332465,0.12458073046346875,0.7617469241599082,-0.49515425968943916
2024-01-23 08:00:00,7,0.7777466185999096,1.4778649874431233,0.057390711648727714,0.9415093148982585,-0.2292182188558023
2024-01-23 12:00:00,7,0.5086999943149078,0.7525312128184636,-0.19702379404347786,0.33156830651733316,0.7777466185999096
2024-01-23 16:00:00,7,0.11122746174515541,0.47270542807456456,-0.12904787137017418,-0.06737523123068456,0.5086999943149078
2024-01-23 20:00:00,7,-1.182712133236576,-0.2680407625928361,-0.028624525749220253,-0.15460439887222321,0.11122746174515541
2024-01-24 00:00:00,7,-0.054510610914022095,0.6438012485539989,0.29829553164288164,0.772927285507583,-1.182712133236576
2024-01-24 04:00:00,7,-0.6595574842537744,-0.29887083633158446,0.013249994851225279,0.8156767571134029,-0.054510610914022095
2024-01-24 08:00:00,7,3.3118231001472633,1.9134283073315224,0.16611799527742468,1.3329289667792352,-0.6595574842537744
2024-01-24 12:00:00,7,-0.9529925397890153,-0.7378931085157923,-0.837270395968611,-1.2643394404039103,3.3118231001472633
2024-01-24 16:00:00,7,0.25835623827839527,0.0808331060459552,0.24025577231777406,-0.5169633454170803,-0.9529925397890153
2024-01-24 20:00:00,7,-1.0121525017970239,-0.838265746759238,-0.06579731824650495,-0.7195769739799474,0.25835623827839527
2024-01-25 00:00:00,7,-1.1136495866299612,-0.027218713468201514,0.2552028210439905,0.07419480569388348,-1.0121525017970239
2024-01-25 04:00:00,7,-1.1194089870944985,-0.1084180230726125,0.28084654732565156,0.9475647897059982,-1.1136495866299612
2024-01-25 08:00:00,7,2.2508872968508182,2.4994681447585116,0.2823016875329015,1.825451533345218,-1.1194089870944985
2024-01-25 12:00:00,7,0.45398548468847366,0.6772549776358295,-0.5692198663703522,0.06021278494088733,2.2508872968508182
2024-01-25 16:00:00,7,0.7173102446810269,0.411815097861933,-0.11522398755316561,-0.2958213754128671,0.45398548468847366
2024-01-25 20:00:00,7,-1.5448810875218388,-1.0676246877278377,-0.18175425371349777,-0.8583656841882963,0.7173102446810269
2024-01-26 00:00:00,7,-1.2171299073161883,0.15373889217403164,0.38979925853999947,0.35319384666248865,-1.5448810875218388
2024-01-26 04:00:00,7,0.1448442432602306,0.17166688919813672,0.30699134767714875,1.3077173704489855,-1.2171299073161883
2024-01-26 08:00:00,7,1.5231500779379914,1.761668122228129,-0.037117967162458174,1.1941245348396752,0.1448442432602306
2024-01-26 12:00:00,7,-0.10472468014089031,0.5078668524414912,-0.38535356048092695,-0.00039264110821513043,1.5231500779379914
2024-01-26 16:00:00,7,-0.09076506557868846,0.7223315710882816,0.025936820772006,0.08173677672518309,-0.10472468014089031
2024-01-26 20:00:00,7,-1.2945568863756893,0.01907172016603941,0.02240985706245889,0.15291848848175427,-0.09076506557868846
2024-01-27 00:00:00,7,0.8525636200347293,0.718776276942094,0.326553646053362,1.168163445899756,-1.2945568863756893
2024-01-29 04:00:00,7,-1.2178650376760842,-0.8012637184623077,-0.21592666902916957,0.49954785609623187,0.8525636200347293
2024-01-29 08:00:00,7,0.7239842520564963,1.9053433544472786,0.30717708189563925,1.4546478994615768,-1.2178650376760842
2024-01-29 12:00:00,7,1.1246914336451272,1.325372789956552,-0.18344047375242822,0.8868695585589954,0.7239842520564963
2024-01-29 16:00:00,7,-0.09110041268546176,0.5100909482634222,-0.28468106899384066,0.004840102243493405,1.1246914336451272
2024-01-29 20:00:00,7,-0.2689293039136942,-0.11823376504247565,0.022494584120675353,0.0762848070463491,-0.09110041268546176
2024-01-30 00:00:00,7,-1.2121021749261693,0.0988789941124948,0.06742390814149905,0.2871902702003837,-0.2689293039136942
2024-01-30 04:00:00,7,-0.01932023185117515,0.11345132533679723,0.3057210669253488,1.237770838671489,-1.2121021749261693
2024-01-30 08:00:00,7,1.6342437103732763,1.8070812129282323,0.004358976454776741,1.252922562144967,-0.01932023185117515
2024-01-30 12:00:00,7,-0.3999731363013872,0.4893980935153896,-0.41342190063567213,-0.02871882697437833,1.6342437103732763
2024-01-30 16:00:00,7,1.5550053247529103,0.8826340502943175,0.10053276219559454,0.2849566198184643,-0.3999731363013872
2024-01-30 20:00:00,7,-2.3495677935974957,-1.2143542659876465,-0.39340194168617165,-0.9345427558585495,1.5550053247529103
2024-01-31 00:00:00,7,-0.2645611551360396,0.763415805744856,0.5931072221831009,0.908085312221063,-2.3495677935974957
2024-01-31 04:00:00,7,-1.0426362447910087,-0.05818505322506229,0.06632027435934539,1.1155650927601144,-0.2645611551360396
2024-01-31 08:00:00,7,2.3799665753957697,2.530739182323856,0.26290468521737975,1.9332434822427373,-1.0426362447910087
2024-01-31 12:00:00,7,-0.09550712756198543,0.585992988649763,-0.601832366454363,0.06677543443171885,2.3799665753957697
2024-01-31 16:00:00,7,1.0599381759780364,0.7706786857679553,0.023607961813058347,0.14167606697653312,-0.09550712756198543
2024-01-31 20:00:00,7,1.1507879346782648,-0.7160814934528044,-0.2683208472377781,-0.6895712112711099,1.0599381759780364
2024-02-01 00:00:00,7,-2.273489867699597,-1.7820877409986444,-0.2912744754005801,-1.5920666211178798,1.1507879346782648
2024-02-01 04:00:00,7,-1.1020539867602057,-0.9510457083448,0.5738857685717642,0.19089799651661643,-2.273489867699597
2024-02-01 08:00:00,7,1.3964462675137543,1.7013498274719427,0.2779168632896902,1.0551742323745152,-1.1020539867602057
2024-02-01 12:00:00,7,1.2813953729265162,0.5274112856952177,-0.3533412338341994,-0.0399765843406108,1.3964462675137543
2024-02-01 16:00:00,7,-1.1050797129152894,-0.4394291480024978,-0.32427307237801983,-1.0448997395250519,1.2813953729265162
2024-02-01 20:00:00,7,-0.6607522050745818,-0.4695844712796352,0.2786813275445202,-0.17825060429609785,-1.1050797129152894
2024-02-02 00:00:00,7,-0.8824444203638855,0.08074890417537173,0.16641984723467265,0.33993855476269985,-0.6607522050745818
2024-02-02 04:00:00,7,-0.27718837511528704,-0.16943959736051029,0.2224314508882301,1.031987901844147,-0.8824444203638855
2024-02-02 08:00:00,7,2.300016507589504,1.7876101806521374,0.06951060217397304,1.249370469618782,-0.27718837511528704
2024-02-02 12:00:00,7,1.325446876649936,-0.2291545360958571,-0.5816325975802249,-0.5543974341971882,2.300016507589504
2024-02-02 16:00:00,7,-0.856524414755194,-0.8484134175056749,-0.33540289650684413,-1.593867597313503,1.325446876649936
2024-02-02 20:00:00,7,-1.5577356930931803,-1.1159862669857836,0.21588263689872028,-0.9221457887646771,-0.856524414755194
2024-02-03 00:00:00,7,0.8351178508765464,-0.21919565348995532,0.393047036417293,0.2994948544908631,-1.5577356930931803
2024-02-05 04:00:00,7,-1.6319339897643896,-1.7408209958999634,-0.21151891160636418,-0.35543904287216144,0.8351178508765464
2024-02-05 08:00:00,7,1.6956172939892937,1.2857583238974646,0.4117935926709413,0.9243909679864863,-1.6319339897643896
2024-02-05 12:00:00,7,-0.340912899933528,-0.07635641171962,-0.4289282314998966,-0.40538211927652057,1.6956172939892937
2024-02-05 16:00:00,7,0.5334356215911313,0.24257960869394662,0.08561090963164682,-0.1380241482063962,-0.340912899933528
2024-02-05 20:00:00,7,-1.097109153225066,-0.9724844142714258,-0.13529744648182135,-0.5563663861004251,0.5334356215911313
2024-02-06 00:00:00,7,-1.2666198980670202,-0.06294528717877608,0.27666752733199035,0.3040319071466424,-1.097109153225066
2024-02-06 04:00:00,7,0.36531435462406847,-0.0008904367392865813,0.31949523169101185,1.2973675249254804,-1.2666198980670202
2024-02-06 08:00:00,7,1.3642920575381936,1.404755228334732,-0.09282080038577148,1.010872925647698,0.36531435462406847
2024-02-06 12:00:00,7,0.2756624109950252,0.33699568219067166,-0.34521731814959095,-0.05906123208472458,1.3642920575381936
2024-02-06 16:00:00,7,-0.3699499338799672,0.2016851584844671,-0.07016980595744648,-0.27524707579524055,0.2756624109950252
2024-02-06 20:00:00,7,-0.53188351559964,-0.2838662126609545,0.09294725581123825,0.014882936119709811,-0.3699499338799672
2024-02-07 00:00:00,7,-0.8211910320721714,0.14639442469829894,0.13386055349129838,0.43200794841490797,-0.53188351559964
2024-02-07 04:00:00,7,0.10815503247252067,-0.16708524382533407,0.20695548795035384,1.0760198594883992,-0.8211910320721714
2024-02-07 08:00:00,7,1.0889188136181929,1.4377559169276368,-0.027848261727284128,0.9912002177308867,0.10815503247252067
2024-02-07 12:00:00,7,0.11311072848431714,0.5681205031645317,-0.2756429446195445,0.13722512695018452,1.0889188136181929
2024-02-07 16:00:00,7,0.4969793472316155,0.5669907033158798,-0.02910034214191676,0.04851902377917661,0.11311072848431714
2024-02-07 20:00:00,7,-0.8994266886294486,-0.5130549932274282,-0.12608659355473134,-0.3412326986270653,0.4969793472316155
2024-02-08 00:00:00,7,-1.0242792857258358,0.29331723629000817,0.22672210258291323,0.3641348443587731,-0.8994266886294486
2024-02-08 04:00:00,7,-0.48880809127766156,0.1408952179064183,0.2582667112853621,1.167416948656415,-1.0242792857258358
2024-02-08 08:00:00,7,1.57278718168374,2.1684864367747125,0.1229773405143208,1.5507604347848005,-0.48880809127766156
2024-02-08 12:00:00,7,1.0827664603178153,0.8995852102012284,-0.3978946132999861,0.3173157927602439,1.57278718168374
2024-02-08 16:00:00,7,-0.3347404370134388,0.11258574678128351,-0.27408852298977415,-0.531834368556023,1.0827664603178153
2024-02-08 20:00:00,7,-1.576113599045339,-0.5358920771170957,0.08405140720980875,-0.2693170977443593,-0.3347404370134388
2024-02-09 00:00:00,7,-1.1100877850453124,0.7689869842117282,0.3976903026809791,0.9667362581097496,-1.576113599045339
2024-02-09 04:00:00,7,0.283445430328225,0.6724663881905689,0.27994664103714423,1.8373129302665152,-1.1100877850453124
2024-02-09 08:00:00,7,1.4987883515969926,2.1838676169251663,-0.07213622319744867,1.6150233214648875,0.283445430328225
2024-02-09 12:00:00,7,0.7078571822986408,0.9555886651824543,-0.37919845323754564,0.43961161711271934,1.4987883515969926
2024-02-09 16:00:00,7,0.20726286169850994,0.47226727506521643,-0.17936589207083203,-0.11551920986296871,0.7078571822986408
2024-02-09 20:00:00,7,-1.5082217196322727,-0.5112747562552561,-0.052888331097001876,-0.27806330306890636,0.20726286169850994
2024-02-10 00:00:00,7,-0.44655225405731613,0.3729927046189549,0.3805370930564675,0.9047464379629009,-1.5082217196322727
2024-02-12 04:00:00,8,-0.11405710453502493,-0.3350086393255309,0.09506146989193758,1.012083199447705,-0.44655225405731613
2024-02-12 08:00:00,8,1.7758752550748085,1.5209762202064758,0.021347471787958146,1.0921631991926883,-0.11405710453502493
2024-02-12 12:00:00,8,-1.2490071882209648,-0.07269398626963132,-0.3976495288392305,-0.15468670597776502,1.7758752550748085
2024-02-12 16:00:00,8,0.42921105573728724,1.117822232474909,0.27296530271612873,0.7222467890637674,-1.2490071882209648
2024-02-12 20:00:00,8,-0.572859766585271,0.04641267375666411,-0.09909479088505209,0.4208958002401726,0.42921105573728724
2024-02-13 00:00:00,8,-0.3664992670223448,0.2423547036503449,0.12306377835382334,0.8231031870494014,-0.572859766585271
2024-02-13 04:00:00,8,0.06932458825304622,-0.1088480622963731,0.0773137651720582,1.0804239504453665,-0.3664992670223448
2024-02-13 08:00:00,8,2.1493238211682257,1.5786377085366958,-0.019308152132889913,1.0317508490874392,0.06932458825304622
2024-02-13 12:00:00,8,2.1319789531445252,-0.2863160480392499,-0.48044287765197286,-0.47729895322613203,2.1493238211682257
2024-02-13 16:00:00,8,-2.5048713948267203,-1.4188971944649744,-0.47659752962073154,-1.974170846652946,2.1319789531445252
2024-02-13 20:00:00,8,-0.10608565656882618,-0.5100716517794316,0.5513897304937913,-0.2154895135024848,-2.5048713948267203
2024-02-14 00:00:00,8,-1.4227524091422197,-0.764947461781839,0.01958020600645552,-0.1410063027843904,-0.10608565656882618
2024-02-14 04:00:00,8,-0.021747509279563815,-0.21459272746435462,0.3114845259407858,0.8579144836563692,-1.4227524091422197
2024-02-14 08:00:00,8,2.4603449146547334,1.5571953604405564,0.0008824835334934611,0.8731835065257574,-0.021747509279563815
2024-02-14 12:00:00,8,-0.9401788281604109,-0.5672751367041662,-0.5493960889349091,-0.8542355871057019,2.4603449146547334
2024-02-14 16:00:00,8,-0.4026381979238707,0.3982132766325947,0.20449821926944964,-0.19413185550339662,-0.9401788281604109
2024-02-14 20:00:00,8,-1.7916988155175861,-0.022596342705101885,0.08532574696422063,0.08856221181060064,-0.4026381979238707
2024-02-15 00:00:00,8,-0.07099617735754649,1.148712113907795,0.3932797483345503,1.346521909057472,-1.7916988155175861
2024-02-15 04:00:00,8,0.43417491034074374,0.5812597253244693,0.011800887096792789,1.3963686405510032,-0.07099617735754649
2024-02-15 08:00:00,8,1.7590975698420515,1.981076760037221,-0.10019527481497809,1.0915325073604762,0.43417491034074374
2024-02-15 12:00:00,8,0.8192707955974843,0.4386583269712833,-0.393929924931584,-0.14353771048021535,1.7590975698420515
2024-02-15 16:00:00,8,-1.036239678988169,0.035753679971032376,-0.1855708281018465,-0.7187513753367689,0.8192707955974843
2024-02-15 20:00:00,8,-1.6430589152560415,-0.36702505543197866,0.22579485889248654,0.008797106341823735,-1.036239678988169
2024-02-16 00:00:00,8,0.4808116251123984,0.6812247339197005,0.36032636136996654,1.1623960693445294,-1.6430589152560415
2024-02-16 04:00:00,8,-1.1958730684866126,-0.29240520213387605,-0.11053460971713461,0.8248160915487404,0.4808116251123984
2024-02-16 08:00:00,8,2.228802094167021,2.430947998976102,0.2611854965836724,1.6644438850987004,-1.1958730684866126
2024-02-16 12:00:00,8,1.009451424814829,0.2584914254666843,-0.4980631685751882,0.09959203426371843,2.228802094167021
2024-02-16 16:00:00,8,-0.5096497341501571,-0.3060871464470171,-0.22773377261902988,-0.6091482951641662,1.009451424814829
2024-02-16 20:00:00,8,-0.581319937270214,-0.7730737237321927,0.10905014772562048,-0.2513209529117386,-0.5096497341501571
2024-02-17 00:00:00,8,-0.48929310899052325,-0.5131577093494889,0.1249393937025742,0.1568263573161559,-0.581319937270214
2024-02-19 04:00:00,8,-1.5713580746529878,-0.887818377793561,0.10453709473649689,0.5003612226182188,-0.48929310899052325
2024-02-19 08:00:00,8,1.3187683842767761,2.081887099833578,0.34443032307930005,1.6036187069325507,-1.5713580746529878
2024-02-19 12:00:00,8,0.014047049713223458,0.8602068275375316,-0.29630917829356596,0.6777055662553213,1.3187683842767761
2024-02-19 16:00:00,8,-0.5719730221552197,1.0242113739521854,-0.007053151189352942,0.6678430702535287,0.014047049713223458
2024-02-19 20:00:00,8,0.6993226287739773,0.5184647243522927,0.12286718758451609,1.0694278698594282,-0.5719730221552197
2024-02-20 04:00:00,8,-1.2258452010874947,-0.8177600421668922,-0.15897838320601193,0.5784303457491813,0.6993226287739773
2024-02-20 08:00:00,8,1.7063734395198082,1.978609014318888,0.2678303024669701,1.4391017067368725,-1.2258452010874947
2024-02-20 12:00:00,8,1.339846547719306,0.4791918389237193,-0.3822410132341,0.24104933500030512,1.7063734395198082
2024-02-20 16:00:00,8,0.20542352328497238,-0.424191120222772,-0.30098219593689207,-0.6996628778608418,1.339846547719306
2024-02-20 20:00:00,8,-2.5811386073823286,-1.501580257463679,-0.04948121376494969,-0.843891646067231,0.20542352328497238
2024-02-21 00:00:00,8,-0.9044683839392214,0.33589138365478727,0.5682981310217304,0.9683372358036877,-2.5811386073823286
2024-02-21 04:00:00,8,0.7306730645551234,0.39997983059444314,0.196581232746804,1.6033685058895966,-0.9044683839392214
2024-02-21 08:00:00,8,1.256914361742325,1.6125803421715925,-0.16592875817253575,1.0903597015562188,0.7306730645551234
2024-02-21 12:00:00,8,0.269157297845263,0.3424509923834105,-0.28259617434033885,0.20787454486102952,1.256914361742325
2024-02-21 16:00:00,8,-0.07946275518994561,0.2908500653439235,-0.06361095774421259,0.01889801042524475,0.269157297845263
2024-02-21 20:00:00,8,-0.06239637348661731,-0.32835448591835587,0.013677922906732691,0.07468916382413227,-0.07946275518994561
2024-02-22 00:00:00,8,-0.9377919827815404,-0.6560999661706719,0.009894315144849865,0.11849793481885662,-0.06239637348661731
2024-02-22 04:00:00,8,-1.2681429897498084,-0.5167776901872706,0.20396905691629852,0.7769258516780955,-0.9377919827815404
2024-02-22 08:00:00,8,3.7017554808367183,2.3780877891182195,0.2772076997545274,1.6672946779758178,-1.2681429897498084
2024-02-22 12:00:00,8,-0.8021108647708264,-0.5789103985604389,-0.8246161523050783,-0.9317242886187938,3.7017554808367183
2024-02-22 16:00:00,8,0.5254584795973116,0.1910810887809582,0.17388862509599295,-0.36855868742144793,-0.8021108647708264
2024-02-22 20:00:00,8,-1.3215379324874306,-1.3532009913296774,-0.12043279365027766,-0.7374854200760552,0.5254584795973116
2024-02-23 00:00:00,8,-0.5816722698582524,-0.5755349204133159,0.28904533020831935,0.19037223270243153,-1.3215379324874306
2024-02-23 04:00:00,8,-0.9096216633596512,-0.7383443670783396,0.12501750565026412,0.598766917205479,-0.5816722698582524
2024-02-23 08:00:00,8,1.3198908077446738,1.7048876862024627,0.197723712058074,1.237416327663757,-0.9096216633596512
2024-02-23 12:00:00,8,0.6222350251603945,0.4733796964748645,-0.29655801898042516,0.310715128483821,1.3198908077446738
2024-02-23 16:00:00,8,-0.03251272673293748,0.20880670408677163,-0.14188810241612332,-0.12615884669992106,0.6222350251603945
2024-02-23 20:00:00,8,-1.4118251095210397,-0.7107561667697919,0.0032691265268936145,-0.10333151683654584,-0.03251272673293748
2024-02-24 00:00:00,8,-0.002465497087413837,0.19405058612498283,0.30906194941684384,0.8879171640002284,-1.4118251095210397
2024-02-26 04:00:00,8,-0.24731048298270863,-0.5915036859737234,-0.003392328331326723,0.8896482004572395,-0.002465497087413837
2024-02-26 08:00:00,8,1.0641441258312803,1.4278593773786832,0.05088967503619795,1.0632859891326945,-0.24731048298270863
2024-02-26 12:00:00,8,0.887683873310058,0.37536190072441766,-0.23985911539416688,0.31614567137173033,1.0641441258312803
2024-02-26 16:00:00,8,-1.0817691385153818,-0.08471037566458392,-0.20073797110539868,-0.30710111924327954,0.887683873310058
2024-02-26 20:00:00,8,-0.8751049050301773,0.13013391710143452,0.2358887158948702,0.4524137982149341,-1.0817691385153818
2024-02-27 00:00:00,8,0.1826430317632095,0.6022240770796502,0.19007136506380973,1.066828839323838,-0.8751049050301773
2024-02-27 04:00:00,8,-0.6872621030151507,-0.1146083831082839,-0.044430790890343616,0.938594355407675,0.1826430317632095
2024-02-27 08:00:00,8,2.0727033503784345,1.9896626684472247,0.148426715596063,1.4211241308088152,-0.6872621030151507
2024-02-27 12:00:00,8,-0.14583732118541448,0.21441385092711365,-0.4634561599610851,-0.03413009860887506,2.0727033503784345
2024-02-27 16:00:00,8,0.5851726988568302,0.45055365039085077,0.028393128944992296,0.06826293241665482,-0.14583732118541448
2024-02-27 20:00:00,8,-1.5561594716354588,-0.8430912737953733,-0.13367140435362465,-0.3425894188354839,0.5851726988568302
2024-02-28 00:00:00,8,-0.5592763867245303,0.07880483869950357,0.34106080086032353,0.7499970587868088,-1.5561594716354588
2024-02-28 04:00:00,8,-0.5871522879782454,-0.10319312299654247,0.12005235025107097,1.142667494257335,-0.5592763867245303
2024-02-28 08:00:00,8,2.8177421004724135,2.14119693040999,0.12623242275773866,1.554909723825114,-0.5871522879782454
2024-02-28 12:00:00,8,-0.005781118589066381,-0.2325179153889326,-0.6286308552633298,-0.42343952155632714,2.8177421004724135
2024-02-28 16:00:00,8,-0.38502971874309466,0.04171269800532357,-0.002657256804907528,-0.41938057251474525,-0.005781118589066381
2024-02-28 20:00:00,8,-1.4399323168192897,-0.3926613498460249,0.0814219564794254,-0.14904949665186784,-0.38502971874309466
2024-02-29 00:00:00,8,-0.14737836012604433,0.4954022940913176,0.31529330235076825,0.86193337928351,-1.4399323168192897
2024-02-29 04:00:00,8,-0.585060801460692,0.007075180776759978,0.028734776459883732,0.9654083805946776,-0.14737836012604433
2024-02-29 08:00:00,8,1.8380298190171036,2.35176161493433,0.1257687413073147,1.3761821681879312,-0.585060801460692
2024-02-29 12:00:00,8,0.6235981371456809,0.6453156171549617,-0.411429162662998,0.08569326757795892,1.8380298190171036
2024-02-29 16:00:00,8,0.13572588913913108,0.25004664766808876,-0.14219030361948906,-0.35213775458570673,0.6235981371456809
2024-02-29 20:00:00,8,-1.0832375906516045,-0.9885947227799669,-0.03402928528220364,-0.4474315042557375,0.13572588913913108
2024-03-01 00:00:00,8,-1.2690206697611082,-0.3041147654883984,0.23621427095376604,0.31311441997030265,-1.0832375906516045
2024-03-01 04:00:00,8,-1.0393213942607815,0.08613603411675708,0.2774022809470104,1.2040994693026832,-1.2690206697611082
2024-03-01 08:00:00,8,2.024170052907298,2.7607596158809495,0.2264780735321249,1.9338116369634069,-1.0393213942607815
2024-03-01 12:00:00,8,0.6392252308213067,1.3473560323943137,-0.45269635368148287,0.5126328512890606,2.024170052907298
2024-03-01 16:00:00,8,1.62928454682201,0.7531065241961619,-0.1456548219898497,0.0638299772389157,0.6392252308213067
2024-03-01 20:00:00,8,-2.6921101770991918,-1.375999165735887,-0.3651504466549253,-1.0800979404993907,1.62928454682201
2024-03-02 00:00:00,8,0.3882755644811695,0.5365188746358077,0.5929004691053302,0.8100445734144834,-2.6921101770991918
2024-03-04 04:00:00,8,-1.2367159993635788,-0.5254936470831078,-0.09001941420910865,0.537434574840594,0.3882755644811695
2024-03-04 08:00:00,8,1.625500452673002,2.2356439449341603,0.2702403526727048,1.405738371586894,-1.2367159993635788
2024-03-04 12:00:00,8,-0.23241440744132902,0.8263631390172881,-0.3643115149913325,0.26446728315986157,1.625500452673002
2024-03-04 16:00:00,8,0.5756009070895782,1.1589384914784082,0.04758722299805062,0.42764647102813313,-0.23241440744132902
2024-03-04 20:00:00,8,-1.8491628379074978,-0.08244992454832459,-0.13154934320116388,0.02351451729446019,0.5756009070895782
2024-03-05 00:00:00,8,-0.25114338635062694,1.1129735302274442,0.4060194915866936,1.3218199599211538,-1.8491628379074978
2024-03-05 04:00:00,8,-0.24793299950142256,0.6458822036859805,0.051739427677706853,1.4981488470772923,-0.25114338635062694
2024-03-05 08:00:00,8,1.569178498890146,2.456465489305097,0.051027686617858926,1.6722237073658057,-0.24793299950142256
2024-03-05 12:00:00,8,0.3760578946143802,1.0787939971973857,-0.3518249677429688,0.570496512876419,1.569178498890146
2024-03-05 16:00:00,8,1.6861861499500819,1.016039879116257,-0.08731076328686362,0.3064645945878848,0.3760578946143802
2024-03-05 20:00:00,8,-2.4838039007584136,-1.3466433494802406,-0.3777655018553467,-0.8774141914681941,1.6861861499500819
2024-03-06 00:00:00,8,-0.500876389587738,0.3315372615364243,0.5467190782450654,0.8664755605133863,-2.4838039007584136
2024-03-06 04:00:00,8,-0.6461990124825476,0.25119550553588504,0.10710510189451922,1.2181430985766273,-0.500876389587738
2024-03-06 08:00:00,8,2.0898651846317335,2.7390347105612802,0.1393230502282742,1.6718422957092365,-0.6461990124825476
2024-03-06 12:00:00,8,0.6081923460429302,0.8391788946264558,-0.46726092950261394,0.20453866622804107,2.0898651846317335
2024-03-06 16:00:00,8,-0.014529903039818493,0.556133013574805,-0.13877484791202968,-0.22247588156860587,0.6081923460429302
2024-03-06 20:00:00,8,-0.6515895826796445,-0.05174557904717783,-0.0007176559375221534,-0.21227437210133715,-0.014529903039818493
2024-03-07 00:00:00,8,-0.627799418599789,0.15133899457899483,0.1405181367787369,0.2452095683120028,-0.6515895826796445
2024-03-07 04:00:00,8,-0.18733101241980066,0.02535497027097813,0.135243870034108,0.6859903288470335,-0.627799418599789
2024-03-07 08:00:00,8,1.3578487378726702,1.9034068644722795,0.03759225825973014,0.8175162648065797,-0.18733101241980066
2024-03-07 12:00:00,8,-0.42158141040710184,0.7275871376128182,-0.3049732719352612,-0.1358353657284379,1.3578487378726702
2024-03-07 16:00:00,8,0.7405927850394107,1.2951544770461885,0.08952544711346616,0.16015881521732744,-0.42158141040710184
2024-03-07 20:00:00,8,-1.7157565424082648,-0.3844392188954597,-0.16812795493682342,-0.359814668932275,0.7405927850394107
2024-03-08 00:00:00,8,-0.09947724183617623,0.710472011175068,0.37644338670931976,0.8448256210227836,-1.7157565424082648
2024-03-08 04:00:00,8,-1.2161560595404453,0.1772110030881963,0.018115123969100234,0.9146690344019692,-0.09947724183617623
2024-03-08 08:00:00,8,1.4551160932796314,2.8895131768443307,0.2656822249306374,1.768537606069522,-1.2161560595404453
2024-03-08 12:00:00,8,2.608581554026941,1.5012204859803202,-0.3265373929828891,0.7468941332337664,1.4551160932796314
2024-03-08 16:00:00,8,-1.2672035018873942,-0.4575662868659433,-0.5822600731744465,-1.0846025633801375,2.608581554026941
2024-03-08 20:00:00,8,-1.0600129265185174,-0.44964661468150874,0.2769994157942705,-0.19489335568389876,-1.2672035018873942
2024-03-09 00:00:00,8,-0.4753698682268137,0.16229509544813078,0.2310653752470719,0.5493464286884517,-1.0600129265185174
2024-03-11 04:00:00,9,-0.3758924391747165,-0.8214444732384538,0.06866546054234617,0.5899682403300748,-0.4753698682268137
2024-03-11 08:00:00,9,0.48371719873950525,1.4037640886805516,0.05342363664799966,0.8376788372251056,-0.3758924391747165
2024-03-11 12:00:00,9,0.9198525120778314,0.7449361378361662,-0.07828482067561997,0.51891244678845,0.48371719873950525
2024-03-11 16:00:00,9,0.18788640407106882,0.2572526754720217,-0.14510900082735118,-0.08726419066257307,0.9198525120778314
2024-03-11 20:00:00,9,-1.9166259055179857,-0.7350207612324429,-0.03295794685282053,-0.2110800710859415,0.18788640407106882
2024-03-12 00:00:00,9,-0.37728598856830686,0.4441103460082908,0.2894931489574866,1.0519635488461496,-1.9166259055179857
2024-03-12 04:00:00,9,0.7504662981681811,0.3057972144404725,0.0536371547761577,1.300592485447206,-0.37728598856830686
2024-03-12 08:00:00,9,1.468640781401339,1.6762646723914316,-0.11915582866415717,0.8060402271549414,0.7504662981681811
2024-03-12 12:00:00,9,1.1613595632811862,0.37010657806480285,-0.22919374483427088,-0.16178419991796922,1.468640781401339
2024-03-12 16:00:00,9,-0.35270129167996167,-0.4605530482363543,-0.18211244953687386,-0.9271123647029444,1.1613595632811862
2024-03-12 20:00:00,9,-1.5642187210700822,-1.4634312284275652,0.04987031415674639,-0.6946845785003006,-0.35270129167996167
2024-03-13 00:00:00,9,-1.800229647510612,-0.5600291334472952,0.23549770199389025,0.3361250699229572,-1.5642187210700822
2024-03-13 04:00:00,9,0.568837370397631,0.42116755851058635,0.2716590404223716,1.5224643363153572,-1.800229647510612
2024-03-13 08:00:00,9,1.705976796752502,1.9359631875871113,-0.09132684114832686,1.1476043235235007,0.568837370397631
2024-03-13 12:00:00,9,0.25130816147519575,0.5078559304397863,-0.26555811194988926,0.023377053774634504,1.705976796752502
2024-03-13 16:00:00,9,0.46345756631012236,0.3775164295106777,-0.04267535980402798,-0.14223333950778638,0.25130816147519575
2024-03-13 20:00:00,9,-0.855093706732033,-1.018900163294828,-0.07518066174635042,-0.44764876802306297,0.46345756631012236
2024-03-14 00:00:00,9,-1.0978006333845869,-0.5492908272371164,0.12684633564267442,0.1158522509408293,-0.855093706732033
2024-03-14 04:00:00,9,0.08267937899541877,-0.14622945864090844,0.1640336279684436,0.8392955071140147,-1.0978006333845869
2024-03-14 08:00:00,9,0.4034961426958681,1.611578018211883,-0.016838240463832886,0.7848103507569686,0.08267937899541877
2024-03-14 12:00:00,9,1.4479265552102412,1.1006356192498858,-0.0659934373891131,0.5189090983362519,0.4034961426958681
2024-03-14 16:00:00,9,0.20659079148632564,0.17713219800837157,-0.2260199335413893,-0.4352647925745554,1.4479265552102412
2024-03-14 20:00:00,9,-0.894467848268059,-1.365475249625372,-0.03582381282615275,-0.5714067388835851,0.20659079148632564
2024-03-15 00:00:00,9,-0.9616395960360791,-0.8985713400538372,0.1328791989464585,0.018041575331928073,-0.894467848268059
2024-03-15 04:00:00,9,-0.4726595639678415,-0.5882305231260142,0.14317118135806106,0.6517556209109934,-0.9616395960360791
2024-03-15 08:00:00,9,0.9732966719414549,1.4580089395268063,0.06825019066043439,0.9632351041793381,-0.4726595639678415
2024-03-15 12:00:00,9,0.6713744612694708,0.5985934794533503,-0.15329765709425214,0.32183912374435764,0.9732966719414549
2024-03-15 16:00:00,9,-0.1325763142836447,0.20830265974086348,-0.10703746311151317,-0.12059214437657317,0.6713744612694708
2024-03-15 20:00:00,9,-0.9680259988398738,-0.7560606459241483,0.016143003628198524,-0.0332252422450825,-0.1325763142836447
2024-03-16 00:00:00,9,-0.2837464269881522,-0.039245080830859425,0.14414969907591263,0.6046973999580949,-0.9680259988398738
2024-03-18 04:00:00,9,-0.08015719100128393,-0.705484633321418,0.039305124502109906,0.7916843927009776,-0.2837464269881522
2024-03-18 08:00:00,9,-0.23957499196425402,1.2850944844215288,0.008111402355638914,0.8445074440822484,-0.08015719100128393
2024-03-18 12:00:00,9,1.3579028521114118,1.1370718927333126,0.03253722508804043,1.0023857573329256,-0.23957499196425402
2024-03-18 16:00:00,9,-0.19583901457236763,0.305974404732244,-0.21222659929437432,0.10753688311644716,1.3579028521114118
2024-03-18 20:00:00,9,-0.7547275682437125,-0.4357344204838717,0.02583604602052412,0.23659348053448426,-0.19583901457236763
2024-03-19 00:00:00,9,-0.8813102288859476,-0.01140562317539905,0.11146834465143732,0.7339538872328681,-0.7547275682437125
2024-03-19 04:00:00,9,1.810898597573761,0.14711079817601552,0.13086320276117355,1.31473141850309,-0.8813102288859476
2024-03-19 08:00:00,9,0.2485299668590244,0.7449921361285203,-0.28163411658766313,0.12136138555899123,1.810898597573761
2024-03-19 12:00:00,9,0.3714954723174184,0.2570137949176868,-0.04224968783514618,-0.04241819610036757,0.2485299668590244
2024-03-19 16:00:00,9,-0.4009803474257563,0.04289190819122145,-0.061090329346846314,-0.287231221319999,0.3714954723174184
2024-03-19 20:00:00,9,-1.7631324527315577,-0.8368024134078824,0.05726757876716734,-0.022987861112790497,-0.4009803474257563
2024-03-20 00:00:00,9,0.2244367881838869,0.23714798500289944,0.2659750484335909,1.1389046026729197,-1.7631324527315577
2024-03-20 04:00:00,9,0.12636142450951482,-0.3200659806615036,-0.03855815710379654,0.9910022642053118,0.2244367881838869
2024-03-20 08:00:00,9,2.1775875912891767,1.4146209437340214,-0.023531156147470016,0.9077309327614529,0.12636142450951482
2024-03-20 12:00:00,9,-1.3864291379691043,-0.22131107357559504,-0.337817806892712,-0.5272846882330704,2.1775875912891767
2024-03-20 16:00:00,9,0.2882156646919505,0.7081564763708812,0.2082569747083547,0.3863628170825635,-1.3864291379691043
2024-03-20 20:00:00,9,2.134720101887128,-0.5154270239980293,-0.048330287457166235,0.19643062666104605,0.2882156646919505
2024-03-21 00:00:00,9,-2.8373448570377295,-2.281452893805874,-0.33124969661398124,-1.2103356062625537,2.134720101887128
2024-03-21 04:00:00,9,-0.5850409002890089,-1.0799041911001297,0.4305647090990527,0.6594556289029292,-2.8373448570377295
2024-03-21 08:00:00,9,2.0111306796045376,1.573492757827662,0.08546913724500588,1.0449936592415394,-0.5850409002890089
2024-03-21 12:00:00,9,0.4723994701894636,0.09118945457550612,-0.31231345924249926,-0.28032797311827373,2.0111306796045376
2024-03-21 16:00:00,9,0.6212838085998538,-0.06761431618377153,-0.07655073057008044,-0.5916360563307101,0.4723994701894636
2024-03-21 20:00:00,9,-1.7579877579778724,-1.7139112602630309,-0.09936262758331167,-1.0010579202218182,0.6212838085998538
2024-03-22 00:00:00,9,-0.9338306877648783,-0.661696096748803,0.26518678387777117,0.15744422421861515,-1.7579877579778724
2024-03-22 04:00:00,9,1.347245160007688,-0.3497127174917476,0.13891033056404126,0.7728323857176971,-0.9338306877648783
2024-03-22 08:00:00,9,0.7964689563491891,0.5919525600706119,-0.21059363925798202,-0.1149931408668543,1.347245160007688
2024-03-22 12:00:00,9,0.028240102071420026,-0.15078925323846187,-0.12620430610620623,-0.6398608424327179,0.7964689563491891
2024-03-22 16:00:00,9,-1.0898720994688702,-0.23858257818203998,-0.00849711343916278,-0.6584708803357042,0.028240102071420026
2024-03-22 20:00:00,9,-1.0838737477938096,-0.6177901864991315,0.16281882659254135,0.059747525151266245,-1.0898720994688702
2024-03-23 00:00:00,9,0.44031710618940423,0.3146301468261706,0.16189976564817624,0.7740130571059112,-1.0838737477938096
2024-03-25 04:00:00,9,0.41220499754429696,-1.0804047368046799,-0.07163510551962667,0.4838470366434109,0.44031710618940423
2024-03-25 08:00:00,9,1.219197645054054,0.7090453810794741,-0.06732779869283821,0.21220670727421087,0.41220499754429696
2024-03-25 12:00:00,9,-0.903698384839112,-0.3415123452063776,-0.19097433775784092,-0.5912363655697721,1.219197645054054
2024-03-25 16:00:00,9,0.0030154102206765288,0.27478087620635994,0.13429349175847555,0.0042948103513307245,-0.903698384839112
2024-03-25 20:00:00,9,-2.164156795980958,-0.6302339720258865,-0.004632213485055204,0.002307675235533324,0.0030154102206765288
2024-03-26 00:00:00,9,0.020110092029636206,0.7527325347454585,0.3274195637914641,1.428472492181223,-2.164156795980958
2024-03-26 04:00:00,9,0.8713373309358623,0.32026113768839115,-0.007251442109526368,1.4152200763805425,0.020110092029636206
2024-03-26 08:00:00,9,0.46546013211221293,1.6644977339204883,-0.13767555733957312,0.8410146179868416,0.8713373309358623
2024-03-26 12:00:00,9,1.7002897811385935,0.8974705964142149,-0.0754874927087421,0.534279512036056,0.46546013211221293
2024-03-26 16:00:00,9,-0.4645604820818825,-0.15530491893604292,-0.2646867535794775,-0.5862000525571407,1.7002897811385935
2024-03-26 20:00:00,9,-1.1365787773065428,-0.9977414714447614,0.06700925810932243,-0.28005780994380025,-0.4645604820818825
2024-03-27 00:00:00,9,-1.2175172596981447,-0.3359231775867652,0.1699751731635706,0.46893998304975426,-1.1365787773065428
2024-03-27 04:00:00,9,0.4456033637485497,0.1532362729041053,0.18237647973777238,1.2712756932119031,-1.2175172596981447
2024-03-27 08:00:00,9,1.30529085427003,1.6980484740596633,-0.07244506017511396,0.977626064464566,0.4456033637485497
2024-03-27 12:00:00,9,0.49880395255552834,0.5401727407521538,-0.20416544599086348,0.11744814403939685,1.30529085427003
2024-03-27 16:00:00,9,-0.07488892792533797,0.11177381385938723,-0.08059639674862802,-0.2112603159988211,0.49880395255552834
2024-03-27 20:00:00,9,-1.201447914936388,-0.8808998682746616,0.0073042047953702045,-0.16190901465862062,-0.07488892792533797
2024-03-28 00:00:00,9,1.8356932372764412,-0.1340154878859596,0.17991435214470836,0.6298371050574261,-1.201447914936388
2024-03-28 04:00:00,9,-1.8067487862229044,-1.672785715246039,-0.2854331244176112,-0.5798724291919726,1.8356932372764412
2024-03-28 08:00:00,9,1.2493774648580267,1.3518799629200078,0.27265789579230215,0.6107629058981878,-1.8067487862229044
2024-03-28 12:00:00,9,0.26075988156073926,0.3175250462367019,-0.19559845704800027,-0.21256846582789102,1.2493774648580267
2024-03-28 16:00:00,9,0.13785710607663226,0.0036811413334567793,-0.04412354211448019,-0.38440747926882146,0.26075988156073926
2024-03-28 20:00:00,9,-2.0431611243222445,-1.335189366122483,-0.025292512021471623,-0.4752543877819022,0.13785710607663226
2024-03-29 00:00:00,9,1.575768995316107,0.16306121573263793,0.30888073808021194,0.8711750928689188,-2.0431611243222445
2024-04-01 04:00:00,9,-1.26170432809311,-1.9263619700497505,-0.24560781369555648,-0.16724610883289337,1.575768995316107
2024-04-01 08:00:00,9,0.24898505792844716,1.0034307363210853,0.1891467744800178,0.6642085831081648,-1.26170432809311
2024-04-01 12:00:00,9,0.38476849488310094,0.4653598907974244,-0.04231941639570638,0.5001290994856387,0.24898505792844716
2024-04-01 16:00:00,9,1.309188924053844,0.4050063385221122,-0.06312400748287728,0.24656924139656944,0.38476849488310094
2024-04-01 20:00:00,9,-2.83703177246708,-1.3508861229432738,-0.20476270401953295,-0.6161774808778926,1.309188924053844
2024-04-02 00:00:00,9,0.8499646143809123,0.4212772618132206,0.4305167386203688,1.253407433654898,-2.83703177246708
2024-04-02 04:00:00,9,0.27817787427633434,-0.47924037877999726,-0.1344008528666245,0.6932864521576168,0.8499646143809123
2024-04-02 08:00:00,9,0.31548639392912037,1.0028553666236841,-0.04679230808575469,0.5099690983122702,0.27817787427633434
2024-04-02 12:00:00,9,0.16712540476113702,0.6659038433759301,-0.05250867904271543,0.3020656801854731,0.31548639392912037
2024-04-02 16:00:00,9,0.6540073248303848,0.5587592967630677,-0.029776969033350444,0.1919311590958852,0.16712540476113702
2024-04-02 20:00:00,9,-1.0112777282691212,-1.1095348788602226,-0.104376489283822,-0.23905528256583786,0.6540073248303848
2024-04-03 00:00:00,9,-1.4504388688432606,-0.4832640966020761,0.150776682195282,0.42736995930969357,-1.0112777282691212
2024-04-03 04:00:00,9,0.9016469454240124,0.11165318407620944,0.21806447631756357,1.3831994480585141,-1.4504388688432606
2024-04-03 08:00:00,9,0.9948754700532021,1.3869657228150423,-0.14231956363060802,0.7890201569561732,0.9016469454240124
2024-04-03 12:00:00,9,-0.1696822941406566,0.44862142620115936,-0.15660393716004134,0.13340389326070934,0.9948754700532021
2024-04-03 16:00:00,9,1.6021768219770856,0.5933360008680142,0.021828341657105108,0.2452233873063534,-0.1696822941406566
2024-04-03 20:00:00,9,-1.8976483809679578,-1.6115221680525575,-0.24965399228334717,-0.8106003950891623,1.6021768219770856
2024-04-04 00:00:00,9,-1.254196447095719,-0.3341347623929471,0.2865854332083122,0.4399371634169569,-1.8976483809679578
2024-04-04 04:00:00,9,-0.13145580680259172,0.1577304065626358,0.1879964250884788,1.266444212124318,-1.254196447095719
2024-04-04 08:00:00,9,1.9557682792460511,2.1230378633018856,0.0159713206860352,1.3530727073392814,-0.13145580680259172
2024-04-04 12:00:00,9,0.023053786025531764,0.6102239185806493,-0.30383089224541254,0.06423452558691167,1.9557682792460511
2024-04-04 16:00:00,9,0.0848874656155374,0.6167337761450986,-0.007702471714048897,0.04904223518167505,0.023053786025531764
2024-04-04 20:00:00,9,-0.08932554277604154,-0.7419289718731457,-0.017176561103278497,-0.006898035451854412,0.0848874656155374
2024-04-05 00:00:00,9,-0.6165234447616221,-0.9471304543996206,0.009516167280545555,0.05196689827122469,-0.08932554277604154
2024-04-05 04:00:00,9,-0.07086551532846741,-0.8038169104765107,0.09029285859737618,0.4582517143132332,-0.6165234447616221
2024-04-05 08:00:00,9,0.8061053848096336,1.0885875135526313,0.006687741876694647,0.5049516137308139,-0.07086551532846741
2024-04-05 12:00:00,9,2.0960465404394135,0.28133836266274076,-0.12768078923372697,-0.02626642957406844,0.8061053848096336
2024-04-05 16:00:00,9,-1.5208733390093734,-1.1207920323808966,-0.3253241754322411,-1.4075470448265524,2.0960465404394135
2024-04-05 20:00:00,9,-1.2873073562355515,-1.3858325918344865,0.22885636951980212,-0.4053017125317986,-1.5208733390093734
2024-04-06 00:00:00,9,0.7345802566490249,-0.2230904252325313,0.19306964271080732,0.44302520327577,-1.2873073562355515
2024-04-08 04:00:00,10,-0.7823117673650231,-1.403397207536049,-0.05578638325215764,-0.2151672291023452,0.7345802566490249
2024-04-08 08:00:00,10,0.4672274786641708,0.7354245125105255,0.06552309447767443,0.2893189202124997,-0.7823117673650231
2024-04-08 12:00:00,10,0.33500497761967196,0.35116179181940516,-0.03440554311751266,-0.011980128834515824,0.4672274786641708
2024-04-08 16:00:00,10,0.2368957045043345,0.09071283881298044,-0.02383139394149209,-0.22801340125977454,0.33500497761967196
2024-04-08 20:00:00,10,-0.8863545756310565,-1.0309440004802866,-0.015985361070555967,-0.38077935307097377,0.2368957045043345
2024-04-09 00:00:00,10,-1.729258363553928,-0.5768721602825448,0.07384364632479831,0.19080045109559762,-0.8863545756310565
2024-04-09 04:00:00,10,0.3196518576203644,0.6909829841532293,0.14125267522775053,1.305940129919783,-1.729258363553928
2024-04-09 08:00:00,10,1.4878067862453896,1.9000254375126449,-0.022603568269556066,1.0998075604003574,0.3196518576203644
2024-04-09 12:00:00,10,0.8127199792791817,0.7149559350302993,-0.11602370764377345,0.14037176021353126,1.4878067862453896
2024-04-09 16:00:00,10,0.12476816637474641,0.12016748148992282,-0.0620354034804626,-0.3837236067765044,0.8127199792791817
2024-04-09 20:00:00,10,-1.093900034614725,-1.2147767746740035,-0.007018254068676057,-0.4641823374734457,0.12476816637474641
2024-04-10 00:00:00,10,-3.0223419095561077,-0.6120932975538192,0.09044155232992208,0.24123644723552218,-1.093900034614725
2024-04-10 04:00:00,10,2.1247799865960673,1.561495056832076,0.2446636544822047,2.19024155679743,-3.0223419095561077
2024-04-10 08:00:00,10,1.100221470173576,1.4813625845553644,-0.1669639756649367,0.8200434870565925,2.1247799865960673
2024-04-10 12:00:00,10,4.22882959739532,0.794548112635492,-0.08502758430468194,0.11054822438032019,1.100221470173576
2024-04-10 16:00:00,10,-2.277619662973976,-2.3587041534007684,-0.33522984783182075,-2.6164796035204,4.22882959739532
2024-04-10 20:00:00,10,-0.48862965047695006,-1.6013336374457896,0.18510643791276155,-1.147720444690842,-2.277619662973976
2024-04-11 00:00:00,10,-2.8616983184521594,-1.6562253321834934,0.042036634232463406,-0.8326198657484358,-0.48862965047695006
2024-04-11 04:00:00,10,-0.2666916193121587,0.45798075257353066,0.23181660286023362,1.0127916765568976,-2.8616983184521594
2024-04-11 08:00:00,10,3.0023596430329977,2.157575467909533,0.02428771985835849,1.1847719965442796,-0.2666916193121587
2024-04-11 12:00:00,10,-0.23646713023480537,-0.057022050738858944,-0.23714611658421916,-0.7513472315655569,3.0023596430329977
2024-04-11 16:00:00,10,0.7232296731721704,-0.03488316734134895,0.021870595286154405,-0.5988576526685208,-0.23646713023480537
2024-04-11 20:00:00,10,-1.2915482334309978,-1.9828979580926729,-0.05487864998458965,-1.0652437766019212,0.7232296731721704
2024-04-12 00:00:00,10,-1.7472688672284669,-1.0551940470858936,0.10624795080329293,-0.23236841652316187,-1.2915482334309978
2024-04-12 04:00:00,10,0.05379736291840587,0.27818195637102916,0.1426930182184322,0.8943856212114003,-1.7472688672284669
2024-04-12 08:00:00,10,2.3270882989027957,1.5726873886932597,-0.0013425494271731755,0.8596935385991031,0.05379736291840587
2024-04-12 12:00:00,10,0.5043867586828963,-0.02636074532856675,-0.18314305454320082,-0.6409662545972967,2.3270882989027957
2024-04-12 16:00:00,10,-0.2450448739970401,-0.44069569841985257,-0.03737725948263637,-0.9662280546471518,0.5043867586828963
2024-04-12 20:00:00,10,-1.0543355352718873,-1.4327543390020931,0.02255657793978024,-0.8082069816566602,-0.2450448739970401
2024-04-13 00:00:00,10,0.02220308100718782,-0.5142579280261094,0.08727748483141866,-0.12830199177435908,-1.0543355352718873
2024-04-15 04:00:00,10,-0.2048937669090165,-1.345432447455898,0.0011841207492292072,-0.14262000066481662,0.02220308100718782
2024-04-15 08:00:00,10,0.5738654196855553,0.36317001912900404,0.019345598018985565,-0.01049100580807405,-0.2048937669090165
2024-04-15 12:00:00,10,0.1592830934139169,-0.05098398916831532,-0.04293363392865466,-0.38055722221848143,0.5738654196855553
2024-04-15 16:00:00,10,-0.22865580119909446,-0.29985215344366795,-0.009778495210906662,-0.48327345096446983,0.1592830934139169
2024-04-15 20:00:00,10,-0.5146355532418827,-1.0729375981001474,0.0212459046485239,-0.33582113147045867,-0.22865580119909446
2024-04-16 00:00:00,10,-0.9146645668872182,-0.8719833485012006,0.0441163883826359,-0.003950233720850349,-0.5146355532418827
2024-04-16 04:00:00,10,0.5916383056850982,-0.1769464468153101,0.07610766393412902,0.5858857172554046,-0.9146645668872182
2024-04-16 08:00:00,10,1.7417630630295324,0.7440195128657016,-0.04435497406639965,0.2043583734605523,0.5916383056850982
2024-04-16 12:00:00,10,-0.3678864315320176,-0.4154585891328211,-0.13633319758451018,-0.9188451591236682,1.7417630630295324
2024-04-16 16:00:00,10,-0.5552635579350778,-0.4220577036602504,0.03238051066022101,-0.6816077596992915,-0.3678864315320176
2024-04-16 20:00:00,10,0.3656162753933856,-1.145555908464788,0.04736550694382033,-0.3235372488324586,-0.5552635579350778
2024-04-17 00:00:00,10,-1.3210028186005989,-1.5637253876382897,-0.02627945252890225,-0.5593107020700376,0.3656162753933856
2024-04-17 04:00:00,10,0.20819976002370666,-0.5933203911066052,0.10860350432134615,0.2925589143547924,-1.3210028186005989
2024-04-17 08:00:00,10,2.251258336143387,0.7142139029598524,-0.01369047786014957,0.15829799741063155,0.20819976002370666
2024-04-17 12:00:00,10,-1.0565549060739663,-0.7706963283061665,-0.1770787513278183,-1.2934616417665676,2.251258336143387
2024-04-17 16:00:00,10,-0.07210474563360769,-0.1453402113866246,0.08745497321465677,-0.6121254554271136,-1.0565549060739663
2024-04-17 20:00:00,10,-0.009030192177220897,-1.0074711246392276,0.008726142867162431,-0.5656275667470716,-0.07210474563360769
2024-04-18 00:00:00,10,-1.92373652861008,-1.3157425223539803,0.0036819201956047663,-0.5598043041181544,-0.009030192177220897
2024-04-18 04:00:00,10,0.9600148794397079,0.13469490476867899,0.15680555853080058,0.6807477035342853,-1.92373652861008
2024-04-18 08:00:00,10,0.6174358654538992,0.8885665748418212,-0.07381492840897902,0.06166688432999479,0.9600148794397079
2024-04-18 12:00:00,10,-0.11256501238228545,0.5280781543882929,-0.04641806652961665,-0.3364964249870397,0.6174358654538992
2024-04-18 16:00:00,10,1.1854224791752728,0.43772520655325153,0.011961847024340024,-0.26390709166333437,-0.11256501238228545
2024-04-18 20:00:00,10,-1.7600841125187774,-1.6289374443219975,-0.09184131246754743,-1.028345576136946,1.1854224791752728
2024-04-19 00:00:00,10,-1.7519943942459903,-0.6451606437954451,0.14371788398905797,0.10667257575099143,-1.7600841125187774
2024-04-19 04:00:00,10,3.2863166703582696,0.48405918437648143,0.14307092989930253,1.236473944521597,-1.7519943942459903
2024-04-19 08:00:00,10,-0.5160745135591487,-0.5367332985517794,-0.25985483819209637,-0.882759475732783,3.2863166703582696
2024-04-19 12:00:00,10,0.29267696266648535,-0.03172841097786245,0.0442314654756643,-0.549960641603132,-0.5160745135591487
2024-04-19 16:00:00,10,0.695298158269118,-0.32307063204487374,-0.02044632149993244,-0.7386980223357504,0.29267696266648535
2024-04-19 20:00:00,10,-1.9819134191110077,-1.8785295000955111,-0.05264490003307634,-1.1870720659377607,0.695298158269118
2024-04-20 00:00:00,10,0.421850412845437,-0.14878031882437096,0.16145810339944433,0.09099623214039809,-1.9819134191110077
2024-04-22 04:00:00,10,-1.0928431101986362,-1.3096203667550148,-0.03077663079663686,-0.1810406964105855,0.421850412845437
2024-04-22 08:00:00,10,1.6036025217582566,1.1012571524121262,0.09035702756027081,0.5236965138276481,-1.0928431101986362
2024-04-22 12:00:00,10,-0.2505712307593768,-0.012396364860587183,-0.12528416915060883,-0.510412002727394,1.6036025217582566
2024-04-22 16:00:00,10,-0.025383191276780792,0.11146988603782185,0.022998533887846843,-0.3488271709401243,-0.2505712307593768
2024-04-22 20:00:00,10,-1.2587369088320148,-0.8712189798719809,0.0049897085870517065,-0.332458417511198,-0.025383191276780792
2024-04-23 00:00:00,10,-0.639641956697286,-0.2813398251130939,0.10362395081666649,0.4792580395682968,-1.2587369088320148
2024-04-23 04:00:00,10,0.9931946276940593,0.3558828440180497,0.05411344900131525,0.8917412989743401,-0.639641956697286
2024-04-23 08:00:00,10,2.3601378764966796,1.0323043400516818,-0.07646839211517713,0.2512639929340512,0.9931946276940593
2024-04-23 12:00:00,10,0.4509490688491944,-0.7800352547951708,-0.18578610819081395,-1.270708344483662,2.3601378764966796
2024-04-23 16:00:00,10,0.5171025529168123,-0.8938247634850038,-0.03310371980928445,-1.5615100028136908,0.4509490688491944
2024-04-23 20:00:00,10,-3.5849727564080123,-2.551030472529462,-0.038394171914778,-1.8949717844260814,0.5171025529168123
2024-04-24 00:00:00,10,-0.19326934112584837,-0.01690331801393232,0.2896585869531962,0.41685474909330367,-3.5849727564080123
2024-04-24 04:00:00,10,-1.056817796809515,0.148009175727393,0.018415964928204503,0.541487548640216,-0.19326934112584837
2024-04-24 08:00:00,10,2.4045553839311324,2.2609663952128973,0.08747599721460175,1.2229932642394878,-1.056817796809515
2024-04-24 12:00:00,10,0.4753067014763559,0.7092606330639051,-0.1893382823361271,-0.3276224072331946,2.4045553839311324
2024-04-24 16:00:00,10,-0.1726538167690439,0.3031598812418056,-0.03505165786021899,-0.6341314712333332,0.4753067014763559
2024-04-24 20:00:00,10,-0.39982326971629867,-0.7344562508703747,0.01676729221237551,-0.5227929194949379,-0.1726538167690439
2024-04-25 00:00:00,10,-0.9286691042359863,-0.6878885571736693,0.034934575879856856,-0.2649605435036779,-0.39982326971629867
2024-04-25 04:00:00,10,0.0005008652724747265,0.04124538966173113,0.07722764023088041,0.3339064554699931,-0.9286691042359863
2024-04-25 08:00:00,10,1.101015623488232,1.3922923876959938,0.00291969876973425,0.3335834645561686,0.0005008652724747265
2024-04-25 12:00:00,10,1.104386583578691,0.7073317094189753,-0.08509109464181418,-0.37642392047897566,1.101015623488232
2024-04-25 16:00:00,10,-0.436064651375883,-0.26078381929339967,-0.08536067837061484,-1.0886051225861255,1.104386583578691
2024-04-25 20:00:00,10,-1.0014873447340857,-1.1478415136094244,0.03783288572111882,-0.8074019169052189,-0.436064651375883
2024-04-26 00:00:00,10,-1.876258687722654,-0.7752317187144108,0.08305108882457408,-0.16157692077332975,-1.0014873447340857
2024-04-26 04:00:00,10,1.3413075288342888,0.6645678821878404,0.1530086422107103,1.0483582482653233,-1.876258687722654
2024-04-26 08:00:00,10,1.7615830262355363,1.1185903053178825,-0.10430781216604479,0.1833948174482476,1.3413075288342888
2024-04-26 12:00:00,10,-0.9683210479139994,-0.08823671018929963,-0.13791824737518832,-0.9525899327201568,1.7615830262355363
2024-04-26 16:00:00,10,1.210034796403999,0.43990210919565365,0.08039870086169822,-0.3281527490535634,-0.9683210479139994
2024-04-26 20:00:00,10,-1.5798130068042777,-1.6553169526069766,-0.09380961825429476,-1.1084628766014664,1.210034796403999
2024-04-27 00:00:00,10,-0.7879046737394404,-0.06868319512298239,0.12930117315018366,-0.08969540602560322,-1.5798130068042777
2024-04-29 04:00:00,10,0.45531896427507235,-0.40430544740410945,0.06597037255714974,0.41839741765873484,-0.7879046737394404
2024-04-29 08:00:00,10,1.277570422303775,0.7263249883332531,-0.03345319078246845,0.12477776296424459,0.45531896427507235
2024-04-29 12:00:00,10,0.08262197155362294,-0.08245596119673876,-0.09921060354287142,-0.6990837839448982,1.277570422303775
2024-04-29 16:00:00,10,-0.18324005752713823,-0.2969223240692704,-0.003647722217291695,-0.7523638725447146,0.08262197155362294
2024-04-29 20:00:00,10,-1.7499316984597506,-1.0806699200918608,0.01761389916735729,-0.6341986155737516,-0.18324005752713823
2024-04-30 00:00:00,10,0.009630210918889048,-0.17834794079592817,0.14290597119124493,0.49427259110826327,-1.7499316984597506
2024-04-30 04:00:00,10,0.1254881285356646,-0.02604492574773134,0.002189603196121173,0.48806239687850805,0.009630210918889048
2024-04-30 08:00:00,10,1.0733803323553452,1.2051967913395552,-0.007075831162064095,0.40713938716472775,0.1254881285356646
2024-04-30 12:00:00,10,1.173756947029256,0.3308816591172451,-0.08288103441262853,-0.2850469421348194,1.0733803323553452
2024-04-30 16:00:00,10,-0.40268761980849277,-0.4101736196453005,-0.09090839200276109,-1.0419627232086413,1.173756947029256
2024-04-30 20:00:00,10,-1.3137737832784229,-1.38057307933122,0.035163644797234356,-0.7822832256367249,-0.40268761980849277
2024-05-01 00:00:00,10,-1.0959204847159327,-0.5916893154040229,0.1080253811025932,0.06492463272043736,-1.3137737832784229
2024-05-01 04:00:00,10,0.483108933722864,0.19204602703532456,0.09060313254965856,0.7716463367180584,-1.0959204847159327
2024-05-01 08:00:00,10,1.390791240384754,1.3777157491298813,-0.03567562100589243,0.4601058795236703,0.483108933722864
2024-05-01 12:00:00,10,-1.08858402414236,0.3247306920740436,-0.10826514275338328,-0.43676790741393745,1.390791240384754
2024-05-01 16:00:00,10,-0.022780936701693122,0.9700173453798961,0.09001641827700355,0.2652227636390716,-1.08858402414236
2024-05-01 20:00:00,10,3.0132310258706596,-0.02750868681863891,0.004781600074101264,0.27991341193793495,-0.022780936701693122
2024-05-02 00:00:00,10,-1.2276304740577615,-2.7031046565104395,-0.23801552703226672,-1.6632163997963456,3.0132310258706596
2024-05-02 04:00:00,10,-2.282084809202445,-1.6243001029383934,0.10113629494086052,-0.8715594204759967,-1.2276304740577615
2024-05-02 08:00:00,10,2.3698649867168893,1.633445455168655,0.18546352632010218,0.6000791587085885,-2.282084809202445
2024-05-02 12:00:00,10,-0.09851630454506122,0.01494789617348242,-0.1865640084249464,-0.928165859989992,2.3698649867168893
2024-05-02 16:00:00,10,0.12458467055618527,-0.06101787637280393,0.010838338308140932,-0.8646360587036508,-0.09851630454506122
2024-05-02 20:00:00,10,-1.7377236059407775,-1.5027597271777353,-0.0070035794698497305,-0.9449764592120626,0.12458467055618527
2024-05-03 00:00:00,10,-0.1913435430880419,-0.49418408560266724,0.14192966087771638,0.17562216540957998,-1.7377236059407775
2024-05-03 04:00:00,10,-0.2778665964002691,-0.25732346346553014,0.018261954260021786,0.29901308355194267,-0.1913435430880419
2024-05-03 08:00:00,10,0.6611557773889203,1.4037207185522054,0.025181409463643778,0.4781997647306593,-0.2778665964002691
2024-05-03 12:00:00,10,2.654198351004098,1.8186110833769813,-0.049914452296875814,0.051842976879136415,0.6611557773889203
2024-05-03 16:00:00,10,-0.786109105581227,-1.4797051293252446,-0.20930282659841973,-1.6597589208219574,2.654198351004098
2024-05-03 20:00:00,10,-2.3514578225580234,-1.659345369216777,0.0658267766834469,-1.1528239977390893,-0.786109105581227
2024-05-04 00:00:00,10,0.03380439633098575,0.3154974755835521,0.19101145187148075,0.36355086924543834,-2.3514578225580234
2024-05-06 04:00:00,11,-0.1043560757283295,-0.1955353679724929,-0.0014012808682290112,0.3911160420088535,0.03380439633098575
2024-05-06 08:00:00,11,0.7500073539721406,1.0482186959506623,0.011597840166252827,0.4600923177813563,-0.1043560757283295
2024-05-06 12:00:00,11,-0.4957286656362143,0.5919544974523817,-0.06878675511323777,-0.03564033331663374,0.7500073539721406
2024-05-06 16:00:00,11,0.29119957008134634,1.0680740474439228,0.0484209603391996,0.29202163471553355,-0.4957286656362143
2024-05-06 20:00:00,11,-0.7402924561758901,-0.33808922673561,-0.02561885169294325,0.09954734214962002,0.29119957008134634
2024-05-07 00:00:00,11,-0.012698585374138815,-0.453716401923935,0.07143126326080548,0.5888587334903885,-0.7402924561758901
2024-05-07 04:00:00,11,-0.06288800802479955,-0.026411951713824173,0.0029740507924046105,0.5972521223810112,-0.012698585374138815
2024-05-07 08:00:00,11,1.0970096097972686,1.217371811010964,0.00769622906787117,0.6388192333903842,-0.06288800802479955
2024-05-07 12:00:00,11,-0.9926292423459167,0.48740004787288066,-0.10143519830017564,-0.0862716330719362,1.0970096097972686
2024-05-07 16:00:00,11,1.0905210404948242,1.3777621828065716,0.09517290496182758,0.5698269015083106,-0.9926292423459167
2024-05-07 20:00:00,11,-0.0854110518793405,-0.6899035884063598,-0.1008247074959253,-0.15097521279031412,1.0905210404948242
2024-05-08 00:00:00,11,-1.669999061931204,-1.2803985353797818,0.009815357417435753,-0.0945210367652809,-0.0854110518793405
2024-05-08 04:00:00,11,-0.1626758138401101,0.4690469598994285,0.1589046810527055,1.009298889689818,-1.669999061931204
2024-05-08 08:00:00,11,1.7801107229158148,1.8281817150713553,0.01708497641524341,1.1168227853388153,-0.1626758138401101
2024-05-08 12:00:00,11,0.13044494225166048,0.568905015487863,-0.16570621529847454,-0.05977768830373442,1.7801107229158148
2024-05-08 16:00:00,11,-0.0957559783407973,0.5513442762272664,-0.010493911593476672,-0.14599793228169133,0.13044494225166048
2024-05-08 20:00:00,11,-1.3779334327219708,-0.21564262759134326,0.01078868176383461,-0.08270606620869714,-0.0957559783407973
2024-05-09 00:00:00,11,-0.2544934483385326,0.2056577715681839,0.13142506689451883,0.8280671282434593,-1.3779334327219708
2024-05-09 04:00:00,11,0.18028390886889767,0.8055318930938805,0.02572383329054703,0.9962797613113423,-0.2544934483385326
2024-05-09 08:00:00,11,1.1752055194148525,1.8316349386419066,-0.015183116469765924,0.8771174362747178,0.18028390886889767
2024-05-09 12:00:00,11,2.9073263115680064,1.0832895656313704,-0.10879242630012037,0.10034138916124569,1.1752055194148525
2024-05-09 16:00:00,11,-2.07825662122921,-1.3313881468935658,-0.2717626846376482,-1.8213152084807067,2.9073263115680064
2024-05-09 20:00:00,11,-1.153082778509324,-0.9623077796076371,0.1973164593815934,-0.4476491250116421,-2.07825662122921
2024-05-10 00:00:00,11,-0.9121279491333887,-0.7125095234152035,0.11026951621329523,0.31450444548134193,-1.153082778509324
2024-05-10 04:00:00,11,-0.04934600120258992,0.4395157893782015,0.08759877005692727,0.9173940091232247,-0.9121279491333887
2024-05-10 08:00:00,11,2.1401863046104843,1.6732887829536145,0.0064221006351302444,0.9500102546409366,-0.04934600120258992
2024-05-10 12:00:00,11,-0.8786192496610283,0.025980424063532077,-0.19958469007670887,-0.4645895156268818,2.1401863046104843
2024-05-10 16:00:00,11,1.5816376504893324,0.8870880701175448,0.08444603299938246,0.11615178995285902,-0.8786192496610283
2024-05-10 20:00:00,11,-2.694574873925573,-1.7096811267984016,-0.1470324553430968,-0.9292638601750145,1.5816376504893324
2024-05-11 00:00:00,11,-0.32159752296030675,0.656001521127962,0.255304069319122,0.8517703373680305,-2.694574873925573
2024-05-13 04:00:00,11,0.4358856349699636,0.45346110871249284,0.03203746247054034,1.0643367766160132,-0.32159752296030675
2024-05-13 08:00:00,11,1.2749040533933993,1.2381660136853367,-0.03923194696872201,0.7762292797297672,0.4358856349699636
2024-05-13 12:00:00,11,-0.41254064455059236,0.3779124553074178,-0.11817277431739648,-0.06644454598282579,1.2749040533933993
2024-05-13 16:00:00,11,1.0155338723090637,0.7484112222226252,0.0405940389441513,0.20623260354861017,-0.41254064455059236
2024-05-13 20:00:00,11,-0.9796437561291036,-1.1561731074420467,-0.09376938073892595,-0.46500521316522203,1.0155338723090637
2024-05-14 00:00:00,11,-1.1901005740529342,-1.0979380156246075,0.09395113795055478,0.18251029956335252,-0.9796437561291036
2024-05-14 04:00:00,11,-0.28567772894761845,0.33518190928146124,0.11375241401704986,0.9691315367071347,-1.1901005740529342
2024-05-14 08:00:00,11,3.561490244811658,1.7300223948186029,0.028657872469544033,1.1579560558012716,-0.28567772894761845
2024-05-14 12:00:00,11,-0.5581456212961076,-1.0329646822108054,-0.33331108569534124,-1.196083530036832,3.561490244811658
2024-05-14 16:00:00,11,-0.35273781009576766,-0.53931179549317,0.054293591990881435,-0.8271658026592803,-0.5581456212961076
2024-05-14 20:00:00,11,-2.431356064630924,-1.3576230025660196,0.03496736243026678,-0.5940165557683361,-0.35273781009576766
2024-05-15 00:00:00,11,-0.1761019414037044,-0.10250551058251711,0.23053856939303335,1.0130378034978982,-2.431356064630924
2024-05-15 04:00:00,11,0.18559690625169623,0.41923280345630315,0.018348202102172348,1.129435971880131,-0.1761019414037044
2024-05-15 08:00:00,11,1.6522250350300212,1.464372983024593,-0.015683001096717927,1.0067619129066276,0.18559690625169623
2024-05-15 12:00:00,11,1.6835033390547558,0.31068891754740374,-0.1536738191244683,-0.0853099081069093,1.6522250350300212
2024-05-15 16:00:00,11,-0.08418550303231243,-1.0546999464249633,-0.15661670469593833,-1.1980557618401413,1.6835033390547558
2024-05-15 20:00:00,11,-2.1556761388616117,-1.825933234492494,0.009700049054929953,-1.1424116373109623,-0.08418550303231243
2024-05-16 00:00:00,11,-0.17088784199007634,-0.6980000989406349,0.20460063889498364,0.28242645469825334,-2.1556761388616117
2024-05-16 04:00:00,11,0.01359741471247844,-0.18712175259105757,0.01785762250039976,0.39537825777257574,-0.17088784199007634
2024-05-16 08:00:00,11,0.3114509030040331,1.0243756894586706,0.0004999358537850474,0.3863907693062334,0.01359741471247844
2024-05-16 12:00:00,11,0.39847578260618377,0.9822383688243033,-0.027524241301474503,0.1805309453787114,0.3114509030040331
2024-05-16 16:00:00,11,0.4346212222309429,0.7551344745329028,-0.0357121616675391,-0.0828497469085363,0.39847578260618377
2024-05-16 20:00:00,11,-1.4288278528679523,-0.9397723488343215,-0.03911298201451273,-0.3701215044171935,0.4346212222309429
2024-05-17 00:00:00,11,-0.37347347146782894,-0.38368137274598013,0.13621357635454262,0.5742913946211115,-1.4288278528679523
2024-05-17 04:00:00,11,0.41849869906893034,0.24652043026666035,0.036918321108156446,0.8211462996363412,-0.37347347146782894
2024-05-17 08:00:00,11,0.7738245316128136,1.1141156554704648,-0.03759606022899463,0.5445310525034355,0.41849869906893034
2024-05-17 12:00:00,11,-0.1415241813869308,0.6521533196702531,-0.07102764478476369,0.03305595228017921,0.7738245316128136
2024-05-17 16:00:00,11,1.1693289637028226,0.848682685563162,0.015094880215965016,0.1265992452383724,-0.1415241813869308
2024-05-17 20:00:00,11,-1.779419762554463,-1.4635579219160249,-0.10823951809252712,-0.6462925725711859,1.1693289637028226
2024-05-18 00:00:00,11,0.5158002490404563,0.18964943896052017,0.16919975973822773,0.5298511967338353,-1.779419762554463
2024-05-20 04:00:00,11,-1.0167945852680411,-0.6936171226967528,-0.04675088292227211,0.18892250644885067,0.5158002490404563
2024-05-20 08:00:00,11,1.311093896732416,1.3079996711590598,0.0974465525022731,0.8609936170952288,-1.0167945852680411
2024-05-20 12:00:00,11,-0.9016105302965585,0.5140135880272693,-0.12157777248200065,-0.00560062337897449,1.311093896732416
2024-05-20 16:00:00,11,0.11264197256437214,1.3722282918108455,0.08660921639955703,0.5903372378628227,-0.9016105302965585
2024-05-20 20:00:00,11,-0.029233278622207592,0.05166189677773545,-0.00881888143261476,0.5158842296509629,0.11264197256437214
2024-05-21 00:00:00,11,-1.3459587918121656,-0.5465680973351089,0.004529752474629602,0.5352065611386756,-0.029233278622207592
2024-05-21 04:00:00,11,1.3122661022529947,0.9293250497035158,0.128416664990375,1.424845464810648,-1.3459587918121656
2024-05-21 08:00:00,11,1.2649502116180553,1.0666829115070706,-0.12168806192450304,0.5574764311997242,1.3122661022529947
2024-05-21 12:00:00,11,-0.23821964428806375,0.20392508199329512,-0.1172362460031314,-0.27861819986128644,1.2649502116180553
2024-05-21 16:00:00,11,-0.060832619151195644,0.42870860756909784,0.024192677921791018,-0.1211620693565596,-0.23821964428806375
2024-05-21 20:00:00,11,-1.1204510543660646,-0.6567019751223974,0.007502843446479882,-0.08095350952665648,-0.060832619151195644
2024-05-22 00:00:00,11,-0.9677857465275324,-0.44030836530896317,0.10719929123954194,0.6596314576269577,-1.1204510543660646
2024-05-22 04:00:00,11,0.8334494340771421,0.7159810837210125,0.09283545196786144,1.2993091771587064,-0.9677857465275324
2024-05-22 08:00:00,11,3.407165310944986,1.2779937406409505,-0.07663758018995126,0.7484237820715975,0.8334494340771421
2024-05-22 12:00:00,11,-1.603573181953152,-1.3871624374536977,-0.3187910969889476,-1.5036115924863491,3.407165310944986
2024-05-22 16:00:00,11,-0.10252299010766919,0.008901933154942263,0.15265486125413133,-0.4436972056351465,-1.603573181953152
2024-05-22 20:00:00,11,-0.08199245683769085,-0.6238463810576803,0.011425370417891649,-0.37593254517495645,-0.10252299010766919
2024-05-23 00:00:00,11,-2.861483935178546,-1.2381239604088727,0.009493711652537058,-0.32173795923800874,-0.08199245683769085
2024-05-23 04:00:00,11,1.5097475725383127,1.4996027947915396,0.2710080623399887,1.5696181851352904,-2.861483935178546
2024-05-23 08:00:00,11,1.6661454830463676,1.3763731561145298,-0.14026852488936736,0.571719747660806,1.5097475725383127
2024-05-23 12:00:00,11,-0.5067269949915527,0.26037203988614865,-0.15498355399958522,-0.5295530772669839,1.6661454830463676
2024-05-23 16:00:00,11,1.038253273808266,0.6812079011870911,0.049455761482653696,-0.1946215392231423,-0.5067269949915527
2024-05-23 20:00:00,11,-1.4781992220121545,-1.3625970605010571,-0.09590698381393807,-0.8808762075410446,1.038253273808266
2024-05-24 00:00:00,11,-1.6281091826787453,-0.767732336278198,0.14085878633086663,0.09616970447316042,-1.4781992220121545
2024-05-24 04:00:00,11,0.3214392117681264,0.8904718621713652,0.15496338292013426,1.1723016612223418,-1.6281091826787453
2024-05-24 08:00:00,11,1.3911228099548403,1.8237465969061974,-0.02846401251547616,0.9598398609843386,0.3214392117681264
2024-05-24 12:00:00,11,0.0021933372400511075,0.782777666396349,-0.1291074625136742,0.04034887875669746,1.3911228099548403
2024-05-24 16:00:00,11,0.6929163725501528,0.8318930743183848,0.0015729126693755928,0.03889914779205661,0.0021933372400511075
2024-05-24 20:00:00,11,-1.5358374819367508,-1.1349683422204841,-0.06341522904344293,-0.41909805521436816,0.6929163725501528
2024-05-25 00:00:00,11,-0.2357979504803609,0.33076935624725706,0.14628180425928747,0.5960450397751345,-1.5358374819367508
2024-05-27 04:00:00,11,-1.1063516174811845,0.12343199416847747,0.023964827723788874,0.751900502386297,-0.2357979504803609
2024-05-27 08:00:00,11,1.9326989339049483,2.233186048659635,0.10587271581711644,1.4831661592839342,-1.1063516174811845
2024-05-27 12:00:00,11,0.1620234821404054,0.7789750174265156,-0.18006280074956676,0.20570939675391386,1.9326989339049483
2024-05-27 16:00:00,11,0.22149939179480072,0.6859952624244295,-0.013465045492974167,0.0986166730410023,0.1620234821404054
2024-05-27 20:00:00,11,-1.9266781184624016,-0.4757762305503806,-0.01906096259364438,-0.04778786570050464,0.22149939179480072
2024-05-28 04:00:00,11,0.7683983370860794,0.6483348943683906,0.1830548744700613,1.2256893161156768,-1.9266781184624016
2024-05-28 08:00:00,11,0.4853765372717014,1.1994848999127041,-0.07051710976444775,0.7178007697893456,0.7683983370860794
2024-05-28 12:00:00,11,0.5725549352005608,1.010410887420045,-0.043888403475687385,0.3969812520497893,0.4853765372717014
2024-05-28 16:00:00,11,0.46063443335548726,0.6057782675593822,-0.052090767939113214,0.018539394882672866,0.5725549352005608
2024-05-28 20:00:00,11,-1.3850973656560122,-0.9056897599101501,-0.04156049015387625,-0.28592632485321445,0.46063443335548726
2024-05-29 00:00:00,11,-0.7321772601026595,-0.4333109760652358,0.13209910071840827,0.6295820171236599,-1.3850973656560122
2024-05-29 04:00:00,11,0.9022558810227359,0.5518464902069455,0.07066772782695731,1.1135295041743483,-0.7321772601026595
2024-05-29 08:00:00,11,0.654560645101391,0.971735088418902,-0.08311138068054622,0.5171650852132412,0.9022558810227359
2024-05-29 12:00:00,11,0.5111164610669583,0.6742952572998696,-0.05980644907880879,0.08451988222690332,0.654560645101391
2024-05-29 16:00:00,11,0.4430708615060066,0.3118544718395561,-0.046310198797067256,-0.2533129629080495,0.5111164610669583
2024-05-29 20:00:00,11,-1.1630476900163575,-0.8766321104999147,-0.039907984246316835,-0.5461696817593715,0.4430708615060066
2024-05-30 00:00:00,11,-0.8083677181820157,-0.5426702476363192,0.11120708604674381,0.22257040015003682,-1.1630476900163575
2024-05-30 04:00:00,11,0.3480242261035329,0.48831296173117006,0.07783626866562035,0.7568775237723049,-0.8083677181820157
2024-05-30 08:00:00,11,2.0323482383733253,1.4205437722436849,-0.030965319972655506,0.5268438163174327,0.3480242261035329
2024-05-30 12:00:00,11,-0.5298260769295808,-0.14162719403301413,-0.189438516903969,-0.8164781855633141,2.0323482383733253
2024-05-30 16:00:00,11,-0.6245570857008804,0.3450864023518649,0.051629087597006657,-0.4662788383887726,-0.5298260769295808
2024-05-30 20:00:00,11,-1.4195969392439558,-0.5151083119680138,0.060542055469670036,-0.05346509967437463,-0.6245570857008804
2024-05-31 00:00:00,11,-0.4146462658927632,0.04786424297989538,0.13534506626863568,0.8848464388124047,-1.4195969392439558
2024-05-31 04:00:00,11,1.0720043001486488,0.7755444973148286,0.04079215079388439,1.1589153416975044,-0.4146462658927632
2024-05-31 08:00:00,11,0.8217470680389276,1.0694493007261876,-0.09908252070880524,0.45035224443369337,1.0720043001486488
2024-05-31 12:00:00,11,1.1592531103841086,0.5615726929298585,-0.07553653826201653,-0.09279823324291492,0.8217470680389276
2024-05-31 16:00:00,11,0.07528508297325409,-0.42074364808922293,-0.10729151006343311,-0.8590302103838354,1.1592531103841086
2024-05-31 20:00:00,11,-2.090744227635998,-1.654970003387917,-0.005304079246225032,-0.9087914208210464,0.07528508297325409
2024-06-01 00:00:00,11,-0.37625415057740597,0.12655153443781447,0.19849138231500027,0.4731286006889164,-2.090744227635998
2024-06-03 04:00:00,12,-0.2824664700777717,-0.20971224868526733,0.02960149183111522,0.6606769858090988,-0.37625415057740597
2024-06-03 08:00:00,12,1.8279235910958889,1.324617093786702,0.020815911134588284,0.844576968176046,-0.2824664700777717
2024-06-03 12:00:00,12,-0.0034293862846279666,-0.16746862412291602,-0.17687532170981404,-0.34549389608655723,1.8279235910958889
2024-06-03 16:00:00,12,1.7077936924180328,-0.05747958673419655,-0.005322946377702708,-0.34326119187533166,-0.0034293862846279666
2024-06-03 20:00:00,12,-3.0183806978013497,-2.2704727736091175,-0.16562212818506294,-1.4551214060649595,1.7077936924180328
2024-06-04 00:00:00,12,0.21909154817168286,-0.7020023079048063,0.2771032518427893,0.5099973457273173,-3.0183806978013497
2024-06-04 04:00:00,12,-1.121761661979761,-0.3581342474144782,-0.026167641714209332,0.36735764822826056,0.21909154817168286
2024-06-04 08:00:00,12,1.9924263375995714,1.9282946818843802,0.09943706475924521,1.0976813209855845,-1.121761661979761
2024-06-04 12:00:00,12,0.22150653376748153,0.2964159619944886,-0.19228515108728814,-0.19948916530653626,1.9924263375995714
2024-06-04 16:00:00,12,0.1268390412802436,0.15357813190131694,-0.026393865997823236,-0.3437011407767141,0.22150653376748153
2024-06-04 20:00:00,12,-1.860337961729643,-1.122963639693973,-0.017525868728312667,-0.42627978258313703,0.1268390412802436
2024-06-05 00:00:00,12,-0.3684141906263392,-0.4810007770735216,0.16862335497803527,0.7848944791423271,-1.860337961729643
2024-06-05 04:00:00,12,0.08962260759732033,0.41115091053437997,0.028867081933773686,1.0247507818789412,-0.3684141906263392
2024-06-05 08:00:00,12,1.7507494278510514,1.587247872412196,-0.014039611475585956,0.9664019238630175,0.08962260759732033
2024-06-05 12:00:00,12,-0.3033804885895144,0.15144184457493853,-0.16964601573633806,-0.17342465032153775,1.7507494278510514
2024-06-05 16:00:00,12,2.2569141306384424,0.5309703216373407,0.022775036217378766,0.024091417644781288,-0.3033804885895144
2024-06-05 20:00:00,12,-2.730510670935157,-2.4432552261422846,-0.21706110072811943,-1.4452740214243143,2.2569141306384424
2024-06-06 00:00:00,12,-1.2354464283132671,-0.9574683781916321,0.25013696653035766,0.3324267587761849,-2.730510670935157
2024-06-06 04:00:00,12,0.48332890109297466,0.7787170848978073,0.11008650915607857,1.136764973926331,-1.2354464283132671
2024-06-06 08:00:00,12,1.6355066490325747,1.7016073118494122,-0.05092013132435306,0.8220933728546669,0.48332890109297466
2024-06-06 12:00:00,12,0.19907699994394612,0.21458328593149356,-0.15885062419228896,-0.2427043138771552,1.6355066490325747
2024-06-06 16:00:00,12,0.06496490407845101,0.32140344451736685,-0.024292774699452558,-0.3723135265007862,0.19907699994394612
2024-06-06 20:00:00,12,-0.4768722821298734,-1.0056939262828577,-0.01172979591236913,-0.4146089703147311,0.06496490407845101
2024-06-07 00:00:00,12,-1.5832161958182702,-1.4978628434028332,0.03902691646661852,-0.1041409552939605,-0.4768722821298734
2024-06-07 04:00:00,12,-0.3174427509390334,0.5169522862813535,0.14266391527115493,0.926612997250853,-1.5832161958182702
2024-06-07 08:00:00,12,1.9349880943898299,2.0273951777763815,0.02409232160058977,1.133284310430538,-0.3174427509390334
2024-06-07 12:00:00,12,3.04692479042288,2.211046883611895,-0.18690461157402133,-0.12649096958966055,1.9349880943898299
2024-06-07 16:00:00,12,-2.0815485317711886,-1.9577211132381032,-0.2910655154409849,-2.1101933717824046,3.04692479042288
2024-06-07 20:00:00,12,-1.3670600722739081,-1.4522609974619938,0.18934530165238875,-0.7549998219664928,-2.0815485317711886
2024-06-08 00:00:00,12,-0.27188076992230137,-0.48497971898932424,0.12241544493549242,0.13502554322644578,-1.3670600722739081
2024-06-10 04:00:00,12,-0.19858960402603643,-0.4059463152015878,0.019824293446106426,0.31203369849831475,-0.27188076992230137
2024-06-10 08:00:00,12,0.9788484369693542,1.0431667294446223,0.012958728065942348,0.44132559168688346,-0.19858960402603643
2024-06-10 12:00:00,12,0.6857582408198439,0.2775437606673371,-0.09733802806682001,-0.19595433130367645,0.9788484369693542
2024-06-10 16:00:00,12,-1.0575725774764386,-0.2594825248915756,-0.06988274229885104,-0.64241768803425,0.6857582408198439
2024-06-10 20:00:00,12,-0.5689277329138918,-0.42358474243505995,0.09342413876794378,0.04611563875719327,-1.0575725774764386
2024-06-11 00:00:00,12,-1.2138649431010542,-0.8125602261034408,0.047650230180207066,0.4165164159613859,-0.5689277329138918
2024-06-11 04:00:00,12,0.2334293700158021,0.8795367266439076,0.1080648589897378,1.2068039908748869,-1.2138649431010542
2024-06-11 08:00:00,12,2.400108651508525,1.8799715318172032,-0.027510740191033563,1.0548296449710541,0.2334293700158021
2024-06-11 12:00:00,12,-0.11532190816093824,-0.14199945046129042,-0.23047487758775215,-0.5077626817204948,2.400108651508525
2024-06-11 16:00:00,12,0.592636502414436,0.10974930916672697,0.005158609142652258,-0.4326822770569603,-0.11532190816093824
2024-06-11 20:00:00,12,-1.608245096363154,-1.687340961591131,-0.06115954386806382,-0.8185186643422071,0.592636502414436
2024-06-12 00:00:00,12,-1.4538267492216441,-1.166705814651387,0.14500850279385502,0.22853037047414482,-1.608245096363154
2024-06-12 04:00:00,12,-0.3958611996766699,0.7166204906124132,0.13054333164761545,1.1750452381426637,-1.4538267492216441
2024-06-12 08:00:00,12,2.248098344619045,2.3301508200554086,0.03143818627930579,1.4327709342943322,-0.3958611996766699
2024-06-12 12:00:00,12,3.138252632250561,0.44319625995086426,-0.2162352801185882,-0.030854981449849106,2.248098344619045
2024-06-12 16:00:00,12,-1.8645393068923202,-1.6988985070665845,-0.29962067023255556,-2.07401643553324,3.138252632250561
2024-06-12 20:00:00,12,-0.10442914044523022,-1.2534258587449443,0.16901691686978937,-0.8601068852578777,-1.8645393068923202
2024-06-13 00:00:00,12,-3.119472755170907,-2.038868507463951,0.004138226835881708,-0.7921182242278242,-0.10442914044523022
2024-06-13 04:00:00,12,0.44657303167455353,1.1333969952065877,0.286573071578886,1.238816578448585,-3.119472755170907
2024-06-13 08:00:00,12,1.4384454392269603,1.9580421851567806,-0.04747701752597092,0.9480749104980735,0.44657303167455353
2024-06-13 12:00:00,12,0.9009575684192086,0.6989352231242619,-0.1403908739172067,0.011574054885654661,1.4384454392269603
2024-06-13 16:00:00,12,0.20041268075957674,0.14622937285192236,-0.09004158457312957,-0.5749949665633043,0.9009575684192086
2024-06-13 20:00:00,12,-1.9232782149601952,-1.2914486911576122,-0.0244178948807814,-0.7054737750663129,0.20041268075957674
2024-06-14 00:00:00,12,-1.0578439065773466,-0.5198640479083614,0.1745192964372018,0.5466777801980367,-1.9232782149601952
2024-06-14 04:00:00,12,1.4859800291078606,0.9295400053198044,0.09344955557853814,1.235387755980275,-1.0578439065773466
2024-06-14 08:00:00,12,0.005687103507423075,0.9839314185093264,-0.14484368662192637,0.2679394741529464,1.4859800291078606
2024-06-14 12:00:00,12,2.0761409446791497,0.9733775203593724,-0.00617693547638226,0.2642368816489711,0.005687103507423075
2024-06-14 16:00:00,12,-0.6338685027844484,-0.5538112522234574,-0.20012713451259043,-1.0874360550102722,2.0761409446791497
2024-06-14 20:00:00,12,-2.1084512130061484,-1.3929505457574747,0.053733570456381025,-0.6747555465841639,-0.6338685027844484
2024-06-15 00:00:00,12,0.2624423300827381,0.16868801495565564,0.19186541597533122,0.6979530116622037,-2.1084512130061484
2024-06-17 04:00:00,12,-0.5562306356459068,-0.33983355788900776,-0.030228535327401964,0.5270897588971319,0.2624423300827381
2024-06-17 08:00:00,12,1.627919872979188,1.517965420576215,0.046460826923134635,0.8892240825181759,-0.5562306356459068
2024-06-17 12:00:00,12,-0.10280263579689475,0.13499662485068264,-0.15813993134981305,-0.17063422864083755,1.627919872979188
2024-06-17 16:00:00,12,-0.0974467012186011,0.3491114001583193,0.003985863670857244,-0.10370450453900126,-0.10280263579689475
2024-06-17 20:00:00,12,-1.2542868589129341,-0.684231162822785,0.003484145372758367,-0.04026176519056257,-0.0974467012186011
2024-06-18 00:00:00,12,0.079472224304034,-0.5037315223509313,0.11185139045508175,0.7763425247758651,-1.2542868589129341
2024-06-18 04:00:00,12,-0.6807182994100103,0.11526190500287191,-0.013088772185726414,0.7246020805236668,0.079472224304034
2024-06-18 08:00:00,12,2.3178053519712556,1.869355507216046,0.05812223500887899,1.167784180062391,-0.6807182994100103
2024-06-18 12:00:00,12,0.5551112514081975,-0.020162571441891448,-0.22276509869330632,-0.3412245289718907,2.3178053519712556
2024-06-18 16:00:00,12,0.33648606780417545,-0.1466564327198283,-0.057644358087624116,-0.7026300767438247,0.5551112514081975
2024-06-18 20:00:00,12,-1.902182889475334,-1.7532090393321167,-0.03716459803157237,-0.921699553977259,0.33648606780417545
2024-06-19 00:00:00,12,-2.3225327249712215,-1.0115408615670083,0.1725431873855714,0.3167178756628264,-1.902182889475334
2024-06-19 04:00:00,12,1.4494595899853095,1.550730941708001,0.21191954663496493,1.82880434401876,-2.3225327249712215
2024-06-19 08:00:00,12,1.9690025983939403,1.538613916832957,-0.14142262680602632,0.8851327182625788,1.4494595899853095
2024-06-19 12:00:00,12,-0.9081061556053189,-0.11542904890409017,-0.1900909273906452,-0.396787727110711,1.9690025983939403
2024-06-19 16:00:00,12,-0.733926861077606,0.7812147941879269,0.07942284026291271,0.1944353867588866,-0.9081061556053189
2024-06-19 20:00:00,12,-0.2782161199961841,0.4157124070668315,0.06310655821408519,0.6722589556010199,-0.733926861077606
2024-06-20 04:00:00,12,0.6067020134705707,0.44001999048451196,0.0204177586967484,0.853391744733166,-0.2782161199961841
2024-06-20 08:00:00,12,0.6013513873798715,1.1896924630817995,-0.06247713357455033,0.45839799716195984,0.6067020134705707
2024-06-20 12:00:00,12,0.8263597221707109,0.6444103773893876,-0.061975912550143356,0.06688777824978587,0.6013513873798715
2024-06-20 16:00:00,12,-0.5046851796139364,0.056213423911680827,-0.0830536156361449,-0.4711142660073886,0.8263597221707109
2024-06-20 20:00:00,12,-0.0489017477510032,-0.593730302230636,0.04163229548813532,-0.14253864566452634,-0.5046851796139364
2024-06-21 00:00:00,12,-1.5665959022608718,-1.4462031477480304,-0.0010633133534481056,-0.11070113041308183,-0.0489017477510032
2024-06-21 04:00:00,12,-1.006485865651932,0.5127369968594614,0.14110700577653257,0.9092321690067866,-1.5665959022608718
2024-06-21 08:00:00,12,3.196855869784441,2.527929873994432,0.08863858029306317,1.5645054582400544,-1.006485865651932
2024-06-21 12:00:00,12,-0.0010856992231236262,-0.1163529985342868,-0.30511034083416133,-0.5168096724413402,3.196855869784441
2024-06-21 16:00:00,12,0.6184964939527866,-0.02316013269573794,-0.005542491756120854,-0.5161028272432766,-0.0010856992231236262
2024-06-21 20:00:00,12,-2.0495455417510335,-1.7140844083032771,-0.0635819840143746,-0.9187753791416302,0.6184964939527866
2024-06-22 00:00:00,12,-0.016124997197398017,-0.2035859511677626,0.18634741483127992,0.41558260283228243,-2.0495455417510335
2024-06-24 04:00:00,12,-0.6463134723466766,-0.408263456670572,-0.004133682355267648,0.4260807929341084,-0.016124997197398017
2024-06-24 08:00:00,12,0.9654072905991242,1.4149604183400433,0.054899355597588385,0.8468636070335993,-0.6463134723466766
2024-06-24 12:00:00,12,-0.5536730901974636,0.5089196639587191,-0.09607892585360402,0.2183345512868442,0.9654072905991242
2024-06-24 16:00:00,12,1.5327231730680406,1.1390691017955554,0.04622124831534061,0.5788037832503132,-0.5536730901974636
2024-06-24 20:00:00,12,-0.5413474582639299,-1.0829108239413667,-0.14922236046356316,-0.419076653401218,1.5327231730680406
2024-06-25 00:00:00,12,-0.018552234957500247,-1.5056441557054252,0.04506664215160068,-0.06663203226895398,-0.5413474582639299
2024-06-25 04:00:00,12,-1.1479418486156767,-0.9505875881067037,-0.003906310347585694,-0.05455358741632388,-0.018552234957500247
2024-06-25 08:00:00,12,1.0310714662566909,1.3125660250179938,0.10188949924866486,0.6928147131843794,-1.1479418486156767
2024-06-25 12:00:00,12,0.02769285307601166,0.4376240854513788,-0.10223003131902514,0.021534952399104412,1.0310714662566909
2024-06-25 16:00:00,12,0.5043517996479423,0.5460525492512841,-0.008238328695539136,0.003505502068355426,0.02769285307601166
2024-06-25 20:00:00,12,-0.9619944704804482,-1.0652269815217743,-0.05288945576809263,-0.3248530710269133,0.5043517996479423
2024-06-26 00:00:00,12,-1.199628156589327,-1.1786539826872386,0.08447083949280247,0.3014540659219289,-0.9619944704804482
2024-06-26 04:00:00,12,0.25961168298180226,0.5317937925714715,0.10673122501892547,1.0824727715507034,-1.199628156589327
2024-06-26 08:00:00,12,0.9689075779707501,1.6500834429388043,-0.029963373864871086,0.913452413454884,0.25961168298180226
2024-06-26 12:00:00,12,1.5402066689547862,0.8046580159649629,-0.09640681600933265,0.2826444932972709,0.9689075779707501
2024-06-26 16:00:00,12,0.1812670124592124,-0.21892088504300133,-0.14992337851470675,-0.7201080783061968,1.5402066689547862
2024-06-26 20:00:00,12,-1.421188501169981,-1.5125629828232228,-0.02262442037596683,-0.8381220867857877,0.1812670124592124
2024-06-27 00:00:00,12,-1.0059122703747754,-1.2017255445105257,0.1274859368967956,0.0871436278787101,-1.421188501169981
2024-06-27 04:00:00,12,0.4640965788316542,0.30721725394577254,0.08858484863483514,0.7420434775270017,-1.0059122703747754
2024-06-27 08:00:00,12,1.0967091244965808,1.1804350726841097,-0.049118539491520584,0.4398930925974103,0.4640965788316542
2024-06-27 12:00:00,12,-0.14428870396704596,0.21847243397569902,-0.10837865275976818,-0.2741201090440466,1.0967091244965808
2024-06-27 16:00:00,12,0.45475883766162895,0.48963971756735825,0.007872079832178157,-0.1801808527918496,-0.14428870396704596
2024-06-27 20:00:00,12,-1.3612748734061029,-1.202089990357421,-0.048243824623475005,-0.4762518951501189,0.45475883766162895
2024-06-28 00:00:00,12,0.4287915663253621,-0.8686961942229182,0.12187351521478931,0.4100070124895172,-1.3612748734061029
2024-06-28 04:00:00,12,-0.12433715770841047,-0.5852832937674243,-0.04581133501953099,0.13084197932781727,0.4287915663253621
2024-06-28 08:00:00,12,0.12947787758727358,0.6657997710240766,0.006003114540127719,0.21179176817828527,-0.12433715770841047
2024-06-28 12:00:00,12,0.5372023264304993,0.5939833406121859,-0.01777306227438216,0.127495110246981,0.12947787758727358
2024-06-28 16:00:00,12,0.6397917903885411,0.3220738264387633,-0.055966735773676085,-0.22225082006061037,0.5372023264304993
2024-06-28 20:00:00,12,-0.6897278178162853,-1.2725129876151677,-0.06557682538688847,-0.6387876888032107,0.6397917903885411
2024-06-29 00:00:00,12,-1.1337618612046754,-0.9924120760196292,0.058966203540497406,-0.18973993634082298,-0.6897278178162853
2024-07-01 04:00:00,13,0.2451785563351443,-0.6009454522302268,0.07730502090552635,0.4704196453377385,-1.1337618612046754
2024-07-01 08:00:00,13,1.7136336390345406,0.8253712681522202,-0.013301506744589537,0.30615394778080507,0.2451785563351443
2024-07-01 12:00:00,13,-0.40183070549242217,-0.5946011465008703,-0.10978980628325609,-0.841953086050701,1.7136336390345406
2024-07-01 16:00:00,13,0.2243307696933936,-0.03176230592451868,0.02921176056267438,-0.5727329628712514,-0.40183070549242217
2024-07-01 20:00:00,13,-1.599628195223227,-1.3234573602263933,-0.011931653825077911,-0.7230309779912911,0.2243307696933936
2024-07-02 00:00:00,13,-1.0036803314353122,-0.7220398589613111,0.10791586553492535,0.3486942383073881,-1.599628195223227
2024-07-02 04:00:00,13,0.0959204528417601,0.4351560719570834,0.06875770763955862,1.0211439510058629,-1.0036803314353122
2024-07-02 08:00:00,13,1.7525445962352713,1.777847695498656,-0.003494151539710535,0.9568787871532365,0.0959204528417601
2024-07-02 12:00:00,13,-0.5434750022719577,0.2614606255783568,-0.11234654236456591,-0.21729796347050367,1.7525445962352713
2024-07-02 16:00:00,13,1.1619204207307146,0.9407256474677597,0.03851883266629237,0.14682156511879896,-0.5434750022719577
2024-07-02 20:00:00,13,-1.745969777917475,-1.3312192768713078,-0.07353818994557158,-0.6316464676078315,1.1619204207307146
2024-07-03 00:00:00,13,-0.6137195780923506,-0.48267072570457215,0.11753158387205591,0.5381252602707427,-1.745969777917475
2024-07-03 04:00:00,13,0.1993445657249744,0.3685360841139998,0.04313441795220071,0.9493075272137013,-0.6137195780923506
2024-07-03 08:00:00,13,0.8723209086909698,1.4249272206520864,-0.010289876448811661,0.8157498677166135,0.1993445657249744
2024-07-03 12:00:00,13,1.2416407551249105,0.7804800653990527,-0.05450937197684199,0.23130885989965222,0.8723209086909698
2024-07-03 16:00:00,13,1.2643503544642005,-0.08775683292718302,-0.0787764022647457,-0.6005705173363811,1.2416407551249105
2024-07-03 20:00:00,13,0.01371280129203356,-2.2248949413814314,-0.08026858997226789,-1.4476649616340218,1.2643503544642005
2024-07-04 00:00:00,13,-2.5040242000232205,-2.9417897489205034,0.001907495810999814,-1.4568523184052076,0.01371280129203356
2024-07-04 04:00:00,13,-1.3634629805570349,-0.455312256453323,0.16734133495568707,0.22080370528879278,-2.5040242000232205
2024-07-04 08:00:00,13,2.0117679509500697,1.9874494281969066,0.09239807391719582,1.1343020182819643,-1.3634629805570349
2024-07-04 12:00:00,13,-0.5748524314732926,0.3520273033166877,-0.12937942337796468,-0.21355021938994945,2.0117679509500697
2024-07-04 16:00:00,13,-0.6733038355059264,1.0540740588817124,0.04058056054833714,0.1715916831473212,-0.5748524314732926
2024-07-04 20:00:00,13,-0.062264687927413576,-0.14148275518950768,0.04704954191128133,0.6226944462125985,-0.6733038355059264
2024-07-05 04:00:00,13,0.014945803029547733,-0.11614200469362718,0.006899775673265456,0.6644107877574932,-0.062264687927413576
2024-07-05 08:00:00,13,0.7645034589660291,1.328474417617035,0.00182647852801812,0.6543973396122116,0.014945803029547733
2024-07-05 12:00:00,13,0.08257542722087763,2.9104739527430605,-0.04742497252389339,0.14219229260932487,0.7645034589660291
2024-07-05 16:00:00,13,1.3848210383406254,0.8543098965045715,-0.002617285202681092,0.08686808173112048,0.08257542722087763
2024-07-05 20:00:00,13,-1.9673234712858054,-1.562423832222283,-0.08818439997452454,-0.8409397871739763,1.3848210383406254
2024-07-06 00:00:00,13,-0.5272480001395046,-0.34436138200641847,0.13207614960058475,0.4771353624697934,-1.9673234712858054
2024-07-08 04:00:00,13,0.4696421619402251,0.08767315829333512,0.03745259927528355,0.8303830600784874,-0.5272480001395046
2024-07-08 08:00:00,13,1.12473302199761,1.120005755302809,-0.028050416580727662,0.5157303494727419,0.4696421619402251
2024-07-08 12:00:00,13,-0.18428744285020215,0.032394724743060106,-0.07109470433249604,-0.2378227229713481,1.12473302199761
2024-07-08 16:00:00,13,-0.9052812502962979,0.37979974152617907,0.014917568158875655,-0.11435309412912709,-0.18428744285020215
2024-07-08 20:00:00,13,-0.34545093297742113,0.10517399534446453,0.06229216427556433,0.49217081354027137,-0.9052812502962979
2024-07-09 00:00:00,13,-0.23898202078785147,-0.127985244893379,0.025507194830674453,0.723617394046526,-0.34545093297742113
2024-07-09 04:00:00,13,0.3529379469301581,0.22043213338277381,0.01851140421240183,0.8837315122429814,-0.23898202078785147
2024-07-09 08:00:00,13,0.5711787820216436,1.360981570733308,-0.02038209128567237,0.6472687525571601,0.3529379469301581
2024-07-09 12:00:00,13,1.1493666687045287,0.8839387347242756,-0.03472211933008934,0.26458813618934407,0.5711787820216436
2024-07-09 16:00:00,13,0.3715835488700616,0.15028057908602585,-0.07271331610359467,-0.5054690841711391,1.1493666687045287
2024-07-09 20:00:00,13,-1.5752498168129492,-1.5012995745239919,-0.021607244473026917,-0.7544240978893253,0.3715835488700616
2024-07-10 00:00:00,13,-1.8874083295437813,-0.7975996388457754,0.10631402676843489,0.3009679961545775,-1.5752498168129492
2024-07-10 04:00:00,13,0.9584121361159497,1.1167479292629132,0.1268251370058346,1.5655012834926136,-1.8874083295437813
2024-07-10 08:00:00,13,1.3302714915739422,1.6117395410285211,-0.060166198826569595,0.9233805350903221,0.9584121361159497
2024-07-10 12:00:00,13,-0.7632757298458159,0.5622679550299942,-0.08460009353564678,0.032119986982706905,1.3302714915739422
2024-07-10 16:00:00,13,2.345813227737084,1.3710210082602947,0.05296135711993598,0.5435024751804622,-0.7632757298458159
2024-07-10 20:00:00,13,-2.1156068630519353,-1.717422716770186,-0.15132865499276665,-1.0281547364142547,2.345813227737084
2024-07-11 00:00:00,13,-0.7856621995309574,-0.5032134597262393,0.14181945907589993,0.3892679057209669,-2.1156068630519353
2024-07-11 04:00:00,13,0.7145270897152152,0.3997546723481814,0.054432312832536,0.9156489692983758,-0.7856621995309574
2024-07-11 08:00:00,13,0.6904855035468529,1.1333512185795929,-0.044141157483896916,0.43692728755817534,0.7145270897152152
2024-07-11 12:00:00,13,3.264514494759128,0.700711062165208,-0.04256144844483435,-0.025686917323719527,0.6904855035468529
2024-07-11 16:00:00,13,-1.6809776400218386,-1.5219911423616932,-0.21169408535787204,-2.2128592323988876,3.264514494759128
2024-07-11 20:00:00,13,-1.616584469848906,-1.4729928661579328,0.11326112238990772,-1.0866311937675448,-1.6809776400218386
2024-07-12 00:00:00,13,0.7641870009211402,-0.8538254117466405,0.109030017492597,-0.0035455456228348226,-1.616584469848906
2024-07-12 04:00:00,13,-2.2613800424966257,-1.3455996145917555,-0.0474041789027698,-0.5155385708148899,0.7641870009211402
2024-07-12 08:00:00,13,1.6551052390025305,1.9384795972822666,0.1513978291388829,0.9995497618460654,-2.2613800424966257
2024-07-12 12:00:00,13,0.1373706363148841,0.5097541611527947,-0.10594405992006035,-0.10934418336195151,1.6551052390025305
2024-07-12 16:00:00,13,0.6766760569518162,0.5802525882846258,-0.006217733463330186,-0.20138030485399128,0.1373706363148841
2024-07-12 20:00:00,13,-1.5192455606002433,-1.2460459646035504,-0.041654066233949336,-0.6547424021628707,0.6766760569518162
2024-07-13 00:00:00,13,1.7555397792796334,-0.3456671383381958,0.10263413521944839,0.3631277391032288,-1.5192455606002433
2024-07-15 04:00:00,13,-3.014296099131702,-2.3592378750954266,-0.11254334792039285,-0.8130557360866693,1.7555397792796334
2024-07-15 08:00:00,13,2.1106866556577657,1.8476491885622166,0.20086995181799952,1.206474269996633,-3.014296099131702
2024-07-15 12:00:00,13,-0.10200770673341353,0.07211226676455496,-0.13587910983229454,-0.20765191215526535,2.1106866556577657
2024-07-15 16:00:00,13,0.6435616544692433,0.4036122721511649,0.009511184321921535,-0.1393083858974382,-0.10200770673341353
2024-07-15 20:00:00,13,-1.3330306479772371,-1.229101447020187,-0.03947820643174895,-0.5704843650388494,0.6435616544692433
2024-07-16 00:00:00,13,-1.8027673700663875,-0.8333121519917557,0.09039844583444774,0.3226247735737058,-1.3330306479772371
2024-07-16 04:00:00,13,0.6356007586209387,1.0137652408556619,0.12126360342710085,1.5304499765740687,-1.8027673700663875
2024-07-16 08:00:00,13,1.4724504983119644,1.9046473056447637,-0.03895511702148567,1.1046076698763105,0.6356007586209387
2024-07-16 12:00:00,13,1.7468820394674491,0.5564432336864382,-0.09394230001637212,0.11808946926890762,1.4724504983119644
2024-07-16 16:00:00,13,-1.9305734632215117,-0.7050546186613091,-0.11197447073635924,-1.0522934592060853,1.7468820394674491
2024-07-16 20:00:00,13,-0.9284167038800426,-0.19885813825477644,0.12966140377149366,0.24115977488299478,-1.9305734632215117
2024-07-17 00:00:00,13,0.639992461886397,-0.11541300202084312,0.06381233373913944,0.8631840651226987,-0.9284167038800426
2024-07-17 04:00:00,13,-0.18991239318734898,-0.4480949719039751,-0.03924368422735725,0.4343993877252075,0.639992461886397
2024-07-17 08:00:00,13,1.783083775023231,1.2065531234099482,0.015287168767988635,0.5616376430112169,-0.18991239318734898
2024-07-17 12:00:00,13,-0.248901655367046,-0.23228925231752928,-0.11435319102905267,-0.6329998672376949,1.783083775023231
2024-07-17 16:00:00,13,0.11941310449039655,0.24956562475897826,0.019163197163965584,-0.466239753086219,-0.248901655367046
2024-07-17 20:00:00,13,-1.470938906238107,-0.9566651673907522,-0.005037791543369542,-0.5462446164794947,0.11941310449039655
2024-07-18 00:00:00,13,-0.945092877196668,-0.4101167298046961,0.09946003272852542,0.4392608416999195,-1.470938906238107
2024-07-18 04:00:00,13,-0.18363234728072086,0.6194476809857544,0.06490808098063858,1.0724579004042987,-0.945092877196668
2024-07-18 08:00:00,13,2.72153656123435,2.23885988160683,0.014874523561680099,1.1954886257294426,-0.18363234728072086
2024-07-18 12:00:00,13,-0.8635708009356033,-0.14694051478090858,-0.17601644147889356,-0.6278971888389346,2.72153656123435
2024-07-18 16:00:00,13,0.14954857958537104,0.806814508252976,0.05955148096885474,-0.04931861277627725,-0.8635708009356033
2024-07-18 20:00:00,13,-0.5224921518322887,-0.49729886708570886,-0.007017913905954028,-0.14951376079998724,0.14954857958537104
2024-07-19 00:00:00,13,-0.8554388958722647,-0.7283051570098095,0.03714010506185241,0.2005475947756299,-0.5224921518322887
2024-07-19 04:00:00,13,0.3290451011098412,0.24918179484569508,0.05901715499537719,0.7736779249653072,-0.8554388958722647
2024-07-19 08:00:00,13,1.1319021318587517,1.2919553966509367,-0.018812155581473616,0.5532229884919264,0.3290451011098412
2024-07-19 12:00:00,13,0.16044743412996,0.30194716154703943,-0.07156576757975305,-0.2051332724928141,1.1319021318587517
2024-07-19 16:00:00,13,-0.7649891931756656,0.3963205659070316,-0.007734048811485849,-0.3126304781315934,0.16044743412996
2024-07-19 20:00:00,13,-0.3456710113978687,-0.08388214059366429,0.0530739442633678,0.1999000029955731,-0.7649891931756656
2024-07-20 00:00:00,13,0.8850702277302034,-0.22776505373504716,0.025521655601592353,0.4314940325112051,-0.3456710113978687
2024-07-22 04:00:00,13,-0.47078250421073164,-1.2639737120726289,-0.05534709600998725,-0.16148881443174012,0.8850702277302034
2024-07-22 08:00:00,13,0.1424766277144407,0.6684190443268946,0.033742400884496204,0.15392790719241844,-0.47078250421073164
2024-07-22 12:00:00,13,0.39402811541778604,0.4670770085770545,-0.006553234653258733,0.058470853415334645,0.1424766277144407
2024-07-22 16:00:00,13,-0.19528006058330405,0.3556348363339324,-0.023082017576805735,-0.20552165964796387,0.39402811541778604
2024-07-22 20:00:00,13,-0.569805708702205,-0.5395844685800857,0.015639863995528573,-0.07468715335929765,-0.19528006058330405
2024-07-23 00:00:00,13,-1.1016541174254755,-0.8217776198485633,0.04024895374322454,0.3070735259227231,-0.569805708702205
2024-07-23 04:00:00,13,0.6273805782501043,0.3953816227354706,0.07519530598419334,1.0451641027266572,-1.1016541174254755
2024-07-23 08:00:00,13,1.6462235011024475,1.2968638300639426,-0.03841499071103365,0.6248291849410563,0.6273805782501043
2024-07-23 12:00:00,13,0.7301481226362565,-0.09024299282204526,-0.10536046441412784,-0.47811413842839734,1.6462235011024475
2024-07-23 16:00:00,13,-1.5976500417648278,-0.5056692127898161,-0.04516757424076367,-0.9673016615035426,0.7301481226362565
2024-07-23 20:00:00,13,-1.581784806445853,-0.3636954504142814,0.10778588630323063,0.10309822372794919,-1.5976500417648278
2024-07-24 00:00:00,13,-0.5319871531205678,0.3870743165948976,0.10674342365269138,1.1628686559374017,-1.581784806445853
2024-07-24 04:00:00,13,0.6348594452329799,1.17854235719082,0.03776399648299099,1.5192915099786166,-0.5319871531205678
2024-07-24 08:00:00,13,2.5886706090715865,2.023428646611668,-0.03890640727947715,1.0939458713524939,0.6348594452329799
2024-07-24 12:00:00,13,-0.0046067175176585096,-0.19107614843823684,-0.16728617118202863,-0.6404218878042638,2.5886706090715865
2024-07-24 16:00:00,13,0.0646036933659726,0.01058362161485197,0.0031112229383318045,-0.6373354610065984,-0.0046067175176585096
2024-07-24 20:00:00,13,-0.8883701105948116,-1.113144741498174,-0.001436410104864943,-0.6806188986536057,0.0646036933659726
2024-07-25 00:00:00,13,-1.6853141221802908,-1.0553421503628753,0.06118097801438315,-0.08542518315546133,-0.8883701105948116
2024-07-25 04:00:00,13,0.8599847974066961,0.5738437733074363,0.11354606116289331,1.0437082289202344,-1.6853141221802908
2024-07-25 08:00:00,13,2.506365404572506,1.3623190973683676,-0.05369879873237389,0.4675322176655392,0.8599847974066961
2024-07-25 12:00:00,13,-1.2923635353284482,-0.5841937974810298,-0.16187811388503592,-1.2116923754994655,2.506365404572506
2024-07-25 16:00:00,13,0.4780484257336024,0.6856342302538526,0.08772631742353584,-0.3458295496425343,-1.2923635353284482
2024-07-25 20:00:00,13,-0.7751783058960964,-0.9246266238683655,-0.028602769940699296,-0.6661143220668482,0.4780484257336024
2024-07-26 00:00:00,13,-1.383501119230143,-0.6931122998561118,0.05374344391084419,-0.14675729895523482,-0.7751783058960964
2024-07-26 04:00:00,13,0.11411672364067726,0.42115788188654485,0.09371472701014165,0.7801662453309266,-1.383501119230143
2024-07-26 08:00:00,13,1.2392198885613155,1.618782148525739,-0.004689780366235576,0.7037098720984982,0.11411672364067726
2024-07-26 12:00:00,13,0.5997240942865236,0.5446371812529042,-0.0786173335258491,-0.12654756339554396,1.2392198885613155
2024-07-26 16:00:00,13,-0.7594538412890994,0.1568088977794107,-0.036597756298961025,-0.5283530808202102,0.5997240942865236
2024-07-26 20:00:00,13,-0.3827977156095841,-0.46045589814019783,0.05271023093146178,-0.01953119661302516,-0.7594538412890994
2024-07-27 00:00:00,13,0.4665952493829977,-0.5803137856567825,0.02796115313819953,0.2369371288299824,-0.3827977156095841
2024-07-29 04:00:00,14,-1.1074066556661606,-1.0201353212499449,-0.023617886537437602,-0.14888513141047177,0.4665952493829977
2024-07-29 08:00:00,14,2.478474399299909,1.2234499519247202,0.07634458037649022,0.5926673061180754,-1.1074066556661606
2024-07-29 12:00:00,14,-0.5983482350260108,-0.792626635891586,-0.151389271256384,-1.0669928762991514,2.478474399299909
2024-07-29 16:00:00,14,0.893658166430324,-0.2874762663148145,0.04401505436558741,-0.6663210996720448,-0.5983482350260108
2024-07-29 20:00:00,14,-1.721158530472687,-2.0153387286422846,-0.05074000283130294,-1.2647411906503265,0.893658166430324
2024-07-30 00:00:00,14,-1.401624511347464,-1.0937750685797702,0.11532302842150226,-0.11220224110130417,-1.721158530472687
2024-07-30 04:00:00,14,0.02223747318253899,0.1795319919998125,0.09502990888192843,0.8263672243894327,-1.401624511347464
2024-07-30 08:00:00,14,1.0303951812443444,1.491321295808576,0.004602599955555316,0.8114763508710059,0.02223747318253899
2024-07-30 12:00:00,14,-0.2578674126088849,0.8358234572311442,-0.059423962663504595,0.12149308739696352,1.0303951812443444
2024-07-30 16:00:00,14,1.8666038332800898,0.824595655050686,0.022391635209283466,0.2941687773983652,-0.2578674126088849
2024-07-30 20:00:00,14,-2.175755120956717,-1.3309270629412209,-0.11253030227092252,-0.9557646733233351,1.8666038332800898
2024-07-31 00:00:00,14,0.22461007373838626,-0.20283041488322345,0.14419376643628565,0.5011856756341668,-2.175755120956717
2024-07-31 04:00:00,14,0.45713846769762867,-0.21359468787328634,-0.008249776094597948,0.3507800890125363,0.22461007373838626
2024-07-31 08:00:00,14,1.3330455098147507,0.7559156909651711,-0.023017300716477992,0.04466657301120769,0.45713846769762867
2024-07-31 12:00:00,14,-0.7645001692259701,-0.38268390982121475,-0.0786448246962375,-0.8479803531037238,1.3330455098147507
2024-07-31 16:00:00,14,0.8529630688801682,0.3340233998853453,0.05456711098754546,-0.3360482989844744,-0.7645001692259701
2024-07-31 20:00:00,14,0.5087863657752525,-1.640363746857618,-0.04815551908362319,-0.9072177421276795,0.8529630688801682
2024-08-01 00:00:00,14,-2.750252056286106,-2.5092493338915642,-0.02629738016631649,-1.2479162269990471,0.5087863657752525
2024-08-01 04:00:00,14,0.7103499509299169,-0.021619672318305777,0.18067919298233764,0.593734358828458,-2.750252056286106
2024-08-01 08:00:00,14,1.7650487984085945,0.736387325031466,-0.039098376878862744,0.11806290163147182,0.7103499509299169
2024-08-01 12:00:00,14,0.7697878654421384,-0.795060509282378,-0.10608069647265789,-1.0638662768863991,1.7650487984085945
2024-08-01 16:00:00,14,-0.46365433162984715,-1.1653042389004575,-0.04287318842375427,-1.579339129679692,0.7697878654421384
2024-08-01 20:00:00,14,-0.8948291708920912,-1.7593029145824421,0.03546084943193691,-1.2688623973686006,-0.46365433162984715
2024-08-02 00:00:00,14,-1.3292346280294218,-1.8675614163199286,0.06284410765138876,-0.6696581669700468,-0.8948291708920912
2024-08-02 04:00:00,14,0.4445772064295852,-0.3883315685517971,0.09043253749827887,0.22043687934302092,-1.3292346280294218
2024-08-02 08:00:00,14,0.8099341071269706,0.6281841512295848,-0.022219554119173347,-0.07726524246622013,0.4445772064295852
2024-08-02 12:00:00,14,1.426079260789054,0.46473813870172853,-0.04542281517024365,-0.6196212128809151,0.8099341071269706
2024-08-02 16:00:00,14,-0.24701805810293287,-0.550834314959371,-0.08455325671516631,-1.5745663060281885,1.426079260789054
2024-08-02 20:00:00,14,-1.4501944841906926,-0.6487426732287228,0.02170260920660856,-1.4091556665286369,-0.24701805810293287
2024-08-03 00:00:00,14,-0.2110104142868856,-0.1528075818442414,0.09811451398169162,-0.4380623024607111,-1.4501944841906926
2024-08-05 04:00:00,14,-0.15168277250231554,-0.5354546546561755,0.01941581851590879,-0.29676345234298296,-0.2110104142868856
2024-08-05 08:00:00,14,3.539076617586712,0.6252709057922253,0.01564801022422427,-0.19519215592295325,-0.15168277250231554
2024-08-05 12:00:00,14,-0.7681808331342701,-2.5284113792643517,-0.21874650495110548,-2.565063132355725,3.539076617586712
2024-08-05 16:00:00,14,-1.0898780426404677,-1.1128228054099063,0.054800864354027715,-2.0506663961985296,-0.7681808331342701
2024-08-05 20:00:00,14,-0.8581893894616641,-2.1211111086673435,0.07523136482445876,-1.3208516393577305,-1.0898780426404677
2024-08-06 00:00:00,14,-0.03925634668470401,-2.2005637353797933,0.060517170862288604,-0.7461824964911372,-0.8581893894616641
2024-08-06 04:00:00,14,-0.8923541059655609,-2.14646885237258,0.008507978922487593,-0.7198952790326185,-0.03925634668470401
2024-08-06 08:00:00,14,1.1971949179461863,0.15074541076429926,0.0626869200425082,-0.12234842573209548,-0.8923541059655609
2024-08-06 12:00:00,14,0.004048249008910432,-0.8264822670966553,-0.07001716023704184,-0.9240257545230612,1.1971949179461863
2024-08-06 16:00:00,14,0.7309825524184994,-0.7232186416312026,0.0057577699167947055,-0.9267365824785561,0.004048249008910432
2024-08-06 20:00:00,14,-1.1517451549285624,-2.746495801480686,-0.040408722016968705,-1.416224243369216,0.7309825524184994
2024-08-07 00:00:00,14,-0.9302515594499656,-2.0112497935729863,0.07916045102525708,-0.6449814278425201,-1.1517451549285624
2024-08-07 04:00:00,14,0.1905009453706903,-1.1709600634569997,0.06509372967082222,-0.02205731239200759,-0.9302515594499656
2024-08-07 08:00:00,14,1.20688042011688,-0.11380732031956144,-0.0060835572323582375,-0.14962241204923288,0.1905009453706903
2024-08-07 12:00:00,14,-0.6657531151262432,-0.9321745251614154,-0.07063227174813783,-0.9577854411984319,1.20688042011688
2024-08-07 16:00:00,14,0.02574528164057277,-0.23938308967968952,0.04829583577712346,-0.5119773518321011,-0.6657531151262432
2024-08-07 20:00:00,14,0.055749807245161875,-1.1890767870532017,0.004379824375804257,-0.5292171582372216,0.02574528164057277
2024-08-08 00:00:00,14,-0.5768693929491935,-1.6473333629806792,0.002474282591899513,-0.5665488875011455,0.055749807245161875
2024-08-08 04:00:00,14,-0.9336150020060536,-1.1653799693877769,0.04265096577486473,-0.1802599824378497,-0.5768693929491935
2024-08-08 08:00:00,14,1.9240215489401056,0.622680212924705,0.06530733679172297,0.4449163941971115,-0.9336150020060536
2024-08-08 12:00:00,14,0.7444044633102251,-0.54891902687429,-0.11617681405945711,-0.843465666876666,1.9240215489401056
2024-08-08 16:00:00,14,-0.2389588720272915,-1.57597139535822,-0.04126112716281503,-1.341941038548299,0.7444044633102251
2024-08-08 20:00:00,14,-1.909407137236144,-2.25533665379836,0.0211907825570631,-1.1819270697733728,-0.2389588720272915
2024-08-09 00:00:00,14,-0.23378902467857898,-1.246904552937204,0.12727841110866447,0.09666874650345747,-1.909407137236144
2024-08-09 04:00:00,14,0.4123145252546081,-0.9927002878666858,0.020862453415346087,0.2532208317115181,-0.23378902467857898
2024-08-09 08:00:00,14,0.1628651987169114,0.3847352480676097,-0.02017060030967492,-0.02287723909793904,0.4123145252546081
2024-08-09 12:00:00,14,0.5335140822633253,0.16464020893840137,-0.004328452996678303,-0.13193662074347046,0.1628651987169114
2024-08-09 16:00:00,14,0.33324892587513766,-0.14384367609506946,-0.02786779982932113,-0.4891935201253741,0.5335140822633253
2024-08-09 20:00:00,14,-1.4102770701371128,-1.6648676031398995,-0.015149264352808119,-0.7123469137067246,0.33324892587513766
2024-08-10 00:00:00,14,-0.1684541315824859,-0.43145859781375756,0.0955794197300135,0.23201656252838632,-1.4102770701371128
2024-08-12 04:00:00,14,-1.2731493904393858,-0.834096404560377,0.016713133729967914,0.34481845986898385,-0.1684541315824859
2024-08-12 08:00:00,14,2.4502128315302407,1.822292942039136,0.08687064936525361,1.1973571627814952,-1.2731493904393858
2024-08-12 12:00:00,14,-0.0717131272955811,-0.1837581401681307,-0.1495944220735153,-0.4433782331891756,2.4502128315302407
2024-08-12 16:00:00,14,0.8768941722803838,-0.13348201109563393,0.01056925969193246,-0.39535698997491764,-0.0717131272955811
2024-08-12 20:00:00,14,-1.648079436724533,-1.9333403776785947,-0.04967534706107607,-0.9825514118089931,0.8768941722803838
2024-08-13 00:00:00,14,0.13121808733369633,-1.134713824019952,0.1106818863317336,0.12105160275712201,-1.648079436724533
2024-08-13 04:00:00,14,-1.3645066639323495,-0.8760076611963156,-0.00231859308836566,0.03318406826808307,0.13121808733369633
2024-08-13 08:00:00,14,2.6213383152932206,1.576362187315837,0.09267261084928487,0.9468983190229707,-1.3645066639323495
2024-08-13 12:00:00,14,0.5906212190958744,-0.5115021525010589,-0.16046234126339237,-0.8084277911703399,2.6213383152932206
2024-08-13 16:00:00,14,-0.7079150501997375,-0.8861185044005638,-0.03149458722891742,-1.2039253280829776,0.5906212190958744
2024-08-13 20:00:00,14,-0.47777717796342145,-1.5139145671411254,0.050973476144833,-0.729884352843424,-0.7079150501997375
2024-08-14 00:00:00,14,-0.8693540027208968,-1.6630640908193306,0.036357769921563844,-0.40995054252949004,-0.47777717796342145
2024-08-14 04:00:00,14,-0.22232207502789691,-0.5644780736420923,0.061226218468872017,0.17219475747783086,-0.8693540027208968
2024-08-14 08:00:00,14,2.6858735657364843,0.8520210758778063,0.020134204884398987,0.32106823210415847,-0.22232207502789691
2024-08-14 12:00:00,14,-1.3362131956967005,-1.0756245815095515,-0.1645608768601554,-1.4774726014501294,2.6858735657364843
2024-08-14 16:00:00,14,0.6598445180975965,-0.26252676208343523,0.09087573571634276,-0.5827044986427286,-1.3362131956967005
2024-08-14 20:00:00,14,-1.5506485028747345,-1.8200139278805145,-0.03589085365905015,-1.0245560156816786,0.6598445180975965
2024-08-15 00:00:00,14,-0.772874538593193,-1.1191904759240627,0.1044941959165499,0.013804347400155237,-1.5506485028747345
2024-08-15 04:00:00,14,0.2705304905160162,-0.2436707275021313,0.05509895444854171,0.5313441283515061,-0.772874538593193
2024-08-15 08:00:00,14,1.232864154832571,0.8122615575793656,-0.011166111918641468,0.3501888647078477,0.2705304905160162
2024-08-15 12:00:00,14,1.895199694968463,-0.09273713754771214,-0.07228245921835974,-0.4753736461185909,1.232864154832571
2024-08-15 16:00:00,14,-0.827878659648297,-1.7267951710881801,-0.11434638195210309,-1.7444557364387112,1.895199694968463
2024-08-15 20:00:00,14,-1.3807883995825438,-1.8733672692918335,0.058592182514824634,-1.190083559877463,-0.827878659648297
2024-08-16 00:00:00,14,-1.9230876482206902,-1.6291410348962334,0.09370663911571384,-0.26546657461504886,-1.3807883995825438
2024-08-16 04:00:00,14,1.3405375847426342,0.1234616844983572,0.128147239553072,1.0222901187572173,-1.9230876482206902
2024-08-16 08:00:00,14,0.9724430387203427,0.5322879388740108,-0.0791206349793717,0.12462627641147606,1.3405375847426342
2024-08-16 12:00:00,14,0.1723498058908568,0.0012595080131462067,-0.055743510237707926,-0.5265505085853146,0.9724430387203427
2024-08-16 16:00:00,14,0.12022942515442381,0.04513723734074569,-0.004930805972094498,-0.6419610653234393,0.1723498058908568
2024-08-16 20:00:00,14,-1.2912724613479512,-1.2674313113687323,-0.0016207198672468122,-0.7224702647487273,0.12022942515442381
2024-08-17 00:00:00,14,0.17472920377828416,-0.25937748521504883,0.08802161803324875,0.14220418553263592,-1.2912724613479512
2024-08-19 04:00:00,14,-0.6688262256931523,-0.7774231139354578,-0.0050819179128323315,0.025200313191570345,0.17472920377828416
2024-08-19 08:00:00,14,1.3462845284281713,1.2135197644280262,0.04849100435498989,0.47306624880618564,-0.6688262256931523
2024-08-19 12:00:00,14,0.02628202969842164,0.13597605216275294,-0.07948561463167,-0.4284459179798539,1.3462845284281713
2024-08-19 16:00:00,14,0.8338002196032885,-0.15022236070768474,0.004345736323050498,-0.44604514685060614,0.02628202969842164
2024-08-19 20:00:00,14,-1.8457375372629752,-1.7106884837278071,-0.04693851567297177,-1.0043825761003102,0.8338002196032885
2024-08-20 00:00:00,14,0.14005314682223613,-0.8765760657334715,0.12323485165659245,0.23157818211993764,-1.8457375372629752
2024-08-20 04:00:00,14,-0.6039650352420836,-0.852166047244071,-0.0028796942782515532,0.13779442898988492,0.14005314682223613
2024-08-20 08:00:00,14,1.9234920227440515,1.1116386853537865,0.044371768804089814,0.5422273821188917,-0.6039650352420836
2024-08-20 12:00:00,14,0.42546567792165746,-0.21980155981389687,-0.1161431846561614,-0.7458000924627335,1.9234920227440515
2024-08-20 16:00:00,14,-0.28036863199782047,-0.5189899123293334,-0.021005810012498554,-1.0307045662919503,0.42546567792165746
2024-08-20 20:00:00,14,-1.625211021086285,-1.3188291578404083,0.02382065342805065,-0.8429613904669324,-0.28036863199782047
2024-08-21 00:00:00,14,-0.48060100427928987,-0.6009848998771462,0.10922954803768248,0.24532825274441272,-1.625211021086285
2024-08-21 04:00:00,14,-0.5523982011080335,-0.021548306745797358,0.036537106835811003,0.56715298115693,-0.48060100427928987
2024-08-21 08:00:00,14,2.3074269438021986,1.7603420386338386,0.04109683760200846,0.9370552482438406,-0.5523982011080335
2024-08-21 12:00:00,14,-0.49110254341541904,-0.10090020323453204,-0.14052630752295228,-0.6080664699981977,2.3074269438021986
2024-08-21 16:00:00,14,0.34361947858913666,0.3310809748255689,0.0372040436133798,-0.27920959860157346,-0.49110254341541904
2024-08-21 20:00:00,14,0.8958666808477798,-1.0491160552168826,-0.015807882381939344,-0.5093074227624559,0.34361947858913666
2024-08-22 00:00:00,14,-1.531571808882303,-2.3763365703750483,-0.05088026222277869,-1.1092064006890876,0.8958666808477798
2024-08-22 04:00:00,14,-0.8197182141534789,-0.843170436621245,0.10328266409697055,-0.08362035935951617,-1.531571808882303
2024-08-22 08:00:00,14,2.4536157222209525,1.0692323458981037,0.058073925033584044,0.4652873401579658,-0.8197182141534789
2024-08-22 12:00:00,14,-0.3494513429945485,-0.7070899463318284,-0.14981053448544493,-1.1777267326415188,2.4536157222209525
2024-08-22 16:00:00,14,0.5279910147180562,-0.5976588056141968,0.028207991327822243,-0.9437237186002605,-0.3494513429945485
2024-08-22 20:00:00,14,-1.749779056347192,-1.8723297766251006,-0.027517038210172963,-1.2972822076648018,0.5279910147180562
2024-08-23 00:00:00,14,-0.5048010076876679,-1.0624261128332844,0.1171406744876295,-0.12557810264466518,-1.749779056347192
2024-08-23 04:00:00,14,-0.4582187107953999,-0.3831091843080881,0.038074012243782145,0.21245166790288117,-0.5048010076876679
2024-08-23 08:00:00,14,1.2058728775746275,1.322413185516182,0.03511564142038554,0.5192885468153658,-0.4582187107953999
2024-08-23 12:00:00,14,0.5993375822550497,0.3086894002779227,-0.07056828425376364,-0.2881998018772034,1.2058728775746275
2024-08-23 16:00:00,14,2.740211769460446,-0.2739344284768734,-0.03204815019546391,-0.6895340748379759,0.5993375822550497
2024-08-23 20:00:00,14,-2.6614971244484256,-3.119472755170907,-0.1680118135296057,-2.5244613859488627,2.740211769460446
2024-08-24 00:00:00,14,-0.910146090275699,-1.3877514465059821,0.17504250225864063,-0.7422437425821578,-2.6614971244484256
2024-08-26 04:00:00,15,-0.9684706936137921,-0.6936617659219211,0.1292116987326988,0.036837423218774035,-0.910146090275699
2024-08-26 08:00:00,15,1.1653622906718724,1.4227311813869952,0.1371565794018283,0.6293909726274016,-0.9684706936137921
2024-08-26 12:00:00,15,0.7574112394179657,0.2975873012786244,-0.15351060833247154,-0.08362963423048697,1.1653622906718724
2024-08-26 16:00:00,15,0.22459501231875478,-0.055042078572418135,-0.09794019318073455,-0.5470475995221431,0.7574112394179657
2024-08-26 20:00:00,15,-1.2389502564614112,-1.2476746552489446,-0.025360851006035856,-0.6844648415786416,0.22459501231875478
2024-08-27 00:00:00,15,-0.5418598873945157,-0.7944208224173928,0.17400085655543104,0.07358016365277109,-1.2389502564614112
2024-08-27 04:00:00,15,0.2114362650352959,-0.33028181463518974,0.07904436339710147,0.4051142014662279,-0.5418598873945157
2024-08-27 08:00:00,15,1.647383624575447,1.0437720930684982,-0.02356838828980796,0.2757480676776396,0.2114362650352959
2024-08-27 12:00:00,15,-0.7028318216616523,-0.38968865547593834,-0.21917075445707151,-0.7321946820790242,1.647383624575447
2024-08-27 16:00:00,15,0.3376879839779683,0.20940920959571732,0.10097169312822503,-0.30217083798217637,-0.7028318216616523
2024-08-27 20:00:00,15,-0.5346106234657189,-1.0468677320192137,-0.04076618791233691,-0.508783402325383,0.3376879839779683
2024-08-28 00:00:00,15,-1.6241696184041459,-1.0244282351910856,0.07805688069585694,-0.1816847873904237,-0.5346106234657189
2024-08-28 04:00:00,15,0.7770854562459029,0.2745392207915916,0.22647479871552004,0.8120545983992109,-1.6241696184041459
2024-08-28 08:00:00,15,1.606620790657935,1.1830407972930421,-0.10062018234500633,0.3365990700815349,0.7770854562459029
2024-08-28 12:00:00,15,-0.446401116347241,-0.3078728936196392,-0.2136181088722766,-0.6464031604822917,1.606620790657935
2024-08-28 16:00:00,15,0.5822922331274771,0.07925998772615299,0.06604112803181236,-0.37327505480415013,-0.446401116347241
2024-08-28 20:00:00,15,-0.9218113912236134,-1.2421284051143688,-0.07408577277757372,-0.729547404404391,0.5822922331274771
2024-08-29 00:00:00,15,-1.3048153835549492,-0.9077280910363875,0.13080072666767548,-0.16554209649294727,-0.9218113912236134
2024-08-29 04:00:00,15,0.5835864687916441,0.11071113995706551,0.1829728948560059,0.6328021300766906,-1.3048153835549492
2024-08-29 08:00:00,15,2.3522687286651784,1.2358293100699804,-0.07426207141178702,0.27573790939389475,0.5835864687916441
2024-08-29 12:00:00,15,-0.6951712770078036,-0.7538196089935977,-0.3151890334837924,-1.163484974194267,2.3522687286651784
2024-08-29 16:00:00,15,-0.24313220774276978,-0.1482590005392676,0.09992818644919005,-0.7381481928603666,-0.6951712770078036
2024-08-29 20:00:00,15,-1.1044625251439175,-1.1644793248225866,0.03835217465401965,-0.5893890681666196,-0.24313220774276978
2024-08-30 00:00:00,15,-1.68132672647992,-0.7500810895171844,0.15568116099598292,0.08637034693843582,-1.1044625251439175
2024-08-30 04:00:00,15,0.8362175681507047,0.4686262589476664,0.23426064511763312,1.1150809997860893,-1.68132672647992
2024-08-30 08:00:00,15,1.694731185350486,1.4302735505566322,-0.10867506049092296,0.603445809012678,0.8362175681507047
2024-08-30 12:00:00,15,0.6811103233413434,-0.04258121090307619,-0.22562036060615195,-0.43346628940687815,1.694731185350486
2024-08-30 16:00:00,15,-0.4693321613783432,-0.33704525909945543,-0.0875466090244904,-0.8501999523830701,0.6811103233413434
2024-08-30 20:00:00,15,-0.6140486696136715,-1.1343908703211616,0.06916475692877141,-0.5630416109792336,-0.4693321613783432
2024-08-31 00:00:00,15,-1.1822219869451054,-0.5988257329907644,0.08887779950392509,-0.18733925768290938,-0.6140486696136715
2024-09-02 04:00:00,15,0.22240784488939624,-0.127785824615746,0.16627342583017302,0.5359968630408432,-1.1822219869451054
2024-09-02 08:00:00,15,1.3487581270452207,1.2275786307002836,-0.02506291868870947,0.39991782753200944,0.22240784488939624
2024-09-02 12:00:00,15,-0.9431112412260614,-0.014474654450274946,-0.178492484792998,-0.42531252868265845,1.3487581270452207
2024-09-02 16:00:00,15,0.44085005694200774,0.7400974630677156,0.13370215688502052,0.1517249771094722,-0.9431112412260614
2024-09-02 20:00:00,15,-0.5134592763747712,-0.5284306531098651,-0.054818754280053936,-0.11800674293176883,0.44085005694200774
2024-09-03 04:00:00,15,-0.3758346823055021,-0.5852968778626385,0.07517567929865576,0.19615053482472966,-0.5134592763747712
2024-09-03 08:00:00,15,1.5776985743888847,1.150063115933084,0.05642868550120976,0.42610294996698705,-0.3758346823055021
2024-09-03 12:00:00,15,-0.18099603845818457,-0.22426876451253278,-0.2096783725724451,-0.5392033791926991,1.5776985743888847
2024-09-03 16:00:00,15,0.9233687026537183,0.09447921206416547,0.02988808879746936,-0.42846193319488357,-0.18099603845818457
2024-09-03 20:00:00,15,-1.4804478584199607,-1.5763430670386458,-0.12054664339380182,-0.9934200736716576,0.9233687026537183
2024-09-04 00:00:00,15,-1.182242204905375,-0.9288865057042269,0.2068972590962175,-0.08761606844382896,-1.4804478584199607
2024-09-04 04:00:00,15,0.5313229213511939,0.011619757753884345,0.1662761798871665,0.6357324225294292,-1.182242204905375
2024-09-04 08:00:00,15,0.3129307547659721,1.160210823441482,-0.06714281771789056,0.31064537032962214,0.5313229213511939
2024-09-04 12:00:00,15,0.6358163584698371,0.5013652792247747,-0.03739379923705668,0.1191803826140081,0.3129307547659721
2024-09-04 16:00:00,15,1.0268250860291221,0.3286471493183782,-0.08137674030116843,-0.2698404132322043,0.6358163584698371
2024-09-04 20:00:00,15,-0.7883383344806756,-1.310018344176736,-0.1346393002373069,-0.8980977816384517,1.0268250860291221
2024-09-05 00:00:00,15,-2.113939158645662,-1.1263365569503643,0.11261924839478336,-0.41575724070960796,-0.7883383344806756
2024-09-05 04:00:00,15,1.0301340895746378,0.3351259684908965,0.2931903926482757,0.8776449860684554,-2.113939158645662
2024-09-05 08:00:00,15,1.153874252884119,1.177890856013037,-0.1350900472085371,0.24736302176185454,1.0301340895746378
2024-09-05 12:00:00,15,0.354360685322769,0.12391648702374518,-0.1519457268909798,-0.4586286913858135,1.153874252884119
2024-09-05 16:00:00,15,-0.5462898962734339,0.0694127576317121,-0.043037315618917674,-0.6754423577605397,0.354360685322769
2024-09-05 20:00:00,15,-0.5309739649606087,-0.7769635502983534,0.07964781185438746,-0.34119784300397704,-0.5462898962734339
2024-09-06 00:00:00,15,-1.1530823374537107,-0.7413196435828769,0.07756150110981859,-0.01632429788207368,-0.5309739649606087
2024-09-06 04:00:00,15,-1.0240438522693118,0.12730301024196988,0.16230407113765366,0.6891828860978926,-1.1530823374537107
2024-09-06 08:00:00,15,2.1967761430754855,2.2493284855764393,0.1447266628426931,1.3157385716891845,-1.0240438522693118
2024-09-06 12:00:00,15,2.643185023580635,0.4331259607427582,-0.2940080915357883,-0.028347015432016676,2.1967761430754855
2024-09-06 16:00:00,15,-0.6034163853603953,-1.1160290839003715,-0.3548171683621487,-1.6455654586893331,2.643185023580635
2024-09-06 20:00:00,15,-1.4511733884557039,-1.7745442481771678,0.08742948738866081,-1.2763684109372484,-0.6034163853603953
2024-09-07 00:00:00,15,-0.2937392949119815,-0.6383689912168843,0.2029095393826377,-0.38847583162944055,-1.4511733884557039
2024-09-09 04:00:00,15,-1.5367235325375255,-0.8621043399664212,0.045245788078888356,-0.20875303469957096,-0.2937392949119815
2024-09-09 08:00:00,15,1.934764305073248,1.62517384724631,0.21456303802740243,0.7314829369921032,-1.5367235325375255
2024-09-09 12:00:00,15,0.07857513287254392,-0.03798069028005634,-0.2583172738072862,-0.4522921258983903,1.934764305073248
2024-09-09 16:00:00,15,0.1983921155484989,0.12745214259815044,-0.005470265367656965,-0.500367895445061,0.07857513287254392
2024-09-09 20:00:00,15,-1.4565171714661265,-1.1172492047750613,-0.021791535895250774,-0.6217530370070516,0.1983921155484989
2024-09-10 00:00:00,15,0.1815821972372369,-0.5253988817830079,0.2036374606355852,0.2694091069979372,-1.4565171714661265
2024-09-10 04:00:00,15,-0.999688534930808,-0.5178044295243588,-0.019501716721228805,0.15830902292533722,0.1815821972372369
2024-09-10 08:00:00,15,2.2435667712584166,1.6361737172249426,0.14140902193579274,0.769963039492394,-0.999688534930808
2024-09-10 12:00:00,15,-0.1589250515438465,-0.20601489478336346,-0.30038183325147694,-0.6027511401011285,2.2435667712584166
2024-09-10 16:00:00,15,-0.5092616647046722,0.0784148498356128,0.026881615589792893,-0.5055137079276673,-0.1589250515438465
2024-09-10 20:00:00,15,-1.5353154519422105,-0.6784317209486292,0.07460388760346046,-0.1939247161405433,-0.5092616647046722
2024-09-11 00:00:00,15,0.5872775584060719,-0.039766933015425665,0.21437123162560925,0.7454497290639495,-1.5353154519422105
2024-09-11 04:00:00,15,0.5583498944612089,-0.26492808025308984,-0.0747648655132008,0.38612713518861774,0.5872775584060719
2024-09-11 08:00:00,15,1.0114752183315865,0.9222583959898808,-0.07082438714001123,0.04450377584837284,0.5583498944612089
2024-09-11 12:00:00,15,0.947180906084899,-0.14170432625732435,-0.13254836673473483,-0.5743618591300024,1.0114752183315865
2024-09-11 16:00:00,15,0.020712179121527896,-0.6550763411480626,-0.12379030222561775,-1.1538893673278956,0.947180906084899
2024-09-11 20:00:00,15,-1.8722412205622128,-1.5909579937560119,0.00241173016089096,-1.1665620019624576,0.020712179121527896
2024-09-12 00:00:00,15,-1.6185971131432488,-0.7145391639247796,0.2602667006530403,-0.021041349753970096,-1.8722412205622128
2024-09-12 04:00:00,15,0.8679748653323855,0.4606339630578009,0.22571572129720852,0.9692885288681108,-1.6185971131432488
2024-09-12 08:00:00,15,1.1528185310627297,1.3989532145767731,-0.11300098680747193,0.43822280778674383,0.8679748653323855
2024-09-12 12:00:00,15,-0.2731824159334426,0.2873513143684573,-0.1518019182165836,-0.2671229676814697,1.1528185310627297
2024-09-12 16:00:00,15,0.2466426116854059,0.7167502512893499,0.04244556414135909,-0.09997778583465866,-0.2731824159334426
2024-09-12 20:00:00,15,-0.2630409134356384,-0.6562017324450781,-0.02836413840078122,-0.25088473217110874,0.2466426116854059
2024-09-13 00:00:00,15,-1.2331842806476985,-0.779132653440815,0.041064105502306346,-0.08994457370914155,-0.2630409134356384
2024-09-13 04:00:00,15,0.4946834434041918,0.13894302482315316,0.17321542489950556,0.664572550444662,-1.2331842806476985
2024-09-13 08:00:00,15,1.0605525597869825,1.2838798903773208,-0.06215184884013032,0.36190316441600423,0.4946834434041918
2024-09-13 12:00:00,15,0.6172903899496216,0.2054864116487346,-0.13923360073728794,-0.28699017616740186,1.0605525597869825
2024-09-13 16:00:00,15,-0.04373582302591039,-0.0012591740306696414,-0.07885316361570076,-0.6646759584966588,0.6172903899496216
2024-09-13 20:00:00,15,-1.9451707571644032,-1.1383671608962758,0.011190730053219064,-0.6379164320172279,-0.04373582302591039
2024-09-14 00:00:00,15,0.09499201709318683,0.21567674195055545,0.2702010410925386,0.5522257622320446,-1.9451707571644032
2024-09-16 04:00:00,15,0.04586830941208575,-0.13031151172425465,-0.007706546090148155,0.4941054109759637,0.09499201709318683
2024-09-16 08:00:00,15,0.985910977504016,1.3492740750555707,-0.0010149961572805252,0.4660411342490285,0.04586830941208575
2024-09-16 12:00:00,15,0.7008571415393003,0.3130713438820836,-0.12906604827652624,-0.1371831584149099,0.985910977504016
2024-09-16 16:00:00,15,-1.025998879989599,0.011252529483422723,-0.09023648782689447,-0.5659988051722173,0.7008571415393003
2024-09-16 20:00:00,15,-0.5759925725445925,-0.4479151353520801,0.14499297347411708,0.06175305354283367,-1.025998879989599
2024-09-17 00:00:00,15,-0.17309912523748494,-0.4017852746776727,0.083693861120427,0.41417098992946677,-0.5759925725445925
2024-09-17 04:00:00,15,-0.31912005357577655,-0.18436089196954114,0.02881238438454363,0.5200807523366944,-0.17309912523748494
2024-09-17 08:00:00,15,1.9592619869038543,1.4974073660170328,0.04870311290126098,0.7153326290126927,-0.31912005357577655
2024-09-17 12:00:00,15,-0.6730713842166409,-0.16128394513414138,-0.26165430736902756,-0.48343120784559623,1.9592619869038543
2024-09-17 16:00:00,15,1.0132499739287884,0.39022750675101375,0.09691777573094576,-0.0716161262402526,-0.6730713842166409
2024-09-17 20:00:00,15,-0.5695561708377834,-1.4162417084589203,-0.13279012099673818,-0.6915676358200891,1.0132499739287884
2024-09-18 00:00:00,15,-1.6055827003345975,-1.30952277111506,0.0828171051620066,-0.34308777696325343,-0.5695561708377834
2024-09-18 04:00:00,15,-0.32906628961263706,-0.12035054763761749,0.22394291958359627,0.6392793036577213,-1.6055827003345975
2024-09-18 08:00:00,15,2.131304049850547,1.5348046893136733,0.05005797266707514,0.8406167309918455,-0.32906628961263706
2024-09-18 12:00:00,15,0.6793488960132166,-0.18231994731625026,-0.28508959165650105,-0.46341011043527125,2.131304049850547
2024-09-18 16:00:00,15,-0.2939104733670739,-0.42758556627790373,-0.08730667031718038,-0.87906605363926,0.6793488960132166
2024-09-18 20:00:00,15,1.9925592289288687,-1.2257233974735846,0.0452691057239472,-0.6992385220986108,-0.2939104733670739
2024-09-19 00:00:00,15,-1.923613670175767,-2.806760981336123,-0.26619000241638824,-1.9183750961781119,1.9925592289288687
2024-09-19 04:00:00,15,-0.1979728880878131,-1.517799894733526,0.26726457047985464,-0.7414224888665348,-1.923613670175767
2024-09-19 08:00:00,15,-0.08994499822403235,0.22118593032328596,0.03220064707863407,-0.6202938493561572,-0.1979728880878131
2024-09-19 12:00:00,15,1.480636270243206,-0.03776408301429156,0.01748526720831702,-0.5652614892644667,-0.08994499822403235
2024-09-19 16:00:00,15,-0.7525220838603612,-0.9322357001083232,-0.19645670658977193,-1.4711807732460578,1.480636270243206
2024-09-19 20:00:00,15,-1.8465476084447676,-1.5958331638503047,0.10774041817720718,-1.0107542113064838,-0.7525220838603612
2024-09-20 00:00:00,15,-0.19561831040051558,-0.7397570146268183,0.2567667594524342,0.11904594346443176,-1.8465476084447676
2024-09-20 04:00:00,15,-0.40797062762224456,-0.46734482983067066,0.031879910413811254,0.2387339473673844,-0.19561831040051558
2024-09-20 08:00:00,15,2.7284069891260163,1.2516048266704558,0.06080619063829891,0.4883485666285736,-0.40797062762224456
2024-09-20 12:00:00,15,-1.1900634501306229,-0.8577694293314065,-0.3664259630713363,-1.1810124747522455,2.7284069891260163
2024-09-20 16:00:00,15,1.4462779282697582,0.08941888523948609,0.16734157693133309,-0.4528785972416607,-1.1900634501306229
2024-09-20 20:00:00,15,-2.136205510504256,-1.9068922805715987,-0.19177647026847489,-1.3377759157446754,1.4462779282697582
2024-09-21 00:00:00,15,-0.4737887288187288,-0.40368356238138126,0.2962234781444241,-0.0307501421590608,-2.136205510504256
2024-09-23 04:00:00,16,-0.05205965095022691,-0.204010954904326,0.04166625340333006,0.39621862328461965,-0.4737887288187288
2024-09-23 08:00:00,16,2.035942520377441,1.3953886500500068,0.0075583344617857345,0.4279077676179508,-0.05205965095022691
2024-09-23 12:00:00,16,-0.6054114834229143,-0.44894162798413595,-0.16131171160987434,-0.8113874486386976,2.035942520377441
2024-09-23 16:00:00,16,-0.5585827925621878,0.10312560190179579,0.05231142462935151,-0.4428684223089334,-0.6054114834229143
2024-09-23 20:00:00,16,-1.4083099490606017,-0.5589830606444912,0.048524089878594,-0.10285441121727423,-0.5585827925621878
2024-09-24 00:00:00,16,0.5518615986861626,-0.17751736320742825,0.11724694181652409,0.7543956169190249,-1.4083099490606017
2024-09-24 04:00:00,16,0.41858898981177006,-0.2612810398750398,-0.04128462683882651,0.4184728526748174,0.5518615986861626
2024-09-24 08:00:00,16,1.5062772837244296,1.0196068101494646,-0.030506021380577113,0.16367423853945517,0.41858898981177006
2024-09-24 12:00:00,16,-1.007644965090842,-0.45490634441259004,-0.1184743074421972,-0.75320932442561,1.5062772837244296
2024-09-24 16:00:00,16,1.109264583250205,0.3624240147527709,0.08484261042674776,-0.13984741836812908,-1.007644965090842
2024-09-24 20:00:00,16,-2.394673541748185,-1.3462688330433232,-0.08636535950107199,-0.8150660347218217,1.109264583250205
2024-09-25 00:00:00,16,0.4386070371110691,-0.2797053365868784,0.1970204533711829,0.642591750349002,-2.394673541748185
2024-09-25 04:00:00,16,-0.30029822553543895,-0.28466203298213905,-0.03212500847557032,0.3756079836326993,0.4386070371110691
2024-09-25 08:00:00,16,0.6505570980531452,1.457099829513307,0.027634970445508337,0.5584020215937695,-0.30029822553543895
2024-09-25 12:00:00,16,0.5520081529103376,0.5570006800570746,-0.04926676103103869,0.16240248258438506,0.6505570980531452
2024-09-25 16:00:00,16,0.0367642693491792,0.33965501945257454,-0.041296479613180996,-0.1736094904400911,0.5520081529103376
2024-09-25 20:00:00,16,-0.0014048194157165739,-0.45839459490161644,0.00037457779754408293,-0.1959882082465061,0.0367642693491792
2024-09-26 00:00:00,16,-0.8370983988520866,-0.9818758767595839,0.0034615553240773776,-0.1951330829351683,-0.0014048194157165739
2024-09-26 04:00:00,16,0.028481759116179006,-0.13640732724792967,0.07104942242455844,0.3144157038553175,-0.8370983988520866
2024-09-26 08:00:00,16,0.19697410226704548,1.3758244526567638,0.0010444371989576304,0.29707861920289247,0.028481759116179006
2024-09-26 12:00:00,16,1.243859022585875,0.7897967286130543,-0.01258261268697069,0.17717883803385348,0.19697410226704548
2024-09-26 16:00:00,16,0.9624469148652892,0.11208367647195344,-0.09725086981505385,-0.5799685376703323,1.243859022585875
2024-09-26 20:00:00,16,-1.9433633415370384,-1.748143498652244,-0.07449127873393868,-1.1658180130633795,0.9624469148652892
2024-09-27 00:00:00,16,-0.7932046977172718,-0.986086450574636,0.16052012049374814,0.017123483815861817,-1.9433633415370384
2024-09-27 04:00:00,16,0.7185043058012788,-0.19250056339585628,0.06749945900273946,0.49995380812731405,-0.7932046977172718
2024-09-27 08:00:00,16,0.580285722145522,0.866993714570891,-0.05476208486759007,0.06259423626953442,0.7185043058012788
2024-09-27 12:00:00,16,1.2113784667603689,0.007975379368254078,-0.04358346689945561,-0.29063052932142064,0.580285722145522
2024-09-27 16:00:00,16,-1.1814224213993114,-0.5979927684862826,-0.09462396021026226,-1.028006719418439,1.2113784667603689
2024-09-27 20:00:00,16,-0.9547509188209489,-0.858887594511095,0.09889710110496744,-0.30886502432427676,-1.1814224213993114
2024-09-28 00:00:00,16,-0.4845142727675267,-0.23598738485503892,0.08056473171897145,0.2722998339999574,-0.9547509188209489
2024-09-30 04:00:00,16,0.1447637183443291,-0.13366578592245462,0.04253369651505126,0.5672277184755679,-0.4845142727675267
2024-09-30 08:00:00,16,2.0026499799450654,1.3268910550648894,-0.008360026111382033,0.4791088340591312,0.1447637183443291
2024-09-30 12:00:00,16,-0.0015697430082148855,-0.4243240163087154,-0.15861913163373234,-0.7399209347784872,2.0026499799450654
2024-09-30 16:00:00,16,0.3681429630466635,-0.28904073565122357,0.003474893746348167,-0.7389654190989621,-0.0015697430082148855
2024-09-30 20:00:00,16,0.12597734626421087,-1.5406721003320463,-0.026426129615647095,-0.9630571154193959,0.3681429630466635
2024-10-01 00:00:00,16,-2.8458634553295408,-2.1613509233977113,-0.006840652442976462,-1.0397405782477076,0.12597734626421087
2024-10-01 04:00:00,16,0.9516144611077877,0.01513762986045216,0.2335110579020702,0.6925602755385132,-2.8458634553295408
2024-10-01 08:00:00,16,1.4714363404137139,0.9488345697514738,-0.0736151891444651,0.1133046052198381,0.9516144611077877
2024-10-01 12:00:00,16,-1.0193415987565508,-0.484122540162062,-0.11565649825461405,-0.7823709845619593,1.4714363404137139
2024-10-01 16:00:00,16,1.2073156901709297,0.31312163091350637,0.08578859175432256,-0.16188923990238813,-1.0193415987565508
2024-10-01 20:00:00,16,-0.8935487477688628,-1.4191844944365999,-0.09429537756831931,-0.8967923839572833,1.2073156901709297
2024-10-02 00:00:00,16,-0.7534117774310278,-1.3310229396663653,0.07561492199790219,-0.3528817983103085,-0.8935487477688628
2024-10-02 04:00:00,16,0.4966923008547095,-0.5790741648822166,0.06428115186956676,0.10572624307417655,-0.7534117774310278
2024-10-02 08:00:00,16,0.5437395213623706,0.6248626025107987,-0.03682273403312377,-0.19661450880846232,0.4966923008547095
2024-10-02 12:00:00,16,-0.2639262709449248,-0.20086729286623417,-0.04062774266949913,-0.5275932967504424,0.5437395213623706
2024-10-02 16:00:00,16,0.23859452453435814,0.1250868532379442,0.024693338615925067,-0.3669391713255923,-0.2639262709449248
2024-10-02 20:00:00,16,-1.3534028568658787,-0.7779461968059327,-0.015948721555207147,-0.5121736511406922,0.23859452453435814
2024-10-03 00:00:00,16,-0.30867041622935076,-0.3793005718887535,0.11280625525215716,0.3116539713950459,-1.3534028568658787
2024-10-03 04:00:00,16,2.6881434891071656,0.09440528941338938,0.02831208287748566,0.4995442317556691,-0.30867041622935076
2024-10-03 08:00:00,16,-0.4813669707702619,-0.13839847923106377,-0.21405936156434663,-1.1367511613207313,2.6881434891071656
2024-10-03 12:00:00,16,-0.9557791875217738,-0.2549658390732051,0.04227915413929234,-0.8437390658569832,-0.4813669707702619
2024-10-03 16:00:00,16,0.6431478730968561,0.5099814068992223,0.08064789436375545,-0.26194829178650103,-0.9557791875217738
2024-10-03 20:00:00,16,-1.5480899410033047,-1.182291471984424,-0.048667529776921625,-0.6534377736834696,0.6431478730968561
2024-10-04 00:00:00,16,-0.8120895867951994,-0.7079202900429252,0.12855184082639984,0.2888975029847316,-1.5480899410033047
2024-10-04 04:00:00,16,0.1766921411609843,0.11080476955448756,0.06902680036877837,0.7832232170036857,-0.8120895867951994
2024-10-04 08:00:00,16,2.017469656611585,1.538364563018016,-0.010942281200042037,0.6756692349539595,0.1766921411609843
2024-10-04 12:00:00,16,1.9604919936416536,1.1948242815785737,-0.15981769335737794,-0.5523813948438612,2.017469656611585
2024-10-04 16:00:00,16,-1.4336068317562987,-1.4134448426531585,-0.1552095465350642,-1.7457492453169348,1.9604919936416536
2024-10-04 20:00:00,16,-1.2908545413847907,-1.4654587166899085,0.1192928619812409,-0.8731007934053086,-1.4336068317562987
2024-10-05 00:00:00,16,-0.38327423973728614,-0.6340910906870617,0.10774757424979028,-0.08734685290370514,-1.2908545413847907
2024-10-07 04:00:00,16,-0.2951762904665536,-0.6142212471394232,0.03434576966474428,0.14595537791407054,-0.38327423973728614
2024-10-07 08:00:00,16,1.5961687938025868,1.1318938426086236,0.027220726905469894,0.3256316512205313,-0.2951762904665536
2024-10-07 12:00:00,16,-0.21672240197996828,-0.3544957868848268,-0.12574440689745647,-0.6459696246990685,1.5961687938025868
2024-10-07 16:00:00,16,-0.31481798382454684,-0.05304756825942068,0.02087566082021463,-0.5140488885578378,-0.21672240197996828
2024-10-07 20:00:00,16,-0.7506784721100708,-0.8577603832946747,0.028809275858070207,-0.32241655245780265,-0.31481798382454684
2024-10-08 00:00:00,16,-0.9054613777762839,-0.8719022129212631,0.06406009204414309,0.13452770314937013,-0.7506784721100708
2024-10-08 04:00:00,16,0.3386217572774406,0.003798855640020103,0.07657837232655233,0.6856896061756252,-0.9054613777762839
2024-10-08 08:00:00,16,2.1183101805046842,1.3201866126535509,-0.024038561515002003,0.4795677143667394,0.3386217572774406
2024-10-08 12:00:00,16,-1.0212545029881817,-0.5337674312355025,-0.16797330935699642,-0.8098653845404566,2.1183101805046842
2024-10-08 16:00:00,16,-0.2886205508188251,0.28535177134288353,0.08594330051380664,-0.1882192390986006,-1.0212545029881817
2024-10-08 20:00:00,16,-0.32344764943352544,-0.5610758384688569,0.026690522449005282,-0.01253349926896341,-0.2886205508188251
2024-10-09 00:00:00,16,-0.29662055219078454,-0.8599478325003205,0.02950721192776529,0.184351786361848,-0.32344764943352544
2024-10-09 04:00:00,16,-0.079443550713723,-0.38283920441396185,0.02733753355790519,0.36490719384225834,-0.29662055219078454
2024-10-09 08:00:00,16,1.9205468788498354,1.218538212806519,0.009773045000972055,0.41326514667076353,-0.079443550713723
2024-10-09 12:00:00,16,-1.9026756941923484,-0.5673351218310898,-0.1519789304620249,-0.7557877788086778,1.9205468788498354
2024-10-09 16:00:00,16,0.9867372054332915,0.8267499946524477,0.1572294510797042,0.402386807310398,-1.9026756941923484
2024-10-09 20:00:00,16,-0.33500747639660666,-0.5853324038054386,-0.07645578937652309,-0.19824837082283686,0.9867372054332915
2024-10-10 00:00:00,16,-0.5017782078069963,-0.8478172313478283,0.030442128825191067,0.005673478027571122,-0.33500747639660666
2024-10-10 04:00:00,16,-0.4706159519633779,-0.23364414023433902,0.043929940994835326,0.3111100639493394,-0.5017782078069963
2024-10-10 08:00:00,16,0.9506400364933327,1.6141510230227394,0.041409650713402045,0.5975779244732973,-0.4706159519633779
2024-10-10 12:00:00,16,1.213103829846622,0.5249656749732474,-0.07353638121418803,0.018915394555792275,0.9506400364933327
2024-10-10 16:00:00,16,0.7257488534379313,-0.09717097823842519,-0.0947635013217931,-0.7195110384619845,1.213103829846622
2024-10-10 20:00:00,16,-0.9346016935908441,-1.8462590187658774,-0.0553479976170926,-1.1612804269723398,0.7257488534379313
2024-10-11 00:00:00,16,-2.7567471508473425,-1.7064220033663766,0.07893513542848843,-0.5923805703311178,-0.9346016935908441
2024-10-11 04:00:00,16,1.1735478711973464,0.39754226472365534,0.22630365426509222,1.0856744446213114,-2.7567471508473425
2024-10-11 08:00:00,16,0.918960216803816,1.16427942056309,-0.0915643587867715,0.371326054002985,1.1735478711973464
2024-10-11 12:00:00,16,-0.1072064652660849,0.10842393776355616,-0.07097423224520066,-0.18805270508104321,0.918960216803816
2024-10-11 16:00:00,16,0.0587573527541938,0.3211999944844675,0.012018408882255674,-0.1227952342898675,-0.1072064652660849
2024-10-11 20:00:00,16,-1.4438655183849711,-0.7264996891244782,-0.0014041430576651466,-0.15856132565018477,0.0587573527541938
2024-10-12 00:00:00,16,0.37224782622186225,0.19448618245319846,0.12012254736538831,0.7203316744924155,-1.4438655183849711
2024-10-14 04:00:00,16,-0.7558173748837227,-0.29045796249423605,-0.02675811606807157,0.49374131367360263,0.37224782622186225
2024-10-14 08:00:00,16,1.0879699735989554,1.7671413534543463,0.06447570787063076,0.9538136623189875,-0.7558173748837227
2024-10-14 12:00:00,16,0.9293657575727234,0.5950297298268727,-0.08464312867092014,0.29155725271166055,1.0879699735989554
2024-10-14 16:00:00,16,-0.020645335606788606,0.09951890682220002,-0.07181579465982622,-0.2741554459450217,0.9293657575727234
2024-10-14 20:00:00,16,-1.5751342475003653,-0.9112573167978433,0.005017658521787593,-0.2615884577322305,-0.020645335606788606
2024-10-15 00:00:00,16,0.1092123991527778,-0.3913134161382547,0.13073908629330988,0.6972089141735971,-1.5751342475003653
2024-10-15 04:00:00,16,-0.1187043342471803,-0.16916194437052975,-0.005484764297852324,0.6307304146721204,0.1092123991527778
2024-10-15 08:00:00,16,1.8239775317737532,1.451339794503246,0.012948314842712067,0.7029867343417866,-0.1187043342471803
2024-10-15 12:00:00,16,0.4745861604444883,-0.20894850741651283,-0.14416875175925142,-0.40728362302948007,1.8239775317737532
2024-10-15 16:00:00,16,-0.7453700270523207,-0.39292710073773335,-0.03503486953719418,-0.6961681826148975,0.4745861604444883
2024-10-15 20:00:00,16,-1.4111633646424409,-0.8408199570144193,0.06363076425235199,-0.24245522185028,-0.7453700270523207
2024-10-16 00:00:00,16,0.26918171058349216,-0.4506503864704205,0.1174777157244173,0.616531704182286,-1.4111633646424409
2024-10-16 04:00:00,16,-0.5664361873859889,-0.37106424967452173,-0.018422502276438553,0.45267854875623925,0.26918171058349216
2024-10-16 08:00:00,16,4.213932431041421,1.5447968710415736,0.04915924398136534,0.7974729868683568,-0.5664361873859889
2024-10-16 12:00:00,16,-2.1234225822989874,-1.5964795968416912,-0.33745963981033744,-1.7675828784859462,4.213932431041421
2024-10-16 16:00:00,16,-0.35111772970303257,-0.04080465177893981,0.17508265912547966,-0.47503781790800126,-2.1234225822989874
2024-10-16 20:00:00,16,-1.457675630936862,-0.5637382444582505,0.03174506770879979,-0.2613095233178413,-0.35111772970303257
2024-10-17 00:00:00,16,-0.1817796720391982,-0.12857239293057524,0.12123945920337252,0.625989807676552,-1.457675630936862
2024-10-17 04:00:00,16,0.9324389351608069,0.27756671601461175,0.01804961949899542,0.7366406122626845,-0.1817796720391982
2024-10-17 08:00:00,16,0.8690409058838036,1.2197819986146752,-0.07206434212209062,0.16905724474109007,0.9324389351608069
2024-10-17 12:00:00,16,0.9084409353719547,0.1848087035425855,-0.06693693934834134,-0.359935212862025,0.8690409058838036
2024-10-17 16:00:00,16,-0.8406485924471507,-0.2667993390984185,-0.07012347089809456,-0.9129107974818993,0.9084409353719547
2024-10-17 20:00:00,16,-2.2935709991873914,-0.9767108055498761,0.07133654921216163,-0.4012009781990358,-0.8406485924471507
2024-10-18 00:00:00,16,1.0600763910538404,0.03698511849070017,0.18884364625160643,0.9949148448110172,-2.2935709991873914
2024-10-18 04:00:00,16,-0.6173925093096102,-0.3816735305060421,-0.08238719683608775,0.3496374918648826,1.0600763910538404
2024-10-18 08:00:00,16,2.7885619194294033,1.588312530133323,0.053280406568764725,0.7254494687168815,-0.6173925093096102
2024-10-18 12:00:00,16,-1.9932527291965716,-0.7059934839722477,-0.22218084016615167,-0.9719714615870032,2.7885619194294033
2024-10-18 16:00:00,16,1.333920906992022,0.7683822295505113,0.1645549933057794,0.24133812223457873,-1.9932527291965716
2024-10-18 20:00:00,16,-2.1306336993531527,-1.1205050119939355,-0.10453474852831016,-0.5706306747005474,1.333920906992022
2024-10-19 00:00:00,16,0.6133668512217234,0.2747409093866675,0.1756658681306651,0.7263038530552013,-2.1306336993531527
2024-10-21 04:00:00,17,-0.2887358929358932,-0.38785379511657614,-0.08272447955600008,0.4406531402435423,0.6133668512217234
2024-10-21 08:00:00,17,0.5449124918768042,1.3354480405907192,0.0457632606593269,0.6391130926711561,-0.2887358929358932
2024-10-21 12:00:00,17,0.6840436333272155,0.6225795477248068,-0.07297443057645742,0.26457251818465366,0.5449124918768042
2024-10-21 16:00:00,17,-0.34411332159581853,0.24786822357870233,-0.09279107127987925,-0.20559856289625777,0.6840436333272155
2024-10-21 20:00:00,17,-1.2057345316958994,-0.3742124003610024,0.05365074433403136,0.030924554265268966,-0.34411332159581853
2024-10-22 00:00:00,17,-0.33341166883547757,0.07804842053633915,0.17637264372336728,0.8596750617535331,-1.2057345316958994
2024-10-22 04:00:00,17,-0.09452467763187755,0.5870952813563,0.052126493145737585,1.0888424966127364,-0.33341166883547757
2024-10-22 08:00:00,17,1.994045420779317,2.0853189428330987,0.018101488937096843,1.1538131617950622,-0.09452467763187755
2024-10-22 12:00:00,17,0.4425608593521595,0.029510241065219184,-0.27937643579391364,-0.21677556315513868,1.994045420779317
2024-10-22 16:00:00,17,0.21433882415806416,-0.09668970622706698,-0.058396346144709566,-0.5209656872172488,0.4425608593521595
2024-10-22 20:00:00,17,-2.041663804915707,-1.396501194741307,-0.02589036635543995,-0.6682895007316443,0.21433882415806416
2024-10-23 00:00:00,17,-0.025758639997182087,-0.1585057328483535,0.29543520504630183,0.7350292812762227,-2.041663804915707
2024-10-23 04:00:00,17,0.5153299284598454,0.1107367239691815,0.008307047188119764,0.7527342448554339,-0.025758639997182087
2024-10-23 08:00:00,17,0.9593755806460411,1.0638422037858792,-0.06876094519706084,0.39852697243512125,0.5153299284598454
2024-10-23 12:00:00,17,0.04823044755675987,0.07337001608846674,-0.13200698094116312,-0.26089098270459843,0.9593755806460411
2024-10-23 16:00:00,17,0.33934980057663644,0.2626893918775149,-0.002231320777136038,-0.29404173590798344,0.04823044755675987
2024-10-23 20:00:00,17,-0.9257985921189853,-0.6328495064691807,-0.043695852444646924,-0.5272906908403456,0.33934980057663644
2024-10-24 00:00:00,17,-0.009418818316035527,-0.5728175462618713,0.13650098108378708,0.10904843098223616,-0.9257985921189853
2024-10-24 04:00:00,17,-1.8629233705437116,-0.3890123514266432,0.005979743810617672,0.11552236886338463,-0.009418818316035527
2024-10-24 08:00:00,17,3.3643852950635544,2.635531683104854,0.26997695802698995,1.3959855621819948,-1.8629233705437116
2024-10-24 12:00:00,17,-1.3814706746588943,-0.425022164971527,-0.4745558373798747,-0.916493634004123,3.3643852950635544
2024-10-24 16:00:00,17,0.9378037334729203,0.9369129575475037,0.20140298536650017,0.03304749018793984,-1.3814706746588943
2024-10-24 20:00:00,17,-0.7506372129897052,-1.2963814003334695,-0.12893447294415783,-0.6115432547971196,0.9378037334729203
2024-10-25 00:00:00,17,-2.241735462118845,-1.1793408928478166,0.11155250384759652,-0.09559969105941413,-0.7506372129897052
2024-10-25 04:00:00,17,0.9383788940052327,1.0300855082935627,0.323931687605139,1.4452364988706616,-2.241735462118845
2024-10-25 08:00:00,17,0.8812973843931005,1.710067182816246,-0.1290163938534295,0.800250422599559,0.9383788940052327
2024-10-25 12:00:00,17,0.48707126362526054,0.6603338551710021,-0.12088619557430655,0.19449879538476011,0.8812973843931005
2024-10-25 16:00:00,17,-0.14140294480659676,0.4608212523250365,-0.06473602452187914,-0.14028514444702367,0.48707126362526054
2024-10-25 20:00:00,17,-0.855289808601281,-0.41443991823389026,0.024778425298835276,-0.04309313477307519,-0.14140294480659676
2024-10-26 00:00:00,17,0.18632840284267616,0.11021780738813168,0.1264583176308771,0.5447824251404949,-0.855289808601281
2024-10-28 04:00:00,17,-0.6914863482416393,-0.33058484389725873,-0.02190080334767616,0.4167113163217486,0.18632840284267616
2024-10-28 08:00:00,17,1.5858733475148146,1.7355179660800975,0.10312756445739606,0.8919980788402171,-0.6914863482416393
2024-10-28 12:00:00,17,0.26729848206817763,0.04081877774837281,-0.22123992345935242,-0.19803733692947745,1.5858733475148146
2024-10-28 16:00:00,17,-0.5122914989092369,0.002069191854655525,-0.03343348360180355,-0.3817624827567805,0.26729848206817763
2024-10-28 20:00:00,17,-1.067892925239466,-0.510467908893576,0.07760459448744378,-0.029643646858636075,-0.5122914989092369
2024-10-29 00:00:00,17,-0.19692334844473436,-0.09378565789654265,0.15673967327078758,0.7043627040174023,-1.067892925239466
2024-10-29 04:00:00,17,-0.0472370870157377,0.31908873833153567,0.03268627309722387,0.8397161509575977,-0.19692334844473436
2024-10-29 08:00:00,17,0.4688738126110543,1.7680167164990161,0.011366252072066617,0.8721841269568387,-0.0472370870157377
2024-10-29 12:00:00,17,0.4897781568317434,1.0431231327749775,-0.0621441364319279,0.549908037208608,0.4688738126110543
2024-10-29 16:00:00,17,1.6775423495745816,1.0562014881411328,-0.06512157106118159,0.21326353930237296,0.4897781568317434
2024-10-29 20:00:00,17,-1.2072324983996285,-1.6514697599662622,-0.23429646607463095,-0.9397797193886976,1.6775423495745816
2024-10-30 00:00:00,17,-1.0776463146714796,-1.1414473726196361,0.1765860011906031,-0.10999959830533079,-1.2072324983996285
2024-10-30 04:00:00,17,0.19094863875344714,0.023151197429504042,0.15812886200308626,0.6307106548220123,-1.0776463146714796
2024-10-30 08:00:00,17,0.8225016683883162,1.3419132986467004,-0.022558869931866645,0.4994638694715654,0.19094863875344714
2024-10-30 12:00:00,17,1.2864618402379548,0.29758997094490486,-0.112511840510293,-0.065875064736451,0.8225016683883162
2024-10-30 16:00:00,17,0.9173698538692605,-0.3740768722460683,-0.17859432880439705,-0.9501127430435616,1.2864618402379548
2024-10-30 20:00:00,17,-2.2745314730106294,-2.0477566201955737,-0.12602404724031185,-1.5806584493851101,0.9173698538692605
2024-10-31 00:00:00,17,-0.2246310991386622,-0.6107623049001648,0.3286028687481446,-0.01728022391099948,-2.2745314730106294
2024-10-31 04:00:00,17,-0.8800505529718627,-0.18684439297873515,0.03663272631019672,0.1371178898653138,-0.2246310991386622
2024-10-31 08:00:00,17,2.1667163553028885,2.0382255434765835,0.12998502466156708,0.7420125190047138,-0.8800505529718627
2024-10-31 12:00:00,17,-0.15226153572867673,-0.07694240968030343,-0.3039701955640602,-0.7472599799049249,2.1667163553028885
2024-10-31 16:00:00,17,1.8307201491104976,0.21261224380464525,0.026325029406334754,-0.6426044179309311,-0.15226153572867673
2024-10-31 20:00:00,17,-2.810053355325131,-2.610700285470395,-0.25611379169634246,-1.9009330240713886,1.8307201491104976
2024-11-01 00:00:00,17,-1.3135737596861397,-0.838050600132612,0.40487799033498945,0.03053122703472866,-2.810053355325131
2024-11-01 04:00:00,17,1.433068738581344,0.435108443674728,0.19173233395906228,0.9334040330677258,-1.3135737596861397
2024-11-01 08:00:00,17,0.28427864965954086,0.6676764836442433,-0.1994757518907556,-0.05160254437049794,1.433068738581344
2024-11-01 12:00:00,17,1.3616289715353886,2.1763042542644366,-0.03585199233201378,-0.2469988517500763,0.28427864965954086
2024-11-01 16:00:00,17,-0.520743556074784,-0.6697777117843676,-0.1893004871676495,-1.1829019643394467,1.3616289715353886
2024-11-01 20:00:00,17,-1.3208981561579805,-1.1978515471929876,0.0788084326670804,-0.8249736849185929,-0.520743556074784
2024-11-02 00:00:00,17,1.665641612034083,-0.38486747550868533,0.19277555786809353,0.08293347746193547,-1.3208981561579805
2024-11-04 04:00:00,17,-1.9656603352702575,-2.0256173203096086,-0.23260142758441746,-1.0619299190646991,1.665641612034083
2024-11-04 08:00:00,17,1.103283535686069,1.0402958596016045,0.284609925856638,0.2891485792126023,-1.9656603352702575
2024-11-04 12:00:00,17,0.04439298970939376,-0.17534637001787845,-0.15250398980390456,-0.46918318127635317,1.103283535686069
2024-11-04 16:00:00,17,0.7227862720674789,-0.023312552905554743,-0.0016847463540196669,-0.49969629322881204,0.04439298970939376
2024-11-04 20:00:00,17,-1.3680773527315502,-1.5839111257421055,-0.09830923884333527,-0.996496769647905,0.7227862720674789
2024-11-05 00:00:00,17,-1.0883336532569992,-0.8981658770807983,0.19949535601988092,-0.056161421729518324,-1.3680773527315502
2024-11-05 04:00:00,17,-0.07682332106228529,0.19351138263274822,0.15965107440368345,0.6918946749841322,-1.0883336532569992
2024-11-05 08:00:00,17,0.8644829360011173,1.7194303764289003,0.015580260264306936,0.7446984760229505,-0.07682332106228529
2024-11-05 12:00:00,17,0.44267585439606094,0.6931251376796619,-0.11849129045862532,0.15050410479748777,0.8644829360011173
2024-11-05 16:00:00,17,1.1536153199678871,0.4728529480656823,-0.05841272504769213,-0.15376506004722046,0.44267585439606094
2024-11-05 20:00:00,17,-1.8131949359463064,-1.7522363992751637,-0.15967281537866215,-0.946691908152749,1.1536153199678871
2024-11-06 00:00:00,17,2.7733582183269743,-0.6638689134243972,0.2628940683813845,0.2995909043889835,-1.8131949359463064
2024-11-06 04:00:00,17,-0.09770561371416697,-2.4246261068463437,-0.3903750342642979,-1.6066512828132318,2.7733582183269743
2024-11-06 08:00:00,17,-0.11077618271757395,-0.6291560046092369,0.01855455405814846,-1.5394942305588053,-0.09770561371416697
2024-11-06 12:00:00,17,-1.1273355280706934,-0.7355332843021916,0.02041621325988882,-1.4633532432755807,-0.11077618271757395
2024-11-06 16:00:00,17,0.7584125775672437,0.9022586078275676,0.16520616531924445,-0.6884895677001222,-1.1273355280706934
2024-11-06 20:00:00,17,-0.7682022166217024,-1.0595806834642338,-0.10338354275775265,-1.2097774565526418,0.7584125775672437
2024-11-07 00:00:00,17,-0.6608100535160251,-1.0826659312703326,0.11405431158309655,-0.6817607496052318,-0.7682022166217024
2024-11-07 04:00:00,17,-1.1662554442220667,-0.2605365008899621,0.0987582974165845,-0.2275590552783111,-0.6608100535160251
2024-11-07 08:00:00,17,1.6090206924808506,2.036580505031175,0.17074958274929525,0.5740558656284751,-1.1662554442220667
2024-11-07 12:00:00,17,1.1254869847456614,0.32605027703511574,-0.22453683178374495,-0.5318896641699062,1.6090206924808506
2024-11-07 16:00:00,17,-0.6301912823511095,-0.4083411289084418,-0.15566645773023502,-1.3054827605436738,1.1254869847456614
2024-11-07 20:00:00,17,-0.05618617190455133,-1.3451373986248265,0.09439722353599908,-0.8723265961195086,-0.6301912823511095
2024-11-08 00:00:00,17,-2.189008799887798,-1.7360951818680241,0.012640882597032508,-0.8337075491770385,-0.05618617190455133
2024-11-08 04:00:00,17,0.4744701263252402,0.4589049500675914,0.3164217562552568,0.6708874558707549,-2.189008799887798
2024-11-08 08:00:00,17,1.4473330675225693,1.5007444826127718,-0.0629412271262293,0.3447647915169423,0.4744701263252402
2024-11-08 12:00:00,17,-0.12437958766945378,-0.034360284785462894,-0.20150743996976433,-0.6500462408309318,1.4473330675225693
2024-11-08 16:00:00,17,0.3453985540227862,0.30753836253775585,0.02235376502194802,-0.5645550786451263,-0.12437958766945378
2024-11-08 20:00:00,17,-0.7820726313969182,-1.0440773022326872,-0.04455738475507261,-0.801961588459088,0.3453985540227862
2024-11-09 00:00:00,17,-0.17384424847460345,-0.7732484232326969,0.11602989392320012,-0.26441117987018714,-0.7820726313969182
2024-11-11 04:00:00,17,-0.27932163976354296,-0.9210343640178634,0.02939908500188689,-0.14492093939030326,-0.17384424847460345
2024-11-11 08:00:00,17,0.7059588423941854,0.8046322724806465,0.04442237557305018,0.047068212965561074,-0.27932163976354296
2024-11-11 12:00:00,17,0.3879970235689303,0.0214482808378558,-0.09591248478582177,-0.4381660849002387,0.7059588423941854
2024-11-11 16:00:00,17,-1.4276622091650584,0.18952132679434472,-0.05062474362751071,-0.7048522597868576,0.3879970235689303
2024-11-11 20:00:00,17,-0.8104370144056645,0.22351245867705963,0.20798210944545137,0.2764381895321897,-1.4276622091650584
2024-11-12 00:00:00,17,1.003049044422447,0.2655757661089952,0.12006987218399018,0.8334845951213836,-0.8104370144056645
2024-11-12 04:00:00,17,-0.10089622262054831,-0.3466412471352022,-0.13822745272705303,0.1440480875416359,1.003049044422447
2024-11-12 08:00:00,17,1.5904778202354546,1.200186587131691,0.01900899689289967,0.2133981753945715,-0.10089622262054831
2024-11-12 12:00:00,17,-0.5141398921173455,-0.27781892911922645,-0.2218957448705938,-0.8798020822235006,1.5904778202354546
2024-11-12 16:00:00,17,-0.17704987639478098,0.2992528555755077,0.07786786368585533,-0.5264127703051482,-0.5141398921173455
2024-11-12 20:00:00,17,-1.1136449411421196,-0.7563267848867269,0.029855667015523692,-0.40471917104617283,-0.17704987639478098
2024-11-13 00:00:00,17,0.3046276016866827,-0.4585417055245017,0.1632561961077922,0.36073440589927586,-1.1136449411421196
2024-11-13 04:00:00,17,-0.08904238188602065,-0.4937078606326663,-0.03875032168379848,0.15135143406245,0.3046276016866827
2024-11-13 08:00:00,17,1.1044679979197163,1.087824793768896,0.017320637979554278,0.2125538938379119,-0.08904238188602065
2024-11-13 12:00:00,17,-0.19010034936217934,-0.24481348592498403,-0.15267269439632197,-0.5465919958407053,1.1044679979197163
2024-11-13 16:00:00,17,1.3097039168651534,-0.09004160621107128,0.03171446391109023,-0.4159282743778956,-0.19010034936217934
2024-11-13 20:00:00,17,-1.864301647989194,-1.566150263130164,-0.1819047298901723,-1.3161411796470972,1.3097039168651534
2024-11-14 00:00:00,17,-0.9127540361655164,-0.4821184163655469,0.27017326798780844,-0.03473064004091064,-1.864301647989194
2024-11-14 04:00:00,17,1.0146367093716968,0.5666835048411986,0.1346430269566896,0.5926424265827777,-0.9127540361655164
2024-11-14 08:00:00,17,-0.057488991545465495,1.0483439161113233,-0.139877899855547,-0.10475875560389802,1.0146367093716968
2024-11-14 12:00:00,17,1.788841306818897,0.9390345832150954,0.012826444998492132,-0.06524422759972737,-0.057488991545465495
2024-11-14 16:00:00,17,-1.0250265704272046,-0.5276469162293884,-0.25014893032802177,-1.2947877978223943,1.788841306818897
2024-11-14 20:00:00,17,0.6755787868779723,-1.0931738322593911,0.1506341591297802,-0.5902452404854426,-1.0250265704272046
2024-11-15 00:00:00,17,-1.238455829682465,-2.0138041053545432,-0.09158541150489584,-1.0545980874474772,0.6755787868779723
2024-11-15 04:00:00,17,-1.128638703287784,-0.8412845501088313,0.18103318340405752,-0.20335689764135445,-1.238455829682465
2024-11-15 08:00:00,17,1.6478850706816885,1.5141197111687619,0.16539177836591018,0.5724025033978091,-1.128638703287784
2024-11-15 12:00:00,17,0.8633723817643801,-0.31642057993525474,-0.23007233886676853,-0.5602560982339373,1.6478850706816885
2024-11-15 16:00:00,17,-0.4573010884774593,-0.6672224094647817,-0.11833311268432073,-1.1536871402496143,0.8633723817643801
2024-11-15 20:00:00,17,-0.6477647831898512,-1.3706022350222173,0.0697722343536873,-0.8393654556765,-0.4573010884774593
2024-11-16 00:00:00,17,-0.7529777154502835,-1.1974768755345486,0.09690024154039566,-0.3941303075659608,-0.6477647831898512
2024-11-18 04:00:00,18,-0.15726128315688825,-0.16401398061438258,0.17214546893576693,0.2089331260493683,-0.7529777154502835
2024-11-18 08:00:00,18,1.1418338978547755,1.1398207703873275,0.03983450100438057,0.31361416013548116,-0.15726128315688825
2024-11-18 12:00:00,18,-1.0566856891783,0.0006825483846411452,-0.24869965974208388,-0.4464480165337186,1.1418338978547755
2024-11-18 16:00:00,18,0.6525217713139337,0.9794407054166888,0.23960020712006305,0.256935222027483,-1.0566856891783
2024-11-18 20:00:00,18,-0.3922996516152448,-0.6328248040033776,-0.14002150756497872,-0.177416147957846,0.6525217713139337
2024-11-19 00:00:00,18,-0.6264147014202877,-0.519526779977855,0.09203744916214247,0.08371826719083941,-0.3922996516152448
2024-11-19 04:00:00,18,-0.15440567786754045,0.11130958292912016,0.14403532460727375,0.5006914559826541,-0.6264147014202877
2024-11-19 08:00:00,18,2.7280160672409206,1.4309809614342521,0.03920025981279713,0.6034716553011119,-0.15440567786754045
2024-11-19 12:00:00,18,-1.3332154612945075,-0.6813390549125361,-0.6009969723057649,-1.2124332972066139,2.7280160672409206
2024-11-19 16:00:00,18,0.5179915812292073,0.4461776990211858,0.3010185595896845,-0.3249779086563809,-1.3332154612945075
2024-11-19 20:00:00,18,-1.0853898972398763,-1.047273066639137,-0.11014182202805703,-0.6697792054694016,0.5179915812292073
2024-11-20 00:00:00,18,-0.870342344904838,-0.4863831715642283,0.24597552488276087,0.052711000313422574,-1.0853898972398763
2024-11-20 04:00:00,18,-0.6999663912383483,0.2880100883886834,0.19821261578994775,0.6320547195343789,-0.870342344904838
2024-11-20 08:00:00,18,2.896672856254991,2.050200075917177,0.16037144485722474,1.0979876191614046,-0.6999663912383483
2024-11-20 12:00:00,18,-1.3736316577801233,-0.4040928872086019,-0.6384563099922245,-0.8301837903230389,2.896672856254991
2024-11-20 16:00:00,18,1.347173538678625,0.8330060681812455,0.30999515615011514,0.08417465508271249,-1.3736316577801233
2024-11-20 20:00:00,18,-1.8485552399991612,-1.03517396870377,-0.2943064034195958,-0.8125719330882539,1.347173538678625
2024-11-21 00:00:00,18,-1.3960102936216785,0.1502772529178987,0.41547755591358887,0.41791957889672027,-1.8485552399991612
2024-11-21 04:00:00,18,0.5367808982895887,1.3406204122284544,0.31496553938728916,1.3471743719241154,-1.3960102936216785
2024-11-21 08:00:00,18,1.612506997819482,2.0723375777202224,-0.11431500341480848,0.9898659589273215,0.5367808982895887
2024-11-21 12:00:00,18,0.5547939093825871,0.665126647516908,-0.35323801064143495,-0.08349994916106596,1.612506997819482
2024-11-21 16:00:00,18,0.467899091224389,0.34323740309716794,-0.1183157641859997,-0.4527987299735585,0.5547939093825871
2024-11-21 20:00:00,18,-1.6235724521421737,-1.1580222680079861,-0.09901608253298369,-0.7642559413995773,0.467899091224389
2024-11-22 00:00:00,18,-0.8632141301752867,-0.16872119950423217,0.3655079918465716,0.31647569064755743,-1.6235724521421737
2024-11-22 04:00:00,18,1.0951750462521481,0.5730009861774548,0.19662941119903396,0.8910745109709701,-0.8632141301752867
2024-11-22 08:00:00,18,2.9199951824315686,0.846444187195488,-0.2383365448715677,0.16207081695551295,1.0951750462521481
2024-11-22 12:00:00,18,-1.2422709514479102,-0.45294061546779185,-0.6436362905728419,-1.7816251079878445,2.9199951824315686
2024-11-22 16:00:00,18,-0.6876649733472799,0.15989838686734878,0.28081942544875743,-0.9547069676660858,-1.2422709514479102
2024-11-22 20:00:00,18,-2.1354089916134846,-0.6217435395510302,0.15763925145132904,-0.49696251162614224,-0.6876649733472799
2024-11-23 00:00:00,18,3.8052665006805153,0.8447715209027592,0.47918890492695304,0.9244733113022416,-2.1354089916134846
2024-11-25 04:00:00,18,-3.718893506909305,-2.1163823175733034,-0.8402585401026728,-1.6085038097548825,3.8052665006805153
2024-11-25 08:00:00,18,2.3317164772154317,2.023364140502207,0.8308870578829984,0.8669790945212217,-3.718893506909305
2024-11-25 12:00:00,18,0.061582779958596845,-0.07299698118974593,-0.5129772711448953,-0.6851288822847064,2.3317164772154317
2024-11-25 16:00:00,18,0.707663300237007,-0.016474655118708326,-0.008771628098646154,-0.7261214836329497,0.061582779958596845
2024-11-25 20:00:00,18,-2.0494506137857744,-1.4422718840109592,-0.15226865850714896,-1.19717783371817,0.707663300237007
2024-11-26 00:00:00,18,1.99239478871813,-0.07328139051467339,0.4600972103627938,0.16703976169268486,-2.0494506137857744
2024-11-26 04:00:00,18,-1.941243802656306,-1.3942962516465907,-0.4376125865207875,-1.1591986016476863,1.99239478871813
2024-11-26 08:00:00,18,1.609294581940718,1.207332351852785,0.4360640510588089,0.13299108799507664,-1.941243802656306
2024-11-26 12:00:00,18,-0.18482040254643373,-0.2992516063459555,-0.352524520411392,-0.938236474218515,1.609294581940718
2024-11-26 16:00:00,18,-0.7566420837925882,0.11194781761730457,0.045955490059071485,-0.815210701629141,-0.18482040254643373
2024-11-26 20:00:00,18,-0.487867773925446,-0.3312988166172762,0.17295933958956264,-0.31155160528651393,-0.7566420837925882
2024-11-27 00:00:00,18,-1.5373278400412627,-0.26442998798940676,0.1132635058575539,0.013197767519102399,-0.487867773925446
2024-11-27 04:00:00,18,-0.08614404592961478,1.051095756595657,0.34635272352199664,1.0365206400938103,-1.5373278400412627
2024-11-27 08:00:00,18,1.9626129390528302,2.2867004467231133,0.024039082271475314,1.0938624576553355,-0.08614404592961478
2024-11-27 12:00:00,18,0.8093162025697556,0.4522141450530214,-0.4309979203098307,-0.21255160591221411,1.9626129390528302
2024-11-27 16:00:00,18,0.684387952146551,-0.031475635528060285,-0.17484616883182055,-0.7512732498347656,0.8093162025697556
2024-11-27 20:00:00,18,-2.223210520995039,-1.3315124046367683,-0.14709911194464714,-1.2068363554423058,0.684387952146551
2024-11-28 00:00:00,18,-0.7801889178011869,0.2333482678243027,0.49868997071693955,0.27304458954981037,-2.223210520995039
2024-11-28 04:00:00,18,-0.17277878141124248,0.9678274707416318,0.17818918424468366,0.792377645076753,-0.7801889178011869
2024-11-28 08:00:00,18,1.4147318373460855,2.297961304473467,0.04328099853677702,0.9073879078902873,-0.17277878141124248
2024-11-28 12:00:00,18,-0.45295820700023626,0.9442010207359885,-0.3093113678690018,-0.034328887973522626,1.4147318373460855
2024-11-28 16:00:00,18,-0.21915136583718464,1.4363840201051026,0.10550995342966796,0.2671829180777685,-0.45295820700023626
2024-11-28 20:00:00,18,-0.08173047604266159,0.46763436578029555,0.0535805323388839,0.4130611096879324,-0.21915136583718464
2024-11-29 04:00:00,18,-0.46044279405969846,0.4258531395500103,0.023058811001254606,0.4674650327435561,-0.08173047604266159
2024-11-29 08:00:00,18,2.6605997322351875,1.9869299572201375,0.1071723097198776,0.7739589570719208,-0.46044279405969846
2024-11-29 12:00:00,18,-0.6337058462351326,-0.2897769439770948,-0.5860235385452504,-0.9970702859094143,2.6605997322351875
2024-11-29 16:00:00,18,0.5395022957324862,0.42564292886202676,0.14565471661240298,-0.5752437437456308,-0.6337058462351326
2024-11-29 20:00:00,18,0.007388022369651637,-1.1213728225779251,-0.11491943651464687,-0.9343636560050737,0.5395022957324862
2024-11-30 00:00:00,18,-0.07610233934779487,-1.4449440494015855,0.003265241198033963,-0.9392814959589479,0.007388022369651637
2024-12-02 04:00:00,18,-2.176091428653848,-1.349351702835131,0.021808779655164062,-0.8886239442756647,-0.07610233934779487
2024-12-02 08:00:00,18,1.3642741121632014,1.5051235039318596,0.4882246345641156,0.5598921586366998,-2.176091428653848
2024-12-02 12:00:00,18,0.8985773773526375,0.2118145676635587,-0.29810450820112,-0.34823743290226794,1.3642741121632014
2024-12-02 16:00:00,18,0.1651384195693577,-0.3533556493382138,-0.19467142761937592,-0.9463758124156882,0.8985773773526375
2024-12-02 20:00:00,18,-1.2781693830469258,-1.5343168706157573,-0.0317717438733701,-1.0563002654078524,0.1651384195693577
2024-12-03 00:00:00,18,-0.3499558024957157,-0.7689584015557562,0.28879260861880823,-0.2054863201783732,-1.2781693830469258
2024-12-03 04:00:00,18,-0.8647489799625454,-0.37179534914053786,0.08263271335289728,0.027461895391891034,-0.3499558024957157
2024-12-03 08:00:00,18,1.5721285898300845,1.4732060803471492,0.19697030738717447,0.6030823890710852,-0.8647489799625454
2024-12-03 12:00:00,18,-0.16413149265625826,-0.043153391988234646,-0.34426980705497695,-0.4434056160889366,1.5721285898300845
2024-12-03 16:00:00,18,1.0484291466916353,0.28176279120850783,0.04136040161661239,-0.33415142438675005,-0.16413149265625826
2024-12-03 20:00:00,18,-1.3262171933473592,-1.5299026892024996,-0.22795409630646138,-1.0320386922415583,1.0484291466916353
2024-12-04 00:00:00,18,-0.9277950618766528,-0.6621687253883042,0.29946421669139367,-0.1492417034627973,-1.3262171933473592
2024-12-04 04:00:00,18,0.7899435573685007,0.17231461913520238,0.21097309070846562,0.4683454390784849,-0.9277950618766528
2024-12-04 08:00:00,18,1.5813372150210299,0.6992481883609727,-0.17054342796549685,-0.057480796057229,0.7899435573685007
2024-12-04 12:00:00,18,-1.6977927945071318,-0.7513719351766809,-0.34631507901036135,-1.110098526144764,1.5813372150210299
2024-12-04 16:00:00,18,1.1827760427639635,0.8079558639621588,0.38199262246302235,0.020037905564587177,-1.6977927945071318
2024-12-04 20:00:00,18,-0.3810946596730105,-1.0489402130148504,-0.2577930715206829,-0.7672774257321375,1.1827760427639635
2024-12-05 00:00:00,18,-1.3044957565818383,-0.9007157899601431,0.08954877628160281,-0.5136016178127285,-0.3810946596730105
2024-12-05 04:00:00,18,-0.01626624921377129,0.22524439532041501,0.294639799959691,0.3547364881640753,-1.3044957565818383
2024-12-05 08:00:00,18,1.4610698031012692,1.4242659493620826,0.008518948162043245,0.3655641232578404,-0.01626624921377129
2024-12-05 12:00:00,18,-0.49812396269752135,0.06477326578738815,-0.3196032127278661,-0.60699755747099,1.4610698031012692
2024-12-05 16:00:00,18,0.9452768718125455,0.5512599296621051,0.11554144581381144,-0.2754211486340541,-0.49812396269752135
2024-12-05 20:00:00,18,-1.203003005517587,-1.3849578784303835,-0.20504356942870863,-0.90464506473492,0.9452768718125455
2024-12-06 00:00:00,18,-1.166869576635463,-0.6408070398183836,0.2720978598630703,-0.10386564784150032,-1.203003005517587
2024-12-06 04:00:00,18,-0.5938424928966661,0.4672945174833765,0.2640724828700799,0.6728615381116168,-1.166869576635463
2024-12-06 08:00:00,18,1.6456199956688344,2.1118658337045124,0.13680090869426637,1.0681530236750554,-0.5938424928966661
2024-12-06 12:00:00,18,1.892206768579138,1.9094126025430127,-0.36059253799548313,-0.02725456426598427,1.6456199956688344
2024-12-06 16:00:00,18,-0.3239171114390551,-0.6414733366617092,-0.4153604323059268,-1.2868027331690701,1.892206768579138
2024-12-06 20:00:00,18,-1.7798808778729107,-1.410638554200008,0.07684941742448094,-1.071187182392979,-0.3239171114390551
2024-12-07 00:00:00,18,-0.1518578805002342,-0.14535750280319168,0.4002247093704544,0.11359121382523618,-1.7798808778729107
2024-12-09 04:00:00,18,-0.6921057142463596,-0.10500696562841165,0.038634383974080456,0.2146754708386478,-0.1518578805002342
2024-12-09 08:00:00,18,1.4565493502032787,1.6282828710272188,0.1586255575104514,0.6753759077792445,-0.6921057142463596
2024-12-09 12:00:00,18,0.25016817537835223,0.1897704081351049,-0.31859920231956035,-0.29417673172596004,1.4565493502032787
2024-12-09 16:00:00,18,-0.5708779595413809,0.16700674626742726,-0.05065718782653704,-0.46070127462897226,0.25016817537835223
2024-12-09 20:00:00,18,-0.8801877416602295,-0.3931302908358265,0.13170039530968017,-0.08069613959428068,-0.5708779595413809
2024-12-10 00:00:00,18,-0.5456586320486068,0.08096672797896196,0.20039931721995435,0.5052011717928693,-0.8801877416602295
2024-12-10 04:00:00,18,0.33301169246572115,0.5858787465917512,0.12609908325874086,0.8684190517072654,-0.5456586320486068
2024-12-10 08:00:00,18,1.3160325551490732,1.4932228056056935,-0.06905705954146012,0.6467496895458158,0.33301169246572115
2024-12-10 12:00:00,18,-0.240164018535296,0.29337701357766544,-0.2873898682196719,-0.2292678908688046,1.3160325551490732
2024-12-10 16:00:00,18,0.6199658186761585,0.6137320868667313,0.05824752533518235,-0.06940261884587073,-0.240164018535296
2024-12-10 20:00:00,18,-1.1399181157917369,-0.9263884760346093,-0.13279070214829863,-0.4820831063395392,0.6199658186761585
2024-12-11 00:00:00,18,-0.7877937660364474,-0.26815290531849706,0.25808645717381035,0.27670382925686354,-1.1399181157917369
2024-12-11 04:00:00,18,-0.31121073912730424,0.4466172059388243,0.17987825101610863,0.8010990549591614,-0.7877937660364474
2024-12-11 08:00:00,18,2.2898856991382956,1.9004047444957741,0.07402728204541803,1.0082566040810867,-0.31121073912730424
2024-12-11 12:00:00,18,0.6708127784584388,-0.07643584825604241,-0.5036864904366958,-0.5160066990846506,2.2898856991382956
2024-12-11 16:00:00,18,-0.19598515292929974,-0.45055759878292634,-0.1440840123550723,-0.9625334850651104,0.6708127784584388
2024-12-11 20:00:00,18,-0.9606124434986381,-1.1075425248119042,0.048435225130642884,-0.8320758920560483,-0.19598515292929974
2024-12-12 00:00:00,18,-0.9340988083704751,-0.5923587051352156,0.21826196053309393,-0.1926438467184397,-0.9606124434986381
2024-12-12 04:00:00,18,-0.5412799799881896,0.23569150051912377,0.21237317765416353,0.42913938711971866,-0.9340988083704751
2024-12-12 08:00:00,18,1.344632559558038,1.8506501273706581,0.12512656737544015,0.7894426155929803,-0.5412799799881896
2024-12-12 12:00:00,18,0.7370968379687142,0.5552540033741445,-0.293742041940353,-0.10561256884151149,1.344632559558038
2024-12-12 16:00:00,18,1.2896975916697588,0.22860888805891655,-0.15880596326460636,-0.5962613647259545,0.7370968379687142
2024-12-12 20:00:00,18,-2.3975757804530993,-2.0127864663916157,-0.2815407690182758,-1.454749066493429,1.2896975916697588
2024-12-13 00:00:00,18,-0.8939277009915223,-0.3147505063130615,0.5374171821918462,0.1411981810389875,-2.3975757804530993
2024-12-13 04:00:00,18,0.14997938515388398,0.4656189288954154,0.20345101635046595,0.7362415016804693,-0.8939277009915223
2024-12-13 08:00:00,18,2.1618464487025477,1.496725096809456,-0.028404862572656366,0.6364076658224374,0.14997938515388398
2024-12-13 12:00:00,18,-0.5455085780684907,-0.5158521115531979,-0.4752484681831491,-0.8026262606641481,2.1618464487025477
2024-12-13 16:00:00,18,-0.1253904882764587,0.1136778378237279,0.1260657556782431,-0.43950826423977496,-0.5455085780684907
2024-12-13 20:00:00,18,-0.657871146370292,-0.812633444505612,0.03275587182650442,-0.35604203711858595,-0.1253904882764587
2024-12-14 00:00:00,18,-0.15492291923478163,-0.4107422164633258,0.15102192503223166,0.08187014644636648,-0.657871146370292
2024-12-16 04:00:00,19,-1.6914002084364093,-0.5170361197364708,0.048074742283867086,0.244385700509957,-0.15492291923478163
2024-12-16 08:00:00,19,2.4125426796072666,2.1273217368473603,0.4724821159928711,1.436116900649976,-1.6914002084364093
2024-12-16 12:00:00,19,-0.9984616602504488,-0.037701028398979326,-0.6611133072570182,-0.2637187554040299,2.4125426796072666
2024-12-16 16:00:00,19,1.509846276591455,0.9214428463728354,0.28107790101085506,0.4397799829365834,-0.9984616602504488
2024-12-16 20:00:00,19,-0.8845242253821457,-1.2344681824851278,-0.4117695568787913,-0.6240314711796717,1.509846276591455
2024-12-17 00:00:00,19,-1.1030013769236184,-0.6409962582213072,0.24960598285141153,-0.0008110698755672274,-0.8845242253821457
2024-12-17 04:00:00,19,-1.0873863702709947,0.006988538025679471,0.3099539715609099,0.7763445365390904,-1.1030013769236184
2024-12-17 08:00:00,19,3.1696662231900277,2.241309635104791,0.3056407779911357,1.5424980805645472,-1.0873863702709947
2024-12-17 12:00:00,19,-0.7200300002298317,-0.4367101522836573,-0.8702467692115262,-0.6907936698825488,3.1696662231900277
2024-12-17 16:00:00,19,-0.5004441139904738,0.33074620038137753,0.20416921487714057,-0.18347304166531764,-0.7200300002298317
2024-12-17 20:00:00,19,0.044507282989865615,-0.4912996229119482,0.14351497030263424,0.1691311862366085,-0.5004441139904738
2024-12-18 00:00:00,19,-0.9178426150052843,-0.5251934721228724,-0.007012078041604758,0.13777212792035343,0.044507282989865615
2024-12-18 04:00:00,19,-0.3265180809008257,-0.001511941049849073,0.2588092234951553,0.7844680876725789,-0.9178426150052843
2024-12-18 08:00:00,19,1.7363710530733663,1.7175016305087711,0.09547293841451027,1.0145270544850966,-0.3265180809008257
2024-12-18 12:00:00,19,0.7925606967549452,-0.0009324202080731496,-0.47434046901811877,-0.20888982145370605,1.7363710530733663
2024-12-18 16:00:00,19,-0.9903365389050229,-0.25747600213866106,-0.21364017919307607,-0.767314318279757,0.7925606967549452
2024-12-18 20:00:00,19,2.813634711099077,-0.7540517839174701,0.2788335714424883,-0.0695403992716539,-0.9903365389050229
2024-12-19 00:00:00,19,-2.8126322936268746,-2.678973191139278,-0.7719033702780603,-2.0519785320619057,2.813634711099077
2024-12-19 04:00:00,19,-0.5195943402960701,-0.8325671070116165,0.7821900224736872,-0.07024668520636723,-2.8126322936268746
2024-12-19 08:00:00,19,1.1073591206657287,1.0386902794080586,0.14880466596518085,0.2958504594306337,-0.5195943402960701
2024-12-19 12:00:00,19,0.6656479892842402,-0.20329339072505573,-0.30059413111847744,-0.48437553751240614,1.1073591206657287
2024-12-19 16:00:00,19,0.027404711264141568,-0.36276580910490946,-0.17858421758108978,-0.953379545661269,0.6656479892842402
2024-12-19 20:00:00,19,-1.0342962335854704,-1.5211094067462343,-0.0022879876819249254,-0.9726884290830693,0.027404711264141568
2024-12-20 00:00:00,19,-1.5011050102086045,-0.814484357739488,0.2909761645673582,-0.24394127296761958,-1.0342962335854704
2024-12-20 04:00:00,19,-0.11714859853232085,0.09581198600271257,0.41991857608447314,0.8137112367277837,-1.5011050102086045
2024-12-20 08:00:00,19,1.617333905155803,1.6836249213407786,0.037640679668269755,0.8962521038905606,-0.11714859853232085
2024-12-20 12:00:00,19,1.0478788487940953,0.051690098965900814,-0.4414599027536124,-0.2432932658006557,1.617333905155803
2024-12-20 16:00:00,19,0.15315338129003742,-0.3119873043144716,-0.28416442782904283,-0.9816104966050396,1.0478788487940953
2024-12-20 20:00:00,19,-0.7586900291798333,-1.441791823418298,-0.037022417645951024,-1.0895197081446337,0.15315338129003742
2024-12-21 00:00:00,19,-1.9868215317399596,-0.38619010102642287,0.21484792875693365,-0.5549598952162782,-0.7586900291798333
2024-12-23 04:00:00,19,-0.7986928423475064,0.2924841308889731,0.5540837047973803,0.8449200366144805,-1.9868215317399596
2024-12-23 08:00:00,19,2.0248074321556455,2.324435400909413,0.22589754790638802,1.4076651366839315,-0.7986928423475064
2024-12-23 12:00:00,19,0.7485016737716812,0.40032794333967847,-0.5540126691793414,-0.018979000605115814,2.0248074321556455
2024-12-23 16:00:00,19,-0.34639454577884976,0.14908590033293392,-0.20147014949987577,-0.5463602753274053,0.7485016737716812
2024-12-23 20:00:00,19,-0.5523211715269216,-0.7496519652059411,0.10096323645977767,-0.3022966966994929,-0.34639454577884976
2024-12-24 00:00:00,19,-0.6987102497916204,-0.38343979892165864,0.1578445057272906,0.08685920462027674,-0.5523211715269216
2024-12-24 04:00:00,19,-0.23256199150564072,-0.020330138809442413,0.19828025097562127,0.579158307092337,-0.6987102497916204
2024-12-24 08:00:00,19,0.5954753574057605,1.6266802889475758,0.06952028852868036,0.7430174457288281,-0.23256199150564072
2024-12-24 12:00:00,19,0.9942341844580618,0.6845653217788548,-0.15920105935864104,0.3234558548082518,0.5954753574057605
2024-12-24 16:00:00,19,-0.18640311226922535,0.2910682328880298,-0.269346642194094,-0.37706427753805194,0.9942341844580618
2024-12-24 20:00:00,19,-0.13104562224021699,-0.7438463336621055,0.0567702343314866,-0.2457278832379739,-0.18640311226922535
2024-12-25 00:00:00,19,0.34677000916676626,-0.07015602861634734,0.04147933018116125,-0.15339541462027206,-0.13104562224021699
2024-12-26 04:00:00,19,-1.9255617718979927,-0.9918326459054397,-0.09050340634722481,-0.3977235382279325,0.34677000916676626
2024-12-26 08:00:00,19,0.8474874237644237,1.804686125299918,0.5371624694681664,0.9589938311574517,-1.9255617718979927
2024-12-26 12:00:00,19,0.4869846511407854,0.672884137003225,-0.22881209752884074,0.36186891678842237,0.8474874237644237
2024-12-26 16:00:00,19,0.6061233750307782,0.6126040539723957,-0.12923364230578094,0.01874799256299653,0.4869846511407854
2024-12-26 20:00:00,19,-0.4141201489795634,-0.9667010391852165,-0.16214226599228357,-0.4083160065753866,0.6061233750307782
2024-12-27 00:00:00,19,-0.9362285159846699,-0.6991479204071347,0.11967047384576489,-0.11653414461037848,-0.4141201489795634
2024-12-27 04:00:00,19,-1.0605025687705094,-0.1724607179334066,0.26388779641177124,0.5431162015316175,-0.9362285159846699
2024-12-27 08:00:00,19,1.7187277136149177,2.039860255472081,0.2982149060499606,1.2903278861043557,-1.0605025687705094
2024-12-27 12:00:00,19,0.9368165857159134,0.3404138233721977,-0.4694670072262381,0.07934220060908181,1.7187277136149177
2024-12-27 16:00:00,19,0.41896099529330577,-0.0008606692234088701,-0.25348669264710477,-0.5807224892483074,0.9368165857159134
2024-12-27 20:00:00,19,-1.460559810539932,-1.4452861016547016,-0.1104440765040534,-0.87591512742015,0.41896099529330577
2024-12-28 00:00:00,19,0.3381903874258043,0.34183229200733134,0.40871913836494145,0.1531699390290857,-1.460559810539932
2024-12-30 04:00:00,19,-2.0797775864568635,-0.5710601149851738,-0.08813353420131737,-0.08511313216395244,0.3381903874258043
2024-12-30 08:00:00,19,2.4326960061935097,2.340561722785336,0.579760124052006,1.3802620207833183,-2.0797775864568635
2024-12-30 12:00:00,19,1.114668428663789,0.15553137603817885,-0.6666800803346805,-0.3337733190354406,2.4326960061935097
2024-12-30 16:00:00,19,-0.1549702208287318,-0.32180295663067154,-0.30261311586552747,-1.1191493274005406,1.114668428663789
2024-12-30 20:00:00,19,-1.243341408851359,-1.3172579870594885,0.04808780797992503,-1.0099600022881159,-0.1549702208287318
2024-12-31 00:00:00,19,-0.11935648595456705,0.9791132074352068,0.348718842864435,-0.13392324767285224,-1.243341408851359
2024-12-31 16:00:00,19,1.0234200712354031,0.7912015421234678,0.03825054465547536,-0.049826741392635654,-0.11935648595456705
2024-12-31 20:00:00,19,-0.9785092422351305,-1.2697848941931003,-0.27740839855300253,-0.7709107424808419,1.0234200712354031
2025-01-01 00:00:00,19,-0.9892447503935635,-0.0006219860621513003,0.27556662311007624,-0.08147013121653579,-0.9785092422351305
2025-01-02 04:00:00,19,0.16205157735628006,-0.0052632513593138955,0.27853199647092797,0.6155345325753441,-0.9892447503935635
2025-01-02 08:00:00,19,1.3938272260630864,1.3826996942180505,-0.03948028672723378,0.5013558066865063,0.16205157735628006
2025-01-02 12:00:00,19,0.5726696612220099,-0.10036571736179523,-0.37972265265117167,-0.4807106401655634,1.3938272260630864
2025-01-02 16:00:00,19,-0.5094450303521825,-0.20153516232529547,-0.1529016459595791,-0.8842037337857782,0.5726696612220099
2025-01-02 20:00:00,19,-0.45227394085852524,-1.0300304456294758,0.14600121289202658,-0.5252576165991076,-0.5094450303521825
2025-01-03 00:00:00,19,-0.8460323005556809,-0.6903079661812062,0.1302093543890654,-0.20659325576776588,-0.45227394085852524
2025-01-03 04:00:00,19,-0.8838131251935408,-0.22022704420575648,0.23897370286952332,0.3895064040699836,-0.8460323005556809
2025-01-03 08:00:00,19,1.7901842722676928,1.8729098493233354,0.2494095620090009,1.0122257765359937,-0.8838131251935408
2025-01-03 12:00:00,19,-0.03500600828791356,1.0859105075335185,-0.4892048130534012,-0.24910695868553745,1.7901842722676928
2025-01-03 16:00:00,19,0.4447596902284321,0.43078756758795994,0.014951166949602475,-0.22444233344723763,-0.03500600828791356
2025-01-03 20:00:00,19,-1.453536678807028,-1.0136500536409148,-0.11757021916785161,-0.5378122838387025,0.4447596902284321
2025-01-04 00:00:00,19,0.5621379260694468,0.5185253921964392,0.40677920152700553,0.4863244060128178,-1.453536678807028
2025-01-06 04:00:00,19,-1.3174843277052446,-0.5587943736334023,-0.14999255899284586,0.0902517900006341,0.5621379260694468
2025-01-06 08:00:00,19,2.2513026310216517,1.8246285769707984,0.3691986779332943,1.0185283570664971,-1.3174843277052446
2025-01-06 12:00:00,19,1.6265594625115742,-0.24285459266276113,-0.6165754113584782,-0.5677003621708181,2.2513026310216517
2025-01-06 16:00:00,19,-0.4151554036402558,-0.9587079585699243,-0.44400819591478186,-1.7137458992882397,1.6265594625115742
2025-01-06 20:00:00,19,-2.048618496526162,-1.7990594969602076,0.11995643297757398,-1.4212346148760275,-0.4151554036402558
2025-01-07 00:00:00,19,0.08306122376303904,-0.41859250695304223,0.5711533274416095,0.022186384670307646,-2.048618496526162
2025-01-07 04:00:00,19,-0.6209951079761424,-0.5841814536528142,-0.017661488133554254,-0.036337110470874734,0.08306122376303904
2025-01-07 08:00:00,19,1.5778255329065587,1.328429980230781,0.17681369272114283,0.40120525331635903,-0.6209951079761424
2025-01-07 12:00:00,19,-0.58966423706444,-0.2616960447418074,-0.4305468585949629,-0.7105032037143708,1.5778255329065587
2025-01-07 16:00:00,19,1.269535761124489,0.41426094934730434,0.16815944658740353,-0.2950360272227268,-0.58966423706444
2025-01-07 20:00:00,19,-2.0471273841553472,-1.6065613833793646,-0.3453907334098242,-1.189528867343741,1.269535761124489
2025-01-08 00:00:00,19,-0.8501040090201393,-0.22640140675119266,0.5707414508133963,0.25284152033300167,-2.0471273841553472
2025-01-08 04:00:00,19,0.3299128029218785,0.2511933756021602,0.24009839446636913,0.8518100352121358,-0.8501040090201393
2025-01-08 08:00:00,19,1.3617918009131635,1.5203293583846202,-0.08584709109886778,0.6193592062441606,0.3299128029218785
2025-01-08 12:00:00,19,2.0193942547729993,0.05876912495309738,-0.37087379380432545,-0.3401356366371342,1.3617918009131635
2025-01-08 16:00:00,19,-1.0018686725257826,-1.012864586214474,-0.5525174356262418,-1.762965743191991,2.0193942547729993
2025-01-08 20:00:00,19,-0.2564092077856266,-1.4639110363596408,0.28201898952685917,-1.057066483196289,-1.0018686725257826
2025-01-09 00:00:00,19,-1.6786912594093302,-1.2655687311379127,0.07610739170475034,-0.8764050102952083,-0.2564092077856266
2025-01-09 04:00:00,19,0.9875629265583985,-0.23428281340854493,0.46897163671856507,0.30637168516814306,-1.6786912594093302
2025-01-09 08:00:00,19,1.2608807800094386,0.5783331239452215,-0.26750390031666427,-0.3894479947698226,0.9875629265583985
2025-01-09 12:00:00,19,0.2924015995983993,-0.8080463749687511,-0.3430000454183028,-1.2778426855705387,1.2608807800094386
2025-01-09 16:00:00,19,-0.33053395221884685,-0.689147009026311,-0.07548570704257981,-1.483863772403911,0.2924015995983993
2025-01-09 20:00:00,19,-2.7612569017843605,-1.0472312767733352,0.09658220661600792,-1.2509752924332638,-0.33053395221884685
2025-01-10 04:00:00,19,0.6513837441572896,0.1350031857222763,0.7679990576749286,0.6945583459363345,-2.7612569017843605
2025-01-10 08:00:00,19,1.0153683423481024,1.1824134013455387,-0.17464413278138785,0.23560467707408428,0.6513837441572896
2025-01-10 12:00:00,19,2.5587131599369872,-0.03687941459281919,-0.27518434152665244,-0.47980621573247184,1.0153683423481024
2025-01-10 16:00:00,19,-1.1849274082888268,-1.487197700077523,-0.7014886711537113,-2.2826310526317446,2.5587131599369872
2025-01-10 20:00:00,19,-2.65440660372151,-1.80113312160572,0.33258366615807283,-1.4477517879163546,-1.1849274082888268
2025-01-11 00:00:00,19,0.08350338650382483,0.5565212712084917,0.738484755901915,0.42249698687653137,-2.65440660372151
2025-01-13 04:00:00,20,1.741701414755731,-0.3758375666989481,-0.01565873085024683,0.4839950228888057,0.08350338650382483
2025-01-13 08:00:00,20,1.2527036048987394,-0.05922742597038208,-0.3523965373481351,-0.7671477916186262,1.741701414755731
2025-01-13 12:00:00,20,-1.0030578792219558,-1.1961478526694507,-0.25309353066979173,-1.6670213868849117,1.2527036048987394
2025-01-13 16:00:00,20,-1.0546254946370315,-0.39131668256693763,0.20499420143661065,-0.9464795951107927,-1.0030578792219558
2025-01-13 20:00:00,20,0.0478866164224776,-0.45246766817445205,0.2154662713615191,-0.18889445541190675,-1.0546254946370315
2025-01-14 00:00:00,20,1.2244967938934561,-0.8831182454634309,-0.008425871549131752,-0.22329357545651973,0.0478866164224776
2025-01-14 04:00:00,20,-1.2042053390263519,-2.0641992201062274,-0.24736544542038832,-1.102904944022841,1.2244967938934561
2025-01-14 08:00:00,20,0.9300457942479046,0.47461167874135285,0.2458421298764729,-0.23786984423473712,-1.2042053390263519
2025-01-14 12:00:00,20,0.15092848991142738,-0.4418442533639874,-0.1875699432834803,-0.9059637567606771,0.9300457942479046
2025-01-14 16:00:00,20,0.34424727589006743,-0.47402653267653294,-0.02935105289956493,-1.0143825098588497,0.15092848991142738
2025-01-14 20:00:00,20,-1.910136422349277,-1.5923680591467304,-0.06860917698134836,-1.2616708808704917,0.34424727589006743
2025-01-15 00:00:00,20,-0.7827113932150009,-0.5397796785844532,0.38919876188709024,0.11046640931274077,-1.910136422349277
2025-01-15 04:00:00,20,-0.35393700315566434,-0.22417365560726285,0.1602474395280097,0.6727233651592126,-0.7827113932150009
2025-01-15 08:00:00,20,2.7802411083368526,1.6653134749895517,0.07317427629233574,0.9269723050376992,-0.35393700315566434
2025-01-15 12:00:00,20,0.6501249385489327,-0.5935769395942215,-0.563297510826056,-1.0702004915301213,2.7802411083368526
2025-01-15 16:00:00,20,-0.4996297739894242,-0.9726056354242552,-0.1307251434856819,-1.5372146068695525,0.6501249385489327
2025-01-15 20:00:00,20,-2.143849705062216,-1.4203273684333613,0.1027607691220732,-1.1783079674508148,-0.4996297739894242
2025-01-16 00:00:00,20,0.4011632482452523,-0.21529209973621213,0.436659979925772,0.3617161326321767,-2.143849705062216
2025-01-16 04:00:00,20,-0.6406371344691895,-0.7683511166617366,-0.08016736204672574,0.07354244727239312,0.4011632482452523
2025-01-16 08:00:00,20,1.256302750892651,1.3381109902917345,0.13139577438623326,0.5337410442920607,-0.6406371344691895
2025-01-16 12:00:00,20,0.23285856268557836,0.20420770076102066,-0.2538244255970599,-0.36871798014738566,1.256302750892651
2025-01-16 16:00:00,20,0.38936168244705094,0.12075245738203133,-0.04598896497166201,-0.535990806036116,0.23285856268557836
2025-01-16 20:00:00,20,-1.1782427353931553,-0.9380409511301091,-0.07777076446765595,-0.8156868935003807,0.38936168244705094
2025-01-17 00:00:00,20,-1.1572359080643135,-0.444246282729709,0.24056978601315682,0.030698095134123804,-1.1782427353931553
2025-01-17 04:00:00,20,0.7062681436526432,0.14959425205383572,0.23630383415718256,0.8619929306313487,-1.1572359080643135
2025-01-17 08:00:00,20,2.05879031237588,1.2539747861537351,-0.14212639919475722,0.3546486145733425,0.7062681436526432
2025-01-17 12:00:00,20,-0.6613181174610485,-0.47442184858492076,-0.4167892202667168,-1.124273480846698,2.05879031237588
2025-01-17 16:00:00,20,0.5642715928882112,0.11899854471831653,0.13559555555244315,-0.6492187993983194,-0.6613181174610485
2025-01-17 20:00:00,20,-2.7427575940617803,-1.2798449238676284,-0.11329051456577313,-1.0545605777833131,0.5642715928882112
2025-01-18 00:00:00,20,1.3409187496897932,0.6005635454895388,0.5582829256776749,0.9156861170138875,-2.7427575940617803
2025-01-20 04:00:00,20,-0.5896781136332852,-0.9924549534771331,-0.2710077808683334,-0.047556402225820804,1.3409187496897932
2025-01-20 08:00:00,20,1.5197574708020376,1.046604664487926,0.12104729452725482,0.37603602785097934,-0.5896781136332852
2025-01-20 12:00:00,20,2.0334746726916695,-0.3704711059601455,-0.3073253723973206,-0.7156744245141446,1.5197574708020376
2025-01-20 16:00:00,20,-0.9048737888778362,-1.840725123393199,-0.4116482583115643,-2.1764111522143104,2.0334746726916695
2025-01-20 20:00:00,20,1.1632019037032642,-2.3065990317753626,0.185055512177449,-1.5263994283911444,-0.9048737888778362
2025-01-21 04:00:00,20,-2.5725009357304582,-3.650214820246969,-0.23491801361760573,-2.3619799080934083,1.1632019037032642
2025-01-21 08:00:00,20,0.24073137947379664,-0.08784259660437363,0.5237081326244051,-0.5140362629972692,-2.5725009357304582
2025-01-21 12:00:00,20,-0.02632100349281785,-0.4597186033378639,-0.047587733641661675,-0.6869644888707853,0.24073137947379664
2025-01-21 16:00:00,20,-0.020258523589641086,-0.3949705399109753,0.006643806939178121,-0.6680569229058797,-0.02632100349281785
2025-01-21 20:00:00,20,-1.7702747833171504,-1.2482671870414819,0.005412671604464562,-0.6535043101520657,-0.020258523589641086
2025-01-22 00:00:00,20,1.7042906407935714,-0.3138743338689033,0.3607964234821123,0.618164045908598,-1.7702747833171504
2025-01-22 04:00:00,20,-1.2640584405031259,-1.8436483821176008,-0.3447993615291007,-0.6061049194813126,1.7042906407935714
2025-01-22 08:00:00,20,0.8919180619962752,0.7543813132752796,0.25799677109543023,0.30192536719946084,-1.2640584405031259
2025-01-22 12:00:00,20,0.4957191710266535,-0.13014567561064125,-0.1798271714875884,-0.3387796726781911,0.8919180619962752
2025-01-22 16:00:00,20,-1.012950955379507,-0.43481280700016645,-0.09936926283680174,-0.6948771493117292,0.4957191710266535
2025-01-22 20:00:00,20,-0.6947995183972662,-0.524584935578375,0.20700323335442228,0.032771286025420565,-1.012950955379507
2025-01-23 00:00:00,20,0.3575108799810458,-0.3605593359348903,0.1423947757406519,0.5318771704217315,-0.6947995183972662
2025-01-23 04:00:00,20,-1.1130187153818767,-0.8907262491254365,-0.07130267731831412,0.2750609533554744,0.3575108799810458
2025-01-23 08:00:00,20,1.3900512488930268,1.6139669207074006,0.22732444796826334,1.0745925816613688,-1.1130187153818767
2025-01-23 12:00:00,20,0.6319251607411758,0.3888623818851146,-0.2809853406818002,0.0760559684879194,1.3900512488930268
2025-01-23 16:00:00,20,0.5592657383032975,-0.023284485053721264,-0.12702923192788454,-0.37788442420485424,0.6319251607411758
2025-01-23 20:00:00,20,-1.6565370690355454,-1.2208194611340217,-0.11227395293450146,-0.7796302710821159,0.5592657383032975
2025-01-24 00:00:00,20,0.5087603521114037,-0.3765959771353662,0.33769918915259906,0.4103351462564788,-1.6565370690355454
2025-01-24 04:00:00,20,0.8547318049952999,-0.9934098864835549,-0.1020175947234643,0.044869600062543924,0.5087603521114037
2025-01-24 08:00:00,20,0.27754673138046293,-0.027471845097497304,-0.17227558934780254,-0.5691228713742529,0.8547318049952999
2025-01-24 12:00:00,20,-0.6181963507462847,-0.434610092135631,-0.05506399439898983,-0.7684972278022713,0.27754673138046293
2025-01-24 16:00:00,20,0.29770385738981986,0.12728921657230674,0.12683862249110597,-0.3244188595824191,-0.6181963507462847
2025-01-24 20:00:00,20,-1.3136331880321883,-0.9334912815190534,-0.05915739354797328,-0.5382729903012926,0.29770385738981986
2025-01-25 00:00:00,20,0.8597081191754885,-0.1536536195911078,0.26806414028547915,0.40536907726599125,-1.3136331880321883
2025-01-27 04:00:00,20,-0.3412942478302341,-1.2682331969474068,-0.17328615207488987,-0.2121981054712201,0.8597081191754885
2025-01-27 08:00:00,20,1.1840441041563103,0.6078293022707085,0.07060685453459613,0.03296897207025573,-0.3412942478302341
2025-01-27 12:00:00,20,-0.4147977440412305,-0.518101134081315,-0.23915053394604135,-0.8175834018467274,1.1840441041563103
2025-01-27 16:00:00,20,-0.3252076214776256,-0.14762981964100197,0.08553354342356435,-0.5196154421641186,-0.4147977440412305
2025-01-27 20:00:00,20,-0.9920492239502963,-0.7252223070538728,0.06734007024246959,-0.286004115109046,-0.3252076214776256
2025-01-28 00:00:00,20,1.7999049218628507,-0.40467990399566167,0.2027586238002182,0.4266296622236556,-0.9920492239502963
2025-01-28 04:00:00,20,-1.708461363817925,-1.9849545257935681,-0.36421618794463084,-0.8663233610137375,1.7999049218628507
2025-01-28 08:00:00,20,1.1004695338379893,0.914791250848724,0.3482436915769572,0.36094162315356826,-1.708461363817925
2025-01-28 12:00:00,20,-0.3901733789068178,-0.07382619669799688,-0.22217866628698776,-0.4295753610901656,1.1004695338379893
2025-01-28 16:00:00,20,-0.522924563110994,0.29567505938930233,0.0805329617315775,-0.14929619538723493,-0.3901733789068178
2025-01-28 20:00:00,20,0.024587990961123296,-0.11730246693112859,0.10749134777310305,0.2263441434922715,-0.522924563110994
2025-01-29 00:00:00,20,-0.3953314389763456,-0.5156788902480737,-0.0036945138351540353,0.20868147872461584,0.024587990961123296
2025-01-29 04:00:00,20,-0.40896846739019566,-0.5061902583269704,0.08158043242205239,0.49266591201136656,-0.3953314389763456
2025-01-29 08:00:00,20,1.1295283739770348,1.4457115516643066,0.08434976573266445,0.7864464389147798,-0.40896846739019566
2025-01-29 12:00:00,20,0.49542952673081864,0.4157534970760404,-0.22807977696320214,-0.02494482304950374,1.1295283739770348
2025-01-29 16:00:00,20,0.41090208454613375,0.10100184685088576,-0.09931044345384367,-0.38083423509950975,0.49542952673081864
2025-01-29 20:00:00,20,0.35170729285788127,-1.0000987011739697,-0.08214507177615898,-0.6760037665648788,0.41090208454613375
2025-01-30 00:00:00,20,-2.092755563450611,-1.6741691104372463,-0.07012411651654182,-0.9286510048004377,0.35170729285788127
2025-01-30 04:00:00,20,-0.09314363510699764,-0.3867847298995717,0.4262840604770422,0.5746698649818835,-2.092755563450611
2025-01-30 08:00:00,20,0.8458231088788217,1.343220235908136,0.02021378230448291,0.6415791462134006,-0.09314363510699764
2025-01-30 12:00:00,20,1.2183634813947588,0.54853340028038,-0.17046645995679632,0.033986193682848054,0.8458231088788217
2025-01-30 16:00:00,20,-1.318863130559432,-0.3027709747649936,-0.24611992578872244,-0.8412193394188741,1.2183634813947588
2025-01-30 20:00:00,20,2.411606766239286,-0.1034279500438928,0.2691262084731917,0.10617963214918369,-1.318863130559432
2025-01-31 00:00:00,20,-3.1376583171040835,-2.2823486553928807,-0.48843726033559465,-1.6261864619674427,2.411606766239286
2025-01-31 04:00:00,20,-0.15932212940859003,-0.18599722341957323,0.6384772094701134,0.6277352634017834,-3.1376583171040835
2025-01-31 08:00:00,20,1.0288118143659357,1.5282282099241002,0.033652949779518535,0.7421835469668139,-0.15932212940859003
2025-01-31 12:00:00,20,0.5504341367393089,0.5941501250460594,-0.20762680766543437,0.003141540042326696,1.0288118143659357
2025-01-31 16:00:00,20,0.9159613502675157,0.2597527249285599,-0.11048047948449621,-0.3922601684287965,0.5504341367393089
2025-01-31 20:00:00,20,0.4152187402589327,-1.234472647347602,-0.1847097512612413,-1.0502365885228517,0.9159613502675157
2025-02-01 00:00:00,20,1.2726841267508568,-1.7424058759691272,-0.08302167466156157,-1.348506968808815,0.4152187402589327
2025-02-03 04:00:00,20,-2.1626392136154085,-3.355773356928755,-0.2571510660102831,-2.2627334756210153,1.2726841267508568
2025-02-03 08:00:00,20,0.5058031121136732,-0.1144306190103441,0.44047565078508755,-0.709212022653487,-2.1626392136154085
2025-02-03 12:00:00,20,-0.18278501939173175,-0.7247351177547044,-0.10141705456290619,-1.0725532497519747,0.5058031121136732
2025-02-03 16:00:00,20,1.4739714197454,-0.5491196275316232,0.038417665436160334,-0.941250512282684,-0.18278501939173175
2025-02-03 20:00:00,20,-1.4300010233584004,-2.477073568975951,-0.29802739101130593,-2.000070775606872,1.4739714197454
2025-02-04 00:00:00,20,0.012605733509031936,-1.8349120294683654,0.29169548524369615,-0.9728364345449982,-1.4300010233584004
2025-02-04 04:00:00,20,-0.6914793106970176,-2.1033278554312065,-0.0012612223810785272,-0.9818917024386806,0.012605733509031936
2025-02-04 08:00:00,20,-0.05049023734611069,0.051726824224214346,0.14172052607984525,-0.4851708732370472,-0.6914793106970176
2025-02-04 12:00:00,20,0.21647222509148278,-0.13247859048787056,0.011551963054326956,-0.44890145465405773,-0.05049023734611069
2025-02-04 16:00:00,20,-0.6560762608516129,-0.22271287938055173,-0.04266131695619146,-0.6044032339309773,0.21647222509148278
2025-02-04 20:00:00,20,-0.8817396281344436,-0.5922765062323263,0.1345310679179363,-0.13311401490687658,-0.6560762608516129
2025-02-05 00:00:00,20,0.7143410976784441,-0.3655061440315679,0.18035755306088194,0.500279396076591,-0.8817396281344436
2025-02-05 04:00:00,20,-1.065932773116236,-1.1358978673407,-0.14376581064278093,-0.012864087585953143,0.7143410976784441
2025-02-05 08:00:00,20,1.9598626598662836,1.2857199099927317,0.21776249176926024,0.7528435810958225,-1.065932773116236
2025-02-05 12:00:00,20,-0.44898089140192,-0.4029833702767884,-0.3966995324607402,-0.6550143120764247,1.9598626598662836
2025-02-05 16:00:00,20,0.1432612705672387,-0.002149670010275431,0.09247527044610065,-0.3324910532849987,-0.44898089140192
2025-02-05 20:00:00,20,-1.4774120318183392,-0.8448112236279325,-0.02779403583651723,-0.4354020963311136,0.1432612705672387
2025-02-06 00:00:00,20,0.13680741329295643,-0.10097595625098518,0.3013234541114937,0.6258897140884017,-1.4774120318183392
2025-02-06 04:00:00,20,-0.13237763497851418,-0.45421478477335253,-0.026483421721095,0.5276147683010741,0.13680741329295643
2025-02-06 08:00:00,20,0.904175619867166,1.2883944703742443,0.028181208891523736,0.6227076041922839,-0.13237763497851418
2025-02-06 12:00:00,20,1.5033450900417211,0.45546829689578766,-0.18231636944835067,-0.026802593287955645,0.904175619867166
2025-02-06 16:00:00,20,0.014888214997448301,-0.5810349737851785,-0.30399243567777606,-1.1067232910583709,1.5033450900417211
2025-02-06 20:00:00,20,-1.7190426010470734,-1.41262826639615,-0.001724736265841512,-1.1174181685253632,0.014888214997448301
2025-02-07 00:00:00,20,-0.3343538370033148,-0.5339126574659971,0.3503924714897723,0.11744779639311531,-1.7190426010470734
2025-02-07 04:00:00,20,-0.34751843870747123,-0.5377915072068467,0.06919743377891303,0.35762926327695155,-0.3343538370033148
2025-02-07 08:00:00,20,0.7462124408291473,1.3608341731483502,0.07187082925143652,0.6072674583281241,-0.34751843870747123
2025-02-07 12:00:00,20,0.44782520981931917,0.6385858957016852,-0.15023806908227708,0.07122934896574762,0.7462124408291473
2025-02-07 16:00:00,20,1.2557782083928863,0.3262102808709939,-0.08964321856062156,-0.25046373153238477,0.44782520981931917
2025-02-07 20:00:00,20,-1.2340584927918208,-1.3637045758285147,-0.2537179043687288,-1.152545953395956,1.2557782083928863
2025-02-08 00:00:00,20,-0.5634800548347574,-0.6390461592416086,0.2519045454292316,-0.26606598452316454,-1.2340584927918208
2025-02-10 04:00:00,21,-0.37249251001855654,-0.5625959670905069,0.09532037172707467,0.24022303008024615,-0.5634800548347574
2025-02-10 08:00:00,21,0.6975793202167306,1.1420704822143595,0.06447204609592473,0.46655685013867476,-0.37249251001855654
2025-02-10 12:00:00,21,0.6177635097251795,0.5941885622279698,-0.10836605337064636,0.042693851308042596,0.6975793202167306
2025-02-10 16:00:00,21,-0.7606544543757892,0.07053399512845501,-0.09547419639155888,-0.3326714816535148,0.6177635097251795
2025-02-10 20:00:00,21,-0.9039620060500528,-0.3022146356260936,0.1271679986967903,0.12951721683804784,-0.7606544543757892
2025-02-11 00:00:00,21,0.3026050437548484,0.2681018756279892,0.1503150474936369,0.6787824195311067,-0.9039620060500528
2025-02-11 04:00:00,21,-0.9707165998424649,-0.41390415250863183,-0.044569772267867215,0.49491360692445596,0.3026050437548484
2025-02-11 08:00:00,21,2.3834622902340836,1.5323877550930272,0.16109725556204904,1.0847402217617024,-0.9707165998424649
2025-02-11 12:00:00,21,-0.9001739944457938,-0.04020742276992001,-0.3806700242141625,-0.3634986303081469,2.3834622902340836
2025-02-11 16:00:00,21,0.10750047099888249,0.3068479548472536,0.1497032075143586,0.18346490157608208,-0.9001739944457938
2025-02-11 20:00:00,21,-0.014309410196512218,-0.49994669602305064,-0.01305646390896591,0.1181454881520505,0.10750047099888249
2025-02-12 00:00:00,21,-1.069050537832453,-0.4360117773153747,0.006618279194430827,0.12684016894549366,-0.014309410196512218
2025-02-12 04:00:00,21,0.44880930867487834,-0.16973223562024797,0.17698016218105253,0.7764164303610119,-1.069050537832453
2025-02-12 08:00:00,21,0.9035023181518493,1.0214315063698538,-0.06818469845196157,0.5037110132638816,0.44880930867487834
2025-02-12 12:00:00,21,2.028465580859871,0.33410238786224633,-0.14162675474967318,-0.04527487396581442,0.9035023181518493
2025-02-12 16:00:00,21,-0.1968759230894399,-1.2031697416360905,-0.32333092338797365,-1.27781070065984,2.028465580859871
2025-02-12 20:00:00,21,-2.3322951257046345,-1.6770317508341073,0.03610643898246551,-1.1581849939626974,-0.1968759230894399
2025-02-13 00:00:00,21,-0.23335495867545397,-0.30885763482737133,0.38101954305257013,0.2589636764309322,-2.3322951257046345
2025-02-13 04:00:00,21,0.07822830033682493,-0.5904774771016837,0.04199853613231175,0.4007547670060436,-0.23335495867545397
2025-02-13 08:00:00,21,1.811175566914768,0.7905567977247624,-0.008328420237936179,0.35322170372101525,0.07822830033682493
2025-02-13 12:00:00,21,-0.44650726313474287,-0.44076501324921136,-0.2882342205478675,-0.7472844107130392,1.811175566914768
2025-02-13 16:00:00,21,0.2804837088425902,-0.3195384290783723,0.07642691575946525,-0.47597776203952513,-0.44650726313474287
2025-02-13 20:00:00,21,0.08713556535589362,-1.1914746630279283,-0.04099673223834179,-0.6464052138112049,0.2804837088425902
2025-02-14 00:00:00,21,-2.0347843322935777,-1.2080917734696919,-0.009767122494963537,-0.6993505075809168,0.08713556535589362
2025-02-14 04:00:00,21,-1.222841601807076,-0.38764454384044505,0.33296557260775217,0.5370247175211968,-2.0347843322935777
2025-02-14 08:00:00,21,2.576952008792471,1.7974939601589774,0.2018205088393428,1.2800474726621687,-1.222841601807076
2025-02-14 12:00:00,21,-0.5919402340646336,0.1110902177434468,-0.4119225011760129,-0.28575956122472945,2.576952008792471
2025-02-14 16:00:00,21,0.5453166896625401,0.3147137351513075,0.0999172624680338,0.07391503844830716,-0.5919402340646336
2025-02-14 20:00:00,21,-2.044526953806196,-0.7486119441644538,-0.08377257941761238,-0.2574301730481352,0.5453166896625401
2025-02-15 00:00:00,21,0.635161945757968,0.5164847079694129,0.33453920172169016,0.984864861674378,-2.044526953806196
2025-02-17 04:00:00,21,-0.21660444006061397,-0.3699389388920377,-0.0982843933639777,0.5989278946948708,0.635161945757968
2025-02-17 08:00:00,21,1.0336833795692097,1.2223630106302457,0.0392929908402431,0.7305410386963267,-0.21660444006061397
2025-02-17 12:00:00,21,0.04436059293763073,0.45106029222350474,-0.1626536116448502,0.10245456249536566,1.0336833795692097
2025-02-17 16:00:00,21,-0.49464470657432,0.3036412516563565,-0.0028581050546278228,0.07550018840840522,0.04436059293763073
2025-02-17 20:00:00,21,-0.16633653159927064,-0.20084216722931542,0.08420208000750146,0.3760561002710876,-0.49464470657432
2025-02-18 04:00:00,21,-1.1434362694949236,-0.48262112545405406,0.031173713687878673,0.47712546837799863,-0.16633653159927064
2025-02-18 08:00:00,21,2.6687316979004763,1.6402883802377026,0.18899495233317232,1.171899972314339,-1.1434362694949236
2025-02-18 12:00:00,21,-0.8786612041715411,-0.0844544842195864,-0.4267467649187304,-0.44967421683309006,2.6687316979004763
2025-02-18 16:00:00,21,0.1333949195340658,0.30506076983813374,0.14622845967018144,0.08421771798024835,-0.8786612041715411
2025-02-18 20:00:00,21,-0.46983642242506285,-0.5145564120976057,-0.017238937594467877,0.0031643252206787764,0.1333949195340658
2025-02-19 00:00:00,21,-0.06971938881206441,-0.17778874931954292,0.08019504369252672,0.28864623272199275,-0.46983642242506285
2025-02-19 04:00:00,21,-0.9234252356118091,-0.5242508242394984,0.015568103986369895,0.33100911298819646,-0.06971938881206441
2025-02-19 08:00:00,21,1.5171094608104276,1.478289746888233,0.15345875010488672,0.8921005591060354,-0.9234252356118091
2025-02-19 12:00:00,21,-0.6969315128668789,0.42113752399687654,-0.2407366363105237,-0.02972517020836385,1.5171094608104276
2025-02-19 16:00:00,21,0.6071206727283247,0.6448838996695826,0.11687546338128925,0.3937442080575302,-0.6969315128668789
2025-02-19 20:00:00,21,-0.6343906002597173,-0.458604673118634,-0.09375516439062823,0.024845673458271378,0.6071206727283247
2025-02-20 00:00:00,21,-0.5117267546463289,-0.07955592780099019,0.10677384948164106,0.4103139556494728,-0.6343906002597173
2025-02-20 04:00:00,21,-0.24218521460777254,-0.1379279685351853,0.08696117396768303,0.7212492579443719,-0.5117267546463289
2025-02-20 08:00:00,21,1.342513424909475,1.4533505665836062,0.04342479987463433,0.868405786759185,-0.24218521460777254
2025-02-20 12:00:00,21,0.2742560598774375,0.5234246637779806,-0.21253586869207083,0.052668063806450505,1.342513424909475
2025-02-20 16:00:00,21,0.2080095932635988,0.19206609415580803,-0.03999084181036437,-0.11397534521979047,0.2742560598774375
2025-02-20 20:00:00,21,-1.018925114048809,-0.7306940495261837,-0.029290706490108412,-0.2403660902304896,0.2080095932635988
2025-02-21 00:00:00,21,-0.20333555254190827,-0.0938005345095258,0.16888389916680555,0.37875297180017675,-1.018925114048809
2025-02-21 04:00:00,21,-0.3090123798900386,-0.42951073738540096,0.03714979891987964,0.5023036771773359,-0.20333555254190827
2025-02-21 08:00:00,21,1.263506932197286,1.2029599868017917,0.05421872969669648,0.6900657140096325,-0.3090123798900386
2025-02-21 12:00:00,21,-0.4819824165966118,0.33380341609389924,-0.1997747327944071,-0.07766610057174361,1.263506932197286
2025-02-21 16:00:00,21,0.8735253570484343,0.46445815564964976,0.08215686577720022,0.21519595333605146,-0.4819824165966118
2025-02-21 20:00:00,21,-1.4659933660094175,-0.8086302948195175,-0.13678487326237307,-0.3155753391359113,0.8735253570484343
2025-02-22 00:00:00,21,1.2686920344385104,0.14268960186138013,0.24109440393611953,0.575191239479846,-1.4659933660094175
2025-02-24 04:00:00,21,-1.5626459938374477,-0.9791089756166856,-0.20061223098059525,-0.19569114582734493,1.2686920344385104
2025-02-24 08:00:00,21,1.5372728694186346,1.4050891780867087,0.2567057451846537,0.7538034820421124,-1.5626459938374477
2025-02-24 12:00:00,21,-1.2480891835552175,0.3044342579986124,-0.2439934319051186,-0.18027393334100061,1.5372728694186346
2025-02-24 16:00:00,21,1.4289028532178847,0.8955016816271654,0.2058985005424943,0.5780897520753463,-1.2480891835552175
2025-02-24 20:00:00,21,-1.3270605283243633,-0.7789297425253286,-0.2264894970195692,-0.29013989701231147,1.4289028532178847
2025-02-25 00:00:00,21,-0.590559545200243,0.04379861653585948,0.21865395934119694,0.5162083401896833,-1.3270605283243633
2025-02-25 04:00:00,21,-0.5604235871764658,0.04922803679895349,0.09969425347692386,0.8750440059873146,-0.590559545200243
2025-02-25 08:00:00,21,2.2845282958218576,1.8217263991188055,0.09482669079256767,1.2155684673521296,-0.5604235871764658
2025-02-25 12:00:00,21,0.1291067201308227,0.30121139038955147,-0.36469019642719447,-0.17255613198323339,2.2845282958218576
2025-02-25 16:00:00,21,-0.004318238705762312,0.0838812008360956,-0.016546307236347663,-0.2510039299294746,0.1291067201308227
2025-02-25 20:00:00,21,-0.9289736750205435,-0.7372612736335747,0.005004504265390688,-0.2483800826415088,-0.004318238705762312
2025-02-26 00:00:00,21,-0.25701356036617184,-0.1677897158151968,0.15435493454345867,0.3160827050549262,-0.9289736750205435
2025-02-26 04:00:00,21,-0.9938193942328439,-0.4396210517040539,0.045819875631886435,0.4722492301794059,-0.25701356036617184
2025-02-26 08:00:00,21,1.852469275906607,1.5748577095166651,0.16482882101585794,1.0761135600518834,-0.9938193942328439
2025-02-26 12:00:00,21,0.05114243527601481,0.32666148788489124,-0.2949039841846748,-0.049483429095431575,1.852469275906607
2025-02-26 16:00:00,21,0.4414443821757814,0.11821519960765695,-0.003953508846717645,-0.08055858478791755,0.05114243527601481
2025-02-26 20:00:00,21,-0.9485569539167003,-0.8643784152658117,-0.06699511485313436,-0.3487889268052644,0.4414443821757814
2025-02-27 00:00:00,21,-0.5686875394171391,-0.2589117063132141,0.15751802753413324,0.2275730486670966,-0.9485569539167003
2025-02-27 04:00:00,21,-0.5740184614785946,-0.3422610797066245,0.0961614851110448,0.5731188509424143,-0.5686875394171391
2025-02-27 08:00:00,21,1.1170645938845158,1.4384476865509752,0.09702253612787588,0.9219038269518389,-0.5740184614785946
2025-02-27 12:00:00,21,1.80792354782686,0.6009829052895858,-0.176121352974237,0.24315327496542594,1.1170645938845158
2025-02-27 16:00:00,21,-1.0491819949385626,-0.6574654000986514,-0.28770895412864084,-0.8553768483190822,1.80792354782686
2025-02-27 20:00:00,21,-0.5593651825295964,-0.8073900376681277,0.1737709933234862,-0.21787310672938354,-1.0491819949385626
2025-02-28 00:00:00,21,-0.6270551328290885,-0.44145440024824084,0.09465573717762085,0.12200824702802926,-0.5593651825295964
2025-02-28 04:00:00,21,-0.8045418086024192,-0.39379854410095233,0.10558902411423557,0.5030193540523911,-0.6270551328290885
2025-02-28 08:00:00,21,0.8511740915266799,1.5427392365962826,0.13425668814811342,0.9918748774255484,-0.8045418086024192
2025-02-28 12:00:00,21,0.7519839190567978,0.9612392330597707,-0.133174694819863,0.474684656176807,0.8511740915266799
2025-02-28 16:00:00,21,0.6767676420761415,0.32062610928737045,-0.11715348912969337,0.01776434651969616,0.7519839190567978
2025-02-28 20:00:00,21,-0.4550242305285668,-0.8387672117161676,-0.1050045492221459,-0.39345306484623244,0.6767676420761415
2025-03-01 00:00:00,21,0.04495524454103972,-0.619235328737762,0.0778025771085203,-0.11697133824843675,-0.4550242305285668
2025-03-03 04:00:00,21,-1.647203149698509,1.2052344076869093,-0.002954153235762878,-0.1442870344167364,0.04495524454103972
2025-03-03 08:00:00,21,2.2276205641498326,1.9956412907520389,0.27036342469959895,0.8565861945911877,-1.647203149698509
2025-03-03 12:00:00,21,-0.7119466342000766,-0.2839617206849482,-0.3554984544251798,-0.49696014087640705,2.2276205641498326
2025-03-03 16:00:00,21,0.43718200610606317,-0.35859772269010376,0.11930070714639165,-0.06436727776563878,-0.7119466342000766
2025-03-03 20:00:00,21,-0.12324235460849664,-1.568185588917161,-0.0663066554821967,-0.3300077157381036,0.43718200610606317
2025-03-04 00:00:00,21,-0.7926334200923133,-1.5903638764755605,0.02421313829592234,-0.25512322232870055,-0.12324235460849664
2025-03-04 04:00:00,21,-0.6689144926788035,-1.4548077108910902,0.13233324415151396,0.22649652853966806,-0.7926334200923133
2025-03-04 08:00:00,21,1.8898709409754293,0.32029534781194297,0.11235015172911841,0.6329422109317697,-0.6689144926788035
2025-03-04 12:00:00,21,-0.16814371899815583,-1.0079626514347528,-0.30094510453260415,-0.5153807700244837,1.8898709409754293
2025-03-04 16:00:00,21,-0.07838954927361463,-1.0229311483165364,0.03146561076111961,-0.4132133190929519,-0.16814371899815583
2025-03-04 20:00:00,21,0.1213941093587163,-1.5899736541853629,0.016968509093674748,-0.3655822777630977,-0.07838954927361463
2025-03-05 00:00:00,21,-1.5973701449201219,-1.5413037098620563,-0.015300565642081824,-0.43934374078521365,0.1213941093587163
2025-03-05 04:00:00,21,0.46455529358184044,-1.0947924702675729,0.2623143932297104,0.5312499684119096,-1.5973701449201219
2025-03-05 08:00:00,21,1.177579968680961,-0.00422459699784722,-0.07072799136805509,0.24897697929998053,0.46455529358184044
2025-03-05 12:00:00,21,0.556001392783541,-0.8028538540247968,-0.18589580182224097,-0.46654391190550726,1.177579968680961
2025-03-05 16:00:00,21,-0.9741382101718479,-1.2485597439491591,-0.08549837363872767,-0.8043813604497387,0.556001392783541
2025-03-05 20:00:00,21,-0.9229301593020249,-1.4521870411729765,0.16164991437404272,-0.21247570746871247,-0.9741382101718479
2025-03-06 00:00:00,21,-0.34309107034215813,-0.9027278506864901,0.15337878533424584,0.3483149204866116,-0.9229301593020249
2025-03-06 04:00:00,21,0.7054960380864514,-1.0452970496413796,0.05972312288192668,0.5567838439949195,-0.34309107034215813
2025-03-06 08:00:00,21,1.1444152304469153,0.0098380377720641,-0.10964476236190607,0.12811049072873182,0.7054960380864514
2025-03-06 12:00:00,21,-0.5213962696442831,-0.8301147068844043,-0.18053903028250387,-0.5672588492539532,1.1444152304469153
2025-03-06 16:00:00,21,0.28536704797693524,-0.6432485914877902,0.08852299491071489,-0.25044815830361244,-0.5213962696442831
2025-03-06 20:00:00,21,-0.8410069689423612,-1.5394622631811408,-0.04178548962002648,-0.423842823566007,0.28536704797693524
2025-03-07 00:00:00,21,-0.3721472970461548,-0.9768674906234894,0.14014654416695052,0.08716965281104017,-0.8410069689423612
2025-03-07 04:00:00,21,-1.4100539472570226,-0.9341386149773746,0.0644162872651853,0.31329371463628064,-0.3721472970461548
2025-03-07 08:00:00,21,1.303027644708589,1.2516687036848864,0.23205906392506373,1.1700703954754452,-1.4100539472570226
2025-03-07 12:00:00,21,1.09425335005181,0.30628402271592353,-0.2061581218782188,0.3783250139268617,1.303027644708589
2025-03-07 16:00:00,21,0.19961236710059715,-0.5543676160201351,-0.17243687879305375,-0.2865649749124337,1.09425335005181
2025-03-07 20:00:00,21,-1.3367870286171808,-1.3941436585123546,-0.027934385755560114,-0.4078533991401674,0.19961236710059715
2025-03-08 00:00:00,21,-0.16466201179925122,-0.5067147108062117,0.22022498455424452,0.4044048521100656,-1.3367870286171808
2025-03-10 04:00:00,22,0.1474211137839454,0.03785314302280637,0.03875122867776676,0.5453348545943246,-0.16466201179925122
2025-03-10 08:00:00,22,0.6523231761622323,1.215984086372418,-0.03510509692414518,0.45148370539658167,0.1474211137839454
2025-03-10 12:00:00,22,0.17754039700767343,0.5083336603844499,-0.15459316936126455,0.03620208012769055,0.6523231761622323
2025-03-10 16:00:00,22,0.5578824691727267,0.3097936740508463,-0.04223300422291659,-0.07682359075832146,0.17754039700767343
2025-03-10 20:00:00,22,-0.6284804684459608,-0.9367098767464757,-0.13224321502631844,-0.4319824245592141,0.5578824691727267
2025-03-11 00:00:00,22,-0.4945482643028889,-0.5210362538807024,0.1485166217609745,-0.031879530896144814,-0.6284804684459608
2025-03-11 04:00:00,22,-0.5661803410888435,-0.5333232418318982,0.1168207700250386,0.28295951588108714,-0.4945482643028889
2025-03-11 08:00:00,22,1.2702202023343965,1.2664711665466601,0.133772926527439,0.6434009363836672,-0.5661803410888435
2025-03-11 12:00:00,22,-0.24086598708925067,0.3450820479247001,-0.3008221712278159,-0.16524595728981417,1.2702202023343965
2025-03-11 16:00:00,22,0.6393793776302115,0.40050097307489413,0.05678535212055403,-0.011905983721952396,-0.24086598708925067
2025-03-11 20:00:00,22,-0.9628322205944251,-0.8984828358816046,-0.1515299425459088,-0.418947335016286,0.6393793776302115
2025-03-12 00:00:00,22,-0.44419794652977806,-0.2828780442476296,0.22764295012653585,0.19401038907087198,-0.9628322205944251
2025-03-12 04:00:00,22,-0.5464411791671573,-0.33909024057210774,0.10490506821751085,0.47679544395923834,-0.44419794652977806
2025-03-12 08:00:00,22,0.4294131813380986,1.4784069821829595,0.12910153659800086,0.8246705299456814,-0.5464411791671573
2025-03-12 12:00:00,22,1.1417146497027648,0.9945274216340741,-0.10184019488727986,0.5512977442244811,0.4294131813380986
2025-03-12 16:00:00,22,0.21347972333976806,0.12838443948364817,-0.2704105688091351,-0.1755400144939827,1.1417146497027648
2025-03-12 20:00:00,22,-1.636168904645622,-0.791898344438773,-0.05073825929730202,-0.31144535974335064,0.21347972333976806
2025-03-13 00:00:00,22,0.044729372175925874,0.27662734524008215,0.3869920763699527,0.7301715975647429,-1.636168904645622
2025-03-13 04:00:00,22,-0.16957801364178593,-0.09688911525121045,-0.010802486231381522,0.7016960090017879,0.044729372175925874
2025-03-13 08:00:00,22,0.6854747163090629,1.45859595607025,0.03991462971735629,0.8096526717243115,-0.16957801364178593
2025-03-13 12:00:00,22,1.1559102418493161,0.8111268594676725,-0.16243867827403802,0.373266131015594,0.6854747163090629
2025-03-13 16:00:00,22,0.11937868061449564,-0.0511551510240459,-0.2737700400196608,-0.362608817846807,1.1559102418493161
2025-03-13 20:00:00,22,-0.9889759504712483,-0.9779397313806102,-0.02846868852826538,-0.43860760850714975,0.11937868061449564
2025-03-14 00:00:00,22,-0.07425461101391662,-0.34083020265450104,0.23383001910895138,0.19099372266095394,-0.9889759504712483
2025-03-14 04:00:00,22,-0.49528978060060247,-0.6449612740537555,0.01735578021592997,0.23826565269874145,-0.07425461101391662
2025-03-14 08:00:00,22,0.6502949829708768,1.127215247044083,0.11699625426187683,0.5535767631777251,-0.49528978060060247
2025-03-14 12:00:00,22,0.0959319052245089,0.5401509235681102,-0.15411318539403016,0.13958632515412006,0.6502949829708768
2025-03-14 16:00:00,22,-0.49560299838090494,0.46267297393107715,-0.022919869846442373,0.07851420787759444,0.0959319052245089
2025-03-14 20:00:00,22,0.09832845419311909,-0.09790470974682274,0.11707037911025849,0.39402471888934976,-0.49560299838090494
2025-03-15 00:00:00,22,-1.0781747110956807,0.24083761400485135,-0.02348702739658494,0.3314269119131641,0.09832845419311909
2025-03-17 04:00:00,22,0.24389096939377808,0.27209226645883594,0.2549394356967728,1.0178139095081686,-1.0781747110956807
2025-03-17 08:00:00,22,0.17822795570470618,1.5489292313317427,-0.05793526133426751,0.8625481733524687,0.24389096939377808
2025-03-17 12:00:00,22,1.055005825341464,1.2263473271103658,-0.04239571907301809,0.7490847892230725,0.17822795570470618
2025-03-17 16:00:00,22,-0.6430546234769174,0.44697281801347805,-0.24989041042947285,0.07744755506325163,1.055005825341464
2025-03-17 20:00:00,22,-0.6277522410797296,-0.020877816171877357,0.151965682126951,0.4868286393676282,-0.6430546234769174
2025-03-18 00:00:00,22,-0.5290416819434363,0.40953272303806276,0.14834428242871456,0.8864679293212703,-0.6277522410797296
2025-03-18 04:00:00,22,-0.35100287270780584,0.4359698387088512,0.12498384221813563,1.2232661568578287,-0.5290416819434363
2025-03-18 08:00:00,22,1.9649960963640751,2.1024878455038527,0.08284990037135671,1.4467214145871594,-0.35100287270780584
2025-03-18 12:00:00,22,0.40537229892147586,0.6280475730472815,-0.4652450138724625,0.19576666950823451,1.9649960963640751
2025-03-18 16:00:00,22,0.26737519217329364,0.22069655767904792,-0.09615077724830524,-0.06230122273729677,0.40537229892147586
2025-03-18 20:00:00,22,-2.280860555773364,-0.716946401612313,-0.06349294216327908,-0.23251747201354966,0.26737519217329364
2025-03-19 00:00:00,22,-0.06984803011880203,0.80297199979441,0.539562185405955,1.2195227332507539,-2.280860555773364
2025-03-19 04:00:00,22,0.6807803563050179,0.492197331381394,0.01631293666976718,1.2639893481581357,-0.06984803011880203
2025-03-19 08:00:00,22,1.4923396222241898,1.4750024978442746,-0.16132773009219242,0.8305913283594766,0.6807803563050179
2025-03-19 12:00:00,22,-0.36100918752408084,0.2574982468788146,-0.35338805144717134,-0.11946110947740252,1.4923396222241898
2025-03-19 16:00:00,22,-0.3059713868954379,0.44948957929523814,0.08521795421523246,0.11036436294260099,-0.36100918752408084
2025-03-19 20:00:00,22,1.6840913667307529,-0.21347488717834692,0.07219293174390845,0.30515170069022446,-0.3059713868954379
2025-03-20 00:00:00,22,-2.492930465195238,-1.3160996887157368,-0.39876724088763327,-0.7669736283404323,1.6840913667307529
2025-03-20 04:00:00,22,0.23781801617885634,0.024676361545653662,0.589749789273869,0.8200744072043626,-2.492930465195238
2025-03-20 08:00:00,22,0.7699207202538183,1.2676366666747874,-0.05649806087952243,0.6686748312180928,0.23781801617885634
2025-03-20 12:00:00,22,1.2129227342595996,0.5568228556519752,-0.18242332675981954,0.17852832145238118,0.7699207202538183
2025-03-20 16:00:00,22,-0.5351929954513324,-0.35250269134305123,-0.2872623850317846,-0.593641889289362,1.2129227342595996
2025-03-20 20:00:00,22,-2.101184283604603,-0.7819935563981231,0.12643958710171313,-0.2529276158963203,-0.5351929954513324
2025-03-21 00:00:00,22,-0.752752228239352,0.6287519317633967,0.49704072822868733,1.0847271787997368,-2.101184283604603
2025-03-21 04:00:00,22,0.9258724087360939,0.8220294415666034,0.1779262719536008,1.5639438925261135,-0.752752228239352
2025-03-21 08:00:00,22,1.7836100450235453,1.640683370145076,-0.21933022027157514,0.9745155037424471,0.9258724087360939
2025-03-21 12:00:00,22,-0.2589522560093478,0.2536273538621836,-0.4223189272972369,-0.16096535208274432,1.7836100450235453
2025-03-21 16:00:00,22,1.21923854638292,0.38067087858253934,0.06106557510214018,0.0038886921584548872,-0.2589522560093478
2025-03-21 20:00:00,22,-1.5193135038214827,-1.302123574422858,-0.28875705948990776,-0.7723022874587642,1.21923854638292
2025-03-22 00:00:00,22,-0.662103173642695,0.14293514954434447,0.35933755158434777,0.1949222481953914,-1.5193135038214827
2025-03-24 04:00:00,22,0.10784385229280602,-0.09781107097913344,0.15647363468176792,0.6164300101358418,-0.662103173642695
2025-03-24 08:00:00,22,0.7309743629270695,1.278856618434207,-0.025738902883184884,0.5477745156018319,0.10784385229280602
2025-03-24 12:00:00,22,-0.05779669679716015,0.5999971455914502,-0.1732064399372542,0.08242201463419718,0.7309743629270695
2025-03-24 16:00:00,22,1.4522996339977574,0.5390667604947245,0.013460917048145329,0.11921651628337493,-0.05779669679716015
2025-03-24 20:00:00,22,-1.2940945888053257,-1.3059525820303368,-0.3439123503754716,-0.8053456860474704,1.4522996339977574
2025-03-25 00:00:00,22,-1.8008008847304566,-0.41064177117516165,0.30603815743075935,0.01850010654337808,-1.2940945888053257
2025-03-25 04:00:00,22,0.6505051404180406,0.46940918044569396,0.42595321245480516,1.1649249853836992,-1.8008008847304566
2025-03-25 08:00:00,22,0.616714906144793,1.4423579516170806,-0.1541629204023437,0.750800757040496,0.6505051404180406
2025-03-25 12:00:00,22,0.6173053718487598,0.8407510104357782,-0.14616626073038533,0.35818804924415915,0.616714906144793
2025-03-25 16:00:00,22,-0.16681906769032473,0.35399880763937147,-0.14630599794689597,-0.034800560507175504,0.6173053718487598
2025-03-25 20:00:00,22,-1.1194046651131977,-0.39041068581690186,0.03926170876839946,0.07139970354575986,-0.16681906769032473
2025-03-26 00:00:00,22,-0.5150705879644093,0.36399860054399036,0.26469674924193537,0.7840344920208757,-1.1194046651131977
2025-03-26 04:00:00,22,0.3472528400692525,0.39061094570782473,0.12167749983258794,1.111938449314687,-0.5150705879644093
2025-03-26 08:00:00,22,2.2295046093365762,1.5931627648003839,-0.0823964620517522,0.890870535322108,0.3472528400692525
2025-03-26 12:00:00,22,-0.21164088356857924,-0.07479164921842492,-0.5278425247826342,-0.5284754752809455,2.2295046093365762
2025-03-26 16:00:00,22,0.3346306802003607,-0.024286811259062308,0.04986905776039364,-0.39374077120560713,-0.21164088356857924
2025-03-26 20:00:00,22,-1.9728661634968319,-1.0549164708484389,-0.07940935293672335,-0.6067731726542398,0.3346306802003607
2025-03-27 00:00:00,22,0.6254302363425861,0.27351415275685576,0.4666734828302227,0.6491918102780971,-1.9728661634968319
2025-03-27 04:00:00,22,-0.23595228464055928,-0.4619593083012349,-0.14822879539519146,0.25103075371606387,0.6254302363425861
2025-03-27 08:00:00,22,0.9127350118312432,1.135485092137491,0.055622495246177094,0.40124256870617003,-0.23595228464055928
2025-03-27 12:00:00,22,-0.04381663702362992,0.3231219323112109,-0.2162211772512163,-0.17982229761222612,0.9127350118312432
2025-03-27 16:00:00,22,1.1187824561703295,0.27315747951893443,0.010152452854067053,-0.15192777400501356,-0.04381663702362992
2025-03-27 20:00:00,22,-2.0847788588466365,-1.311450580785011,-0.2649835289807798,-0.8641664521616637,1.1187824561703295
2025-03-28 00:00:00,22,-0.8165376480265039,0.06735362392765652,0.49315828700313946,0.4630443299564604,-2.0847788588466365
2025-03-28 04:00:00,22,-0.2162470984931737,0.2678781507551343,0.1930214704640972,0.9828680829015077,-0.8165376480265039
2025-03-28 08:00:00,22,1.6885913123523792,1.8246958733101728,0.0509591458855606,1.1205351930144154,-0.2162470984931737
2025-03-28 12:00:00,22,-0.012754884450885129,0.4575334682891269,-0.3998321797509591,0.04554511105199133,1.6885913123523792
2025-03-28 16:00:00,22,0.22410471994016135,0.427433578341398,0.00280150458510308,0.053665118647066024,-0.012754884450885129
2025-03-28 20:00:00,22,-0.6300134472639201,-0.5178448535205307,-0.053252727860674115,-0.08900430615355504,0.22410471994016135
2025-03-29 00:00:00,22,0.5980937595241418,0.3086932091674629,0.14887941030491916,0.3120745116500139,-0.6300134472639201
2025-03-31 04:00:00,22,-0.7310668788212897,-0.7644400564858826,-0.14175945576351723,-0.06868361192245764,0.5980937595241418
2025-03-31 08:00:00,22,0.48527258783724925,1.0663769528000688,0.17279430519180078,0.39672778646338713,-0.7310668788212897
2025-03-31 12:00:00,22,0.45756738272766206,0.5145976467534477,-0.11505965526861667,0.08779381578782441,0.48527258783724925
2025-03-31 16:00:00,22,0.5117249385994729,0.13435845137419042,-0.1085030538964097,-0.20350248229421553,0.45756738272766206
2025-03-31 20:00:00,22,-2.0890659681940402,-1.1029958868651786,-0.12131976121692739,-0.5292765341107675,0.5117249385994729
2025-04-01 00:00:00,22,-1.0172318024396176,0.2944333893873641,0.49417285689781465,0.8006635052261029,-2.0890659681940402
2025-04-01 04:00:00,22,0.9882155129686474,0.638870518087419,0.24051693433141183,1.448253061491183,-1.0172318024396176
2025-04-01 08:00:00,22,1.1616675367680536,1.3902936519947846,-0.23408408623798713,0.8191358396319863,0.9882155129686474
2025-04-01 12:00:00,22,0.2986624314963908,0.3994481728410888,-0.2751325380634429,0.07959568481282098,1.1616675367680536
2025-04-01 16:00:00,22,0.557432724832907,0.13394756035849928,-0.07089725321122003,-0.11053862972782014,0.2986624314963908
2025-04-01 20:00:00,22,-1.5590991694976513,-0.9924456867115091,-0.13213678035658977,-0.4654111475319471,0.557432724832907
2025-04-02 00:00:00,22,-0.43439381382840736,0.033565860729605095,0.3687530657137222,0.5271417169447545,-1.5590991694976513
2025-04-02 04:00:00,22,0.1483795412922042,-0.058841705287624016,0.10258486197219191,0.8036852702103658,-0.43439381382840736
2025-04-02 08:00:00,22,0.27753385366574435,1.287169881952312,-0.035331914487521966,0.7092239674141041,0.1483795412922042
2025-04-02 12:00:00,22,0.7073618215964412,0.8798143235465112,-0.0658970497530886,0.5325405165891333,0.27753385366574435
2025-04-02 16:00:00,22,0.23488680366661185,0.33482457691136647,-0.1676183917608443,0.0822202188282013,0.7073618215964412
2025-04-02 20:00:00,22,1.1275039995489244,-0.6065127407599026,-0.055804372025605155,-0.06731329024434274,0.23488680366661185
2025-04-03 00:00:00,22,0.3060777884494037,-0.9850640053192172,-0.26704753403173215,-0.7851042725984687,1.1275039995489244
2025-04-03 04:00:00,22,-1.692645051771482,-1.4606786695387415,-0.07265214148514602,-0.9799593476454493,0.3060777884494037
2025-04-03 08:00:00,22,0.8976144431998776,0.9139361354986781,0.40035749208435356,0.09761142369901599,-1.692645051771482
2025-04-03 12:00:00,22,0.8239577307404673,0.26051011953151426,-0.21264280486072804,-0.4738273944492608,0.8976144431998776
2025-04-03 16:00:00,22,-0.30470276390358286,-0.012890432408002047,-0.19521150629883774,-0.9983749164120113,0.8239577307404673
2025-04-03 20:00:00,22,-1.6075516869580468,-1.5403753291665376,0.07189270457661952,-0.8043952087427968,-0.30470276390358286
2025-04-04 00:00:00,22,0.40544244507322347,-0.594281831916894,0.38021964180334583,0.21900347102089412,-1.6075516869580468
2025-04-04 04:00:00,22,-0.0303475046707824,-1.2542509831511666,-0.09616737775182017,-0.03910907762957372,0.40544244507322347
2025-04-04 08:00:00,22,1.0523057814077905,0.17828026160962882,0.006964902669262333,-0.01978926572792794,-0.0303475046707824
2025-04-04 12:00:00,22,1.3366586580799638,-0.8145062736563383,-0.24925142899293343,-0.6897075993886599,1.0523057814077905
2025-04-04 16:00:00,22,-0.7204940759865455,-1.4135995500221445,-0.31654522645825556,-1.5406505065882836,1.3366586580799638
2025-04-04 20:00:00,22,0.3957282510699649,-1.8590598120751256,0.17029218859312706,-1.0819699601870187,-0.7204940759865455
2025-04-05 00:00:00,22,0.11965514458676907,-1.626220864582028,-0.09386845603369112,-1.3338982639397585,0.3957282510699649
2025-04-07 04:00:00,23,-1.5527683220701238,-0.41553975208881383,-0.008107886582873985,-1.2905473306830793,0.11965514458676907
2025-04-07 08:00:00,23,0.8604261242831086,1.206676295814061,0.2743438909228943,-0.4555956429187251,-1.5527683220701238
2025-04-07 12:00:00,23,0.3651818525622854,0.21487010997970718,-0.13321500455351987,-0.9182623746233913,0.8604261242831086
2025-04-07 16:00:00,23,0.3252560581369295,0.03870713548980559,-0.0495743312217136,-1.1146272796797323,0.3651818525622854
2025-04-07 20:00:00,23,-0.8197520536200358,-0.8340438130525294,-0.04283135503858567,-1.2895233609798415,0.3252560581369295
2025-04-08 00:00:00,23,-1.0699395533443266,-0.7533342737329958,0.15054644841376655,-0.848727814735156,-0.8197520536200358
2025-04-08 04:00:00,23,-0.15891083512798332,-0.3622536719419353,0.19280004352033853,-0.2734019124912912,-1.0699395533443266
2025-04-08 08:00:00,23,1.0356823134242994,1.009828140602069,0.03893848515953445,-0.18795267443801755,-0.15891083512798332
2025-04-08 12:00:00,23,-0.14592451723369315,-0.0004447041919726953,-0.1628136218467631,-0.7448578374880004,1.0356823134242994
2025-04-08 16:00:00,23,0.2470482138226977,-0.03575675192018561,0.03674525560635829,-0.6663915780861887,-0.14592451723369315
2025-04-08 20:00:00,23,-0.5711330321264771,-0.10981058528634921,-0.02962301093085435,-0.7992338831220289,0.2470482138226977
2025-04-09 00:00:00,23,-0.18801661894987376,0.309036384533594,0.10855775001133793,-0.49212529368595526,-0.5711330321264771
2025-04-09 04:00:00,23,0.9597197570846188,0.15329048810672688,0.04385409447744541,-0.3910253478095118,-0.18801661894987376
2025-04-09 08:00:00,23,-0.1553187348679792,0.71015080969869,-0.14998447929418096,-0.9070840666596585,0.9597197570846188
2025-04-09 12:00:00,23,0.4106997046408054,-0.22230483863070422,0.03833182355519495,-0.823566366062475,-0.1553187348679792
2025-04-09 16:00:00,23,-0.6612238200818137,-0.0517814688211547,-0.05726173724306202,-1.044407045692643,0.4106997046408054
2025-04-09 20:00:00,23,1.2389538066725851,-0.7442498775837829,0.12377297731602661,-0.6888550056875591,-0.6612238200818137
2025-04-10 00:00:00,23,-1.6361415074573546,-2.492930465195238,-0.19714367983082087,-1.355062937186453,1.2389538066725851
2025-04-10 04:00:00,23,-0.8186365995947611,-1.1644749572912678,0.28842459768074347,-0.4752799755843169,-1.6361415074573546
2025-04-10 08:00:00,23,1.2738786684557706,0.9826934525278738,0.15035806193244397,-0.035084229198881545,-0.8186365995947611
2025-04-10 12:00:00,23,0.2873214745586683,0.3525882582966183,-0.20304205992801178,-0.7200718922754605,1.2738786684557706
2025-04-10 16:00:00,23,0.25353880150044894,0.21287726754242053,-0.03642466990516116,-0.8745698600043958,0.2873214745586683
2025-04-10 20:00:00,23,-0.07117291177655538,-0.2878893314046555,-0.030719191451630302,-1.0109022717477822,0.25353880150044894
2025-04-11 00:00:00,23,-0.2326109042352531,-0.9939246197941276,0.024120627781095864,-0.9726313062944731,-0.07117291177655538
2025-04-11 04:00:00,23,-0.6547229821035199,-0.7974127928321244,0.051385521413610746,-0.8475522044586707,-0.2326109042352531
2025-04-11 08:00:00,23,1.080336772277878,0.35332240079957483,0.12267506564541573,-0.4954957829336335,-0.6547229821035199
2025-04-11 12:00:00,23,0.4269140355892169,-0.18482823804215226,-0.17035521135935455,-1.0764124583619026,1.080336772277878
2025-04-11 16:00:00,23,-0.585785023305446,-0.2443612174887156,-0.060000138544378606,-1.3059718778059395,0.4269140355892169
2025-04-11 20:00:00,23,-0.47656626075660746,-1.3390826241006617,0.1110322913192109,-0.9909846469846011,-0.585785023305446
2025-04-12 00:00:00,23,0.1506473410995035,-0.6501635328043975,0.09258658409616777,-0.7347263255759122,-0.47656626075660746
2025-04-14 04:00:00,23,-1.678434186370101,-1.4820655495236386,-0.01334208782936116,-0.8157321330234462,0.1506473410995035
2025-04-14 08:00:00,23,1.4348830357381281,0.7952052729765551,0.29556731157620486,0.08679236904957932,-1.678434186370101
2025-04-14 12:00:00,23,0.0009987457799613964,-0.32004327211370137,-0.23023371959540334,-0.6847702622879535,1.4348830357381281
2025-04-14 16:00:00,23,-0.15108867758396372,-0.19645936764607114,0.011931721461140552,-0.6853073060070791,0.0009987457799613964
2025-04-14 20:00:00,23,-1.0915798391637175,-0.7753995246673837,0.037617418846912706,-0.604064183927778,-0.15108867758396372
2025-04-15 00:00:00,23,-0.36774866068077117,-0.2326017899335108,0.19645482194056613,-0.017101907530870264,-1.0915798391637175
2025-04-15 04:00:00,23,0.2773103119904885,-0.2702976651399393,0.0742086282864641,0.18064321680238216,-0.36774866068077117
2025-04-15 08:00:00,23,0.9079114716783732,0.7891246820821238,-0.03473390753626544,0.03152843274867756,0.2773103119904885
2025-04-15 12:00:00,23,-0.3545359687684826,-0.04285287633000305,-0.14123469636284497,-0.45667203144409996,0.9079114716783732
2025-04-15 16:00:00,23,0.4719719669364508,0.31444314583127164,0.07197716694269211,-0.26603161117730423,-0.3545359687684826
2025-04-15 20:00:00,23,-1.0249623029015211,-0.8829803153349302,-0.06760986960441882,-0.5198194974768393,0.4719719669364508
2025-04-16 00:00:00,23,0.15967007590686677,-0.3275430871842208,0.18520393847387737,0.03132132149706557,-1.0249623029015211
2025-04-16 04:00:00,23,-0.9070636028358816,-0.4834974303458022,-0.014865916892461575,-0.05453617409259515,0.15967007590686677
2025-04-16 08:00:00,23,2.1067664610778127,1.3050114740637646,0.1652922964387856,0.43320837564663606,-0.9070636028358816
2025-04-16 12:00:00,23,-1.1759503809665954,-0.5326231017946549,-0.3437065759307727,-0.699638158765608,2.1067664610778127
2025-04-16 16:00:00,23,0.44861934201592035,0.5034909688370484,0.21070396994432145,-0.06730831189818076,-1.1759503809665954
2025-04-16 20:00:00,23,-0.22576273134836633,-0.46176665816508633,-0.06366589814639183,-0.3085390682550262,0.44861934201592035
2025-04-17 00:00:00,23,-0.8004124471407064,-0.47992220195147695,0.05022894914400816,-0.1871423531788814,-0.22576273134836633
2025-04-17 04:00:00,23,0.04370821011622539,-0.1762354444735975,0.14728022646983033,0.24325393591900202,-0.8004124471407064
2025-04-17 08:00:00,23,0.30145450393325923,0.9109956552923552,0.004718617627928285,0.21975123864794455,0.04370821011622539
2025-04-17 12:00:00,23,1.1301487156951264,0.49585720091452096,-0.03881156493981054,0.05765368470784438,0.30145450393325923
2025-04-17 16:00:00,23,0.11909677371437866,0.03939371072635589,-0.17876783665415674,-0.5500477760846749,1.1301487156951264
2025-04-17 20:00:00,23,-1.4573352401295594,-1.2056883131353635,-0.00801358460221033,-0.6140882712485238,0.11909677371437866
2025-04-18 00:00:00,23,1.4212377208123517,0.20202002160357224,0.2582264157951095,0.16954731758318609,-1.4573352401295594
2025-04-21 04:00:00,23,-0.31316233321105,-1.1148660782214281,-0.22792919353950206,-0.5946779804474938,1.4212377208123517
2025-04-21 08:00:00,23,-0.3274089462880738,0.277299629150734,0.06498966817933606,-0.42628491437167604,-0.31316233321105
2025-04-21 12:00:00,23,-0.12673780236309895,0.2125897511678273,0.06739574610593085,-0.2502311860679445,-0.3274089462880738
2025-04-21 16:00:00,23,0.3425088352242156,0.2551148048658512,0.03350485517683747,-0.18208197122207714,-0.12673780236309895
2025-04-21 20:00:00,23,-0.854438108912726,-0.5486009633146979,-0.04574513713526711,-0.366255183658172,0.3425088352242156
2025-04-22 00:00:00,23,-0.846699889931898,-0.5402077183959269,0.156404497028492,0.09319168358326557,-0.854438108912726
2025-04-22 04:00:00,23,0.5542727972202535,-0.2777236973576124,0.15509760690799348,0.5484775701384681,-0.846699889931898
2025-04-22 08:00:00,23,1.7161880023493303,0.6043171477000416,-0.08150946875936757,0.2504350347884845,0.5542727972202535
2025-04-22 12:00:00,23,-0.9914057712191084,-0.7279198636077476,-0.2777426725756927,-0.6723903788393164,1.7161880023493303
2025-04-22 16:00:00,23,0.31077221426311574,0.06450676038422715,0.17953665252053422,-0.1392935155318913,-0.9914057712191084
2025-04-22 20:00:00,23,-1.0929424225293332,-1.2397913790417192,-0.04038521174483457,-0.3064013713022362,0.31077221426311574
2025-04-23 00:00:00,23,2.8182319068965054,-0.49586195716546155,0.19668494553144547,0.281293590882159,-1.0929424225293332
2025-04-23 04:00:00,23,-2.020367651471247,-2.492930465195238,-0.4638643492530545,-1.2341208168753974,2.8182319068965054
2025-04-23 08:00:00,23,0.3241206892600328,0.2905307302660581,0.35331567311981815,-0.14773248931635585,-2.020367651471247
2025-04-23 12:00:00,23,-0.49417476546689443,-0.16731491792527253,-0.042639605183481546,-0.32201806218032125,0.3241206892600328
2025-04-23 16:00:00,23,1.2561263902824198,0.3654038944298684,0.09556044421819844,-0.056291328441284705,-0.49417476546689443
2025-04-23 20:00:00,23,-1.4455181851882806,-0.948439121526823,-0.20004391823435155,-0.7317332695889531,1.2561263902824198
2025-04-24 00:00:00,23,0.5233090287521112,-0.06402811826967211,0.2562306603900986,0.0455480744868666,-1.4455181851882806
2025-04-24 04:00:00,23,-1.4941940706835553,-0.6101140358191275,-0.07628006866036854,-0.23584468099927136,0.5233090287521112
2025-04-24 08:00:00,23,1.1433043413057788,1.641733381830767,0.2644514194585483,0.5676105694926186,-1.4941940706835553
2025-04-24 12:00:00,23,0.38374503642808655,0.7116142357259306,-0.1809896602006518,-0.04716490978101184,1.1433043413057788
2025-04-24 16:00:00,23,0.36547956486881183,0.4810952416394538,-0.05270942492471149,-0.2535115754636692,0.38374503642808655
2025-04-24 20:00:00,23,-0.8271661958085357,-1.188268227261987,-0.04962461117283855,-0.4500365658265366,0.36547956486881183
2025-04-25 00:00:00,23,-0.43996853713531614,-0.7631853388901584,0.1517986059453805,-0.005254300864303119,-0.8271661958085357
2025-04-25 04:00:00,23,0.10876498384758548,-0.5339392297600344,0.08640567818591885,0.2313247608173512,-0.43996853713531614
2025-04-25 08:00:00,23,0.45626643415390333,0.693785266455122,-0.006268672221540832,0.1728398564420921,0.10876498384758548
2025-04-25 12:00:00,23,0.004572315676087513,0.36934927817720037,-0.06495739806264289,-0.072502880044917,0.45626643415390333
2025-04-25 16:00:00,23,0.10315223272269058,0.5358593329853233,0.011328189407611312,-0.07496149710741129,0.004572315676087513
2025-04-25 20:00:00,23,-0.6937259128569124,-0.6432746571170302,-0.005320747510167893,-0.13042832341002963,0.10315223272269058
2025-04-26 00:00:00,23,0.5600510689610747,0.20533023089096503,0.12926218149188945,0.24260068133778212,-0.6937259128569124
2025-04-28 04:00:00,23,-0.33218694167843843,-0.7790010273086905,-0.08248534786932098,-0.0585489355219071,0.5600510689610747
2025-04-28 08:00:00,23,0.7511639504683387,0.7770169535063548,0.06820269082886071,0.12007400755688913,-0.33218694167843843
2025-04-28 12:00:00,23,-0.5439602383299267,0.0065990586490134,-0.11476196570097588,-0.28384047171013016,0.7511639504683387
2025-04-28 16:00:00,23,1.5952645855271772,0.37078659586762697,0.10396859896158889,0.008656813696083177,-0.5439602383299267
2025-04-28 20:00:00,23,-2.495105332072013,-1.2881228080430611,-0.25732019303959613,-0.8491458856408416,1.5952645855271772
2025-04-29 00:00:00,23,-0.6191666248104681,-0.07585556390072998,0.43349303513847814,0.4925175026139872,-2.495105332072013
2025-04-29 04:00:00,23,2.103874168564545,0.20303376382386334,0.11667003371464038,0.8254546259728901,-0.6191666248104681
2025-04-29 08:00:00,23,0.020469726751029427,0.07960626950717456,-0.34321810325759733,-0.30583667030038875,2.103874168564545
2025-04-29 12:00:00,23,-0.48575022649104227,-0.09965608310125593,0.008643311979508092,-0.3168436136131305,0.020469726751029427
2025-04-29 16:00:00,23,0.44975364821661756,0.5641098676442629,0.09413764308210064,-0.05564690726874488,-0.48575022649104227
2025-04-29 20:00:00,23,-1.3686653025072584,-0.7747321595318398,-0.06385746852854103,-0.2974876006414693,0.44975364821661756
2025-04-30 00:00:00,23,0.019728834591223432,-0.07519333947835141,0.24325115265627756,0.43846855461382717,-1.3686653025072584
2025-04-30 04:00:00,23,0.7463591162246903,-0.19648184048144532,0.00876843956331054,0.4278600024522241,0.019728834591223432
2025-04-30 08:00:00,23,0.47300558934961856,0.620469042601533,-0.11395048822544634,0.02652916969842778,0.7463591162246903
2025-04-30 12:00:00,23,-0.522808935758885,-0.011156994072159188,-0.06778443573177209,-0.22781451411843,0.47300558934961856
2025-04-30 16:00:00,23,1.393009462659112,0.8414507498221194,0.1003964038047634,0.053309332295569334,-0.522808935758885
2025-04-30 20:00:00,23,-0.7282769648532579,-1.0075901708184132,-0.22316178752647106,-0.6957371193787676,1.393009462659112
2025-05-01 00:00:00,23,-1.9061666154713297,-1.0554035886452078,0.1350974297084012,-0.3041293873550668,-0.7282769648532579
2025-05-01 04:00:00,23,0.7801150437838054,0.19569000523267785,0.33402852111898196,0.7208509719982317,-1.9061666154713297
2025-05-01 08:00:00,23,1.1822425576747584,1.0704647880052225,-0.1196514496927516,0.3013689647988116,0.7801150437838054
2025-05-01 12:00:00,23,-0.4307151640627005,0.12157668643691466,-0.1875658465826256,-0.3343442995994348,1.1822425576747584
2025-05-01 16:00:00,23,0.2260620822791921,0.5920906063394309,0.08484289715324843,-0.10274094443798809,-0.4307151640627005
2025-05-01 20:00:00,23,-0.28487563784531034,-0.6611866433234779,-0.026078711131424966,-0.2242986259386619,0.2260620822791921
2025-05-02 00:00:00,23,-0.357130524944802,-0.42751731380942554,0.06021239283902509,-0.07111582896816415,-0.28487563784531034
2025-05-02 04:00:00,23,-0.12807437290053336,-0.5909318099897469,0.07241535560629948,0.12091973120947763,-0.357130524944802
2025-05-02 08:00:00,23,0.5357440257908976,0.7777106752190219,0.03373058552060909,0.18978764427335193,-0.12807437290053336
2025-05-02 12:00:00,23,0.14734155428640605,0.8079060669166949,-0.07838018689412254,-0.09829163464149637,0.5357440257908976
2025-05-02 16:00:00,23,1.0863090028097933,0.0891863232655255,-0.012783781048793805,-0.17751986056591917,0.14734155428640605
2025-05-02 20:00:00,23,-1.5392367232423165,-1.4152444921149643,-0.1713638477263063,-0.7616479126634994,1.0863090028097933
2025-05-03 00:00:00,23,0.16463534625589915,0.08251148449444479,0.272058570118918,0.06602758900223193,-1.5392367232423165
2025-05-05 04:00:00,24,0.3435804193087293,-0.653219007386244,-0.031363016182034915,0.08020632109823467,0.16463534625589915
2025-05-05 08:00:00,24,-0.6102968721365158,0.14095278843358572,-0.06824721092613181,-0.08549326833053517,0.3435804193087293
2025-05-05 12:00:00,24,0.6457622111373844,0.468284111416978,0.12836616981361612,0.20883648813854716,-0.6102968721365158
2025-05-05 16:00:00,24,-0.976856173077497,0.160128130464381,-0.1305329831342199,-0.10259724684950822,0.6457622111373844
2025-05-05 20:00:00,24,-0.1763200881492608,-0.05273339629984185,0.2039214472543958,0.3685141952273332,-0.976856173077497
2025-05-06 00:00:00,24,0.38565603525892556,-0.09503393905244088,0.03891478709643417,0.45354862842687016,-0.1763200881492608
2025-05-06 04:00:00,24,-0.08507740917914575,-0.3290220546681769,-0.0769198454178716,0.26755710180931214,0.38565603525892556
2025-05-06 08:00:00,24,0.9278840290399231,0.6347519040466547,0.020107827604941134,0.30858764656215687,-0.08507740917914575
2025-05-06 12:00:00,24,-0.315667382561136,-0.1466860119030419,-0.18868398944889925,-0.13890584843609677,0.9278840290399231
2025-05-06 16:00:00,24,0.45182820897588094,0.2308273916062559,0.06763707967742749,0.013332034594817799,-0.315667382561136
2025-05-06 20:00:00,24,-0.48762606157041155,-0.8625457728534562,-0.09055926728279112,-0.20457255051009327,0.45182820897588094
2025-05-07 00:00:00,24,0.36369638090281065,-0.6203847905628416,0.10308123746456727,0.03059637547105165,-0.48762606157041155
2025-05-07 04:00:00,24,-0.11675547965254474,-0.8244817610825339,-0.0723935170090147,-0.14480460085226454,0.36369638090281065
2025-05-07 08:00:00,24,-0.38874491372743947,0.20967066015977057,0.026637317914591178,-0.08849657526422305,-0.11675547965254474
2025-05-07 12:00:00,24,0.2273286359996689,0.3369704991421205,0.0826998352200737,0.09898463430749782,-0.38874491372743947
2025-05-07 16:00:00,24,0.6725844044656881,0.42196389055542416,-0.04428536977695399,-0.010649848723679689,0.2273286359996689
2025-05-07 20:00:00,24,0.011462028814209546,-0.9006976102262055,-0.13606157906204908,-0.33501920568641186,0.6725844044656881
2025-05-08 00:00:00,24,-1.1931440485578584,-0.9834549535063857,0.00020909906950204293,-0.34054703370512307,0.011462028814209546
2025-05-08 04:00:00,24,2.0512939833509662,-0.20763827387844697,0.24850274800722175,0.23487422974519223,-1.1931440485578584
2025-05-08 08:00:00,24,-0.6904740475570552,-0.6644754848901161,-0.4202414770363463,-0.7544096518066876,2.0512939833509662
2025-05-08 12:00:00,24,1.3143377923549284,-0.25944487910438097,0.14489230546960993,-0.4214126014462032,-0.6904740475570552
2025-05-08 16:00:00,24,-1.4769329972387073,-0.9646132519602346,-0.2683399175084081,-1.0552823458341507,1.3143377923549284
2025-05-08 20:00:00,24,-0.6661478093745856,-0.8337477082139908,0.30699738365598683,-0.34299731006686596,-1.4769329972387073
2025-05-09 00:00:00,24,-0.31837551192356095,-0.4228017448145789,0.13987817632256938,-0.02173214968803805,-0.6661478093745856
2025-05-09 04:00:00,24,0.170233569154842,-0.26205644122450544,0.06819527985076447,0.13181179125029896,-0.31837551192356095
2025-05-09 08:00:00,24,0.32485228787924925,0.5120617916771022,-0.03251692302117158,0.04971272235485902,0.170233569154842
2025-05-09 12:00:00,24,-0.23221677541181407,-0.04715119056565216,-0.0643869646782005,-0.10695479331698277,0.32485228787924925
2025-05-09 16:00:00,24,0.4510565386571823,0.4020435457490925,0.05043622360971116,0.005037107797834395,-0.23221677541181407
2025-05-09 20:00:00,24,-0.9102520054780676,-0.7753666757801956,-0.0904002104402218,-0.21249532148038597,0.4510565386571823
2025-05-10 00:00:00,24,0.5086730041800624,0.22484351112896192,0.1901929827228211,0.2264947230858665,-0.9102520054780676
2025-05-12 04:00:00,24,-0.7788308580536203,-0.6858882855092027,-0.10227612799725366,-0.01882457687807726,0.5086730041800624
2025-05-12 08:00:00,24,2.9189883865475643,0.8444229545136495,0.163104429166139,0.35678458523188716,-0.7788308580536203
2025-05-12 12:00:00,24,-1.079029320867928,-1.1822485182641114,-0.5990908233741334,-1.050964954661616,2.9189883865475643
2025-05-12 16:00:00,24,-0.5264669134877753,-0.1600492538575755,0.22498139719561072,-0.5305781531985154,-1.079029320867928
2025-05-12 20:00:00,24,-0.9923835505850445,-0.8150584541520907,0.11108712173791478,-0.2766773296641869,-0.5264669134877753
2025-05-13 00:00:00,24,-0.6044576177981753,-0.3453542032053345,0.20712195345489012,0.20192254869514858,-0.9923835505850445
2025-05-13 04:00:00,24,-0.07764053333853127,0.17030641472861624,0.12716258152531448,0.49343618994910976,-0.6044576177981753
2025-05-13 08:00:00,24,0.6203417751711733,1.0866779637273538,0.018574937248625422,0.5308801296331858,-0.07764053333853127
2025-05-13 12:00:00,24,0.6895958571114829,0.4783350586911328,-0.12529331771811336,0.23170598676966492,0.6203417751711733
2025-05-13 16:00:00,24,0.30861703389207484,0.20030749083626107,-0.1395679831309794,-0.10086753597372144,0.6895958571114829
2025-05-13 20:00:00,24,-1.680532853342541,-0.9790367711231718,-0.06104055083418242,-0.24970522558807406,0.30861703389207484
2025-05-14 00:00:00,24,0.7897960849416226,0.164262007963961,0.34896342728204877,0.5607705412809381,-1.680532853342541
2025-05-14 04:00:00,24,-0.6072349593131339,-0.3573517729471536,-0.16022127440991077,0.17987314535080845,0.7897960849416226
2025-05-14 08:00:00,24,1.3321571218725374,0.9987688339536227,0.12773504772156652,0.4727262236706471,-0.6072349593131339
2025-05-14 12:00:00,24,-0.09976340447830623,-0.16822500517370906,-0.2720128413219779,-0.16973730377078322,1.3321571218725374
2025-05-14 16:00:00,24,0.20423341098683956,0.24824860393798567,0.023134907934027397,-0.12162409873037117,-0.09976340447830623
2025-05-14 20:00:00,24,-0.6713954023102993,-0.6591067932235065,-0.03952497731406432,-0.22012037630126446,0.20423341098683956
2025-05-15 00:00:00,24,-0.5936336633226791,-0.3265622395186091,0.14095981124258455,0.10367555692162256,-0.6713954023102993
2025-05-15 04:00:00,24,-0.26890141789511546,0.12315369547743041,0.12493154583394578,0.3899690962378939,-0.5936336633226791
2025-05-15 08:00:00,24,1.8774394673372186,1.0517219583525397,0.057997669557274,0.519653013126061,-0.26890141789511546
2025-05-15 12:00:00,24,-0.5332386143118502,-0.49142790639932077,-0.38440654894140724,-0.3857855143111246,1.8774394673372186
2025-05-15 16:00:00,24,0.4109435789587934,0.07637159479627437,0.11248290608493729,-0.1286188817166014,-0.5332386143118502
2025-05-15 20:00:00,24,-1.5380818067540556,-1.308148658218863,-0.0821321190530916,-0.32680591009517634,0.4109435789587934
2025-05-16 00:00:00,24,-0.05620568299195483,-0.4239419839798567,0.3196013886730343,0.41496955079917885,-1.5380818067540556
2025-05-16 04:00:00,24,-0.1304475425421998,-0.31494366242151917,0.014156781548634251,0.44207603903872617,-0.05620568299195483
2025-05-16 08:00:00,24,0.2044206355693987,0.7223134887206085,0.029459528693880768,0.5049873780630021,-0.1304475425421998
2025-05-16 12:00:00,24,0.525986373697636,0.3702715499315765,-0.03956356808298677,0.4064008071147285,0.2044206355693987
2025-05-16 16:00:00,24,0.9709761812134463,0.32154242159939994,-0.10584476323301767,0.15273173498838322,0.525986373697636
2025-05-16 20:00:00,24,-2.286857143711682,-1.1723878756979302,-0.19756615259312418,-0.31554394526105867,0.9709761812134463
2025-05-17 00:00:00,24,1.7177795804970941,0.8699188637332248,0.47393911296325925,0.7873457088050024,-2.286857143711682
2025-05-19 04:00:00,24,-1.0994915381497563,-0.900439822611647,-0.35149742069011963,-0.04109315214688092,1.7177795804970941
2025-05-19 08:00:00,24,1.7918386334078864,0.8070099352132871,0.22919907357106567,0.48916202601016234,-1.0994915381497563
2025-05-19 12:00:00,24,-1.0881450892402533,-0.6862466811191261,-0.3667624876937726,-0.3749935230041306,1.7918386334078864
2025-05-19 16:00:00,24,-0.07929333999599208,0.4124481213205944,0.22686034122100818,0.1497895682116317,-1.0881450892402533
2025-05-19 20:00:00,24,-0.7574965290096483,-0.4653448400361381,0.01891561409201706,0.1880306120644999,-0.07929333999599208
2025-05-20 00:00:00,24,0.1850108637056458,-0.08851831026150518,0.15870699293742432,0.5533508014488433,-0.7574965290096483
2025-05-20 04:00:00,24,0.6825778152974245,-0.175961401039827,-0.03556282197052021,0.4641250410939124,0.1850108637056458
2025-05-20 08:00:00,24,0.18815061896575536,0.24437560457793692,-0.1381214229291485,0.13493613104039692,0.6825778152974245
2025-05-20 12:00:00,24,-0.07568747871616566,-0.056108976422521634,-0.03620998896141296,0.04419615122396703,0.18815061896575536
2025-05-20 16:00:00,24,0.4736821347049265,0.32887494464119216,0.01817237323382338,0.08069818522637107,-0.07568747871616566
2025-05-20 20:00:00,24,-1.770063574422343,-0.8555926808263858,-0.09506380288559685,-0.14774596010142904,0.4736821347049265
2025-05-21 00:00:00,24,0.22694041959091749,0.17167091290603437,0.36741751766603997,0.7059080639978195,-1.770063574422343
2025-05-21 04:00:00,24,0.5473082402292135,0.06107654819496647,-0.0442053505320597,0.5964608072924875,0.22694041959091749
2025-05-21 08:00:00,24,1.502257092638576,0.6062309617199784,-0.11023963068615043,0.3325087727748466,0.5473082402292135
2025-05-21 12:00:00,24,0.47353383013591355,-0.6187754213488632,-0.30707388178911316,-0.39198939265464716,1.502257092638576
2025-05-21 16:00:00,24,-1.4747148210874208,-0.6216215941071583,-0.09503323431775873,-0.6203620146801434,0.47353383013591355
2025-05-21 20:00:00,24,-0.06104634368095674,-0.3720595170606861,0.3065401727378823,0.09085325442730596,-1.4747148210874208
2025-05-22 00:00:00,24,-0.25393087435440087,-0.41171300289571544,0.01515453951143957,0.12029426304011892,-0.06104634368095674
2025-05-22 04:00:00,24,-0.0742438842825397,-0.17471684378308705,0.054911938086937964,0.24275828968188407,-0.25393087435440087
2025-05-22 08:00:00,24,0.9317513294071631,0.7927192430525044,0.017874819256432598,0.2785641169405082,-0.0742438842825397
2025-05-22 12:00:00,24,0.025973145822577592,-0.04385863081003864,-0.18948111818480518,-0.1707944729439399,0.9317513294071631
2025-05-22 16:00:00,24,-0.4652776768640319,0.18069988959130673,-0.002781935310824299,-0.18332062215708067,0.025973145822577592
2025-05-22 20:00:00,24,-0.5115113024388549,-0.4298669201890245,0.09847478387708714,0.04107027934381691,-0.4652776768640319
2025-05-23 00:00:00,24,-1.2898207276421374,-0.3070079258513858,0.10800446815581537,0.2877584141706562,-0.5115113024388549
2025-05-23 04:00:00,24,0.28482563076503453,0.6520225348896351,0.26842976470415175,0.9098042380771005,-1.2898207276421374
2025-05-23 08:00:00,24,1.8520182277857629,1.3406092497869917,-0.05613666199722071,0.772440501891225,0.28482563076503453
2025-05-23 12:00:00,24,1.0985601900138242,-0.16702348213246535,-0.3791667178901471,-0.12073804587388981,1.8520182277857629
2025-05-23 16:00:00,24,-1.2715763592888862,-0.581834933810268,-0.22386379435851889,-0.6505440598904109,1.0985601900138242
2025-05-23 20:00:00,24,-1.170739807423704,-0.6196371915921455,0.26466923179959007,-0.03729700382877876,-1.2715763592888862
2025-05-24 00:00:00,24,0.33616900174880016,0.51921497228976,0.24388478128152216,0.5273192970894414,-1.170739807423704
2025-05-26 04:00:00,24,0.19076329978074114,-0.24576728688027422,-0.06671956803579339,0.3651940348858256,0.33616900174880016
2025-05-26 08:00:00,24,0.27057294760017214,0.5860466799702508,-0.03674851526079675,0.2731940294275885,0.19076329978074114
2025-05-26 12:00:00,24,-0.8208799803309326,0.24523769002762338,-0.053198896053122925,0.1427039787486688,0.27057294760017214
2025-05-26 16:00:00,24,0.25395760643227305,1.1208504126094976,0.17177160277665152,0.5385923008620139,-0.8208799803309326
2025-05-26 20:00:00,24,-0.45382287699953494,0.19836921418551276,-0.04977413856233987,0.4161153820585346,0.25395760643227305
2025-05-27 04:00:00,24,0.9208404792382527,0.021885581890951817,0.09611371820621491,0.6349819418686149,-0.45382287699953494
2025-05-27 08:00:00,24,1.2267378981526758,0.38703640542590223,-0.18723217153548927,0.19088536137615897,0.9208404792382527
2025-05-27 12:00:00,24,-1.795627849429291,-0.642035407462564,-0.25028380955195006,-0.40073731162011583,1.2267378981526758
2025-05-27 16:00:00,24,1.145757736881265,0.8507718904103672,0.37268683121439083,0.46524567430186536,-1.795627849429291
2025-05-27 20:00:00,24,-1.3906328261454277,-0.7754334228378195,-0.2335921622895453,-0.08732244633794561,1.145757736881265
2025-05-28 00:00:00,24,0.3920957959851421,0.047859022436029214,0.2892091748903079,0.5833423395135853,-1.3906328261454277
2025-05-28 04:00:00,24,0.5949689937663543,-0.27447053505347996,-0.0782472102046128,0.39424508961150284,0.3920957959851421
2025-05-28 08:00:00,24,0.832937570521656,0.3344842796211772,-0.12006347486986432,0.10730755636008737,0.5949689937663543
2025-05-28 12:00:00,24,-1.033711327706655,-0.4600117660569506,-0.16911360616588939,-0.29439581699547723,0.832937570521656
2025-05-28 16:00:00,24,1.0205674668558586,0.5242715451251457,0.21564044325563517,0.20413533601225797,-1.033711327706655
2025-05-28 20:00:00,24,-1.4435028190171106,-1.0009121141383792,-0.2077879184458496,-0.28805688664878293,1.0205674668558586
2025-05-29 00:00:00,24,2.128048676378272,-0.2103596464324884,0.3001067485419862,0.4081056738709483,-1.4435028190171106
2025-05-29 04:00:00,24,-1.3935702747785434,-1.5149447588481202,-0.4360621699274365,-0.6181949304235852,2.128048676378272
2025-05-29 08:00:00,24,0.46825290050574075,0.34833937622443256,0.28981464239822097,0.05388650784793647,-1.3935702747785434
2025-05-29 12:00:00,24,0.3962126816286169,-0.09060739415276706,-0.09394472803152161,-0.17193926394295556,0.46825290050574075
2025-05-29 16:00:00,24,-0.3650483424922051,-0.017416698800800722,-0.0790957835082671,-0.36302197699285443,0.3962126816286169
2025-05-29 20:00:00,24,-0.4103418645153596,-0.8300952377418072,0.07781549315188102,-0.18696898598041045,-0.3650483424922051
2025-05-30 00:00:00,24,-0.4410984311932804,-0.7592636626998039,0.08715140309590533,0.010927851716078685,-0.4103418645153596
2025-05-30 04:00:00,24,-0.0965026448727464,-0.49135031143002383,0.09349095285636905,0.22365775376770092,-0.4410984311932804
2025-05-30 08:00:00,24,1.317728901688989,0.600488514778708,0.0224627995029132,0.2701983822074032,-0.0965026448727464
2025-05-30 12:00:00,24,-0.7236432636978343,-0.554753422174836,-0.2690388936519932,-0.36530680294719975,1.317728901688989
2025-05-30 16:00:00,24,0.6673633526663583,0.2059314029806025,0.1517291510265946,-0.016313132327448798,-0.7236432636978343
2025-05-30 20:00:00,24,-0.8142191554404903,-1.0452358148830623,-0.13498541480644732,-0.33816451652189716,0.6673633526663583
2025-05-31 00:00:00,24,0.38332518364567747,-0.15474936962986643,0.17039867219955276,0.05451146901003501,-0.8142191554404903
2025-06-02 04:00:00,25,-0.501950509835293,-0.7608866066422605,-0.12989074679071905,-0.08801585178816929,0.38332518364567747
2025-06-02 08:00:00,25,0.27810033942218126,0.4300653149967007,0.1878243677399636,0.18662623297833392,-0.501950509835293
2025-06-02 12:00:00,25,-0.5559848705939814,-0.03944494487815202,-0.09212677825512527,0.03446370799505871,0.27810033942218126
2025-06-02 16:00:00,25,1.0895720356048937,0.6035373926866446,0.20721666919301138,0.3386706785361788,-0.5559848705939814
2025-06-02 20:00:00,25,-1.6137146281853045,-1.232713282703551,-0.38335449950582706,-0.25748836403557185,1.0895720356048937
2025-06-03 00:00:00,25,0.2122753466946854,0.08554951244187448,0.5868235346591106,0.6254551553333823,-1.6137146281853045
2025-06-03 04:00:00,25,-0.3930181083141484,0.046968840500147935,-0.06850295659436796,0.5093087571956652,0.2122753466946854
2025-06-03 08:00:00,25,1.4825608258136977,1.1451492020833778,0.14872980016033682,0.7243485081340655,-0.3930181083141484
2025-06-03 12:00:00,25,-0.23607853600441153,-0.31020272035784524,-0.5243935898252639,-0.08683424398273054,1.4825608258136977
2025-06-03 16:00:00,25,0.4491450238826751,0.043082038350504406,0.09240601926590947,0.04233606270378054,-0.23607853600441153
2025-06-03 20:00:00,25,-1.408233572527891,-1.074418207052647,-0.15351271928277013,-0.2034135148036036,0.4491450238826751
2025-06-04 00:00:00,25,-0.2644119071070179,0.11872746855964396,0.5130787819082727,0.5671011009184728,-1.408233572527891
2025-06-04 04:00:00,25,0.8528452283012076,0.3093806470089865,0.10257453548203713,0.7117740038881042,-0.2644119071070179
2025-06-04 08:00:00,25,0.05705248472251867,0.48220531928370236,-0.29839601115149816,0.24513996946772743,0.8528452283012076
2025-06-04 12:00:00,25,0.48121475746104814,0.17978130086108873,-0.01279528300474242,0.21392371798818743,0.05705248472251867
2025-06-04 16:00:00,25,0.6076644564475995,-0.0006749993789875661,-0.1650221723851785,-0.04937280551345502,0.48121475746104814
2025-06-04 20:00:00,25,-2.136284686980124,-1.1173035312482735,-0.21040349358457963,-0.3818562473811298,0.6076644564475995
2025-06-05 00:00:00,25,-0.05362145142006369,0.6614581550578175,0.7743678299593301,0.7870113373524692,-2.136284686980124
2025-06-05 04:00:00,25,0.8117251484900088,0.7130387656386495,0.026924301025447447,0.8163502998949017,-0.05362145142006369
2025-06-05 08:00:00,25,0.6226229268113901,0.8766303042631262,-0.2836384944107466,0.3722151059455072,0.8117251484900088
2025-06-05 12:00:00,25,0.253828169913902,0.0658647316303785,-0.21577191402109727,0.0315471410917354,0.6226229268113901
2025-06-05 16:00:00,25,-0.04787581990996692,0.22474295356346627,-0.0834157798938031,-0.10733487295481936,0.253828169913902
2025-06-05 20:00:00,25,-0.48838353343190377,-0.7617608693155646,0.02486226093248658,-0.08113963112850087,-0.04787581990996692
2025-06-06 00:00:00,25,-1.3089568432769916,-0.4795561350738211,0.18295533824601135,0.18607928619341152,-0.48838353343190377
2025-06-06 04:00:00,25,-0.16631802843064136,0.6272648430133049,0.4774495224171907,0.9022746665406416,-1.3089568432769916
2025-06-06 08:00:00,25,1.1857270046260098,1.6170632716720414,0.06736978725736018,0.9932755305051675,-0.16631802843064136
2025-06-06 12:00:00,25,0.5747648920349828,1.014187119616607,-0.41786339568382297,0.344505322818188,1.1857270046260098
2025-06-06 16:00:00,25,0.8775156060055043,0.1601137795457168,-0.19859622388053602,0.030022868659751012,0.5747648920349828
2025-06-06 20:00:00,25,-2.11972043907301,-1.236479075521346,-0.3072499217869699,-0.45010955620335835,0.8775156060055043
2025-06-07 00:00:00,25,0.8211413149833842,0.998783481225027,0.7684231147031932,0.7096949047985976,-2.11972043907301
2025-06-09 04:00:00,25,-0.8718947101050869,-0.2241212392770955,-0.28701784667119257,0.26040765791653975,0.8211413149833842
2025-06-09 08:00:00,25,0.2576357715454982,1.2557702939509767,0.3205930236786753,0.7374646111184031,-0.8718947101050869
2025-06-09 12:00:00,25,0.5598804443630527,0.7878225533815006,-0.08478228368169435,0.5964992688759967,0.2576357715454982
2025-06-09 16:00:00,25,0.34897823221070645,0.6430376104200722,-0.19325436932422443,0.29016083620796174,0.5598804443630527
2025-06-09 20:00:00,25,-0.8288526643284637,-0.6791607638055699,-0.11756402677649087,0.09921749148673165,0.34897823221070645
2025-06-10 00:00:00,25,0.8022602782770516,0.06243564056221784,0.3051457357837788,0.5527240010630159,-0.8288526643284637
2025-06-10 04:00:00,25,-0.5245759421232723,-0.6217151926924284,-0.2802416629537533,0.11376750827319171,0.8022602782770516
2025-06-10 08:00:00,25,1.6256432924745141,0.6042452817441172,0.19594437133163126,0.40078909215476344,-0.5245759421232723
2025-06-10 12:00:00,25,-0.7801754919142319,-0.8866711586915598,-0.5757442172255529,-0.488681192631649,1.6256432924745141
2025-06-10 16:00:00,25,0.08174384489169917,-0.10805835831721056,0.2876760667049791,-0.061808384686170115,-0.7801754919142319
2025-06-10 20:00:00,25,-1.3765298669482267,-0.8660810191740528,-0.021656724001979228,-0.10653450715838808,0.08174384489169917
2025-06-11 00:00:00,25,0.09053466190497517,0.36521586032772857,0.5017006919827679,0.646633434689246,-1.3765298669482267
2025-06-11 04:00:00,25,0.09545702462180827,0.2622102693981391,-0.024811645632334928,0.5970974190821057,0.09053466190497517
2025-06-11 08:00:00,25,1.038851021366801,0.9733749286723596,-0.026578224163584088,0.5448681340548962,0.09545702462180827
2025-06-11 12:00:00,25,1.013129935233735,-0.10415766512327032,-0.3651513194496761,-0.023538919388698787,1.038851021366801
2025-06-11 16:00:00,25,-0.5516350471993583,-0.7019516584616631,-0.3559203218217081,-0.5778726875588882,1.013129935233735
2025-06-11 20:00:00,25,-1.180558815651624,-0.8903993128285002,0.20565556834252177,-0.27604572170360164,-0.5516350471993583
2025-06-12 00:00:00,25,0.3550346772631201,0.05950878788192997,0.43136896880783726,0.3698967127934303,-1.180558815651624
2025-06-12 04:00:00,25,-0.0045951929271073055,-0.28472642362923456,-0.11973761422235217,0.175639585811048,0.3550346772631201
2025-06-12 08:00:00,25,1.5235093278301104,0.5136430624931715,0.009329349027101053,0.17815384436976345,-0.0045951929271073055
2025-06-12 12:00:00,25,-0.21965348812715568,-0.7956665487719075,-0.5390895292979136,-0.6554338694743223,1.5235093278301104
2025-06-12 16:00:00,25,-1.1195767730983182,-0.4102529663400122,0.08651126127591563,-0.5352505232610243,-0.21965348812715568
2025-06-12 20:00:00,25,-1.5352912570499804,-0.47091189401793987,0.40948322544358096,0.07732560325944071,-1.1195767730983182
2025-06-13 00:00:00,25,2.9555286834329433,0.6294061856919501,0.5586783020207118,0.9173597964677533,-1.5352912570499804
2025-06-13 04:00:00,25,-1.4938250626129879,-1.601467543357366,-1.0530245632380366,-0.6997569178305794,2.9555286834329433
2025-06-13 08:00:00,25,0.7063438475098458,0.5085449570392293,0.5437965687801912,0.11758905838350131,-1.4938250626129879
2025-06-13 12:00:00,25,-0.3132557602943429,-0.31662253715156424,-0.24581837537115786,-0.2688867854317625,0.7063438475098458
2025-06-13 16:00:00,25,0.026713832888882294,0.08238021293961012,0.12010402434500497,-0.09748898149171836,-0.3132557602943429
2025-06-13 20:00:00,25,-0.34740390611275984,-0.7808546004962139,-0.0019070949374423605,-0.11210544788222876,0.026713832888882294
2025-06-14 00:00:00,25,0.643771176660616,0.14797054858823566,0.13235939534366892,0.07797650474322637,-0.34740390611275984
2025-06-16 04:00:00,25,-1.4123604136513936,-0.9898048995625995,-0.22336177407537056,-0.27426271925651236,0.643771176660616
2025-06-16 08:00:00,25,0.919081326417059,1.0520513789494197,0.5145598570240346,0.4985098964624779,-1.4123604136513936
2025-06-16 12:00:00,25,-0.49718923924694813,0.0953132643650637,-0.3221673737382149,-0.004365201004743469,0.919081326417059
2025-06-16 16:00:00,25,0.33679824021768745,0.5958001669055903,0.18611560329355775,0.2676717558559236,-0.49718923924694813
2025-06-16 20:00:00,25,-0.42542108978870097,-0.5961893575828953,-0.1131927698002278,0.08339269043685071,0.33679824021768745
2025-06-17 00:00:00,25,-0.044606166588167184,-0.17316810478961345,0.16035885204342046,0.3161617238651555,-0.42542108978870097
2025-06-17 04:00:00,25,-0.8156244505705921,-0.26171312221908644,0.023688820514703824,0.3405679757668345,-0.044606166588167184
2025-06-17 08:00:00,25,1.0666751389654845,1.236930074632564,0.3003982842496778,0.7868366717877731,-0.8156244505705921
2025-06-17 12:00:00,25,0.6144263510717263,0.15306958377653446,-0.3751370705266325,0.20320565997704954,1.0666751389654845
2025-06-17 16:00:00,25,0.8889459246726634,-0.21519132961500428,-0.2128302586485806,-0.1329775506928339,0.6144263510717263
2025-06-17 20:00:00,25,-1.0265523037304956,-1.4927526990398954,-0.3113521297558559,-0.6193640713020043,0.8889459246726634
2025-06-18 00:00:00,25,-0.4209888643341788,-0.5275589995883829,0.37609782905577305,-0.05768625786395809,-1.0265523037304956
2025-06-18 04:00:00,25,-0.8314102031326112,-0.2160497821072863,0.15876817805532956,0.17265768461387765,-0.4209888643341788
2025-06-18 08:00:00,25,1.0736957651110846,1.2337711501270239,0.30606360661210946,0.6275635508503896,-0.8314102031326112
2025-06-18 12:00:00,25,0.1312587019736231,0.05442811493055964,-0.377656691314091,0.04009120535594057,1.0736957651110846
2025-06-18 16:00:00,25,0.8982974431365864,0.10387667275823811,-0.039427028331578455,-0.031726957684893975,0.1312587019736231
2025-06-18 20:00:00,25,-0.21014755854126754,-1.185590946138416,-0.3147082805930244,-0.5232301590750179,0.8982974431365864
2025-06-19 00:00:00,25,-1.389524186059539,-0.7974523447987686,0.08309969408917238,-0.4082479796460081,-0.21014755854126754
2025-06-19 04:00:00,25,-0.12864491512033283,0.2819875146436379,0.5063642014579522,0.35202980036480014,-1.389524186059539
2025-06-19 08:00:00,25,1.0232944519295,1.1677444799656795,0.05384934656498353,0.42241783064063654,-0.12864491512033283
2025-06-19 12:00:00,25,0.4967586597676288,0.039712047378648876,-0.3595682482359595,-0.137477450071664,1.0232944519295
2025-06-19 16:00:00,25,-0.8655326492339306,-0.22428480637560133,-0.1706006975135149,-0.40927881548747713,0.4967586597676288
2025-06-19 20:00:00,25,1.3275133448148395,-0.09413644533799516,0.3183097542822429,0.06429713784123336,-0.8655326492339306
2025-06-20 04:00:00,25,-2.5170976140098116,-1.698633252548249,-0.4687488584201256,-0.6620514272691711,1.3275133448148395
2025-06-20 08:00:00,25,1.1597356325475996,1.1276180082861447,0.9110371450856268,0.7151778467867214,-2.5170976140098116
2025-06-20 12:00:00,25,-0.32850343317788955,0.01229684666400028,-0.40853539558451923,0.08062881125453991,1.1597356325475996
2025-06-20 16:00:00,25,0.6730301134661403,0.3595252870679918,0.1255762361906435,0.2603693752606073,-0.32850343317788955
2025-06-20 20:00:00,25,-1.1480084384169604,-0.8854928692372551,-0.23386246502019992,-0.10787886804455304,0.6730301134661403
2025-06-21 00:00:00,25,1.2536631392162239,0.7245710079117395,0.41968701830667354,0.5202536364125692,-1.1480084384169604
2025-06-23 04:00:00,25,-0.23733449866659484,-0.8627708108917715,-0.4422448815204334,-0.16568780881525313,1.2536631392162239
2025-06-23 08:00:00,25,0.18056955069297764,0.19251629647012833,0.0928567696073006,-0.03583030250014829,-0.23733449866659484
2025-06-23 12:00:00,25,0.45235477099551424,-0.1932612631573808,-0.057124116440788644,-0.1346288829895741,0.18056955069297764
2025-06-23 16:00:00,25,0.5429586283555796,-0.36210415938024254,-0.15466466006130924,-0.3821346727556758,0.45235477099551424
2025-06-23 20:00:00,25,-1.5180582377060752,-1.8375351238541062,-0.18718132704996818,-0.6792143384033285,0.5429586283555796
2025-06-24 00:00:00,25,0.424043338438139,-0.5297294230477673,0.5524935725009964,0.15139081296381818,-1.5180582377060752
2025-06-24 04:00:00,25,-1.0016519269097373,-0.8815696237729489,-0.14450401733302506,-0.08062438418821394,0.424043338438139
2025-06-24 08:00:00,25,0.9568868918040785,0.7156572884339085,0.36716137442167274,0.46742919485316214,-1.0016519269097373
2025-06-24 12:00:00,25,-1.0330580739343844,-0.3869321636450449,-0.3357353499351038,-0.05613120742045119,0.9568868918040785
2025-06-24 16:00:00,25,1.4775952417914944,0.7460357648857492,0.3784326740545229,0.5091062364130181,-1.0330580739343844
2025-06-24 20:00:00,25,-1.8045221748160287,-1.1570413533645405,-0.5226114996719438,-0.2993595977582455,1.4775952417914944
2025-06-25 00:00:00,25,-0.3798298043858317,0.317765171781622,0.6553021362715948,0.6879842187894862,-1.8045221748160287
2025-06-25 04:00:00,25,0.753037595849829,0.6153708543748443,0.14399667179828418,0.8958079928249152,-0.3798298043858317
2025-06-25 08:00:00,25,1.0376844374759049,0.774640878063625,-0.26257621669781966,0.4837836773209503,0.753037595849829
2025-06-25 12:00:00,25,-0.6758523116097237,-0.22216128224218468,-0.3647326461061798,-0.08398508006442285,1.0376844374759049
2025-06-25 16:00:00,25,-0.11526545237260599,0.5604086210846752,0.25023569482678704,0.2858073281864666,-0.6758523116097237
2025-06-25 20:00:00,25,-0.5848533853878024,-0.04459935805674876,0.049047613533617515,0.34887478906334657,-0.11526545237260599
2025-06-26 00:00:00,25,0.3151279580491071,0.4306473720289873,0.21757724223437064,0.6688771596125065,-0.5848533853878024
2025-06-26 04:00:00,25,-0.0585964405080297,0.1339385495555739,-0.1054155584390636,0.49645498318077586,0.3151279580491071
2025-06-26 08:00:00,25,1.2501645046359595,0.9899738782356965,0.0287097665471053,0.5285160096479107,-0.0585964405080297
2025-06-26 12:00:00,25,0.25012009855788087,-0.2939014674746669,-0.44098926240137803,-0.15551115862205833,1.2501645046359595
2025-06-26 16:00:00,25,-0.02860407561863454,-0.22179894695848335,-0.08208499636021958,-0.2923643024359368,0.25012009855788087
2025-06-26 20:00:00,25,-1.4097415040102454,-1.294680803897909,0.017945856822653972,-0.2767135902505906,-0.02860407561863454
2025-06-27 00:00:00,25,-0.24266963656769036,-0.05170486587282294,0.5136199609185501,0.494626089771419,-1.4097415040102454
2025-06-27 04:00:00,25,0.37976362383078666,0.12627874022901928,0.09477148833477235,0.6274027153362578,-0.24266963656769036
2025-06-27 08:00:00,25,0.3791224000870148,0.6798584914134035,-0.12861254453934295,0.41961515197349897,0.37976362383078666
2025-06-27 12:00:00,25,0.6832211381876068,0.12185348184989393,-0.12838241682128576,0.21217843400753011,0.3791224000870148
2025-06-27 16:00:00,25,-0.4872635246990171,-0.1405465999644865,-0.23751990485550625,-0.1616458256987876,0.6832211381876068
2025-06-27 20:00:00,25,-0.4704162901887514,-0.5795238233165969,0.18255338018315612,0.10496027914992467,-0.4872635246990171
2025-06-28 00:00:00,25,-0.488092919851006,0.3659540392652627,0.17650710433782318,0.36234842422414104,-0.4704162901887514
2025-06-30 04:00:00,26,0.4932361366215119,-0.08331445524993959,0.18739143150729584,0.7068927012746702,-0.488092919851006
2025-06-30 08:00:00,26,0.24660423380257157,0.2726415366724114,-0.19332890467429217,0.3154483591676893,0.4932361366215119
2025-06-30 12:00:00,26,-0.007108330243040584,-0.03826375275091033,-0.09764460761306346,0.11973716752051722,0.24660423380257157
2025-06-30 16:00:00,26,0.7565592816310378,0.2338582788231589,0.0007867310289950153,0.12537851341728157,-0.007108330243040584
2025-06-30 20:00:00,26,-1.2484367815080777,-1.0339811760050548,-0.295488802652639,-0.4750455599109955,0.7565592816310378
2025-07-01 00:00:00,26,-0.16922820855483067,-0.008382169671260636,0.48237746979321505,0.5157446079525325,-1.2484367815080777
2025-07-01 04:00:00,26,0.38306350448016246,0.11869567165763846,0.06368340586551699,0.6500482808695889,-0.16922820855483067
2025-07-01 08:00:00,26,0.8608850437285565,0.6197593456393489,-0.1505858907278386,0.346039652216545,0.38306350448016246
2025-07-01 12:00:00,26,0.1754181344767236,-0.3233940735342311,-0.33596344156829616,-0.3371799145417089,0.8608850437285565
2025-07-01 16:00:00,26,-0.20066099859919717,-0.1412581343312833,-0.07002696449117987,-0.47639606507401844,0.1754181344767236
2025-07-01 20:00:00,26,-1.5415588974456789,-0.7996686642315756,0.0758781965057059,-0.31714655606355713,-0.20066099859919717
2025-07-02 00:00:00,26,-0.48354960102440003,0.4473359960525337,0.5960982954285735,0.9062725400373353,-1.5415588974456789
2025-07-02 04:00:00,26,0.95273305782883,0.8501731753845241,0.18562878740780972,1.2900294089999527,-0.48354960102440003
2025-07-02 08:00:00,26,0.2976012041432625,0.8630272359284312,-0.37159716358562306,0.5339169968399382,0.95273305782883
2025-07-02 12:00:00,26,2.5953639508335673,0.4958363920460104,-0.11742959570068978,0.2977333539218652,0.2976012041432625
2025-07-02 16:00:00,26,-1.1091768633516583,-1.259209374204955,-1.0088787988151202,-1.7620113785323355,2.5953639508335673
2025-07-02 20:00:00,26,-1.6470907931750958,-1.1169741575667422,0.4283496363081712,-0.8817413104692857,-1.1091768633516583
2025-07-03 00:00:00,26,0.7374596128543747,0.2968334771577934,0.6370408707604485,0.4254304964083584,-1.6470907931750958
2025-07-03 04:00:00,26,-0.8380805246952843,-0.3441307869558521,-0.28807881894773707,-0.1598356095212754,0.7374596128543747
2025-07-03 08:00:00,26,1.0880903840186633,1.1881420031510694,0.3231740191081084,0.5052857294566895,-0.8380805246952843
2025-07-03 12:00:00,26,1.6268890205836168,-0.0007703694220093026,-0.4241109319202483,-0.35824958943247687,1.0880903840186633
2025-07-03 16:00:00,26,-1.3031396458880469,-0.9671006603139854,-0.6331454007298805,-1.6493887721888782,1.6268890205836168
2025-07-03 20:00:00,26,-1.8484082416440586,-0.5194730638047073,0.503600211318571,-0.6151850643011816,-1.3031396458880469
2025-07-04 04:00:00,26,0.29329401166110713,0.5306270828744335,0.7151447913106391,0.8517572263661783,-1.8484082416440586
2025-07-04 08:00:00,26,0.23301713026184956,1.0362408390927418,-0.11575856011992389,0.6189918774503536,0.29329401166110713
2025-07-04 12:00:00,26,-0.6556997286611832,0.6982330127933127,-0.09237330071183691,0.434063745704405,0.23301713026184956
2025-07-04 16:00:00,26,0.5106075543299085,1.5185949860421724,0.25241683779243096,0.9544431945087819,-0.6556997286611832
2025-07-04 20:00:00,26,-0.37117704479788927,0.6949688202237639,-0.2000683891991517,0.5492124676026133,0.5106075543299085
2025-07-07 04:00:00,26,-0.0015038312881117122,0.5529920603510892,0.1420322821357377,0.8437877091924566,-0.37117704479788927
2025-07-07 08:00:00,26,1.0859082003673226,1.375883664841277,-0.0013876127471078113,0.844981186728889,-0.0015038312881117122
2025-07-07 12:00:00,26,0.193645660769171,0.3356554667947175,-0.423264323244118,-0.01682229748650954,1.0859082003673226
2025-07-07 16:00:00,26,0.6662779926842006,0.34540966191762307,-0.07709858831811955,-0.17050426166876242,0.193645660769171
2025-07-07 20:00:00,26,-0.718618459163535,-1.0026566168351545,-0.2604629135769602,-0.6992788812517592,0.6662779926842006
2025-07-08 00:00:00,26,-0.13097085265378183,-0.40603652064837586,0.2768270395193427,-0.1289655787836974,-0.718618459163535
2025-07-08 04:00:00,26,-0.7623992380886904,-0.3632155120565491,0.04884092942604158,-0.025023885453165917,-0.13097085265378183
2025-07-08 08:00:00,26,0.8550855849961199,1.0455147970865557,0.2938124051933119,0.5800349211068632,-0.7623992380886904
2025-07-08 12:00:00,26,-0.02329604599798607,0.1686103141874616,-0.33371346041903593,-0.09858205241147822,0.8550855849961199
2025-07-08 16:00:00,26,1.1587499669571706,0.5253357639886478,0.007066981821107812,-0.08009373672999054,-0.02329604599798607
2025-07-08 20:00:00,26,-2.0139412441000992,-1.3538317959724777,-0.45152430564373663,-0.9997062403655406,1.1587499669571706
2025-07-09 00:00:00,26,-0.2099107644711502,0.3265850809784439,0.7793656354082849,0.5986071166783287,-2.0139412441000992
2025-07-09 04:00:00,26,0.8312286680001808,0.5025810659136272,0.07946677257929083,0.7651974676254554,-0.2099107644711502
2025-07-09 08:00:00,26,0.2534117686743844,0.5837327090167974,-0.3244578357139047,0.10551393082191574,0.8312286680001808
2025-07-09 12:00:00,26,0.10605915341094985,0.12987404659927562,-0.10028568600350757,-0.09559988810946152,0.2534117686743844
2025-07-09 16:00:00,26,0.3566082609583461,0.24522175280124403,-0.043118177459545395,-0.1797710435640134,0.10605915341094985
2025-07-09 20:00:00,26,-0.9913887307919467,-0.634105043568837,-0.1403222088965916,-0.46278413959730713,0.3566082609583461
2025-07-10 00:00:00,26,-0.5119381283227966,0.17640293229778153,0.38265208243410964,0.32400636637675007,-0.9913887307919467
2025-07-10 04:00:00,26,-1.023649124389852,0.5760258392306449,0.19664251372668226,0.7302930695640519,-0.5119381283227966
2025-07-10 08:00:00,26,1.6572580957791008,2.2261631524665115,0.39516795345100825,1.5426862181882246,-1.023649124389852
2025-07-10 12:00:00,26,0.0759568794049521,0.6486460182850488,-0.644927508313151,0.22744538963246796,1.6572580957791008
2025-07-10 16:00:00,26,0.5107271492547554,0.9232011283857965,-0.03143957913026553,0.16716413998431712,0.0759568794049521
2025-07-10 20:00:00,26,-1.560282474961694,-0.5657901476750673,-0.2001147877233705,-0.23816150039878536,0.5107271492547554
2025-07-11 00:00:00,26,1.228890760054222,0.7209811235528478,0.6033623692674173,1.00011708781647,-1.560282474961694
2025-07-11 04:00:00,26,-0.08203855823670025,-0.26006300301428364,-0.4787364075903995,0.024839123825961096,1.228890760054222
2025-07-11 08:00:00,26,0.8632291338536877,0.5771664344533503,0.02985696124764753,0.08994694353344634,-0.08203855823670025
2025-07-11 12:00:00,26,-0.26693346132671714,-0.3094802289739996,-0.33687286412599343,-0.5951329508625118,0.8632291338536877
2025-07-11 16:00:00,26,0.18851791515094085,0.25816549660050064,0.10158952556784479,-0.38328798372143424,-0.26693346132671714
2025-07-11 20:00:00,26,-1.2032157782805157,-0.7660610999368564,-0.07510920766873397,-0.5329004427296145,0.18851791515094085
2025-07-12 00:00:00,26,-0.02670206033022282,0.7429635891294012,0.46483334895249256,0.42200122357545133,-1.2032157782805157
2025-07-14 04:00:00,26,0.05358315950525139,0.2596762483408923,0.008388392731195134,0.44319263609128967,-0.02670206033022282
2025-07-14 08:00:00,26,0.8053095512980697,1.0030503086078513,-0.02275938148844089,0.4006677214242167,0.05358315950525139
2025-07-14 12:00:00,26,-0.8840885831612155,0.13519334380288092,-0.3144021517827381,-0.2384457662037942,0.8053095512980697
2025-07-14 16:00:00,26,1.0170655660620689,1.1257596958960312,0.34102348903940255,0.46318870074807705,-0.8840885831612155
2025-07-14 20:00:00,26,-1.6046677570813017,-0.44891785428177844,-0.3965558601618814,-0.3439795738918132,1.0170655660620689
2025-07-15 00:00:00,26,0.25062803921248644,0.863802632384647,0.6205822604126306,0.929524267034143,-1.6046677570813017
2025-07-15 04:00:00,26,-0.6693844300820047,0.6484096019469658,-0.09920569921458885,0.7306196843425923,0.25062803921248644
2025-07-15 08:00:00,26,1.4498734164326077,1.9766505068039124,0.2577260091566294,1.2618596491288194,-0.6693844300820047
2025-07-15 12:00:00,26,-0.051744797609377,0.5271933635349328,-0.564469720663898,0.11120440816991994,1.4498734164326077
2025-07-15 16:00:00,26,1.1799804136766596,0.8026680521851626,0.018104073004740335,0.15227035357368024,-0.051744797609377
2025-07-15 20:00:00,26,-2.699308079433907,-0.9057399811009919,-0.45976095446098836,-0.7841911552983305,1.1799804136766596
2025-07-16 00:00:00,26,0.7188125766128266,1.3255499609998098,1.0452632874088763,1.3580461968461943,-2.699308079433907
2025-07-16 04:00:00,26,-0.049092119472167184,0.6569418601568482,-0.2808444403671297,0.7875788379909636,0.7188125766128266
2025-07-16 08:00:00,26,0.7658700320373235,1.484645269024422,0.017074929410633016,0.8265395527128181,-0.049092119472167184
2025-07-16 12:00:00,26,1.3244487860771947,0.6422250479249798,-0.29910103852948755,0.21872623861991158,0.7658700320373235
2025-07-16 16:00:00,26,1.22248677388842,-0.21737101964612918,-0.515809480635938,-0.8323889275792986,1.3244487860771947
2025-07-16 20:00:00,26,-2.6049152107310967,-2.140012641067813,-0.4762518915660697,-1.8025845304745616,1.22248677388842
2025-07-17 00:00:00,26,-1.5782089935495662,0.11818901459945154,1.008642253446162,0.2647403169981608,-2.6049152107310967
2025-07-17 04:00:00,26,1.166331120184097,1.511894088025273,0.6103172129442909,1.5172458317378243,-1.5782089935495662
2025-07-17 08:00:00,26,1.3544710358583671,1.3623481210604724,-0.45446552009791225,0.5916167382440083,1.166331120184097
2025-07-17 12:00:00,26,-1.1662844552202358,-0.004217101726970367,-0.5274570324476637,-0.4833248245664876,1.3544710358583671
2025-07-17 16:00:00,26,0.6033089744378444,1.2363881283475888,0.45050532550469774,0.4422672344630598,-1.1662844552202358
2025-07-17 20:00:00,26,-1.3888318637046773,-0.31195274312481747,-0.23603320201624,-0.036533621864464294,0.6033089744378444
2025-07-18 00:00:00,26,-0.1827669745153635,0.8194367534145732,0.5368457060485103,1.065677539930972,-1.3888318637046773
2025-07-18 04:00:00,26,-0.40224041059388327,0.9246284987282725,0.06893595952626988,1.2107259108554835,-0.1827669745153635
2025-07-18 08:00:00,26,1.0385430336551877,2.0753828007250035,0.15408374947055178,1.5299538043595398,-0.40224041059388327
2025-07-18 12:00:00,26,0.40437571557442453,1.0059656284232825,-0.4048883441828622,0.7057404826359175,1.0385430336551877
2025-07-18 16:00:00,26,0.7426952001623821,0.8815009451527813,-0.1588542611781613,0.384817958525451,0.40437571557442453
2025-07-18 20:00:00,26,-1.552040119364266,-0.4480829380120942,-0.29011003828936927,-0.20460323839845707,0.7426952001623821
2025-07-19 00:00:00,26,1.3089653475467031,1.292492504287114,0.6001646321034317,1.0271340134776814,-1.552040119364266
2025-07-21 04:00:00,26,-2.3176933995310343,-0.26146070473672445,-0.50980246404584,-0.011693114682309158,1.3089653475467031
2025-07-21 08:00:00,26,2.0252844719590417,2.4110111153899574,0.8972105335785717,1.8276854316655626,-2.3176933995310343
2025-07-21 12:00:00,26,0.22355943286335034,0.4708963932177638,-0.7877084896147504,0.2203698097085276,2.0252844719590417
2025-07-21 16:00:00,26,0.17611065913657065,0.5194293721652159,-0.08870405469358125,0.04294753947824148,0.22355943286335034
2025-07-21 20:00:00,26,-1.0819334296792817,-0.48479942033026396,-0.07029563912133782,-0.09681821567493643,0.17611065913657065
2025-07-22 00:00:00,26,-0.35419628739274245,0.435269897649052,0.41778016508129073,0.7618307926586603,-1.0819334296792817
2025-07-22 04:00:00,26,0.110416465792607,0.7469191918414806,0.13544435974083352,1.0429296870845164,-0.35419628739274245
2025-07-22 08:00:00,26,0.33479524933643745,1.4442385753305174,-0.044808657756496804,0.9553004612414551,0.110416465792607
2025-07-22 12:00:00,26,0.5846551840006775,0.904843754009985,-0.131859545875405,0.6895987082946533,0.33479524933643745
2025-07-22 16:00:00,26,-0.1500445000679136,0.697069421233191,-0.2287962030509516,0.22560195933747274,0.5846551840006775
2025-07-22 20:00:00,26,-0.9133513022662783,-0.07803619517800603,0.056240817779312495,0.34468096887266775,-0.1500445000679136
2025-07-23 00:00:00,26,0.9249927855825071,0.6898712050222253,0.3523763702995519,1.0695390501906772,-0.9133513022662783
2025-07-23 04:00:00,26,-0.3704642895135599,-0.06226044961549482,-0.36083493688324414,0.3354420010851804,0.9249927855825071
2025-07-23 08:00:00,26,0.11214604848218457,1.0371841257356658,0.14175575875178686,0.6294515825324627,-0.3704642895135599
2025-07-23 12:00:00,26,0.6389170395181338,0.7302141361551056,-0.04547967355765613,0.5404497172824883,0.11214604848218457
2025-07-23 16:00:00,26,0.7125964530139868,0.4606923282653065,-0.24984784901841336,0.033389423792613115,0.6389170395181338
2025-07-23 20:00:00,26,-2.0984903891833326,-0.8621886671433027,-0.2784328082538367,-0.5321446663259213,0.7125964530139868
2025-07-24 00:00:00,26,0.5978422243117301,0.8548077547415905,0.8121676590797973,1.1332689739605986,-2.0984903891833326
2025-07-24 04:00:00,26,0.023981658532122196,0.34659264452271155,-0.23391229982537204,0.6588066651313138,0.5978422243117301
2025-07-24 08:00:00,26,0.1217184882766027,1.1563309529659989,-0.011275065063041169,0.6397742304621072,0.023981658532122196
2025-07-24 12:00:00,26,0.16949515589924502,0.8985755118552851,-0.049193435493646395,0.5431754413059657,0.1217184882766027
2025-07-24 16:00:00,26,1.5993586765186887,0.9870717628486697,-0.06772906209000182,0.4086599124038077,0.16949515589924502
2025-07-24 20:00:00,26,-1.5557837182196987,-1.3084768617008462,-0.6224646186023539,-0.8606305114715234,1.5993586765186887
2025-07-25 00:00:00,26,-0.42722961372713186,0.008702242538549416,0.6016170136520762,0.3740777526283239,-1.5557837182196987
2025-07-25 04:00:00,26,-0.22777781150999132,0.40754804002369643,0.16377866042325406,0.7131376930040361,-0.42722961372713186
2025-07-25 08:00:00,26,1.62796881011697,1.4085355430902828,0.08639854343671508,0.8939077723899995,-0.22777781150999132
2025-07-25 12:00:00,26,0.020618891383069382,-0.08817000887845296,-0.6335643201855229,-0.3980883579258272,1.62796881011697
2025-07-25 16:00:00,26,0.2519818762649617,0.17638342562440226,-0.009970432502695043,-0.41445201779005636,0.020618891383069382
2025-07-25 20:00:00,26,-2.3163286679058217,-0.9102253489008068,-0.09973093923917983,-0.6144310388995944,0.2519818762649617
2025-07-26 00:00:00,26,0.923724531861545,1.4169018516480993,0.896681066852073,1.223864422829127,-2.3163286679058217
2025-07-28 04:00:00,27,0.08893606540928545,-0.39228439598107234,-0.3136833642741869,0.348102837074709,0.923724531861545
2025-07-28 08:00:00,27,0.7563136641076671,0.483759283091798,-0.027734099568348977,0.2818071738194199,0.08893606540928545
2025-07-28 12:00:00,27,-0.6282191398077632,-0.2417659744444524,-0.25633828050532137,-0.28197216317180995,0.7563136641076671
2025-07-28 16:00:00,27,0.2765321800230893,0.5721041245926645,0.2179209518044853,0.18632159765015643,-0.6282191398077632
2025-07-28 20:00:00,27,-1.281516939938637,-0.5180555088299922,-0.09199345770666255,-0.01981394704358941,0.2765321800230893
2025-07-29 00:00:00,27,0.5294643341218404,0.4438075458209242,0.4417022246523035,0.9354679750331005,-1.281516939938637
2025-07-29 04:00:00,27,0.2059772114477596,0.012181996257103405,-0.17863308725542293,0.5407890667736552,0.5294643341218404
2025-07-29 08:00:00,27,1.1622969202299753,0.6433194404830325,-0.06782548917781989,0.38724735357146045,0.2059772114477596
2025-07-29 12:00:00,27,-0.16107325878379974,-0.34133289406826345,-0.39540418550569306,-0.4791643194839672,1.1622969202299753
2025-07-29 16:00:00,27,-0.8655802913223027,0.06194698932038124,0.05790434094154346,-0.3590953859796535,-0.16107325878379974
2025-07-29 20:00:00,27,0.25595998320398117,-0.2137239738621177,0.29922687476933635,0.28613463684444085,-0.8655802913223027
2025-07-30 00:00:00,27,-0.64143257460338,-0.2692840124090197,-0.08494663711652185,0.09533423685790154,0.25595998320398117
2025-07-30 04:00:00,27,0.32005980657072186,0.11597466928858617,0.22244709479266378,0.5734776961078882,-0.64143257460338
2025-07-30 08:00:00,27,-0.07045450457363245,0.6737842394813414,-0.10690345383847619,0.3348953272981454,0.32005980657072186
2025-07-30 12:00:00,27,1.8102438393053628,0.5653347323406948,0.026863703491099854,0.3874142698501526,-0.07045450457363245
2025-07-30 16:00:00,27,-1.4536200031598092,-0.4064476634358952,-0.6173525622788358,-0.9619968540651644,1.8102438393053628
2025-07-30 20:00:00,27,1.926365197023534,-0.30408325319520857,0.50065457768476,0.1215759550887423,-1.4536200031598092
2025-07-31 00:00:00,27,-2.0367398317920014,-1.5646599723174581,-0.6571288866898218,-1.3143955804279077,1.926365197023534
2025-07-31 04:00:00,27,-0.264293192902187,-0.14017195338617536,0.7003970189542278,0.20385258364051317,-2.0367398317920014
2025-07-31 08:00:00,27,1.4143166890803691,0.7904979498773499,0.093261398987129,0.40086481300634347,-0.264293192902187
2025-07-31 12:00:00,27,-0.20057386523986587,-0.3878353078376425,-0.481731285711535,-0.6534101037454629,1.4143166890803691
2025-07-31 16:00:00,27,0.10187334781387136,0.07932981129657392,0.07143491763907471,-0.5038962100673459,-0.20057386523986587
2025-07-31 20:00:00,27,-0.2449657976698134,-0.8693157713215741,-0.0321656490441163,-0.5798357193122907,0.10187334781387136
2025-08-01 00:00:00,27,-1.9072365763855945,-0.5519034305855098,0.0866409739603388,-0.397230721478806,-0.2449657976698134
2025-08-01 04:00:00,27,1.0156750576991591,0.6747509424612148,0.6560368461096594,1.0244817551676881,-1.9072365763855945
2025-08-01 08:00:00,27,0.9139159863797008,0.7447255153383905,-0.3451801880915109,0.26736650285532804,1.0156750576991591
2025-08-01 12:00:00,27,3.51393795797677,-0.09119840240608705,-0.3103235354300165,-0.4138944254061574,0.9139159863797008
2025-08-01 16:00:00,27,-2.529677529132716,-2.699308079433907,-1.2009376261551468,-3.033291252665437,3.51393795797677
2025-08-01 20:00:00,27,0.49541240179348733,-2.0592748115713597,0.8692483840184901,-1.147592252557157,-2.529677529132716
2025-08-02 00:00:00,27,-1.349004100734712,-1.8658487590990842,-0.16696890476798754,-1.5168878089846611,0.49541240179348733
2025-08-04 04:00:00,27,-1.3355752226770061,-0.9641658106564499,0.46481934327845775,-0.5112988931636195,-1.349004100734712
2025-08-04 08:00:00,27,1.6841016010621974,0.905315009123299,0.4602194021427773,0.48427972623253446,-1.3355752226770061
2025-08-04 12:00:00,27,0.2669628130045041,-0.38828270007480475,-0.5741436755685585,-0.7711011152506533,1.6841016010621974
2025-08-04 16:00:00,27,-0.03840362826482391,-0.34438742498889685,-0.08871555728921442,-0.9701033610907697,0.2669628130045041
2025-08-04 20:00:00,27,-2.152992851939681,-1.1986428836180145,0.015884964706373614,-0.9414761220116699,-0.03840362826482391
2025-08-05 00:00:00,27,1.0759849187308692,0.40936956215614395,0.740218443143685,0.6634305988599198,-2.152992851939681
2025-08-05 04:00:00,27,-1.0676733377165757,-0.4193126478031123,-0.36583878737693243,-0.1386414684355568,1.0759849187308692
2025-08-05 08:00:00,27,1.761539469266305,1.1417025860301222,0.36845202621901796,0.6572348921631264,-1.0676733377165757
2025-08-05 12:00:00,27,-0.3739487489921238,-0.29788313156130225,-0.6006693193253035,-0.6558705047075879,1.761539469266305
2025-08-05 16:00:00,27,-0.4604519277521977,0.23799259229307004,0.13082292133073029,-0.37711767002990015,-0.3739487489921238
2025-08-05 20:00:00,27,-0.9372662471103581,-0.31693328987302016,0.16045380550703361,-0.033882720214801765,-0.4604519277521977
2025-08-06 00:00:00,27,-0.27962515917272057,0.5021225306473405,0.3237822527735938,0.6647842065603218,-0.9372662471103581
2025-08-06 04:00:00,27,-0.18580324520073432,0.6005250407185522,0.09851322583637369,0.8732253525106088,-0.27962515917272057
2025-08-06 08:00:00,27,1.4804319110780728,1.46540745489804,0.06637537488162751,1.0117287742538625,-0.18580324520073432
2025-08-06 12:00:00,27,0.40365289289365336,0.23568191774276018,-0.5043784590684609,-0.09183045110139965,1.4804319110780728
2025-08-06 16:00:00,27,-0.28740778429370195,0.24652805591534102,-0.13553751208094342,-0.3927256631410696,0.40365289289365336
2025-08-06 20:00:00,27,-0.4704463695265364,-0.542932746813129,0.10117909392183445,-0.17848311039491804,-0.28740778429370195
2025-08-07 00:00:00,27,-0.12169871175060365,-0.025488452902051557,0.16387731145059697,0.17220200199761138,-0.4704463695265364
2025-08-07 04:00:00,27,-0.3331253677012782,0.06839826091131361,0.0444169447630629,0.2629199438774421,-0.12169871175060365
2025-08-07 08:00:00,27,-0.07600339027516867,0.9845927087483615,0.11683924003655305,0.5112417815625676,-0.3331253677012782
2025-08-07 12:00:00,27,2.8665243815464123,0.8309613819022604,0.028764424272538395,0.5678970332285225,-0.07600339027516867
2025-08-07 16:00:00,27,-1.9916674065397224,-0.9493506146472167,-0.9791719410977037,-1.5688979130906962,2.8665243815464123
2025-08-07 20:00:00,27,0.5829064971372233,-0.3486273057851498,0.684957865950387,-0.08424811334020355,-1.9916674065397224
2025-08-08 00:00:00,27,-1.490967809815679,-0.7445049165308513,-0.1969392184882653,-0.5187644444336499,0.5829064971372233
2025-08-08 04:00:00,27,-1.1041999340604143,0.23588848676991844,0.5134477322152825,0.5926485620798605,-1.490967809815679
2025-08-08 08:00:00,27,1.9088191238909076,1.8634702541812913,0.3809638825592432,1.4157529647549385,-1.1041999340604143
2025-08-08 12:00:00,27,0.6290655022533684,0.315319408111062,-0.6511186374921153,-0.007139191204046824,1.9088191238909076
2025-08-08 16:00:00,27,-0.4337637131741534,0.19873392554663996,-0.2127505696304406,-0.4760638564788664,0.6290655022533684
2025-08-08 20:00:00,27,-1.2047609224657467,-0.4280904077649643,0.15131199816111263,-0.15272311806617722,-0.4337637131741534
2025-08-09 00:00:00,27,-0.17707605282918593,0.6532819117852366,0.41541014271758425,0.7453425210123594,-1.2047609224657467
2025-08-11 04:00:00,27,-0.7911320601604324,0.34248982756513413,0.06338595379846813,0.8773404266416982,-0.17707605282918593
2025-08-11 08:00:00,27,1.3529357298438782,1.6534325557300313,0.2737253042339167,1.4670744609672504,-0.7911320601604324
2025-08-11 12:00:00,27,0.4261430557403454,0.6161467269568722,-0.4607057913905526,0.4585547885598178,1.3529357298438782
2025-08-11 16:00:00,27,0.06880529650761247,0.6197398344422977,-0.1432413146459899,0.1408947212752114,0.4261430557403454
2025-08-11 20:00:00,27,-0.6035399900769196,-0.3360814707331198,-0.020838486132456188,0.0896051488564531,0.06880529650761247
2025-08-12 00:00:00,27,-1.1067438142880661,0.249470261632282,0.20946733151299846,0.539502316660128,-0.6035399900769196
2025-08-12 04:00:00,27,1.1765709952971939,0.9616103402868598,0.38183526580162097,1.364503005461179,-1.1067438142880661
2025-08-12 08:00:00,27,1.204518134716702,0.9306027629819188,-0.4002936412586859,0.4874510002797212,1.1765709952971939
2025-08-12 12:00:00,27,1.36314743829816,-0.16715574392666036,-0.40986668196156306,-0.41043365738504356,1.204518134716702
2025-08-12 16:00:00,27,-0.2780969240957578,-0.9777223501095434,-0.46420372007696825,-1.4265654495982112,1.36314743829816
2025-08-12 20:00:00,27,-2.553832708170166,-1.7208016496283496,0.09798974268571116,-1.2192634968151825,-0.2780969240957578
2025-08-13 00:00:00,27,-0.6885792802194892,0.23174460106200054,0.8775225228718349,0.6844415125309524,-2.553832708170166
2025-08-13 04:00:00,27,0.5719637581568087,0.6962611090021078,0.23859677383833136,1.1977295681236892,-0.6885792802194892
2025-08-13 08:00:00,27,1.575603560404355,1.089552746845289,-0.19319088188436417,0.771370289348642,0.5719637581568087
2025-08-13 12:00:00,27,-1.4471072080644891,-0.23656297266747786,-0.5369786497028012,-0.403132794228247,1.575603560404355
2025-08-13 16:00:00,27,0.6019349601326134,1.1220073386729608,0.49842367842880686,0.6755851782685287,-1.4471072080644891
2025-08-13 20:00:00,27,-0.7324591124328528,-0.3241294230451922,-0.20345724697174244,0.22688444887499237,0.6019349601326134
2025-08-14 00:00:00,27,-0.581442729975425,0.37490718544220625,0.2536274148462883,0.7728818734591307,-0.7324591124328528
2025-08-14 04:00:00,27,0.028364519770036623,0.6518175446602394,0.20189811424183796,1.2063070677410241,-0.581442729975425
2025-08-14 08:00:00,27,2.060465829007722,1.4715607655979057,-0.006985862579344247,1.185163287178904,0.028364519770036623
2025-08-14 12:00:00,27,-0.23722146882934503,-0.2210724890991244,-0.7030638494420409,-0.35077096087097814,2.060465829007722
2025-08-14 16:00:00,27,0.3583195811700648,0.22216270821744147,0.08398822392057913,-0.17393882261457527,-0.23722146882934503
2025-08-14 20:00:00,27,-0.8802657256157982,-0.9468850763942531,-0.12000899476789063,-0.4410411975814199,0.3583195811700648
2025-08-15 00:00:00,27,-1.1981557974141879,-0.1796878113040621,0.304257237917449,0.21513579711734465,-0.8802657256157982
2025-08-15 04:00:00,27,-0.0829719610957369,0.621453616399488,0.41314761666735,1.1082777739654688,-1.1981557974141879
2025-08-15 08:00:00,27,1.0773666514165186,1.4478454026590002,0.031151445394979837,1.170127611454003,-0.0829719610957369
2025-08-15 12:00:00,27,-0.046317546566793766,0.48569745004708137,-0.3663120874539694,0.367025558354511,1.0773666514165186
2025-08-15 16:00:00,27,-0.018431417543755657,0.8439872404052081,0.018595806087553346,0.40155207418216854,-0.046317546566793766
2025-08-15 20:00:00,27,-1.12427794995887,-0.0048000734169813195,0.009043663946061629,0.4152914165420434,-0.018431417543755657
2025-08-16 00:00:00,27,0.7150609122861766,1.062720511092639,0.38784142592938015,1.25336258635161,-1.12427794995887
2025-08-18 04:00:00,27,-0.39870816026426326,0.31891677778399086,-0.24220752220606034,0.7203343122787302,0.7150609122861766
2025-08-18 08:00:00,27,1.659270385684465,1.3299244780249633,0.13930403448973988,1.017543569382381,-0.39870816026426326
2025-08-18 12:00:00,27,-0.8768937932348067,-0.014702375976296183,-0.565637966560394,-0.21932732469841376,1.659270385684465
2025-08-18 16:00:00,27,0.3079921792981537,0.9505336055164366,0.3031022128737034,0.43433612847340086,-0.8768937932348067
2025-08-18 20:00:00,27,-1.2155359144596574,-0.1883153880843643,-0.10276979688942882,0.2047493381196066,0.3079921792981537
2025-08-19 00:00:00,27,0.6844855284546121,0.7889877110101624,0.4191010191032683,1.1108469857822794,-1.2155359144596574
2025-08-19 04:00:00,27,0.5587680081621684,0.1835877498322344,-0.23173420006986542,0.6006105379620035,0.6844855284546121
2025-08-19 08:00:00,27,-0.20989269612739392,0.6050554380132633,-0.1886707966653559,0.18408777482343908,0.5587680081621684
2025-08-19 12:00:00,27,0.30404305758274575,0.5603647188351593,0.07462699916307008,0.34054821006047575,-0.20989269612739392
2025-08-19 16:00:00,27,-0.7023890099354055,0.7269348702116831,-0.10141706084175207,0.11390521581677504,0.30404305758274575
2025-08-19 20:00:00,27,0.3040240345408698,0.2598160797218132,0.2433271722766745,0.6374874663087304,-0.7023890099354055
2025-08-20 00:00:00,27,-0.7691306418065516,0.14816102881873752,-0.1014105446702242,0.4108586524222613,0.3040240345408698
2025-08-20 04:00:00,27,0.7931874826813292,0.6485477701067841,0.26618891668951894,0.984192156596011,-0.7691306418065516
2025-08-20 08:00:00,27,1.5341770098740088,0.8556338694647964,-0.26896907469063863,0.39292594745852405,0.7931874826813292
2025-08-20 12:00:00,27,-1.0610632244857072,-0.3859815092885753,-0.5227883582223796,-0.7506965183268193,1.5341770098740088
2025-08-20 16:00:00,27,0.7474058965822508,0.5878935446779734,0.3661877915129228,0.040252461700031716,-1.0610632244857072
2025-08-20 20:00:00,27,-1.2911506046903245,-0.8263497373987725,-0.2532870050308428,-0.5168867529347203,0.7474058965822508
2025-08-21 00:00:00,27,-0.14006876456960526,0.1785822429038422,0.4450021496786696,0.44557639749239186,-1.2911506046903245
2025-08-21 04:00:00,27,-0.7046029568748082,0.28566097695812753,0.05070944077528628,0.5499879385894353,-0.14006876456960526
2025-08-21 08:00:00,27,0.6456734048782202,1.4808016240228747,0.24408553984506035,1.075220532843332,-0.7046029568748082
2025-08-21 12:00:00,27,1.0079878340691693,0.8710550345246334,-0.21843945697703418,0.5939158290011797,0.6456734048782202
2025-08-21 16:00:00,27,0.9580803081428133,0.5356468793376192,-0.34254699892687523,-0.15746913170454668,1.0079878340691693
2025-08-21 20:00:00,27,-3.1137227156369054,-1.0806541614313252,-0.32545162576895537,-0.8716514961688961,0.9580803081428133
2025-08-22 00:00:00,27,-0.06147506347251408,1.2360486733899894,1.0693077982861738,1.4494126489136487,-3.1137227156369054
2025-08-22 04:00:00,27,0.9197913468921932,1.207729728126579,0.02378787687930392,1.495238041433721,-0.06147506347251408
2025-08-22 08:00:00,27,0.07546384858783028,1.2764540919018008,-0.3123360872152237,0.8095974397490071,0.9197913468921932
2025-08-22 12:00:00,27,0.5609081341410445,1.060692251488327,-0.023119313129785938,0.7533443789586141,0.07546384858783028
2025-08-22 16:00:00,27,2.940065910154903,0.9800430985029545,-0.18940387752910842,0.3352263004598903,0.5609081341410445
2025-08-22 20:00:00,27,-3.026508141785623,-2.699308079433907,-1.0043629288461478,-1.8563887505431893,2.940065910154903
2025-08-23 00:00:00,27,-0.6266542308260803,-0.07574333814046613,1.0394332321336317,0.39966298374302056,-3.026508141785623
2025-08-25 04:00:00,28,0.11825360613229563,0.017957443862095822,0.17311286251831687,0.6899678564080158,-0.6266542308260803
2025-08-25 08:00:00,28,0.8468508343460481,0.9404518774946182,-0.045802572752527054,0.6079953613463775,0.11825360613229563
2025-08-25 12:00:00,28,0.3632382568526378,0.382660952721383,-0.25992460428171965,0.02096484188201231,0.8468508343460481
2025-08-25 16:00:00,28,-0.8763313663712644,0.17534616247703314,-0.11779929340203227,-0.230829138783065,0.3632382568526378
2025-08-25 20:00:00,28,0.29982543413613527,-0.14270198658534564,0.24648862270394328,0.37663705993786145,-0.8763313663712644
2025-08-26 00:00:00,28,1.173699110350448,-0.32518224481715224,-0.0991633696031641,0.16880036283466993,0.29982543413613527
2025-08-26 04:00:00,28,-1.107480725905745,-1.1387130949404638,-0.3559796181491953,-0.644798880975415,1.173699110350448
2025-08-26 08:00:00,28,0.7762670142235599,0.5204112909952613,0.31441939231658084,0.12289828534698444,-1.107480725905745
2025-08-26 12:00:00,28,-0.6829134482285646,-0.06823953737097692,-0.23918124928053328,-0.4152040700159887,0.7762670142235599
2025-08-26 16:00:00,28,0.09974072218651209,0.42118603263247395,0.18964646634768575,0.05818630760864707,-0.6829134482285646
2025-08-26 20:00:00,28,-0.9087007983409965,-0.46930042456446147,-0.040361958697964107,-0.010953197936165893,0.09974072218651209
2025-08-27 00:00:00,28,-1.0325848522117802,0.15112903236216338,0.2560014348097445,0.6189512433810869,-0.9087007983409965
2025-08-27 04:00:00,28,0.7156188986913072,0.8583072127218705,0.2924087998966482,1.3347311630560803,-1.0325848522117802
2025-08-27 08:00:00,28,1.6679969789171825,1.2242254494753408,-0.22135782475554547,0.8386696173865005,0.7156188986913072
2025-08-27 12:00:00,28,-0.05281683052904995,0.09972080438322119,-0.5012451499129371,-0.3175731272461739,1.6679969789171825
2025-08-27 16:00:00,28,-0.019127351150167726,0.17890722116391836,0.00447204814098952,-0.28096090440308963,-0.05281683052904995
2025-08-27 20:00:00,28,-1.3331697245129401,-0.747297706449187,-0.005428702900092938,-0.2677019709212196,-0.019127351150167726
2025-08-28 00:00:00,28,-0.2964280855080865,0.21503840689836753,0.3807454569847604,0.6564410825828144,-1.3331697245129401
2025-08-28 04:00:00,28,0.44984029052895025,0.3242089997681704,0.07606515170984395,0.8619227636087459,-0.2964280855080865
2025-08-28 08:00:00,28,1.1311255164680851,0.8940939965738677,-0.14325012229249218,0.5500969157554696,0.44984029052895025
2025-08-28 12:00:00,28,-0.19766476202996053,0.12242242278649709,-0.3434679806372888,-0.2339906384882635,1.1311255164680851
2025-08-28 16:00:00,28,0.4010795580849962,0.3475527684808829,0.04704033162432612,-0.09697093770016352,-0.19766476202996053
2025-08-28 20:00:00,28,-1.5403876762348325,-0.8742215864630858,-0.12892019255154646,-0.37499621887142,0.4010795580849962
2025-08-29 00:00:00,28,-0.44555930189846293,0.25369075962455656,0.44164320278155433,0.692788733427669,-1.5403876762348325
2025-08-29 04:00:00,28,1.19757989139827,0.5617357397124784,0.11989221799750058,1.0016470327143594,-0.44555930189846293
2025-08-29 08:00:00,28,0.17869140286548912,0.536715390762983,-0.36299776364090913,0.1714938141838669,1.19757989139827
2025-08-29 12:00:00,28,-0.003967712493700759,0.3034916869671857,-0.06356418824670954,0.04762630081128272,0.17869140286548912
2025-08-29 16:00:00,28,0.4108767891366707,0.5791829675552942,-0.009883856585386519,0.050376688756594845,-0.003967712493700759
2025-08-29 20:00:00,28,-0.9436299919939923,-0.7375229949834,-0.13179942806729014,-0.23443995802513307,0.4108767891366707
2025-08-30 00:00:00,28,-0.12816418938796303,-0.040397653418787635,0.2662665162773093,0.41967713310361,-0.9436299919939923
2025-09-01 04:00:00,28,-0.0874068548781608,-0.048095501173482824,0.026615324184988406,0.5085195686563182,-0.12816418938796303
2025-09-01 08:00:00,28,0.9056846909388288,0.926966112800641,0.014637453659253407,0.5691093317442828,-0.0874068548781608
2025-09-01 12:00:00,28,-0.2540180000699177,0.17469266980665435,-0.27721484971296845,-0.05870436699677306,0.9056846909388288
2025-09-01 16:00:00,28,0.08519725783691001,0.4463509901531894,0.06360156648099209,0.11737896726538466,-0.2540180000699177
2025-09-01 20:00:00,28,-0.6530779968044342,-0.393856496228464,-0.036087887906281674,0.05832087994170365,0.08519725783691001
2025-09-02 04:00:00,28,0.1134916097239369,-0.04924733982949209,0.18087834697645597,0.511029550897792,-0.6530779968044342
2025-09-02 08:00:00,28,3.543135423118379,0.7257702625227149,-0.04440310497306228,0.432358035314369,0.1134916097239369
2025-09-02 12:00:00,28,-1.3816515963496538,-1.5617655100579853,-1.052315669430556,-2.0237163329324623,3.543135423118379
2025-09-02 16:00:00,28,0.02936798819133024,-0.565226404044024,0.3949934344516326,-1.065966016785902,-1.3816515963496538
2025-09-02 20:00:00,28,-2.012513074784014,-1.5011746592762434,-0.019680638231986264,-1.0863236815178414,0.02936798819133024
2025-09-03 00:00:00,28,-0.4725524611354146,0.011753520210725251,0.5803926319026631,0.30873498502003294,-2.012513074784014
2025-09-03 04:00:00,28,-0.16573342133290225,0.3597484892839849,0.12782503721419877,0.6363047357763172,-0.4725524611354146
2025-09-03 08:00:00,28,2.7404203002745593,1.2271487051801035,0.0376562669110041,0.7511898754866522,-0.16573342133290225
2025-09-03 12:00:00,28,-1.0710712727831364,-0.6724154156306537,-0.8164116799741221,-1.1484485108451459,2.7404203002745593
2025-09-03 16:00:00,28,0.0676608544528623,0.10381285112184287,0.3037192883804282,-0.40599009887372084,-1.0710712727831364
2025-09-03 20:00:00,28,-0.9463863711193277,-0.9495013665641373,-0.030934244476271116,-0.4528920855353249,0.0676608544528623
2025-09-04 00:00:00,28,-1.2034264383330218,-0.18270710105952295,0.2670765680797687,0.20313570651518909,-0.9463863711193277
2025-09-04 04:00:00,28,0.14541447530810814,0.709267306534674,0.342616165603532,1.037341706651345,-1.2034264383330218
2025-09-04 08:00:00,28,1.2626965573512443,1.353581880238239,-0.0537846789983628,0.9365415048735724,0.14541447530810814
2025-09-04 12:00:00,28,1.1915966965701,0.4550434246077067,-0.3821344172821005,0.06124991168506888,1.2626965573512443
2025-09-04 16:00:00,28,-0.26258053032185913,-0.3199432744275263,-0.3612394069219526,-0.7647558019654745,1.1915966965701
2025-09-04 20:00:00,28,-1.3925089813207823,-0.9949684955855812,0.06611794494302761,-0.5827369872410362,-0.26258053032185913
2025-09-05 00:00:00,28,-1.1742958418558196,-0.004474438484846003,0.3981842307339793,0.3825395851021618,-1.3925089813207823
2025-09-05 04:00:00,28,-0.26190995507232273,0.7381786786577802,0.3340551908210068,1.1965524786264279,-1.1742958418558196
2025-09-05 08:00:00,28,1.889980974299288,1.7764740906449614,0.06592087456015511,1.3781064557181804,-0.26190995507232273
2025-09-05 12:00:00,28,1.9808426096316047,0.9135471241819524,-0.5664823786829575,0.06798610379406433,1.889980974299288
2025-09-05 16:00:00,28,-0.4247178874071018,-0.9579138529850129,-0.5931850302880396,-1.305118838597748,1.9808426096316047
2025-09-05 20:00:00,28,-2.198906474847732,-1.5067828216285577,0.11376728938396079,-1.0107076483874557,-0.4247178874071018
2025-09-06 00:00:00,28,1.0816597999543873,0.12238039952154414,0.6351704047788014,0.5135574970560306,-2.198906474847732
2025-09-08 04:00:00,28,-0.5464717509409169,-0.6177303490908107,-0.3289308683606926,-0.23624080094207578,1.0816597999543873
2025-09-08 08:00:00,28,0.644636253363343,0.5987716712825744,0.14954862864365426,0.14256923598157023,-0.5464717509409169
2025-09-08 12:00:00,28,-0.5672279380103245,0.022306829330546965,-0.20049726197492387,-0.30428768300542863,0.644636253363343
2025-09-08 16:00:00,28,0.13658114439245495,0.5133038745873132,0.15564851040274,0.08891038399775653,-0.5672279380103245
2025-09-08 20:00:00,28,-0.018939667434867857,-0.4254458172388061,-0.05118871693923403,-0.005766620369435316,0.13658114439245495
2025-09-09 00:00:00,28,-1.1175494929654022,-0.37644829028584414,-0.005483859874136717,0.00736221219687927,-0.018939667434867857
2025-09-09 04:00:00,28,0.6708547750162559,0.3397224519717798,0.3173784275342876,0.7820389708130744,-1.1175494929654022
2025-09-09 08:00:00,28,0.7536905091477433,0.6900395358286706,-0.20820242870164501,0.3170075732033055,0.6708547750162559
2025-09-09 12:00:00,28,-0.7686074961744485,0.04167794477756144,-0.23254640777349864,-0.20544492156458283,0.7536905091477433
2025-09-09 16:00:00,28,0.40894987798269256,0.7389086349530597,0.21483045405117662,0.32734791448653944,-0.7686074961744485
2025-09-09 20:00:00,28,-1.3972377983052482,-0.4391184102941544,-0.131233142450369,0.043866987774752175,0.40894987798269256
2025-09-10 00:00:00,28,0.18139540458102843,0.6506898499887392,0.399573947658824,1.0124215398733671,-1.3972377983052482
2025-09-10 04:00:00,28,0.4576715220282104,0.48574352062879994,-0.06435884724096505,0.8866796331987636,0.18139540458102843
2025-09-10 08:00:00,28,0.9984129880031656,0.9458320761487626,-0.14555158479202426,0.5694252355837044,0.4576715220282104
2025-09-10 12:00:00,28,0.23562439252252432,0.16385197236280943,-0.304466080679542,-0.12266700925663088,0.9984129880031656
2025-09-10 16:00:00,28,-0.6476166930401366,0.08058647448371044,-0.08029580200302547,-0.2860000354887937,0.23562439252252432
2025-09-10 20:00:00,28,-0.15160931656792798,-0.25803796516721633,0.17927336494862647,0.1629229014800515,-0.6476166930401366
2025-09-11 00:00:00,28,-1.0860724677094957,-0.1871681474470376,0.033505438595033354,0.26801731982497223,-0.15160931656792798
2025-09-11 04:00:00,28,-0.19282751615191174,0.616408779847214,0.3081278782138981,1.0208744453514313,-1.0860724677094957
2025-09-11 08:00:00,28,1.538568048387134,1.5389863524261822,0.04561874933673861,1.1545410043046278,-0.19282751615191174
2025-09-11 12:00:00,28,0.7259697952552706,0.472141895436553,-0.4632082421804055,0.08801740410834569,1.538568048387134
2025-09-11 16:00:00,28,-0.20353012726132746,-0.08391107870491259,-0.22439977291922167,-0.41521930386896067,0.7259697952552706
2025-09-11 20:00:00,28,-1.502611653482127,-0.8082821649901915,0.048764060277645294,-0.27413377677595285,-0.20353012726132746
2025-09-12 00:00:00,28,0.602578358493794,0.39735387637182656,0.4305414878399086,0.7674651255596352,-1.502611653482127
2025-09-12 04:00:00,28,-1.2054785772829923,-0.09696933485127457,-0.18813717941821806,0.34976241752870685,0.602578358493794
2025-09-12 08:00:00,28,2.472612700687451,1.582449295327493,0.3432192534879385,1.1853909446849187,-1.2054785772829923
2025-09-12 12:00:00,28,-0.10688252312317914,-0.1288133103725825,-0.7377076922810409,-0.5286052624979085,2.472612700687451
2025-09-12 16:00:00,28,0.0933627362491034,-0.0028682516310973103,0.020361013245440148,-0.4545151151827529,-0.10688252312317914
2025-09-12 20:00:00,28,-1.642741319248465,-0.9911049879100026,-0.038487579750173334,-0.5192334496710789,0.0933627362491034
2025-09-13 00:00:00,28,-0.6852362280386473,0.13728801393634385,0.471723155226917,0.6195022648998112,-1.642741319248465
2025-09-15 04:00:00,28,-0.14914093856623367,0.64551522181226,0.19032909086569172,1.0945027757181727,-0.6852362280386473
2025-09-15 08:00:00,28,2.354693422130403,1.5304092726781129,0.03278002530516877,1.197886133316855,-0.14914093856623367
2025-09-15 12:00:00,28,-0.494285079909746,-0.21690714114755857,-0.7030532707387119,-0.43436933212169393,2.354693422130403
2025-09-15 16:00:00,28,0.09383621632970929,0.2826612399524513,0.13421187523967107,-0.09173469629829079,-0.494285079909746
2025-09-15 20:00:00,28,-1.1680929431688991,-0.6969799025498313,-0.03862672729674922,-0.15678124355609313,0.09383621632970929
2025-09-16 00:00:00,28,-0.5335802331427928,0.16556479532947724,0.3322322669657111,0.6529318480542017,-1.1680929431688991
2025-09-16 04:00:00,28,0.8703453538963686,0.5919151507926563,0.1457600361627352,1.0228055834678411,-0.5335802331427928
2025-09-16 08:00:00,28,0.7622900194259561,0.6838205238203099,-0.26682923424888316,0.4194888427980157,0.8703453538963686
2025-09-16 12:00:00,28,-0.14827394285123852,0.16795193954708185,-0.23507365402097805,-0.10892476670344564,0.7622900194259561
2025-09-16 16:00:00,28,0.5653893719307064,0.43881697370069517,0.03252523036959512,-0.006142403901375104,-0.14827394285123852
2025-09-16 20:00:00,28,-1.26405181660855,-0.9922721355838843,-0.17720798418517766,-0.39806599096427675,0.5653893719307064
2025-09-17 00:00:00,28,0.30686209746536264,-0.06305027341510772,0.36043290804490385,0.4781650575728644,-1.26405181660855
2025-09-17 04:00:00,28,-1.399896869678546,-0.15855566086387127,-0.10123132236073225,0.2654505992844456,0.30686209746536264
2025-09-17 08:00:00,28,1.6339639105101469,1.5530766060320527,0.4003554024082849,1.2358483993155787,-1.399896869678546
2025-09-17 12:00:00,28,0.018228564117364954,0.3432765668183066,-0.491243424042593,0.10319711732977765,1.6339639105101469
2025-09-17 16:00:00,28,-0.2964333795362286,0.5572949863926905,-0.016406955571086974,0.09056121614280066,0.018228564117364954
2025-09-17 20:00:00,28,2.623446709450997,-0.24615318338747108,0.07606670753248074,0.29604656694853837,-0.2964333795362286
2025-09-18 00:00:00,28,-2.598681732013281,-2.0526339984418174,-0.7820351795806048,-1.522506621140769,2.623446709450997
2025-09-18 04:00:00,28,-0.2052160792875135,-0.18784245467789348,0.7526573878534607,0.278879674055279,-2.598681732013281
2025-09-18 08:00:00,28,1.6161475722647012,0.7371354496818716,0.04925953220497166,0.42113389019431935,-0.2052160792875135
2025-09-18 12:00:00,28,-0.16365545331064624,-0.362144398575509,-0.486007512633928,-0.6991672424251476,1.6161475722647012
2025-09-18 16:00:00,28,1.0336551140448496,-0.07096330383145082,0.03704558831225485,-0.58572253425017,-0.16365545331064624
2025-09-18 20:00:00,28,-2.159532292457518,-1.8519983345189461,-0.3148231275241388,-1.3022443512397164,1.0336551140448496
2025-09-19 00:00:00,28,-0.16233406473617862,-0.30957751583854226,0.623599018563316,0.1947269122064057,-2.159532292457518
2025-09-19 04:00:00,28,0.5520664256939654,-0.23518341861842804,0.036657255231853036,0.30725564393095794,-0.16233406473617862
2025-09-19 08:00:00,28,1.1048498560000528,0.18352105993272946,-0.17329260240262678,-0.07543257872896625,0.5520664256939654
2025-09-19 12:00:00,28,-0.31665787602280737,-0.5123456988609351,-0.33574602180829394,-0.8413060461604331,1.1048498560000528
2025-09-19 16:00:00,28,-1.1028818973859664,-0.23105185292653074,0.08201033469254838,-0.6218012291194288,-0.31665787602280737
2025-09-19 20:00:00,28,-0.9419710646693673,-0.19264383081104122,0.3130678767368091,0.1427080644567873,-1.1028818973859664
2025-09-20 00:00:00,28,0.0512784608821768,0.5244474342981487,0.26577898643893916,0.7956751998558662,-0.9419710646693673
2025-09-22 04:00:00,29,0.7011720669742338,0.20388435039822803,-0.01214347340869283,0.6564452135355161,0.0512784608821768
2025-09-22 08:00:00,29,0.7916027193068018,0.7721330214534554,-0.169738364223879,0.1798251807893294,0.7011720669742338
2025-09-22 12:00:00,29,-0.14316532304338736,-0.04654446198452424,-0.19166719787773467,-0.35826487123757644,0.7916027193068018
2025-09-22 16:00:00,29,-0.21071142523904562,0.12945632216125594,0.03500785507060341,-0.26094858587624614,-0.14316532304338736
2025-09-22 20:00:00,29,-1.8152797746837255,-0.719235505898097,0.051387337036161204,-0.11771799936584593,-0.21071142523904562
2025-09-23 00:00:00,29,-0.10253835591822735,0.5734096362105154,0.4404845238154057,1.116214078657224,-1.8152797746837255
2025-09-23 04:00:00,29,1.7711898085820188,0.7803317283989842,0.02515608489126297,1.1859142804441873,-0.10253835591822735
2025-09-23 08:00:00,29,0.9928217798410763,0.48626027719752185,-0.42921057256424655,-0.01804774874642412,1.7711898085820188
2025-09-23 12:00:00,29,-0.7464128388419535,-0.30274380580362076,-0.24046148601594028,-0.6929159751162732,0.9928217798410763
2025-09-23 16:00:00,29,-0.02467461612817523,0.212872358774045,0.18129137824368863,-0.1855436360751348,-0.7464128388419535
2025-09-23 20:00:00,29,-0.890432048228476,-0.6043584252197924,0.0062746442128988195,-0.16877112487433976,-0.02467461612817523
2025-09-24 00:00:00,29,-1.0996980931716749,-0.048566438219918635,0.2162150817019182,0.4364979267242397,-0.890432048228476
2025-09-24 04:00:00,29,0.5000286434624783,0.8321026891406831,0.2669607102094216,1.184015071039779,-1.0996980931716749
2025-09-24 08:00:00,29,1.16047347916453,1.433578511782816,-0.12096241756217622,0.8441217985516793,0.5000286434624783
2025-09-24 12:00:00,29,0.5018132182650721,0.43453796369202574,-0.2811159116052845,0.055292731205495826,1.16047347916453
2025-09-24 16:00:00,29,0.4448430340898515,0.17241488784517703,-0.12139516512043802,-0.28581360172940684,0.5018132182650721
2025-09-24 20:00:00,29,-0.8340607467229866,-0.8297028727855797,-0.10758027315865562,-0.5881945884531827,0.4448430340898515
2025-09-25 00:00:00,29,-1.6726049626317128,-0.2572932261794905,0.20254541481707558,-0.021243794005709304,-0.8340607467229866
2025-09-25 04:00:00,29,0.7879059432655104,0.9544154042166888,0.40588682779771446,1.1157054223273128,-1.6726049626317128
2025-09-25 08:00:00,29,1.4365112518873904,1.4296683550005629,-0.19077075419659315,0.5801282449582068,0.7879059432655104
2025-09-25 12:00:00,29,0.5982224896499204,0.17321612991038657,-0.348053241416411,-0.39633683709988077,1.4365112518873904
2025-09-25 16:00:00,29,-0.7902381271354919,-0.062456956415929445,-0.14477377425744598,-0.8029771412934696,0.5982224896499204
2025-09-25 20:00:00,29,0.07224361246156796,-0.5765665037108176,0.19191872010214342,-0.2658146675258948,-0.7902381271354919
2025-09-26 00:00:00,29,-1.0870237275502213,-0.7876136993854269,-0.017227383672013638,-0.3149220900245169,0.07224361246156796
2025-09-26 04:00:00,29,-0.5275940440581444,0.09983973899248352,0.2638872605746797,0.42397968462348423,-1.0870237275502213
2025-09-26 08:00:00,29,0.9683352974761164,1.6820726004232558,0.1282292712326215,0.7826104721287805,-0.5275940440581444
2025-09-26 12:00:00,29,0.789052826457338,0.5800093435084155,-0.23452367638282437,0.12438687348489097,0.9683352974761164
2025-09-26 16:00:00,29,0.38477916306461957,-0.06277038926269099,-0.19104886576700952,-0.4119698949863029,0.789052826457338
2025-09-26 20:00:00,29,-2.042904419593917,-1.2604762549932595,-0.09301518264625869,-0.6735226092741193,0.38477916306461957
2025-09-27 00:00:00,29,0.7552702650893721,0.4644995351376927,0.49568199110112915,0.7151367758122564,-2.042904419593917
2025-09-29 04:00:00,29,-1.256822566309392,-0.38495742447877246,-0.1828568186067736,0.20174362249893996,0.7552702650893721
2025-09-29 08:00:00,29,1.2603858448427054,1.8253481907675349,0.30506235324208847,1.0560657510108573,-1.256822566309392
2025-09-29 12:00:00,29,0.7091488096003022,0.6646928107284891,-0.30534399788362315,0.1993214924523734,1.2603858448427054
2025-09-29 16:00:00,29,0.17922883436646408,0.1473626353689993,-0.17167267142652293,-0.28272071198421145,0.7091488096003022
2025-09-29 20:00:00,29,-1.3397437516175117,-0.7127245963964811,-0.043170590693737,-0.4045510827709915,0.17922883436646408
2025-09-30 00:00:00,29,0.5198834639493448,0.28154185439203927,0.3251701909287511,0.5061365228020094,-1.3397437516175117
2025-09-30 04:00:00,29,-0.34908958966589054,-0.1203450602910151,-0.1257770798968286,0.15274698365363548,0.5198834639493448
2025-09-30 08:00:00,29,1.2111102472248252,1.269857539906459,0.0849431244906472,0.39003979592424187,-0.34908958966589054
2025-09-30 12:00:00,29,-0.04284962236967438,0.10395135545302717,-0.2933949921484553,-0.4332094932017476,1.2111102472248252
2025-09-30 16:00:00,29,0.5720394761505094,0.15844449766753804,0.010681962729875675,-0.4040825650496789,-0.04284962236967438
2025-09-30 20:00:00,29,-1.3710109484277222,-1.2658161963644092,-0.13842456707188133,-0.792925028543003,0.5720394761505094
2025-10-01 00:00:00,29,-0.5603672333999228,-0.43583346146250324,0.3327522788600856,0.13901637915573417,-1.3710109484277222
2025-10-01 04:00:00,29,0.3746825726663303,0.07380324654830137,0.13617655236843776,0.5199246636022341,-0.5603672333999228
2025-10-01 08:00:00,29,1.418090311206928,0.8777374128907725,-0.09056682641300985,0.265235082449518,0.3746825726663303
2025-10-01 12:00:00,29,0.4652634423745994,-0.4345391171962356,-0.3435862854284808,-0.6987084093115907,1.418090311206928
2025-10-01 16:00:00,29,0.02340237147187274,-0.7690857385069628,-0.11253208678456245,-1.0149701196462857,0.4652634423745994
2025-10-01 20:00:00,29,-2.3256661413799034,-1.6114794691637526,-0.005383706539484776,-1.0308778255898439,0.02340237147187274
2025-10-02 00:00:00,29,-0.03754170277982638,0.058589907730200716,0.564249833981652,0.5499881624757084,-2.3256661413799034
2025-10-02 04:00:00,29,-0.11903510772303605,0.07206413443461188,0.009394827419762478,0.5755070450026221,-0.03754170277982638
2025-10-02 08:00:00,29,1.2457550586885962,1.3390979029667684,0.029156437833827216,0.6564208743080666,-0.11903510772303605
2025-10-02 12:00:00,29,-0.5370488281297856,0.21113740519081345,-0.3017961292403816,-0.19037814241275441,1.2457550586885962
2025-10-02 16:00:00,29,1.424196690936169,0.6567148549543231,0.13052199368670334,0.1746795119146629,-0.5370488281297856
2025-10-02 20:00:00,29,-2.5995125365322824,-1.3670765711141717,-0.3450670420287688,-0.7934147768385031,1.424196690936169
2025-10-03 00:00:00,29,0.20277249292718835,0.4464347871277295,0.6306557692603233,0.9735976422852453,-2.5995125365322824
2025-10-03 04:00:00,29,0.7820807732835213,0.3470476335704477,-0.048879771805055386,0.8357635259947358,0.20277249292718835
2025-10-03 08:00:00,29,0.8489288043845651,0.8347485483736377,-0.1893581890956504,0.30414599396567965,0.7820807732835213
2025-10-03 12:00:00,29,-0.26781299811509207,2.235563058889926,-0.20556839344883324,-0.2729113270582353,0.8489288043845651
2025-10-03 16:00:00,29,-0.4941001388629047,0.34213424714622115,0.06523408988681358,-0.09086608318208356,-0.26781299811509207
2025-10-03 20:00:00,29,-0.1882747892170329,-0.38224327003705666,0.1201072212805401,0.24499730250721896,-0.4941001388629047
2025-10-04 00:00:00,29,2.6800458342464495,-0.07401568915374108,0.04594660155114658,0.37297663943251713,-0.1882747892170329
2025-10-06 04:00:00,29,-2.5630879684093735,-2.155946642201107,-0.6496021332576771,-1.4487780958809235,2.6800458342464495
2025-10-06 08:00:00,29,1.790903529218495,0.8691201972088163,0.62182305297798,0.2934748103226603,-2.5630879684093735
2025-10-06 12:00:00,29,-0.7100189322862249,-0.6594713548476818,-0.43399101912064253,-0.9238875732429523,1.790903529218495
2025-10-06 16:00:00,29,-0.3357842075791613,-0.13026375926605818,0.17246609718810657,-0.4412539049951434,-0.7100189322862249
2025-10-06 20:00:00,29,-0.8849280771815415,-0.6647913862901703,0.08171665754658648,-0.21300539432263577,-0.3357842075791613
2025-10-07 00:00:00,29,-0.17096967755696468,-0.16593478264538247,0.21488040521324273,0.38852234614250847,-0.8849280771815415
2025-10-07 04:00:00,29,-0.013167220878116837,0.1776219008964833,0.04175022670294297,0.5047385748742794,-0.17096967755696468
2025-10-07 08:00:00,29,1.6387935575671175,1.1940743128902571,0.0034841771564445615,0.5136889617218134,-0.013167220878116837
2025-10-07 12:00:00,29,-0.14012588126666792,-0.2537015916662864,-0.3971053594532903,-0.6002770330196494,1.6387935575671175
2025-10-07 16:00:00,29,-0.44992962344886855,-0.1091375599063682,0.03427081059062838,-0.5050268009245329,-0.14012588126666792
2025-10-07 20:00:00,29,-0.5324457474296462,-0.6676936238799244,0.10939616413415006,-0.19918821726977498,-0.44992962344886855
2025-10-08 00:00:00,29,-0.7709254537358845,-0.37529829626875394,0.1294057771344063,0.16274050397920092,-0.5324457474296462
2025-10-08 04:00:00,29,0.8637683343469078,0.28828207695700453,0.18723552484182668,0.6867752342702591,-0.7709254537358845
2025-10-08 08:00:00,29,0.3611155633189078,0.7367560927547202,-0.2091668810816425,0.09963077830511402,0.8637683343469078
2025-10-08 12:00:00,29,0.5106682193895686,0.11057185655842416,-0.08727691659276644,-0.1458366607458199,0.3611155633189078
2025-10-08 16:00:00,29,0.18263414767348252,-0.12129654921074451,-0.12354244418627594,-0.4929621594814062,0.5106682193895686
2025-10-08 20:00:00,29,-1.221762805778571,-1.0780272508366882,-0.043996356594155864,-0.6171072838306149,0.18263414767348252
2025-10-09 00:00:00,29,-0.37508868598187917,-0.2664083226591149,0.2965605937524303,0.2133830564522281,-1.221762805778571
2025-10-09 04:00:00,29,0.0032600613142861334,0.13130661501021984,0.09124773297856538,0.46834869215827446,-0.37508868598187917
2025-10-09 08:00:00,29,1.6029155145359333,1.2161044103063594,-0.0004993298656806701,0.46613267328993047,0.0032600613142861334
2025-10-09 12:00:00,29,-0.48351081151902164,-0.18472796418900267,-0.38840517188234025,-0.6234453076531707,1.6029155145359333
2025-10-09 16:00:00,29,1.1358667217847618,0.1942667321597966,0.11753937960473029,-0.29477999185729864,-0.48351081151902164
2025-10-09 20:00:00,29,-1.6718462666291813,-1.4493760500706492,-0.2751489360784764,-1.0668826748243472,1.1358667217847618
2025-10-10 00:00:00,29,-0.2764079188526054,-0.308586962063607,0.4057028490471004,0.06955081971854504,-1.6718462666291813
2025-10-10 04:00:00,29,-0.5719125272278376,-0.07446760274421298,0.06731830118308801,0.25743844037539354,-0.2764079188526054
2025-10-10 08:00:00,29,1.3965859120096944,1.3952567228787967,0.13897620957876233,0.6461946106426595,-0.5719125272278376
2025-10-10 12:00:00,29,0.6900931177318537,0.18300647860708472,-0.33837161119293496,-0.3031313172816539,1.3965859120096944
2025-10-10 16:00:00,29,1.0657817684945279,-0.30817860752137366,-0.16705179248377702,-0.772220460821881,0.6900931177318537
2025-10-10 20:00:00,29,-2.677854617415141,-1.4109471608283235,-0.25815379955454926,-1.496683064690579,1.0657817684945279
2025-10-11 00:00:00,29,0.7422066847223601,0.8515377315805144,0.6496532044823892,0.32358219623122153,-2.677854617415141
2025-10-13 04:00:00,29,-0.1639376371009167,-0.5542417546244393,-0.17968898697664823,-0.18093101962369573,0.7422066847223601
2025-10-13 08:00:00,29,1.2115704709944382,0.712032512773268,0.04004500351334618,-0.06949480354544946,-0.1639376371009167
2025-10-13 12:00:00,29,-1.2633895436864968,-0.44304097145245025,-0.29350659336139673,-0.8930569286762857,1.2115704709944382
2025-10-13 16:00:00,29,-0.04381810171080858,0.49423452138175633,0.30665480171831494,-0.034270913024617045,-1.2633895436864968
2025-10-13 20:00:00,29,-1.0863328809239832,-0.3752667806692323,0.010916812549280095,-0.004485663360572545,-0.04381810171080858
2025-10-14 00:00:00,29,0.1600949545758965,0.4354335286951602,0.2637197348479893,0.7339465099482858,-1.0863328809239832
2025-10-14 04:00:00,29,-0.0765966562219127,0.4034350823250676,-0.038530751698247226,0.6251223481106081,0.1600949545758965
2025-10-14 08:00:00,29,2.8108957130060297,1.6832909395765328,0.018865394703087835,0.6771887416768507,-0.0765966562219127
2025-10-14 12:00:00,29,-0.5230002791166797,-0.5309344283673969,-0.6813323613488509,-1.233510885249789,2.8108957130060297
2025-10-14 16:00:00,29,-0.3529516646817026,-0.23462853411768647,0.1271153136900415,-0.8780026984582907,-0.5230002791166797
2025-10-14 20:00:00,29,-1.4896535986679051,-1.295369543630982,0.08587965207721149,-0.6380846499479595,-0.3529516646817026
2025-10-15 00:00:00,29,-0.6909537748364265,-0.12321978231836991,0.3615223349667424,0.37450381502245556,-1.4896535986679051
2025-10-15 04:00:00,29,0.5968805394718437,0.5931536966205289,0.16784292290463823,0.8441779881676617,-0.6909537748364265
2025-10-15 08:00:00,29,1.560437491189262,1.0404979727067545,-0.14444836023611854,0.43844987139274494,0.5968805394718437
2025-10-15 12:00:00,29,-0.8531917221082672,-0.4157919044701286,-0.37810453284140877,-0.6222537749439443,1.560437491189262
2025-10-15 16:00:00,29,1.2740272684892453,0.3215811088696185,0.20718454951353887,-0.04229874580990334,-0.8531917221082672
2025-10-15 20:00:00,29,-1.289799085546779,-0.9441446815209734,-0.3086519526780509,-0.9083157294117221,1.2740272684892453
2025-10-16 00:00:00,29,-0.26790502529194526,-0.44931043530092335,0.313058940529554,-0.03157789094917263,-1.289799085546779
2025-10-16 04:00:00,29,-0.44058544709195857,-0.1988077208537468,0.06525640586707905,0.15052990817997625,-0.26790502529194526
2025-10-16 08:00:00,29,0.1368351797880507,1.2130974140664554,0.10713026331758398,0.45001681034172414,-0.44058544709195857
2025-10-16 12:00:00,29,1.7144647697866553,0.7788199274513605,-0.03289041051976032,0.35700342469325186,0.1368351797880507
2025-10-16 16:00:00,29,0.11412531030386219,-0.4544903755347019,-0.4154551267318156,-0.8083998952709006,1.7144647697866553
2025-10-16 20:00:00,29,-0.7113729099172197,-1.3258144329212818,-0.02738341773165023,-0.8859763015429358,0.11412531030386219
2025-10-17 00:00:00,29,-1.5897380549065865,-0.8070558124070929,0.1727944277870271,-0.4024222702441467,-0.7113729099172197
2025-10-17 04:00:00,29,0.20057010905896888,0.5112558098325215,0.3857921520650784,0.6781983640848015,-1.5897380549065865
2025-10-17 08:00:00,29,1.6536652065551518,1.6074903942283971,-0.04834570831836829,0.5418613129525234,0.20057010905896888
2025-10-17 12:00:00,29,-0.9344106595767077,0.007897753200282284,-0.4007116357368872,-0.582213649560936,1.6536652065551518
2025-10-17 16:00:00,29,1.0209013429532003,0.47723479185031503,0.2268796033846355,0.05294975774319788,-0.9344106595767077
2025-10-17 20:00:00,29,-0.7130611207809423,-1.1119715233313252,-0.2472705939088505,-0.6410054843826423,1.0209013429532003
2025-10-18 00:00:00,29,-0.9214440781082889,-0.5697135146288294,0.17320380772898594,-0.15630389579363957,-0.7130611207809423
2025-10-20 04:00:00,30,-0.02982846031884634,0.08004860427102486,0.18503553858664037,0.4659753557050408,-0.9214440781082889
2025-10-20 08:00:00,30,1.215829359140388,1.243736391351101,0.007892466673806749,0.48729480611663334,-0.02982846031884634
2025-10-20 12:00:00,30,0.05890541790464887,-0.005657085499722166,-0.23959047136436482,-0.3817012283442853,1.215829359140388
2025-10-20 16:00:00,30,-0.13301281395384734,0.2972385835270354,-0.009736869844792932,-0.42380300371479684,0.05890541790464887
2025-10-20 20:00:00,30,-1.5505417788680091,-0.7358100642015362,0.028392773096838395,-0.32873406415562734,-0.13301281395384734
2025-10-21 00:00:00,30,0.03623878269752012,0.2847895738979716,0.3100224690782442,0.7794927169898145,-1.5505417788680091
2025-10-21 04:00:00,30,-0.3562561221319527,0.3874750763775932,-0.005233542053750823,0.7535915835609419,0.03623878269752012
2025-10-21 08:00:00,30,1.9629704744385421,1.894064780587752,0.07274597262097672,1.008220372590987,-0.3562561221319527
2025-10-21 12:00:00,30,0.5169206031419051,0.11654265292437127,-0.38802985451966376,-0.3947837128318241,1.9629704744385421
2025-10-21 16:00:00,30,0.0757207688754793,-0.09362498496320082,-0.10073372462937698,-0.764245061074849,0.5169206031419051
2025-10-21 20:00:00,30,-2.3622093030494025,-1.085478846810242,-0.013077684952597361,-0.8183653596055951,0.0757207688754793
2025-10-22 00:00:00,30,-0.4068329107221267,0.5404364556371621,0.47128173342564206,0.8699887679571336,-2.3622093030494025
2025-10-22 04:00:00,30,1.0559511465722622,1.4134557203648406,0.08279439205149543,1.1607665678579977,-0.4068329107221267
2025-10-22 08:00:00,30,2.5665511990076606,1.6685692565193198,-0.20782642737367404,0.4060411188817312,1.0559511465722622
2025-10-22 12:00:00,30,-1.030391224095732,-0.7885291035457374,-0.5079471614446274,-1.4283633535974065,2.5665511990076606
2025-10-22 16:00:00,30,-0.9533091163568876,0.25400586612967174,0.20668077643498545,-0.6919064808043451,-1.030391224095732
2025-10-22 20:00:00,30,-1.0516797472441866,0.10493724249759157,0.19136637291631642,-0.010542903340411414,-0.9533091163568876
2025-10-23 00:00:00,30,0.1721905697675723,0.5900710934467505,0.21091030574309058,0.7411296262028841,-1.0516797472441866
2025-10-23 04:00:00,30,-0.30295810586788363,0.4467137601803653,-0.03224396752536447,0.6180589656906399,0.1721905697675723
2025-10-23 08:00:00,30,0.7531145615856332,1.8267168771813451,0.06215690919554559,0.834593786656896,-0.30295810586788363
2025-10-23 12:00:00,30,0.11440225568767204,0.9464613876865237,-0.14765991404461762,0.2963163033960896,0.7531145615856332
2025-10-23 16:00:00,30,0.831879437858408,1.085505849300552,-0.02076278743774219,0.21454898483400164,0.11440225568767204
2025-10-23 20:00:00,30,-1.5092709292204987,-0.8418449524417049,-0.16330864412898513,-0.380024527652683,0.831879437858408
2025-10-24 00:00:00,30,-0.6476170089148106,0.17218406431842487,0.3018229210430289,0.6987045247096049,-1.5092709292204987
2025-10-24 04:00:00,30,0.6232176470770412,0.807910138418465,0.1306325343749356,1.1615791940581932,-0.6476170089148106
2025-10-24 08:00:00,30,2.189928906504443,1.555251467785921,-0.12185244947249671,0.7161436073580045,0.6232176470770412
2025-10-24 12:00:00,30,0.6018827590980607,-0.5118450362092037,-0.43312116186166705,-0.8490756573332003,2.189928906504443
2025-10-24 16:00:00,30,-1.2005380614659753,-0.6575678431752024,-0.11761370856205508,-1.2792624487069553,0.6018827590980607
2025-10-24 20:00:00,30,-1.165521713160107,-0.8507589053629665,0.2404849548798901,-0.42119564287580147,-1.2005380614659753
2025-10-25 00:00:00,30,0.6805066337901451,0.2663738036599522,0.23352802929187724,0.4118437464101419,-1.165521713160107
2025-10-27 04:00:00,30,-0.9862669116397242,-0.610466580900044,-0.1332344249456196,-0.0745382953971756,0.6805066337901451
2025-10-27 08:00:00,30,1.0140188428668964,1.3694235892619724,0.19791431239089693,0.6303813783150094,-0.9862669116397242
2025-10-27 12:00:00,30,-0.4295398874659888,0.21147049169203583,-0.19949546396012766,-0.09437357738287666,1.0140188428668964
2025-10-27 16:00:00,30,0.3727202215974259,0.794655048325968,0.08730573475793388,0.2126336979757646,-0.4295398874659888
2025-10-27 20:00:00,30,-0.40357720991795176,-0.48990402817374906,-0.07208449726263065,-0.05376256240123034,0.3727202215974259
2025-10-28 00:00:00,30,-0.6870111442982072,-0.3677389711699572,0.08214756080474082,0.23468827354951216,-0.40357720991795176
2025-10-28 04:00:00,30,0.8849192526481886,0.41755191691426347,0.1384592233852361,0.7257193179451633,-0.6870111442982072
2025-10-28 08:00:00,30,0.305700901011452,0.9343637088732031,-0.17384640898873918,0.09323638307584581,0.8849192526481886
2025-10-28 12:00:00,30,0.773033449890864,0.2892372061876181,-0.05876933309407968,-0.1252588101130261,0.305700901011452
2025-10-28 16:00:00,30,-0.23005650402086353,-0.02779699628550281,-0.15161732909329664,-0.6777730238969024,0.773033449890864
2025-10-28 20:00:00,30,-0.6029460228167043,-0.932886293799527,0.04767307396331312,-0.5133435435647122,-0.23005650402086353
2025-10-29 00:00:00,30,-0.4645525695436561,-0.6240328436105522,0.12175745912399631,-0.08239680018935402,-0.6029460228167043
2025-10-29 04:00:00,30,-0.02458041403717459,-0.08686439815898156,0.09426193195255286,0.249635271332167,-0.4645525695436561
2025-10-29 08:00:00,30,0.9663808766724369,1.1067797763103224,0.006849803197160922,0.2672037583596669,-0.02458041403717459
2025-10-29 12:00:00,30,0.013953929798033116,0.07761220094928614,-0.1900309194826675,-0.4235026662663621,0.9663808766724369
2025-10-29 16:00:00,30,-0.06404343939341928,0.20828239541708798,-0.00080606543604875,-0.4334760310058101,0.013953929798033116
2025-10-29 20:00:00,30,2.0831924410916187,-0.7995542501195522,0.014690179026277544,-0.38770193084304694,-0.06404343939341928
2025-10-30 00:00:00,30,-2.915322046685155,-2.360898533961797,-0.4119151342965344,-1.8766328870814135,2.0831924410916187
2025-10-30 04:00:00,30,0.5291947856762924,-0.12731568368207088,0.581172238444713,0.20705038532866205,-2.915322046685155
2025-10-30 08:00:00,30,0.41862179649823084,0.8340884420243672,-0.10317231627804152,-0.1711837531652698,0.5291947856762924
2025-10-30 12:00:00,30,-0.0734696190052091,0.25806190912210286,-0.08120406159207222,-0.47038748464372837,0.41862179649823084
2025-10-30 16:00:00,30,0.798895022052772,0.5627908943727807,0.016562939417099784,-0.4178761621551672,-0.0734696190052091
2025-10-30 20:00:00,30,-1.1607146847769112,-1.2605978315552717,-0.15675541578205815,-0.9888745517690403,0.798895022052772
2025-10-31 00:00:00,30,-0.5663405666797914,-0.6557258703609117,0.2325729857085418,-0.15927091485338885,-1.1607146847769112
2025-10-31 04:00:00,30,-0.016832206532466643,-0.14599827796868647,0.11448481515109257,0.2455126206807794,-0.5663405666797914
2025-10-31 08:00:00,30,0.6883625214931275,1.067254270154161,0.005310416434729662,0.25754319110415125,-0.016832206532466643
2025-10-31 12:00:00,30,0.8598558557929046,0.12032096357251001,-0.1347952052331596,-0.23445373013483994,0.6883625214931275
2025-10-31 16:00:00,30,0.066080962497578,-0.2433813380393831,-0.16886690097773893,-0.8490229731578296,0.8598558557929046
2025-10-31 20:00:00,30,-1.9051097621852584,-1.2839622865604583,-0.011162481943188411,-0.8962533627943774,0.066080962497578
2025-11-01 00:00:00,30,0.35766271019772233,0.31876289525842255,0.3804667956620215,0.46539563515568183,-1.9051097621852584
2025-11-03 04:00:00,30,-1.3425796670562598,-0.21316669983811545,-0.0690929235715831,0.20976150812973948,0.35766271019772233
2025-11-03 08:00:00,30,1.9425019792357023,2.0188642870881295,0.2687052841918382,1.1693504486736845,-1.3425796670562598
2025-11-03 12:00:00,30,0.20609550341138494,0.11150841827507466,-0.3839632454951902,-0.21902408283275498,1.9425019792357023
2025-11-03 16:00:00,30,0.9006144717349933,0.19386319173430747,-0.03898008113624572,-0.366327792714662,0.20609550341138494
2025-11-03 20:00:00,30,-2.8892932023577558,-1.5211509786986463,-0.1769646802122454,-1.0100286530633191,0.9006144717349933
2025-11-04 00:00:00,30,1.2971468314079608,0.5470191898759755,0.5760009187072594,1.0550508882128895,-2.8892932023577558
2025-11-04 04:00:00,30,-0.7285935538344752,-0.2472329150897885,-0.2557463422915453,0.1279343943292215,1.2971468314079608
2025-11-04 08:00:00,30,1.9231902851303833,1.5953728100800422,0.146720671049258,0.6486858503259665,-0.7285935538344752
2025-11-04 12:00:00,30,-0.4897550398705732,-0.20336592849575916,-0.3801264656660766,-0.7258859337224663,1.9231902851303833
2025-11-04 16:00:00,30,0.14703234664391118,0.316381655724624,0.09926907059439351,-0.3758407696497059,-0.4897550398705732
2025-11-04 20:00:00,30,-0.7575733800023361,-0.7867251066742891,-0.02724561976308217,-0.4809299626441721,0.14703234664391118
2025-11-05 00:00:00,30,0.06426973435226913,-0.4293098108708447,0.15247828153571666,0.06053439506852065,-0.7575733800023361
2025-11-05 04:00:00,30,-0.340880855381652,-0.24592654560320235,-0.010802633471275747,0.01459855393414955,0.06426973435226913
2025-11-05 08:00:00,30,1.0493045913219117,1.0863707944397436,0.06969126840843712,0.25823809868057346,-0.340880855381652
2025-11-05 12:00:00,30,0.060878145945792994,-0.0976299724887294,-0.20650591302736354,-0.4917368233307382,1.0493045913219117
2025-11-05 16:00:00,30,-0.1415202088421026,0.04214862528317292,-0.010128804551054863,-0.5352485768630189,0.060878145945792994
2025-11-05 20:00:00,30,-1.6079503498341712,-0.9354696225260116,0.03008299255286071,-0.4340991027568677,-0.1415202088421026
2025-11-06 00:00:00,30,-0.34724774106469525,0.2545621150789606,0.32142820313243775,0.715159604570168,-1.6079503498341712
2025-11-06 04:00:00,30,0.19551902671498667,0.6866322976068103,0.07095621898344877,0.9633497865987373,-0.34724774106469525
2025-11-06 08:00:00,30,2.1752581179500545,1.7409174704152997,-0.036878783744596695,0.8236054568540538,0.19551902671498667
2025-11-06 12:00:00,30,0.4640271823218516,-0.33699442200572743,-0.43020642091270156,-0.7311280789144732,2.1752581179500545
2025-11-06 16:00:00,30,-0.29494317563064243,-0.45795340597225226,-0.09022504481141623,-1.0627846376974084,0.4640271823218516
2025-11-06 20:00:00,30,-1.051856203000339,-1.243835639265626,0.06056453089365805,-0.8519783694596104,-0.29494317563064243
2025-11-07 00:00:00,30,-1.1373955193341523,-0.6979073010491312,0.21094536335544944,-0.10017972077698012,-1.051856203000339
2025-11-07 04:00:00,30,-0.6515928003455898,0.3411682141342454,0.2279400154929512,0.7127568878716275,-1.1373955193341523
2025-11-07 08:00:00,30,2.012201806599432,1.958073792109497,0.13142243070837922,1.1784731952849778,-0.6515928003455898
2025-11-07 12:00:00,30,0.10110009561214994,0.6530605782226591,-0.3978109633734575,-0.2597182559448967,2.012201806599432
2025-11-07 16:00:00,30,0.29911041010611683,0.25169819712779495,-0.018119960807252748,-0.3319780525274485,0.10110009561214994
2025-11-07 20:00:00,30,-0.8485272968716515,-0.990086840708688,-0.0574599574157138,-0.545762789911949,0.29911041010611683
2025-11-08 00:00:00,30,0.49893653443345265,-0.31643084927190746,0.17054868756637895,0.060709533337950816,-0.8485272968716515
2025-11-10 04:00:00,30,-1.3096586979244496,-0.871421089293305,-0.09716071276984374,-0.29589796804438784,0.49893653443345265
2025-11-10 08:00:00,30,1.904527115161562,1.358617778003503,0.26216466120811927,0.6401611971975534,-1.3096586979244496
2025-11-10 12:00:00,30,-0.34499198740341974,-0.511528342315811,-0.37641853234374995,-0.7210713624182326,1.904527115161562
2025-11-10 16:00:00,30,-0.05757920176495013,0.021470487741023274,0.07050805373705295,-0.47449344692330975,-0.34499198740341974
2025-11-10 20:00:00,30,-1.7581061228807524,-1.0038587492703273,0.013405886907303051,-0.43333956490442027,-0.05757920176495013
2025-11-11 00:00:00,30,0.42796099168674573,0.19714354264354708,0.3512606268498059,0.8232407581970111,-1.7581061228807524
2025-11-11 04:00:00,30,-0.7229122921344313,0.05598074557305328,-0.08305954022196514,0.51736197522151,0.42796099168674573
2025-11-11 08:00:00,30,2.6217582863982027,1.8407320771537274,0.14559193784875438,1.0340528335275057,-0.7229122921344313
2025-11-11 12:00:00,30,-0.051550203960657015,-0.4820902317212257,-0.5189155124431968,-0.8398100873398491,2.6217582863982027
2025-11-11 16:00:00,30,-0.4471634755393943,-0.2841294421617418,0.01220806671404975,-0.8029653422440948,-0.051550203960657015
2025-11-11 20:00:00,30,-1.2738154144484817,-1.1225031028146542,0.09080712758592117,-0.483361868221861,-0.4471634755393943
2025-11-12 00:00:00,30,-0.15471308336069356,-0.24677565378780383,0.2550434430332769,0.42707884080456715,-1.2738154144484817
2025-11-12 04:00:00,30,-0.3292734343703927,-0.011096838308441714,0.03270410671119934,0.5376577266563771,-0.15471308336069356
2025-11-12 08:00:00,30,2.730307769424936,1.4760730051091364,0.06738514660673757,0.7730010390793502,-0.3292734343703927
2025-11-12 12:00:00,30,-0.3504842139835187,-0.9469273437820309,-0.5404817440056036,-1.1784460177392102,2.730307769424936
2025-11-12 16:00:00,30,-0.9883449265821316,-0.43044268079252773,0.0715992301012043,-0.9279426146069092,-0.3504842139835187
2025-11-12 20:00:00,30,-1.0631534386412405,-0.5712208734813894,0.1983271651303896,-0.22153771047901927,-0.9883449265821316
2025-11-13 00:00:00,30,0.20550528515722277,0.06258602155453212,0.2131898586128497,0.5383354701258014,-1.0631534386412405
2025-11-13 04:00:00,30,-0.38829156526255204,-0.0030485022841134253,-0.03886281863819692,0.39145361000305456,0.20550528515722277
2025-11-13 08:00:00,30,2.664598595955905,1.5260973064247372,0.07911066239650215,0.6689792577356819,-0.38829156526255204
2025-11-13 12:00:00,30,-0.8636010839093551,-0.8864985933562796,-0.5274268752831198,-1.235503140150259,2.664598595955905
2025-11-13 16:00:00,30,-0.44262142961951234,0.016915853263071,0.17354349484424927,-0.6182570507780039,-0.8636010839093551
2025-11-13 20:00:00,30,-1.0197444853999276,-0.7174595296164565,0.08990472979144126,-0.3018999368333919,-0.44262142961951234
2025-11-14 00:00:00,30,2.801040556903315,-0.07225978144642198,0.20456551963508335,0.42694733709857857,-1.0197444853999276
2025-11-14 04:00:00,30,-2.117088658243505,-2.0862812927658743,-0.5545346867859717,-1.5750549323926997,2.801040556903315
2025-11-14 08:00:00,30,3.220429299717022,0.689400306829119,0.4225820211910978,-0.061897156768232264,-2.117088658243505
2025-11-14 12:00:00,30,-1.7027318648256529,-2.444657183115228,-0.6378573751119917,-2.36365132126255,3.220429299717022
2025-11-14 16:00:00,30,-0.22717281334831618,-0.904487516823219,0.3402590629683949,-1.1466489293069149,-1.7027318648256529
2025-11-14 20:00:00,30,-3.0885099968522134,-1.8700171633647034,0.047100152388152856,-0.9842805241907637,-0.22717281334831618
2025-11-15 00:00:00,30,1.1464687600505243,0.7514553908053053,0.615580614541737,1.223186271606174,-3.0885099968522134
2025-11-17 04:00:00,31,-0.3009759818551814,-0.2258651130678692,-0.2927512228663068,0.48181431950201414,1.1464687600505243
2025-11-17 08:00:00,31,1.519811285400074,1.4268171335270212,0.07489882734887342,0.7054696251235946,-0.3009759818551814
2025-11-17 12:00:00,31,0.27568563526345,-0.20608610419428183,-0.3875799884960803,-0.42390241123654704,1.519811285400074
2025-11-17 16:00:00,31,-0.42841630974488254,-0.12075973697651614,-0.07157285917070999,-0.6287644558099057,0.27568563526345
2025-11-17 20:00:00,31,-0.4101567980447385,-0.7748647574333132,0.10726859013954163,-0.3104082198782123,-0.42841630974488254
2025-11-18 00:00:00,31,-1.1017770381788345,-0.503096991664675,0.10263068570069987,-0.00562063033692084,-0.4101567980447385
2025-11-18 04:00:00,31,0.6341535805612537,0.2592213102893354,0.2783017898565366,0.8131100825984845,-1.1017770381788345
2025-11-18 08:00:00,31,1.5863426086545651,1.2410612984172131,-0.16262349086235875,0.3418704441488938,0.6341535805612537
2025-11-18 12:00:00,31,-0.6882447611321627,-0.5608076493773538,-0.40447890258049063,-0.8369410303490437,1.5863426086545651
2025-11-18 16:00:00,31,0.643087880622744,0.06409270392950646,0.17326485268017347,-0.32550622600133217,-0.6882447611321627
2025-11-18 20:00:00,31,-1.7545000625107843,-1.5416656186899529,-0.16489279743493282,-0.8033849444148817,0.643087880622744
2025-11-19 00:00:00,31,-0.4599721297039103,-0.10720717603586885,0.4440930257667215,0.5003843639372381,-1.7545000625107843
2025-11-19 04:00:00,31,0.10577298617802455,0.16095754974538273,0.1152837484779824,0.8421897352902157,-0.4599721297039103
2025-11-19 08:00:00,31,1.459524935042845,1.619320574659186,-0.02841515362251402,0.7635898104578871,0.10577298617802455
2025-11-19 12:00:00,31,0.5485734554077375,-0.06091267909296836,-0.37226729358315136,-0.32098342823459447,1.459524935042845
2025-11-19 16:00:00,31,0.2200362847868984,-0.30211247279374553,-0.14088619312711897,-0.7286284604688866,0.5485734554077375
2025-11-19 20:00:00,31,-0.8673717933569343,-1.334460468342642,-0.057437959298671085,-0.8921374628102434,0.2200362847868984
2025-11-20 00:00:00,31,-0.6617240926459331,-0.9011284790568702,0.218763005725814,-0.24759332897259867,-0.8673717933569343
2025-11-20 04:00:00,31,0.39315336804805234,-0.5456020756085962,0.16652861963554258,0.2441339619083731,-0.6617240926459331
2025-11-20 08:00:00,31,0.03504595734722571,0.6749731152033959,-0.10140958910353105,-0.04801837577965351,0.39315336804805234
2025-11-20 12:00:00,31,0.9831165431920414,0.2656054912392705,-0.010450532971795148,-0.07406103291455501,0.03504595734722571
2025-11-20 16:00:00,31,0.23464769648022887,-0.30931742512665206,-0.251259862960082,-0.8046151109308024,0.9831165431920414
2025-11-20 20:00:00,31,-1.673081301954971,-1.2450394357373327,-0.06114924863997954,-0.9789818558989669,0.23464769648022887
2025-11-21 00:00:00,31,-0.32365958004949746,-0.08507701375014998,0.42341271201091496,0.26428515701018185,-1.673081301954971
2025-11-21 04:00:00,31,-0.10116029986223296,0.06035676240618947,0.08066044696291225,0.5047966484824578,-0.32365958004949746
2025-11-21 08:00:00,31,1.3612651220173948,1.4718487587032272,0.02414577032939261,0.5799688852935159,-0.10116029986223296
2025-11-21 12:00:00,31,1.0634889399849996,0.21445097602677085,-0.3473093631371307,-0.4315874688719461,1.3612651220173948
2025-11-21 16:00:00,31,-0.6623431233618771,-0.7690274518899732,-0.27167440098102325,-1.221866289232974,1.0634889399849996
2025-11-21 20:00:00,31,-1.221441706398135,-1.3095447958768798,0.1666858530464028,-0.7296789965169381,-0.6623431233618771
2025-11-22 00:00:00,31,-0.2218434546313368,-0.16524940643303376,0.30869654000215196,0.1779745526452139,-1.221441706398135
2025-11-24 04:00:00,31,-1.184608919754524,-0.5023642872206406,0.05479921541536594,0.34282646321923416,-0.2218434546313368
2025-11-24 08:00:00,31,2.195375978270235,1.8904872230741843,0.2993410354588422,1.2231095620786938,-1.184608919754524
2025-11-24 12:00:00,31,-0.16763735438966165,-0.05364572945126043,-0.5591729937878136,-0.4082747176495083,2.195375978270235
2025-11-24 16:00:00,31,0.4007780790510722,0.10137986861366419,0.04103090019140609,-0.28370336980138333,-0.16763735438966165
2025-11-24 20:00:00,31,-1.4519600509590482,-1.3760606586858577,-0.10334626088241068,-0.5815216315912135,0.4007780790510722
2025-11-25 00:00:00,31,-0.5419192973397315,-0.2534991981615937,0.3672480539216112,0.497430140393778,-1.4519600509590482
2025-11-25 04:00:00,31,0.3090013208100224,0.2462745256351643,0.13609827729836077,0.9001304665848142,-0.5419192973397315
2025-11-25 08:00:00,31,1.589377316260336,1.4243183360207958,-0.08003502225682829,0.6705115301592155,0.3090013208100224
2025-11-25 12:00:00,31,0.30532469490300684,-0.14507404920540498,-0.4052497163955874,-0.5105550361000546,1.589377316260336
2025-11-25 16:00:00,31,-0.28319729899950374,-0.27121328051306326,-0.0791011615986611,-0.7374418711605504,0.30532469490300684
2025-11-25 20:00:00,31,0.8148028085012697,-1.1911368240283429,0.07038305313282707,-0.5269979079295712,-0.28319729899950374
2025-11-26 00:00:00,31,-0.9455271705140831,-1.711234115860455,-0.20850828065822863,-1.1324780197756965,0.8148028085012697
2025-11-26 04:00:00,31,-1.669458940622519,-1.1066806582499953,0.2386144221595641,-0.4298566112787654,-0.9455271705140831
2025-11-26 08:00:00,31,1.5427006738969045,1.516412201943458,0.4224926345204125,0.8107186242802857,-1.669458940622519
2025-11-26 12:00:00,31,2.3777240528509402,-0.016229063623555567,-0.39339387871697734,-0.33566252074093583,1.5427006738969045
2025-11-26 16:00:00,31,-2.0484522038812685,-1.6634894511506744,-0.6054892895574003,-2.102549687106377,2.3777240528509402
2025-11-26 20:00:00,31,-2.1092274809513523,-1.384622119435392,0.5187566840100278,-0.580344490245496,-2.0484522038812685
2025-11-27 00:00:00,31,-0.15371175479351606,0.22132090257761589,0.5341935659992081,0.9870228258102856,-2.1092274809513523
2025-11-27 04:00:00,31,1.3067816774247518,0.33450328770580984,0.037493806689612885,1.1012460581229373,-0.15371175479351606
2025-11-27 08:00:00,31,0.781083018113895,0.8767905928959522,-0.33347060262320005,0.1301763613198812,1.3067816774247518
2025-11-27 12:00:00,31,-1.338875107480506,-0.18062451332366983,-0.19994347519778552,-0.4502465682949648,0.781083018113895
2025-11-27 16:00:00,31,0.9665656338879458,0.940333684790226,0.33852454970429074,0.544671762087825,-1.338875107480506
2025-11-27 20:00:00,31,-0.8358575969227573,-0.4103579470122275,-0.24705594245065643,-0.1735833322822664,0.9665656338879458
2025-11-28 04:00:00,31,-0.5387806625688469,-0.17075946873764553,0.21075841973639528,0.4475425965828119,-0.8358575969227573
2025-11-28 08:00:00,31,1.371224353408012,1.4443254038376496,0.13530106604896716,0.8479106027176435,-0.5387806625688469
2025-11-28 16:00:00,31,1.3459141522330036,0.13354926198064884,-0.3498390016199402,-0.17104645806465335,1.371224353408012
2025-11-28 20:00:00,31,-0.05274848371542795,-1.669948953544063,-0.3434102265078093,-1.171195503854367,1.3459141522330036
2025-11-29 00:00:00,31,-1.2468869782503234,-1.3104094280129828,0.011849199605768794,-1.1319980962282479,-0.05274848371542795
2025-12-01 04:00:00,31,-1.1617529418720451,-0.6024804731379008,0.31515962298097383,-0.20543616102928652,-1.2468869782503234
2025-12-01 08:00:00,31,1.6934582047204358,1.5669692676887674,0.2935356315128878,0.6578626566025569,-1.1617529418720451
2025-12-01 12:00:00,31,0.2157257471733942,-0.2596365309118324,-0.43168619632532623,-0.600546436374044,1.6934582047204358
2025-12-01 16:00:00,31,-0.003965470037606167,-0.3247213673018507,-0.05634308546744438,-0.7608522774485138,0.2157257471733942
2025-12-01 20:00:00,31,-1.7189111081921453,-1.3400582372557173,-0.0005416550562790854,-0.7579055359586206,-0.003965470037606167
2025-12-02 00:00:00,31,-1.0167826861035678,-0.1746059874025099,0.4350534538483306,0.5194176141126121,-1.7189111081921453
2025-12-02 04:00:00,31,0.30997774938197864,0.5656492633266788,0.25671327811318867,1.2749890089112998,-1.0167826861035678
2025-12-02 08:00:00,31,1.8278622959712205,1.76377899795563,-0.08028303449737753,1.0446444882402997,0.30997774938197864
2025-12-02 12:00:00,31,-0.04960029814156819,-0.05349528017946146,-0.4658247506112872,-0.31364030883799643,1.8278622959712205
2025-12-02 16:00:00,31,0.8976505539617587,0.006161734448895297,0.011049562458451947,-0.2767823184714704,-0.04960029814156819
2025-12-02 20:00:00,31,-1.7690427911731081,-1.7163749552728849,-0.22955155567725352,-0.9438266046972643,0.8976505539617587
2025-12-03 00:00:00,31,-1.4430970962981355,-0.362730964514057,0.4477868696615356,0.3707494079091127,-1.7690427911731081
2025-12-03 04:00:00,31,0.3199703008401187,0.601973257472598,0.36499686903572093,1.443115116709997,-1.4430970962981355
2025-12-03 08:00:00,31,2.3633620248692058,1.824495074268635,-0.08282113625629241,1.2053451292740576,0.3199703008401187
2025-12-03 12:00:00,31,-0.5137885720519098,-0.28924901457638685,-0.6018413435213226,-0.5508696115449947,2.3633620248692058
2025-12-03 16:00:00,31,0.8496406471594895,0.33320543324674684,0.12895309084306264,-0.1690732323161832,-0.5137885720519098
2025-12-03 20:00:00,31,-1.4811877282885533,-1.3929637921792868,-0.21735706967328952,-0.800441348262412,0.8496406471594895
2025-12-04 00:00:00,31,-0.701523440267728,-0.33636927415030804,0.37467186550264464,0.3002295159419859,-1.4811877282885533
2025-12-04 04:00:00,31,-0.3087357798132757,0.18527433234636506,0.1766376287935844,0.8215317091159076,-0.701523440267728
2025-12-04 08:00:00,31,1.9983943698760864,1.8658224724947,0.07686981112901892,1.0509533219796197,-0.3087357798132757
2025-12-04 12:00:00,31,0.06817818151049515,-0.09525881131992513,-0.5091397896723825,-0.43405388953314805,1.9983943698760864
2025-12-04 16:00:00,31,0.10580811371360888,-0.010015821531412339,-0.018866096982431593,-0.4847171083337436,0.06817818151049515
2025-12-04 20:00:00,31,-1.0382342713231143,-1.085869791018111,-0.028424075994365337,-0.5633431364440096,0.10580811371360888
2025-12-05 00:00:00,31,-0.8308235904382144,-0.3550626076435333,0.2621619672097948,0.2081689351448084,-1.0382342713231143
2025-12-05 04:00:00,31,-0.30893563724474404,0.19356186925324387,0.20947978526887906,0.8255540928963185,-0.8308235904382144
2025-12-05 08:00:00,31,0.6659995532935667,1.8368075320205868,0.07692057479037878,1.0551242198528836,-0.30893563724474404
2025-12-05 12:00:00,31,0.5793521898052738,0.8974208612034865,-0.1707123478219489,0.5602198334046005,0.6659995532935667
2025-12-05 16:00:00,31,1.0698798569459296,0.6364583932084152,-0.14870397222376036,0.12970311816791202,0.5793521898052738
2025-12-05 20:00:00,31,-1.8147657700066784,-1.1484644272310027,-0.27329768985249575,-0.6653247937229079,1.0698798569459296
2025-12-06 00:00:00,31,-0.17773155298958443,0.5256184955336519,0.4594004774059097,0.6832279725829444,-1.8147657700066784
2025-12-08 04:00:00,31,-0.5591108207924371,0.13110535654053712,0.043594820260131846,0.815300321205136,-0.17773155298958443
2025-12-08 08:00:00,31,1.522763636888886,1.9329810871943582,0.14046491339691133,1.2307756715300435,-0.5591108207924371
2025-12-08 12:00:00,31,0.4520876903350217,0.3494334565445347,-0.38832988390948686,0.0992097422537217,1.522763636888886
2025-12-08 16:00:00,31,0.3048966098343868,0.19532836084623215,-0.11637886974057621,-0.236736700802604,0.4520876903350217
2025-12-08 20:00:00,31,-0.9149882092107564,-0.949488145860115,-0.07899242826161688,-0.4633054257725071,0.3048966098343868
2025-12-09 00:00:00,31,-0.38017354426006733,-0.40319832961755636,0.2308575452774075,0.21662247515096134,-0.9149882092107564
2025-12-09 04:00:00,31,-0.8483164971865413,-0.05073520908771568,0.09501495817728817,0.4991295034746912,-0.38017354426006733
2025-12-09 08:00:00,31,1.1407747715090402,1.9502654847845624,0.213922972534159,1.1295136433406263,-0.8483164971865413
2025-12-09 12:00:00,31,0.3236450436265734,0.5976880635706853,-0.2913049533731826,0.28180370783485564,1.1407747715090402
2025-12-09 16:00:00,31,1.61026697836812,0.4833688491477319,-0.08375451860302656,0.041303018381038115,0.3236450436265734
2025-12-09 20:00:00,31,-2.0509266321901762,-1.8375411503927184,-0.4105556773767253,-1.1552866595041156,1.61026697836812
2025-12-10 00:00:00,31,-0.3310335169504519,-0.2115018376409233,0.5193851872376025,0.3687572854729986,-2.0509266321901762
2025-12-10 04:00:00,31,-0.5548031390517174,0.04682313988057717,0.08253342227826013,0.6147483507672504,-0.3310335169504519
2025-12-10 08:00:00,31,0.9319974053498328,1.8123486147587995,0.13937076495556808,1.0270226620248462,-0.5548031390517174
2025-12-10 12:00:00,31,0.40437974547633715,0.6025479670081844,-0.23827563423581266,0.3344552244266765,0.9319974053498328
2025-12-10 16:00:00,31,-0.045112102269161625,0.4984818163992681,-0.1042610818795588,0.033960563675959676,0.40437974547633715
2025-12-10 20:00:00,31,2.1483190598726036,-0.46908584587404023,0.009909563541675798,0.0674833748918271,-0.045112102269161625
2025-12-11 00:00:00,31,-2.625355638459082,-2.029584279349744,-0.5472205662367052,-1.5289329004097105,2.1483190598726036
2025-12-11 04:00:00,31,-0.15646210970582786,0.0018003315710022612,0.6652897920115077,0.421969341243015,-2.625355638459082
2025-12-11 08:00:00,31,1.1223765502975773,1.4726288284362048,0.03819239510017265,0.5382363627799407,-0.15646210970582786
2025-12-11 12:00:00,31,-0.7750740540537997,0.076737838489126,-0.2866318168060769,-0.2958018512729108,1.1223765502975773
2025-12-11 16:00:00,31,0.6654396660764768,0.7220825128147424,0.19531943823952191,0.2801558160806543,-0.7750740540537997
2025-12-11 20:00:00,31,-0.1523119341064305,-0.8254993772545358,-0.17057013682244163,-0.21433251807707698,0.6654396660764768
2025-12-12 00:00:00,31,-0.4944793624381223,-0.8516635691495191,0.03713825311924192,-0.1011494927658454,-0.1523119341064305
2025-12-12 04:00:00,31,-1.160998986276745,-0.3941595402350179,0.12404856379716118,0.2662982093663313,-0.4944793624381223
2025-12-12 08:00:00,31,1.471697738580076,1.8468566324728715,0.2933441272678918,1.1290367624612756,-1.160998986276745
2025-12-12 12:00:00,31,0.38372045754567097,0.3356096261055367,-0.37535917799307383,0.03541791129629779,1.471697738580076
2025-12-12 16:00:00,31,0.12685377380547358,0.20301836343708823,-0.09901363579390084,-0.2497248289205043,0.38372045754567097
2025-12-12 20:00:00,31,-0.7174385861220554,-0.7794197604925975,-0.03376966036492899,-0.34398989078635545,0.12685377380547358
2025-12-13 00:00:00,31,0.18012437603354314,0.07727292966000149,0.18068006578832707,0.1891388501011786,-0.7174385861220554
2025-12-15 04:00:00,32,-0.9622714383834854,-0.5731822428122748,-0.03194447396747116,0.06062899828828883,0.18012437603354314
2025-12-15 08:00:00,32,0.9041265820546727,1.5453371224236145,0.1782554183519198,0.7456331661372975,-0.9622714383834854
2025-12-15 12:00:00,32,-0.5811145897316798,0.4825217631556515,-0.1651602857063333,0.10202009370636311,0.9041265820546727
2025-12-15 16:00:00,32,0.7791293915228721,1.0202055212551344,0.10812287100510272,0.5156933049083658,-0.5811145897316798
2025-12-15 20:00:00,32,-0.7305580665150622,-0.2839468239324943,-0.14216090523029498,-0.03893905681214882,0.7791293915228721
2025-12-16 00:00:00,32,-0.12800822467408324,0.05925392598433319,0.1356203480890262,0.4811172396307857,-0.7305580665150622
2025-12-16 04:00:00,32,-0.9602287395408631,0.047763673638640515,0.024751671686641892,0.5722413901802437,-0.12800822467408324
2025-12-16 08:00:00,32,2.062174835477556,2.0578541982631444,0.177879563441265,1.255791438988572,-0.9602287395408631
2025-12-16 12:00:00,32,0.662273801931919,0.18405456312716056,-0.3782402139572683,-0.21219181478906002,2.062174835477556
2025-12-16 16:00:00,32,0.3170764882875403,-0.11138232255000553,-0.12065957264578096,-0.6836391595659919,0.662273801931919
2025-12-16 20:00:00,32,-0.3425925775827885,-1.534794820578086,-0.057143550229312765,-0.9093537628891077,0.3170764882875403
2025-12-17 00:00:00,32,-1.432896692196044,-1.3331094405728858,0.06423501651826989,-0.6654752332378706,-0.3425925775827885
2025-12-17 04:00:00,32,-0.8330063259201061,-0.36913160356413066,0.2648500788240155,0.35454902093747087,-1.432896692196044
2025-12-17 08:00:00,32,2.075718843201537,1.6784793097948871,0.15447074374303912,0.9475343079770955,-0.8330063259201061
2025-12-17 12:00:00,32,-0.4287155615386862,-0.1228445743483186,-0.38073230026328003,-0.5300904059647209,2.075718843201537
2025-12-17 16:00:00,32,0.24968751082004026,0.2489240494805406,0.08008157488735182,-0.22490422381109987,-0.4287155615386862
2025-12-17 20:00:00,32,-1.7674545393508136,-0.8924004391639317,-0.04474403367960365,-0.402647196063187,0.24968751082004026
2025-12-18 00:00:00,32,-0.1988609381906521,0.2785910332400945,0.32640844813791803,0.8555359710199273,-1.7674545393508136
2025-12-18 04:00:00,32,0.20536852599729372,0.2890515128240647,0.0377885128267852,0.9970974536217554,-0.1988609381906521
2025-12-18 08:00:00,32,0.8066459108719677,1.6508229784206063,-0.036589376843610265,0.8509034685966181,0.20536852599729372
2025-12-18 12:00:00,32,1.8668887676106287,0.5097771847578281,-0.14722392220846547,0.2766831510385135,0.8066459108719677
2025-12-18 16:00:00,32,-0.6017085392536039,-0.6990817115072133,-0.3423077377357469,-1.0522834333506843,1.8668887676106287
2025-12-18 20:00:00,32,-1.9121918443757053,-1.2185952620745166,0.11191214081623944,-0.6239501785349066,-0.6017085392536039
2025-12-19 00:00:00,32,-0.39711215983696846,0.08617937932573559,0.3530399934805071,0.7372659304298015,-1.9121918443757053
2025-12-19 04:00:00,32,-0.3230489270015937,0.36263939512557664,0.07426657491029263,1.0199548617866512,-0.39711215983696846
2025-12-19 08:00:00,32,2.0758372452946947,1.847179391300071,0.06063900085027541,1.2499210153981366,-0.3230489270015937
2025-12-19 12:00:00,32,-0.16128511317218042,-0.0038847328214685695,-0.3807540861512516,-0.22778798445725634,2.0758372452946947
2025-12-19 16:00:00,32,0.2666118239537276,0.3891098438332175,0.030874591860849544,-0.11297529197982215,-0.16128511317218042
2025-12-19 20:00:00,32,-0.706879856708289,-0.7840489459991692,-0.04785809340687615,-0.302766034301893,0.2666118239537276
2025-12-20 00:00:00,32,-1.0961516161126141,-0.175808441153414,0.13126357691664622,0.20043465180297382,-0.706879856708289
2025-12-22 04:00:00,32,-0.09442648566496459,0.18992830503715127,0.20288926118223918,0.9807429885992409,-1.0961516161126141
2025-12-22 08:00:00,32,1.5299675220733775,1.7584918951202317,0.018572659268588854,1.0479615858221774,-0.09442648566496459
2025-12-22 12:00:00,32,-0.42005678719451467,0.21812790085731168,-0.2803145050590449,-0.04116367290364664,1.5299675220733775
2025-12-22 16:00:00,32,0.36497763076671674,0.7265538410229195,0.07848836751404614,0.2578586595526513,-0.42005678719451467
2025-12-22 20:00:00,32,-0.998605957030648,-0.5313545024590676,-0.06595732113430935,-0.001954931783750169,0.36497763076671674
2025-12-23 00:00:00,32,0.3020777262874823,0.18939448309514081,0.18494093996424116,0.7089143877441924,-0.998605957030648
2025-12-23 04:00:00,32,-0.30929485011595403,-0.09477818899912789,-0.05438379033038034,0.4938768284159334,0.3020777262874823
2025-12-23 08:00:00,32,1.6629752361922439,1.6189893731963838,0.05810826199091655,0.7140519816757873,-0.30929485011595403
2025-12-23 12:00:00,32,-0.14364646254071012,0.04754354290291828,-0.30478781530108334,-0.4697563725813243,1.6629752361922439
2025-12-23 16:00:00,32,-0.21799204418265994,0.17748466477234595,0.027629094620222446,-0.36749995966892257,-0.14364646254071012
2025-12-23 20:00:00,32,-0.6109245693782821,-0.7327150292629268,0.041308620628933465,-0.2123197757138655,-0.21799204418265994
2025-12-24 00:00:00,32,0.13487238831069703,-0.32327120511309076,0.11360788279583361,0.22257401783829245,-0.6109245693782821
2025-12-24 04:00:00,32,-0.9497461821197426,-0.41361565109650217,-0.023618145363549708,0.12656353219426286,0.13487238831069703
2025-12-24 08:00:00,32,0.783293932840305,1.676563116269065,0.17595078147853013,0.8026514500104796,-0.9497461821197426
2025-12-24 12:00:00,32,-0.1688072807259644,0.6271296999623832,-0.14292717741497624,0.24505451088921326,0.783293932840305
2025-12-24 16:00:00,32,-0.03118563870911828,0.8714358348965989,0.03225866451750637,0.3652219462386359,-0.1688072807259644
2025-12-24 20:00:00,32,0.19568377065256115,0.07805115208082473,0.0069363953287655215,0.3874218075674367,-0.03118563870911828
2025-12-26 04:00:00,32,-0.2291876071773693,-0.47904168431883465,-0.034807389808196205,0.24812202880377043,0.19568377065256115
2025-12-26 08:00:00,32,0.5734115068506469,1.1045255589240115,0.043368595032064285,0.4112719051001861,-0.2291876071773693
2025-12-26 12:00:00,32,0.02436357186060789,0.28325502875588554,-0.10430898327770868,0.003082223459921707,0.5734115068506469
2025-12-26 16:00:00,32,0.45230741090024296,0.5099856021924111,-0.003284613828329625,-0.014261269864832116,0.02436357186060789
2025-12-26 20:00:00,32,-1.3796036499520987,-0.8097181747576064,-0.08202592900968995,-0.3362415856644425,0.45230741090024296
2025-12-27 00:00:00,32,0.3128843572332336,0.3605557846412847,0.25504420278728773,0.645845393644068,-1.3796036499520987
2025-12-29 04:00:00,32,0.050567811664326,-0.3775329394213629,-0.05637220155568889,0.4231150077982928,0.3128843572332336
2025-12-29 08:00:00,32,0.41304767813230825,1.0164977504116834,-0.008106172447102994,0.3871177201647136,0.050567811664326
2025-12-29 12:00:00,32,1.3475005551487058,0.5124711737150753,-0.07480217039979065,0.09308490389792823,0.41304767813230825
2025-12-29 16:00:00,32,-1.3958681523945948,-0.21757469399231963,-0.24674073289060924,-0.8661491122403167,1.3475005551487058
2025-12-29 20:00:00,32,-0.6237888563714797,-0.016573705522989205,0.2580368578888699,0.12751594318756432,-1.3958681523945948
2025-12-30 00:00:00,32,-0.04943285952050758,0.5167166708533114,0.11597490104520963,0.5715673297589525,-0.6237888563714797
2025-12-30 04:00:00,32,-0.7369994593020159,0.4911585763922404,0.010293868983060632,0.6067566884466906,-0.04943285952050758
2025-12-30 08:00:00,32,1.5021198025188838,2.389002156353457,0.1368055590755489,1.1313983656146611,-0.7369994593020159
2025-12-30 12:00:00,32,-0.3430329559135359,0.8603779657387018,-0.27519054751488825,0.06209683146281364,1.5021198025188838
2025-12-30 16:00:00,32,1.3897104141039893,1.2517303606832142,0.06431604576972083,0.30628884957474867,-0.3430329559135359
2025-12-30 20:00:00,32,-2.148805431000474,-0.7190934698890821,-0.254507312297892,-0.6829927478959128,1.3897104141039893
2025-12-31 00:00:00,32,-1.0615727845739436,0.6756910013962214,0.39657669923709454,0.8466595076096812,-2.148805431000474
2025-12-31 04:00:00,32,0.5193299866299164,1.248255865409483,0.19652678455703546,1.6023524991109337,-1.0615727845739436
2025-12-31 08:00:00,32,2.0370642198134767,2.429668315900347,-0.09435802794033497,1.2326613795988823,0.5193299866299164
2025-12-31 12:00:00,32,0.10857852621032826,0.6058074849399654,-0.3736198812826807,-0.2174465889930577,2.0370642198134767
2025-12-31 16:00:00,32,1.3377232232935494,0.6772688697375837,-0.018780096315743212,-0.29473948164912933,0.10857852621032826
2025-12-31 20:00:00,32,-2.24385174774142,-1.7110332032649687,-0.24494171185325223,-1.247013389855173,1.3377232232935494
2026-01-01 00:00:00,32,-0.883746168004194,0.03472843607705965,0.41406514351548757,0.3502986968677124,-2.24385174774142
2026-01-02 04:00:00,32,-0.011522160733576925,0.2365948887116581,0.16380683304569543,0.979403733405448,-0.883746168004194
2026-01-02 08:00:00,32,1.0234638645359553,1.692945256196406,0.003318331518550376,0.987605918163613,-0.011522160733576925
2026-01-02 12:00:00,32,0.19775605487119563,0.38945770338147495,-0.1871182477460097,0.2590412067057759,1.0234638645359553
2026-01-02 16:00:00,32,0.9283499423063883,0.6083656027467381,-0.03518868840375735,0.118266248205801,0.19775605487119563
2026-01-02 20:00:00,32,-1.8289186224114342,-1.1856320209757778,-0.16961736411319248,-0.5425905062776817,0.9283499423063883
2026-01-03 00:00:00,32,0.6404085341744974,0.3159845779540339,0.3377177889791619,0.7593465865587223,-1.8289186224114342
2026-01-05 04:00:00,32,0.27027387624052324,-0.712321589155928,-0.11663638132264917,0.3034642881372438,0.6404085341744974
2026-01-05 08:00:00,32,0.8144708317195821,0.7690192140839099,-0.048531908022299286,0.11106667110261625,0.27027387624052324
2026-01-05 12:00:00,32,0.7443394873251226,-0.2795160074108966,-0.14866370122272568,-0.4687239077974521,0.8144708317195821
2026-01-05 16:00:00,32,-1.7193338340354476,-0.6001009372815652,-0.13575959140904237,-0.9985906696841411,0.7443394873251226
2026-01-05 20:00:00,32,-0.6980448794763063,-0.5663379615825699,0.3175542778512518,0.22533721101508775,-1.7193338340354476
2026-01-06 00:00:00,32,0.290446037998791,-0.03033092942450968,0.12963794835658823,0.7222486153379624,-0.6980448794763063
2026-01-06 04:00:00,32,0.2700193920535483,-0.2020929087087723,-0.05224356923107307,0.5154912092378385,0.290446037998791
2026-01-06 08:00:00,32,0.40132006937731646,1.120795069380082,-0.048485083140744185,0.32327474974543513,0.2700193920535483
2026-01-06 12:00:00,32,0.08965635574172737,0.27588712786881625,-0.07264430001340343,0.03759036881158195,0.40132006937731646
2026-01-06 16:00:00,32,0.7135699213948925,0.3870425700115555,-0.015298432478434092,-0.026232555685073322,0.08965635574172737
2026-01-06 20:00:00,32,-1.7786700209992254,-0.9610208425085995,-0.13009801652963043,-0.5341956425125503,0.7135699213948925
2026-01-07 00:00:00,32,-0.21675549166079833,-0.013815239238834898,0.32847208755698337,0.7319713962383165,-1.7786700209992254
2026-01-07 04:00:00,32,-0.03631309518253545,0.15924378924015,0.04108109597971613,0.8862713258311921,-0.21675549166079833
2026-01-07 08:00:00,32,1.4863114194703826,1.6687064817350878,0.007879843111909455,0.9121212269664909,-0.03631309518253545
2026-01-07 12:00:00,32,-0.11656503334130264,0.28150121828834146,-0.27228181800747636,-0.14592692498649562,1.4863114194703826
2026-01-07 16:00:00,32,0.6921371157501479,0.5221367642859442,0.02264613387252784,-0.06294874390446559,-0.11656503334130264
2026-01-07 20:00:00,32,-2.6192232272077636,-0.9701231541214244,-0.12615439788032126,-0.5556546375848477,0.6921371157501479
2026-01-08 00:00:00,32,-0.6348165552184462,0.6645823063001745,0.4831331876800756,1.3088700231265626,-2.6192232272077636
2026-01-08 04:00:00,32,1.413743540480887,0.9781553491779091,0.11800398858291732,1.7607716059841945,-0.6348165552184462
2026-01-08 08:00:00,32,0.5372849707249685,1.6356560226807437,-0.2589293878279044,0.7543817466677147,1.413743540480887
2026-01-08 12:00:00,32,0.3820875005859463,0.8036797935040281,-0.09766173027865481,0.3719091619181256,0.5372849707249685
2026-01-08 16:00:00,32,0.10434583577572454,0.6634023928149049,-0.06910552313944027,0.09991570981685172,0.3820875005859463
2026-01-08 20:00:00,32,-0.240457186615874,-0.6098277478144226,-0.01800128474943067,0.025635907306932992,0.10434583577572454
2026-01-09 00:00:00,32,-0.23618887165042324,-0.39049790433104525,0.045442188400110155,0.1968081654151277,-0.240457186615874
2026-01-09 04:00:00,32,-0.6661689424616526,-0.34511560952600334,0.04465682194935784,0.3649419736386008,-0.23618887165042324
2026-01-09 08:00:00,32,1.1642744665957672,1.632471906809758,0.12377280210561119,0.8391621197175301,-0.6661689424616526
2026-01-09 12:00:00,32,1.0664417440133533,0.4143477278799281,-0.213027282965563,0.0103597357685139,1.1642744665957672
2026-01-09 16:00:00,32,-0.40505325617631627,-0.16746154210380668,-0.19502614229906784,-0.7487992814049615,1.0664417440133533
2026-01-09 20:00:00,32,-1.7400828791800116,-1.1127574908196343,0.07572773011968968,-0.46045738782481216,-0.40505325617631627
2026-01-10 00:00:00,32,1.9968422654870555,0.3818248061822547,0.3213720851296715,0.7782409431195063,-1.7400828791800116
2026-01-12 04:00:00,33,-1.0724364497386976,-1.3584698409831053,-0.34283901275394835,-0.715632082219555,1.9968422654870555
2026-01-12 08:00:00,33,0.25464315205139165,0.7834672245517361,0.1947015068041731,0.024260035169676897,-1.0724364497386976
2026-01-12 12:00:00,33,0.5282156124671324,0.2538653635190869,-0.037717613395785714,-0.1514225994478604,0.25464315205139165
2026-01-12 16:00:00,33,-0.48492664266443875,0.0668249273779495,-0.08562993943485465,-0.5158475199562798,0.5282156124671324
2026-01-12 20:00:00,33,-0.8435669406904438,-0.6582394855112046,0.09180751891915298,-0.1812883947914603,-0.48492664266443875
2026-01-13 00:00:00,33,0.46321727471848817,-0.09172766856449795,0.1546182669880844,0.40070276194242815,-0.8435669406904438
2026-01-13 04:00:00,33,-0.8655397580434787,-0.5373519868535866,-0.07424640490262152,0.0811212983636409,0.46321727471848817
2026-01-13 08:00:00,33,0.7265315321365549,1.4310056803795947,0.15846649347775246,0.6782718749030625,-0.8655397580434787
2026-01-13 12:00:00,33,1.02585234027638,0.5532930223499045,-0.12036215256588245,0.1770254338728865,0.7265315321365549
2026-01-13 16:00:00,33,-0.1674733415824985,0.03583420777146026,-0.17278393554827412,-0.5307275153678148,1.02585234027638
2026-01-13 20:00:00,33,-0.8266415072948998,-0.9369082211681449,0.03621008765541203,-0.4151848131965892,-0.1674733415824985
2026-01-14 00:00:00,33,-0.5263277843252503,-0.40838273493160837,0.15165401802103748,0.15512919963211935,-0.8266415072948998
2026-01-14 04:00:00,33,-0.37816521417826365,-0.3252950309090571,0.09905834012618538,0.5182516754488233,-0.5263277843252503
2026-01-14 08:00:00,33,0.9416401403363786,1.4340018118199769,0.07310977294628368,0.7791542782179501,-0.37816521417826365
2026-01-14 12:00:00,33,0.5346352738679006,0.4399821187753764,-0.1580353662885576,0.12950075569740171,0.9416401403363786
2026-01-14 16:00:00,33,-0.4393499501460152,0.21367808901162494,-0.08675425183686547,-0.23935319822171053,0.5346352738679006
2026-01-14 20:00:00,33,-0.8854015041584837,-0.5649005689960518,0.08382540935883169,0.06376179285080852,-0.4393499501460152
2026-01-15 00:00:00,33,-0.7683254257434022,-0.013760662226350338,0.16194499586107414,0.6746153253011915,-0.8854015041584837
2026-01-15 04:00:00,33,0.6665321886012912,0.3699743567716649,0.1414407856351086,1.204696083220023,-0.7683254257434022
2026-01-15 08:00:00,33,1.2643534382802635,1.4081765923969822,-0.10985412078072747,0.7448442081252811,0.6665321886012912
2026-01-15 12:00:00,33,0.01794185152551897,0.17730758748308434,-0.21455401120162199,-0.1274546985423104,1.2643534382802635
2026-01-15 16:00:00,33,0.3220967364186027,0.2805537150553178,0.0037372533237399804,-0.13983308657484628,0.01794185152551897
2026-01-15 20:00:00,33,-1.7433889088504664,-0.9332184935788682,-0.049531149457837764,-0.3620530944559537,0.3220967364186027
2026-01-16 00:00:00,33,-0.5042648644804473,0.21725746361909404,0.31220928857732877,0.8407405177124563,-1.7433889088504664
2026-01-16 04:00:00,33,0.5456100186321287,0.3905456436828567,0.09519433346640821,1.1886414104845553,-0.5042648644804473
2026-01-16 08:00:00,33,0.7545233628431518,1.49380004345691,-0.08867632231333147,0.8122157937938272,0.5456100186321287
2026-01-16 12:00:00,33,0.4697199970003929,0.6183351049986607,-0.12526452364960475,0.2916573134384759,0.7545233628431518
2026-01-16 16:00:00,33,0.9821917976398602,0.45883465057341966,-0.07538526423677624,-0.03241048866333074,0.4697199970003929
2026-01-16 20:00:00,33,-1.5773411409900575,-1.1919457371813755,-0.1651374123906996,-0.7100412881528086,0.9821917976398602
2026-01-17 00:00:00,33,1.6645182213975858,0.030389833288182958,0.2831283833586623,0.3781931493624757,-1.5773411409900575
2026-01-19 04:00:00,33,-1.7474260712555392,-1.266216342034845,-0.284637182325404,-0.7701862362532346,1.6645182213975858
2026-01-19 08:00:00,33,1.7496704160248893,1.3024100387671949,0.31291634016114167,0.4353926828122532,-1.7474260712555392
2026-01-19 12:00:00,33,-1.5586321369711076,-0.2422350949561028,-0.2995503782871818,-0.7717346478201392,1.7496704160248893
2026-01-19 16:00:00,33,-0.5431105651770451,0.8927391619701254,0.27985176736061945,0.30359213013061215,-1.5586321369711076
2026-01-19 20:00:00,33,0.8107372747515456,0.45891721064643604,0.10199760552881934,0.6782933314402264,-0.5431105651770451
2026-01-20 04:00:00,33,0.06827526277665896,-0.4335272549020749,-0.1351095909169513,0.11895191870807409,0.8107372747515456
2026-01-20 08:00:00,33,1.8688250860400633,0.9873110262643876,-0.005077927878557684,0.07184765555715522,0.06827526277665896
2026-01-20 12:00:00,33,-1.193008741845487,-0.659392027900028,-0.32041862427279344,-1.2174865052476207,1.8688250860400633
2026-01-20 16:00:00,33,0.4848228922161635,0.2559511074484497,0.2158180291394965,-0.39440951613279296,-1.193008741845487
2026-01-20 20:00:00,33,-1.4169409537391129,-1.0396575600130031,-0.07803032155947691,-0.7288970621015931,0.4848228922161635
2026-01-21 00:00:00,33,0.10138768085593952,-0.12280056371148121,0.25503657157096976,0.24867456252287035,-1.4169409537391129
2026-01-21 04:00:00,33,-0.442884550072872,-0.3141154369228144,-0.010877097022065404,0.17872547986723752,0.10138768085593952
2026-01-21 08:00:00,33,1.2133130869712794,1.4131865186977763,0.08444444427139516,0.48427905144925276,-0.442884550072872
2026-01-21 12:00:00,33,0.15853880360480765,0.2564826300989756,-0.20561501950140346,-0.3528062501497171,1.2133130869712794
2026-01-21 16:00:00,33,0.9673099205555129,0.2073393673787703,-0.020886303440289612,-0.46218486285548366,0.15853880360480765
2026-01-21 20:00:00,33,-1.1404475483413758,-1.441151252563861,-0.1625310632506764,-1.1295484026398803,0.9673099205555129
2026-01-22 00:00:00,33,-1.0050506043810064,-0.7553786795195044,0.20661268355630244,-0.34273427344905016,-1.1404475483413758
2026-01-22 04:00:00,33,0.25743285057994214,-0.2187615425226922,0.18289983426633966,0.3506672049695343,-1.0050506043810064
2026-01-22 08:00:00,33,0.7269159026591598,1.1149807132283516,-0.038206189421484724,0.17305990996613474,0.25743285057994214
2026-01-22 12:00:00,33,0.7309570390604065,0.24683801721487147,-0.12042946959688355,-0.328451714814463,0.7269159026591598
2026-01-22 16:00:00,33,-0.4421755155305256,-0.0917599986537087,-0.12113721716961307,-0.832751388219581,0.7309570390604065
2026-01-22 20:00:00,33,-0.24215553258317435,-0.7988631520431001,0.08432026695429885,-0.5276869916082294,-0.4421755155305256
2026-01-23 00:00:00,33,0.07351129132335998,-0.6203185304443646,0.04928961137318213,-0.36061977771025155,-0.24215553258317435
2026-01-23 04:00:00,33,-2.032553484738518,-0.8098483839529208,-0.005994943818313355,-0.41133646586693473,0.07351129132335998
2026-01-23 08:00:00,33,2.575478968179585,1.924625145874296,0.36285235190995746,0.9909566974216375,-2.032553484738518
2026-01-23 12:00:00,33,-1.1529640685277336,-0.1433718230327321,-0.4441790025886163,-0.7859099761440795,2.575478968179585
2026-01-23 16:00:00,33,1.386062473660031,0.7231781620227219,0.20880477407276749,0.00953951286250998,-1.1529640685277336
2026-01-23 20:00:00,33,-0.4223571526961116,-1.3066554062943392,-0.23586961795587727,-0.9467285240173933,1.386062473660031
2026-01-24 00:00:00,33,1.2137843856511505,-0.743709821517099,0.08084936253563035,-0.6553371524550453,-0.4223571526961116
2026-01-26 04:00:00,33,-2.052898498278207,-2.0020720344003284,-0.20569756076296705,-1.4927476110162363,1.2137843856511505
2026-01-26 08:00:00,33,0.977148610228868,0.8567365850350434,0.3664154917102923,-0.07641807741419626,-2.052898498278207
2026-01-26 12:00:00,33,-0.5582057878613291,-0.1079158485778801,-0.16425416983351973,-0.7505694962720124,0.977148610228868
2026-01-26 16:00:00,33,-0.1294261270615955,0.3924106161904959,0.10464131911673921,-0.36545384450516494,-0.5582057878613291
2026-01-26 20:00:00,33,-0.43271480525626593,-0.52709446875142,0.029546659091609806,-0.27616056169999226,-0.1294261270615955
2026-01-27 00:00:00,33,-0.7461681924509733,-0.23227672532048044,0.08266335808806044,0.022376730243726328,-0.43271480525626593
2026-01-27 04:00:00,33,1.056447691835844,0.13871714828654552,0.13756026131618676,0.5371708366689258,-0.7461681924509733
2026-01-27 08:00:00,33,0.9766679602839137,0.9125139349931458,-0.1781422762853838,-0.19169036514293225,1.056447691835844
2026-01-27 12:00:00,33,-0.7559391282291568,-0.15242868110312063,-0.16416999083085873,-0.8655101754419547,0.9766679602839137
2026-01-27 16:00:00,33,1.891152888551563,0.43902418232118057,0.1392715017678013,-0.3439749345061216,-0.7559391282291568
2026-01-27 20:00:00,33,0.4273329533264114,-1.8967523421620407,-0.324329021364815,-1.6487134254051483,1.891152888551563
2026-01-28 00:00:00,33,-0.5200068061062559,-2.3312309625023335,-0.06796177631239303,-1.943537686314885,0.4273329533264114
2026-01-28 04:00:00,33,-2.141031609416057,-2.017794950892715,0.0979513106801144,-1.584776160706058,-0.5200068061062559
2026-01-28 08:00:00,33,1.2972017034031182,0.9000190683097907,0.3818507528080546,-0.10764209716867867,-2.141031609416057
2026-01-28 12:00:00,33,0.03685196860014095,-0.31850322711692125,-0.22030691771126215,-1.002603579730847,1.2972017034031182
2026-01-28 16:00:00,33,0.45306091229762835,-0.24797322873481364,0.0004254152339725134,-1.0280283786400624,0.03685196860014095
2026-01-28 20:00:00,33,-0.3510790336302154,-1.5608824852406253,-0.07246766245559419,-1.3406027953226225,0.45306091229762835
2026-01-29 00:00:00,33,-1.0206566127306544,-1.2339669409646574,0.06836601360881601,-1.0983874084557197,-0.3510790336302154
2026-01-29 04:00:00,33,-0.5638400684291529,-0.5228752349510029,0.18563300469979804,-0.3942190798758727,-1.0206566127306544
2026-01-29 08:00:00,33,0.9349263325008046,1.325593058273013,0.1056280832345562,-0.005216242271291804,-0.5638400684291529
2026-01-29 12:00:00,33,0.38496021079519593,0.31251681953518784,-0.15685953832147043,-0.6502377947609652,0.9349263325008046
2026-01-29 16:00:00,33,1.2354198780675318,0.17348311653085463,-0.060540793029792456,-0.9158283810798675,0.38496021079519593
2026-01-29 20:00:00,33,-2.924490095608146,-1.3169690953650262,-0.20948670958699034,-1.7681655332447832,1.2354198780675318
2026-01-30 00:00:00,33,1.4575382266947265,0.6758608679558317,0.5190623653054027,0.2494898435848345,-2.924490095608146
2026-01-30 04:00:00,33,-0.007012448040679686,-0.37505976095475724,-0.2483875796618256,-0.7560905290215505,1.4575382266947265
2026-01-30 08:00:00,33,-0.07308505623691275,1.1547153496716223,0.008107644024161203,-0.751252522042055,-0.007012448040679686
2026-01-30 12:00:00,33,0.10179236493600818,0.8626596617720457,0.019679321748369113,-0.7008299007092802,-0.07308505623691275
2026-01-30 16:00:00,33,0.4645850385581003,0.9752387351198518,-0.010947971683782469,-0.7710581817835678,0.10179236493600818
2026-01-30 20:00:00,33,-0.4847344328003338,-0.48393156124749026,-0.07448594928851605,-1.0915832888608819,0.4645850385581003
2026-01-31 00:00:00,33,0.7676697013669056,0.39615921901173107,0.09177385609482144,-0.7571567725451658,-0.4847344328003338
2026-02-02 04:00:00,33,-1.4465371630778314,-1.0325121933931891,-0.1275669178913821,-1.2867851350819972,0.7676697013669056
2026-02-02 08:00:00,33,-0.36325232598846213,1.6638183477905595,0.2602199267566573,-0.2887945830705956,-1.4465371630778314
2026-02-02 12:00:00,33,0.5838796465257374,2.041916894831463,0.07049799265214103,-0.03818063509479508,-0.36325232598846213
2026-02-02 16:00:00,33,1.1473493194246878,2.029010005815239,-0.09537870341648044,-0.44100911791414,0.5838796465257374
2026-02-02 20:00:00,33,-1.243626477313427,0.44686006360174924,-0.1940624036691857,-1.232584896172206,1.1473493194246878
2026-02-03 00:00:00,33,-1.342706054666177,1.3611279420923594,0.22468300568506597,-0.3745858718338031,-1.243626477313427
2026-02-03 04:00:00,33,0.9283560858657651,2.3151080737463596,0.24203538467352126,0.5517698353601848,-1.342706054666177
2026-02-03 08:00:00,33,0.7031171761261241,3.1649240514480814,-0.15570885305711044,-0.08871879240863301,0.9283560858657651
2026-02-03 12:00:00,33,0.2279114025451392,2.2547205834707555,-0.11626146108011752,-0.5738112716352131,0.7031171761261241
2026-02-03 16:00:00,33,0.039659922932944625,2.165033271149624,-0.03303592761501699,-0.731051218344744,0.2279114025451392
2026-02-03 20:00:00,33,-1.1637944349771487,1.0927146246746005,-6.635803623039963e-05,-0.7584132726291735,0.039659922932944625
2026-02-04 00:00:00,33,-0.11974329211805568,1.5818501453517495,0.21070155874056046,0.044508270097999514,-1.1637944349771487
2026-02-04 04:00:00,33,-0.2690185608713236,1.6261982871728962,0.027850848248324074,0.12712120065437205,-0.11974329211805568
2026-02-04 08:00:00,33,0.9346657769157733,3.211867980709971,0.05399428876571869,0.3127216739211889,-0.2690185608713236
2026-02-04 12:00:00,33,0.6555186168336409,2.1945905005149267,-0.15681390571604537,-0.33212011684595666,0.9346657769157733
2026-02-04 16:00:00,33,0.15534325668464888,1.8409486939890578,-0.10792525030676077,-0.7843735417601128,0.6555186168336409
2026-02-04 20:00:00,33,-1.2700283132174697,0.5994814872625484,-0.020326648840264746,-0.8915474923830597,0.15534325668464888
2026-02-05 00:00:00,33,0.025603134717041343,1.3982047457704363,0.22930691179002313,-0.015333393132978657,-1.2700283132174697
2026-02-05 04:00:00,33,-0.04083923660458666,1.271580522081436,0.002395488521858855,-0.032997430533244554,0.025603134717041343
2026-02-05 08:00:00,33,1.6313948785342216,2.769501729639331,0.01403192499917453,-0.004821747721186043,-0.04083923660458666
2026-02-05 12:00:00,33,0.932502908557769,1.1886736568988039,-0.27883609986132263,-1.130348776638133,1.6313948785342216
2026-02-05 16:00:00,33,-0.4983446092291466,0.6177148709013592,-0.15643511008072883,-1.7736983677980884,0.932502908557769
2026-02-05 20:00:00,33,-2.375148566743187,-0.21506213272255992,0.09415748494955177,-1.4298819596539012,-0.4983446092291466
2026-02-06 00:00:00,33,0.3378148040115718,1.4380919482077663,0.42285300856759234,0.20877336821172676,-2.375148566743187
2026-02-06 04:00:00,33,-0.8530211864363366,0.2881781524148388,-0.05228394547419851,-0.024290801405456364,0.3378148040115718
2026-02-06 08:00:00,33,1.0393414913792096,2.713890358721953,0.15627404368410974,0.5642230000081714,-0.8530211864363366
2026-02-06 12:00:00,33,-0.08493279444791746,1.896133543128577,-0.17514636853822815,-0.15283634363350984,1.0393414913792096
2026-02-06 16:00:00,33,0.6850859936508851,2.1640425418814333,0.02175428461242548,-0.09423976652615274,-0.08493279444791746
2026-02-06 20:00:00,33,-1.218195117019965,0.48140467630725536,-0.11310355588633182,-0.5668922267810839,0.6850859936508851
2026-02-07 00:00:00,33,1.2481106333660392,1.5123781395207325,0.220229064582421,0.2735612702487291,-1.218195117019965
2026-02-09 04:00:00,34,-1.0877530623958727,-0.9592538977213947,-0.31268785768826746,-0.4400108250718695,1.2481106333660392
2026-02-09 08:00:00,34,1.6824969762486734,0.8873780967974494,0.28521709054198024,0.19584493060152042,-1.0877530623958727
2026-02-09 12:00:00,34,0.1659803856194486,-0.4147729423610458,-0.4238765988482913,-0.7876736851902013,1.6824969762486734
2026-02-09 16:00:00,34,-0.11984468654920732,-0.21697172677696705,-0.035697795754765636,-0.8846990001937325,0.1659803856194486
2026-02-09 20:00:00,34,-1.3731386350369963,-1.0781577149866548,0.037464103755027504,-0.8146427196245565,-0.11984468654920732
2026-02-10 00:00:00,34,0.11744230432146985,-0.23901569738657705,0.35826649250205195,-0.01196228174772962,-1.3731386350369963
2026-02-10 04:00:00,34,-0.8358571795288103,-0.4458842852820792,-0.023273629465303522,-0.08061422835578647,0.11744230432146985
2026-02-10 08:00:00,34,0.6843191036411085,1.1312579839901171,0.22073995727504211,0.40799354200863647,-0.8358571795288103
2026-02-10 12:00:00,34,0.8112100048087871,0.4375176695290998,-0.16837560778924937,0.007968705664763931,0.6843191036411085
2026-02-10 16:00:00,34,0.09234932889681957,0.1966161679276293,-0.20085554137064937,-0.4662313388576411,0.8112100048087871
2026-02-10 20:00:00,34,-1.2907120613669054,-0.8718217111556388,-0.016850645881355722,-0.5202149628451309,0.09234932889681957
2026-02-11 00:00:00,34,0.05205447957014897,-0.08928521036431368,0.3371679770568101,0.23428228612563728,-1.2907120613669054
2026-02-11 04:00:00,34,-0.3593170448489751,-0.2197593731369233,-0.0065364782163841,0.20385337575294926,0.05205447957014897
2026-02-11 08:00:00,34,0.7959443260687049,1.068682285853601,0.09876121978606156,0.4138953595241013,-0.3593170448489751
2026-02-11 12:00:00,34,1.7523807940234146,0.26867906119647567,-0.19694802533135783,-0.05138099631682991,0.7959443260687049
2026-02-11 16:00:00,34,-1.1083109879795838,-0.5799833582967338,-0.4417645777250338,-1.075750821171228,1.7523807940234146
2026-02-11 20:00:00,34,-0.8718783466353894,-0.8967448879567013,0.2904792492262184,-0.4278777467156534,-1.1083109879795838
2026-02-12 00:00:00,34,-0.26111691826828576,-0.3135648835828395,0.22996020162967998,0.0817865181994204,-0.8718783466353894
2026-02-12 04:00:00,34,-0.593356648791076,-0.2714306952381284,0.07362518907247176,0.23442474200628816,-0.26111691826828576
2026-02-12 08:00:00,34,1.9297121178871972,1.1733367059822928,0.15866772782962532,0.5812766639580111,-0.593356648791076
2026-02-12 12:00:00,34,-0.4812676724720468,-0.24923635978489153,-0.48715561497037796,-0.5467537681040664,1.9297121178871972
2026-02-12 16:00:00,34,0.81233311310217,0.27397791264968097,0.12997660441141984,-0.26542445712344787,-0.4812676724720468
2026-02-12 20:00:00,34,-1.7633215530502664,-1.2398295880223364,-0.20114302047622834,-0.7402810246171789,0.81233311310217
2026-02-13 00:00:00,34,-0.7383793279179329,-0.10213827961167991,0.45814059809234237,0.2904843185208783,-1.7633215530502664
2026-02-13 04:00:00,34,0.12173024669854016,0.19600162111856048,0.19578880540486124,0.7221105411975088,-0.7383793279179329
2026-02-13 08:00:00,34,1.3286409502999827,1.2386881252477298,-0.024371202910889463,0.6509520396233359,0.12173024669854016
2026-02-13 12:00:00,34,0.04113102486241793,0.14080970222246095,-0.33330099323411083,-0.12571687970915413,1.3286409502999827
2026-02-13 16:00:00,34,1.091554648964843,0.36924982277495694,-0.003740429956645624,-0.14976038719228413,0.04113102486241793
2026-02-13 20:00:00,34,-1.8228512498083358,-1.2078667728963828,-0.27261462999164865,-0.7878383942057425,1.091554648964843
2026-02-14 00:00:00,34,-0.9272315006026446,0.5202989849447466,0.4733782595718518,0.2777255641931511,-1.8228512498083358
2026-02-16 04:00:00,34,0.09909917741028096,0.33375920056371505,0.24412880432564224,0.8197470090248054,-0.9272315006026446
2026-02-16 08:00:00,34,1.261335089434425,1.3706045333822676,-0.01857838703051843,0.7618177008783089,0.09909917741028096
2026-02-16 12:00:00,34,-0.43125602736422053,0.34037812018655644,-0.31607288727509114,0.024493022901163286,1.261335089434425
2026-02-16 16:00:00,34,-0.47504573881434453,0.7562597684859499,0.11717525383032315,0.27658758061667577,-0.43125602736422053
2026-02-16 20:00:00,34,-1.1445941308817709,0.6925641695629281,0.12838399225333452,0.5542798047763604,-0.47504573881434453
2026-02-17 04:00:00,34,1.1929805331221957,0.6230743656803004,0.29976655084314197,1.2233625140708035,-1.1445941308817709
2026-02-17 08:00:00,34,2.469775631688563,1.0375076724938657,-0.2985763494731137,0.5259951017269984,1.1929805331221957
2026-02-17 12:00:00,34,-1.1812840332938084,-0.7498972657667335,-0.625394266414946,-0.9177342748394679,2.469775631688563
2026-02-17 16:00:00,34,0.3423857699648014,0.19186130531272652,0.3091579696327074,-0.2272041558062714,-1.1812840332938084
2026-02-17 20:00:00,34,-0.6182738871871685,-1.0364955101169933,-0.08085182267248,-0.4273488118123545,0.3423857699648014
2026-02-18 00:00:00,34,-0.059491477534443504,-0.5745959815477284,0.16504572846394613,-0.06593129588772761,-0.6182738871871685
2026-02-18 04:00:00,34,-1.6492274077438154,-0.6707870490773935,0.022015649987381054,-0.03115502201498721,-0.059491477534443504
2026-02-18 08:00:00,34,1.1268223059639517,1.4480177866266715,0.4289362167893585,0.9329155707337211,-1.6492274077438154
2026-02-18 12:00:00,34,0.7543218713064039,0.46351257659647327,-0.28164200032601916,0.2742215402244472,1.1268223059639517
2026-02-18 16:00:00,34,0.2702175870392747,0.21121226742883417,-0.18629403395976285,-0.16672403840168926,0.7543218713064039
2026-02-18 20:00:00,34,-0.5860713120067409,-0.9456896727221962,-0.06237912079597622,-0.32468213931905154,0.2702175870392747
2026-02-19 00:00:00,34,0.055704276364455296,-0.59246372110796,0.1568029191420375,0.01791107402822334,-0.5860713120067409
2026-02-19 04:00:00,34,-1.4713909680327433,-0.730653732016308,-0.007470707198712989,-0.01465135761774583,0.055704276364455296
2026-02-19 08:00:00,34,1.953210680595248,1.2841818212688305,0.38341588635577234,0.8454633579489812,-1.4713909680327433
2026-02-19 12:00:00,34,0.8097482736668944,-0.2172348543902348,-0.49317048088268867,-0.2963033685575862,1.953210680595248
2026-02-19 16:00:00,34,-1.0703025547635487,-0.47042783993600673,-0.20048138585622202,-0.7696489451019648,0.8097482736668944
2026-02-19 20:00:00,34,-0.1349414557043307,-0.7997940087853983,0.2807503295398607,-0.1439940393282697,-1.0703025547635487
2026-02-20 00:00:00,34,-0.11384395399512215,-0.6870296355335734,0.041328384447653195,-0.06511280768222427,-0.1349414557043307
2026-02-20 04:00:00,34,-0.7761402633091841,-0.7590643790232392,0.03592811186748564,0.0014356911443140774,-0.11384395399512215
2026-02-20 08:00:00,34,1.8400760989974145,0.8054969472671083,0.20545437371742814,0.4551354054416006,-0.7761402633091841
2026-02-20 12:00:00,34,-0.08282813452272109,-0.5922478674043661,-0.46421171660374844,-0.6204974922010571,1.8400760989974145
2026-02-20 16:00:00,34,0.5898192812386522,-0.37358283524154223,0.027989073314161228,-0.5720795673165622,-0.08282813452272109
2026-02-20 20:00:00,34,-1.5355155868238572,-1.5985487758357353,-0.14418673430154427,-0.9168636895112456,0.5898192812386522
2026-02-21 00:00:00,34,1.5798997538663855,0.009615666202389106,0.3998296980641132,-0.019264356021325924,-1.5355155868238572
2026-02-23 04:00:00,34,-1.7680405050648282,-1.6927036674250848,-0.39761505497124583,-0.9428088502746625,1.5798997538663855
2026-02-23 08:00:00,34,-0.6325685222825435,0.5903476917634372,0.45934849595260147,0.09071499835782859,-1.7680405050648282
2026-02-23 12:00:00,34,1.4687856484135633,0.63093375143408,0.16870468898984387,0.4604885707394466,-0.6325685222825435
2026-02-23 16:00:00,34,0.26168270216216705,0.03344360285491084,-0.36917346671035633,-0.3981031820037373,1.4687856484135633
2026-02-23 20:00:00,34,-1.4901013341211318,-1.1443553345808823,-0.0601944685365756,-0.5510721398327192,0.26168270216216705
2026-02-24 00:00:00,34,0.6767788504761985,-0.20365209369049522,0.3882051300465511,0.31997988713247416,-1.4901013341211318
2026-02-24 04:00:00,34,-0.9313179344535296,-0.7349329246731502,-0.16644554881946094,-0.07563722696276365,0.6767788504761985
2026-02-24 08:00:00,34,0.9490450349896378,0.889848198047509,0.24517479815845566,0.4687729792285129,-0.9313179344535296
2026-02-24 12:00:00,34,-0.6809515755434425,0.05121658673363468,-0.23613681515992108,-0.08599976171165125,0.9490450349896378
2026-02-24 16:00:00,34,1.4214417674427207,0.7339132713830442,0.1810891731563069,0.3120565560434745,-0.6809515755434425
2026-02-24 20:00:00,34,-0.7324140215054111,-1.1023765417030371,-0.3570549767692481,-0.518859908758051,1.4214417674427207
2026-02-25 00:00:00,34,-0.26734892294476964,-0.6001316422315734,0.19426188145453502,-0.09072075915699784,-0.7324140215054111
2026-02-25 04:00:00,34,-0.3857664825510163,-0.5943289375557663,0.07522037908301232,0.06556043857466776,-0.26734892294476964
2026-02-25 08:00:00,34,0.696290230226964,0.7593788124496932,0.10553141348728257,0.29106367709064607,-0.3857664825510163
2026-02-25 12:00:00,34,0.7828943538860926,0.0651966732217807,-0.1714398258917697,-0.11595898808465677,0.696290230226964
2026-02-25 16:00:00,34,-0.7776279065206282,-0.16732904941909307,-0.1936076579304655,-0.5736068662769807,0.7828943538860926
2026-02-25 20:00:00,34,-1.2713715904083998,-0.6018684205112993,0.20583516187683035,-0.11903753687026608,-0.7776279065206282
2026-02-26 00:00:00,34,0.0344456183219215,0.16753645973454642,0.3322174470630546,0.6241540672795036,-1.2713715904083998
2026-02-26 04:00:00,34,0.7177659567981465,-0.06131209026609343,-0.002029183851512824,0.604018573825245,0.0344456183219215
2026-02-26 08:00:00,34,0.5349827711980009,0.6712433282906343,-0.1769369117050588,0.18444208111350058,0.7177659567981465
2026-02-26 12:00:00,34,0.09974300016318338,0.016177028877068393,-0.13015037560627005,-0.12828686998050287,0.5349827711980009
2026-02-26 16:00:00,34,1.5609148751331077,0.25543990035180636,-0.018743184664233963,-0.18659253046027935,0.09974300016318338
2026-02-26 20:00:00,34,-2.195806333298469,-1.7550324050603534,-0.3927555449935134,-1.0990392444998545,1.5609148751331077
2026-02-27 00:00:00,34,0.3272753372959798,-0.3312936170354229,0.5688426012159992,0.18453893481285277,-2.195806333298469
2026-02-27 04:00:00,34,-0.7049855442159405,-0.6778543307522237,-0.07698404456582916,-0.006772782987546577,0.3272753372959798
2026-02-27 08:00:00,34,1.6125624749125347,0.8703598811723152,0.18724108553928095,0.40533280554455153,-0.7049855442159405
2026-02-27 12:00:00,34,-0.26849581839414327,-0.4622289659003198,-0.40597564663230457,-0.5373049736565694,1.6125624749125347
2026-02-27 16:00:00,34,0.9986119544398235,-0.02547862702132956,0.07551394692497476,-0.3803533479593568,-0.26849581839414327
2026-02-27 20:00:00,34,-1.2818702177593604,-1.5311144898204772,-0.24882433047238003,-0.964100873814381,0.9986119544398235
2026-02-28 00:00:00,34,2.3947608664483173,-0.13871812181814266,0.33490475337041914,-0.21477220339602532,-1.2818702177593604
2026-03-02 04:00:00,34,-2.3406935131659896,-2.391434582573328,-0.6061929322750943,-1.6146510297894245,2.3947608664483173
2026-03-02 08:00:00,34,1.4637569800598431,0.16919652005518046,0.6059289953986271,-0.24637775705254406,-2.3406935131659896
2026-03-02 12:00:00,34,-0.36047726223859833,-1.0426875929670532,-0.3678862915651827,-1.102029956852487,1.4637569800598431
2026-03-02 16:00:00,34,0.21846423768512935,-0.5218450532671182,0.09905819761038288,-0.8913097576567797,-0.36047726223859833
2026-03-02 20:00:00,34,0.22667985694928383,-1.6621017458549048,-0.04913195071388845,-1.0190149765553809,0.21846423768512935
2026-03-03 00:00:00,34,-1.683418107234914,-1.7049289718421665,-0.051234881385625035,-1.1515227089803783,0.22667985694928383
2026-03-03 04:00:00,34,0.2363651788431511,-0.7885329736854074,0.43768792111451743,-0.1674656378539119,-1.683418107234914
2026-03-03 08:00:00,34,0.7449870405014831,0.12407912022505867,-0.0537140080127706,-0.30563501158764517,0.2363651788431511
2026-03-03 12:00:00,34,0.0566123543093795,-0.711202577018091,-0.1839046216240684,-0.7411238315975641,0.7449870405014831
2026-03-03 16:00:00,34,0.35889194658831514,-0.4683521937246843,-0.007703145545879406,-0.7742170883065391,0.0566123543093795
2026-03-03 20:00:00,34,-0.2019586489477696,-1.582929494094284,-0.08507686572506368,-0.9840105770974308,0.35889194658831514
2026-03-04 00:00:00,34,-0.24515283497214924,-1.3512924165535658,0.0584826009070536,-0.8659538473295445,-0.2019586489477696
2026-03-04 04:00:00,34,-0.5344531153167456,-1.3927213353297088,0.06953890423742855,-0.7226475708173492,-0.24515283497214924
2026-03-04 08:00:00,34,1.1997558454850097,0.05580300022455328,0.14359034373549026,-0.41022823479340786,-0.5344531153167456
2026-03-04 12:00:00,34,0.068070855880622,-0.8700909582356753,-0.30031060853749403,-1.1115562164165027,1.1997558454850097
2026-03-04 16:00:00,34,-0.6927738934917667,-0.6269154078223722,-0.01063614835814978,-1.1513476424318636,0.068070855880622
2026-03-04 20:00:00,34,-1.139530734962369,-1.156785579104006,0.18411530109933683,-0.74638048326179,-0.6927738934917667
2026-03-05 00:00:00,34,0.40221713902870704,-0.38624687935121155,0.29847048657340225,-0.08025762721888796,-1.139530734962369
2026-03-05 04:00:00,34,-0.011603162706029124,-0.8241710188853488,-0.09616670242663909,-0.3153772437231819,0.40221713902870704
2026-03-05 08:00:00,34,1.8272543166149422,0.23297203765149624,0.009757802729312554,-0.3085945114600399,-0.011603162706029124
2026-03-05 12:00:00,34,-1.0338097512619822,-1.07428635605568,-0.46092975835185174,-1.3767323218372756,1.8272543166149422
2026-03-05 16:00:00,34,0.23422804345609904,-0.1514771054000074,0.27140936164521484,-0.7724096098760445,-1.0338097512619822
2026-03-05 20:00:00,34,0.14839473731419695,-1.3147423575008599,-0.05316697103228463,-0.9093297020554534,0.23422804345609904
2026-03-06 00:00:00,34,-1.829434628012935,-1.2951483896341691,-0.031196443146467488,-0.9960751694734373,0.14839473731419695
2026-03-06 04:00:00,34,-0.35934412824734707,-0.29988554165422365,0.4750633897494999,0.07333716138045965,-1.829434628012935
2026-03-06 08:00:00,34,1.5644490382038576,0.9926376050375056,0.09876815225302481,0.28339497699372096,-0.35934412824734707
2026-03-06 12:00:00,34,1.377230893781121,-0.3288865670567474,-0.3936601755127033,-0.6311176635945461,1.5644490382038576
2026-03-06 16:00:00,34,-0.37467581796015814,-0.9262169230356856,-0.34573843455156084,-1.4361902678242995,1.377230893781121
2026-03-06 20:00:00,34,-0.7561933412137112,-1.5024198716007953,0.10269256494913055,-1.2171701762266185,-0.37467581796015814
2026-03-07 00:00:00,34,2.1678505712353946,-0.41969460985977175,0.2003486120051822,-0.7751306131721503,-0.7561933412137112
2026-03-09 04:00:00,35,-2.6923252433056,-1.813121577564759,-0.671309326406561,-1.7472939491063313,2.1678505712353946
2026-03-09 08:00:00,35,1.135967721482551,1.0767393369232356,0.8779326265717515,-0.27280953520649476,-2.6923252433056
2026-03-09 12:00:00,35,-1.0172870203874407,0.14669910287915344,-0.34238373556414403,-0.8949359681789204,1.135967721482551
2026-03-09 16:00:00,35,0.37645769512260685,0.9819466089679646,0.3439931999314557,-0.3378064535507992,-1.0172870203874407
2026-03-09 20:00:00,35,0.668759887964617,-0.18317555664278146,-0.10028039579934248,-0.5439780538547137,0.37645769512260685
2026-03-10 00:00:00,35,-0.6600316014678889,-0.5671049411697527,-0.1934553831616396,-0.9102324779429924,0.668759887964617
2026-03-10 04:00:00,35,-1.443841214997299,-0.29224676712207515,0.23011355770470987,-0.5487582052987037,-0.6600316014678889
2026-03-10 08:00:00,35,1.2202670819712367,1.7054693695121907,0.4799626954240543,0.24197886220576237,-1.443841214997299
2026-03-10 12:00:00,35,-0.2265706561945926,0.6902478462743032,-0.36925521323529664,-0.4263151329701351,1.2202670819712367
2026-03-10 16:00:00,35,0.16749983421208903,0.9935507562649709,0.09194244887653093,-0.3022309785624717,-0.2265706561945926
2026-03-10 20:00:00,35,0.10968991320232568,-0.09959848289684052,-0.033672458786315994,-0.3939642843696465,0.16749983421208903
2026-03-11 00:00:00,35,-1.4085906085642037,-0.1737591079576809,-0.015244821938543623,-0.4540372892122111,0.10968991320232568
2026-03-11 04:00:00,35,-0.28094068437839326,0.5721441473290916,0.4687261228312095,0.31739435823004136,-1.4085906085642037
2026-03-11 08:00:00,35,1.0904090426341373,1.894459809608052,0.1092735767741978,0.47125491477918047,-0.28094068437839326
2026-03-11 12:00:00,35,0.7347757692941244,0.8636724447462462,-0.3278613356988844,-0.12592075786186108,1.0904090426341373
2026-03-11 16:00:00,35,-0.06854922474881597,0.5739712788739433,-0.21449877270580353,-0.52832957612382,0.7347757692941244
2026-03-11 20:00:00,35,-1.2309545521802683,-0.5390372161412911,0.04157113713652462,-0.4907877658509463,-0.06854922474881597
2026-03-12 00:00:00,35,0.5300799392275835,0.21662845448876483,0.4121024035640487,0.18335935137490367,-1.2309545521802683
2026-03-12 04:00:00,35,-0.36392163207638006,-0.2810590507643787,-0.14924941143989745,-0.10694532502162701,0.5300799392275835
2026-03-12 08:00:00,35,-0.12460405806898578,1.0615596047970774,0.1357247938447806,0.09236074905387603,-0.36392163207638006
2026-03-12 12:00:00,35,0.889575860797569,0.8685201622302178,0.05943931778690203,0.1606016653355251,-0.12460405806898578
2026-03-12 16:00:00,35,-0.18718572754481855,0.45937761611625466,-0.26384324196646286,-0.32658529136258174,0.889575860797569
2026-03-12 20:00:00,35,-0.8600457631173217,-0.4615220017412109,0.07938800926207637,-0.2240707684773504,-0.18718572754481855
2026-03-13 00:00:00,35,0.08863069404032231,0.05616413955391732,0.2938705784877846,0.24694367381941085,-0.8600457631173217
2026-03-13 04:00:00,35,-0.5959801628699211,-0.14623068867401684,-0.008531931897584954,0.198404004520345,0.08863069404032231
2026-03-13 08:00:00,35,1.9236304667700743,1.3400969854944684,0.2096963589013868,0.5247997337622738,-0.5959801628699211
2026-03-13 12:00:00,35,-0.1444714058110037,-0.11626666023142297,-0.5934611073222988,-0.5286997081821525,1.9236304667700743
2026-03-13 16:00:00,35,0.09674976156982495,0.1577433441554134,0.065772283875136,-0.4495781991251775,-0.1444714058110037
2026-03-13 20:00:00,35,-0.963878174952784,-0.8677875035315399,-0.011119986428068523,-0.5025643737480046,0.09674976156982495
2026-03-14 00:00:00,35,1.2206493785251187,0.8773629493693516,0.326968461081485,0.02531514207198704,-0.963878174952784
2026-03-16 04:00:00,35,-2.118566559386373,-1.0996250737996258,-0.36937707505313067,-0.6431882224256853,1.2206493785251187
2026-03-16 08:00:00,35,1.3397685504590342,1.3604960030734834,0.6950398552127719,0.5170703233766254,-2.118566559386373
2026-03-16 12:00:00,35,0.010707814368130286,0.21654344011930182,-0.4073478040156358,-0.2166700933122474,1.3397685504590342
2026-03-16 16:00:00,35,0.2967421857559138,0.4004128372079422,0.016306962597519233,-0.22253435708647018,0.010707814368130286
2026-03-16 20:00:00,35,-0.23148024276693135,-0.7193741094848529,-0.07487007812226891,-0.38504879657761215,0.2967421857559138
2026-03-17 00:00:00,35,-2.400770665452656,-0.5710364963521735,0.09350744112781732,-0.25827584782847524,-0.23148024276693135
2026-03-17 04:00:00,35,1.349073091569867,0.7725877639300172,0.7849959508570026,1.0565351826589264,-2.400770665452656
2026-03-17 08:00:00,35,1.4055892509742893,1.072624139821431,-0.4103137431075892,0.3176990217316753,1.349073091569867
2026-03-17 12:00:00,35,0.23834541687009114,-0.04095571792592124,-0.4283289772290754,-0.45208889600226243,1.4055892509742893
2026-03-17 16:00:00,35,-1.6037848662122585,0.02471803589955395,-0.05625537615909737,-0.5826216402066429,0.23834541687009114
2026-03-17 20:00:00,35,-0.38480335889526174,0.07270604954992434,0.5309467388064741,0.2957104982889991,-1.6037848662122585
2026-03-18 00:00:00,35,-0.32581863179245474,0.3117986007799151,0.14238110597687556,0.5064527020840881,-0.38480335889526174
2026-03-18 04:00:00,35,-0.2877283351930515,0.36098185955166,0.12357898496321922,0.6848912081786551,-0.32581863179245474
2026-03-18 08:00:00,35,1.5487763506622034,1.6381266535921981,0.1114372255403133,0.8424691036184395,-0.2877283351930515
2026-03-18 12:00:00,35,1.097560443095615,0.36467904030290244,-0.473971659804079,-0.005736957423522426,1.5487763506622034
2026-03-18 16:00:00,35,-0.12125603551309183,-0.1529305482138052,-0.33014093422376123,-0.606829180839485,1.097560443095615
2026-03-18 20:00:00,35,-0.028179089001890034,-1.0026532017363774,0.05837209363678176,-0.5404218495187614,-0.12125603551309183
2026-03-19 00:00:00,35,-0.8827214726642705,-0.9545394793138098,0.02870265041235169,-0.5249892313258098,-0.028179089001890034
2026-03-19 04:00:00,35,-0.42682419737859334,-0.5013811795323029,0.30109874509825557,-0.04155616301637366,-0.8827214726642705
2026-03-19 08:00:00,35,0.3411286223587737,0.8997829795860393,0.15577577488636873,0.19219926013500732,-0.42682419737859334
2026-03-19 12:00:00,35,0.8823613344863386,0.38691640948620787,-0.08901881108016439,0.005376052926367336,0.3411286223587737
2026-03-19 16:00:00,35,1.252172227467307,0.016710726669648283,-0.2615435212858275,-0.4778597813633194,0.8823613344863386
2026-03-19 20:00:00,35,-0.12920996230520387,-1.5188178241109616,-0.37942537822614014,-1.1636270145419951,1.252172227467307
2026-03-20 00:00:00,35,-3.148997164556988,-1.2994558464019306,0.06090750748752986,-1.092863619215473,-0.12920996230520387
2026-03-20 04:00:00,35,-0.4637699138042528,0.5256282818504686,1.0235025248937686,0.631722684054953,-3.148997164556988
2026-03-20 08:00:00,35,2.0465309922781287,1.9504533933107882,0.16755268503398593,0.8857118747147172,-0.4637699138042528
2026-03-20 12:00:00,35,0.5915144176929186,0.3883084255233967,-0.6326371901278838,-0.23509552334396844,2.0465309922781287
2026-03-20 16:00:00,35,0.9006335215886132,0.21886946086577874,-0.16883242140284643,-0.5590455333414219,0.5915144176929186
2026-03-20 20:00:00,35,-1.6851433010554775,-1.1884065984770014,-0.26736800992815585,-1.0522883514296515,0.9006335215886132
2026-03-21 00:00:00,35,1.277463485063521,0.988600827544872,0.5568807595698098,-0.12939928415510416,-1.6851433010554775
2026-03-23 04:00:00,35,-1.5722116329884042,-1.1197227989499219,-0.38748728355771433,-0.8290175798033932,1.277463485063521
2026-03-23 08:00:00,35,1.8400096250677507,1.068233314307215,0.5208823750122225,0.0320230964512902,-1.5722116329884042
2026-03-23 12:00:00,35,1.7133232954741402,-0.3247169591533473,-0.5668059160181067,-0.9756803822922411,1.8400096250677507
2026-03-23 16:00:00,35,-1.030143949426039,-0.8543875213505087,-0.5264230607131499,-1.9140025636221631,1.7133232954741402
2026-03-23 20:00:00,35,-1.9095359780711672,-1.0032743752924538,0.3480915071971041,-1.3498317966322908,-1.030143949426039
2026-03-24 00:00:00,35,-0.32894488725914606,0.21351329361585297,0.6284087376593535,-0.30405137153402784,-1.9095359780711672
2026-03-24 04:00:00,35,-0.16884670796152967,0.27797279809180847,0.12457551807427159,-0.12390073390150214,-0.32894488725914606
2026-03-24 08:00:00,35,1.4834938791961463,1.5447594762301455,0.07354221692881996,-0.03142979642965926,-0.16884670796152967
2026-03-24 12:00:00,35,-0.8668354815838413,0.3553698553293716,-0.4531620538456417,-0.8438831240613833,1.4834938791961463
2026-03-24 16:00:00,35,0.6014467386936069,1.0585613892712569,0.29603488634384456,-0.3691502104994786,-0.8668354815838413
2026-03-24 20:00:00,35,0.3223148104206306,-0.2895057334509032,-0.17199847320259332,-0.6985397759688343,0.6014467386936069
2026-03-25 00:00:00,35,-0.6967470741036141,-0.45474813165964784,-0.08302167273327349,-0.8750593720005524,0.3223148104206306
2026-03-25 04:00:00,35,-1.7278433011339,-0.16259828072439103,0.24181707475866335,-0.49347742763831093,-0.6967470741036141
2026-03-25 08:00:00,35,1.6455222581903897,2.059893192742698,0.5704919197496019,0.4527968100370643,-1.7278433011339
2026-03-25 12:00:00,35,-0.4216687407799071,0.7542319751386523,-0.5048106303353914,-0.44839331491530565,1.6455222581903897
2026-03-25 16:00:00,35,0.20948598392979179,1.1482330860896957,0.15413240848271983,-0.21746133979280025,-0.4216687407799071
2026-03-25 20:00:00,35,-0.8376101402154319,0.03861346048121496,-0.04705607021701416,-0.33218886723510366,0.20948598392979179
2026-03-26 00:00:00,35,-1.1031017591206336,0.5492980309807731,0.2867189425044078,0.12653843539782272,-0.8376101402154319
2026-03-26 04:00:00,35,0.019885007632201024,1.0846681131227454,0.37134772341012773,0.7306654274145306,-1.1031017591206336
2026-03-26 08:00:00,35,1.4238556878289295,2.187414253850907,0.01338161722775896,0.7197751629872062,0.019885007632201024
2026-03-26 12:00:00,35,0.6315058750986768,0.7535282206897397,-0.434151632907903,-0.060016589352756,1.4238556878289295
2026-03-26 16:00:00,35,0.03849986883852452,0.41694567781791647,-0.18158019965983468,-0.40586840366621857,0.6315058750986768
2026-03-26 20:00:00,35,0.6667872048374814,-0.5533393879049463,0.00744789692006502,-0.42695332150099397,0.03849986883852452
2026-03-27 00:00:00,35,-1.4606221507468984,-0.9458632409396094,-0.19282656569142642,-0.7921273818658499,0.6667872048374814
2026-03-27 04:00:00,35,-1.5011817077975476,-0.17252654811077656,0.4853118290080146,0.00779996763554891,-1.4606221507468984
2026-03-27 08:00:00,35,1.1652911640045822,1.8758312010185008,0.4982406961467474,0.82994024808003,-1.5011817077975476
2026-03-27 12:00:00,35,0.22355483035912727,0.8323482018947207,-0.35173095037578955,0.19175447789783462,1.1652911640045822
2026-03-27 16:00:00,35,1.5399030443568353,0.7903106729362984,-0.05154069133979841,0.06932197690778175,0.22355483035912727
2026-03-27 20:00:00,35,-1.2089351005451547,-1.069863195204873,-0.47114318221098983,-0.7740245108417056,1.5399030443568353
2026-03-28 00:00:00,35,0.4366171650176742,0.8090947221979935,0.4050834273877894,-0.11193661206255712,-1.2089351005451547
2026-03-30 04:00:00,35,-1.2285521458039135,-0.7504368345884904,-0.11945698080096476,-0.35105527213546317,0.4366171650176742
2026-03-30 08:00:00,35,0.4424874254365907,1.158429373119769,0.4113366064224688,0.3217761382430826,-1.2285521458039135
2026-03-30 12:00:00,35,0.308998283063314,0.602578192909257,-0.12132819988087623,0.07944255920199339,0.4424874254365907
2026-03-30 16:00:00,35,1.448342707128349,0.5882623101512763,-0.07877686274343433,-0.08978407990171,0.308998283063314
2026-03-30 20:00:00,35,-1.8357696360505482,-1.1922337756028651,-0.44195717720293654,-0.8829864439014754,1.448342707128349
2026-03-31 00:00:00,35,0.8929621080913819,-0.036899704243793296,0.6048947916341554,0.12239495368320874,-1.8357696360505482
2026-03-31 04:00:00,35,-0.6014585740849654,-0.698995929886627,-0.2649226507308616,-0.36664652221489114,0.8929621080913819
2026-03-31 08:00:00,35,0.3738401032540164,0.8153309907162771,0.2114426711365575,-0.037250474950614176,-0.6014585740849654
2026-03-31 12:00:00,35,0.20352741381512018,0.32075335540555167,-0.09944600558521435,-0.24198851947526734,0.3738401032540164
2026-03-31 16:00:00,35,1.9487349376444723,0.36668927351432495,-0.04515670131480423,-0.3534527640786731,0.20352741381512018
2026-03-31 20:00:00,35,-1.7118688105526996,-1.6239001428927515,-0.6014634720453149,-1.4207009724901303,1.9487349376444723
2026-04-01 00:00:00,35,-0.9686202051067028,-0.5322915866113106,0.5653998506701647,-0.4831753573820077,-1.7118688105526996
2026-04-01 04:00:00,35,-0.4911064801147127,-0.05319084037830368,0.3284800426244323,0.04730118848462439,-0.9686202051067028
2026-04-01 08:00:00,35,1.8598023042561795,1.4064825666919003,0.1762665581518739,0.3162615796167447,-0.4911064801147127
2026-04-01 12:00:00,35,0.054638849053032956,-0.0025477895564219935,-0.5731150805690706,-0.7022815987675441,1.8598023042561795
2026-04-01 16:00:00,35,-0.5022911498173759,0.17015110107973436,0.002303394708478925,-0.7322052239025254,0.054638849053032956
2026-04-01 20:00:00,35,-0.9735824708552556,-0.4469993017236371,0.1798318117959353,-0.45711941341692963,-0.5022911498173759
2026-04-02 00:00:00,35,0.2923642271416238,0.14082158038519113,0.33006182702335973,0.07607477717782807,-0.9735824708552556
2026-04-02 04:00:00,35,1.0982207014433207,-0.17210168323149588,-0.07347454894545014,-0.0840420204394281,0.2923642271416238
2026-04-02 08:00:00,35,-0.42233754409097735,0.29550033860413877,-0.33035139984704376,-0.6854958423083479,1.0982207014433207
2026-04-02 12:00:00,35,-0.4596402862442375,0.30545853638067005,0.15434559792016792,-0.4541975889805663,-0.42233754409097735
2026-04-02 16:00:00,35,0.5633506718424801,0.7621295395352173,0.16623631449302528,-0.20247003869563862,-0.4596402862442375
2026-04-02 20:00:00,35,-1.6666985779803767,-0.5271657246351055,-0.15985487443963253,-0.5109958333622142,0.5633506718424801
2026-04-03 00:00:00,35,1.8576998679374537,1.6280366381698312,0.551001272923767,0.40179175870588857,-1.6666985779803767
2026-04-06 04:00:00,36,-1.4813951097302702,-1.1976694592897692,-0.5023859813423063,-0.5216950680202217,1.8576998679374537
2026-04-06 08:00:00,36,0.7925715382495913,1.2563676044939214,0.4035510232176249,0.373720379469086,-1.4813951097302702
2026-04-06 12:00:00,36,-0.6866964928635628,0.3477125874318461,-0.21340373467877133,-0.10534208936697276,0.7925715382495913
2026-04-06 16:00:00,36,1.1384649178920618,0.8498525271611723,0.18793964070013494,0.30972519646923047,-0.6866964928635628
2026-04-06 20:00:00,36,-0.6078516941165759,-1.0886051853284824,-0.3072488077737821,-0.37840929729915374,1.1384649178920618
2026-04-07 00:00:00,36,-1.5166896267107255,-0.7342422979211771,0.1665480896122809,-0.01099901416838911,-0.6078516941165759
2026-04-07 04:00:00,36,0.37823460384871765,0.382817054650617,0.4131268541552033,0.9057498746887163,-1.5166896267107255
2026-04-07 08:00:00,36,2.023139290456987,1.305732277394389,-0.10098909426268646,0.6771294986414329,0.37823460384871765
2026-04-07 12:00:00,36,-1.294434588173937,-0.7593747980977648,-0.547271705131498,-0.5457381625239854,2.023139290456987
2026-04-07 16:00:00,36,0.5786142453100176,0.635862679556685,0.352826363990348,0.23667074270484534,-1.294434588173937
2026-04-07 20:00:00,36,0.12994575123004815,-0.6683130267245064,-0.15535452363032853,-0.11306723738224456,0.5786142453100176
2026-04-08 00:00:00,36,1.4144271992058481,-1.130151579906907,-0.033625314282971525,-0.1916117338658161,0.12994575123004815
2026-04-08 04:00:00,36,-1.9794989326997126,-2.8042705634560954,-0.3821207249180973,-1.0465490528829928,1.4144271992058481
2026-04-08 08:00:00,36,0.9719305384594641,-0.24449484877538122,0.5386926374450748,0.1499406013529061,-1.9794989326997126
2026-04-08 12:00:00,36,-0.14929686087122285,-1.08297891118479,-0.26206600888113324,-0.43753374111448906,0.9719305384594641
2026-04-08 16:00:00,36,-0.02797103297972292,-0.6432800333649074,0.04213659642770073,-0.3472926470217086,-0.14929686087122285
2026-04-08 20:00:00,36,-0.07394915339580166,-1.1930014269108926,0.00921942640681347,-0.3303858172044851,-0.02797103297972292
2026-04-09 00:00:00,36,-1.8262568781026545,-1.2560966305759633,0.021693848657040084,-0.2856879416381126,-0.07394915339580166
2026-04-09 04:00:00,36,0.7926298105385463,0.23688405769439413,0.4971162076511442,0.8181759829798523,-1.8262568781026545
2026-04-09 08:00:00,36,0.43860484430958735,0.36189812833924295,-0.21341954465819926,0.3390782920026183,0.7926298105385463
2026-04-09 12:00:00,36,0.2428613456988078,0.5129538299571024,-0.11736827340358164,0.07396768757382688,0.43860484430958735
2026-04-09 16:00:00,36,0.49286325325849845,0.29372548177801383,-0.064260685874762,-0.07282758608976003,0.2428613456988078
2026-04-09 20:00:00,36,-0.7503922628013484,-1.449070405316347,-0.13208923845672235,-0.37073417938737663,0.49286325325849845
2026-04-10 00:00:00,36,-1.4573807248915909,-1.09057797876209,0.20522107636054884,0.0828334200838583,-0.7503922628013484
2026-04-10 04:00:00,36,0.11268842539537971,-0.07868364365761027,0.3970356290726227,0.9637335967954588,-1.4573807248915909
2026-04-10 08:00:00,36,1.0208913997038032,1.0574628630698912,-0.028943192277477017,0.895620129841566,0.11268842539537971
2026-04-10 12:00:00,36,-0.3378900321499536,0.39233850609788323,-0.27534968492899226,0.2785518517707626,1.0208913997038032
2026-04-10 16:00:00,36,1.337527869985255,0.5575350356576142,0.09330421334527891,0.48278632801040366,-0.3378900321499536
2026-04-10 20:00:00,36,-1.286808615947848,-0.8969358298917339,-0.36125700333104854,-0.3256699091985418,1.337527869985255
2026-04-11 00:00:00,36,2.6969992541806196,0.9121292267229043,0.35075734514495244,0.4521295482951686,-1.286808615947848
2026-04-13 04:00:00,36,-3.739080943810359,-2.370415755747368,-0.7300980940517238,-1.1780464784774445,2.6969992541806196
2026-04-13 08:00:00,36,0.8985681333527609,1.6720769626633394,1.0160885986514667,1.0820060993323342,-3.739080943810359
2026-04-13 12:00:00,36,0.7151570114341403,0.537168523208002,-0.24216189774497718,0.538874977904376,0.8985681333527609
2026-04-13 16:00:00,36,-0.2651991375196605,0.3878562050807878,-0.19240023372966086,0.10660499725416805,0.7151570114341403
2026-04-13 20:00:00,36,-0.09461139464340995,-0.40937595296248397,0.0735822911536118,0.2669021406943024,-0.2651991375196605
2026-04-14 00:00:00,36,-1.3365868137284167,-0.9260455723353851,0.0272997655502539,0.3240891151319598,-0.09461139464340995
2026-04-14 04:00:00,36,0.05818696599138207,-0.022907844715763716,0.36426277451767985,1.1319765396698003,-1.3365868137284167
2026-04-14 08:00:00,36,0.913809415176015,1.0423558897931235,-0.014156284685201978,1.0968059711638016,0.05818696599138207
2026-04-14 12:00:00,36,0.7863810069860566,0.09950570329872492,-0.24629704253509538,0.5444623991921365,0.913809415176015
2026-04-14 16:00:00,36,-0.19139388822587833,-0.11235996764175049,-0.21172416839298738,0.06914173919905764,0.7863810069860566
2026-04-14 20:00:00,36,-1.6153241371420446,-0.8666593454964155,0.05355803101330572,0.18482798856415528,-0.19139388822587833
2026-04-15 00:00:00,36,0.7119025795190588,0.397226840722012,0.4398875942731133,1.1611955866472083,-1.6153241371420446
2026-04-15 04:00:00,36,-0.37410104382851017,-0.840752174276064,-0.19151726684180295,0.7308927169928623,0.7119025795190588
2026-04-15 08:00:00,36,0.7367505534996255,0.7004684577177017,0.10312870042083663,0.957014601266474,-0.37410104382851017
2026-04-15 12:00:00,36,0.47525186961640564,0.216361134129329,-0.19825882384089763,0.5116926056579025,0.7367505534996255
2026-04-15 16:00:00,36,0.27815526318379824,-0.030758954054575047,-0.12731105626975822,0.224431048827066,0.47525186961640564
2026-04-15 20:00:00,36,-1.295873576646061,-1.166992412431508,-0.07383635416194284,0.05630269615511985,0.27815526318379824
2026-04-16 00:00:00,36,0.15041234358375277,-0.19839316443435775,0.3532167790323732,0.8395813845351405,-1.295873576646061
2026-04-16 04:00:00,36,0.4797750487773591,-0.6557191153917075,-0.03917814925606208,0.7486660473281184,0.15041234358375277
2026-04-16 08:00:00,36,0.06057806308460201,-0.06791661131312673,-0.12853824968820488,0.4586704970704947,0.4797750487773591
2026-04-16 12:00:00,36,0.1459948953726382,0.24193574052003974,-0.01480501835487335,0.4220546522437818,0.06057806308460201
2026-04-16 16:00:00,36,1.245793075056616,0.35586241654558515,-0.03797964192789647,0.3338094003777563,0.1459948953726382
2026-04-16 20:00:00,36,-2.410015879234246,-0.939230597894638,-0.33636823979260666,-0.4191985962424081,1.245793075056616
2026-04-17 00:00:00,36,0.6521116813721761,0.5940760125014231,0.655497111580819,1.0375130081004649,-2.410015879234246
2026-04-17 04:00:00,36,-0.9918748147423315,-0.3015438448812078,-0.17529527030399586,0.6433501887732245,0.6521116813721761
2026-04-17 08:00:00,36,1.6633775069286028,1.96915508077884,0.2707382243368865,1.2428796628900844,-0.9918748147423315
2026-04-17 12:00:00,36,1.5359094409406993,0.6631743071964088,-0.4496639656977156,0.2374666539452175,1.6633775069286028
2026-04-17 16:00:00,36,-1.219684097436236,-0.27522147195894675,-0.41508033191357346,-0.6908994722352428,1.5359094409406993
2026-04-17 20:00:00,36,-0.04413720682425115,-0.6005467711864532,0.3325456483709325,0.04632719655017681,-1.219684097436236
2026-04-18 00:00:00,36,0.783610313339091,0.3776840063436885,0.013605505630632541,0.07300551926089582,-0.04413720682425115
2026-04-20 04:00:00,36,-2.0493585324008077,-1.7099179129924493,-0.21097244556992517,-0.4006404208175187,0.783610313339091
2026-04-20 08:00:00,36,1.403418531988141,1.0568216638746002,0.5576463949501013,0.8380752164237979,-2.0493585324008077
2026-04-20 12:00:00,36,-0.007094477515158459,0.05408156845428386,-0.37913393985504623,-0.010208016442925683,1.403418531988141
2026-04-20 16:00:00,36,-0.2822254058495126,0.248414394325831,0.003555363464732393,-0.00591982572512606,-0.007094477515158459
2026-04-20 20:00:00,36,-0.5989229037373587,-0.45838699725599585,0.07820172445297653,0.16466868669247248,-0.2822254058495126
2026-04-21 00:00:00,36,-1.0487445507786894,-0.1474267656819391,0.16412560038553195,0.5266820458152992,-0.5989229037373587
2026-04-21 04:00:00,36,0.04683096285199184,0.4888952111980416,0.28616767413075783,1.160585901086197,-1.0487445507786894
2026-04-21 08:00:00,36,2.5659054548570577,1.481494595279898,-0.011075263169887627,1.1322793626866563,0.04683096285199184
2026-04-21 12:00:00,36,-1.2823174701379596,-0.29105737723307734,-0.6945307547966657,-0.41865824064755763,2.5659054548570577
2026-04-21 16:00:00,36,1.5427110069868384,0.8894591441318992,0.34953884276353947,0.35642658567943286,-1.2823174701379596
2026-04-21 20:00:00,36,0.9358055310118178,-1.2852417916318968,-0.41692567935393277,-0.5760506836152643,1.5427110069868384
2026-04-22 00:00:00,36,-2.671565363813764,-2.1851993925563526,-0.2522648557975259,-1.1416896025033427,0.9358055310118178
2026-04-22 04:00:00,36,-0.7747206726086446,-0.40327976676046473,0.7264586619975923,0.47311314662399795,-2.671565363813764
2026-04-22 08:00:00,36,1.2695282720292624,1.5478348176333567,0.21182166929184748,0.9413858263342707,-0.7747206726086446
2026-04-22 12:00:00,36,-0.9029050370186518,0.34737171944770595,-0.34280788688017116,0.17403131143622375,1.2695282720292624
2026-04-22 16:00:00,36,1.404821877710006,1.5220344738257368,0.2465996435338777,0.7197838338065807,-0.9029050370186518
2026-04-22 20:00:00,36,-1.451288545494375,-0.779994668253752,-0.3795146845862178,-0.12934763828361184,1.404821877710006
2026-04-23 00:00:00,36,1.246709396951502,0.49708457563500463,0.39538274684217756,0.74787017745264,-1.451288545494375
2026-04-23 04:00:00,36,-1.3530579808159828,-0.5882364738963458,-0.3366168490469758,-0.005691681384407232,1.246709396951502
2026-04-23 08:00:00,36,1.3226857231479645,1.3182400420943414,0.36873160211099926,0.8121515863660314,-1.3530579808159828
2026-04-23 12:00:00,36,0.43313628709869434,0.25894137345509893,-0.3572301487081814,0.01266654628384778,1.3226857231479645
2026-04-23 16:00:00,36,0.3501429508149805,0.11294505516791352,-0.1158845874431537,-0.2491386397795452,0.43313628709869434
2026-04-23 20:00:00,36,0.3994869159395549,-1.4251080774560243,-0.09336748775771173,-0.46077927834376275,0.3501429508149805
2026-04-24 00:00:00,36,-3.7545871407350635,-1.8023800041904074,-0.10675510453921767,-0.7022454160760994,0.3994869159395549
2026-04-24 04:00:00,36,1.2141526127606639,0.8798675712207843,1.0202956181247178,1.5671797377378756,-3.7545871407350635
2026-04-24 08:00:00,36,0.8234377880045614,1.173939898369446,-0.32778379825171117,0.8332965232365446,1.2141526127606639
2026-04-24 12:00:00,36,0.17944531510941175,0.42384139826381784,-0.2217781229582409,0.33557723782594273,0.8234377880045614
2026-04-24 16:00:00,36,-0.08517229745579336,0.308743486772601,-0.047055146895644225,0.22711319195919977,0.17944531510941175
2026-04-24 20:00:00,36,0.00017061035998722218,-0.5641875130892888,0.024738823891184272,0.2785947922015257,-0.08517229745579336
2026-04-25 00:00:00,36,0.11467709375478741,0.5029864688630258,0.001584256924938392,0.2784916683618217,0.00017061035998722218
2026-04-27 04:00:00,36,-1.1490420997404165,-1.2613491314983662,-0.02948274214611936,0.20917616937930283,0.11467709375478741
2026-04-27 08:00:00,36,0.711096692417776,0.9384975882263482,0.3133796167915071,0.9037039419938999,-1.1490420997404165
2026-04-27 12:00:00,36,0.830674357240829,-0.1018615343978438,-0.19129861988763347,0.4738881832761841,0.711096692417776
2026-04-27 16:00:00,36,-0.8675195371061495,-0.5055521020810481,-0.22374149204508673,-0.028205178866830494,0.830674357240829
2026-04-27 20:00:00,36,-0.6666362580991958,-0.6382275098234688,0.23699912782228835,0.49615890835164045,-0.8675195371061495
2026-04-28 00:00:00,36,-0.6750560287411211,-0.46141939474657145,0.18249705547427433,0.899100972516532,-0.6666362580991958
2026-04-28 04:00:00,36,1.0264518319603582,0.06657478658154398,0.18478144146671932,1.3071322884600836,-0.6750560287411211
2026-04-28 08:00:00,36,0.5224108913758343,0.6470655260738651,-0.27685829770468523,0.686703059010048,1.0264518319603582
2026-04-28 12:00:00,36,0.36864635956618486,0.07103182738079941,-0.1401058713907568,0.37093667163500577,0.5224108913758343
2026-04-28 16:00:00,36,-1.2667910979128507,0.29026762067023093,-0.09838768718609774,0.14811182035251313,0.36864635956618486
2026-04-28 20:00:00,36,-0.03184388046087605,0.08248285051118702,0.34532634948635743,0.9138118759032832,-1.2667910979128507
2026-04-29 00:00:00,36,0.6720697842962018,-0.2362666420159298,0.01027017694540521,0.9330596122333041,-0.03184388046087605
2026-04-29 04:00:00,36,-0.1181562675067589,-1.0426028615671163,-0.18071014592167584,0.5268333038723991,0.6720697842962018
2026-04-29 08:00:00,36,0.11074832058364237,0.3618027765203541,0.0336877753964025,0.5982517569564614,-0.1181562675067589
2026-04-29 12:00:00,36,-0.018910692638797855,0.19369495748880536,-0.028416818288886467,0.531310968248075,0.11074832058364237
2026-04-29 16:00:00,36,1.5109919561828473,0.49740685374640303,0.006761246078416726,0.542741359910826,-0.018910692638797855
2026-04-29 20:00:00,36,-0.46618409230452507,-1.2012079794718347,-0.40831991579672994,-0.3705636251748565,1.5109919561828473
2026-04-30 00:00:00,36,-1.2018662135066407,-1.1754794161549107,0.12811194937453238,-0.08878300170617415,-0.46618409230452507
2026-04-30 04:00:00,36,0.2358128395993937,-0.6270830138988501,0.3277114401490242,0.6376738134410527,-1.2018662135066407
2026-04-30 08:00:00,36,0.614986682647551,0.34253996487255944,-0.06234834060005953,0.4951389435020914,0.2358128395993937
2026-04-30 12:00:00,36,1.0392312682120224,-0.47884867499008466,-0.1652228074468986,0.12341598314812785,0.614986682647551
2026-04-30 16:00:00,36,0.5732942755218833,-1.2137497371698425,-0.2803255139040531,-0.50473765726748,1.0392312682120224
2026-04-30 20:00:00,36,-2.200341842247486,-2.3275222025665676,-0.15391115124156884,-0.8512600312700194,0.5732942755218833
2026-05-01 00:00:00,36,-1.6789349759750394,-0.9396871365525788,0.5986099998717505,0.4787160584068353,-2.200341842247486
2026-05-01 04:00:00,36,0.863249846690799,0.24077655844192702,0.457145987093721,1.4935326343113324,-1.6789349759750394
2026-05-01 08:00:00,36,1.24034776251996,0.5478201503301902,-0.23257961780423847,0.9717493216133057,0.863249846690799
2026-05-01 12:00:00,36,0.6555687272370623,-0.5849007920836057,-0.33489086039449306,0.22203269333214948,1.24034776251996
2026-05-01 16:00:00,36,0.1747761073476326,-0.8211975995154809,-0.1762332088161998,-0.17421970510181772,0.6555687272370623
2026-05-01 20:00:00,36,-1.3836776635807713,-1.631602122246913,-0.04578833414498425,-0.27986149191696086,0.1747761073476326
2026-05-02 00:00:00,36,1.5094956313814567,0.764968120115259,0.3770390937726719,0.5564895572921351,-1.3836776635807713
2026-05-04 04:00:00,37,-0.9604101776622773,-1.3616176601097345,-0.4936490950801971,-0.4057339276938592,1.5094956313814567
2026-05-04 08:00:00,37,-0.3755867155529984,0.38601826475208406,0.32091914370528074,0.199231570666889,-0.9604101776622773
2026-05-04 12:00:00,37,1.5427705570762882,0.4691883519069616,0.12804595162383084,0.43581486584318974,-0.3755867155529984
2026-05-04 16:00:00,37,0.0005992683325732884,-0.3241338299710122,-0.5046230753509066,-0.5359813318915521,1.5427705570762882
2026-05-04 20:00:00,37,-1.228053617613618,-0.7908200369431072,0.0039808341495367406,-0.5363588129656787,0.0005992683325732884
2026-05-05 00:00:00,37,-1.328284273655287,-0.45220707784921527,0.40918722449823136,0.23719615976659725,-1.228053617613618
2026-05-05 04:00:00,37,0.57178530681702,0.15661350070079258,0.4422430230899134,1.073886749127663,-1.328284273655287
2026-05-05 08:00:00,37,0.7198188645131296,1.0126881068766675,-0.1843947725976967,0.7137173224188693,0.57178530681702
2026-05-05 12:00:00,37,0.4836411071393485,0.30654733869221823,-0.23321583853962197,0.26030107566520044,0.7198188645131296
2026-05-05 16:00:00,37,-0.5966444316049113,0.18392071069806254,-0.15532505454298484,-0.044346032636463306,0.4836411071393485
2026-05-05 20:00:00,37,-1.6736551063804619,0.0326402334561645,0.20095018698981948,0.3314822377267408,-0.5966444316049113
2026-05-06 00:00:00,37,2.605771917410358,0.793096139201832,0.556145387265388,1.385723039276753,-1.6736551063804619
2026-05-06 04:00:00,37,-0.9104724076186343,-1.243629076443083,-0.8551980417092931,-0.2556611768585899,2.605771917410358
2026-05-06 08:00:00,37,0.6694770285824596,0.4627017918122548,0.30444980254887705,0.31784835753579266,-0.9104724076186343
2026-05-06 12:00:00,37,0.2896188426384203,-0.2642118610589009,-0.21661323754928305,-0.10385740283348355,0.6694770285824596
2026-05-06 16:00:00,37,0.06835818078238631,-0.209666201508326,-0.09133703779311501,-0.28628925491765145,0.2896188426384203
2026-05-06 20:00:00,37,-1.2270739421078343,-0.7528336398996898,-0.018365871451205572,-0.32934829559203394,0.06835818078238631
2026-05-07 00:00:00,37,-0.13170523235340426,-0.3349521424686234,0.4088641301727694,0.44358957634896257,-1.2270739421078343
2026-05-07 04:00:00,37,-0.7295197916951892,-0.42140919275463734,0.047614499738142385,0.5265511310893931,-0.13170523235340426
2026-05-07 08:00:00,37,1.9663305188039857,1.134119365983494,0.2447721204621041,0.9860780234648541,-0.7295197916951892
2026-05-07 12:00:00,37,-1.046235340468332,-0.4234985280634939,-0.6443120022651498,-0.25251997343028876,1.9663305188039857
2026-05-07 16:00:00,37,0.7755813253759491,0.541154312677032,0.34922404968769627,0.4065070744605155,-1.046235340468332
2026-05-07 20:00:00,37,0.2023516190922745,-0.41493440720213165,-0.2516061469348061,-0.08203412797387166,0.7755813253759491
2026-05-08 00:00:00,37,-1.2568089150006418,-0.9704551059425431,-0.06255654408869948,-0.20949607177191965,0.2023516190922745
2026-05-08 04:00:00,37,-0.49449751603482994,-0.28811630274043126,0.41867064360779216,0.5821719564223429,-1.2568089150006418
2026-05-08 08:00:00,37,1.1109069727457772,1.0787874358324059,0.16726241120151744,0.8936575520397589,-0.49449751603482994
2026-05-08 12:00:00,37,-0.1964716247604521,0.11122131388084688,-0.36219563621715006,0.19389363238260415,1.1109069727457772
2026-05-08 16:00:00,37,0.4465929422117476,0.4554915966887798,0.0689742803428626,0.3176517486035966,-0.1964716247604521
2026-05-08 20:00:00,37,-0.6653637297670905,-0.37936994522170275,-0.14310667020427445,0.03634140003237718,0.4465929422117476
2026-05-09 00:00:00,37,1.8693086857923493,1.2412770020168546,0.22361362519445802,0.45545618008342537,-0.6653637297670905
2026-05-11 04:00:00,37,-2.4448791861501196,-1.64987845103931,-0.612314464808195,-0.722027448258661,1.8693086857923493
2026-05-11 08:00:00,37,0.7201794765139411,1.0762315151781894,0.8104929976344428,0.8180099125295293,-2.4448791861501196
2026-05-11 12:00:00,37,1.0547751236773557,0.31903465140307136,-0.23333476739970657,0.3643665151022635,0.7201794765139411
2026-05-11 16:00:00,37,-0.9986112682664938,-0.0652425203234717,-0.3436835045933377,-0.3000397700406019,1.0547751236773557
2026-05-11 20:00:00,37,-1.1579479944131492,0.01472318884718109,0.33351775980603343,0.3289887196886454,-0.9986112682664938
2026-05-12 00:00:00,37,-0.7722963594309036,0.43872324701033805,0.3860665800549221,1.058383932077069,-1.1579479944131492
2026-05-12 04:00:00,37,1.6037231533431395,0.6303140687231764,0.25887971651462693,1.5448559237656063,-0.7722963594309036
2026-05-12 08:00:00,37,1.716398275782181,0.8164937422762241,-0.5247250763295246,0.5346654871581453,1.6037231533431395
2026-05-12 12:00:00,37,-0.7762860894193828,-0.4603350152953137,-0.5618850261964561,-0.5464993759856025,1.716398275782181
2026-05-12 16:00:00,37,0.7989966560721697,0.26283383303047314,0.26019551864685614,-0.05751424038528441,-0.7762860894193828
2026-05-12 20:00:00,37,-2.1098051026457174,-0.7940767203754374,-0.2593284595088166,-0.5608048358742099,0.7989966560721697
2026-05-13 00:00:00,37,-0.6584489204679045,0.15458513188125292,0.6999864734328124,0.7681682685892284,-2.1098051026457174
2026-05-13 04:00:00,37,0.252813969819762,0.40460359912510163,0.22133313983677705,1.18292738774554,-0.6584489204679045
2026-05-13 08:00:00,37,1.2864260641718133,1.3523371460518785,-0.07919889053225843,1.0236790449001418,0.252813969819762
2026-05-13 12:00:00,37,0.2874108940586808,0.2682722369801201,-0.4200813566574318,0.2133550779985498,1.2864260641718133
2026-05-13 16:00:00,37,0.21550117745137598,0.3073850222879845,-0.09060886233826898,0.03231401991465788,0.2874108940586808
2026-05-13 20:00:00,37,-2.6205611149175496,-0.3639992787779636,-0.06689323278110236,-0.10343087351362179,0.21550117745137598
2026-05-14 00:00:00,37,0.75965541827129,0.8584646835212957,0.8684324213883903,1.5472691062906065,-2.6205611149175496
2026-05-14 04:00:00,37,0.3936986405606646,0.17216474913355184,-0.24635382595406152,1.0687596846020977,0.75965541827129
2026-05-14 08:00:00,37,0.9362941438025274,1.1474872205090971,-0.1256622729402379,0.8207676288843331,0.3936986405606646
2026-05-14 12:00:00,37,0.5792995066563638,0.2285861666432767,-0.3046087986864018,0.23099289878257956,0.9362941438025274
2026-05-14 16:00:00,37,0.5421381609959557,0.15340513931873742,-0.18687293533030153,-0.13390974687403379,0.5792995066563638
2026-05-14 20:00:00,37,-0.9864290954864217,-0.7646531411015446,-0.17461722429279575,-0.4754043398880512,0.5421381609959557
2026-05-15 00:00:00,37,0.01043412861905324,-0.35355548247588886,0.3295001122545725,0.14595055953736136,-0.9864290954864217
2026-05-15 04:00:00,37,-0.20127970323797761,-0.543329001374694,0.0007373238938315351,0.13937806794283247,0.01043412861905324
2026-05-15 08:00:00,37,1.523193820007128,0.6830182826203491,0.07055997158786463,0.2661648084537038,-0.20127970323797761
2026-05-15 12:00:00,37,-0.40079877596798674,-0.5618937252028753,-0.49816672054692873,-0.693299938852066,1.523193820007128
2026-05-15 16:00:00,37,0.007051652218898141,-0.07727601823548506,0.1363608207873401,-0.44083548472055867,-0.40079877596798674
2026-05-15 20:00:00,37,-2.402247587193786,-0.5336781558223277,0.0018528554391719328,-0.4452773434160342,0.007051652218898141
2026-05-16 00:00:00,37,0.4167502653738673,2.1386578003042285,0.7964332118922836,1.0679062343652852,-2.402247587193786
2026-05-18 04:00:00,37,-0.1302237353608433,0.25079174567970547,-0.13326463630020102,0.8053938851130553,0.4167502653738673
2026-05-18 08:00:00,37,1.3179508302033227,1.3724789773767512,0.04712590604700743,0.887422240073569,-0.1302237353608433
2026-05-18 12:00:00,37,0.8160821676772194,0.2539215158360815,-0.4304781390166558,0.057240720392414346,1.3179508302033227
2026-05-18 16:00:00,37,0.47241937027046,-0.15890939430681297,-0.26496321490957514,-0.4568120944932872,0.8160821676772194
2026-05-18 20:00:00,37,-0.9584996388139544,-0.8938998184386128,-0.151624156150854,-0.7543905941991067,0.47241937027046
2026-05-19 00:00:00,37,-1.8450565046264966,-0.8473793046970469,0.3202890531734429,-0.15062855048033796,-0.9584996388139544
2026-05-19 04:00:00,37,0.5863641733617797,0.24847039333884585,0.6126731036598428,1.0115785499712935,-1.8450565046264966
2026-05-19 08:00:00,37,0.8869391376820737,0.9703855057499423,-0.1892028432542256,0.6422258477517655,0.5863641733617797
2026-05-19 12:00:00,37,0.6417269854266898,0.20472284760924092,-0.28833165149172807,0.08353999672346824,0.8869391376820737
2026-05-19 16:00:00,37,-0.20486677098489636,0.010913689799927868,-0.20746134855948872,-0.320685921097569,0.6417269854266898
2026-05-19 20:00:00,37,-0.5087616262901573,-0.4224267544667802,0.07174297680462756,-0.19163967493209277,-0.20486677098489636
2026-05-20 00:00:00,37,-0.6638223418116116,-0.39762954249436105,0.1719666760872389,0.12883093018438174,-0.5087616262901573
2026-05-20 04:00:00,37,0.0933082996678749,-0.1671655886366149,0.22310527962614435,0.5469747849429449,-0.6638223418116116
2026-05-20 08:00:00,37,0.8702271141447202,0.8464194872851497,-0.02659435300852834,0.4881995831357653,0.0933082996678749
2026-05-20 12:00:00,37,-0.8502261370818527,0.03385576517425337,-0.2828200714429998,-0.05995930984581577,0.8702271141447202
2026-05-20 16:00:00,37,1.9513736499122878,0.8103361726742936,0.284580745880866,0.4756009025532748,-0.8502261370818527
2026-05-20 20:00:00,37,-2.4718813182844244,-1.1381545127890715,-0.6393792674595369,-0.7535757139218813,1.9513736499122878
2026-05-21 00:00:00,37,-0.1930593077128009,0.11115029011140648,0.8193982275972848,0.8034703778266508,-2.4718813182844244
2026-05-21 04:00:00,37,0.10332688941238999,0.065566351265534,0.06784890743288954,0.9250790644275604,-0.1930593077128009
2026-05-21 08:00:00,37,2.1722413959509232,1.1373273532148964,-0.029898456741319468,0.8599931203160711,0.10332688941238999
2026-05-21 12:00:00,37,-0.344271956540096,-0.6544829886275568,-0.7122208512302416,-0.5083088086160128,2.1722413959509232
2026-05-21 16:00:00,37,-0.17784484008488732,-0.061347877622093296,0.11771842900991893,-0.2914507821143957,-0.344271956540096
2026-05-21 20:00:00,37,0.32204299979263773,-0.5736433430123673,0.06283121726253989,-0.17942573821625096,-0.17784484008488732
2026-05-22 00:00:00,37,-2.80941826231987,-1.1758696119234577,-0.10203043690595008,-0.38228167247692824,0.32204299979263773
2026-05-22 04:00:00,37,-0.11045794839298395,0.6179454348159609,0.930716996524119,1.3873800394648477,-2.80941826231987
2026-05-22 08:00:00,37,2.19220621929019,1.7008065036877953,0.040607203099038834,1.4569578608495828,-0.11045794839298395
2026-05-22 12:00:00,37,-0.14394985321543174,0.0437454627669403,-0.7188051958338224,0.07608002468323427,2.19220621929019
2026-05-22 16:00:00,37,0.3156826675179243,0.34883298942842317,0.051652742497707085,0.16675450597767671,-0.14394985321543174
2026-05-22 20:00:00,37,-0.8749350514249805,-0.44352117687946363,-0.09993281656750097,-0.0320950342715598,0.3156826675179243
2026-05-23 00:00:00,37,2.5202813807709905,2.3831612162783724,0.2927296788341333,0.5190294037336454,-0.8749350514249805
2026-05-25 12:00:00,37,-2.5898594379343773,-1.2492451165020368,-0.8270034945293273,-1.0685040449837082,2.5202813807709905
2026-05-25 16:00:00,37,-0.8532800549030313,0.7610201257413298,0.8583070915655393,0.5628568485127889,-2.5898594379343773
2026-05-25 20:00:00,37,-0.5220564388659206,1.9138625152280548,0.28558791969773156,1.1003407336921267,-0.8532800549030313
2026-05-26 04:00:00,37,0.5276808373963746,0.5425937374568538,0.17635126922644662,1.4291857845429092,-0.5220564388659206
2026-05-26 08:00:00,37,0.01519691510410226,1.3021665804684586,-0.1698492381700286,1.096797906742669,0.5276808373963746
2026-05-26 12:00:00,37,1.0428241451977556,1.0554603694486682,-0.000833430174858929,1.087225320431811,0.01519691510410226
2026-05-26 16:00:00,37,0.0995283512349161,0.7399964292382983,-0.33974210429529955,0.4303469955500585,1.0428241451977556
2026-05-26 20:00:00,37,-1.0069265279969386,0.1324724014812023,-0.028645709149951903,0.3676537630060075,0.0995283512349161
2026-05-27 00:00:00,37,-0.4269096339494496,0.3773889593726812,0.336260109918686,1.0019200619170263,-1.0069265279969386
2026-05-27 04:00:00,37,-0.037794374246946205,0.39221763751375965,0.14497211095122398,1.2708318305176824,-0.4269096339494496
2026-05-27 08:00:00,37,0.978554302499397,1.5488228015492849,0.016642953369648487,1.2946386299283166,-0.037794374246946205
2026-05-27 12:00:00,37,1.261314260026504,0.6488642421949811,-0.31854608443813315,0.6782440882486735,0.978554302499397
2026-05-27 16:00:00,37,0.7990517563382795,0.08542153551751963,-0.41179955173982236,-0.1162618714484509,1.261314260026504
2026-05-27 20:00:00,37,-1.841949938446474,-0.9558391576790388,-0.25934663142717773,-0.6195871747744253,0.7990517563382795
2026-05-28 00:00:00,37,-0.6924491547156926,-0.13649335095103082,0.6116485665569841,0.5406630895242781,-1.841949938446474
2026-05-28 04:00:00,37,1.3589452930022432,0.10845341937234965,0.23254632490161045,0.9768390669506282,-0.6924491547156926
2026-05-28 08:00:00,37,-0.22958484833613824,0.41828618155779823,-0.4439980016931204,0.12083500165927852,1.3589452930022432
2026-05-28 12:00:00,37,0.10821281174154151,0.3223657894060777,0.07989493169312581,0.26545124523951813,-0.22958484833613824
2026-05-28 16:00:00,37,0.8626495319980076,0.4337207654715336,-0.03150982067751771,0.19728764274252342,0.10821281174154151
2026-05-28 20:00:00,37,-2.053065665150731,-0.7447696664595692,-0.280321005397283,-0.3460981065694284,0.8626495319980076
2026-05-29 00:00:00,37,0.2933875745503052,0.2824420364699762,0.6812739607933673,0.9471346414512922,-2.053065665150731
2026-05-29 04:00:00,37,-0.27003846635946616,-0.09654962715796422,-0.09257995535890966,0.7623288528634387,0.2933875745503052
2026-05-29 08:00:00,37,0.9678724602348865,1.1045278162106675,0.09323642522907595,0.9324269621685382,-0.27003846635946616
2026-05-29 12:00:00,37,-0.7677784327618902,0.23376191889185088,-0.31502324182262653,0.322760947715345,0.9678724602348865
2026-05-29 16:00:00,37,2.4727639343427015,1.1022866716978494,0.25738971654933873,0.8063870826830275,-0.7677784327618902
2026-05-29 20:00:00,37,-1.3270317150626347,-1.1416298393810425,-0.8113323695386702,-0.7512149717947381,2.4727639343427015
2026-05-30 00:00:00,37,0.11748745243681391,0.9946970779931755,0.4418299326623123,0.08468662683002037,-1.3270317150626347
2026-06-01 04:00:00,38,-1.5705567115579573,-0.8432659686450683,-0.03787758927288159,-0.266775959707104,0.11748745243681391
2026-06-01 08:00:00,38,0.9394610758149575,1.2345332110931138,0.4939488173062886,0.8852093568536521,-1.5705567115579573
2026-06-01 12:00:00,38,0.7240147902857093,0.3411021506513186,-0.29684431997117416,0.1961254435795876,0.9394610758149575
2026-06-01 16:00:00,38,0.4441922275028407,0.22977923302903205,-0.22896693483647756,-0.33493109277088173,0.7240147902857093
2026-06-01 20:00:00,38,-1.4438254903599486,-1.2892626715042965,-0.14080749492442549,-0.6607409919282894,0.4441922275028407
2026-06-02 00:00:00,38,-0.5862049637753515,-0.4819751670437093,0.45402153850119703,0.3982884288691757,-1.4438254903599486
2026-06-02 04:00:00,38,-0.4495726972606455,0.024821145496833952,0.18382408005162368,0.8282630396518407,-0.5862049637753515
2026-06-02 08:00:00,38,1.4612232261943525,1.2547200738956583,0.14077742945255284,1.1580194516040923,-0.4495726972606455
2026-06-02 12:00:00,38,-1.068772440967443,0.0006775130098189561,-0.46122798684670135,0.08622899131334094,1.4612232261943525
2026-06-02 16:00:00,38,1.0340612536751408,1.2479743159167196,0.33585927723491293,0.8701613063189928,-1.068772440967443
2026-06-02 20:00:00,38,-1.2252213762727528,-0.36761673436182135,-0.32664855953210514,0.11168924867740415,1.0340612536751408
2026-06-03 00:00:00,38,0.1901756778110837,0.23372402041697213,0.3851492643402608,1.0103750615586584,-1.2252213762727528
2026-06-03 04:00:00,38,-0.4528255941825492,0.14931518465503116,-0.0607783631542541,0.8708833852676214,0.1901756778110837
2026-06-03 08:00:00,38,2.2009238797960933,1.4524675310946271,0.14180227022262754,1.203025759765982,-0.4528255941825492
2026-06-03 12:00:00,38,-1.1693064775682096,-0.29630325222671405,-0.694274223989165,-0.41132663753009346,2.2009238797960933
2026-06-03 16:00:00,38,1.0777035039019918,0.9879899110099324,0.3675330074397881,0.4463462391034021,-1.1693064775682096
2026-06-03 20:00:00,38,-2.195762826780859,-0.7350397803880813,-0.3403982596929399,-0.34413690802831454,1.0777035039019918
2026-06-04 00:00:00,38,1.0294141526146774,0.6496316335538845,0.6909230012301568,1.2664299161344985,-2.195762826780859
2026-06-04 04:00:00,38,-0.25302721668422734,-0.1355151678844558,-0.3251844680641735,0.5113664537679696,1.0294141526146774
2026-06-04 08:00:00,38,0.8425406278907737,1.0608883168663314,0.07885483353126725,0.6969590122317264,-0.25302721668422734
2026-06-04 12:00:00,38,-0.5175603893619325,0.34166530448951576,-0.26630906820289046,0.0789651347783984,0.8425406278907737
2026-06-04 16:00:00,38,0.05723945409002695,1.1078172300090028,0.16219727779127824,0.4585897383286728,-0.5175603893619325
2026-06-04 20:00:00,38,-1.5492314657589112,0.08522880595836552,-0.018896168556652774,0.41660525591271913,0.05723945409002695
2026-06-05 00:00:00,38,0.1551845132700258,1.028161556856834,0.4872301963811791,1.55294874951238,-1.5492314657589112
2026-06-05 04:00:00,38,0.1697512052819441,1.040449472279673,-0.04975422901320627,1.439122690682984,0.1551845132700258
2026-06-05 08:00:00,38,1.1924199066776708,1.8068205843077576,-0.054343535166257846,1.3146121305012333,0.1697512052819441
2026-06-05 12:00:00,38,2.250927604404419,1.0947028915092116,-0.37654021235340784,0.43998581897836253,1.1924199066776708
2026-06-05 16:00:00,38,-0.9200244111917328,-0.5198518839923013,-0.7100281371516541,-1.2110437362313533,2.250927604404419
2026-06-05 20:00:00,38,-1.0727652376260775,-0.7569432927297381,0.2889954973358508,-0.5362163933084858,-0.9200244111917328
2026-06-06 00:00:00,38,0.0977799365727563,1.1308554914887223,0.3371172269642243,0.25064459220546986,-1.0727652376260775
2026-06-08 04:00:00,38,0.33644965753172507,0.119053803295631,-0.03166864191940688,0.17892413132868867,0.0977799365727563
2026-06-08 08:00:00,38,0.5883857898488625,0.848550594937707,-0.1068626817225354,-0.06785782973400067,0.33644965753172507
2026-06-08 12:00:00,38,0.019767283225244014,0.32073116167951904,-0.18623636802502988,-0.499432051403792,0.5883857898488625
2026-06-08 16:00:00,38,-1.42494434000705,0.5909835790119304,-0.007090381479034634,-0.5139311267037794,0.019767283225244014
2026-06-08 20:00:00,38,-0.3565926927068581,0.627571106871827,0.4480729415637213,0.5312491870819827,-1.42494434000705
2026-06-09 00:00:00,38,-0.7985960085055268,0.6349921735808826,0.1114836332591324,0.7928058331859411,-0.3565926927068581
2026-06-09 04:00:00,38,0.7180923429345256,1.3076366551820175,0.25073889692533363,1.3785668368429214,-0.7985960085055268
2026-06-09 08:00:00,38,0.6842775633606948,1.669793959921276,-0.2271010394054715,0.8518543476296614,0.7180923429345256
2026-06-09 12:00:00,38,-0.7029918494029488,0.90653049527078,-0.2164475309880976,0.34994461101051044,0.6842775633606948
2026-06-09 16:00:00,38,1.4003998494949226,1.798059137094703,0.22061834826076399,0.8655810615852548,-0.7029918494029488
2026-06-09 20:00:00,38,-0.7013241230976899,-0.21027425684775483,-0.4420652904220305,-0.16159615020211504,1.4003998494949226
2026-06-10 00:00:00,38,0.22203935485241644,0.047691675060747354,0.22009292309298611,0.3528170422746797,-0.7013241230976899
2026-06-10 04:00:00,38,-0.40194616482962786,-0.06334001752765872,-0.07081716736491436,0.1899537246967533,0.22203935485241644
2026-06-10 08:00:00,38,0.731651590813243,1.125963044061937,0.1257724620821062,0.484776621905171,-0.40194616482962786
2026-06-10 12:00:00,38,0.5573815688469104,0.3727180815165721,-0.23137294545453435,-0.051881419955083885,0.731651590813243
2026-06-10 16:00:00,38,0.11982934611289409,0.26976825270625715,-0.17646833955992527,-0.4607144014755633,0.5573815688469104
2026-06-10 20:00:00,38,-0.7762281605465535,-0.6921358036915826,-0.038615414102886485,-0.5486078511034957,0.11982934611289409
2026-06-11 00:00:00,38,0.5447354991410371,-0.36899229908566905,0.24369179919136297,0.020746592878069237,-0.7762281605465535
2026-06-11 04:00:00,38,-1.5526480262348823,-0.9512816402164932,-0.17248413467211698,-0.37881064170111145,0.5447354991410371
2026-06-11 08:00:00,38,0.689202826153501,1.2131934247218126,0.488306600138588,0.7600388597825667,-1.5526480262348823
2026-06-11 12:00:00,38,0.9838120083572601,0.6757417957952747,-0.2179992586433489,0.2545164994512241,0.689202826153501
2026-06-11 16:00:00,38,-0.5941460465277117,0.45485792731110924,-0.3108172938930111,-0.4670983136550575,0.9838120083572601
2026-06-11 20:00:00,38,2.142021007055618,-0.24050275992842132,0.1863259562433823,-0.03129900984412437,-0.5941460465277117
2026-06-12 00:00:00,38,-3.178062533554181,-2.6237894755853506,-0.6757165915439193,-1.6024468262416445,2.142021007055618
2026-06-12 04:00:00,38,0.5638136486340848,0.07184438760624871,1.000401233127084,0.7286255551781782,-3.178062533554181
2026-06-12 08:00:00,38,1.1109310200518117,0.7938660215124851,-0.17849479713313726,0.31507471697971745,0.5638136486340848
2026-06-12 12:00:00,38,-0.2980515868748146,-0.1320675436228995,-0.3508667479531587,-0.49978043176689546,1.1109310200518117
2026-06-12 16:00:00,38,0.3937262457657589,0.6061474671633671,0.09303997721274768,-0.2811630146875572,-0.2980515868748146
2026-06-12 20:00:00,38,-2.073002125166786,-0.6905523459735439,-0.12490794543739833,-0.5699566956344988,0.3937262457657589
2026-06-13 00:00:00,38,3.2609338164055277,1.8911895923363875,0.6522466536551935,0.9505665632947942,-2.073002125166786
2026-06-15 04:00:00,38,-2.8370348420784186,-2.0234011378147385,-1.0282354363493387,-1.4412909526615607,3.2609338164055277
2026-06-15 08:00:00,38,0.5062650155582809,1.2852640106781108,0.8929588239946494,0.6396415323574622,-2.8370348420784186
2026-06-15 12:00:00,38,-0.28809109985499504,0.9283961611064742,-0.16036382438665478,0.2683019558113777,0.5062650155582809
2026-06-15 16:00:00,38,0.725384639384929,1.6617559779948208,0.08990187802522813,0.479613470016794,-0.28809109985499504
2026-06-15 20:00:00,38,-0.7449952776537625,0.0443376871584759,-0.22939851236242909,-0.05244783492088523,0.725384639384929
2026-06-16 00:00:00,38,-0.8409032840739741,0.3159358320536087,0.23385172970131346,0.4939976480396755,-0.7449952776537625
2026-06-16 04:00:00,38,0.492594989003166,1.01707016504356,0.26406800691998883,1.1107905526015234,-0.8409032840739741
2026-06-16 08:00:00,38,0.1443030479989318,1.5516052273545848,-0.15605701698450491,0.7494777835897359,0.492594989003166
2026-06-16 12:00:00,38,0.605356769370264,1.242377251915329,-0.046325971212328086,0.643633154607933,0.1443030479989318
2026-06-16 16:00:00,38,0.8261237247376645,1.1474874985006838,-0.19158315648442448,0.19961091430090683,0.605356769370264
2026-06-16 20:00:00,38,-2.2646195092007257,-0.41477603411708563,-0.2611368441596436,-0.40634135317004727,0.8261237247376645
2026-06-17 00:00:00,38,-0.2612312719873877,0.983056139497499,0.7126166291348082,1.2547310570126982,-2.2646195092007257
2026-06-17 04:00:00,38,0.20405170808512452,1.2507471788356026,0.08143956048588151,1.4463411958515806,-0.2612312719873877
2026-06-17 08:00:00,38,1.1533755551490685,2.0021056366223617,-0.06515007301566136,1.2966716106635197,0.20405170808512452
2026-06-17 12:00:00,38,-0.20482678096547602,0.983088017062254,-0.3642391022204061,0.4506838827235171,1.1533755551490685
2026-06-17 16:00:00,38,0.2877602738767706,1.5340619710233427,0.06366905517864993,0.6009219749708006,-0.20482678096547602
2026-06-17 20:00:00,38,3.273562766751951,0.25185899436998216,-0.09152285797853457,0.38985311782223775,0.2877602738767706
2026-06-18 00:00:00,38,-2.9045110594519805,-3.159672861082078,-1.0322142477008798,-2.011267588221804,3.273562766751951
2026-06-18 04:00:00,38,-0.6484071842346424,-0.5640860394900551,0.9142175297683259,0.11915792755463528,-2.9045110594519805
2026-06-18 08:00:00,38,2.107326504773125,1.1971866378694214,0.20342118781320268,0.594757152908203,-0.6484071842346424
2026-06-18 12:00:00,38,-0.005186656994148109,-0.188053175371849,-0.6647859222696714,-0.950942644388391,2.107326504773125
2026-06-18 16:00:00,38,-0.3774839739824394,0.2536220185920406,0.0007714770196579694,-0.9471382910305497,-0.005186656994148109
2026-06-18 20:00:00,38,-0.36683535319913574,-0.47198718236083737,0.11806553158063952,-0.6702581299611641,-0.3774839739824394
2026-06-19 00:00:00,38,-0.11208321995541226,-0.3898779313245368,0.11471063255192775,-0.40118860998083505,-0.36683535319913574
2026-06-19 04:00:00,38,-0.5180618579757539,-0.23545752646271453,0.03444975165722203,-0.31897685495709993,-0.11208321995541226
2026-06-19 08:00:00,38,0.8718925979138561,1.090616298785191,0.1623552678821712,0.0610155700641144,-0.5180618579757539
2026-06-19 12:00:00,38,-0.8395289864507021,0.09425897116785303,-0.2755565470759869,-0.5785076404148146,0.8718925979138561
2026-06-19 16:00:00,38,0.3822415115344544,1.0758954703302732,0.2636350278652078,0.037277232618503575,-0.8395289864507021
2026-06-19 20:00:00,38,0.7507962465564209,0.6985616246971249,-0.12128962485845264,-0.24309252762458655,0.3822415115344544
2026-06-22 04:00:00,38,-1.7359033004582969,-1.1433284396604828,-0.23740456102849813,-0.7937929546750411,0.7507962465564209
2026-06-22 08:00:00,38,1.792208862729872,1.2396240807582182,0.5460420528333084,0.47947218652041457,-1.7359033004582969
2026-06-22 12:00:00,38,-0.3809429148668997,-0.2050556017597699,-0.5655065984272393,-0.8350924381640592,1.792208862729872
2026-06-22 16:00:00,38,0.3641393276478002,0.4738914606538686,0.11915528748892038,-0.5556751836675922,-0.3809429148668997
2026-06-22 20:00:00,38,-1.360850776133999,-1.0169953925847233,-0.11558644504063807,-0.8227671998587525,0.3641393276478002
2026-06-23 00:00:00,38,0.6200717262446744,-0.3595769114980985,0.42787995699228043,0.17540122067639174,-1.360850776133999
2026-06-23 04:00:00,38,-1.311098672372374,-0.7707539221975952,-0.1962191741932061,-0.2794142715574175,0.6200717262446744
2026-06-23 08:00:00,38,1.7124674639581254,1.0338210793287126,0.41220531818384876,0.6822615520663131,-1.311098672372374
2026-06-23 12:00:00,38,-0.6133726851310684,-0.41334289433584354,-0.540383688453122,-0.5738136721202025,1.7124674639581254
2026-06-23 16:00:00,38,-0.3169177188970611,0.5160822873933892,0.19238340091048237,-0.12391184963236057,-0.6133726851310684
2026-06-23 20:00:00,38,-0.5442302784019901,-0.057472204314790554,0.09898384255315157,0.10854365868557103,-0.3169177188970611
2026-06-24 00:00:00,38,-1.1666503179315768,0.04185588176701428,0.17059975419241283,0.5077303196530369,-0.5442302784019901
2026-06-24 04:00:00,38,1.498274647835217,1.0101562719840274,0.3666961716122775,1.3634549336881019,-1.1666503179315768
2026-06-24 08:00:00,38,1.5216492851392598,0.7549134470525114,-0.4729012148641951,0.2644876810065586,1.498274647835217
2026-06-24 12:00:00,38,-0.8357220593297736,-0.5337846893662812,-0.4802655064080146,-0.8516245997761871,1.5216492851392598
2026-06-24 16:00:00,38,0.6395115445717465,0.4508978172803659,0.2624356372248345,-0.23863206407921034,-0.8357220593297736
2026-06-24 20:00:00,38,-1.63531440962349,-1.1293076789920302,-0.2023437821542752,-0.7077064398697814,0.6395115445717465
2026-06-25 00:00:00,38,-0.20221065039886454,-0.10920855302141573,0.5143510405390201,0.49177790474693595,-1.63531440962349
2026-06-25 04:00:00,38,-0.39395529275733665,0.20417741074973403,0.0628448307015543,0.6400970952590797,-0.20221065039886454
2026-06-25 08:00:00,38,0.9547576115512797,1.381532173804221,0.1232548995264066,0.9290587795446843,-0.39395529275733665
2026-06-25 12:00:00,38,1.49760220018584,0.5699256952724949,-0.30166356688856893,0.22875503292565824,0.9547576115512797
2026-06-25 16:00:00,38,-0.1455917479185338,-0.17460989908954774,-0.4726893570084537,-0.8697189871253546,1.49760220018584
2026-06-25 20:00:00,38,-1.7683581111379372,-1.4458152617136648,0.04500677403643021,-0.7629291115479298,-0.1455917479185338
2026-06-26 00:00:00,38,-0.38583679471528853,-0.16389106300106435,0.5562670965306923,0.5341412606713831,-1.7683581111379372
2026-06-26 04:00:00,38,0.5954195099219781,0.33684203390528134,0.12069712779707888,0.8171481198506143,-0.38583679471528853
2026-06-26 08:00:00,38,0.812502074391082,0.8268676079610724,-0.18845237525467276,0.3804147452604614,0.5954195099219781
2026-06-26 12:00:00,38,-0.5732202495386804,0.1049656986500285,-0.256845277913914,-0.21554619806975595,0.812502074391082
2026-06-26 16:00:00,38,1.1759021932414875,0.9107526150751515,0.17973318358087972,0.20490427389620613,-0.5732202495386804
2026-06-26 20:00:00,38,-1.1641456956306193,-0.7645402892398554,-0.37133622754718026,-0.6576064844590448,1.1759021932414875
2026-06-27 00:00:00,38,-0.13000989786252504,1.2841934590317612,0.36590707834886194,0.19628101787352747,-1.1641456956306193
2026-06-29 04:00:00,39,-0.07978808392275027,-0.2294568583532538,0.04421117124323949,0.1667807835151276,-0.13000989786252504
2026-06-29 08:00:00,39,0.2348917068212515,0.5953649052641334,0.028819234591347352,0.22438908896016585,-0.07978808392275027
2026-06-29 12:00:00,39,0.17033509957182247,0.28802298937231835,-0.06762354643943416,0.05479342344492011,0.2348917068212515
2026-06-29 16:00:00,39,-0.3412504876359357,0.25709744095751985,-0.04783829514532791,-0.06819131264230194,0.17033509957182247
2026-06-29 20:00:00,39,-0.9977976839522817,-0.504077132028807,0.10895199840650567,0.1781971373426945,-0.3412504876359357
2026-06-30 00:00:00,39,0.4505732272886114,0.06652533614640418,0.31016999636247333,0.8986234331430545,-0.9977976839522817
2026-06-30 04:00:00,39,0.390543733963014,0.13877988071435368,-0.13372542607282178,0.5733021717861568,0.4505732272886114
2026-06-30 08:00:00,39,0.5456171159613437,0.6660914225673485,-0.11532764060810745,0.291323189340984,0.390543733963014
2026-06-30 12:00:00,39,-0.011237884395686848,0.02398376996080582,-0.16285439213036967,-0.10262131874839753,0.5456171159613437
2026-06-30 16:00:00,39,1.115834266065363,0.25198403660688456,0.007810030705155374,-0.094507381867178,-0.011237884395686848
2026-06-30 20:00:00,39,-1.637919264903969,-1.319298789923878,-0.3376140346782967,-0.9001580262387119,1.115834266065363
2026-07-01 00:00:00,39,-1.1919498029343245,-0.2687555195103678,0.5063538864014241,0.2824465516360597,-1.637919264903969
2026-07-01 04:00:00,39,0.3256891503530248,0.5960145852719047,0.3696735642699536,1.1430538622349182,-1.1919498029343245
2026-07-01 08:00:00,39,1.4411014099857127,1.2453773321829278,-0.09545106578532492,0.9079009530381299,0.3256891503530248
2026-07-01 12:00:00,39,0.294950475954602,0.07350556415944022,-0.4373016182484085,-0.13259790496315915,1.4411014099857127
2026-07-01 16:00:00,39,1.2897567098332186,0.2760905815320209,-0.08603030432754424,-0.3455569870035706,0.294950475954602
2026-07-01 20:00:00,39,-2.315293718196891,-1.8377739400014095,-0.39091762980585076,-1.2767824888190678,1.2897567098332186
2026-07-02 00:00:00,39,-0.05341539429340614,-0.2275855737989782,0.7139550034617825,0.3948975560608474,-2.315293718196891
2026-07-02 04:00:00,39,-0.02399715596569152,-0.16089665517062957,0.02073655624361466,0.4334643469728956,-0.05341539429340614
2026-07-02 08:00:00,39,1.6100988979606683,0.8773801242588647,0.01172048085268107,0.45079068723220317,-0.02399715596569152
2026-07-02 12:00:00,39,2.066336536684391,-0.6931539459760125,-0.4890958173260989,-0.7117271293410372,1.6100988979606683
2026-07-02 16:00:00,39,-2.0691605220484615,-3.178062533554181,-0.6289231210922576,-2.2036560052469785,2.066336536684391
2026-07-02 20:00:00,39,-1.8118711340183502,-2.1540337831510947,0.6385203214810113,-0.7096881655832021,-2.0691605220484615
2026-07-03 00:00:00,39,0.8030134899990671,-0.5686628168663319,0.5596664997828832,0.5985125153184203,-1.8118711340183502
2026-07-03 04:00:00,39,-0.4962018927317082,-0.8134848204470756,-0.241741002804495,0.018723602814375795,0.8030134899990671
2026-07-03 08:00:00,39,0.4378502308799703,0.5060924153786219,0.15644136655668572,0.37698950911901363,-0.4962018927317082
2026-07-03 12:00:00,39,-0.15974048767150606,0.9498126578332916,-0.1298260935043309,0.06085445987863558,0.4378502308799703
2026-07-03 16:00:00,39,-0.546572775923174,0.4714650250988774,0.05332297583699603,0.17618971237861025,-0.15974048767150606
2026-07-03 20:00:00,39,-1.046961544032282,0.7465318782719759,0.17187898981960956,0.5708242226371887,-0.546572775923174
2026-07-06 04:00:00,39,1.391363882446992,0.5233317063225774,0.325237692260939,1.3267476319048654,-1.046961544032282
2026-07-06 08:00:00,39,0.523112005250276,0.8063533582934919,-0.4220581052598938,0.32216008468659574,1.391363882446992
2026-07-06 12:00:00,39,-0.30563690106228236,0.11976057437839087,-0.15595704591296766,-0.05553536429299655,0.523112005250276
2026-07-06 16:00:00,39,0.7912377964871649,0.38556992827176517,0.09803717822207952,0.16513949197649502,-0.30563690106228236
2026-07-06 20:00:00,39,-1.7411478500060387,-1.0897146860585474,-0.2381319987811706,-0.40614717664213806,0.7912377964871649
2026-07-07 00:00:00,39,-0.17702312326487046,0.0011092448502737036,0.5379912909057871,0.8509901330497911,-1.7411478500060387
2026-07-07 04:00:00,39,0.2563528249100351,0.17583399692592275,0.05861974254776837,0.9788037319544962,-0.17702312326487046
2026-07-07 08:00:00,39,0.8357653913854399,0.9741944507774529,-0.07420093073099834,0.7937127871285252,0.2563528249100351
2026-07-07 12:00:00,39,-0.31007150181862997,0.1237447410046993,-0.25177877627027617,0.19027646455760205,0.8357653913854399
2026-07-07 16:00:00,39,0.7660058379447445,0.5743083922957493,0.09939629069858204,0.4141531753188712,-0.31007150181862997
2026-07-07 20:00:00,39,-0.33705933253578557,-0.5354518911509808,-0.23039893067746117,-0.13891560532421288,0.7660058379447445
2026-07-08 00:00:00,39,-0.7081968803905241,-0.4049301939368063,0.1076674969371417,0.10444676192629032,-0.33705933253578557
2026-07-08 04:00:00,39,0.01936504526577565,0.21531702139598854,0.22141340090964845,0.6157765269105067,-0.7081968803905241
2026-07-08 08:00:00,39,1.69906956577646,1.0060120878942753,-0.0015691278269598461,0.6017946465622082,0.01936504526577565
2026-07-08 12:00:00,39,0.21601375409556312,-0.41954989379474317,-0.5163634680831863,-0.624961451658999,1.69906956577646
2026-07-08 16:00:00,39,-0.14687331228839184,-0.280375177682483,-0.061837848359718145,-0.7809269256302116,0.21601375409556312
2026-07-08 20:00:00,39,-0.2791553267022291,-1.1375747122833095,0.0493794554252646,-0.6748819848314564,-0.14687331228839184
2026-07-09 00:00:00,39,-1.0515499815282077,-1.0179212368357944,0.08992112897939183,-0.4733272596566849,-0.2791553267022291
2026-07-09 04:00:00,39,-0.5131413567772007,-0.12509417438859502,0.3266439524839001,0.2859090767523025,-1.0515499815282077
2026-07-09 08:00:00,39,1.2393236884940606,0.9549480702302999,0.16163295835816643,0.6564055539746807,-0.5131413567772007
2026-07-09 12:00:00,39,-0.11659870985217324,-0.1392589745001309,-0.3754609624989565,-0.23840647912491875,1.2393236884940606
2026-07-09 16:00:00,39,-0.21460857457988425,0.28488548248442136,0.04010092232770866,-0.15422029791313818,-0.11659870985217324
2026-07-09 20:00:00,39,-0.7824940533276994,-0.3788301326490183,0.0701388980758266,0.0007306133970299555,-0.21460857457988425
2026-07-10 00:00:00,39,0.06888300369744371,0.005733775187296577,0.2441839320703715,0.5657041560211695,-0.7824940533276994
2026-07-10 04:00:00,39,0.6983438129896022,0.13644428672451636,-0.016745347471779012,0.5159694973869797,0.06888300369744371
2026-07-10 08:00:00,39,-0.36214796727064424,0.43978714781945705,-0.2096619337402899,0.01175380869706899,0.6983438129896022
2026-07-10 12:00:00,39,0.8009325986169813,0.3969087266883746,0.11535663928840137,0.2732305817829612,-0.36214796727064424
2026-07-10 16:00:00,39,-0.38363381561184084,0.2185861216034234,-0.241103253073453,-0.3050558930080367,0.8009325986169813
2026-07-10 20:00:00,39,-0.2716586546495776,-0.41224222800523425,0.1219416028856231,-0.028065984963497215,-0.38363381561184084
