timestamp,fold,y,pred,pred_ar1,pred_level,last_diff
2023-07-03 04:00:00,0,0.7885434655353762,0.555276270886321,0.1845954194897094,1.2555802870576454,-1.3149695149757914
2023-07-03 08:00:00,0,1.1770959572016704,1.2251987333145613,-0.11202534775228101,0.6867944579552372,0.7885434655353762
2023-07-03 12:00:00,0,0.32990355194389664,0.4907204123573989,-0.16681594769611213,-0.16225892871569592,1.1770959572016704
2023-07-03 16:00:00,0,0.2210670863123898,0.3217480852980758,-0.04735157377621279,-0.400222304886519,0.32990355194389664
2023-07-03 20:00:00,0,-0.05552307301309867,-0.5789762634434661,-0.03200431600379863,-0.559680637205684,0.2210670863123898
2023-07-04 00:00:00,0,-3.2253008912911625,-0.5559136941366797,0.006998241161678851,-0.5196311808366207,-0.05552307301309867
2023-07-04 04:00:00,0,0.6972402525906709,1.4849709683021222,0.4539752444677395,1.8068169120560853,-3.2253008912911625
2023-07-04 08:00:00,0,1.0372027335356222,1.546068413128945,-0.09915049063172447,1.303889182023978,0.6972402525906709
2023-07-04 12:00:00,0,0.31822797900446353,1.0808549106752687,-0.14708931148315424,0.5557424500733141,1.0372027335356222
2023-07-04 16:00:00,0,-0.789494155898451,0.8241711443798561,-0.04570517680344826,0.32620080425072473,0.31822797900446353
2023-07-04 20:00:00,0,0.4073418961677753,1.3054110677293451,0.11049703948427464,0.8956723776779754,-0.789494155898451
2023-07-05 04:00:00,0,-0.36622633258631865,1.4273477422723286,-0.0582713167444993,0.6018517980062743,0.4073418961677753
2023-07-05 08:00:00,0,0.9466506286180394,1.484923254297493,0.05081115797895472,0.866015230110575,-0.36622633258631865
2023-07-05 12:00:00,0,0.2583160638488202,1.089516609996695,-0.13432036967728836,0.183184814030394,0.9466506286180394
2023-07-05 16:00:00,0,1.2703664529379495,0.3036173490040097,-0.037256872274286076,-0.0031416511150208493,0.2583160638488202
2023-07-05 20:00:00,0,-1.8152341111096835,-1.2174356113701508,-0.17996821547989014,-0.9194721614536174,1.2703664529379495
2023-07-06 00:00:00,0,-0.19534826389353022,0.04684262027598992,0.25513877705586047,0.389877904875954,-1.8152341111096835
2023-07-06 04:00:00,0,0.15832731753656226,0.4917994316624219,0.026715283929169952,0.5307849431036562,-0.19534826389353022
2023-07-06 08:00:00,0,-0.12272117586677744,0.9336514136969813,-0.023157249918022118,0.4165815560862356,0.15832731753656226
2023-07-06 12:00:00,0,3.2604623925467706,0.8358983722660223,0.016473986265386598,0.5051018074289004,-0.12272117586677744
2023-07-06 16:00:00,0,-1.0056058635424225,-1.745783809694202,-0.4605958084451071,-1.8467086966919268,3.2604623925467706
2023-07-06 20:00:00,0,-3.006203873439297,-0.8250733505773348,0.14097140361952903,-1.1213531648229491,-1.0056058635424225
2023-07-07 00:00:00,0,0.23889014957019228,0.7758277785092217,0.42307991549294055,1.0470576296842733,-3.006203873439297
2023-07-07 04:00:00,0,0.25780870282580715,0.845948132157485,-0.03451758345073742,0.8747433087540664,0.23889014957019228
2023-07-07 08:00:00,0,-0.1335657432440911,0.9848589944080264,-0.03718532823471554,0.6887828091802923,0.25780870282580715
2023-07-07 12:00:00,0,0.9741957444757698,1.242770576156772,0.01800320140485512,0.785125376624169,-0.1335657432440911
2023-07-07 16:00:00,0,1.5917491391628644,0.9891011412012016,-0.138204564105936,0.08242633916086284,0.9741957444757698
2023-07-07 20:00:00,0,-2.9208874700400145,-1.1393929335075703,-0.22528706059733772,-1.0657213450344596,1.5917491391628644
2023-07-08 00:00:00,0,1.3868904738125902,0.5168900317020667,0.41104927091452076,1.0411497077027274,-2.9208874700400145
2023-07-10 04:00:00,0,-1.2575011349037677,-0.1251427398607255,-0.19639951150429524,0.04076902800722415,1.3868904738125902
2023-07-10 08:00:00,0,0.8472748735809592,1.0568568212400162,0.17649168295608667,0.9478196306367774,-1.2575011349037677
2023-07-10 12:00:00,0,1.5759718858404543,0.5592955065334224,-0.120307186503497,0.3366701347492054,0.8472748735809592
2023-07-10 16:00:00,0,-1.210587705005505,-0.5465539296415629,-0.223062277090498,-0.8000972280001033,1.5759718858404543
2023-07-10 20:00:00,0,-1.3581977349977699,0.06700637398038188,0.1698763220339998,0.07311415677149213,-1.210587705005505
2023-07-11 00:00:00,0,-0.056331141839706333,0.4664799297207379,0.19069112125538562,1.0527984209245407,-1.3581977349977699
2023-07-11 04:00:00,0,0.6476321949045758,0.4179509005881249,0.007112188637902391,1.0934307469990827,-0.056331141839706333
2023-07-11 08:00:00,0,1.7115012838828498,1.0481440523058636,-0.0921551546064347,0.626285902063854,0.6476321949045758
2023-07-11 12:00:00,0,-0.892174029144261,-0.027262150122261457,-0.2421735611204218,-0.6082404358117728,1.7115012838828498
2023-07-11 16:00:00,0,0.5718667323628193,0.6723986983806839,0.12497614328095351,0.03529535777434312,-0.892174029144261
2023-07-11 20:00:00,0,-2.207745033469937,-0.6366895110941073,-0.08147130818485526,-0.3771989532174196,0.5718667323628193
2023-07-12 00:00:00,0,0.16690756793192563,0.9652881565720317,0.31048756359535085,1.2152739340651504,-2.207745033469937
2023-07-12 04:00:00,0,1.3236711418443843,1.346702523479152,-0.024367168981503533,1.0948815098565845,0.16690756793192563
2023-07-12 08:00:00,0,-0.43632819792749444,0.4250618057106958,-0.18748482120921636,0.14010169012689744,1.3236711418443843
2023-07-12 12:00:00,0,2.6113140588769124,0.7783275190930521,0.06069636870750523,0.45483043580289007,-0.43632819792749444
2023-07-12 16:00:00,0,-0.6280692853341758,-1.155234912843747,-0.3690580434914429,-1.4287416143651512,2.6113140588769124
2023-07-12 20:00:00,0,-2.2385638540346218,-1.0766852569635568,0.08773418068457346,-0.9757077299869295,-0.6280692853341758
2023-07-13 00:00:00,0,-0.7402582351801676,0.3869561535656676,0.3148333899753566,0.6389951410225887,-2.2385638540346218
2023-07-13 04:00:00,0,1.4707465740408914,1.5357137325321433,0.10355417927155847,1.1729522561969166,-0.7402582351801676
2023-07-13 08:00:00,0,0.7809834010250754,0.42360157426829026,-0.2082242356767106,0.11208516886722464,1.4707465740408914
2023-07-13 12:00:00,0,0.0916760295438852,0.5771633656434862,-0.11095928723531694,-0.4512474953197412,0.7809834010250754
2023-07-13 16:00:00,0,0.4574914888681789,-0.06279808211410552,-0.013758612322141702,-0.5173745114602308,0.0916760295438852
2023-07-13 20:00:00,0,-2.784080157178577,-0.8319283687451781,-0.06534301575538548,-0.8473685919089373,0.4574914888681789
2023-07-14 00:00:00,0,-0.28719166828923903,0.29832881849758996,0.39175778544176965,1.1608217104648766,-2.784080157178577
2023-07-14 04:00:00,0,0.9898134312723244,1.275211580498137,0.039666314576649674,1.3679764943147337,-0.28719166828923903
2023-07-14 08:00:00,0,0.5251602406390532,1.0983129216431682,-0.14040684680305224,0.6540122326482081,0.9898134312723244
2023-07-14 12:00:00,0,0.40796778338495443,0.6985289025032847,-0.07488512804779782,0.2752078725350948,0.5251602406390532
2023-07-14 16:00:00,0,1.3232960009315917,0.5988034425630546,-0.05835957441073986,-0.019064167069135607,0.40796778338495443
2023-07-14 20:00:00,0,-2.0800159688431172,-1.0004512320015995,-0.1874319218040749,-0.9735733931734387,1.3232960009315917
2023-07-15 00:00:00,0,-0.4873082838944889,0.03500319052925486,0.2924762209035162,0.5267669927321581,-2.0800159688431172
2023-07-17 04:00:00,0,0.58883653396345,0.6855840089413863,0.06788517731182285,0.8782682839072908,-0.4873082838944889
2023-07-17 08:00:00,0,0.12095737609774382,0.848454744181949,-0.08386425541996112,0.453533452138954,0.58883653396345
2023-07-17 12:00:00,0,1.2576990002683868,1.331523319504941,-0.017887636274527073,0.36628545065675766,0.12095737609774382
2023-07-17 16:00:00,0,-0.15709323862806102,-0.31986861336485567,-0.1781819514707495,-0.5409078746258711,1.2576990002683868
2023-07-17 20:00:00,0,-1.8658101698750809,-0.09250158703906024,0.021320862763131915,-0.42759464347915177,-0.15709323862806102
2023-07-18 00:00:00,0,-0.23533424993464536,0.7759563762709881,0.2622706129390042,0.918236538698709,-1.8658101698750809
2023-07-18 04:00:00,0,1.607153315391539,1.383493485583749,0.03235379149643054,1.0879859467093276,-0.23533424993464536
2023-07-18 08:00:00,0,-0.7564286881152871,0.5801191510650555,-0.22745923572248,-0.07127295396398203,1.607153315391539
2023-07-18 12:00:00,0,2.226989237909061,1.1754033689061478,0.10583440867860497,0.4743481022378955,-0.7564286881152871
2023-07-18 16:00:00,0,-0.1504543649679988,-0.42238975623035313,-0.31486359623972104,-1.1320058597802198,2.226989237909061
2023-07-18 20:00:00,0,-2.6353828898443616,-1.0922039516739321,0.02038470129566535,-1.023481327575393,-0.1504543649679988
2023-07-19 00:00:00,0,-0.30167504877302065,0.23739515666624056,0.37078967260761725,0.8774518581237789,-2.6353828898443616
2023-07-19 04:00:00,0,0.9828090307569006,1.2266950150604525,0.041708646366926054,1.0950536774722828,-0.30167504877302065
2023-07-19 08:00:00,0,1.3353261944373127,1.1965000720827892,-0.13941914162880115,0.38614177363846736,0.9828090307569006
2023-07-19 12:00:00,0,-1.05422378935301,0.4677419890215062,-0.1891283245649789,-0.5770449748681923,1.3353261944373127
2023-07-19 16:00:00,0,1.2658811210701053,0.6214631579067706,0.14782711907708052,0.1833792481383636,-1.05422378935301
2023-07-19 20:00:00,0,-2.5456575404599473,-0.6796425252832257,-0.1793357294470958,-0.7297159386996839,1.2658811210701053
2023-07-20 00:00:00,0,-0.011939254548472888,0.9149514720989839,0.35813731332957127,1.1064972797793313,-2.5456575404599473
2023-07-20 04:00:00,0,1.3359085246108187,0.8799177013601021,0.000852395715471352,1.115109206824604,-0.011939254548472888
2023-07-20 08:00:00,0,0.3989918021179335,0.6479669304411658,-0.1892104401613426,0.15150241660176178,1.3359085246108187
2023-07-20 12:00:00,0,0.7520441486465348,0.3153954082928232,-0.0570938525089304,-0.13629514040244572,0.3989918021179335
2023-07-20 16:00:00,0,0.7897863315332021,-0.18102157551162187,-0.10687850269846738,-0.67875357586626,0.7520441486465348
2023-07-20 20:00:00,0,-2.1996308214459113,-1.399755670422513,-0.11220060688748469,-1.2484358990719535,0.7897863315332021
2023-07-21 00:00:00,0,-0.9774452077745366,-0.18753673967064735,0.30934336157785447,0.3381841100684255,-2.1996308214459113
2023-07-21 04:00:00,0,-0.04075893979063139,1.1346318060485323,0.13700041062005722,1.0432270242580106,-0.9774452077745366
2023-07-21 08:00:00,0,1.37745307886866,1.2127868192423408,0.004916319840210709,1.0726269348214803,-0.04075893979063139
2023-07-21 12:00:00,0,0.18654461492343977,0.6961371146295294,-0.19506872469433983,0.07905356092757465,1.37745307886866
2023-07-21 16:00:00,0,0.471584701515944,0.310285894428915,-0.027136230070717485,-0.05550330004619397,0.18654461492343977
2023-07-21 20:00:00,0,-1.700177706832683,-0.5267231458187851,-0.06733032916263089,-0.39566298326878524,0.471584701515944
2023-07-22 00:00:00,0,-0.947316038939622,0.4062592647237597,0.23891443271905724,0.8306955231018129,-1.700177706832683
2023-07-24 04:00:00,0,1.4947714713282956,1.749948346450563,0.13275183347364758,1.5140059076022467,-0.947316038939622
2023-07-24 08:00:00,0,0.7521420989765435,0.886285900646686,-0.21161203671826545,0.4358093746300895,1.4947714713282956
2023-07-24 12:00:00,0,-0.3113993611346384,1.006366735578211,-0.10689231487947504,-0.10671971357780308,0.7521420989765435
2023-07-24 16:00:00,0,0.6808950029234389,0.342339923516349,0.043079892002359635,0.11789636853591112,-0.3113993611346384
2023-07-24 20:00:00,0,-0.7037037024880082,-0.18178984008665305,-0.09684561277169906,-0.3732413374959975,0.6808950029234389
2023-07-25 00:00:00,0,-0.7472339989194605,-0.0353625794759112,0.09839954812177308,0.13434855622067232,-0.7037037024880082
2023-07-25 04:00:00,0,0.29307268873193415,1.115638592416385,0.10453784631408135,0.6733373731787236,-0.7472339989194605
2023-07-25 08:00:00,0,0.4404415417816967,1.3585112027813715,-0.04215797668157432,0.4619405389731561,0.29307268873193415
2023-07-25 12:00:00,0,1.2455980184920534,0.7874764983434734,-0.06293876703760541,0.14424478919814732,0.4404415417816967
2023-07-25 16:00:00,0,-0.7158959953325024,0.025350639009608995,-0.17647556670767325,-0.754219953256225,1.2455980184920534
2023-07-25 20:00:00,0,-1.9330935458478038,-0.004753605839752924,0.10011880884965034,-0.23783561294616895,-0.7158959953325024
2023-07-26 00:00:00,0,0.2334732755273734,0.8563765100903991,0.2717583825836729,1.156527872725544,-1.9330935458478038
2023-07-26 04:00:00,0,0.10646657052863517,0.8983299756056825,-0.03375373870648312,0.9881208078037247,0.2334732755273734
2023-07-26 08:00:00,0,0.8069751358055655,1.1041350166739727,-0.015844257457430823,0.9113251976229897,0.10646657052863517
2023-07-26 12:00:00,0,0.10400444395908792,0.8860900240196189,-0.11462443614762162,0.3292443843953201,0.8069751358055655
2023-07-26 16:00:00,0,0.9863257863700579,0.9414533137032973,-0.015497067837555731,0.2542247355450922,0.10400444395908792
2023-07-26 20:00:00,0,0.9208387713861796,-0.1947194579597344,-0.13991504669705693,-0.4572238461569764,0.9863257863700579
2023-07-27 00:00:00,0,-2.023640906021452,-1.056368237456559,-0.13068058567453197,-1.1214358610228015,0.9208387713861796
2023-07-27 04:00:00,0,0.21516555433920637,0.3044518132465023,0.2845266553232676,0.33824051807886946,-2.023640906021452
2023-07-27 08:00:00,0,0.524051843259711,1.0702561101932548,-0.031172128630577188,0.1830390313275796,0.21516555433920637
2023-07-27 12:00:00,0,1.3945928569165922,0.35222712469112477,-0.07472883061387868,-0.1949658285043956,0.524051843259711
2023-07-27 16:00:00,0,0.10578999293345959,-0.39153781887950784,-0.1974856406639763,-1.2009023292184633,1.3945928569165922
2023-07-27 20:00:00,0,-1.029913994005586,-0.898190259689753,-0.015748851834913126,-1.2772099158909906,0.10578999293345959
2023-07-28 00:00:00,0,-2.301178736730362,-0.4843523098597643,0.144399143963898,-0.5343206389036848,-1.029913994005586
2023-07-28 04:00:00,0,1.9858886012816477,1.4780611817679798,0.32366284561364056,1.1255470955849383,-2.301178736730362
2023-07-28 08:00:00,0,-0.9851788924254965,-0.040925656674619885,-0.28086549093609847,-0.30689809476117347,1.9858886012816477
2023-07-28 12:00:00,0,0.762518403974008,1.1113760519829943,0.1380909536763772,0.40372321862702165,-0.9851788924254965
2023-07-28 16:00:00,0,0.1942187506842803,0.6781196489580057,-0.1083554993608643,-0.14629042242919787,0.762518403974008
2023-07-28 20:00:00,0,-1.1482781271628149,0.09725759523250474,-0.02821837601342831,-0.2863827292751999,0.1942187506842803
2023-07-29 00:00:00,0,-0.28146113013673535,0.39623737888001975,0.16108991807193254,0.5418840120578583,-1.1482781271628149
2023-07-31 04:00:00,1,0.20842145267189238,0.3988996546999777,0.04228174433112182,0.6365090970718246,-0.28146113013673535
2023-07-31 08:00:00,1,0.1422049862257797,0.6412756178812946,-0.035361169704211985,0.48115016659266274,0.20842145267189238
2023-07-31 12:00:00,1,0.9787107033524514,0.9663688642424516,-0.024866329527361862,0.3751494920669902,0.1422049862257797
2023-07-31 16:00:00,1,0.2684569145208524,0.0987704893975403,-0.1574465513277838,-0.354388884007534,0.9787107033524514
2023-07-31 20:00:00,1,-1.8740556938286623,-0.5687481554571541,-0.04487636450188315,-0.5544987027667041,0.2684569145208524
2023-08-01 00:00:00,1,-0.10376763116657983,0.14830299667847746,0.2946966844437762,0.842436615163118,-1.8740556938286623
2023-08-01 04:00:00,1,0.45035967281790334,0.8194989802113066,0.014118585342946265,0.9197857939051683,-0.10376763116657983
2023-08-01 08:00:00,1,0.18086136844399725,0.6960957629166588,-0.07370666123191681,0.5840842804430153,0.45035967281790334
2023-08-01 12:00:00,1,1.1662810614676946,1.3501787756136272,-0.030993091871673588,0.44926884562934966,0.18086136844399725
2023-08-01 16:00:00,1,0.3562857925615006,0.13779013120150493,-0.18717512242174292,-0.42008589700822974,1.1662810614676946
2023-08-01 20:00:00,1,-2.0270172018774417,-0.6583978398150744,-0.05879661859304322,-0.6856640271271743,0.3562857925615006
2023-08-02 00:00:00,1,2.0575495641849706,1.1467953175997414,0.3189399983253516,0.8252899582204805,-2.0270172018774417
2023-08-02 04:00:00,1,-0.913041637082646,-0.9049459413789448,-0.32843485723846594,-0.7084230814005714,2.0575495641849706
2023-08-02 08:00:00,1,-0.8694583597159475,0.3570702974116612,0.14238277410451639,-0.02783492503928997,-0.913041637082646
2023-08-02 12:00:00,1,0.9710572175520991,0.7817191870223023,0.135475133831699,0.6202659260486403,-0.8694583597159475
2023-08-02 16:00:00,1,1.0418611421830715,0.15158044637411575,-0.15623352812401836,-0.10356748370338131,0.9710572175520991
2023-08-02 20:00:00,1,-1.86126551971652,-1.0234361470594395,-0.16745544787868416,-0.8801786755089207,1.0418611421830715
2023-08-03 00:00:00,1,-0.5448657527432204,0.1874363665763083,0.29266953258344164,0.5072227496990571,-1.86126551971652
2023-08-03 04:00:00,1,0.9320660511801311,0.7046854643753895,0.08402950836121029,0.9133698114133342,-0.5448657527432204
2023-08-03 08:00:00,1,0.5018673903850299,0.6717139344845681,-0.15005370486637307,0.2186007125948919,0.9320660511801311
2023-08-03 12:00:00,1,1.1107551631690118,-0.009470893726187507,-0.08187026905869874,-0.15549504392653546,0.5018673903850299
2023-08-03 16:00:00,1,-0.1155561373094276,-0.042821181518139406,-0.17837466145490857,-0.9834603611331421,1.1107551631690118
2023-08-03 20:00:00,1,-2.335387610719705,-0.9476093571562176,0.015986979936210857,-0.8973239405653519,-0.1155561373094276
2023-08-04 00:00:00,1,-0.0801325364112202,0.020791309906142974,0.36781452047617036,0.8434916847190301,-2.335387610719705
2023-08-04 04:00:00,1,0.8077056760999017,0.06060794989194218,0.010372590497025734,0.9032230846964975,-0.0801325364112202
2023-08-04 08:00:00,1,0.349960082641946,0.38312403480642987,-0.13034346765729043,0.30115315200884396,0.8077056760999017
2023-08-04 12:00:00,1,1.5761841850632017,-0.08733702798558829,-0.05779403844683643,0.04029025400744146,0.349960082641946
2023-08-04 16:00:00,1,-0.3037760140037786,-0.5502765025125483,-0.2521418595644953,-1.1346093836756452,1.5761841850632017
2023-08-04 20:00:00,1,-2.3257667525814334,-1.1856261624925355,0.045818495117124214,-0.9081724404731357,-0.3037760140037786
2023-08-05 00:00:00,1,0.8931889410788365,0.17561093127464156,0.3662896827138371,0.8254717242370493,-2.3257667525814334
2023-08-07 04:00:00,1,-0.4871829812481234,-0.05657925739935208,-0.14389195871848806,0.15968191794357622,0.8931889410788365
2023-08-07 08:00:00,1,0.6883937892871987,0.9423294958725198,0.07488719829409936,0.5228318045990079,-0.4871829812481234
2023-08-07 12:00:00,1,0.22920272130275876,0.5232596746509249,-0.11143338002347258,0.009697856624274692,0.6883937892871987
2023-08-07 16:00:00,1,0.7210345467492214,-0.010814430304233125,-0.03865485335509993,-0.16115158899669524,0.22920272130275876
2023-08-07 20:00:00,1,-2.3906601184052594,-0.7694518831508254,-0.11660670852015449,-0.6986162049728293,0.7210345467492214
2023-08-08 00:00:00,1,0.029039504486714662,1.0410776002352748,0.3765748208284352,1.0833999664590142,-2.3906601184052594
2023-08-08 04:00:00,1,1.0460027655722524,1.2019125529824588,-0.00693040349370289,1.0617536997198442,0.029039504486714662
2023-08-08 08:00:00,1,0.07428170088303965,0.8774527232702871,-0.16811186580423945,0.28205531045002274,1.0460027655722524
2023-08-08 12:00:00,1,1.0657327085783859,0.8746494906196096,-0.014100970663962539,0.22668516761962287,0.07428170088303965
2023-08-08 16:00:00,1,0.3941100905933883,-0.3570289307405771,-0.17123892180195327,-0.567720070703178,1.0657327085783859
2023-08-08 20:00:00,1,-2.449205763353266,-1.185028650818646,-0.06479150149681846,-0.8614927192511352,0.3941100905933883
2023-08-09 00:00:00,1,-0.3047641531993506,1.0645475964763331,0.38585389021640937,0.9641638196511995,-2.449205763353266
2023-08-09 04:00:00,1,0.39670936518028554,1.4630528943223824,0.0459751081695354,1.1913373292993459,-0.3047641531993506
2023-08-09 08:00:00,1,0.27238650238970763,1.510267486658183,-0.06520346807898929,0.895627161774021,0.39670936518028554
2023-08-09 12:00:00,1,0.36847287636352455,1.503949524472602,-0.0454991763016956,0.6925881984344677,0.27238650238970763
2023-08-09 16:00:00,1,1.3297007078890033,0.850162470625983,-0.06072818491768555,0.41792572368175307,0.36847287636352455
2023-08-09 20:00:00,1,-1.9340269648632944,-0.7244212354517493,-0.21307597704292267,-0.5732432619803447,1.3297007078890033
2023-08-10 00:00:00,1,0.13013907880973008,0.6837477320326438,0.3042017054527608,0.8683950959099747,-1.9340269648632944
2023-08-10 04:00:00,1,0.4530318890575522,0.9525829994404283,-0.02295396880024328,0.7713884402215516,0.13013907880973008
2023-08-10 08:00:00,1,0.30945162378947444,0.8968606754176677,-0.0741301885485839,0.433695036521236,0.4530318890575522
2023-08-10 12:00:00,1,0.29281520570430786,0.813199899790191,-0.051373735095053503,0.20302745076816642,0.30945162378947444
2023-08-10 16:00:00,1,1.5351492223373402,0.4163776573138674,-0.04873698085113489,-0.015239222854303236,0.29281520570430786
2023-08-10 20:00:00,1,-1.8667659841052284,-1.9261103392035062,-0.2456381090839198,-1.15955108831138,1.5351492223373402
2023-08-11 00:00:00,1,-0.9269576028959765,-0.36281973165956455,0.29354131716749116,0.23195042474078775,-1.8667659841052284
2023-08-11 04:00:00,1,-0.27110598210486003,0.909461584860371,0.14458835596286376,0.9229116474905243,-0.9269576028959765
2023-08-11 08:00:00,1,0.5376922430031783,1.4706867821145049,0.0406405268298739,1.1249961013044967,-0.27110598210486003
2023-08-11 12:00:00,1,1.483349438567421,1.371741338906884,-0.08754825404892243,0.7241962281195562,0.5376922430031783
2023-08-11 16:00:00,1,-0.33407834528974334,0.47279949755852657,-0.23742821083598015,-0.38150368591707284,1.483349438567421
2023-08-11 20:00:00,1,-2.057109569071729,-0.06092099269374682,0.05062119965423463,-0.13247915530807752,-0.33407834528974334
2023-08-12 00:00:00,1,0.8602150888967088,1.4685470004541379,0.3237094250434647,1.4009059086207767,-2.057109569071729
2023-08-14 04:00:00,1,-0.736138689343182,0.7886211497319824,-0.13866583707172014,0.759695061657645,0.8602150888967088
2023-08-14 08:00:00,1,1.5828169231686644,1.3534417196967763,0.11434491187805303,1.3084184199998852,-0.736138689343182
2023-08-14 12:00:00,1,0.7703671188888421,0.4189235224601918,-0.2531931015000399,0.12857468906246794,1.5828169231686644
2023-08-14 16:00:00,1,0.14284515283605614,0.2524800575342908,-0.12442557122765922,-0.4456628000855236,0.7703671188888421
2023-08-14 20:00:00,1,-2.301683673849052,-0.24342310933682312,-0.024967791393601352,-0.5521406596544143,0.14284515283605614
2023-08-15 00:00:00,1,0.4680865460016186,1.424158673162312,0.36247268558566004,1.1635517956393766,-2.301683673849052
2023-08-15 04:00:00,1,-0.7310150903505068,1.318572349983672,-0.07651624487301585,0.8146365365514434,0.4680865460016186
2023-08-15 08:00:00,1,0.5688301397948017,1.967871613965168,0.11353285778570492,1.3595407253720158,-0.7310150903505068
2023-08-15 12:00:00,1,0.9244599511722971,1.656101025394167,-0.09248338979098565,0.9355304279197973,0.5688301397948017
2023-08-15 16:00:00,1,0.7597351079872059,1.1206517343017586,-0.14884819197455607,0.24643097369497013,0.9244599511722971
2023-08-15 20:00:00,1,-2.4052610111925397,-0.14403178163404767,-0.12274047292568314,-0.3198813339453306,0.7597351079872059
2023-08-16 00:00:00,1,0.19529393669196438,1.4483878005721906,0.37888895875312395,1.4730184536325126,-2.4052610111925397
2023-08-16 04:00:00,1,0.5061643820910362,1.4586908959960583,-0.033280551551014254,1.3274448730602053,0.19529393669196438
2023-08-16 08:00:00,1,0.48302535565744975,1.7469348797183892,-0.08255131176025222,0.950146106353575,0.5061643820910362
2023-08-16 12:00:00,1,0.26514451122573846,1.3894425277324907,-0.07888394022410986,0.5900953453247002,0.48302535565744975
2023-08-16 16:00:00,1,0.43372104159048597,0.8892456037360766,-0.044351372078559215,0.3924546170869103,0.26514451122573846
2023-08-16 20:00:00,1,-0.2647513912540056,0.49438681692397657,-0.07106955622065199,0.0691556654483616,0.43372104159048597
2023-08-17 00:00:00,1,0.3894065452833413,0.18552342128494015,0.03963336926094406,0.26650335907970657,-0.2647513912540056
2023-08-17 04:00:00,1,-0.5668021902631999,0.041776237025584695,-0.06404602293320939,-0.023763231145263575,0.3894065452833413
2023-08-17 08:00:00,1,0.3023042911084328,0.799583673804213,0.0875062780859886,0.3987354173559652,-0.5668021902631999
2023-08-17 12:00:00,1,-0.4126709032623328,1.0559086343025705,-0.05024093356993206,0.17339550755405497,0.3023042911084328
2023-08-17 16:00:00,1,1.2151280871128947,1.2692943438843747,0.06307756253918854,0.4810035265406327,-0.4126709032623328
2023-08-17 20:00:00,1,-0.8776817801211543,-0.13006168425575768,-0.1949170294544606,-0.4247621592318307,1.2151280871128947
2023-08-18 00:00:00,1,-1.6502861888078222,0.37475876093121474,0.13677848762708655,0.2294684917526819,-0.8776817801211543
2023-08-18 04:00:00,1,1.322866549856693,1.1288261574872103,0.2592308053703627,1.4596043246572385,-1.6502861888078222
2023-08-18 08:00:00,1,-0.2840319240799829,0.5087158577673573,-0.21199281147789206,0.4735295721895376,1.322866549856693
2023-08-18 12:00:00,1,1.7053652280360811,0.6406624896969756,0.04268919693332242,0.6852491211194227,-0.2840319240799829
2023-08-18 16:00:00,1,-0.856961391882912,-0.08463206461217326,-0.27261613843563504,-0.5859430450781993,1.7053652280360811
2023-08-18 20:00:00,1,-0.15285113396116934,-0.685126110058709,0.13349445308653,0.05284247147058707,-0.856961391882912
2023-08-19 00:00:00,1,-0.7223914767702979,-0.20025408934149222,0.02189797232621882,0.16677886520697527,-0.15285113396116934
2023-08-21 04:00:00,1,1.208309908396373,0.6014494484264923,0.11216607621114205,0.7052549471051961,-0.7223914767702979
2023-08-21 08:00:00,1,-0.25358467674124974,-0.12105700266665076,-0.19383639649762158,-0.19542841657597165,1.208309908396373
2023-08-21 12:00:00,1,0.3146038649617342,0.06940254233492024,0.03786352422991605,-0.006404476576642892,-0.25358467674124974
2023-08-21 16:00:00,1,0.3368534135655157,0.24842280209765977,-0.05219032876967154,-0.24091258194912513,0.3146038649617342
2023-08-21 20:00:00,1,-2.812098812564688,-0.9749276657499918,-0.055716724379950344,-0.4920056694835395,0.3368534135655157
2023-08-22 00:00:00,1,0.20472593812653983,1.1887539280695156,0.4433698640695757,1.604154098721983,-2.812098812564688
2023-08-22 04:00:00,1,1.8506918129510996,1.5023670543703342,-0.034775456865604654,1.4515498327937877,0.20472593812653983
2023-08-22 08:00:00,1,0.17335253937521244,0.7432161183364848,-0.29564937116441187,0.07203012874846593,1.8506918129510996
2023-08-22 12:00:00,1,0.2708213837430691,0.35780161117092874,-0.029802995733633455,-0.05718816796678183,0.17335253937521244
2023-08-22 16:00:00,1,0.6574869205395864,0.40118179918052255,-0.045251116099515425,-0.25906048000486237,0.2708213837430691
2023-08-22 20:00:00,1,-2.836813588138776,-1.008598123796296,-0.10653486058741896,-0.7491562137673178,0.6574869205395864
2023-08-23 00:00:00,1,0.09521115233071242,0.6821030512409054,0.44728698066576034,1.3654261354681303,-2.836813588138776
2023-08-23 04:00:00,1,0.7365871215470357,1.2409287054415592,-0.017418140240071277,1.2944550209011751,0.09521115233071242
2023-08-23 08:00:00,1,1.03447262507712,1.0330200025330825,-0.11907168129206158,0.7453973977954487,0.7365871215470357
2023-08-23 12:00:00,1,0.9891642051515692,0.9192335840713862,-0.16628442033323235,-0.025706337360633214,1.03447262507712
2023-08-23 16:00:00,1,0.8239502484412018,-0.722857627707675,-0.15910335720339538,-0.7630368329048824,0.9891642051515692
2023-08-23 20:00:00,1,-3.0127342829826613,-1.7781594283028497,-0.13291811713065013,-1.3772155929357979,0.8239502484412018
2023-08-24 00:00:00,1,-0.1640812200151558,-0.1228395271009608,0.4751691627766027,0.8684993755656851,-3.0127342829826613
2023-08-24 04:00:00,1,-0.43947957760571654,0.21143920743954892,0.023677861296959576,0.9908067605612239,-0.1640812200151558
2023-08-24 08:00:00,1,1.2384381766162864,1.5121464389287853,0.06732654723570661,1.3183981685903365,-0.43947957760571654
2023-08-24 12:00:00,1,0.6178954094067368,0.7029013055283937,-0.1986115132736063,0.39525696543137023,1.2384381766162864
2023-08-24 16:00:00,1,0.6445806058190691,0.5774094290507609,-0.1002598869441579,-0.06532695586264303,0.6178954094067368
2023-08-24 20:00:00,1,-1.572153952767673,-1.5462054938675838,-0.10448930126458517,-0.5458022248135244,0.6445806058190691
2023-08-25 00:00:00,1,-1.257396837483208,-0.03536137167515696,0.24684740024607074,0.6260932471707381,-1.572153952767673
2023-08-25 04:00:00,1,0.8031536523017238,1.6057887794839518,0.19696063043292902,1.5633663798304482,-1.257396837483208
2023-08-25 08:00:00,1,1.1272548664719562,1.246634996813258,-0.12962200417838413,0.9646895601824301,0.8031536523017238
2023-08-25 12:00:00,1,0.17671810704284674,0.49186420605648484,-0.18098974737573112,0.1244252390800753,1.1272548664719562
2023-08-25 16:00:00,1,2.2940160079716527,0.36954366383014725,-0.030336414332841562,-0.007301777282771482,0.17671810704284674
2023-08-25 20:00:00,1,-2.5569771312775718,-2.64434566949408,-0.3659131110312585,-1.7172786963171571,2.2940160079716527
2023-08-26 00:00:00,1,-1.2765461503809785,-0.6985742384844347,0.4029348874775143,0.18871143705136006,-2.5569771312775718
2023-08-28 04:00:00,2,0.37278609276575736,0.30069874114964834,0.1848802875083394,0.9591822562284662,-1.2765461503809785
2023-08-28 08:00:00,2,0.35683561196202795,0.43182745883139273,-0.05500755693984166,0.6899531461126234,0.37278609276575736
2023-08-28 12:00:00,2,-0.09384463940650356,0.4576356440383107,-0.05268763233167506,0.4322436013347666,0.35683561196202795
2023-08-28 16:00:00,2,2.0163972487612956,0.014546974859709209,0.012861752569631922,0.5000189535993993,-0.09384463940650356
2023-08-28 20:00:00,2,-1.5335225507463708,-2.066250078151782,-0.29406329538251436,-0.9562393335496271,2.0163972487612956
2023-08-29 00:00:00,2,-2.009632353648769,-1.2771748213956624,0.22225633167036596,0.1512829686287791,-1.5335225507463708
2023-08-29 04:00:00,2,1.3787068260771385,1.6794221595898788,0.2915043287391672,1.602655594197298,-2.009632353648769
2023-08-29 08:00:00,2,0.3998425628489777,0.4341727592583751,-0.20131413489129954,0.6069424517313706,1.3787068260771385
2023-08-29 12:00:00,2,0.49629382690676493,0.33662115093208084,-0.05894279698235563,0.3181729416254484,0.3998425628489777
2023-08-29 16:00:00,2,1.9151635122931285,0.2127725795257376,-0.07297119297428825,-0.04025444600259398,0.49629382690676493
2023-08-29 20:00:00,2,-2.7742334519012264,-1.0230942230971043,-0.27933931061371403,-1.423400915645722,1.9151635122931285
2023-08-30 00:00:00,2,-1.3239998469848508,0.885527913700325,0.40271206755869854,0.5801727637465923,-2.7742334519012264
2023-08-30 04:00:00,2,0.20709748554801521,1.6731620710019914,0.19178221102114382,1.5363760865492715,-1.3239998469848508
2023-08-30 08:00:00,2,0.7159900684821388,1.5442333549740745,-0.03090890550060623,1.3868086192447535,0.20709748554801521
2023-08-30 12:00:00,2,1.5376217411931314,1.5774653429599383,-0.10492500824945263,0.8697148415260827,0.7159900684821388
2023-08-30 16:00:00,2,-0.05676334435131558,0.3715938473150614,-0.2244275837408226,-0.24076792891439958,1.5376217411931314
2023-08-30 20:00:00,2,-1.8539019789437514,-1.2388210947782063,0.007468447505053342,-0.19977298574599445,-0.05676334435131558
2023-08-31 00:00:00,2,0.7819476252042499,0.5313088768565705,0.26885405675283913,1.139129912508464,-1.8539019789437514
2023-08-31 04:00:00,2,-0.7385106301455444,0.606255984015217,-0.11451823373381503,0.5744010576066234,0.7819476252042499
2023-08-31 08:00:00,2,0.580019931311373,1.4952236049504781,0.1066254775862422,1.1077593658257854,-0.7385106301455444
2023-08-31 12:00:00,2,1.1652334853329798,1.149239716128535,-0.08514877259362873,0.688864313175479,0.580019931311373
2023-08-31 16:00:00,2,-0.007178499289175022,0.01565276873155777,-0.17026541213028315,-0.15267666815749692,1.1652334853329798
2023-08-31 20:00:00,2,-1.153625644396719,-0.45417248768178115,0.0002565581791283102,-0.1474922983188769,-0.007178499289175022
2023-09-01 00:00:00,2,0.6702953193708225,-0.4023106193193377,0.16700206112819801,0.6856654070650166,-1.153625644396719
2023-09-01 04:00:00,2,-0.5098531160608495,0.3110944242866982,-0.09827891561865522,0.20157274413829818,0.6702953193708225
2023-09-01 08:00:00,2,0.392510538388251,0.9937051353279981,0.07336828613886864,0.5697927592908094,-0.5098531160608495
2023-09-01 12:00:00,2,0.569954593824539,0.906144305961719,-0.05787638750019493,0.28631849613539373,0.392510538388251
2023-09-01 16:00:00,2,0.8306315405488434,0.1517533356663295,-0.08368481521124384,-0.1253072889451623,0.569954593824539
2023-09-01 20:00:00,2,-1.6089154866783062,-0.9667193150073702,-0.1215990869456765,-0.7251960584992272,0.8306315405488434
2023-09-02 00:00:00,2,-1.3826326289727486,0.025020363107530044,0.2332218899819079,0.43677562750512067,-1.6089154866783062
2023-09-04 04:00:00,2,0.6340311564672092,1.645560209825,0.20031008146296697,1.4353240163511742,-1.3826326289727486
2023-09-04 08:00:00,2,0.17071207986674253,1.5116106861304874,-0.09300445869476208,0.9774216231182642,0.6340311564672092
2023-09-04 12:00:00,2,0.5970339541151279,1.3837665738969929,-0.02561681436825785,0.8541319880153058,0.17071207986674253
2023-09-04 16:00:00,2,-0.6805778464009986,0.9607922602830847,-0.0876233845299103,0.42294927145307426,0.5970339541151279
2023-09-04 20:00:00,2,-1.3039896238681052,1.3262338735617234,0.09819941869294904,0.9144680579820363,-0.6805778464009986
2023-09-05 04:00:00,2,2.0457633176660828,2.1609187568792665,0.1888718154290192,1.8562198369436569,-1.3039896238681052
2023-09-05 08:00:00,2,0.12119717696001153,0.9659455966503647,-0.2983344560287441,0.3787531389867631,2.0457633176660828
2023-09-05 12:00:00,2,1.3766492245910893,1.3787812291372572,-0.018415097809503882,0.2912235644272343,0.12119717696001153
2023-09-05 16:00:00,2,-0.11836830300044099,-0.3358399344013552,-0.2010148661494965,-0.7030035617204575,1.3766492245910893
2023-09-05 20:00:00,2,-2.113105449278013,-0.6170429153566944,0.016428607472254834,-0.6175170226537858,-0.11836830300044099
2023-09-06 00:00:00,2,-0.46101629618442885,0.5949245470437668,0.30655401807375665,0.9085847035915045,-2.113105449278013
2023-09-06 04:00:00,2,-0.7079619827538188,1.9496550272382807,0.06626519366096555,1.2415343752109003,-0.46101629618442885
2023-09-06 08:00:00,2,1.7264281454730597,2.513264419184549,0.10218231629835813,1.7528302049413984,-0.7079619827538188
2023-09-06 12:00:00,2,0.8773746952210129,1.3893902041062025,-0.25188861321436956,0.5059899329875801,1.7264281454730597
2023-09-06 16:00:00,2,1.5419711811489023,0.6910167919814444,-0.12839766537861935,-0.12765711827444193,0.8773746952210129
2023-09-06 20:00:00,2,-3.0141718084807465,-1.1372106350995577,-0.22506018992425356,-1.2412810891822126,1.5419711811489023
2023-09-07 00:00:00,2,0.0023713881929730007,0.8900352256131298,0.43761000604226663,0.9355779983252379,-3.0141718084807465
2023-09-07 04:00:00,2,0.33286073689395934,1.3766882957792337,-0.0011324293534529842,0.9338653627271754,0.0023713881929730007
2023-09-07 08:00:00,2,0.17355017114419624,1.4797223563205477,-0.04920059621454887,0.6934706652705422,0.33286073689395934
2023-09-07 12:00:00,2,1.6139912967883046,1.3269165671778125,-0.02602960178675676,0.5681313378537229,0.17355017114419624
2023-09-07 16:00:00,2,0.03946535631238213,-0.6599240775025765,-0.235535186923453,-0.5975061389769216,1.6139912967883046
2023-09-07 20:00:00,2,-2.4044361595815396,-0.957248658325169,-0.006527577657361418,-0.6260083362599733,0.03946535631238213
2023-09-08 00:00:00,2,-0.1348843605206831,1.1303641720364013,0.3489267397656183,1.1104947687023081,-2.4044361595815396
2023-09-08 04:00:00,2,0.6902102386368298,1.4555098397167259,0.01883079263159787,1.2079093371538914,-0.1348843605206831
2023-09-08 08:00:00,2,0.3341129690929385,1.2526770171415809,-0.1011754497008165,0.7094339595925252,0.6902102386368298
2023-09-08 12:00:00,2,1.0058780936135054,0.9144991929368166,-0.049382727670603234,0.4681348899848583,0.3341129690929385
2023-09-08 16:00:00,2,1.1673505423816302,-0.29777358635499596,-0.1470878979698574,-0.25831834763297223,1.0058780936135054
2023-09-08 20:00:00,2,-3.047527614995312,-1.1749490601985737,-0.17057332841221168,-1.101388284568996,1.1673505423816302
2023-09-09 00:00:00,2,-0.2004367558554634,1.0629555290016846,0.4424614558079873,1.099560634290496,-3.047527614995312
2023-09-11 04:00:00,2,1.3723098163316667,1.7208167969084749,0.02836508924200884,1.244317669117386,-0.2004367558554634
2023-09-11 08:00:00,2,0.7478524957767867,0.5001951823522084,-0.20038371903049793,0.2532244984653147,1.3723098163316667
2023-09-11 12:00:00,2,-0.6916405855901324,-0.05835310657092057,-0.1095592528259227,-0.2868805801391403,0.7478524957767867
2023-09-11 16:00:00,2,0.22391733438370842,0.4469558334019975,0.09980844359911989,0.2126278054793076,-0.6916405855901324
2023-09-11 20:00:00,2,-1.256285397164568,-0.13495679126691837,-0.03335527571976875,0.05091290826204897,0.22391733438370842
2023-09-12 00:00:00,2,-0.003135757070893419,1.124476078378299,0.18193345345705791,0.9582123115760943,-1.256285397164568
2023-09-12 04:00:00,2,0.2550636357217968,1.6089104030410026,-0.0003314402186674886,0.9604769805165922,-0.003135757070893419
2023-09-12 08:00:00,2,0.318015623327371,1.2817103833234935,-0.037885363045456706,0.7762679743307288,0.2550636357217968
2023-09-12 12:00:00,2,1.2106537223642437,1.6856218952658237,-0.047041442224275185,0.5465945371159915,0.318015623327371
2023-09-12 16:00:00,2,0.0646345390854588,0.043858692191619225,-0.17687157823237032,-0.32774930418006143,1.2106537223642437
2023-09-12 20:00:00,2,-2.256270375749901,-0.3311378376839255,-0.010188320377358367,-0.3744288874006205,0.0646345390854588
2023-09-13 00:00:00,2,-0.5480228337290534,1.7293751605888958,0.3273767029843482,1.255067698529114,-2.256270375749901
2023-09-13 04:00:00,2,1.5039585424531943,2.86148622489698,0.0789198973031248,1.650854190330314,-0.5480228337290534
2023-09-13 08:00:00,2,-0.2691998866239942,1.0535103556555212,-0.21953142517937513,0.5646832523757634,1.5039585424531943
2023-09-13 12:00:00,2,1.1922257474158027,1.714113811981743,0.03836637266207941,0.7591015724942789,-0.2691998866239942
2023-09-13 16:00:00,2,0.9059149919083715,0.14742694088229563,-0.17419131341229227,-0.1019334372952212,1.1922257474158027
2023-09-13 20:00:00,2,-2.576633913737018,-1.1435695473041765,-0.13254872122603295,-0.7561925200377413,0.9059149919083715
2023-09-14 00:00:00,2,0.4928846134516398,0.7428457345594659,0.373972116908288,1.104673185930574,-2.576633913737018
2023-09-14 04:00:00,2,0.22141026228610627,0.7059886413888199,-0.07247533844260616,0.7487079596399067,0.4928846134516398
2023-09-14 08:00:00,2,0.14232319583038588,0.8777805540640261,-0.03299063352965275,0.5888036900263387,0.22141026228610627
2023-09-14 12:00:00,2,1.6225008978323032,0.9722789657749998,-0.021487780799631314,0.48601673497129916,0.14232319583038588
2023-09-14 16:00:00,2,0.9358576017044573,0.20544573605927977,-0.23677286954321686,-0.6857664440756448,1.6225008978323032
2023-09-14 20:00:00,2,-2.5108641554092728,-1.1558725657469517,-0.13690373711260284,-1.3616503200880476,0.9358576017044573
2023-09-15 00:00:00,2,-0.9625975008944803,0.2233147417272692,0.36440620584295946,0.45171593820575673,-2.5108641554092728
2023-09-15 04:00:00,2,1.5109722817705737,1.57502736036945,0.1392178898285086,1.146911584166725,-0.9625975008944803
2023-09-15 08:00:00,2,0.22740808903001763,0.5172213693632594,-0.220551541540623,0.055675267348405555,1.5109722817705737
2023-09-15 12:00:00,2,0.5610829027058344,0.5907587326589372,-0.033862990045417866,-0.10856068090937399,0.22740808903001763
2023-09-15 16:00:00,2,0.34111798751198386,-0.13531504681062798,-0.08239446824330017,-0.5137792594136581,0.5610829027058344
2023-09-15 20:00:00,2,-2.0770048261550773,-0.9759023387668514,-0.050401575617005194,-0.7601374095822759,0.34111798751198386
2023-09-16 00:00:00,2,-0.24481974226459258,0.4822677814074994,0.30130334726429336,0.7398921567122354,-2.0770048261550773
2023-09-18 04:00:00,2,0.49865541399760005,0.9994197593956459,0.03482039197685733,0.9167029407725273,-0.24481974226459258
2023-09-18 08:00:00,2,0.46153463724240495,1.3091957578103026,-0.07331467503440747,0.5565699959811035,0.49865541399760005
2023-09-18 12:00:00,2,0.4423139399096705,1.021558866825692,-0.06791562753682354,0.2232459742867352,0.46153463724240495
2023-09-18 16:00:00,2,-0.09076904951754194,0.4478178479619494,-0.06512006486526399,-0.09619670542862657,0.4423139399096705
2023-09-18 20:00:00,2,-1.3954828161925956,0.4535595589017197,0.012414422062431024,-0.030642568882486287,-0.09076904951754194
2023-09-19 00:00:00,2,-0.9231326091115051,1.0575286781310493,0.20217908252429553,0.9771863283761917,-1.3954828161925956
2023-09-19 04:00:00,2,-0.1931333077806947,2.389670962836568,0.13347790150260502,1.6438801125409768,-0.9231326091115051
2023-09-19 08:00:00,2,1.8057348725967017,2.4590351715522325,0.027302836064715192,1.7833625385128027,-0.1931333077806947
2023-09-19 12:00:00,2,0.4986351815880745,1.3296646047091407,-0.26342341458564067,0.47924631130194406,1.8057348725967017
2023-09-19 16:00:00,2,0.7018262756061571,0.7827562291385811,-0.07331173232281663,0.11912797851916856,0.4986351815880745
2023-09-19 20:00:00,2,-1.4827287519713455,-0.47990021970145885,-0.10286494924293779,-0.38773659423218554,0.7018262756061571
2023-09-20 00:00:00,2,-0.18892758789158748,0.3055381836979533,0.21486860554659343,0.6831020185356369,-1.4827287519713455
2023-09-20 04:00:00,2,-0.38334994739509654,1.181081321975246,0.026691133308801133,0.8195470398265634,-0.18892758789158748
2023-09-20 08:00:00,2,0.8607660159713291,1.6319270592550357,0.05496897782898296,1.0964054505961673,-0.38334994739509654
2023-09-20 12:00:00,2,0.35020076713212234,1.5492789078265194,-0.12598200881160987,0.4747533208759247,0.8607660159713291
2023-09-20 16:00:00,2,1.8266278970652117,0.8891236180708179,-0.051722624443720604,0.22183551432000392,0.35020076713212234
2023-09-20 20:00:00,2,-0.6633393307664512,-0.9150326767103772,-0.26646220960379396,-1.0973698229581128,1.8266278970652117
2023-09-21 00:00:00,2,-1.0721297575150093,-0.7464637404382087,0.09569215529939036,-0.6183008308664206,-0.6633393307664512
2023-09-21 04:00:00,2,-0.9391882099478348,0.4240088838100275,0.1551488564651113,0.1559998905015707,-1.0721297575150093
2023-09-21 08:00:00,2,0.8721106363762114,1.7278237791222968,0.13581311533956927,0.8342891585361283,-0.9391882099478348
2023-09-21 12:00:00,2,0.6825402984027509,1.2216327278424863,-0.1276320320536329,0.2044438528485415,0.8721106363762114
2023-09-21 16:00:00,2,0.37545216395128733,0.7843534250222172,-0.10005989191223583,-0.2884922322769352,0.6825402984027509
2023-09-21 20:00:00,2,-1.821197492756017,-0.37342797501649033,-0.05539532482135836,-0.5596468004147255,0.37545216395128733
2023-09-22 00:00:00,2,-0.3591755286356175,1.0035287286987322,0.26409733855493817,0.7556366552586162,-1.821197492756017
2023-09-22 04:00:00,2,0.9723626185437002,1.73947549430158,0.05145291899299308,1.0150361066504825,-0.3591755286356175
2023-09-22 08:00:00,2,-0.48260586511803716,1.029834425775875,-0.14221322514177212,0.3127880142976167,0.9723626185437002
2023-09-22 12:00:00,2,0.6606519388906467,2.6970741893088483,0.06940529789137072,0.6613298459910517,-0.48260586511803716
2023-09-22 16:00:00,2,-0.2034541770911602,1.6832915127880834,-0.09687632995636956,0.18420170989505458,0.6606519388906467
2023-09-22 20:00:00,2,-1.5852068551597274,1.2276454934459167,0.028803959384171626,0.33113795057188433,-0.2034541770911602
2023-09-23 00:00:00,2,0.5669715839037224,1.3826936194795802,0.22977357777347307,1.4759870724847044,-1.5852068551597274
2023-09-25 04:00:00,3,0.2531100372635784,0.0933369042176755,-0.05888147485811574,0.7674601634220615,0.5669715839037224
2023-09-25 08:00:00,3,1.9349483395769287,0.5539093313058029,-0.027506610562840542,0.6033367367635165,0.2531100372635784
2023-09-25 12:00:00,3,-1.0497354124856564,-1.1313222798982605,-0.19562994095022815,-0.651336350609645,1.9349483395769287
2023-09-25 16:00:00,3,1.5856116840810515,-0.08226911451399677,0.10273106786950924,0.029340618366328286,-1.0497354124856564
2023-09-25 20:00:00,3,-2.3792533983459823,-1.544274013070681,-0.16070884189595305,-0.9988130880400732,1.5856116840810515
2023-09-26 00:00:00,3,-0.773873452353314,-0.06534474421045007,0.23563504043650113,0.5439594738354252,-2.3792533983459823
2023-09-26 04:00:00,3,0.3161457410408701,0.983552022021259,0.07515479528679508,1.0457600510604266,-0.773873452353314
2023-09-26 08:00:00,3,1.606901807466489,0.7462890866146282,-0.03380791339187826,0.8407625610197602,0.3161457410408701
2023-09-26 12:00:00,3,0.5549241248022678,0.1076246596280916,-0.1628370883766015,-0.2011962399683398,1.606901807466489
2023-09-26 16:00:00,3,-0.6281132389908759,-0.33764392982991337,-0.05767716232458835,-0.5610241230609425,0.5549241248022678
2023-09-26 20:00:00,3,-1.4121538022655251,-0.670139845344456,0.060584017302513275,-0.15373842934730497,-0.6281132389908759
2023-09-27 00:00:00,3,-0.23587130429216785,0.19679279105240505,0.13895986977015332,0.7619404726132668,-1.4121538022655251
2023-09-27 04:00:00,3,1.4770970006851787,0.7832692182456552,0.021373933735958535,0.9148858363348094,-0.23587130429216785
2023-09-27 08:00:00,3,0.04683675585443403,0.3636369316304384,-0.14986127709536973,-0.042904000371901674,1.4770970006851787
2023-09-27 12:00:00,3,0.06124789258774754,0.581555667795978,-0.006886702577192285,-0.07327422569960973,0.04683675585443403
2023-09-27 16:00:00,3,1.3048072574887701,-0.1587530727559155,-0.008327297846630544,-0.11298902372102404,0.06124789258774754
2023-09-27 20:00:00,3,-0.3955914421672162,-1.5113870210531533,-0.13263850045987174,-0.9590615088077801,1.3048072574887701
2023-09-28 00:00:00,3,-1.1249133833136291,-1.5897414496020645,0.03734020199881727,-0.7025492671471749,-0.3955914421672162
2023-09-28 04:00:00,3,-0.07423399425425536,-0.3196581636054714,0.1102461606165228,0.02687514114379752,-1.1249133833136291
2023-09-28 08:00:00,3,0.3190915659946931,-0.18036311002493766,0.005216017222192828,0.07501048039496894,-0.07423399425425536
2023-09-28 12:00:00,3,0.34298335252270995,-0.010546076101790446,-0.03410238991872021,-0.13189716260124484,0.3190915659946931
2023-09-28 16:00:00,3,1.8334833419024381,-0.4567545851162216,-0.03649070912542973,-0.3542968892633809,0.34298335252270995
2023-09-28 20:00:00,3,-1.8177433344226,-2.478216632102491,-0.18548709112731715,-1.543177314740257,1.8334833419024381
2023-09-29 00:00:00,3,-0.5672516154450253,-1.493283510866411,0.17950423293676485,-0.3645031378624122,-1.8177433344226
2023-09-29 04:00:00,3,-0.18386497472955732,-0.28354020818250814,0.05450004428962762,0.003318225173789102,-0.5672516154450253
2023-09-29 08:00:00,3,0.29530024861792725,0.028482712126413165,0.01617517157477837,0.12254127148734817,-0.18386497472955732
2023-09-29 12:00:00,3,1.4540102529794456,-0.1458976772157824,-0.03172411401301428,-0.06893943477095377,0.29530024861792725
2023-09-29 16:00:00,3,0.6862806667671979,-1.249678992852984,-0.14755343281166994,-1.0117591968617763,1.4540102529794456
2023-09-29 20:00:00,3,-1.3551952898483854,-2.1557138797481863,-0.07080809130446607,-1.456762231498649,0.6862806667671979
2023-09-30 00:00:00,3,-0.9109054458404646,-1.4683131278345685,0.13326606746566952,-0.5780167768890383,-1.3551952898483854
2023-10-02 04:00:00,3,-0.42843494669832616,-1.259902085046011,0.08885306525899972,0.012639068882830173,-0.9109054458404646
2023-10-02 08:00:00,3,1.819384995507681,-0.17291389350998412,0.04062337099060937,0.2904479314336914,-0.42843494669832616
2023-10-02 12:00:00,3,-0.07397608769430519,-1.0051207731831493,-0.18407776363989978,-0.8892907431053612,1.819384995507681
2023-10-02 16:00:00,3,0.7427771743149396,-1.0851668637244327,0.0051902358437286005,-0.8413226374765088,-0.07397608769430519
2023-10-02 20:00:00,3,-2.064538558391419,-2.2838176961549865,-0.07645570974145706,-1.3229595429516205,0.7427771743149396
2023-10-03 00:00:00,3,1.512649444588737,-1.3684206762527529,0.20417487750483496,0.015743364033619756,-2.064538558391419
2023-10-03 04:00:00,3,-0.428825101491368,-1.6935516619146853,-0.15341524257722103,-0.9650996434703512,1.512649444588737
2023-10-03 08:00:00,3,0.37000272949579127,-0.871612217916142,0.040662372435089834,-0.6870377939488677,-0.428825101491368
2023-10-03 12:00:00,3,-0.815981134593784,-0.9181532350786658,-0.03919167486955534,-0.9269576189166404,0.37000272949579127
2023-10-03 16:00:00,3,2.167038289177688,-0.735654615274975,0.07936404879435535,-0.3978532762121283,-0.815981134593784
2023-10-03 20:00:00,3,-2.5510752812534996,-3.267842648269746,-0.21883058706623665,-1.8030197941631503,2.167038289177688
2023-10-04 00:00:00,3,0.24663826133457611,-1.1086463749720963,0.25281104787319075,-0.1488332539935442,-2.5510752812534996
2023-10-04 04:00:00,3,0.10503643235519178,-0.7593816125268795,-0.026859665775575213,-0.30876020526329206,0.24663826133457611
2023-10-04 08:00:00,3,-0.052760731877183886,-0.6723179135314806,-0.012704576642325178,-0.37686868246355054,0.10503643235519178
2023-10-04 12:00:00,3,0.3246577159644346,-0.37392535984468983,0.0030694634303391664,-0.34265719009322204,-0.052760731877183886
2023-10-04 16:00:00,3,0.5864316272735444,-0.5223968118360209,-0.03465880468764384,-0.5531740759950345,0.3246577159644346
2023-10-04 20:00:00,3,-0.9120935183407095,-1.7302617859580744,-0.06082677916966418,-0.9334322799352179,0.5864316272735444
2023-10-05 00:00:00,3,-0.47018068336888774,-1.0425482517060223,0.0889718297711458,-0.34200605566723574,-0.9120935183407095
2023-10-05 04:00:00,3,-0.24073210713644144,-0.07434925945613352,0.04479644296124765,-0.03712812298059198,-0.47018068336888774
2023-10-05 08:00:00,3,0.49927523145172437,0.09675325304174044,0.02185983916539946,0.11896911740194227,-0.24073210713644144
2023-10-05 12:00:00,3,1.1010657913233253,-0.14106510081840123,-0.052114274816558004,-0.20477451093257493,0.49927523145172437
2023-10-05 16:00:00,3,0.10038678243929944,-0.9643585333294628,-0.11227168292299664,-0.9187354924969036,1.1010657913233253
2023-10-05 20:00:00,3,-2.1049477484752703,-1.6586170410160646,-0.012239778910034256,-0.9838290103332046,0.10038678243929944
2023-10-06 00:00:00,3,0.1179607010660817,-0.3152650647697255,0.20821434289565724,0.38107631365911665,-2.1049477484752703
2023-10-06 04:00:00,3,0.06257788949275955,0.3498209056513097,-0.013996538595806414,0.30458738939789143,0.1179607010660817
2023-10-06 08:00:00,3,0.6417113550923279,0.30714382743311347,-0.00846024969388481,0.2640101852393837,0.06257788949275955
2023-10-06 12:00:00,3,2.069776216656349,0.26231432897229073,-0.06635276340430712,-0.15209289649568092,0.6417113550923279
2023-10-06 16:00:00,3,0.401074440198693,-2.797931875501724,-0.20910787856912663,-1.4941920434380567,2.069776216656349
2023-10-06 20:00:00,3,-2.3056005252843708,-3.6680502308370952,-0.0422977282142912,-1.7542596100277574,0.401074440198693
2023-10-07 00:00:00,3,3.358397034771741,-1.7230441452487708,0.2282724026046208,-0.2592455726296219,-2.3056005252843708
2023-10-09 04:00:00,3,-3.323914158566218,-6.670114538716768,-0.33792360553293993,-2.436921477487755,3.358397034771741
2023-10-09 08:00:00,3,0.06914532329634149,-2.19338349124481,0.330067134696724,-0.28160520666499345,-3.323914158566218
2023-10-09 12:00:00,3,-0.027320427029529526,-1.2724267097520081,-0.00911675682756001,-0.32644091337776615,0.06914532329634149
2023-10-09 16:00:00,3,0.7643560258661601,-1.0158494446781843,0.0005263480956634514,-0.3087256060342174,-0.027320427029529526
2023-10-09 20:00:00,3,-0.0443720957873186,-1.566075055818149,-0.07861281865242437,-0.8043548252801749,0.7643560258661601
2023-10-10 00:00:00,3,-1.7961640042070588,-1.3991263043375324,0.0022309015811434988,-0.7755827525193766,-0.0443720957873186
2023-10-10 04:00:00,3,-0.3455672987970999,0.4009726648186857,0.1773470761765842,0.38909880020866794,-1.7961640042070588
2023-10-10 08:00:00,3,1.2635053472907138,0.7463864407822236,0.03233958715279317,0.6131740278562248,-0.3455672987970999
2023-10-10 12:00:00,3,0.13698989371454218,0.20681470228422083,-0.1285097951709585,-0.20611717624091241,1.2635053472907138
2023-10-10 16:00:00,3,0.6716981875422992,0.023136811211229208,-0.015898773333974662,-0.29494514615112166,0.13698989371454218
2023-10-10 20:00:00,3,-0.7864356744191809,-1.3919703343078789,-0.06935036794947846,-0.7304925049663549,0.6716981875422992
2023-10-11 00:00:00,3,-1.1884133873023597,-0.4234891038637715,0.0764105655994788,-0.22054624156396763,-0.7864356744191809
2023-10-11 04:00:00,3,0.38061814588335885,0.7861246747323806,0.11659387676468834,0.5500532949840036,-1.1884133873023597
2023-10-11 08:00:00,3,1.1469674624136612,0.4562169517947006,-0.040252834645778696,0.3032501455468779,0.38061814588335885
2023-10-11 12:00:00,3,0.20543502788971502,-0.05180593951179489,-0.11686019883646995,-0.44047472697233125,1.1469674624136612
2023-10-11 16:00:00,3,0.6838990586716243,-0.6829044418603598,-0.022740824612336917,-0.5736843819408648,0.20543502788971502
2023-10-11 20:00:00,3,-1.7458671623321216,-1.1572955230376967,-0.07057001616718643,-1.0171431171661887,0.6838990586716243
2023-10-12 00:00:00,3,-0.9458365297067548,-0.0744755127056454,0.17231920128971132,0.1149245964274499,-1.7458671623321216
2023-10-12 04:00:00,3,1.0294094257675077,0.9160835862773942,0.09234491708896694,0.7282307062623836,-0.9458365297067548
2023-10-12 08:00:00,3,0.5692249013820021,0.4221538643136877,-0.10510862402242964,0.060733659451743804,1.0294094257675077
2023-10-12 12:00:00,3,1.0403486159969706,0.19211585901306963,-0.05910672554859378,-0.3083672358118452,0.5692249013820021
2023-10-12 16:00:00,3,-0.5029262241706878,-0.41376595956260714,-0.10620214953590425,-0.9829575508497719,1.0403486159969706
2023-10-12 20:00:00,3,-0.7132848934266569,-1.3349228562921889,0.04806981910410409,-0.6568465196172113,-0.5029262241706878
2023-10-13 00:00:00,3,-0.5513547875060762,-0.831424828745946,0.06909811891302547,-0.1943332105497788,-0.7132848934266569
2023-10-13 04:00:00,3,-0.7084584502449864,0.36428132566899196,0.05291093334357816,0.16318021723996523,-0.5513547875060762
2023-10-13 08:00:00,3,1.3236281155568008,0.7246540393380655,0.06861564821384362,0.6225639293853931,-0.7084584502449864
2023-10-13 12:00:00,3,1.8507917507821077,0.08079708931309686,-0.13451990923430227,-0.23571251154671025,1.3236281155568008
2023-10-13 16:00:00,3,-0.13128274208164648,-2.1528231498472175,-0.18721730938941408,-1.4358161797130116,1.8507917507821077
2023-10-13 20:00:00,3,-1.7449364680910922,-2.9984913469791468,0.010918839821713015,-1.3506888820186411,-0.13128274208164648
2023-10-14 00:00:00,3,2.2282309011993906,-1.8994331476699702,0.17222616534496024,-0.21922465586335171,-1.7449364680910922
2023-10-16 04:00:00,3,-3.1003864220217405,-2.9280858893922765,-0.22494764702024117,-1.6640701264144635,2.2282309011993906
2023-10-16 08:00:00,3,2.124789106907654,-0.2165670371537871,0.30772240188256406,0.3463046854621048,-3.1003864220217405
2023-10-16 12:00:00,3,0.2244330774204375,-1.651703868706161,-0.21460718864582273,-1.0314663145448435,2.124789106907654
2023-10-16 16:00:00,3,-1.2825671493215172,-1.5437511496471656,-0.024639946159025605,-1.1769948211184769,0.2244330774204375
2023-10-16 20:00:00,3,-1.631102050652954,-2.0887184397672725,0.1260058660251238,-0.34534342656265515,-1.2825671493215172
2023-10-17 00:00:00,3,1.2159504742576352,-0.6476366360614828,0.16084681850401636,0.7123074697713001,-1.631102050652954
2023-10-17 04:00:00,3,0.39023301075208927,-0.5178287736272809,-0.12375601853293487,-0.07614786230400483,1.2159504742576352
2023-10-17 08:00:00,3,-0.49212699433873475,-0.6883281071177916,-0.04121397526240766,-0.32918555141476524,0.39023301075208927
2023-10-17 12:00:00,3,1.2129684748278287,-0.7694117598103393,0.046990284595662096,-0.010077034284194042,-0.49212699433873475
2023-10-17 16:00:00,3,0.35013231424948366,-1.0452330295103618,-0.12345792585977908,-0.7965987568906492,1.2129684748278287
2023-10-17 20:00:00,3,-0.9376190551971231,-2.0009244685705645,-0.03720534813244007,-1.0236340646160027,0.35013231424948366
2023-10-18 00:00:00,3,-0.6944190253203502,-1.5551206746337636,0.09152346524069328,-0.41565638857050224,-0.9376190551971231
2023-10-18 04:00:00,3,1.9668876725649778,-0.5947111145926853,0.0672122107538887,0.03462377891957402,-0.6944190253203502
2023-10-18 08:00:00,3,-1.088966926602362,-2.0617061934963394,-0.19882272531297962,-1.2407596399436347,1.9668876725649778
2023-10-18 12:00:00,3,0.3079311430816478,-0.7894609824862516,0.1066528080275066,-0.5346438910620979,-1.088966926602362
2023-10-18 16:00:00,3,1.6481470858961949,-1.3366763324202835,-0.03298674909516897,-0.7343148125467884,0.3079311430816478
2023-10-18 20:00:00,3,-1.5740289155472205,-3.1027564462230757,-0.16696013252586317,-1.8030181729468886,1.6481470858961949
2023-10-19 00:00:00,3,-0.37303086773106564,-1.888316460473623,0.15514155805393207,-0.7823750484301559,-1.5740289155472205
2023-10-19 04:00:00,3,-0.36716120518719997,-1.0155992748378795,0.035084956114334195,-0.5404916963382043,-0.37303086773106564
2023-10-19 08:00:00,3,0.9303397738228565,-1.0768477591040968,0.03449820100608899,-0.30241439295314265,-0.36716120518719997
2023-10-19 12:00:00,3,-0.29550443713358376,-0.9401953760838548,-0.0952052226060485,-0.9056719851344379,0.9303397738228565
2023-10-19 16:00:00,3,1.120076943952764,-1.1798763429629362,0.02733510187022095,-0.7140588774935761,-0.29550443713358376
2023-10-19 20:00:00,3,-0.5184034108338196,-3.390317598831959,-0.1141721143082064,-1.4403472070682977,1.120076943952764
2023-10-20 00:00:00,3,-0.1849086129695845,-3.2065503244217672,0.04961698101809657,-1.1042003473966542,-0.5184034108338196
2023-10-20 04:00:00,3,-1.3989009983430822,-2.369092440580213,0.01627949785655686,-0.9843005776864384,-0.1849086129695845
2023-10-20 08:00:00,3,1.0243212764632954,-1.0918638378133627,0.1376350661137332,-0.07721515394625023,-1.3989009983430822
2023-10-20 12:00:00,3,0.7199145735062658,-1.5608928132783755,-0.10459999212520396,-0.7414129064729273,1.0243212764632954
2023-10-20 16:00:00,3,0.9769808737761281,-2.0653679676854124,-0.07417027208435019,-1.2082250802715997,0.7199145735062658
2023-10-20 20:00:00,3,-0.9731508586267736,-3.7637028250088758,-0.0998676548067477,-1.8417260291771598,0.9769808737761281
2023-10-21 00:00:00,3,-0.23114407746853693,-2.625940390294583,0.09507536741764219,-1.2107085661786066,-0.9731508586267736
2023-10-23 04:00:00,4,-1.2100399791468561,-0.7801950326004967,0.05379648793813497,-0.8271100758349181,-0.23114407746853693
2023-10-23 08:00:00,4,0.08232156287736281,0.7224409138603425,0.22925638840476487,-0.12372162856314439,-1.2100399791468561
2023-10-23 12:00:00,4,1.324736124265618,0.8312951450415303,-0.002389925714737867,-0.17157462291637238,0.08232156287736281
2023-10-23 16:00:00,4,0.5742985187879448,0.07668881266760949,-0.2250836104116743,-0.9416352007073581,1.324736124265618
2023-10-23 20:00:00,4,-1.6374605122276762,-1.4342302011857386,-0.09057318153177278,-1.2754712312206156,0.5742985187879448
2023-10-24 00:00:00,4,-0.08119485006215754,-0.033719235380260476,0.3058683795911364,-0.32362598063911996,-1.6374605122276762
2023-10-24 04:00:00,4,-0.41263293608675156,-0.27691016653628536,0.026919190290180063,-0.2764279371893874,-0.08119485006215754
2023-10-24 08:00:00,4,-0.025901336432692545,0.7205858008546366,0.08632703282483596,-0.03656706878081728,-0.41263293608675156
2023-10-24 12:00:00,4,1.094086487625125,1.3881792848454446,0.017008234098370063,-0.021510788716005536,-0.025901336432692545
2023-10-24 16:00:00,4,0.2703213597503371,1.0540424289768835,-0.18374135714631712,-0.6574962181017785,1.094086487625125
2023-10-24 20:00:00,4,-1.5137530770183911,0.5807344384254075,-0.03608750846130306,-0.8146322836665245,0.2703213597503371
2023-10-25 00:00:00,4,-0.88819225622969,1.2533260810238547,0.2836947304507234,0.06530263149846682,-1.5137530770183911
2023-10-25 04:00:00,4,1.43862901359614,1.8820974524776857,0.17156754801669383,0.5816030701242152,-0.88819225622969
2023-10-25 08:00:00,4,0.6197194784632725,1.0732388777783237,-0.24549807429034443,-0.2546627107692103,1.43862901359614
2023-10-25 12:00:00,4,-0.23357846576785946,0.7466262727478246,-0.09871455494039365,-0.6149016526326783,0.6197194784632725
2023-10-25 16:00:00,4,1.6217321401823437,0.8741931983688854,0.054232834160408375,-0.47912399471726275,-0.23357846576785946
2023-10-25 20:00:00,4,-1.6524060290450127,-0.6299992472684349,-0.27831796485364313,-1.4218264439188575,1.6217321401823437
2023-10-26 00:00:00,4,-0.7998682867631679,0.48095086899667333,0.3085472537070625,-0.4612934606599399,-1.6524060290450127
2023-10-26 04:00:00,4,-0.498235875854812,1.1835667837369925,0.15573612522204994,0.003664823317548027,-0.7998682867631679
2023-10-26 08:00:00,4,1.0147461628314023,2.051212449576081,0.10167073103176805,0.29328612933398013,-0.498235875854812
2023-10-26 12:00:00,4,0.44238583261608255,1.3538022480269687,-0.1695201866751475,-0.29657928019753754,1.0147461628314023
2023-10-26 16:00:00,4,0.9629316574826383,0.32197865676904847,-0.06692880142320566,-0.5537353157512133,0.44238583261608255
2023-10-26 20:00:00,4,-1.4141289992407948,-0.4455294324427973,-0.16023281716462587,-1.1134812870067181,0.9629316574826383
2023-10-27 00:00:00,4,-1.2892825061472628,0.21211380314199904,0.2658378462396778,-0.2914572066789969,-1.4141289992407948
2023-10-27 04:00:00,4,0.8989993573848558,1.4817052353586813,0.24346002933979927,0.4579944112195893,-1.2892825061472628
2023-10-27 08:00:00,4,0.3213559794141414,1.1101645373798177,-0.14877342194954007,-0.06458812571038308,0.8989993573848558
2023-10-27 12:00:00,4,0.9992443778025599,1.2211880277292122,-0.04523508919099133,-0.25139028702490585,0.3213559794141414
2023-10-27 16:00:00,4,-0.1254906803874256,0.2580578524137047,-0.16674160556805284,-0.8322446087499973,0.9992443778025599
2023-10-27 20:00:00,4,0.9643538041282547,0.20812171960905393,0.03485889252678449,-0.7592976843954631,-0.1254906803874256
2023-10-28 00:00:00,4,-1.5857954177466684,-0.6824436992650277,-0.16048772650530346,-1.3198703403374994,0.9643538041282547
2023-10-30 04:00:00,4,-1.623097486643326,0.17599415354680928,0.2966077908812496,-0.3980576764567907,-1.5857954177466684
2023-10-30 08:00:00,4,0.9717983722528558,1.8338576906855582,0.30329391275037326,0.5454384398498,-1.623097486643326
2023-10-30 12:00:00,4,1.0810301654522654,1.350689482797131,-0.16182211066190277,-0.019461695600362816,0.9717983722528558
2023-10-30 16:00:00,4,-0.1519904984512781,0.7794075389361554,-0.1814011072944355,-0.647857568989215,1.0810301654522654
2023-10-30 20:00:00,4,-0.3404360994069471,0.06468824639618495,0.03960879027576425,-0.5595064710518702,-0.1519904984512781
2023-10-31 00:00:00,4,-1.215201236735986,0.2040855211538308,0.07338628012975845,-0.36161315886069545,-0.3404360994069471
2023-10-31 04:00:00,4,0.8694050881693691,1.6211966568398744,0.23018150591860748,0.34477549420935816,-1.215201236735986
2023-10-31 08:00:00,4,-0.8662440956234416,1.034643098769025,-0.14346886656011695,-0.160604084611494,0.8694050881693691
2023-10-31 12:00:00,4,1.1499166822683513,1.1275011322039372,0.1676335014354431,0.3429380295990683,-0.8662440956234416
2023-10-31 16:00:00,4,1.341895114994486,0.8418565526078681,-0.1937485094679663,-0.3255011323887178,1.1499166822683513
2023-10-31 20:00:00,4,-0.9181519970649852,-0.7671904458973104,-0.22815923346846015,-1.10553612098722,1.341895114994486
2023-11-01 00:00:00,4,-1.4658656471797347,-0.130917629273994,0.17693761150960888,-0.5718202779533765,-0.9181519970649852
2023-11-01 04:00:00,4,0.4513329784745519,1.0121361135311773,0.27511126038134465,0.28027798263942394,-1.4658656471797347
2023-11-01 08:00:00,4,0.6551358216471996,0.8626604092472284,-0.06853251160229203,0.017921028817461604,0.4513329784745519
2023-11-01 12:00:00,4,-0.37126800309637,0.5494604832867083,-0.10506267432600931,-0.362905205259068,0.6551358216471996
2023-11-01 16:00:00,4,1.4560554147465599,0.5630121502452835,0.0789126724083121,-0.14708950600938842,-0.37126800309637
2023-11-01 20:00:00,4,0.33516059230091955,-0.6429143206946135,-0.24862162870108612,-0.9934851416662669,1.4560554147465599
2023-11-02 00:00:00,4,-1.84616431671237,-1.4382695279971185,-0.047709464657209606,-1.188311835550751,0.33516059230091955
2023-11-02 04:00:00,4,-0.3725258075686231,0.14789421735124988,0.3432770036328836,-0.11514840746597699,-1.84616431671237
2023-11-02 08:00:00,4,0.12034970833993874,0.7425342817427205,0.07913812462149394,0.10139844542321619,-0.3725258075686231
2023-11-02 12:00:00,4,-0.08706738143501447,0.5606908471590122,-0.009206191475330213,0.031439935012242515,0.12034970833993874
2023-11-02 16:00:00,4,1.145539578692036,0.26386149237640727,0.0279717984055088,0.08205164313016056,-0.08706738143501447
2023-11-02 20:00:00,4,-0.9540541669635179,-0.7689594899599012,-0.1929639458013745,-0.5838431367370767,1.145539578692036
2023-11-03 00:00:00,4,-1.510591448564842,0.10761981489973096,0.18337281176546066,-0.029257593549672833,-0.9540541669635179
2023-11-03 04:00:00,4,0.7922365552730817,1.1890539587194238,0.2831280317723235,0.8488394873560221,-1.510591448564842
2023-11-03 08:00:00,4,0.06009320943140928,0.7377940131242052,-0.12963697383493122,0.38831747974569275,0.7922365552730817
2023-11-03 12:00:00,4,3.3774339907135236,0.7595576608095529,0.0015943433750368486,0.3533856841009424,0.06009320943140928
2023-11-03 16:00:00,4,0.26430896241640767,-2.5012357999442054,-0.5930146260768818,-1.6098949441687562,3.3774339907135236
2023-11-03 20:00:00,4,-3.0026306401521925,-3.2613992219690844,-0.03500983039975596,-1.7635360418828734,0.26430896241640767
2023-11-04 00:00:00,4,0.34134043254751845,-1.0600291853645063,0.5505650979602427,-0.01812618757674933,-3.0026306401521925
2023-11-06 04:00:00,4,0.27532887089701674,-0.8538703697171657,-0.0488171556309984,-0.2165451827986704,0.34134043254751845
2023-11-06 08:00:00,4,-0.7434706314832997,-0.6515592495574917,-0.036985068054591334,-0.3765920823448212,0.27532887089701674
2023-11-06 12:00:00,4,0.14159022596389548,0.2379269211223837,0.14562725974923402,0.05558260781699431,-0.7434706314832997
2023-11-06 16:00:00,4,0.025364919925047857,0.21862414307330183,-0.013013398249584184,-0.02672287870075074,0.14159022596389548
2023-11-06 20:00:00,4,-0.8610490340591745,-0.0888930071805408,0.00781913419264605,-0.041467343304168125,0.025364919925047857
2023-11-07 00:00:00,4,-0.03452143649984407,0.11114028240892268,0.16670232480734454,0.4590549150750629,-0.8610490340591745
2023-11-07 04:00:00,4,0.001873784465605155,0.6846225189597996,0.018553323721486926,0.4791220037958315,-0.03452143649984407
2023-11-07 08:00:00,4,0.6006212991118396,0.5817008656964175,0.012029747683309546,0.47803278495306856,0.001873784465605155
2023-11-07 12:00:00,4,1.2497637233228076,0.2380625120366829,-0.09529134656619265,0.12889549175512194,0.6006212991118396
2023-11-07 16:00:00,4,0.23140000345292044,-0.5947078708512019,-0.2116453582087423,-0.5975841121868992,1.2497637233228076
2023-11-07 20:00:00,4,-1.5119673460497847,-1.1938864964132634,-0.029111141219125017,-0.7320954439878449,0.23140000345292044
2023-11-08 00:00:00,4,-0.3541859931807849,-0.20793904827945509,0.2833746512906466,0.1468014372651254,-1.5119673460497847
2023-11-08 04:00:00,4,-0.6437445060785052,0.42110265348880616,0.07585084759688954,0.35268747415829793,-0.3541859931807849
2023-11-08 08:00:00,4,1.485311901949931,0.6700715796491236,0.12775208425054446,0.7268920098543372,-0.6437445060785052
2023-11-08 12:00:00,4,0.8701511498080858,0.24438132950811037,-0.2538656391458184,-0.13651023340332102,1.485311901949931
2023-11-08 16:00:00,4,0.3091402074895946,-0.29993311489668895,-0.14360259262909605,-0.6423234930501547,0.8701511498080858
2023-11-08 20:00:00,4,-2.1147876468807407,-1.3164420031561503,-0.04304550179734793,-0.8220247048139928,0.3091402074895946
2023-11-09 00:00:00,4,1.0688252594568048,-0.0648056291898858,0.3914257625494834,0.40728773517476746,-2.1147876468807407
2023-11-09 04:00:00,4,-1.4969110748879046,-0.34700975751990154,-0.1792134675387715,-0.2140135049580021,1.0688252594568048
2023-11-09 08:00:00,4,1.647747337681258,0.7812989776710129,0.2806759252719425,0.6561312628303178,-1.4969110748879046
2023-11-09 12:00:00,4,0.46530040528162964,-0.26481332694815535,-0.28298099792585557,-0.30169365314062446,1.647747337681258
2023-11-09 16:00:00,4,0.8361689794040963,-0.4882698101869652,-0.07103607026786926,-0.5721697822159033,0.46530040528162964
2023-11-09 20:00:00,4,-1.1208189203549512,-1.388417349195561,-0.1375115381804041,-1.0582294250506372,0.8361689794040963
2023-11-10 00:00:00,4,-1.600800893029179,-0.42880923574342733,0.2132641689375928,-0.40670460467475245,-1.1208189203549512
2023-11-10 04:00:00,4,0.21299824569455694,0.6450143821574394,0.29929741211166827,0.5238306453530548,-1.600800893029179
2023-11-10 08:00:00,4,0.44659981887804,0.605660991086066,-0.025812761300322867,0.4000161368305033,0.21299824569455694
2023-11-10 12:00:00,4,1.2719468210020235,0.2879870438905235,-0.06768412750928195,0.14041053820064597,0.44659981887804
2023-11-10 16:00:00,4,0.2746083819602454,-0.7725739107103,-0.21562151553472914,-0.5989639575640933,1.2719468210020235
2023-11-10 20:00:00,4,-0.9524270942855431,-1.5336441945869523,-0.03685592570460656,-0.758592041531216,0.2746083819602454
2023-11-11 00:00:00,4,-0.17816294915982134,-0.7693737515123343,0.18308117093864756,-0.20495230521324004,-0.9524270942855431
2023-11-13 04:00:00,4,-0.120189923681842,-0.5946606086438514,0.0443000098307909,-0.10138733022849422,-0.17816294915982134
2023-11-13 08:00:00,4,-0.7202913836484477,-0.10618675695914645,0.03390877082092699,-0.031521701610264685,-0.120189923681842
2023-11-13 12:00:00,4,0.9512694821695238,0.5295022368848864,0.14147254982448965,0.38717904105852696,-0.7202913836484477
2023-11-13 16:00:00,4,0.797756626620485,-0.18483159235082278,-0.1581424578974605,-0.16578778279138007,0.9512694821695238
2023-11-13 20:00:00,4,-1.7480160387280268,-0.9010070609219706,-0.13062640607948706,-0.6295185723269281,0.797756626620485
2023-11-14 00:00:00,4,-0.09017131776000653,0.06131808763052518,0.3256846456951515,0.38659189383630554,-1.7480160387280268
2023-11-14 04:00:00,4,-0.46089161832800585,0.6119245759114003,0.02852815619360876,0.4390079001507239,-0.09017131776000653
2023-11-14 08:00:00,4,0.34676304447163275,0.7276185216930511,0.09497704716056228,0.706921229762262,-0.46089161832800585
2023-11-14 12:00:00,4,3.2119696436641387,0.4682550001844314,-0.04978911898976106,0.505350105150244,0.34676304447163275
2023-11-14 16:00:00,4,-0.32217931181252624,-3.7115928877943247,-0.5633563571901852,-1.3617471637630452,3.2119696436641387
2023-11-14 20:00:00,4,-3.4435011665408535,-3.018600590419043,0.07011388504804919,-1.1744664046275668,-0.32217931181252624
2023-11-15 00:00:00,4,0.23367511663387575,-0.5347484534799335,0.6295879016579594,0.8272186474807413,-3.4435011665408535
2023-11-15 04:00:00,4,0.03427438828023455,0.1626268246776462,-0.029518938546293637,0.6913848070393378,0.23367511663387575
2023-11-15 08:00:00,4,0.9721974694690569,0.4542418510531829,0.00622217742928496,0.6714613258576492,0.03427438828023455
2023-11-15 12:00:00,4,1.6298623130554954,0.0018709845070446728,-0.16189364590657088,0.10632919776587535,0.9721974694690569
2023-11-15 16:00:00,4,-0.03270991815143809,-1.028714346464414,-0.27977523862571013,-0.8410992685689127,1.6298623130554954
2023-11-15 20:00:00,4,-2.4406830849277785,-1.2587506480438115,0.018228622362987175,-0.8220852037979718,-0.03270991815143809
2023-11-16 00:00:00,4,0.48451643608929906,0.006288242434318771,0.449840126144452,0.5966681555746938,-2.4406830849277785
2023-11-16 04:00:00,4,0.2927944008055192,0.2719980512405359,-0.07448040264999149,0.315021871541342,0.48451643608929906
2023-11-16 08:00:00,4,0.23251428798387508,0.19859720822251223,-0.04011563600782181,0.14482237193665348,0.2927944008055192
2023-11-16 12:00:00,4,0.9482300908964412,0.08364946112143581,-0.029310868536971173,0.009663313713808463,0.23251428798387508
2023-11-16 16:00:00,4,1.043870412389074,-0.8846686734644792,-0.15759766933583727,-0.5415367315626067,0.9482300908964412
2023-11-16 20:00:00,4,-2.5939329189952183,-1.623554153130124,-0.1747404944931627,-1.148331879803064,1.043870412389074
2023-11-17 00:00:00,4,0.224632702746435,-0.31338930784902513,0.4773090332937198,0.3595046211905526,-2.5939329189952183
2023-11-17 04:00:00,4,-0.505932636134327,-0.06863468238065354,-0.027898152272749915,0.228927077709157,0.224632702746435
2023-11-17 08:00:00,4,1.56954599127236,0.13325851746807718,0.10305031877980524,0.5230224609092602,-0.505932636134327
2023-11-17 12:00:00,4,0.5432724292233431,-0.22263859703706526,-0.268963980964464,-0.3893445160075544,1.56954599127236
2023-11-17 16:00:00,4,-0.754066590454542,-0.9720054957636544,-0.0850119828613725,-0.7051452804636131,0.5432724292233431
2023-11-17 20:00:00,4,-2.0327457369552917,-1.1268591160245605,0.14752650756838936,-0.2668112275893417,-0.754066590454542
2023-11-18 00:00:00,4,2.592903182331158,0.23854064918797782,0.37672035278637056,0.914810778506185,-2.0327457369552917
2023-11-20 04:00:00,5,-0.5497465362049656,-0.3390566705645144,-0.4599110874235615,-0.44573906611086933,2.592903182331158
2023-11-20 08:00:00,5,-0.3844521607477773,-0.00920904735498429,0.10779220019958956,-0.10466900911133514,-0.5497465362049656
2023-11-20 12:00:00,5,0.09225661851468203,0.15452385310227623,0.07793263302632789,0.1338502206504888,-0.3844521607477773
2023-11-20 16:00:00,5,0.7644707058378533,0.05055466656910976,-0.008182322652594833,0.07661298846599074,0.09225661851468203
2023-11-20 20:00:00,5,-0.46175630143861923,-0.37884034737890643,-0.12961429297658045,-0.39767479698242525,0.7644707058378533
2023-11-21 00:00:00,5,0.3951908531529895,-0.10444638819544032,0.09189722302126883,-0.11119505099118321,-0.46175630143861923
2023-11-21 04:00:00,5,-0.25651526739981456,-0.17589601969978008,-0.06290581280913655,-0.3563767082346416,0.3951908531529895
2023-11-21 08:00:00,5,-0.1844751418293118,-0.009490991405149848,0.0548215002349321,-0.19723122734217924,-0.25651526739981456
2023-11-21 12:00:00,5,0.49551347548237246,0.027280894291985866,0.04180782712782888,-0.08278039774156731,-0.1844751418293118
2023-11-21 16:00:00,5,0.25005709933366305,-0.15485581273409416,-0.08102857150649972,-0.3902035431305162,0.49551347548237246
2023-11-21 20:00:00,5,-1.518867475616915,-0.5061924282313124,-0.03668815682846937,-0.5453422907279588,0.25005709933366305
2023-11-22 00:00:00,5,-1.235757955652291,0.2596999150588112,0.2828588454459698,0.3969832763589345,-1.518867475616915
2023-11-22 04:00:00,5,0.9933414167859684,0.8581755252286574,0.2317165866401761,1.1636639348339006,-1.235757955652291
2023-11-22 08:00:00,5,1.5634736602892918,0.5241088060824165,-0.17095859370457117,0.5473817187020806,0.9933414167859684
2023-11-22 12:00:00,5,-0.5384557943658699,-0.2741754306863898,-0.273950011140545,-0.4226181181560502,1.5634736602892918
2023-11-22 16:00:00,5,1.5339924292823461,-0.11435482261706441,0.10575258655001468,-0.08855298744347628,-0.5384557943658699
2023-11-22 20:00:00,5,-2.0989958533613553,-1.198201635497995,-0.2686243804579067,-1.040262276789715,1.5339924292823461
2023-11-23 00:00:00,5,-1.0217701783567819,-0.03992816231937034,0.3876560124183087,0.2619826455517842,-2.0989958533613553
2023-11-23 04:00:00,5,0.9859710268778787,0.6131862603230228,0.19306081028517763,0.8959024431703728,-1.0217701783567819
2023-11-23 08:00:00,5,0.3847901551321691,0.28485372889536004,-0.1696271711927947,0.28419291488741827,0.9859710268778787
2023-11-23 12:00:00,5,-1.2940721745936568,0.09448110794060781,-0.06102698093513894,0.04546398891769243,0.3847901551321691
2023-11-23 16:00:00,5,0.9079491351840652,0.7355253333223457,0.24225074627398036,0.8483235637993278,-1.2940721745936568
2023-11-23 20:00:00,5,-0.9651537726994341,0.3219928073646016,-0.15553292322112203,0.28501985400669483,0.9079491351840652
2023-11-24 04:00:00,5,0.6802338959704439,0.7430439108741622,0.18283335176967563,0.8838140811433615,-0.9651537726994341
2023-11-24 08:00:00,5,-0.5788508562978816,0.4929091103279429,-0.11439735243797969,0.4617879320142393,0.6802338959704439
2023-11-24 12:00:00,5,1.3756986340698614,0.6773889968916017,0.1130497438906126,0.8209146959855893,-0.5788508562978816
2023-11-24 16:00:00,5,0.21561416099071096,0.05226657217915502,-0.240029431608713,-0.03258701914199946,1.3756986340698614
2023-11-24 20:00:00,5,0.1022500072632937,-0.12472330238664751,-0.03046621958316812,-0.16635691005694753,0.21561416099071096
2023-11-25 00:00:00,5,1.7907797796887444,-0.16281341161341234,-0.009987576230052303,-0.22979417342970265,0.1022500072632937
2023-11-27 04:00:00,5,-1.5778545639653636,-1.1485158202227335,-0.31501167656218126,-1.3408177475815757,1.7907797796887444
2023-11-27 08:00:00,5,-1.0038359213012935,-0.36998406426241764,0.29351455543019617,-0.36189580696566104,-1.5778545639653636
2023-11-27 12:00:00,5,0.42283168714509856,0.1372187033419845,0.18982108024736039,0.2608973392357381,-1.0038359213012935
2023-11-27 16:00:00,5,0.3372487599682028,-0.038308450473577324,-0.06789898536585263,-0.0014330587533812889,0.42283168714509856
2023-11-27 20:00:00,5,-1.6056024797716457,-0.14102411608687138,-0.05243887575320127,-0.2106666713549732,0.3372487599682028
2023-11-28 00:00:00,5,1.15042839345376,0.6211080607062494,0.2985270717583775,0.7854704449871921,-1.6056024797716457
2023-11-28 04:00:00,5,-0.13170196226653808,0.16570808558486122,-0.19933553707534774,0.07172938090004344,1.15042839345376
2023-11-28 08:00:00,5,-0.48081535025803035,0.3054127277708653,0.0322746273698651,0.15343902856292857,-0.13170196226653808
2023-11-28 12:00:00,5,1.4178290354615388,0.4175182810822084,0.09534014082719912,0.4517432617297832,-0.48081535025803035
2023-11-28 16:00:00,5,0.6893755844795102,-0.1969454155551148,-0.2476400689756033,-0.4278967143194077,1.4178290354615388
2023-11-28 20:00:00,5,-1.7568208586979797,-0.7398225576590625,-0.11604875080745534,-0.8555944884893751,0.6893755844795102
2023-11-29 00:00:00,5,0.31256386940759207,0.1157341946896993,0.3258438835427693,0.2343605197777201,-1.7568208586979797
2023-11-29 04:00:00,5,0.2800477211975281,0.1108408908167317,-0.04797967896673786,0.04044174133343681,0.31256386940759207
2023-11-29 08:00:00,5,-0.21020009250834626,-0.05102034690474168,-0.04210580631372912,-0.133303586633156,0.2800477211975281
2023-11-29 12:00:00,5,-0.24897084523243684,-0.09755705598362578,0.04645490535238966,-0.00289265575573161,-0.21020009250834626
2023-11-29 16:00:00,5,0.41661326682026,0.10085038572824344,0.05345863970282279,0.15157216536137597,-0.24897084523243684
2023-11-29 20:00:00,5,-0.5910546909827286,-0.22767570723402847,-0.06677566015356079,-0.10690024201759663,0.41661326682026
2023-11-30 00:00:00,5,-0.6533630945670215,0.08618816851989203,0.11525430300241342,0.25979794317690086,-0.5910546909827286
2023-11-30 04:00:00,5,0.7965701680904385,0.5166901763269203,0.12650999126850185,0.6651530900118452,-0.6533630945670215
2023-11-30 08:00:00,5,0.6593677502697943,0.1836576824883729,-0.13541289348373983,0.17095037159136872,0.7965701680904385
2023-11-30 12:00:00,5,-0.004350864652357345,-0.27485137508810376,-0.11062799200165326,-0.23813014344133698,0.6593677502697943
2023-11-30 16:00:00,5,0.7630393019486661,-0.29507329175640074,0.009269315523763406,-0.2354308091895536,-0.004350864652357345
2023-11-30 20:00:00,5,-1.5835641588967135,-0.8159232154991509,-0.12935571732654375,-0.7088305326422653,0.7630393019486661
2023-12-01 00:00:00,5,-0.4853738812709185,-0.08057755512983374,0.2945459639878873,0.2736337165475664,-1.5835641588967135
2023-12-01 04:00:00,5,0.32877506683385604,0.3783801588249838,0.0961636156890282,0.5747661229360901,-0.4853738812709185
2023-12-01 08:00:00,5,0.8385326130622452,0.25163416584943143,-0.05090814726561176,0.3707897021674462,0.32877506683385604
2023-12-01 12:00:00,5,0.1263249643050237,-0.1511868661658171,-0.14299319039901198,-0.14944707477966368,0.8385326130622452
2023-12-01 16:00:00,5,0.5768616119390106,-0.2947247755743374,-0.014336591706184553,-0.2278207614488128,0.1263249643050237
2023-12-01 20:00:00,5,-0.853191510460972,-0.6263118393556323,-0.09572368825338365,-0.5857133717835623,0.5768616119390106
2023-12-02 00:00:00,5,4.997306728803268,-0.15598162691044115,0.16260795280535584,-0.056382020078695305,-0.853191510460972
2023-12-04 04:00:00,5,-4.412081865836891,-4.240265952965685,-0.8942540528689136,-3.156777527075783,4.997306728803268
2023-12-04 08:00:00,5,1.1964761492874079,-1.2971081893312324,0.8055029414260898,-0.419463302495485,-4.412081865836891
2023-12-04 12:00:00,5,-0.19862974713248605,-1.8608140843878955,-0.20765382409926939,-1.1617730062602973,1.1964761492874079
2023-12-04 16:00:00,5,1.3941938513601642,-1.976973305961114,0.04436478278159585,-1.038540471419875,-0.19862974713248605
2023-12-04 20:00:00,5,-2.41388868193725,-3.557891267711507,-0.24337049618841433,-1.903516865149295,1.3941938513601642
2023-12-05 00:00:00,5,0.4344520756078154,-1.4893858354954859,0.4445397602242078,-0.40590824714445084,-2.41388868193725
2023-12-05 04:00:00,5,-0.7868145140247993,-1.2155530816202589,-0.06999814795939023,-0.6754480885667125,0.4344520756078154
2023-12-05 08:00:00,5,1.0446374215119132,-0.5160670085493544,0.150617294451959,-0.18729790757776854,-0.7868145140247993
2023-12-05 12:00:00,5,-0.1868302464417173,-1.0993948295094416,-0.18022494952943108,-0.8354048467474122,1.0446374215119132
2023-12-05 16:00:00,5,0.6663833408310484,-0.9625512181552403,0.04223326449785236,-0.7194928789467543,-0.1868302464417173
2023-12-05 20:00:00,5,-2.643334740137707,-1.508574645884796,-0.11189532186115064,-1.132925959598392,0.6663833408310484
2023-12-06 00:00:00,5,0.20299366051062506,-0.0085070036998013,0.48598799443379304,0.5070340421713713,-2.643334740137707
2023-12-06 04:00:00,5,0.2718054027485799,0.08946031840757142,-0.028186391967721464,0.38109407747627877,0.20299366051062506
2023-12-06 08:00:00,5,1.5318656000226518,0.08372719632394582,-0.04061687445679775,0.21246239341292394,0.2718054027485799
2023-12-06 12:00:00,5,-1.1134517160556214,-0.7353048670098358,-0.26824017984024956,-0.7379273827957871,1.5318656000226518
2023-12-06 16:00:00,5,1.2975600385212935,-0.14112960840664318,0.2096226020938497,-0.047127140773472576,-1.1134517160556214
2023-12-06 20:00:00,5,-1.8340735674487227,-0.9641447861999375,-0.22591410169410808,-0.8521506327882964,1.2975600385212935
2023-12-07 00:00:00,5,0.7448974113050539,0.01675998542952967,0.33979918262586895,0.2857329826490691,-1.8340735674487227
2023-12-07 04:00:00,5,-1.2622830593956689,-0.21855701217275247,-0.12607847936351815,-0.17641127074900353,0.7448974113050539
2023-12-07 08:00:00,5,1.2846684837437543,0.4676958692579531,0.2365082083442568,0.6067259145976482,-1.2622830593956689
2023-12-07 12:00:00,5,0.41500176071047257,-0.10686135995843678,-0.22358530953295305,-0.19029948550896592,1.2846684837437543
2023-12-07 16:00:00,5,0.9579301404757707,-0.36539270602532525,-0.06648454997632562,-0.4477720930810758,0.41500176071047257
2023-12-07 20:00:00,5,-2.1564017584229163,-1.1397060141595048,-0.16456173125386342,-1.0420846827866512,0.9579301404757707
2023-12-08 00:00:00,5,0.18308839230777885,0.05546880853553078,0.3980260898851704,0.2957756259593136,-2.1564017584229163
2023-12-08 04:00:00,5,-0.484982375095635,0.1418567980255373,-0.024590609041891552,0.18218515419127534,0.18308839230777885
2023-12-08 08:00:00,5,0.48938204217817116,0.4635120848633121,0.09609289213955902,0.48307466494567386,-0.484982375095635
2023-12-08 12:00:00,5,1.7203342399902866,0.21790575619056507,-0.079920960045984,0.17945554226324312,0.48938204217817116
2023-12-08 16:00:00,5,0.3368985860202063,-1.230405907778138,-0.3022860570795778,-0.8878626828632807,1.7203342399902866
2023-12-08 20:00:00,5,-2.703227726260499,-1.743392532157841,-0.052375618655108196,-1.096879042893848,0.3368985860202063
2023-12-09 00:00:00,5,0.5154523504926942,0.006861207050377224,0.4968073501281066,0.5802393634232015,-2.703227726260499
2023-12-11 04:00:00,5,0.6152480315953923,-0.49040895524637307,-0.08463042532689287,0.2604458749972185,0.5154523504926942
2023-12-11 08:00:00,5,0.8774408223297971,-0.37592663126252984,-0.10265799483883434,-0.12126218023435698,0.6152480315953923
2023-12-11 12:00:00,5,-0.6862639598253129,-0.7893159279001357,-0.15002175555739933,-0.6656381272874619,0.8774408223297971
2023-12-11 16:00:00,5,0.0625226214880481,-0.33348285982101383,0.13245336105057184,-0.23987084640535272,-0.6862639598253129
2023-12-11 20:00:00,5,-1.4528051511501374,-0.4952395655491259,-0.002811031106281491,-0.27866071168017115,0.0625226214880481
2023-12-12 00:00:00,5,0.037785000831309645,0.3448084525976629,0.27092503094331927,0.6226789113624935,-1.4528051511501374
2023-12-12 04:00:00,5,0.4029526236031291,0.4458011507747263,0.0016576910971419483,0.5992365946973859,0.037785000831309645
2023-12-12 08:00:00,5,0.3463520677703791,0.35130884245234156,-0.06430793617539356,0.34923943191546414,0.4029526236031291
2023-12-12 12:00:00,5,1.5020213107749356,0.14429102320252962,-0.054083340848072946,0.13435800617364357,0.3463520677703791
2023-12-12 16:00:00,5,-0.6214198640657038,-0.8201944966923563,-0.2628489645792001,-0.797515976365684,1.5020213107749356
2023-12-12 20:00:00,5,-1.3711704613635352,-0.6182262946553949,0.12073961321270338,-0.41197883424804793,-0.6214198640657038
2023-12-13 00:00:00,5,-0.02594346556966798,0.17361756172737602,0.25617814983130727,0.43871354235471394,-1.3711704613635352
2023-12-13 04:00:00,5,-0.13407314225671918,0.2553294022486942,0.013169906307645581,0.45480921317366274,-0.02594346556966798
2023-12-13 08:00:00,5,1.3825241497933014,0.43901198702146654,0.03270296867307565,0.5379899724146036,-0.13407314225671918
2023-12-13 12:00:00,5,-0.8080429786738357,-0.18971944326972018,-0.24126242543970394,-0.3197463833765095,1.3825241497933014
2023-12-13 16:00:00,5,0.26791452948536865,0.19078575458820768,0.15445210591738173,0.18157421919952021,-0.8080429786738357
2023-12-13 20:00:00,5,3.2429001447837376,-0.00035791589896157217,-0.03991400848665108,0.01535648461699779,0.26791452948536865
2023-12-14 00:00:00,5,-1.5814629548581696,-1.9539890928874994,-0.5773296499674258,-1.9965818622083633,3.2429001447837376
2023-12-14 04:00:00,5,-1.4638786172593967,-1.171954422816429,0.2941663924328353,-1.0154212279283072,-1.5814629548581696
2023-12-14 08:00:00,5,1.2022511155107214,-0.3105915689802295,0.2729253948650542,-0.107211479348992,-1.4638786172593967
2023-12-14 12:00:00,5,-0.7386734530242371,-0.9677950975006879,-0.20869704164004413,-0.8531040489060153,1.2022511155107214
2023-12-14 16:00:00,5,1.5976742977504745,-0.6525527251415555,0.14192086276296495,-0.39482122193957636,-0.7386734530242371
2023-12-14 20:00:00,5,-1.7117289931978004,-1.6709211621399827,-0.28012817799477685,-1.3860395887930599,1.5976742977504745
2023-12-15 00:00:00,5,-0.4246188486783016,-0.6927370646040412,0.3176982731241074,-0.3240601731372976,-1.7117289931978004
2023-12-15 04:00:00,5,-0.18141447023274182,-0.3329406107856763,0.08518853579417231,-0.06062099638223195,-0.4246188486783016
2023-12-15 08:00:00,5,0.5858630244951328,-0.11557580584394893,0.04125493276055051,0.0519309518846196,-0.18141447023274182
2023-12-15 12:00:00,5,1.6550838241304877,-0.3388172016202943,-0.09734974650328088,-0.3115462544255525,0.5858630244951328
2023-12-15 16:00:00,5,-1.6678346362895624,-2.022325650967331,-0.2904989096339374,-1.3383822543975947,1.6550838241304877
2023-12-15 20:00:00,5,1.3800671652685246,-0.9253448066442923,0.30976898638943495,-0.3036354811082571,-1.6678346362895624
2023-12-16 00:00:00,5,-1.2643749573595588,-1.6913042950708175,-0.24081858399465586,-1.1598474910477385,1.3800671652685246
2023-12-18 04:00:00,6,-1.393461401575335,-0.5313827103630913,0.3617459538289501,-0.27144625509225406,-1.2643749573595588
2023-12-18 08:00:00,6,0.5835237351489297,0.6270046112558,0.3979526298336379,0.6932360414557905,-1.393461401575335
2023-12-18 12:00:00,6,0.3978022577081646,0.364754004359599,-0.15655997407547725,0.28926717925596535,0.5835237351489297
2023-12-18 16:00:00,6,1.842700106306987,0.00440815192312491,-0.10446808013834533,0.013871825567610685,0.3978022577081646
2023-12-18 20:00:00,6,-1.4892620292152383,-1.1271583938489207,-0.5097387387416623,-1.261814869730813,1.842700106306987
2023-12-19 00:00:00,6,-1.601689840063111,-0.22687020196981303,0.42482316846436885,-0.23081055710257736,-1.4892620292152383
2023-12-19 04:00:00,6,0.1689641662853898,0.8053211930526201,0.4563573651495058,0.8780266389065563,-1.601689840063111
2023-12-19 08:00:00,6,0.04580997588759139,0.8310545399327097,-0.04028266792088708,0.7610540842435825,0.1689641662853898
2023-12-19 12:00:00,6,0.7910138403304661,0.9239229855906463,-0.005739893910478935,0.729340200605261,0.04580997588759139
2023-12-19 16:00:00,6,1.6278321788548773,0.47625310511292257,-0.21475761874782415,0.1817275812470136,0.7910138403304661
2023-12-19 20:00:00,6,-1.9821187331851107,-0.888033643552161,-0.4494717333227733,-0.9452077489438544,1.6278321788548773
2023-12-20 00:00:00,6,-0.5459401168324387,0.36593953491458103,0.5630615644925909,0.4269973579921764,-1.9821187331851107
2023-12-20 04:00:00,6,-0.6772717326182764,0.802296066341358,0.16023651060682512,0.8049473787736829,-0.5459401168324387
2023-12-20 08:00:00,6,1.5415749630308344,1.162456070961472,0.1970729212060786,1.273817237436898,-0.6772717326182764
2023-12-20 12:00:00,6,0.8529099180936104,0.41249876452256035,-0.4252779685523447,0.20659709487943445,1.5415749630308344
2023-12-20 16:00:00,6,0.2752278309880154,-0.1802634663667831,-0.23211847524322085,-0.3838656890950425,0.8529099180936104
2023-12-20 20:00:00,6,-0.6564665433406649,-0.49054670239043924,-0.07008792053538684,-0.5744037375629052,0.2752278309880154
2023-12-21 00:00:00,6,-0.7944857887010457,-1.108967143447646,0.19123739949838078,-0.1199371467259489,-0.6564665433406649
2023-12-21 04:00:00,6,-0.2686156430263935,-0.16574426327644062,0.2299495828692516,0.4300790750025101,-0.7944857887010457
2023-12-21 08:00:00,6,-0.29699993285985826,0.505976851192954,0.0824514462473031,0.6160395580919449,-0.2686156430263935
2023-12-21 12:00:00,6,2.27237113787686,0.8990748359570263,0.09041278403042109,0.8216502603201938,-0.29699993285985826
2023-12-21 16:00:00,6,-0.6298207834821543,-0.7265655281019836,-0.6302545676744502,-0.751494288512168,2.27237113787686
2023-12-21 20:00:00,6,-0.8503334261192474,-0.3338484604262103,0.18376369147305818,-0.31547434627596793,-0.6298207834821543
2023-12-22 00:00:00,6,1.2023197429378953,0.24654175971318945,0.24561394891413318,0.27320475270224165,-0.8503334261192474
2023-12-22 04:00:00,6,-1.5882884280441996,-0.5472326937860259,-0.3301223237328797,-0.5591516868023909,1.2023197429378953
2023-12-22 08:00:00,6,0.041662266062768794,0.5743533214851021,0.45259848414599024,0.5404078177624179,-1.5882884280441996
2023-12-22 12:00:00,6,1.8311135510061405,0.7133152715634904,-0.0045765278676604855,0.5115653607992119,0.041662266062768794
2023-12-22 16:00:00,6,0.040522386585298165,-0.5004270620814383,-0.5064888959224821,-0.7561000539929399,1.8311135510061405
2023-12-22 20:00:00,6,-1.4109812153645027,-0.5679636810977278,-0.004256809967179902,-0.784153381418097,0.040522386585298165
2023-12-23 00:00:00,6,2.2907333298143833,0.07307292484089564,0.4028666564410059,0.1926577435152339,-1.4109812153645027
2023-12-27 04:00:00,6,-3.3474706733806254,-1.5251627091613407,-0.6354048678338263,-1.3931988054255786,2.2907333298143833
2023-12-27 08:00:00,6,-0.23993652941308596,0.9206581669107545,0.946020872352968,0.9242286404823776,-3.3474706733806254
2023-12-27 12:00:00,6,1.7113358391286404,1.3709906501659055,0.07440741512531368,1.0903348002642783,-0.23993652941308596
2023-12-27 16:00:00,6,-0.0633546481106535,0.11729118010586329,-0.47289316995080427,-0.09440945285189883,1.7113358391286404
2023-12-27 20:00:00,6,0.4120845681359402,0.2633170684505754,0.02487903123142969,-0.05054953153130448,-0.0633546481106535
2023-12-28 00:00:00,6,-0.7696120868363199,-0.3514142530831902,-0.10847403900876285,-0.3358324156585386,0.4120845681359402
2023-12-28 04:00:00,6,-0.7214228063799215,0.3281543568994442,0.22297290867294384,0.19696393918922617,-0.7696120868363199
2023-12-28 08:00:00,6,1.7301042692605648,0.8830037795907033,0.2094565888534332,0.6963992366821738,-0.7214228063799215
2023-12-28 12:00:00,6,-0.320735479393635,-0.23448257595062888,-0.4781574134043408,-0.5013382520283276,1.7301042692605648
2023-12-28 16:00:00,6,-0.09023586578168974,0.20205538919284635,0.0970702239216782,-0.2792956188444471,-0.320735479393635
2023-12-28 20:00:00,6,-1.0632473143212273,0.2143583232996213,0.032418781394504895,-0.21682604334355915,-0.09023586578168974
2023-12-29 00:00:00,6,0.14731145096566856,0.7794893857262569,0.3053328776820639,0.5192516548390902,-1.0632473143212273
2023-12-29 04:00:00,6,-0.38647893328091776,0.426486379028284,-0.03420942875959742,0.4172691035716287,0.14731145096566856
2023-12-29 08:00:00,6,0.869660252625204,0.75722058232166,0.11551020767664993,0.6848254094035546,-0.38647893328091776
2023-12-29 12:00:00,6,1.0919721437759389,0.40359362569734264,-0.23681667526755326,0.08276650144199138,0.869660252625204
2023-12-29 16:00:00,6,-1.4185296815210844,-0.33663093454469856,-0.29917159304210567,-0.6731971687632736,1.0919721437759389
2023-12-29 20:00:00,6,0.4680836044545291,0.43936028809400257,0.40498388005905567,0.30883969953052137,-1.4185296815210844
2023-12-30 00:00:00,6,0.30110495675178583,0.056364695195934726,-0.1241808700155317,-0.015210874106603711,0.4680836044545291
2024-01-02 04:00:00,6,-1.07446274251539,-0.7655206261273392,-0.07734603903228544,-0.22366345187655945,0.30110495675178583
2024-01-02 08:00:00,6,1.039509669178008,0.600373052928814,0.30847862530372056,0.5201785984545495,-1.07446274251539
2024-01-02 12:00:00,6,0.8069210152493795,0.19708547240061958,-0.28445671084272983,-0.19946571592176454,1.039509669178008
2024-01-02 16:00:00,6,0.5486837803669307,-0.5843986717211351,-0.21921932603194658,-0.7580907465423685,0.8069210152493795
2024-01-02 20:00:00,6,-2.140486156400005,-1.042979857754518,-0.14678792587573572,-1.1379401838677534,0.5486837803669307
2024-01-03 00:00:00,6,-0.12079126544242058,0.2622670952022391,0.6074810852011657,0.3439014363958979,-2.140486156400005
2024-01-03 04:00:00,6,-0.4334157736068267,0.4334554183265891,0.040989080641888,0.4275242731807598,-0.12079126544242058
2024-01-03 08:00:00,6,1.491937894907709,1.0553568270192928,0.12867523813889775,0.7275745819804875,-0.4334157736068267
2024-01-03 12:00:00,6,0.08304780110467114,-0.11873794135338148,-0.41135556752662195,-0.30528221128233746,1.491937894907709
2024-01-03 16:00:00,6,0.1551859685709207,-0.6322297447370308,-0.016184506285890715,-0.3627755465138325,0.08304780110467114
2024-01-03 20:00:00,6,0.6568219744852257,-0.7514212781263556,-0.03641810457647866,-0.4702095639783881,0.1551859685709207
2024-01-04 00:00:00,6,-2.1946347923315788,-0.938411765124164,-0.17711895390861288,-0.9249222169828446,0.6568219744852257
2024-01-04 04:00:00,6,0.24900469374628642,0.4109331962825443,0.6226689085948686,0.5944060752520297,-2.1946347923315788
2024-01-04 08:00:00,6,0.7322801727360986,0.34008003272596127,-0.06273275137176287,0.4220220970931461,0.24900469374628642
2024-01-04 12:00:00,6,0.24816665853581554,0.10802556389036344,-0.19828376755395571,-0.08492966917252787,0.7322801727360986
2024-01-04 16:00:00,6,0.3718074265348257,-0.30333028228369446,-0.06249769594413547,-0.2567334821897642,0.24816665853581554
2024-01-04 20:00:00,6,-2.4411022513688074,-0.5862053904795095,-0.09717694716301613,-0.5141328200528328,0.3718074265348257
2024-01-05 00:00:00,6,1.1350763018113916,0.8697806400643376,0.691799075509552,1.1758229428386375,-2.4411022513688074
2024-01-05 04:00:00,6,-0.7525752522531519,0.1571647146924878,-0.3112616176293176,0.39001860527265286,1.1350763018113916
2024-01-05 08:00:00,6,1.1212240613487339,0.7847395411686507,0.2181943499819389,0.9110204944157907,-0.7525752522531519
2024-01-05 12:00:00,6,1.3521702343758673,0.21997756404330782,-0.30737628648229093,0.13480595325661504,1.1212240613487339
2024-01-05 16:00:00,6,1.4540585965790243,-0.90601347033503,-0.37215298175897477,-0.8012907951333688,1.3521702343758673
2024-01-05 20:00:00,6,-2.695428102212425,-1.8756688483119714,-0.40073103223785783,-1.8079240500462745,1.4540585965790243
2024-01-06 00:00:00,6,-0.9774473392324907,-0.17976040765143042,0.7631333952133248,0.058099485935997564,-2.695428102212425
2024-01-08 04:00:00,6,1.6083824441009575,0.4908807999367049,0.2812673616000235,0.7347785406264098,-0.9774473392324907
2024-01-08 08:00:00,6,-0.9265950313998736,-0.6413117422942016,-0.44401639485644173,-0.37869189217408206,1.6083824441009575
2024-01-08 12:00:00,6,1.403826941223219,0.1967914329702404,0.26700410533813024,0.2627825123916274,-0.9265950313998736
2024-01-08 16:00:00,6,-0.2518396849822704,-1.0078681166788037,-0.38664185903538995,-0.7090757651926882,1.403826941223219
2024-01-08 20:00:00,6,-1.2112679846053336,-0.8058058880651239,0.07774605923891599,-0.5347291450452065,-0.2518396849822704
2024-01-09 00:00:00,6,0.036837174965764774,0.007363021805397934,0.3468503002397329,0.3038220913243084,-1.2112679846053336
2024-01-09 04:00:00,6,-1.0130678308623882,0.1043199116848968,-0.0032231672487073055,0.27832000672825075,0.036837174965764774
2024-01-09 08:00:00,6,1.8021116814269345,0.8693734708764697,0.2912583378594329,0.9796588457735442,-1.0130678308623882
2024-01-09 12:00:00,6,0.05650153926891299,-0.14109385025048043,-0.49835433693169234,-0.26792880431107413,1.8021116814269345
2024-01-09 16:00:00,6,-0.00509912307999727,-0.24452621820574555,-0.00873870585919156,-0.30704437263525897,0.05650153926891299
2024-01-09 20:00:00,6,-1.3712556835458454,-0.289787390580695,0.008539291353381603,-0.3035142900957428,-0.00509912307999727
2024-01-10 00:00:00,6,0.34078645822943976,0.2678285035805532,0.39172428228692524,0.6457951636588319,-1.3712556835458454
2024-01-10 04:00:00,6,0.06582663624458718,-0.009605107354949328,-0.0884760633823199,0.40987139656661675,0.34078645822943976
2024-01-10 08:00:00,6,0.49829196806913956,0.0880980148233854,-0.011354245910369648,0.3643001374311492,0.06582663624458718
2024-01-10 12:00:00,6,-0.23918320927223924,0.14444463802516108,-0.13265383122126245,0.019336552817360797,0.49829196806913956
2024-01-10 16:00:00,6,0.4955400378321251,0.08366338067133197,0.07419612091519623,0.18492119502964144,-0.23918320927223924
2024-01-10 20:00:00,6,-0.5670083102699532,-0.37724666357912623,-0.13188195895315244,-0.15813725006755774,0.4955400378321251
2024-01-11 00:00:00,6,-0.8055023863061486,-0.30157437909174634,0.1661458007606471,0.23439811423795476,-0.5670083102699532
2024-01-11 04:00:00,6,0.10925079170607788,0.05623074082676007,0.23303956170153886,0.7920410392721688,-0.8055023863061486
2024-01-11 08:00:00,6,0.010566318412426057,0.3244682395757969,-0.023534024640220474,0.7164075810912944,0.10925079170607788
2024-01-11 12:00:00,6,2.022207919214999,0.7023587366755983,0.004145386416016812,0.7090926025058568,0.010566318412426057
2024-01-11 16:00:00,6,0.6230981072195654,-0.8603733726540429,-0.5600877994951399,-0.6908659305403866,2.022207919214999
2024-01-11 20:00:00,6,-1.205106057938309,-2.2115865190208295,-0.16765995034607123,-1.122231817222115,0.6230981072195654
2024-01-12 00:00:00,6,0.22867333934169132,-0.8460630337983904,0.34512197869711864,-0.28794643390140884,-1.205106057938309
2024-01-12 04:00:00,6,-1.6570348678662725,-1.0016361627850943,-0.05703013274177593,-0.44625517636536394,0.22867333934169132
2024-01-12 08:00:00,6,0.722233284648544,0.3896677081537511,0.47188075726332007,0.7008969442360904,-1.6570348678662725
2024-01-12 12:00:00,6,1.6164535421040398,0.13765570402467156,-0.19546577667930284,0.20090055905417437,0.722233284648544
2024-01-12 16:00:00,6,0.39469907378459546,-0.8826853919309142,-0.4462802083201638,-0.9181574309965406,1.6164535421040398
2024-01-12 20:00:00,6,-2.2131105795015404,-1.3706298229933014,-0.10359768684812647,-1.1914044750219102,0.39469907378459546
2024-01-13 00:00:00,6,-0.2731064813931159,0.12311841579841512,0.6278510703939508,0.3407144584015178,-2.2131105795015404
2024-01-15 04:00:00,7,0.9204411243547952,0.20193931926471287,0.08224605298840601,0.5301035711843021,-0.2731064813931159
2024-01-15 08:00:00,7,-0.34055932917025444,-0.28363318564008394,-0.2695435270965029,-0.14878965385645593,0.9204411243547952
2024-01-15 12:00:00,7,-0.8875493740573148,0.20447290061096535,0.10212729516155038,0.10239797257666261,-0.34055932917025444
2024-01-15 16:00:00,7,0.34764051654483374,0.8506056637712044,0.26334868027828834,0.7570311055313059,-0.8875493740573148
2024-01-15 20:00:00,7,0.032663051365769746,0.5493958140086145,-0.10071466403026774,0.5006205810695779,0.34764051654483374
2024-01-16 04:00:00,7,-0.24537973397054635,0.6251286513129987,-0.007877319564130694,0.4765291713154518,0.032663051365769746
2024-01-16 08:00:00,7,1.2306982455853195,0.5820199201298943,0.07407379342713451,0.657514825418728,-0.24537973397054635
2024-01-16 12:00:00,7,1.9479407363031491,-0.13035396523566167,-0.36098958410370985,-0.2502159124740313,1.2306982455853195
2024-01-16 16:00:00,7,-0.971532994683658,-1.4320731892165643,-0.5723916542126517,-1.6869658942657608,1.9479407363031491
2024-01-16 20:00:00,7,-1.8277245873269283,-1.1030482050438626,0.28810224896031683,-0.970388646093987,-0.971532994683658
2024-01-17 00:00:00,7,0.1877767706191662,0.19334063299401025,0.540458568387949,0.3776930581502178,-1.8277245873269283
2024-01-17 04:00:00,7,0.41926947917261614,0.07859811044517037,-0.053595973682972746,0.23919383856923204,0.1877767706191662
2024-01-17 08:00:00,7,0.434891362471312,-0.03449324459153138,-0.12182678604651126,-0.07004832950119066,0.41926947917261614
2024-01-17 12:00:00,7,-0.015638108388548844,-0.23410748972711923,-0.12643122389156894,-0.3908127888439612,0.434891362471312
2024-01-17 16:00:00,7,0.8667870381996288,-0.2471360803261958,0.006359100186331009,-0.379278530371014,-0.015638108388548844
2024-01-17 20:00:00,7,-1.578457206765318,-0.9049943687017233,-0.25372937075496516,-1.0185979091084256,0.8667870381996288
2024-01-18 00:00:00,7,-0.2855130733198976,0.07622066766388662,0.4669887991769545,0.14563071490150037,-1.578457206765318
2024-01-18 04:00:00,7,0.33632726962155246,0.35359407320546754,0.08590280680634228,0.3562176671884423,-0.2855130733198976
2024-01-18 08:00:00,7,0.27214627374358535,0.20893727792890993,-0.09738016579544945,0.10815149684801817,0.33632726962155246
2024-01-18 12:00:00,7,0.2618183817999373,0.15726118699013245,-0.07846327845839751,-0.09257645475683596,0.27214627374358535
2024-01-18 16:00:00,7,-0.5260704307300106,-0.1420322837530346,-0.07541920652316744,-0.2856868242220276,0.2618183817999373
2024-01-18 20:00:00,7,-0.6215166503617251,0.06322768462711072,0.15680535928275582,0.1023289237349374,-0.5260704307300106
2024-01-19 00:00:00,7,0.2345154756108485,0.25972512105979356,0.18493744665257006,0.5607432992077541,-0.6215166503617251
2024-01-19 04:00:00,7,-0.613359337919757,0.21503988986795944,-0.06737187111978525,0.3877708370407493,0.2345154756108485
2024-01-19 08:00:00,7,0.9818404122818851,0.6821374031704848,0.18253313742790103,0.8401685928679843,-0.613359337919757
2024-01-19 12:00:00,7,0.3132243670355468,0.22225330161425888,-0.2876405260040986,0.11598886389657537,0.9818404122818851
2024-01-19 16:00:00,7,0.8788163786842276,-0.1385344592915162,-0.09057075127328579,-0.11503721161387226,0.3132243670355468
2024-01-19 20:00:00,7,-2.258298414871886,-0.865465692644473,-0.25727493242120775,-0.763229116296305,0.8788163786842276
2024-01-20 00:00:00,7,0.9069515214577457,0.5233370136159603,0.6673671099979642,0.902432546801915,-2.258298414871886
2024-01-22 04:00:00,7,-0.4171782824542891,0.14337436569927892,-0.26556756357748473,0.23348889895080838,0.9069515214577457
2024-01-22 08:00:00,7,1.157715154425155,0.3686411525740866,0.124710181066169,0.5411886551855005,-0.4171782824542891
2024-01-22 12:00:00,7,-0.11449092059128141,-0.2556553315146078,-0.3394783424331739,-0.3127116694193912,1.157715154425155
2024-01-22 16:00:00,7,0.4548599362009256,-0.24540695997751535,0.03549525623703197,-0.2282661701240567,-0.11449092059128141
2024-01-22 20:00:00,7,-2.069487295081828,-0.6299325186475929,-0.13231681750627308,-0.5637589255631834,0.4548599362009256
2024-01-23 00:00:00,7,0.13924914176864078,0.7528070531636595,0.6117163892169659,0.9626406091423245,-2.069487295081828
2024-01-23 04:00:00,7,0.9104535106158504,0.762981246399721,-0.03929280379378751,0.8599340954522319,0.13924914176864078
2024-01-23 08:00:00,7,0.9740837050134719,0.23004506211653003,-0.26659974971690525,0.18840747227473642,0.9104535106158504
2024-01-23 12:00:00,7,-0.6671763570798408,-0.4925653870141084,-0.28535429227562764,-0.5300511129170093,0.9740837050134719
2024-01-23 16:00:00,7,-0.3800316665904333,0.025193598411047746,0.19839531710181849,-0.03795933567663745,-0.6671763570798408
2024-01-23 20:00:00,7,-0.4007666573493083,0.32656902061558696,0.11376148297202587,0.24234205125894093,-0.3800316665904333
2024-01-24 00:00:00,7,-0.07156899306791509,0.4265368088829154,0.11987297249871152,0.5379370233842842,-0.4007666573493083
2024-01-24 04:00:00,7,-0.23243446209596996,0.40237327593303973,0.022844326532038634,0.5907244350189558,-0.07156899306791509
2024-01-24 08:00:00,7,1.302391804864996,0.7334706480070261,0.07025826756548399,0.7621619962139317,-0.23243446209596996
2024-01-24 12:00:00,7,0.09347715550469893,0.025587493078872602,-0.38212074551891434,-0.19844803008323098,1.302391804864996
2024-01-24 16:00:00,7,0.8412682935688931,-0.07489235511285004,-0.025801839755235995,-0.2673943275584829,0.09347715550469893
2024-01-24 20:00:00,7,-1.2554336085313036,-0.7947176644500782,-0.2462079041501077,-0.8878917497546812,0.8412682935688931
2024-01-25 00:00:00,7,-0.4067857207950283,-0.22231133474164969,0.3717799148115484,0.03808314290107262,-1.2554336085313036
2024-01-25 04:00:00,7,-0.8793375623882174,0.11293083872080076,0.12164704819697193,0.3381176183105108,-0.4067857207950283
2024-01-25 08:00:00,7,1.0067189848428786,0.8380190877046262,0.2609283077980487,0.9866939344194634,-0.8793375623882174
2024-01-25 12:00:00,7,0.7570122956985816,0.2772613847198483,-0.2949733064916097,0.24416442303021313,1.0067189848428786
2024-01-25 16:00:00,7,-0.1751478712859118,-0.18057014502208124,-0.2213740542326942,-0.31418798563967343,0.7570122956985816
2024-01-25 20:00:00,7,-0.11044252801914567,-0.09729744278367668,0.05337345657971856,-0.18500351088071731,-0.1751478712859118
2024-01-26 00:00:00,7,-1.0867860713997182,-0.21719972459881048,0.03430202161772405,-0.10354399973476625,-0.11044252801914567
2024-01-26 04:00:00,7,-0.3845821173498081,0.5912227854318738,0.3220722651257215,0.6980408940943921,-1.0867860713997182
2024-01-26 08:00:00,7,0.9536307559419921,0.9374604842101947,0.11510269563428445,0.9816985741264865,-0.3845821173498081
2024-01-26 12:00:00,7,0.05222443463217985,0.4070441758009233,-0.2793259325095794,0.2783255475754025,0.9536307559419921
2024-01-26 16:00:00,7,-0.42409608986122116,0.09296207219889573,-0.013642896715834029,0.23980617472771115,0.05222443463217985
2024-01-26 20:00:00,7,-0.5316180052961208,0.43963996497508767,0.1267491550887158,0.5526083242132422,-0.42409608986122116
2024-01-27 00:00:00,7,2.5401132566801827,0.7847205632467101,0.15844046702182144,0.9447158176264772,-0.5316180052961208
2024-01-29 04:00:00,7,-2.2442214400240452,-0.9243766014591067,-0.7469302493034772,-0.9288050792208846,2.5401132566801827
2024-01-29 08:00:00,7,0.5962885762894192,0.6659842900822794,0.6632180228172442,0.7264737765468112,-2.2442214400240452
2024-01-29 12:00:00,7,0.76219256276873,0.38941601442352963,-0.17400189288081933,0.28666696663721325,0.5962885762894192
2024-01-29 16:00:00,7,1.1188745372993676,-0.06709903263012744,-0.22290090072675864,-0.2755062711164342,0.76219256276873
2024-01-29 20:00:00,7,-1.1745749596730377,-1.079308188250867,-0.3280303496399938,-1.1007587755344748,1.1188745372993676
2024-01-30 00:00:00,7,-0.9456832476264889,-0.17519321211534034,0.3479474091024377,-0.23442310090508478,-1.1745749596730377
2024-01-30 04:00:00,7,0.017527280482491747,0.36634532283865684,0.2804832217688172,0.46308805201977066,-0.9456832476264889
2024-01-30 08:00:00,7,-0.05656165243215305,0.4229418359248357,-0.0034161598603640337,0.45016038977380823,0.017527280482491747
2024-01-30 12:00:00,7,1.3725683379162064,0.6821297297350649,0.018421020720840866,0.4918787806814464,-0.05656165243215305
2024-01-30 16:00:00,7,1.19051244075251,-0.3376799540553725,-0.40280477435447154,-0.5204916152740271,1.3725683379162064
2024-01-30 20:00:00,7,-2.7225301224841427,-1.1900769214257019,-0.34914510690026435,-1.3985823578189809,1.19051244075251
2024-01-31 00:00:00,7,-0.5172346773563934,0.4794321317703743,0.8041960698957809,0.6094844334377445,-2.7225301224841427
2024-01-31 04:00:00,7,-0.4101637220868106,0.9158724548202285,0.15420108446868935,0.9909831615172209,-0.5172346773563934
2024-01-31 08:00:00,7,1.3372544795901309,1.2031501428956648,0.12264268980375789,1.2935091620557415,-0.4101637220868106
2024-01-31 12:00:00,7,0.28011952701550946,0.49159571370342847,-0.3923962683745836,0.307185341522926,1.3372544795901309
2024-01-31 16:00:00,7,1.0597040349284566,0.20688913917356377,-0.0808133375653262,0.10057652748742107,0.28011952701550946
2024-01-31 20:00:00,7,0.9649319728145667,-0.5575425628977143,-0.31059026925926003,-0.6810333667527804,1.0597040349284566
2024-02-01 00:00:00,7,-1.6109426166180736,-1.7789846736051989,-0.2826568849733986,-1.3927418743753819,0.9649319728145667
2024-02-01 04:00:00,7,-2.241941989405886,-0.5361189100081828,0.4765636402942688,-0.20455286433080744,-1.6109426166180736
2024-02-01 08:00:00,7,1.8249641526032452,1.2167531462043,0.6625461711274373,1.4490447284635835,-2.241941989405886
2024-02-01 12:00:00,7,1.9796568630009705,0.24274196639096876,-0.536145189864079,0.10299904845003205,1.8249641526032452
2024-02-01 16:00:00,7,0.20515163269715586,-1.204001230522713,-0.581739754648038,-1.3571439163038388,1.9796568630009705
2024-02-01 20:00:00,7,-1.8525954481414981,-1.6328558921107195,-0.0587170894265036,-1.5084583783144083,0.20515163269715586
2024-02-02 00:00:00,7,-1.2513722292998732,-0.4008870008845354,0.5477890758936176,-0.14203257963420235,-1.8525954481414981
2024-02-02 04:00:00,7,-0.4329992828848148,0.5597168986770121,0.37058285246773415,0.7809467462529849,-1.2513722292998732
2024-02-02 08:00:00,7,1.0709279695080198,1.05043649642944,0.1293733072549985,1.1003156573325121,-0.4329992828848148
2024-02-02 12:00:00,7,2.6842251602078715,0.5042516699465935,-0.3138984433225567,0.3104272834125741,1.0709279695080198
2024-02-02 16:00:00,7,-1.443584904591324,-1.5050353378989423,-0.7894061972950734,-1.6693867726211025,2.6842251602078715
2024-02-02 20:00:00,7,-1.146143885212453,-0.9062230783909644,0.4272361572895429,-0.6046364202450718,-1.443584904591324
2024-02-03 00:00:00,7,0.38974226993483896,-0.010504575499222863,0.3395675542079323,0.24072923976719451,-1.146143885212453
2024-02-05 04:00:00,7,-0.902768056279168,-0.18920130689854994,-0.11312385330313915,-0.04673443343215311,0.38974226993483896
2024-02-05 08:00:00,7,0.6859774540010939,0.4753053683010276,0.2678342775033078,0.6191236002587619,-0.902768056279168
2024-02-05 12:00:00,7,0.4802384206390755,0.1937163569252889,-0.20043704509136367,0.1131646271864799,0.6859774540010939
2024-02-05 16:00:00,7,0.711854120370564,-0.12577816319014395,-0.13979694342726112,-0.24104663255561576,0.4802384206390755
2024-02-05 20:00:00,7,-2.1700895662687945,-0.853508367522593,-0.20806400655672463,-0.7660915558533272,0.711854120370564
2024-02-06 00:00:00,7,0.19483187630261867,0.48400587603251,0.6413681857318391,0.8345095747233131,-2.1700895662687945
2024-02-06 04:00:00,7,0.3938529935168553,0.34579510154413456,-0.055675415385912745,0.6908066942848237,0.19483187630261867
2024-02-06 08:00:00,7,0.0802009392003864,0.31913410918613977,-0.11433545953970523,0.40031105921849175,0.3938529935168553
2024-02-06 12:00:00,7,0.20002371064549962,0.4867018408318233,-0.021888770401053095,0.3411569505804035,0.0802009392003864
2024-02-06 16:00:00,7,0.5175950279801516,0.35632682305941943,-0.05720567125049387,0.19362470934125753,0.20002371064549962
2024-02-06 20:00:00,7,-1.4682280283572755,-0.26008589400805104,-0.15080753500033794,-0.18813980390430451,0.5175950279801516
2024-02-07 00:00:00,7,-1.4390087610679245,0.7121730815843043,0.43449954093662596,0.8947866700354723,-1.4682280283572755
2024-02-07 04:00:00,7,0.6731290522668125,1.5425539221299491,0.42588737186971354,1.9561617790063064,-1.4390087610679245
2024-02-07 08:00:00,7,1.052825657068638,1.3104228184763058,-0.19665007100746631,1.4596794499682844,0.6731290522668125
2024-02-07 12:00:00,7,0.49077161011119586,0.7504424654328601,-0.30856291681238834,0.6831428667794288,1.052825657068638
2024-02-07 16:00:00,7,1.62858396759043,0.4079219804882862,-0.14290152533376166,0.32116260282676556,0.49077161011119586
2024-02-07 20:00:00,7,-2.4360810222806926,-0.7877998939806211,-0.47826354149919065,-0.8800382048643929,1.62858396759043
2024-02-08 00:00:00,7,-0.6267833627657282,0.8367961624548093,0.7197672560043344,0.9167512452332645,-2.4360810222806926
2024-02-08 04:00:00,7,0.6595657884945574,1.206842840701398,0.18648977228760097,1.3790502096001536,-0.6267833627657282
2024-02-08 08:00:00,7,1.1818573224291402,0.8597266353199501,-0.19265239647480067,0.8925717880807991,0.6595657884945574
2024-02-08 12:00:00,7,0.6026777066874303,0.1624592155866221,-0.34659407296923356,0.020864833739334898,1.1818573224291402
2024-02-08 16:00:00,7,0.04130910560799528,-0.2659318960651529,-0.1758850431540048,-0.42365443112945655,0.6026777066874303
2024-02-08 20:00:00,7,-1.7703563241454425,-0.3667502570687577,-0.010425681922377743,-0.4541229436586196,0.04130910560799528
2024-02-09 00:00:00,7,-0.04594698218210169,0.7674155146711134,0.5235496850575945,0.85164543475112,-1.7703563241454425
2024-02-09 04:00:00,7,-0.7316908287906578,0.8583536340871886,0.01529242294055758,0.8855347233640813,-0.04594698218210169
2024-02-09 08:00:00,7,1.1922493047030542,1.1556724660168747,0.2174104940442802,1.4252106823654085,-0.7316908287906578
2024-02-09 12:00:00,7,1.0187432783980768,0.6704759311825444,-0.34965703506876306,0.5458388745381217,1.1922493047030542
2024-02-09 16:00:00,7,0.2827728778140983,-0.09417598966984471,-0.29851738061167815,-0.20555944031343465,1.0187432783980768
2024-02-09 20:00:00,7,-1.277367705583817,-0.35168998389516687,-0.08159539364650666,-0.4141252962858477,0.2827728778140983
2024-02-10 00:00:00,7,-0.941535806884298,0.3662731269034112,0.37824483230163053,0.5280276109026385,-1.277367705583817
2024-02-12 04:00:00,8,-0.30879199529052315,0.887244569427951,0.14207004628061543,1.1099803764927962,-0.941535806884298
2024-02-12 08:00:00,8,1.228117564509331,1.3286486067245187,0.04343363486875497,1.3247925917627992,-0.30879199529052315
2024-02-12 12:00:00,8,1.476146201895114,0.7805552967159083,-0.19615028656288558,0.4704483773149999,1.228117564509331
2024-02-12 16:00:00,8,-0.17309880116984644,-0.2915798110859547,-0.2348146784871383,-0.5564378131549201,1.476146201895114
2024-02-12 20:00:00,8,-1.3322220618982747,-0.6014402034457391,0.022280856325787093,-0.4360210358194436,-0.17309880116984644
2024-02-13 00:00:00,8,-1.0430733557509093,0.324749729826887,0.20297287847972018,0.49074383086271567,-1.3322220618982747
2024-02-13 04:00:00,8,0.3620422532591796,1.0808286032367689,0.15789841039931315,1.2163614040357515,-1.0430733557509093
2024-02-13 08:00:00,8,-0.275251000550476,0.9142853213692295,-0.061140573075605595,0.9645054633700045,0.3620422532591796
2024-02-13 12:00:00,8,4.407388964758859,1.4678587004497015,0.03820503634953891,1.1559847701049577,-0.275251000550476
2024-02-13 16:00:00,8,-1.6095370760697723,-2.6802959503154544,-0.6917567485764593,-1.9100305460811633,4.407388964758859
2024-02-13 20:00:00,8,-2.5108962346794232,-1.711578800178024,0.2462026301221855,-0.7903505344783408,-1.6095370760697723
2024-02-14 00:00:00,8,0.5096909968345287,-0.25662853703865274,0.3867126298557721,0.956363080870192,-2.5108962346794232
2024-02-14 04:00:00,8,-1.4137373334936498,0.0725625162867325,-0.08415706402959741,0.6017947831065431,0.5096909968345287
2024-02-14 08:00:00,8,1.9481224732957507,1.2931997748815416,0.21568003375821845,1.5852660292829768,-1.4137373334936498
2024-02-14 12:00:00,8,-0.13302303864876386,-0.06475959773009946,-0.3083895516498601,0.23004791971956173,1.9481224732957507
2024-02-14 16:00:00,8,1.2749933780313967,0.26726701542364856,0.016033573733300322,0.32258585480173174,-0.13302303864876386
2024-02-14 20:00:00,8,-1.3075947166716126,-0.7910565895209631,-0.203457607382321,-0.5643676808034535,1.2749933780313967
2024-02-15 00:00:00,8,-0.9833057582412206,-0.16155485070742864,0.19913380030740216,0.34526508833394587,-1.3075947166716126
2024-02-15 04:00:00,8,0.01041064133483971,0.6829149558138338,0.14858143055842785,1.0293051264081754,-0.9833057582412206
2024-02-15 08:00:00,8,0.3099255588690468,0.8924940049989162,-0.006325844422910441,1.022062927900361,0.01041064133483971
2024-02-15 12:00:00,8,1.3254581056430936,0.7925134037143119,-0.053016268080282106,0.8064621452219853,0.3099255588690468
2024-02-15 16:00:00,8,0.4998997172763513,0.31299454739768556,-0.21132439255396407,-0.11559735199035437,1.3254581056430936
2024-02-15 20:00:00,8,-1.3498053776482983,-0.578584131021784,-0.0826307327387132,-0.4633543123997388,0.4998997172763513
2024-02-16 00:00:00,8,-0.6713620951188819,0.07231116863895412,0.20571388539993868,0.47564244845604087,-1.3498053776482983
2024-02-16 04:00:00,8,-0.5056275451661776,0.7017649852527102,0.0999535294564702,0.9426778026760019,-0.6713620951188819
2024-02-16 08:00:00,8,0.8294712979012253,1.1531600423936406,0.07411769992363292,1.2944193462885263,-0.5056275451661776
2024-02-16 12:00:00,8,2.325563755574951,0.6958538340331433,-0.13400659358560263,0.7173947804884708,0.8294712979012253
2024-02-16 16:00:00,8,-0.12069163177068987,-0.814923272637049,-0.36722766736202583,-0.9003916573260184,2.325563755574951
2024-02-16 20:00:00,8,-1.5951375180262168,-0.8726704670060063,0.014111270109264818,-0.8164321079185886,-0.12069163177068987
2024-02-17 00:00:00,8,0.4569797868175005,0.1725653884496356,0.2439579290199249,0.29323080152672887,-1.5951375180262168
2024-02-19 04:00:00,8,-1.0519992574347334,-0.1892857267769378,-0.07594008189245008,-0.024668761405672868,0.4569797868175005
2024-02-19 08:00:00,8,-0.48272948540680183,0.5677830817065803,0.1592898406979199,0.7071581460222252,-1.0519992574347334
2024-02-19 12:00:00,8,0.8996690124117297,1.0451398340067648,0.07054819453839625,1.0429705754824603,-0.48272948540680183
2024-02-19 16:00:00,8,-0.863860037855753,0.5547608310824166,-0.1449494910454607,0.41711272776165487,0.8996690124117297
2024-02-19 20:00:00,8,1.0053531889122649,0.8460897832074165,0.12996141879149975,1.0180599389755791,-0.863860037855753
2024-02-20 04:00:00,8,-1.5973811450311342,0.30201744024676247,-0.1614242596991017,0.31868252980465783,1.0053531889122649
2024-02-20 08:00:00,8,1.253186008482995,1.3551394841494537,0.2443076808661806,1.429906226104933,-1.5973811450311342
2024-02-20 12:00:00,8,0.07397754526662759,0.7162796910861924,-0.20005812620972982,0.5581230622494964,1.253186008482995
2024-02-20 16:00:00,8,1.1202448756107675,0.4580539898108762,-0.016235086004587767,0.5066603280422513,0.07397754526662759
2024-02-20 20:00:00,8,-1.541608377243957,-0.2581508797040845,-0.17933435770298645,-0.27264187876661694,1.1202448756107675
2024-02-21 00:00:00,8,-0.0356925998171711,0.3745719021270339,0.2356134422687655,0.7997832994929581,-1.541608377243957
2024-02-21 04:00:00,8,0.3352087291723187,0.5437825520404777,0.0008610425578340613,0.8246129795118939,-0.0356925998171711
2024-02-21 08:00:00,8,0.005734261546955111,0.6498303800496386,-0.05695758072867939,0.5914238723149872,0.3352087291723187
2024-02-21 12:00:00,8,0.7849843237005096,0.6292479177041003,-0.005596858517044282,0.5874348135161025,0.005734261546955111
2024-02-21 16:00:00,8,0.26992349761868617,0.11227302730322174,-0.12707166129653308,0.04135776457031071,0.7849843237005096
2024-02-21 20:00:00,8,-0.4101730997371895,-0.32799819745898656,-0.04678047454344045,-0.14641544639762571,0.26992349761868617
2024-02-22 00:00:00,8,-1.4971638980773054,-1.0626352688900005,0.059237611366608336,0.13892288342472625,-0.4101730997371895
2024-02-22 04:00:00,8,0.5724479767295563,0.35098451676240455,0.2286851343948006,1.1804301066468739,-1.4971638980773054
2024-02-22 08:00:00,8,1.206394388846734,0.429147674697085,-0.09394004914058557,0.7822046996300465,0.5724479767295563
2024-02-22 12:00:00,8,-0.4862605084516112,0.14950438258435317,-0.19276393010618478,-0.057027712834701205,1.206394388846734
2024-02-22 16:00:00,8,1.0040645357401807,0.3074631087839419,0.0710986344405666,0.2812410849705458,-0.4862605084516112
2024-02-22 20:00:00,8,-1.1149205990200262,-0.6431225089253316,-0.16122337567286568,-0.41723986818198355,1.0040645357401807
2024-02-23 00:00:00,8,-0.23482259943106953,-0.02365653106694905,0.16909844762772996,0.3583584872751313,-1.1149205990200262
2024-02-23 04:00:00,8,0.019508936489240014,0.3178181493137189,0.03190278205250656,0.5217136375010636,-0.23482259943106953
2024-02-23 08:00:00,8,0.5154306041984533,0.30857608864734465,-0.007744148588913277,0.5081421786267093,0.019508936489240014
2024-02-23 12:00:00,8,0.19941142362364594,0.21009610563982276,-0.08505179308568192,0.14958110322818463,0.5154306041984533
2024-02-23 16:00:00,8,0.6932919701727744,0.1538242052792643,-0.0357885725877979,0.010859859439339203,0.19941142362364594
2024-02-23 20:00:00,8,-1.6682072602695666,-0.6881913983505872,-0.11277803322753212,-0.4714310879072787,0.6932919701727744
2024-02-24 00:00:00,8,0.8899764944246602,0.5289543267758424,0.25534853770801236,0.6890630394448838,-1.6682072602695666
2024-02-26 04:00:00,8,-1.5156663753344173,-0.2767750417520946,-0.14343855538039058,0.06994782525118204,0.8899764944246602
2024-02-26 08:00:00,8,1.490153865577211,0.9324820230464389,0.23156942646598522,1.1243263605157399,-1.5156663753344173
2024-02-26 12:00:00,8,0.4130163689056694,0.16175163765697304,-0.2369982884293456,0.08769569055088589,1.490153865577211
2024-02-26 16:00:00,8,-0.7232085678750302,-0.029303644675982326,-0.06908676512069013,-0.19962056926319427,0.4130163689056694
2024-02-26 20:00:00,8,-0.20234151320805438,0.16808904225346263,0.10803571046452791,0.3034819623335814,-0.7232085678750302
2024-02-27 00:00:00,8,-1.1813073000376466,0.2630743352747889,0.026839409286003226,0.44424153303557823,-0.20234151320805438
2024-02-27 04:00:00,8,0.5644790593090754,0.945963982701189,0.17944725836893108,1.266022025748697,-1.1813073000376466
2024-02-27 08:00:00,8,0.7488587083304807,0.6241135845235576,-0.09269780006158813,0.873340223587256,0.5644790593090754
2024-02-27 12:00:00,8,0.03259335217369497,0.49200881074187164,-0.12144015452419588,0.352394083421423,0.7488587083304807
2024-02-27 16:00:00,8,0.8024761304680794,0.23792663196577019,-0.009783836350196782,0.3297204057021563,0.03259335217369497
2024-02-27 20:00:00,8,-0.7817648626668969,-0.18207148828945607,-0.1297984031738135,-0.22852487887837647,0.8024761304680794
2024-02-28 00:00:00,8,-1.2380553723988292,0.2384512695783848,0.11716386419438665,0.31531254090878136,-0.7817648626668969
2024-02-28 04:00:00,8,0.2667280887221217,1.0663664768547214,0.1882935340806582,1.1765700256492977,-1.2380553723988292
2024-02-28 08:00:00,8,0.1429038296692724,1.1300810360774871,-0.04628235245867955,0.9910197118880024,0.2667280887221217
2024-02-28 12:00:00,8,0.8668129152905859,0.9720637025887835,-0.026979784286670593,0.8916081704944432,0.1429038296692724
2024-02-28 16:00:00,8,-0.0958903618700937,0.4757244795310653,-0.13982765902806626,0.2886067799207179,0.8668129152905859
2024-02-28 20:00:00,8,-0.6652602492561979,0.17254015020414915,0.010245079375150871,0.3553132404848185,-0.0958903618700937
2024-02-29 00:00:00,8,-0.3008487835960558,0.5062178548835509,0.09900233219802927,0.8181038246103789,-0.6652602492561979
2024-02-29 04:00:00,8,-0.42981137218652066,0.8276294377991767,0.0421953929732657,1.0273903173018493,-0.3008487835960558
2024-02-29 08:00:00,8,0.8943577612485267,1.1758236982514088,0.062298958921871386,1.3263900790047387,-0.42981137218652066
2024-02-29 12:00:00,8,2.9473102978508816,0.9053527814379853,-0.1441215370690704,0.7042270214521498,0.8943577612485267
2024-02-29 16:00:00,8,-1.988316771893956,-2.0203546802448895,-0.4641497495920494,-1.3460795403283115,2.9473102978508816
2024-02-29 20:00:00,8,-1.1189148665995177,-0.6170800520485793,0.30524938684615294,0.037099871518801564,-1.988316771893956
2024-03-01 00:00:00,8,-0.8589785306492175,0.2822477241773346,0.16972110124052062,0.8154768529772944,-1.1189148665995177
2024-03-01 04:00:00,8,0.5574785814346583,1.0249098521224613,0.12920045622764473,1.413028226886869,-0.8589785306492175
2024-03-01 08:00:00,8,2.1452171776748354,0.8560128905317279,-0.09160651792962801,1.0252163312744536,0.5574785814346583
2024-03-01 12:00:00,8,-0.4993704379019981,-0.16219733395098013,-0.339114015472377,-0.4671113883545477,2.1452171776748354
2024-03-01 16:00:00,8,2.044451435995679,0.1260036558172267,0.0731422994613144,-0.11972262296522729,-0.4993704379019981
2024-03-01 20:00:00,8,-2.7561572549887305,-1.150169822162813,-0.3234059659104992,-1.5419523072709378,2.044451435995679
2024-03-02 00:00:00,8,0.06489986145694537,0.41851718023251494,0.42494558679546424,0.37537798174640535,-2.7561572549887305
2024-03-04 04:00:00,8,-0.5881979501489898,0.26864057495344285,-0.014819994875267571,0.33023016955274187,0.06489986145694537
2024-03-04 08:00:00,8,0.9618222440072479,0.8075111143251978,0.08698933657514611,0.7394120998353024,-0.5881979501489898
2024-03-04 12:00:00,8,0.8839701317442508,0.34682036143101846,-0.15463835976278612,0.07031714244570075,0.9618222440072479
2024-03-04 16:00:00,8,0.8775919660649212,-0.179651023274138,-0.14250224269020173,-0.5446197248582774,0.8839701317442508
2024-03-04 20:00:00,8,-1.7663245754647292,-1.0124655937109168,-0.14150797081828137,-1.1551195992355225,0.8775919660649212
2024-03-05 00:00:00,8,-0.7589785920920793,-0.2211578291762951,0.27064373252602275,0.07363017643287328,-1.7663245754647292
2024-03-05 04:00:00,8,0.3267573293526862,0.3361084389746577,0.11361178526800653,0.6016162485990755,-0.7589785920920793
2024-03-05 08:00:00,8,1.1657255856555366,0.179715983911699,-0.05564011900982725,0.3743063868006118,0.3267573293526862
2024-03-05 12:00:00,8,0.4967240176071801,-0.24562513412914752,-0.1864242002981748,-0.43663463262572044,1.1657255856555366
2024-03-05 16:00:00,8,0.534389011497332,-0.5986293814024339,-0.08213568306244709,-0.7821824066203948,0.4967240176071801
2024-03-05 20:00:00,8,-1.2623387177123515,-1.0550409466533035,-0.08800715863455331,-1.1539319633655012,0.534389011497332
2024-03-06 00:00:00,8,-1.7569860502800267,-0.8912623394194917,0.19207898720546662,-0.27578168580483364,-1.2623387177123515
2024-03-06 04:00:00,8,0.5660211673946076,0.5754492990797935,0.2691879796680403,0.9464717126488829,-1.7569860502800267
2024-03-06 08:00:00,8,1.2010592682116101,0.2983089130073168,-0.09293819436458887,0.5527171376853897,0.5660211673946076
2024-03-06 12:00:00,8,0.3022095691661342,-0.28870613736275275,-0.19193225519407073,-0.28280387973077303,1.2010592682116101
2024-03-06 16:00:00,8,0.4331218610578009,-0.37708877318743894,-0.051813447095167844,-0.4930370075917878,0.3022095691661342
2024-03-06 20:00:00,8,-0.15944477500053367,-0.723445939946733,-0.07222094606283226,-0.7943397222821655,0.4331218610578009
2024-03-07 00:00:00,8,-1.1035696089088223,-0.7270574176622595,0.020152373805709462,-0.6834214152876221,-0.15944477500053367
2024-03-07 04:00:00,8,0.957076500679495,0.10321628252954733,0.16732897804142058,0.0842805847960264,-1.1035696089088223
2024-03-07 08:00:00,8,-1.483474943019523,-0.45834250135074706,-0.15389856099628021,-0.5815129798991876,0.957076500679495
2024-03-07 12:00:00,8,1.329739687430493,0.5767170266053778,0.22655120692188405,0.45047147458043746,-1.483474943019523
2024-03-07 16:00:00,8,1.1951016352564228,-0.12281979946055328,-0.21199183466076507,-0.4745665197517699,1.329739687430493
2024-03-07 20:00:00,8,-2.661815194490977,-1.0562016248695034,-0.19100353882507368,-1.3059430892794257,1.1951016352564228
2024-03-08 00:00:00,8,0.017392246705433934,0.36037091619984074,0.4102389043717201,0.5457578203571707,-2.661815194490977
2024-03-08 04:00:00,8,0.07346608860066972,0.6143344374765742,-0.007414184580540141,0.5336588440226269,0.017392246705433934
2024-03-08 08:00:00,8,0.6597852271202687,0.744564370145443,-0.01615535665884247,0.4825519064069521,0.07346608860066972
2024-03-08 12:00:00,8,2.811572877624217,0.3724963760391744,-0.10755477409446568,0.023570040290953997,0.6597852271202687
2024-03-08 16:00:00,8,-0.45257206387936577,-1.6900345667403471,-0.44299007678270474,-1.9323103175119982,2.811572877624217
2024-03-08 20:00:00,8,-0.8837909916070981,-2.396153225124676,0.06584705043805568,-1.617477002225515,-0.45257206387936577
2024-03-09 00:00:00,8,-0.791898336308746,-1.6714573408832165,0.13306839149992752,-1.0026647543750595,-0.8837909916070981
2024-03-11 04:00:00,9,-1.1129196459802007,-0.901733816844354,0.09445244832423032,-0.512344434251899,-0.791898336308746
2024-03-11 08:00:00,9,0.4997684470297976,0.27267608640410246,0.13060274203563,0.17367048499751725,-1.1129196459802007
2024-03-11 12:00:00,9,-0.7553885450716713,-0.24979057405060429,-0.05100248624922755,-0.13439183744499061,0.4997684470297976
2024-03-11 16:00:00,9,1.69526619774334,0.4561831552827999,0.0903410711763615,0.33123729725580553,-0.7553885450716713
2024-03-11 20:00:00,9,-0.8323167711227413,-0.9313360114766536,-0.1856278008859498,-0.7137419228988282,1.69526619774334
2024-03-12 00:00:00,9,-0.27458406133384194,-0.5990582616238946,0.0990039788484076,-0.20069345206442968,-0.8323167711227413
2024-03-12 04:00:00,9,-0.4693079232584161,-0.29155793037519645,0.036197552409121356,-0.0314370611439454,-0.27458406133384194
2024-03-12 08:00:00,9,0.24313578979750794,0.5650383817839104,0.058125457470613075,0.2578490865488412,-0.4693079232584161
2024-03-12 12:00:00,9,2.618601286506591,0.2771027558217042,-0.022103015543127023,0.10797772808461481,0.24313578979750794
2024-03-12 16:00:00,9,-0.31056505938915,-1.4630425205115145,-0.2896048069202033,-1.5061545739173523,2.618601286506591
2024-03-12 20:00:00,9,-1.3180373167542214,-2.2805705060845227,0.04024938201837657,-1.314719132097209,-0.31056505938915
2024-03-13 00:00:00,9,-0.9109470533718582,-1.6196943584076777,0.15370109663230114,-0.5022676072393661,-1.3180373167542214
2024-03-13 04:00:00,9,-0.18959305727086218,-0.34030413023578765,0.1078585555144394,0.059249364373609836,-0.9109470533718582
2024-03-13 08:00:00,9,-1.2540618233054524,0.3295432761581664,0.0266266931946725,0.1761164412948446,-0.18959305727086218
2024-03-13 12:00:00,9,0.8486927299290201,1.3305903386551499,0.14649679956905737,0.9491328253222395,-1.2540618233054524
2024-03-13 16:00:00,9,1.7286119378084646,0.8404939562467189,-0.09029494107958057,0.42599004795035,0.8486927299290201
2024-03-13 20:00:00,9,-0.26297305268028204,-0.5399973106972198,-0.18938287340313548,-0.6395438234414268,1.7286119378084646
2024-03-14 00:00:00,9,-1.2671505675330579,-0.5116483404524476,0.03489003368539123,-0.47744457561985953,-0.26297305268028204
2024-03-14 04:00:00,9,-0.19241495333522707,0.5468835277256157,0.1479707264825871,0.30363984265134647,-1.2671505675330579
2024-03-14 08:00:00,9,-0.127201103087339,0.5602915708910479,0.026944467649129236,0.4222463648305723,-0.19241495333522707
2024-03-14 12:00:00,9,1.8340226478673411,0.8628313762872026,0.019600718902589197,0.5006544105309789,-0.127201103087339
2024-03-14 16:00:00,9,-0.009026599660046486,-0.1257223556933424,-0.20125320105476557,-0.6298556880396919,1.8340226478673411
2024-03-14 20:00:00,9,-0.8138932429477475,-1.2546054683651742,0.006293057138740553,-0.6242916007677586,-0.009026599660046486
2024-03-15 00:00:00,9,-1.4380485269800953,-1.1858457754877367,0.09692930051815002,-0.12259957892669782,-0.8138932429477475
2024-03-15 04:00:00,9,0.3874993414420249,0.19173884543722497,0.1672155904295073,0.7638280689958208,-1.4380485269800953
2024-03-15 08:00:00,9,0.9089668621763085,-0.4046867593200037,-0.038359832881861344,0.5249695580613469,0.3874993414420249
2024-03-15 12:00:00,9,1.119097395806035,-0.5243998651527093,-0.0970824268890716,-0.035326803682785624,0.9089668621763085
2024-03-15 16:00:00,9,-0.13579718936080631,-0.9208455646759001,-0.12074528128407136,-0.72514975036996,1.119097395806035
2024-03-15 20:00:00,9,-1.5787663814779087,-1.1169922973232818,0.020568726427922665,-0.6414429902007637,-0.13579718936080631
2024-03-16 00:00:00,9,0.7409715756897555,-0.4579994574267119,0.18306186485826773,0.3317245656198189,-1.5787663814779087
2024-03-18 04:00:00,9,-0.33252644923223684,-0.7049346418559497,-0.07816443370402403,-0.12501780342626034,0.7409715756897555
2024-03-18 08:00:00,9,-0.4455873440034175,0.07373107932264336,0.0427224598771351,0.0799548610803793,-0.33252644923223684
2024-03-18 12:00:00,9,0.4095930155711507,0.12254898853542481,0.055454276831700546,0.35461940395116365,-0.4455873440034175
2024-03-18 16:00:00,9,0.7712585149637121,0.10537143691969794,-0.040847807308696936,0.10214212895914088,0.4095930155711507
2024-03-18 20:00:00,9,-1.0915710685397695,-0.7137761795137805,-0.08157505386345644,-0.3732694155978411,0.7712585149637121
2024-03-19 00:00:00,9,-0.7118292961822288,0.11580449989032826,0.12819867314194194,0.29958602472442664,-1.0915710685397695
2024-03-19 04:00:00,9,0.6678452410526265,0.49714562410516144,0.08543585275702077,0.738364798109929,-0.7118292961822288
2024-03-19 08:00:00,9,1.087873809798369,0.25965694590184596,-0.06992965801927024,0.32669824090012334,0.6678452410526265
2024-03-19 12:00:00,9,0.35191264071514716,-0.6236387324439822,-0.1172291850907829,-0.34387817176180135,1.087873809798369
2024-03-19 16:00:00,9,-0.23311844247219327,-0.8334067895292122,-0.03435240519797041,-0.5608006806554453,0.35191264071514716
2024-03-19 20:00:00,9,-2.056515880933299,-1.1307908179966653,0.03152809821523098,-0.41710411633856737,-0.23311844247219327
2024-03-20 00:00:00,9,0.28448707173237153,0.13689436734771732,0.23686136104580152,0.8505530600706432,-2.056515880933299
2024-03-20 04:00:00,9,0.3819747662158477,0.238214977207394,-0.026759594225763732,0.6751923534402042,0.28448707173237153
2024-03-20 08:00:00,9,0.6901756195781026,0.05823099832458054,-0.03773770901955007,0.4397392465179273,0.3819747662158477
2024-03-20 12:00:00,9,0.7152759333655627,0.40543025226873974,-0.07244428779013766,0.014308018268039291,0.6901756195781026
2024-03-20 16:00:00,9,0.7098410015536185,-0.5032813425893503,-0.07527084069590467,-0.42659529711611377,0.7152759333655627
2024-03-20 20:00:00,9,1.0436875080985324,-1.1705590825636998,-0.07465881160193488,-0.8641484655947238,0.7098410015536185
2024-03-21 00:00:00,9,0.8595332443067445,-1.9099326487702473,-0.11225335409032876,-1.5074879952507363,1.0436875080985324
2024-03-21 04:00:00,9,-2.7387253939104745,-2.3671662724735376,-0.09151569424122726,-2.0373129752617096,0.8595332443067445
2024-03-21 08:00:00,9,0.7462344848582099,-0.28986366437550054,0.3136851528746864,-0.34913495923336946,-2.7387253939104745
2024-03-21 12:00:00,9,-0.342262355002946,-0.3276202896194783,-0.07875709128308243,-0.8091214386887255,0.7462344848582099
2024-03-21 16:00:00,9,1.4637909192554677,-0.010965285711631184,0.04381882277440771,-0.5981474634538255,-0.342262355002946
2024-03-21 20:00:00,9,-2.6750227846234136,-1.120582069477924,-0.1595613091853563,-1.5004429821807292,1.4637909192554677
2024-03-22 00:00:00,9,-0.6496228294646524,0.12499633236413915,0.30651158536832174,0.14846810157277446,-2.6750227846234136
2024-03-22 04:00:00,9,2.320110901771953,0.7573713949463463,0.07843076625703022,0.5489021800863796,-0.6496228294646524
2024-03-22 08:00:00,9,-1.0389487304307483,-0.5437636974392988,-0.25599172656354635,-0.8812376316041135,2.320110901771953
2024-03-22 12:00:00,9,0.2830644954526971,0.4580972727662104,0.12227285787326524,-0.24081913240240915,-1.0389487304307483
2024-03-22 16:00:00,9,0.034872857683241776,-0.1295663746624349,-0.026599397538541528,-0.4153029486345581,0.2830644954526971
2024-03-22 20:00:00,9,0.05529404022133555,-0.5105289369392874,0.0013495277563605945,-0.43679893060771846,0.034872857683241776
2024-03-23 00:00:00,9,-0.7622034690731656,-0.5268937041303701,-0.000950106954623952,-0.47088273591605656,0.05529404022133555
2024-03-25 04:00:00,9,1.1510775637490855,-0.10529746119033612,0.09110850155201795,-0.001052813175025591,-0.7622034690731656
2024-03-25 08:00:00,9,-0.8811719799468296,0.2778254291599695,-0.12434657636714341,-0.7105886586400008,1.1510775637490855
2024-03-25 12:00:00,9,0.1964830569226006,0.983586747485665,0.1045055767022388,-0.1674253432546724,-0.8811719799468296
2024-03-25 16:00:00,9,0.6126387110713019,0.5825782392818011,-0.016849439082444677,-0.2885394856058223,0.1964830569226006
2024-03-25 20:00:00,9,-1.980634564975471,-0.1173061721284242,-0.06371283622742538,-0.6661761797037915,0.6126387110713019
2024-03-26 00:00:00,9,-0.16697597039691559,0.9190534587906785,0.22831634619339058,0.5547069865355283,-1.980634564975471
2024-03-26 04:00:00,9,0.5140010351792039,0.9539094955812151,0.02407977712163614,0.657632662492615,-0.16697597039691559
2024-03-26 08:00:00,9,1.429354979804538,1.1889986950294038,-0.05260522172619945,0.34079722885084784,0.5140010351792039
2024-03-26 12:00:00,9,0.8225451135220858,-0.15259156919404485,-0.1556834690299687,-0.5402716287176936,1.429354979804538
2024-03-26 16:00:00,9,-0.07751510834647846,-0.17519664346965963,-0.0873504511516967,-1.0472967510344695,0.8225451135220858
2024-03-26 20:00:00,9,-1.621190276570518,-0.4298413273881011,0.01400556602920696,-0.9995156547217317,-0.07751510834647846
2024-03-27 00:00:00,9,-0.16365355959763406,0.42342238104635577,0.18783923078936124,-0.00019758114245682634,-1.621190276570518
2024-03-27 04:00:00,9,0.9135216122389203,0.6469051546972706,0.023705639571867637,0.10068012721479924,-0.16365355959763406
2024-03-27 08:00:00,9,-0.33441111779388066,0.22730587517153752,-0.09759533848585608,-0.4624238285076512,0.9135216122389203
2024-03-27 12:00:00,9,1.4175328246250078,0.5681284070284998,0.042934692897185364,-0.25628943524925596,-0.33441111779388066
2024-03-27 16:00:00,9,-1.1024879022655085,-0.7182039776741937,-0.1543521730406802,-1.1300709968659888,1.4175328246250078
2024-03-27 20:00:00,9,-1.3780903551125672,-0.4175075736039812,0.12942802064534562,-0.4504863098870828,-1.1024879022655085
2024-03-28 00:00:00,9,0.28959032330147316,0.1311244108716323,0.16046368500108563,0.39898251483502634,-1.3780903551125672
2024-03-28 04:00:00,9,0.5299469674642676,0.8729478017214257,-0.027334272720767674,0.22047611235338138,0.28959032330147316
2024-03-28 08:00:00,9,0.2566021529516984,0.35950519909187056,-0.05440089733476607,-0.10618855513146208,0.5299469674642676
2024-03-28 12:00:00,9,1.8189806622352567,0.6098740635486836,-0.023619466222823578,-0.2643607159628445,0.2566021529516984
2024-03-28 16:00:00,9,-0.7636152155970528,-0.679217349993747,-0.19955931911540453,-1.3855987825444895,1.8189806622352567
2024-03-28 20:00:00,9,0.2397409160118098,-0.3708375860646361,0.0912674786976062,-0.9148986449761054,-0.7636152155970528
2024-03-29 00:00:00,9,0.702204638179305,-0.8445313980987732,-0.021720717917490515,-1.0626773689232145,0.2397409160118098
2024-04-01 04:00:00,9,-1.4574179096908857,-1.4686287589309517,-0.07379887872348849,-1.4955234058290197,0.702204638179305
2024-04-01 08:00:00,9,-0.5766645274548008,0.1767559594439235,0.16939678168662414,-0.5971562746165375,-1.4574179096908857
2024-04-01 12:00:00,9,0.9943659157809197,-0.15717412781229204,0.0702149127704177,-0.24169443092926457,-0.5766645274548008
2024-04-01 16:00:00,9,0.7305881858829952,-0.2728723631431752,-0.10669923666921304,-0.8546316325347032,0.9943659157809197
2024-04-01 20:00:00,9,-1.88411343893101,-0.9462754773204902,-0.07699515745996878,-1.304973575147887,0.7305881858829952
2024-04-02 00:00:00,9,0.7399951278224428,0.02381122523414566,0.21744707692452694,-0.14358700664445756,-1.88411343893101
2024-04-02 04:00:00,9,-0.40672935273704525,-0.14961117772975813,-0.07805447565409473,-0.5997274833551245,0.7399951278224428
2024-04-02 08:00:00,9,0.04511882208071327,-0.48242124285864046,0.05107846826387677,-0.3490153990801428,-0.40672935273704525
2024-04-02 12:00:00,9,0.9178039448704478,0.08523890815766656,0.00019572702361729272,-0.37682709707480555,0.04511882208071327
2024-04-02 16:00:00,9,0.7851065903577013,-0.7381478875386043,-0.09807757308441922,-0.9425707259174381,0.9178039448704478
2024-04-02 20:00:00,9,-1.454734397166721,-1.5550776429674549,-0.08313448925839224,-1.4265183641245578,0.7851065903577013
2024-04-03 00:00:00,9,0.8326871490525214,-0.21821631599621802,0.1690945906388521,-0.5298053771570963,-1.454734397166721
2024-04-03 04:00:00,9,-1.188165879547718,-0.8327201177094989,-0.08849254842751907,-1.0430821526912162,0.8326871490525214
2024-04-03 08:00:00,9,0.7439766930598743,0.20349166553527892,0.13907624009383135,-0.3106846944767536,-1.188165879547718
2024-04-03 12:00:00,9,-0.12431922615061985,-0.3120754253107675,-0.07850284075768102,-0.7692794482457028,0.7439766930598743
2024-04-03 16:00:00,9,1.0108134531872182,-0.4308242286444485,0.019276189986396287,-0.6926478206192961,-0.12431922615061985
2024-04-03 20:00:00,9,-1.165927246748197,-1.4142403463074544,-0.10855139816178012,-1.3157234505347999,1.0108134531872182
2024-04-04 00:00:00,9,-0.29625143079431737,-0.5902670394038143,0.13657194183317875,-0.59703411036757,-1.165927246748197
2024-04-04 04:00:00,9,-0.9259217737771195,-0.39811508635418347,0.038637520555632375,-0.4144217338964076,-0.29625143079431737
2024-04-04 08:00:00,9,-0.008565664300583364,0.3630859025251145,0.10954486269900081,0.15632580673985963,-0.9259217737771195
2024-04-04 12:00:00,9,1.4034600995188669,0.8349878240638174,0.006241151087258753,0.16160576879705602,-0.008565664300583364
2024-04-04 16:00:00,9,0.32979652619328625,-0.47389891665488654,-0.1527674397828555,-0.7035012228161932,1.4034600995188669
2024-04-04 20:00:00,9,0.6576868779663876,-0.7595961547942425,-0.03186190375263501,-0.9067911351673761,0.32979652619328625
2024-04-05 00:00:00,9,-1.086001734403565,-1.724597228283498,-0.06878572209311502,-1.3121959746894012,0.6576868779663876
2024-04-05 04:00:00,9,0.44535986551873563,-0.9694678403105791,0.12757150896705657,-0.6427735282238984,-1.086001734403565
2024-04-05 08:00:00,9,-0.5319162322755879,-0.9778027883687653,-0.04487552164348687,-0.9172978510573557,0.44535986551873563
2024-04-05 12:00:00,9,0.515023801154836,-0.5575661671764557,0.06517579553714577,-0.5894193088373516,-0.5319162322755879
2024-04-05 16:00:00,9,0.8304463655081076,-0.6397749373596094,-0.05272039567043065,-0.9068851857646862,0.515023801154836
2024-04-05 20:00:00,9,-1.6704215025724416,-2.280210511646819,-0.08824021320604379,-1.4187807196720366,0.8304463655081076
2024-04-06 00:00:00,9,1.6586001829765777,-1.0045472235905173,0.1933831720360133,-0.3891160207526081,-1.6704215025724416
2024-04-08 04:00:00,10,0.5195610825374892,-1.3327140369416488,-0.2289629275218273,-1.0812198554686896,1.6586001829765777
2024-04-08 08:00:00,10,-1.4026552129905188,-1.0102162495155103,-0.06372384779263875,-1.3464065321855267,0.5195610825374892
2024-04-08 12:00:00,10,0.15241991258573329,-0.510519054588706,0.21512983825822338,-0.6304840217929906,-1.4026552129905188
2024-04-08 16:00:00,10,0.32868054061467156,-0.37822977006264763,-0.010463104566054518,-0.7082799373120574,0.15241991258573329
2024-04-08 20:00:00,10,-1.080138166062051,-0.6135241140615011,-0.036033029212858225,-0.8760401934140125,0.32868054061467156
2024-04-09 00:00:00,10,-0.8591312704225942,0.04334785925268312,0.16834266474425724,-0.32473205991395115,-1.080138166062051
2024-04-09 04:00:00,10,-0.07685269638840886,0.469193034102795,0.13628145101139158,0.11377300546581193,-0.8591312704225942
2024-04-09 08:00:00,10,1.7984991955383975,0.725867620238623,0.022797206602713192,0.15299902111046837,-0.07685269638840886
2024-04-09 12:00:00,10,-0.03148235119802756,-0.3869451083658627,-0.24925791483334803,-0.7649643151991157,1.7984991955383975
2024-04-09 16:00:00,10,1.2796125640123446,-0.24706675736617298,0.016215383306775223,-0.7488955595319995,-0.03148235119802756
2024-04-09 20:00:00,10,-2.6056443945451004,-1.712147557712534,-0.17398363369226033,-1.402016462426145,1.2796125640123446
2024-04-10 00:00:00,10,0.18712127380419652,-0.5229993355908956,0.38964608200053275,-0.07208202176216005,-2.6056443945451004
2024-04-10 04:00:00,10,-0.5360085722186785,-0.5301596555524256,-0.015497190745254694,-0.16758969239215915,0.18712127380419652
2024-04-10 08:00:00,10,0.2094636722790142,0.39060239862399254,0.08940641637013555,0.10599186853653464,-0.5360085722186785
2024-04-10 12:00:00,10,2.4825720764741384,0.7231749725920933,-0.018738376549586197,-0.0009194783897781278,0.2094636722790142
2024-04-10 16:00:00,10,0.31730593435179166,-1.1793441298432257,-0.34849557337372866,-1.268037168296222,2.4825720764741384
2024-04-10 20:00:00,10,-0.8639379122810791,-1.830937048262487,-0.03438292828968922,-1.4299917662471007,0.31730593435179166
2024-04-11 00:00:00,10,-2.3861108398942683,-1.5571340350549563,0.13697874496466997,-0.9890333658823653,-0.8639379122810791
2024-04-11 04:00:00,10,0.6170703217656399,-0.34239392328137397,0.3577986041341477,0.22885000755895568,-2.3861108398942683
2024-04-11 08:00:00,10,0.9715124754482165,-0.2536018579578823,-0.07786939990664586,-0.08610589162121762,0.6170703217656399
2024-04-11 12:00:00,10,-0.6114790205624576,-0.29746589207009044,-0.12928791158825825,-0.5819709080978335,0.9715124754482165
2024-04-11 16:00:00,10,0.8782782794576605,-0.904883087029086,0.10035482668042955,-0.26986883811008777,-0.6114790205624576
2024-04-11 20:00:00,10,-0.0769995452262009,-1.522921536865446,-0.11576253503285165,-0.7181466364094877,0.8782782794576605
2024-04-12 00:00:00,10,0.13313979336001402,-1.0267035141316505,0.022818509793101217,-0.6788456683548398,-0.0769995452262009
2024-04-12 04:00:00,10,-0.21355254935341073,-1.016617379484382,-0.0076661600566880015,-0.7468009108211788,0.13313979336001402
2024-04-12 08:00:00,10,0.29321394630139075,-0.66012312976232,0.04262809554616103,-0.6378025797859568,-0.21355254935341073
2024-04-12 12:00:00,10,-1.344468364248689,-0.013633857497283316,-0.030887931557127324,-0.7874605018284235,0.29321394630139075
2024-04-12 16:00:00,10,3.3101212455711,0.3834814315021681,0.20668873967369272,-0.10123686143421473,-1.344468364248689
2024-04-12 20:00:00,10,-0.9505308175802032,-2.0668687900210387,-0.4685471704431561,-1.7907399480697679,3.3101212455711
2024-04-13 00:00:00,10,0.6979145380143112,-2.0353726031810258,0.1495406771908668,-1.3055840788119042,-0.9505308175802032
2024-04-15 04:00:00,10,-2.192286704000331,-2.304656168664383,-0.08959737648726397,-1.6618032861175775,0.6979145380143112
2024-04-15 08:00:00,10,0.23044924955019574,-0.2122774306016707,0.32968076179486966,-0.5428487589520294,-2.192286704000331
2024-04-15 12:00:00,10,-0.31132305877573785,-0.30512273128821715,-0.021782729877350866,-0.6604712535808419,0.23044924955019574
2024-04-15 16:00:00,10,2.2540718865788367,-0.07128925353502927,0.056811549823868886,-0.5015703464173393,-0.31132305877573785
2024-04-15 20:00:00,10,-1.3572261368848402,-1.929105294967989,-0.31534731614385,-1.6520603518722075,2.2540718865788367
2024-04-16 00:00:00,10,-0.9049269319911364,-1.011317259558432,0.2085394949365974,-0.9593250780216067,-1.3572261368848402
2024-04-16 04:00:00,10,-0.5567779222247307,-0.2605891867528559,0.1429249744604621,-0.49744566897449616,-0.9049269319911364
2024-04-16 08:00:00,10,1.4577798389128187,0.12531743249764019,0.09241940185961568,-0.21326332386317226,-0.5567779222247307
2024-04-16 12:00:00,10,-0.6111604676706968,-0.018235054360876163,-0.19983015338685448,-0.9573217298123939,1.4577798389128187
2024-04-16 16:00:00,10,1.4082709636846698,-0.65123709956323,0.10030861458230286,-0.6453822508761409,-0.6111604676706968
2024-04-16 20:00:00,10,-1.1719476340671608,-1.4495009874467693,-0.19264795834370546,-1.3641710696083607,1.4082709636846698
2024-04-17 00:00:00,10,-1.1876106409153948,-0.7362415480072112,0.18166135766510838,-0.7660029064992511,-1.1719476340671608
2024-04-17 04:00:00,10,-1.0707553135226604,-0.06324832996412613,0.18393357188180773,-0.15984026329322987,-1.1876106409153948
2024-04-17 08:00:00,10,1.6617331277195717,1.1679985857885036,0.1669815052210715,0.386678813507487,-1.0707553135226604
2024-04-17 12:00:00,10,0.062327623884739225,0.41824877514297504,-0.22941742017793992,-0.46147841100601816,1.6617331277195717
2024-04-17 16:00:00,10,1.443698211983202,0.010782314907144276,0.0026064791470154954,-0.4932907541571394,0.062327623884739225
2024-04-17 20:00:00,10,-0.3812689629665229,-1.4740530285204034,-0.19778734811876258,-1.2301618245384365,1.443698211983202
2024-04-18 00:00:00,10,-0.1728237426029846,-1.5071856692931218,0.06695852092859733,-1.0355601643629528,-0.3812689629665229
2024-04-18 04:00:00,10,-1.5232340376770335,-1.1534772982842114,0.03671961484228175,-0.9473500279631688,-0.1728237426029846
2024-04-18 08:00:00,10,-0.40115384185784997,0.3157831487022564,0.23262206834790705,-0.16988345879534528,-1.5232340376770335
2024-04-18 12:00:00,10,0.8792582407309144,0.5853855912907544,0.06984319722044949,0.03486754690916438,-0.40115384185784997
2024-04-18 16:00:00,10,1.7119255128407307,-0.2159120497475734,-0.11590469687690101,-0.41391042871702055,0.8792582407309144
2024-04-18 20:00:00,10,-1.6400233994113034,-1.2326450705365168,-0.23669877120762464,-1.2876861074491615,1.7119255128407307
2024-04-19 00:00:00,10,0.5455621582195516,-0.5191189125801137,0.2495645654471645,-0.45060964109094037,-1.6400233994113034
2024-04-19 04:00:00,10,1.603944836871511,-1.2039721794462541,-0.06749579365122844,-0.7290674019650316,0.5455621582195516
2024-04-19 08:00:00,10,-1.4571543689223283,-1.996446052321101,-0.22103413992428117,-1.5477291825005173,1.603944836871511
2024-04-19 12:00:00,10,-0.18760932220884285,-0.978683501857106,0.223035967528692,-0.8039900196850462,-1.4571543689223283
2024-04-19 16:00:00,10,0.5311521052335593,-0.6721423313482865,0.038864541707736025,-0.7082332466128989,-0.18760932220884285
2024-04-19 20:00:00,10,-1.2381167156971955,-0.8272753758228818,-0.06540534399648322,-0.9793360415530419,0.5311521052335593
2024-04-20 00:00:00,10,0.4475299429975621,-0.4783111344431425,0.19126042950632755,-0.34739483529532844,-1.2381167156971955
2024-04-22 04:00:00,10,-0.015036544620960157,-0.8879499836704986,-0.05327437401703781,-0.5758164440408899,0.4475299429975621
2024-04-22 08:00:00,10,0.40936939043650256,-0.5218768498420732,0.013829609242345576,-0.5681417135205393,-0.015036544620960157
2024-04-22 12:00:00,10,0.4438186896263989,-0.39584142426991864,-0.04773846696633511,-0.7770859779162862,0.40936939043650256
2024-04-22 16:00:00,10,-0.7750846459312815,-0.7311143906404712,-0.052735986799727665,-1.003613343653603,0.4438186896263989
2024-04-22 20:00:00,10,-0.6727511589246884,-0.8880294194600916,0.12408890478542303,-0.6080061122094893,-0.7750846459312815
2024-04-23 00:00:00,10,0.4297566945047535,-0.814621527485952,0.10924350464777204,-0.26463042436673057,-0.6727511589246884
2024-04-23 04:00:00,10,2.5508998565547607,-0.9502145079441419,-0.050696029495223095,-0.48398047471293815,0.4297566945047535
2024-04-23 08:00:00,10,-2.2143389803444133,-1.9574927837237914,-0.35840780509264686,-1.7859730186760494,2.5508998565547607
2024-04-23 12:00:00,10,-0.3012191064510503,-0.15305207418830122,0.33287985991856467,-0.6557628950574967,-2.2143389803444133
2024-04-23 16:00:00,10,1.2615360287775772,0.030177594519890848,0.05534578119212011,-0.5020190976713534,-0.3012191064510503
2024-04-23 20:00:00,10,-2.9332924685823993,-1.1203289831081593,-0.17136129171494474,-1.1459136430368497,1.2615360287775772
2024-04-24 00:00:00,10,-0.7245206998544234,0.17920835429456047,0.43717760765939184,0.35125407742220904,-2.9332924685823993
2024-04-24 04:00:00,10,1.560141509824362,0.7446296826724869,0.11675365183932529,0.7210532080048733,-0.7245206998544234
2024-04-24 08:00:00,10,0.2576180702170596,-0.4591745091161305,-0.21467964213087146,-0.07525112675726309,1.560141509824362
2024-04-24 12:00:00,10,0.6921700639215356,0.06509131807801656,-0.02572407914498298,-0.2067407286524121,0.2576180702170596
2024-04-24 16:00:00,10,0.4819982965271983,-0.3937488791755807,-0.08876403230070137,-0.56002792652676,0.6921700639215356
2024-04-24 20:00:00,10,-0.9437692842642722,-1.3481047927928413,-0.058274658041371864,-0.8060423620479229,0.4819982965271983
2024-04-25 00:00:00,10,-0.7021840815679354,-0.9263780287850308,0.14855978940373818,-0.3243376145345991,-0.9437692842642722
2024-04-25 04:00:00,10,2.085344437683503,-0.3123050979723885,0.11351330456020324,0.034060789989914575,-0.7021840815679354
2024-04-25 08:00:00,10,-1.8947831555974446,-1.3919212495907316,-0.29087022104696436,-1.0303098486622346,2.085344437683503
2024-04-25 12:00:00,10,1.6417636833742861,-0.07895316293536707,0.28652226746810716,-0.06320267874507302,-1.8947831555974446
2024-04-25 16:00:00,10,0.979906089089642,-1.067456817090551,-0.2265204760738734,-0.9011673950823598,1.6417636833742861
2024-04-25 20:00:00,10,-2.67963559354542,-1.8964914044660877,-0.13050556337315034,-1.4013165555836657,0.979906089089642
2024-04-26 00:00:00,10,-1.0012780532086385,-1.980773036403125,0.40037989932617063,-0.0336166224132759,-2.67963559354542
2024-04-26 04:00:00,10,1.0838294160298023,-0.7321392691636808,0.156902519739389,0.4774408996457282,-1.0012780532086385
2024-04-26 08:00:00,10,0.7559572812284365,-0.4279443276530919,-0.14558159974395443,-0.07575126702151724,1.0838294160298023
2024-04-26 12:00:00,10,-0.08761667440986898,-0.08470876233833567,-0.09801756985021566,-0.4615957921152525,0.7559572812284365
2024-04-26 16:00:00,10,0.22832415091959568,-0.31060264227700585,0.024358724395917693,-0.41687578614741216,-0.08761667440986898
2024-04-26 20:00:00,10,-0.5187427934649644,-1.3018626351749583,-0.021474444286523696,-0.5334136193909025,0.22832415091959568
2024-04-27 00:00:00,10,-0.25886988300920777,-0.4475178773021238,0.08690168989413338,-0.2686446016693784,-0.5187427934649644
2024-04-29 04:00:00,10,0.5110231858658025,-0.7490959268812813,0.049202228520330106,-0.13651606801937266,-0.25886988300920777
2024-04-29 08:00:00,10,-0.34919196472299063,-0.49336080159794926,-0.06248526503607791,-0.3973449579030266,0.5110231858658025
2024-04-29 12:00:00,10,0.44162559469249274,0.35524934797591284,0.062305148038946025,-0.2191155643371001,-0.34919196472299063
2024-04-29 16:00:00,10,0.21666123446487795,-0.13566584043513105,-0.05241783706413237,-0.44452356302250706,0.44162559469249274
2024-04-29 20:00:00,10,-0.19715671767478504,-0.7038951743679837,-0.019782518538590144,-0.5551085830946416,0.21666123446487795
2024-04-30 00:00:00,10,-1.9782625444041422,-1.1615416994856895,0.040249571282221015,-0.4544787697582988,-0.19715671767478504
2024-04-30 04:00:00,10,1.3496984868222093,0.4689586617227536,0.29863252547194247,0.5552367140531267,-1.9782625444041422
2024-04-30 08:00:00,10,0.03923699547047299,-0.12912250012773557,-0.18415091713547896,-0.1336564080838638,1.3496984868222093
2024-04-30 12:00:00,10,-0.13424849371784298,-0.2207823320097873,0.005956209799871201,-0.1536831744889815,0.03923699547047299
2024-04-30 16:00:00,10,1.4506788151568593,0.06504671951795447,0.031123548277360455,-0.08516204559802532,-0.13424849371784298
2024-04-30 20:00:00,10,-0.9356393569114339,-1.4688356935752478,-0.19880001611578316,-0.8255960521177652,1.4506788151568593
2024-05-01 00:00:00,10,-0.09436148094552799,-1.2877564904477448,0.14738039028255762,-0.34804086177704363,-0.9356393569114339
2024-05-01 04:00:00,10,-0.8054926570489993,-1.1392546250901014,0.02533718564845422,-0.29987827150024415,-0.09436148094552799
2024-05-01 08:00:00,10,0.29021602279300573,-0.10852680880963025,0.12850015965064207,0.11124936685058717,-0.8054926570489993
2024-05-01 12:00:00,10,0.14994056239544307,-0.1931407349150122,-0.030453026274742306,-0.03687839945281368,0.29021602279300573
2024-05-01 16:00:00,10,1.5954163637169358,-0.5014104596032282,-0.010103428112794912,-0.11340884174942634,0.14994056239544307
2024-05-01 20:00:00,10,0.6953166406926794,-1.5930916353562168,-0.2197969242264058,-0.9277176452638374,1.5954163637169358
2024-05-02 00:00:00,10,-2.497468403385179,-2.791607454686262,-0.08922050253930917,-1.2826108722751233,0.6953166406926794
2024-05-02 04:00:00,10,-0.17065156387290514,-0.3700247475954833,0.37395311656926034,-0.007890019696191963,-2.497468403385179
2024-05-02 08:00:00,10,0.5689671243474592,-0.40944587336251287,0.036404499396089175,0.07921142539081849,-0.17065156387290514
2024-05-02 12:00:00,10,1.168852955892973,0.034529603952269027,-0.07089112491121542,-0.21119235183195162,0.5689671243474592
2024-05-02 16:00:00,10,0.06994068199431602,-1.1428502619345178,-0.15791586594859347,-0.8077809751177298,1.168852955892973
2024-05-02 20:00:00,10,-0.9096970835544234,-1.6909282791013844,0.0015020616468029296,-0.8434790626934934,0.06994068199431602
2024-05-03 00:00:00,10,-1.1423971412766676,-1.6464762171309468,0.14361697480898608,-0.37916494349772023,-0.9096970835544234
2024-05-03 04:00:00,10,0.3593176706796619,-0.6645172759072674,0.17737450198793028,0.20392049451546068,-1.1423971412766676
2024-05-03 08:00:00,10,0.3087360992485486,-0.22580310096261666,-0.04047752209772139,0.020522888005356066,0.3593176706796619
2024-05-03 12:00:00,10,0.7436704757597443,-0.11021098105225423,-0.03313971226194715,-0.13705762157088763,0.3087360992485486
2024-05-03 16:00:00,10,1.5053429068358888,-1.933418555054999,-0.09623513724744055,-0.516630897298147,0.7436704757597443
2024-05-03 20:00:00,10,-2.2523262872363468,-2.4244685651575963,-0.20673007242358932,-1.2849657403033836,1.5053429068358888
2024-05-04 00:00:00,10,1.1290500370216243,-1.1893036284457756,0.3383906344212078,-0.13536669782490574,-2.2523262872363468
2024-05-06 04:00:00,11,-0.7923369569655794,-0.6116782912329141,-0.22521844457933998,-0.3984536350024497,1.1290500370216243
2024-05-06 08:00:00,11,0.3071722413692388,0.05101859677493261,0.18148219638794683,0.05722767649402272,-0.7923369569655794
2024-05-06 12:00:00,11,0.30601304072001945,-0.15732976979091612,-0.05125129098944112,-0.11943030793030651,0.3071722413692388
2024-05-06 16:00:00,11,0.028601183102727745,-0.3985865040172451,-0.051005922592276695,-0.2954216238779477,0.30601304072001945
2024-05-06 20:00:00,11,-1.47188400857849,-0.4203944898252662,0.007713940016322624,-0.3118704648817987,0.028601183102727745
2024-05-07 00:00:00,11,0.2646443064290729,0.3297464057612059,0.3253221527961463,0.5346254981089409,-1.47188400857849
2024-05-07 04:00:00,11,0.20968231924010716,0.3035745296732198,-0.04224938848187384,0.3824257760418135,0.2646443064290729
2024-05-07 08:00:00,11,0.16028719060141938,0.17291223216043738,-0.03061556588989213,0.2618352704633846,0.20968231924010716
2024-05-07 12:00:00,11,0.2536040352399205,0.18540385782557167,-0.02016008214773992,0.16965242251311174,0.16028719060141938
2024-05-07 16:00:00,11,0.2748202072803352,-0.05070725999677273,-0.039912490510183474,0.023802076441288733,0.2536040352399205
2024-05-07 20:00:00,11,-1.1132653790904925,-0.19191858410268414,-0.04440332488905215,-0.1342499131551964,0.2748202072803352
2024-05-08 00:00:00,11,-0.6196037081339334,0.5540765259147569,0.24941322506216895,0.5060007068971135,-1.1132653790904925
2024-05-08 04:00:00,11,1.4643844920541405,0.7978131328927582,0.14491969063765542,0.8623413115457144,-0.6196037081339334
2024-05-08 08:00:00,11,-0.15390792323147195,-0.006150327012618867,-0.2961988031572478,0.020158399328844112,1.4643844920541405
2024-05-08 12:00:00,11,-0.14002059074704576,0.17568771233112862,0.0463457048615988,0.1086724635678813,-0.15390792323147195
2024-05-08 16:00:00,11,0.6777205061941896,0.2900196523990912,0.04340616845356815,0.18919977693778733,-0.14002059074704576
2024-05-08 20:00:00,11,-2.2280970671561953,-0.2267907497423054,-0.12968536870789737,-0.20056440908898754,0.6777205061941896
2024-05-09 00:00:00,11,0.099258777694196,1.0274074970821725,0.4853900290718995,1.0808376317693487,-2.2280970671561953
2024-05-09 04:00:00,11,0.31268067766336394,0.9957125977451281,-0.007242177152933193,1.023752865497121,0.099258777694196
2024-05-09 08:00:00,11,0.9611886221454782,0.9339269111154311,-0.05241726358036575,0.8439269214657905,0.31268067766336394
2024-05-09 12:00:00,11,2.0154322884610725,0.44952413248532186,-0.18968716158562415,0.2911372426754255,0.9611886221454782
2024-05-09 16:00:00,11,-0.3213869543332173,-0.6799714277041018,-0.41283927834712136,-0.8679590488259352,2.0154322884610725
2024-05-09 20:00:00,11,-1.607480909832299,-0.7898697230735408,0.08179604855124367,-0.6831260335778797,-0.3213869543332173
2024-05-10 00:00:00,11,-0.49816325311434184,0.207019306669364,0.35402399517651023,0.24135313246175905,-1.607480909832299
2024-05-10 04:00:00,11,0.45725725324578015,0.453765894544106,0.11921434806461426,0.5278520550765133,-0.49816325311434184
2024-05-10 08:00:00,11,0.010003713703016004,0.2711977660853438,-0.08301983669147303,0.2648786029125709,0.45725725324578015
2024-05-10 12:00:00,11,0.6201984205397562,0.38144595907208906,0.011650472713224308,0.259125362021873,0.010003713703016004
2024-05-10 16:00:00,11,0.628872078604827,-0.037035219500918336,-0.11750964919972783,-0.09755726798180753,0.6201984205397562
2024-05-10 20:00:00,11,-2.2890905473282093,-0.4272019096347471,-0.1193456053634963,-0.45922820989977886,0.628872078604827
2024-05-11 00:00:00,11,0.9082794544802262,0.8128101881928962,0.4983005398427186,0.8572518224534367,-2.2890905473282093
2024-05-13 04:00:00,11,-0.16647856179067944,0.26864551271070364,-0.17848786000304723,0.3348907620683299,0.9082794544802262
2024-05-13 08:00:00,11,0.5022123605292315,0.43969868332649126,0.04900653621696698,0.43063433266151385,-0.16647856179067944
2024-05-13 12:00:00,11,-0.031216785198466823,0.21861626314177093,-0.09253549959756563,0.1418067258159077,0.5022123605292315
2024-05-13 16:00:00,11,0.61824364909004,0.23198272780417936,0.020375629788132694,0.15975982707527336,-0.031216785198466823
2024-05-13 20:00:00,11,-2.3843750216418336,-0.06498885503390177,-0.11709588205961917,-0.19579859332282012,0.61824364909004
2024-05-14 00:00:00,11,1.3882347459945645,1.2949077601278722,0.5184694370502324,1.1754805416581053,-2.3843750216418336
2024-05-14 04:00:00,11,-0.033192378411046164,0.46982773445382014,-0.28008016041175,0.37709214874201535,1.3882347459945645
2024-05-14 08:00:00,11,0.7114691517973011,0.49957077892106133,0.020793804277895057,0.3961814344216297,-0.033192378411046164
2024-05-14 12:00:00,11,-0.3041164543629815,0.2176846484066487,-0.13682895604429351,-0.012991952393344164,0.7114691517973011
2024-05-14 16:00:00,11,0.7090984954901547,0.39366408207115083,0.07814039592649857,0.1619086168070396,-0.3041164543629815
2024-05-14 20:00:00,11,-1.747969567576252,-0.14775721076481774,-0.136327158414432,-0.24590138064984401,0.7090984954901547
2024-05-15 00:00:00,11,-1.0167545714645723,0.6763905388098377,0.38376127732315934,0.7593742890090542,-1.747969567576252
2024-05-15 04:00:00,11,0.8183138516974964,1.3558413863971572,0.2289847494637785,1.344120529256859,-1.0167545714645723
2024-05-15 08:00:00,11,0.9884552042367254,0.9644502151885361,-0.1594448101483087,0.8734996325801401,0.8183138516974964
2024-05-15 12:00:00,11,2.0288603564194982,0.5205253291159992,-0.19545868832552632,0.30502865585442507,0.9884552042367254
2024-05-15 16:00:00,11,-0.08474240903763075,-1.0778663341150538,-0.41568160207614335,-0.861790258660247,2.0288603564194982
2024-05-15 20:00:00,11,-1.8061395010577712,-0.9985588812026742,0.031705416859496016,-0.8130540085709868,-0.08474240903763075
2024-05-16 00:00:00,11,-0.8825542954308379,-0.0005613759860275732,0.39607412700205946,0.2256758012053126,-1.8061395010577712
2024-05-16 04:00:00,11,0.49306824488754053,0.6577251284955364,0.20057853122054725,0.7332420522469629,-0.8825542954308379
2024-05-16 08:00:00,11,0.07595580633116938,0.48819711443710356,-0.09059996151794258,0.4496733224125187,0.49306824488754053
2024-05-16 12:00:00,11,0.6841007031702535,0.5042222663400908,-0.0023096292490264528,0.4059903398878717,0.07595580633116938
2024-05-16 16:00:00,11,0.4953508484925564,0.06768081011577586,-0.1310358671799819,0.012556835523614751,0.6841007031702535
2024-05-16 20:00:00,11,-1.5782784595367971,-0.26740370134335334,-0.0910831210022835,-0.27232464363448017,0.4953508484925564
2024-05-17 00:00:00,11,-0.8369139053267212,0.565845294238599,0.3478427025529196,0.6353598863193604,-1.5782784595367971
2024-05-17 04:00:00,11,1.4623039682915895,1.1694773390115005,0.19091781426585297,1.1166778693267858,-0.8369139053267212
2024-05-17 08:00:00,11,-0.27638691426852624,0.36077582001049985,-0.29575841798215025,0.27569148819228495,1.4623039682915895
2024-05-17 12:00:00,11,1.3946804292823956,0.564271608512248,0.07227087470800628,0.43464450744393623,-0.27638691426852624
2024-05-17 16:00:00,11,0.3368468226108945,-0.27829463487316697,-0.28144452039380286,-0.367450865675802,1.3946804292823956
2024-05-17 20:00:00,11,-0.9504812242088789,-0.507020717754304,-0.057532519731586726,-0.5611750136552072,0.3368468226108945
2024-05-18 00:00:00,11,0.9081567594362081,-0.0672655070475168,0.214956647424842,-0.014543271954069681,-0.9504812242088789
2024-05-20 04:00:00,11,-0.7540471229979833,-0.5836435650719749,-0.17846188910119254,-0.5368337691298244,0.9081567594362081
2024-05-20 08:00:00,11,1.3387800518373485,-0.07969285731563897,0.17337737416010568,-0.10317334357833907,-0.7540471229979833
2024-05-20 12:00:00,11,-0.40016196977312823,-0.8414496208393903,-0.2696120684159556,-0.8731198221105263,1.3387800518373485
2024-05-20 16:00:00,11,-0.5982676141243033,-0.6102375700873945,0.09847038296272823,-0.6429824675491993,-0.40016196977312823
2024-05-20 20:00:00,11,-0.36130157029019117,-0.3779395019879513,0.14040347233462225,-0.29891247481014993,-0.5982676141243033
2024-05-21 00:00:00,11,-0.7682484807020646,-0.14048575273956876,0.09024478893746722,-0.09112414441838546,-0.36130157029019117
2024-05-21 04:00:00,11,1.2968274239114308,0.21056572543787488,0.17638338039358709,0.3507036312064944,-0.7682484807020646
2024-05-21 08:00:00,11,-0.27358520087260274,-0.31839283058829226,-0.2607319413405006,-0.39511545007892224,1.2968274239114308
2024-05-21 12:00:00,11,-0.9696158658274996,-0.04717761645148456,0.07167783507700297,-0.23777372564757115,-0.27358520087260274
2024-05-21 16:00:00,11,0.7980613106939156,0.49300822436927105,0.2190068835487075,0.31986254955555005,-0.9696158658274996
2024-05-21 20:00:00,11,-0.9018823066582886,-0.06345291825855731,-0.1551579478799845,-0.13911089793365328,0.7980613106939156
2024-05-22 00:00:00,11,-1.2516044531261201,0.35921768905552426,0.20466969795552908,0.37957109550435497,-0.9018823066582886
2024-05-22 04:00:00,11,1.9682939205199137,1.1393327170187615,0.2786955040914218,1.0993819709929138,-1.2516044531261201
2024-05-22 08:00:00,11,0.5166507614306202,0.01836751934172818,-0.40286148391225973,-0.03260454967623261,1.9682939205199137
2024-05-22 12:00:00,11,-0.26228912085186984,0.03195361085491074,-0.0955916808455462,-0.32973583262935513,0.5166507614306202
2024-05-22 16:00:00,11,1.557460830778533,0.014662206671028613,0.06928678996260035,-0.17889060254092826,-0.26228912085186984
2024-05-22 20:00:00,11,-1.7465717550270394,-0.9801806069018099,-0.31590030355074467,-1.0746026954004027,1.557460830778533
2024-05-23 00:00:00,11,-0.734017732679412,-0.03378368610666437,0.3834654018636626,-0.07013092242971553,-1.7465717550270394
2024-05-23 04:00:00,11,0.0721200039298946,0.2483453935764146,0.1691377462734598,0.3520103902385401,-0.734017732679412
2024-05-23 08:00:00,11,1.458906561565236,0.3757064153540492,-0.0014977036452286444,0.31053341798955714,0.0721200039298946
2024-05-23 12:00:00,11,-1.091408985371796,-0.3074509292495181,-0.2950392877405287,-0.5284990788295127,1.458906561565236
2024-05-23 16:00:00,11,0.883298173464711,0.2245191185496334,0.2447868747420905,0.0991816994821555,-1.091408985371796
2024-05-23 20:00:00,11,-0.8754533620550262,-0.364310018737081,-0.17320006372203334,-0.40881236363501294,0.883298173464711
2024-05-24 00:00:00,11,-0.6467755760186513,0.13275886440468804,0.19907547422867305,0.09467006599064476,-0.8754533620550262
2024-05-24 04:00:00,11,1.4684848081714215,0.49308073059108065,0.15067116918912665,0.4666374974389651,-0.6467755760186513
2024-05-24 08:00:00,11,-0.8548421990118289,-0.21577048650232356,-0.297066718469616,-0.37790354967171247,1.4684848081714215
2024-05-24 12:00:00,11,0.19220812341090543,0.2553497687502062,0.19471270231079185,0.11372518346228944,-0.8548421990118289
2024-05-24 16:00:00,11,0.0657560438998388,0.2164751761842602,-0.026916796893139167,0.0031842715608885186,0.19220812341090543
2024-05-24 20:00:00,11,-1.413483388979186,-0.007197642409888341,-0.00015064205304888417,-0.03463272038891496,0.0657560438998388
2024-05-25 00:00:00,11,0.9289006230710903,0.8431183511463048,0.3129604737079397,0.7782764324735503,-1.413483388979186
2024-05-27 04:00:00,11,0.39185856156006693,0.33331734165184995,-0.18285274979861893,0.24405592130116638,0.9289006230710903
2024-05-27 08:00:00,11,-0.7613667882840005,0.07645379353616355,-0.06917687329563635,0.01869394407287217,0.39185856156006693
2024-05-27 12:00:00,11,-0.10157633005950117,0.6601946141948248,0.17492673021008687,0.4565639860608055,-0.7613667882840005
2024-05-27 16:00:00,11,0.5718925424837575,0.79890192011447,0.035268658669195166,0.5149816010560411,-0.10157633005950117
2024-05-27 20:00:00,11,-1.5587912115479003,0.34850956536809746,-0.10728472750027708,0.18608018922227387,0.5718925424837575
2024-05-28 04:00:00,11,0.9671225053481116,1.1358441135895965,0.34371783011828005,1.0825573980446546,-1.5587912115479003
2024-05-28 08:00:00,11,0.8395433472406193,0.6284806419029774,-0.1909431886689178,0.5263550806587123,0.9671225053481116
2024-05-28 12:00:00,11,-0.3297751484336455,0.1753718406226183,-0.1639384647175442,0.04352487797089033,0.8395433472406193
2024-05-28 16:00:00,11,0.9050188613062087,0.38823467597071665,0.08357158046016055,0.233182031806912,-0.3297751484336455
2024-05-28 20:00:00,11,-0.6261985975974138,-0.14671953945944774,-0.17779768913275595,-0.28730382717463687,0.9050188613062087
2024-05-29 00:00:00,11,-1.2883896179429737,0.0020849955260829837,0.1463156331418461,0.07282956771740068,-0.6261985975974138
2024-05-29 04:00:00,11,0.5451308229827649,0.9042077388146184,0.2864818324864402,0.8137959781081214,-1.2883896179429737
2024-05-29 08:00:00,11,0.3406737288056547,0.6712210244052663,-0.10162006519721117,0.5002855124278902,0.5451308229827649
2024-05-29 12:00:00,11,0.6933688139703573,0.5759157560366279,-0.05834256227231449,0.3043604704746876,0.3406737288056547
2024-05-29 16:00:00,11,0.12638419457951144,0.22350364217685614,-0.13299765135711739,-0.09440322181953853,0.6933688139703573
2024-05-29 20:00:00,11,-1.2752268912012568,0.08556097456245863,-0.01298382340550282,-0.1670881004335243,0.12638419457951144
2024-05-30 00:00:00,11,-0.27380854751651995,0.7960395774525589,0.2836956736233449,0.566308287466379,-1.2752268912012568
2024-05-30 04:00:00,11,1.3685888233052559,1.0029536286881235,0.07172511093737013,0.7237784609000446,-0.27380854751651995
2024-05-30 08:00:00,11,0.36830867082283625,0.2722697716805163,-0.27592170124910365,-0.06331135539669042,1.3685888233052559
2024-05-30 12:00:00,11,0.19990298475888935,0.09439502269438985,-0.06419205988349504,-0.27512954295014946,0.36830867082283625
2024-05-30 16:00:00,11,-0.6282500764488024,-0.08711866260994885,-0.028545570821646514,-0.39009585048658746,0.19990298475888935
2024-05-30 20:00:00,11,-1.6844089175803258,0.16653286687439398,0.1467498703706821,-0.028782628545855005,-0.6282500764488024
2024-05-31 00:00:00,11,-0.04048285500164717,1.0616345671700882,0.37030737283929627,0.9399386432712049,-1.6844089175803258
2024-05-31 04:00:00,11,1.51182415685982,1.1734545000662748,0.022336981946752626,0.9632207586617572,-0.04048285500164717
2024-05-31 08:00:00,11,-0.8164917934017115,0.41986923310867913,-0.3062403732022835,0.09375479661922448,1.51182415685982
2024-05-31 12:00:00,11,1.2701695107688895,0.9457665479067818,0.18659505886269945,0.5633278084200128,-0.8164917934017115
2024-05-31 16:00:00,11,0.8626044402683437,-0.029757399119882587,-0.255089251764767,-0.16716002683963183,1.2701695107688895
2024-05-31 20:00:00,11,-0.7251312339426583,-0.4821987967146185,-0.1688198141516417,-0.6632529065022341,0.8626044402683437
2024-06-01 00:00:00,11,-1.1261619648120487,-0.8184331359764476,0.16725673805205366,-0.24622231265553118,-0.7251312339426583
2024-06-03 04:00:00,12,-0.11383498587422203,0.09118686436247893,0.2724023408146455,0.48956917566390423,-1.1261619648120487
2024-06-03 08:00:00,12,1.6404155536594107,0.40900935726552357,0.019659122235947325,0.5624698826729446,-0.11383498587422203
2024-06-03 12:00:00,12,-0.6893042155922924,-0.5111170258200252,-0.41831688431122044,-0.4880635076727202,1.6404155536594107
2024-06-03 16:00:00,12,0.1036419751419313,-0.0627824958050431,0.16333399047324051,-0.04662835243395236,-0.6893042155922924
2024-06-03 20:00:00,12,-1.000522566535194,0.0024870009509843916,-0.034637392860004154,-0.1130013853432601,0.1036419751419313
2024-06-04 00:00:00,12,-1.1408180827074776,0.22224149419407052,0.24103450555839137,0.5277401399335684,-1.000522566535194
2024-06-04 04:00:00,12,1.2809104164182052,1.2673938412041812,0.2760614692245652,1.2583278776082114,-1.1408180827074776
2024-06-04 08:00:00,12,0.35168966746143937,0.4306385557027146,-0.32856081994429487,0.4380240469800114,1.2809104164182052
2024-06-04 12:00:00,12,0.39894182702855474,0.31796933732351507,-0.09656636780802975,0.21279956780239395,0.35168966746143937
2024-06-04 16:00:00,12,1.2862501616051354,0.05146960822906241,-0.10836360639028869,-0.04268551898800865,0.39894182702855474
2024-06-04 20:00:00,12,-2.707474067746835,-1.0186437892631142,-0.32989397060906417,-0.866408959118381,1.2862501616051354
2024-06-05 00:00:00,12,-0.7704484748667344,0.5434075252909182,0.6672015695110226,0.8674760344236816,-2.707474067746835
2024-06-05 04:00:00,12,0.709259059498903,1.275760887943153,0.18359292032980262,1.3608765307691595,-0.7704484748667344
2024-06-05 08:00:00,12,1.2987368375495425,0.9108289532768038,-0.18583914319489148,0.9066621564012731,0.709259059498903
2024-06-05 12:00:00,12,-0.3943398107168381,0.1248401073831192,-0.3330114640012189,0.07494216321166824,1.2987368375495425
2024-06-05 16:00:00,12,1.8860701695298427,0.3571489608898377,0.08969152652093765,0.3274800871398398,-0.3943398107168381
2024-06-05 20:00:00,12,-2.1799263814142122,-1.0204730203445298,-0.4796483904012305,-0.8803722068755278,1.8860701695298427
2024-06-06 00:00:00,12,0.7803048009417992,0.24596189442057353,0.5354910619659684,0.5156676240455731,-2.1799263814142122
2024-06-06 04:00:00,12,-0.12977708203671234,-0.27247033028110434,-0.20357682057797186,0.015955068767897984,0.7803048009417992
2024-06-06 08:00:00,12,-0.9515190146804251,0.039845922347987964,0.023639315176400784,0.09906520368283545,-0.12977708203671234
2024-06-06 12:00:00,12,0.6176764061400863,0.768446665169943,0.22880000457674451,0.708424517693663,-0.9515190146804251
2024-06-06 16:00:00,12,1.3261036310466299,0.3956923684825347,-0.16297410545760704,0.31286030371670037,0.6176764061400863
2024-06-06 20:00:00,12,-1.772198784085063,-0.6908662535082265,-0.3398440108112326,-0.5363855720404338,1.3261036310466299
2024-06-07 00:00:00,12,0.22687998575252166,0.457704947474275,0.4336955083589183,0.5985427044308391,-1.772198784085063
2024-06-07 04:00:00,12,0.6272186537505142,0.4639129212183087,-0.0654056842332496,0.4532472028718111,0.22687998575252166
2024-06-07 08:00:00,12,2.1900909291574457,0.041025985583782926,-0.16535647639477688,0.051572067969148705,0.6272186537505142
2024-06-07 12:00:00,12,-0.7649682450325859,-1.3938330556320868,-0.5555519145606318,-1.35097720915795,2.1900909291574457
2024-06-07 16:00:00,12,0.23943453171046336,-0.8482553353609302,0.18222469548185183,-0.861086289647865,-0.7649682450325859
2024-06-07 20:00:00,12,-1.2266340898516734,-1.3202324878599143,-0.06854012243278637,-1.014421808689061,0.23943453171046336
2024-06-08 00:00:00,12,-0.6636525016004793,-0.6590731040421521,0.297486773797554,-0.2288769104766466,-1.2266340898516734
2024-06-10 04:00:00,12,-0.7726950092458313,0.09806707809047445,0.15692964001015833,0.196130710892497,-0.6636525016004793
2024-06-10 08:00:00,12,1.2970114288203778,0.7230367856196153,0.1841538026745727,0.6909699032882148,-0.7726950092458313
2024-06-10 12:00:00,12,-0.5701622892225462,-0.09701015131871818,-0.33258068880244823,-0.1396451262975411,1.2970114288203778
2024-06-10 16:00:00,12,0.5696684324427856,0.33404397725379026,0.13358835041339448,0.2254907207797583,-0.5701622892225462
2024-06-10 20:00:00,12,-1.1119557308439916,-0.180910720481323,-0.15098816609004378,-0.13932885702294762,0.5696684324427856
2024-06-11 00:00:00,12,0.05588263818600936,0.35988308076819414,0.2688555329435996,0.5727752322317219,-1.1119557308439916
2024-06-11 04:00:00,12,0.7254812903557539,0.44767331978023384,-0.02271352953267341,0.5369876068193395,0.05588263818600936
2024-06-11 08:00:00,12,-0.7509374581427064,0.013189032342067843,-0.18988927613078252,0.07238440436274018,0.7254812903557539
2024-06-11 12:00:00,12,1.0388522422731299,0.6515892726904841,0.17872169071015173,0.553289911555952,-0.7509374581427064
2024-06-11 16:00:00,12,-0.9688169102454385,-0.06422674581662842,-0.26812722162125074,-0.11199820139129635,1.0388522422731299
2024-06-11 20:00:00,12,-0.757895277237564,0.4761001562865859,0.23311869398313262,0.5084388037772527,-0.9688169102454385
2024-06-12 00:00:00,12,0.2008200441043524,0.8639211347851877,0.1804588187615722,0.9938001461195682,-0.757895277237564
2024-06-12 04:00:00,12,0.41960206523652843,0.8065732319566149,-0.058899413369025336,0.86519361022585,0.2008200441043524
2024-06-12 08:00:00,12,0.012985923948065192,0.5941775201484255,-0.11352175707670498,0.5964775649496215,0.41960206523652843
2024-06-12 12:00:00,12,2.261971787958176,0.6307103509049485,-0.012003695804519316,0.5881612900389754,0.012985923948065192
2024-06-12 16:00:00,12,-0.12325645867194446,-1.4711810133294994,-0.573498092016615,-0.8604209828911902,2.261971787958176
2024-06-12 20:00:00,12,-0.1102205042474651,-1.2837314557513728,0.02201133985751707,-0.7814866999762398,-0.12325645867194446
2024-06-13 00:00:00,12,-1.4269265634240966,-1.164046023441255,0.018756710526245945,-0.7109007318327425,-0.1102205042474651
2024-06-13 04:00:00,12,0.21721243774557664,-0.23771232433801015,0.3474929135933128,0.2029128424802913,-1.4269265634240966
2024-06-13 08:00:00,12,-1.3269376774774546,-0.13854625728729414,-0.0629920300978999,0.06380850508171854,0.21721243774557664
2024-06-13 12:00:00,12,2.749494679250411,0.8549435825499215,0.32252912878658113,0.913588509903116,-1.3269376774774546
2024-06-13 16:00:00,12,-0.07404317453730158,-1.1143639904080975,-0.695215785251737,-0.8472067719306988,2.749494679250411
2024-06-13 20:00:00,12,-2.398160889164288,-1.0970785388143534,0.009724475941207731,-0.7997890142746549,-0.07404317453730158
2024-06-14 00:00:00,12,-0.8679788113637059,0.49248516649526736,0.5899767104187689,0.7360096946976,-2.398160889164288
2024-06-14 04:00:00,12,1.1743250182952867,1.1596847759887527,0.20794288992280108,1.29186928857672,-0.8679788113637059
2024-06-14 08:00:00,12,0.4567464276895201,0.6648231760947013,-0.3019501129933218,0.5398234791563965,1.1743250182952867
2024-06-14 12:00:00,12,0.8852629027297994,0.25705551505895896,-0.12279542646786662,0.24731992898061783,0.4567464276895201
2024-06-14 16:00:00,12,-0.09782553123448068,-0.19767968368587618,-0.22978124761956215,-0.3196085157523978,0.8852629027297994
2024-06-14 20:00:00,12,-1.4541321246101617,-0.3450959403161832,0.015662112201122985,-0.2569603734808439,-0.09782553123448068
2024-06-15 00:00:00,12,-0.3541538563891642,0.5411111109035811,0.35428520624229504,0.6742758291200648,-1.4541321246101617
2024-06-17 04:00:00,12,0.6270284848651144,0.8909644508813043,0.07965847628148862,0.9010783918161671,-0.3541538563891642
2024-06-17 08:00:00,12,0.3356022178589324,0.5495911888058569,-0.16530899776665625,0.49952504237418793,0.6270284848651144
2024-06-17 12:00:00,12,0.02378434981999611,0.33636217561043485,-0.09254988511433881,0.2846030764440428,0.3356022178589324
2024-06-17 16:00:00,12,1.2866031215684526,0.3096464132828743,-0.014699691236073377,0.26937141541898946,0.02378434981999611
2024-06-17 20:00:00,12,-1.9024847177238264,-0.8586438780864571,-0.32998209256868216,-0.5545780626967556,1.2866031215684526
2024-06-18 00:00:00,12,0.09444129375187416,0.2866942794329244,0.4662234236358005,0.6637862207512573,-1.9024847177238264
2024-06-18 04:00:00,12,-0.2661445047436608,0.3857222984746996,-0.03234029925682855,0.6033053674135402,0.09444129375187416
2024-06-18 08:00:00,12,0.3529025500293592,0.5899168569154828,0.05768556904627099,0.7737461366847853,-0.2661445047436608
2024-06-18 12:00:00,12,2.088593206727797,0.4959584490094013,-0.09686918285726977,0.5477449191780739,0.3529025500293592
2024-06-18 16:00:00,12,-0.8347222968193844,-0.9470857477665013,-0.5302114251940512,-0.7898045192078467,2.088593206727797
2024-06-18 20:00:00,12,-1.3714697689516218,-0.4361486912144115,0.1996398823970505,-0.2552426257177469,-0.8347222968193844
2024-06-19 00:00:00,12,-0.5940076720221974,0.3948065033401647,0.3336472599471587,0.6230560364226339,-1.3714697689516218
2024-06-19 04:00:00,12,-0.1016257354244221,0.6978529601677343,0.13954172212274918,1.00346263046446,-0.5940076720221974
2024-06-19 08:00:00,12,0.5727419885815639,1.003145943885821,0.016610892445258943,1.06854444960695,-0.1016257354244221
2024-06-19 12:00:00,12,0.1489973210086628,0.7532831535632307,-0.15175552731537853,0.7017565453374015,0.5727419885815639
2024-06-19 16:00:00,12,-0.29343854848420925,0.6245147217219345,-0.045961062319189644,0.6063376373402942,0.1489973210086628
2024-06-19 20:00:00,12,0.363471101766752,0.7358410850307616,0.06449995274495701,0.7942576997351853,-0.29343854848420925
2024-06-20 04:00:00,12,0.5937144444131182,0.4400168895264119,-0.09950778662601137,0.5614883090890768,0.363471101766752
2024-06-20 08:00:00,12,0.18423835718626513,0.038676099982756104,-0.15699162800087862,0.18126950002260145,0.5937144444131182
2024-06-20 12:00:00,12,-0.6840376321963788,-0.057594368490189424,-0.054759536621357366,0.06328199034870252,0.18423835718626513
2024-06-20 16:00:00,12,1.8740818288654904,0.4393289963257861,0.16201910579063236,0.5013443893988896,-0.6840376321963788
2024-06-20 20:00:00,12,-2.47889401003588,-0.8868905911279749,-0.47665531418379575,-0.6988304888941936,1.8740818288654904
2024-06-21 00:00:00,12,0.07877032566912767,0.8171364662866452,0.6101329931609306,0.8886702653270344,-2.47889401003588
2024-06-21 04:00:00,12,-0.24137051309332946,0.8282113931836578,-0.028427797670006125,0.8382252076102752,0.07877032566912767
2024-06-21 08:00:00,12,1.434065423704812,0.9696712532177291,0.05150035565472797,0.9928005424294017,-0.24137051309332946
2024-06-21 12:00:00,12,-0.3771034616998019,0.2821117055945113,-0.3667983561242314,0.07441519294807186,1.434065423704812
2024-06-21 16:00:00,12,1.4338045758053628,0.38375992007481935,0.08538820317013415,0.3159148405506773,-0.3771034616998019
2024-06-21 20:00:00,12,-1.5145919392392102,-0.6598174220038183,-0.36673323137794095,-0.6023034601437995,1.4338045758053628
2024-06-22 00:00:00,12,-0.9194664130811105,0.19061658761330685,0.36937994189781453,0.36765162310917,-1.5145919392392102
2024-06-24 04:00:00,12,0.8371075744185017,0.8758630266071914,0.2207975726939832,0.9564842308519363,-0.9194664130811105
2024-06-24 08:00:00,12,0.12430652455516089,0.35659059956153666,-0.21775851887446684,0.42039478920031925,0.8371075744185017
2024-06-24 12:00:00,12,-0.5350086818365813,0.32247775935350464,-0.039796619906050275,0.34078803687972226,0.12430652455516089
2024-06-24 16:00:00,12,0.9893058571459967,0.5553417147753189,0.12481170407260153,0.683411272279038,-0.5350086818365813
2024-06-24 20:00:00,12,-1.7037957730234314,-0.1080685240972045,-0.2557571938471115,0.049853004754716324,0.9893058571459967
2024-06-25 00:00:00,12,-0.3271749279013889,1.0829365814532592,0.4166176298316358,1.1409755230081249,-1.7037957730234314
2024-06-25 04:00:00,12,1.4318453865172671,1.4548690140635443,0.0729227660202059,1.3505005945533242,-0.3271749279013889
2024-06-25 08:00:00,12,0.19828839026146028,0.4702768641625747,-0.3662440892165834,0.4335369721387252,1.4318453865172671
2024-06-25 12:00:00,12,0.3191101945988599,0.34779136569006114,-0.05826734650338569,0.30655172475865555,0.19828839026146028
2024-06-25 16:00:00,12,0.7063841581340107,0.10751572355127934,-0.08843239429729177,0.10219136382574057,0.3191101945988599
2024-06-25 20:00:00,12,-2.3760398866846,-0.4499463056135592,-0.18512137923208413,-0.35018190395727444,0.7063841581340107
2024-06-26 00:00:00,12,0.6757264895294597,1.0161193397661945,0.5844538571497886,1.1714503630539852,-2.3760398866846
2024-06-26 04:00:00,12,1.3656260591037608,0.7087779210665673,-0.1774672141268892,0.7387104768658883,0.6757264895294597
2024-06-26 08:00:00,12,-0.2713398536643208,-0.17658548314326528,-0.3497114013688617,-0.13584583334118072,1.3656260591037608
2024-06-26 12:00:00,12,1.0455763441299606,-0.013404410584711923,0.05898266893115672,0.03792207307130546,-0.2713398536643208
2024-06-26 16:00:00,12,-0.4980885740974337,-0.570692010271705,-0.2698059985191356,-0.6316722009001587,1.0455763441299606
2024-06-26 20:00:00,12,-2.235319171875217,-0.43924686654814726,0.11559402336823539,-0.3126928561409983,-0.4980885740974337
2024-06-27 00:00:00,12,-1.1038066391667058,0.9779246461942611,0.5493207360124501,1.118820898344099,-2.235319171875217
2024-06-27 04:00:00,12,1.366275004592957,1.8156592420392823,0.26682098511284724,1.825706253303741,-1.1038066391667058
2024-06-27 08:00:00,12,0.8246780282175941,0.9669746341671286,-0.349873420731216,0.9507343539470838,1.366275004592957
2024-06-27 12:00:00,12,0.4062391694693144,0.478309206416,-0.21465528881377421,0.4226048790744752,0.8246780282175941
2024-06-27 16:00:00,12,0.3389488012933697,0.1458918930936583,-0.11018550174023155,0.1624465240517008,0.4062391694693144
2024-06-27 20:00:00,12,-1.3087825929735164,-0.2080847830128273,-0.09338541186217804,-0.054618616901146666,0.3389488012933697
2024-06-28 00:00:00,12,-0.12970611214836225,0.5795624725626984,0.31799642879284185,0.7835347470770913,-1.3087825929735164
2024-06-28 04:00:00,12,-0.4600122134170199,0.9577829145184972,0.023621596436925324,0.8665994323879591,-0.12970611214836225
2024-06-28 08:00:00,12,0.44833429524146773,1.1830814814307922,0.10608766608412096,1.16119441417983,-0.4600122134170199
2024-06-28 12:00:00,12,0.5710242944965351,0.9163701999575246,-0.1206952064062993,0.874078051415788,0.44833429524146773
2024-06-28 16:00:00,12,1.1153795833669218,0.559417532379928,-0.15132667819783424,0.5083901702389824,0.5710242944965351
2024-06-28 20:00:00,12,-1.4520930826714924,-0.3483234322104343,-0.2872334658483966,-0.2059065776935043,1.1153795833669218
2024-06-29 00:00:00,12,-0.19263287001280283,0.6738173140548994,0.35377612762133703,0.7240238084415047,-1.4520930826714924
2024-07-01 04:00:00,13,0.6294632766355797,0.5529676601774551,0.04048798040982117,0.6414710277074018,-0.19263287001280283
2024-07-01 08:00:00,13,0.479636273794787,1.0221376912822597,-0.1277479366592515,0.2217094154976138,0.6294632766355797
2024-07-01 12:00:00,13,0.08051561878729174,0.3857036757034012,-0.09708694484291076,-0.09813910154137773,0.479636273794787
2024-07-01 16:00:00,13,0.7775980107726035,0.48929882792600277,-0.015409844554647239,-0.15183145692526168,0.08051561878729174
2024-07-01 20:00:00,13,-1.8815208768656788,-1.0152291378663385,-0.158062618158403,-0.6703776640966144,0.7775980107726035
2024-07-02 00:00:00,13,-1.172286364948274,0.2969745793080705,0.38610646289296235,0.584326567261984,-1.8815208768656788
2024-07-02 04:00:00,13,1.5392235944956774,1.2266110891531965,0.2409668475135287,1.366073227928771,-1.172286364948274
2024-07-02 08:00:00,13,0.8319910116535212,0.6512672006170979,-0.313923680229191,0.33963212872719595,1.5392235944956774
2024-07-02 12:00:00,13,-0.2531503351373523,-0.1064791474371644,-0.16919374487958683,-0.2151863989911753,0.8319910116535212
2024-07-02 16:00:00,13,1.1037941829640392,0.20790300976244855,0.052872433597483164,-0.04637147879969383,-0.2531503351373523
2024-07-02 20:00:00,13,-2.204983417668913,-0.8989964510653853,-0.22481626053561157,-0.7824436898192566,1.1037941829640392
2024-07-03 00:00:00,13,-0.557599775281675,0.48470400183375323,0.4523006877550812,0.6879636058114222,-2.204983417668913
2024-07-03 04:00:00,13,0.09861977535016564,1.358391686032124,0.11517576754773073,1.0598025824886221,-0.557599775281675
2024-07-03 08:00:00,13,1.5512657674639598,0.5893719196085233,-0.019114726756728477,0.9940373545026233,0.09861977535016564
2024-07-03 12:00:00,13,0.047014871985144424,0.12961185743122283,-0.3163880221691002,-0.04043414476723228,1.5512657674639598
2024-07-03 16:00:00,13,1.3677778520074586,0.27392864358242963,-0.00855416364221908,-0.07178631286797277,0.047014871985144424
2024-07-03 20:00:00,13,0.02275408385070321,-0.7747387568055173,-0.27883857268710427,-0.9838977220866578,1.3677778520074586
2024-07-04 00:00:00,13,-1.357395214993856,-0.7870561705729424,-0.0035893721670901962,-0.9990714284426172,0.02275408385070321
2024-07-04 04:00:00,13,-0.711871075232029,0.1380121667128127,0.27884800931191817,-0.09388374712607828,-1.357395214993856
2024-07-04 08:00:00,13,0.17733871182161742,0.06253492121499439,0.14674625201040334,0.3808320326761283,-0.711871075232029
2024-07-04 12:00:00,13,-1.2534009593675055,0.3294255859419246,-0.0352239768997547,0.2625725784005368,0.17733871182161742
2024-07-04 16:00:00,13,0.2286995820867208,1.2643497491201554,0.2575663513981296,1.098411025182548,-1.2534009593675055
2024-07-04 20:00:00,13,-0.07497042881357352,0.5736448974262639,-0.04573460043903648,0.9459012460552678,0.2286995820867208
2024-07-05 04:00:00,13,0.337970415285028,0.7984134213526558,0.016409229061282497,0.9958957560369264,-0.07497042881357352
2024-07-05 08:00:00,13,0.6271499764318875,0.6340538801829669,-0.0680960710613791,0.7705180228711086,0.337970415285028
2024-07-05 12:00:00,13,1.0981809598143641,0.2871448340805449,-0.12727453682297823,0.3522990496985301,0.6271499764318875
2024-07-05 16:00:00,13,0.7616210677489406,-0.473201210301092,-0.22366755579085762,-0.3800299475602653,1.0981809598143641
2024-07-05 20:00:00,13,-1.3847414200195818,-1.0613554965945855,-0.15479305452827946,-0.8879218280842505,0.7616210677489406
2024-07-06 00:00:00,13,-0.3269757189799236,-0.2759733760024231,0.28444420861247227,0.03550184496602604,-1.3847414200195818
2024-07-08 04:00:00,13,-0.16928999746069984,0.07120504085467241,0.06798025426343193,0.25354769457629267,-0.3269757189799236
2024-07-08 08:00:00,13,0.45646411070059223,0.5142872942276144,0.03571103359302847,0.36643981219896027,-0.16928999746069984
2024-07-08 12:00:00,13,-0.18210381413139665,0.29735106246125154,-0.09234493245844771,0.06204380033357637,0.45646411070059223
2024-07-08 16:00:00,13,1.3389564873830828,0.2807725038486932,0.03833328672915913,0.18348089356308428,-0.18210381413139665
2024-07-08 20:00:00,13,-1.5485590102061266,-1.2528629477834152,-0.27294049284749905,-0.7094108043080585,1.3389564873830828
2024-07-09 00:00:00,13,-0.8704239425285163,0.03179648267148393,0.31796827101008684,0.32325567657139764,-1.5485590102061266
2024-07-09 04:00:00,13,1.1657149654315226,0.590396039329756,0.17919292767273842,0.9037034500692247,-0.8704239425285163
2024-07-09 08:00:00,13,-0.38228830644307266,0.2132341741462407,-0.23748789227421307,0.1263389692022976,1.1657149654315226
2024-07-09 12:00:00,13,0.522748072611753,0.36206272782578924,0.0792995676007638,0.38127037155382126,-0.38228830644307266
2024-07-09 16:00:00,13,1.4090569817230936,0.26613751628193705,-0.10590945671094387,0.03267247572120269,0.522748072611753
2024-07-09 20:00:00,13,-2.495527274291298,-1.2204484838453435,-0.28728604233142235,-0.9069661851787334,1.4090569817230936
2024-07-10 00:00:00,13,-1.2881388855425087,0.324932285635265,0.5117583465300694,0.7571921396228962,-2.495527274291298
2024-07-10 04:00:00,13,1.7345805318047933,1.5324396002199638,0.26467521195045746,1.6161957946661119,-1.2881388855425087
2024-07-10 08:00:00,13,0.013147319405380387,0.35234169187176717,-0.3539020375515025,0.4594796722740817,1.7345805318047933
2024-07-10 12:00:00,13,0.3691594188146432,0.7212448357754051,-0.0016234186309806169,0.45071229823546055,0.013147319405380387
2024-07-10 16:00:00,13,0.5033775715173441,0.12619841250565764,-0.07447867075202039,0.2045359785742047,0.3691594188146432
2024-07-10 20:00:00,13,-0.8390057038018117,-0.5646198109965894,-0.10194542643420401,-0.1311445747056279,0.5033775715173441
2024-07-11 00:00:00,13,-1.7373248233783727,0.07468016476196822,0.17276341668861392,0.4283517453393415,-0.8390057038018117
2024-07-11 04:00:00,13,0.9410968376265245,1.4004120130549973,0.3565978033583328,1.5868979161203054,-1.7373248233783727
2024-07-11 08:00:00,13,1.6799416323413716,0.8560424854529279,-0.1915214479894734,0.9593214704870139,0.9410968376265245
2024-07-11 12:00:00,13,2.678785695298803,0.14796783809757832,-0.3427205894978295,-0.16095835231543454,1.6799416323413716
2024-07-11 16:00:00,13,-1.2084408583383812,-0.8512758999400415,-0.5471266649012151,-1.9473237273270234,2.678785695298803
2024-07-11 20:00:00,13,-2.02928169569131,-0.9848979449634093,0.24836559810547612,-1.1414672114909639,-1.2084408583383812
2024-07-12 00:00:00,13,0.43485048684349614,0.19655799387388148,0.41634462537961786,0.21177226701215268,-2.02928169569131
2024-07-12 04:00:00,13,-1.154853192565751,0.06280342595903761,-0.08792186364148637,-0.0782105615386417,0.43485048684349614
2024-07-12 08:00:00,13,0.35347752182217107,0.6906174624186644,0.23739927727839974,0.6919106766184608,-1.154853192565751
2024-07-12 12:00:00,13,2.140046702978271,0.6679798120313435,-0.07126948611751353,0.4561919302714905,0.35347752182217107
2024-07-12 16:00:00,13,-1.253610801269886,-0.6717066315114916,-0.43687770095286776,-0.9709119018182477,2.140046702978271
2024-07-12 20:00:00,13,-1.8499654882158438,-0.5223315778677705,0.2576092939967909,-0.13493352062143948,-1.253610801269886
2024-07-13 00:00:00,13,1.2055549154072054,0.41154898421978653,0.37964888518794654,1.0987277979808212,-1.8499654882158438
2024-07-15 04:00:00,13,-0.5040445442313644,0.7295516940008656,-0.24564084439236925,0.294795791647541,1.2055549154072054
2024-07-15 08:00:00,13,0.9204672746141309,1.413941550224239,0.10421608424751366,0.6309211199478213,-0.5040445442313644
2024-07-15 12:00:00,13,0.02844842270140191,0.7814255360181568,-0.18729975997126078,0.01710163036056045,0.9204672746141309
2024-07-15 16:00:00,13,1.0588334390706198,0.4713354367978709,-0.004754676642187178,-0.001869382280228038,0.02844842270140191
2024-07-15 20:00:00,13,-1.2977323423241387,-0.7757596019739987,-0.21561537568551833,-0.7079592336556715,1.0588334390706198
2024-07-16 00:00:00,13,-0.7298212734535507,-0.35419291979146533,0.26663844217127775,0.15744187940422982,-1.2977323423241387
2024-07-16 04:00:00,13,0.9543654156004244,0.5613945055196033,0.15041962777269235,0.6441278637038685,-0.7298212734535507
2024-07-16 08:00:00,13,-0.5364173662279494,0.3184482657620086,-0.19423676467444057,0.007703181979943352,0.9543654156004244
2024-07-16 12:00:00,13,1.5324104002341503,-0.19509480052036443,0.11084094366196698,0.36541653369232563,-0.5364173662279494
2024-07-16 16:00:00,13,0.27393823540815276,-0.4270849135673599,-0.3125294102409045,-0.6564811433372633,1.5324104002341503
2024-07-16 20:00:00,13,-1.8572829510468107,-1.256911620286003,-0.05499235740521302,-0.8391586077883009,0.27393823540815276
2024-07-17 00:00:00,13,0.9111293687256552,0.007493998882406725,0.3811463500222065,0.39938240770688793,-1.8572829510468107
2024-07-17 04:00:00,13,0.9033629689724822,-0.2015644107476636,-0.18538882635716086,-0.20821003961134643,0.9111293687256552
2024-07-17 08:00:00,13,-0.4981829978812389,-0.5453719638464125,-0.18379948989070627,-0.810623413578579,0.9033629689724822
2024-07-17 12:00:00,13,-0.07541075155221932,-0.2893597618087286,0.1030165619900787,-0.47840689495361666,-0.4981829978812389
2024-07-17 16:00:00,13,1.5505896532389158,0.04237428560615566,0.016499337864303232,-0.42811875293729074,-0.07541075155221932
2024-07-17 20:00:00,13,-2.73421774686911,-1.709674423996123,-0.316249660376313,-1.4621393811116015,1.5505896532389158
2024-07-18 00:00:00,13,-0.045461089658793696,0.09394700324604002,0.5606045924509295,0.3611912120452203,-2.73421774686911
2024-07-18 04:00:00,13,0.4847560005088951,0.3805319539260693,0.010370360304815685,0.3915072304633007,-0.045461089658793696
2024-07-18 08:00:00,13,-0.27369770016232664,0.3828301624072193,-0.09813465917949116,0.06824459091810908,0.4847560005088951
2024-07-18 12:00:00,13,-0.14846251223400841,0.12937713024139597,0.057077300403419004,0.2507616529019536,-0.27369770016232664
2024-07-18 16:00:00,13,1.2513415483474404,0.35196587034222615,0.031448842252465414,0.34976482878403203,-0.14846251223400841
2024-07-18 20:00:00,13,-0.050261601092126185,-1.1017542137004173,-0.25501074134859486,-0.4847002865868024,1.2513415483474404
2024-07-19 00:00:00,13,0.5968170714142609,-0.7841631920863238,0.011352749586993753,-0.45118301641428005,-0.050261601092126185
2024-07-19 04:00:00,13,-0.6463031346389592,-0.7809922589886555,-0.12106713138285503,-0.8491742978599319,0.5968170714142609
2024-07-19 08:00:00,13,-0.08485296674314924,0.028164815253250146,0.1333282562431472,-0.4181829186291619,-0.6463031346389592
2024-07-19 12:00:00,13,0.06677745918617894,-0.6275978827878391,0.01843161760832817,-0.3615981750182833,-0.08485296674314924
2024-07-19 16:00:00,13,0.7298825918662235,-0.566153137463679,-0.012598431450769696,-0.406129150799881,0.06677745918617894
2024-07-19 20:00:00,13,-2.248808047946163,-1.384026170735552,-0.14829800937051726,-0.8928560256752149,0.7298825918662235
2024-07-20 00:00:00,13,1.1814226816964801,0.17320628955988024,0.46126907532746525,0.6067760049678093,-2.248808047946163
2024-07-22 04:00:00,13,-0.6746817152165541,-0.4400380803045658,-0.2407023606325305,-0.18106326696040753,1.1814226816964801
2024-07-22 08:00:00,13,0.08661370168814742,0.3576956973391598,0.13913572359116322,0.26885255024416566,-0.6746817152165541
2024-07-22 12:00:00,13,0.6488122376138286,0.296814336716856,-0.016657772273772624,0.21109364927316676,0.08661370168814742
2024-07-22 16:00:00,13,0.4048770335932925,0.1049901876305414,-0.1317075589099828,-0.22157094132516875,0.6488122376138286
2024-07-22 20:00:00,13,-1.8997544433632925,-0.9240238725209426,-0.08178801735619079,-0.4915657808592755,0.4048770335932925
2024-07-23 00:00:00,13,-0.08764295566002289,0.5658742256186267,0.3898378278843591,0.7752976209441513,-1.8997544433632925
2024-07-23 04:00:00,13,0.719280448092027,0.6033997787932532,0.01900256827627181,0.8337428865096292,-0.08764295566002289
2024-07-23 08:00:00,13,1.208280123343929,0.3557793006797947,-0.14612835879129735,0.35408611902375675,0.719280448092027
2024-07-23 12:00:00,13,-0.7021884635311846,-0.5462326787801283,-0.24619853811019995,-0.4516632096531552,1.208280123343929
2024-07-23 16:00:00,13,-0.2819038810092138,0.1266564001220384,0.14476477689249112,0.01659565860423129,-0.7021884635311846
2024-07-23 20:00:00,13,-0.3855341446125191,-0.4632671660982902,0.05875663482925132,0.20458506477435634,-0.2819038810092138
2024-07-24 00:00:00,13,0.09683704035824725,0.000425443172072203,0.0799638044583636,0.4616809750702693,-0.3855341446125191
2024-07-24 04:00:00,13,1.165919505195406,-0.07709913636008707,-0.018749903180460346,0.397104575316396,0.09683704035824725
2024-07-24 08:00:00,13,-0.5675449231329139,-0.4428373848435066,-0.23752974982931085,-0.3803963042003584,1.165919505195406
2024-07-24 12:00:00,13,0.13509690244467265,0.2526524090792805,0.11721096875377204,-0.0019253420672100674,-0.5675449231329139
2024-07-24 16:00:00,13,0.9248382664084307,0.15930587116806286,-0.026579501958277074,-0.09201557557189588,0.13509690244467265
2024-07-24 20:00:00,13,-1.02748964249359,-0.7633201284111155,-0.1881942512251286,-0.7087498889950083,0.9248382664084307
2024-07-25 00:00:00,13,-0.49660578762269125,-0.33468197892045,0.21133526550201645,-0.02356184884876278,-1.02748964249359
2024-07-25 04:00:00,13,2.0732655337271346,0.0980413102761265,0.10269379753565414,0.30760289702710253,-0.49660578762269125
2024-07-25 08:00:00,13,-0.5392181268015133,-0.8486451817356363,-0.4232114268829624,-1.0749674852004905,2.0732655337271346
2024-07-25 12:00:00,13,0.5500552166179347,-0.7423941218834111,0.11141409867005869,-0.7153864283853473,-0.5392181268015133
2024-07-25 16:00:00,13,-0.49253104974031103,-1.0157319718237308,-0.1114976624617514,-1.0821942678609773,0.5500552166179347
2024-07-25 20:00:00,13,-0.054020614457440885,-1.3751731386243817,0.10185993246129134,-0.7537467870048946,-0.49253104974031103
2024-07-26 00:00:00,13,-2.0651648598293377,-1.2797928744023856,0.012122003966018476,-0.717722794726237,-0.054020614457440885
2024-07-26 04:00:00,13,1.8873063930035947,0.27818960336179044,0.4236878504399868,0.6594456012989216,-2.0651648598293377
2024-07-26 08:00:00,13,-0.8090650072766827,-0.36528787875380075,-0.385156259364482,-0.5991167385016762,1.8873063930035947
2024-07-26 12:00:00,13,-0.2441477761959696,0.11765635688381142,0.16663627382566815,-0.059586563441760276,-0.8090650072766827
2024-07-26 16:00:00,13,1.259206897697533,0.38431390225271916,0.05103012626439736,0.10322494273731486,-0.2441477761959696
2024-07-26 20:00:00,13,-1.261063721114871,-1.0808146875469533,-0.25662032712074107,-0.7364852311561307,1.259206897697533
2024-07-27 00:00:00,13,1.2288491672993125,-0.5306694228560943,0.2591344791105701,0.10446317730981747,-1.261063721114871
2024-07-29 04:00:00,14,-2.050796237024697,-0.4800724029775659,-0.2491822246347584,-0.7505126396844837,1.2288491672993125
2024-07-29 08:00:00,14,0.8066975201776643,1.3960790802316747,0.43080443452271144,0.6068305069115283,-2.050796237024697
2024-07-29 12:00:00,14,0.21079250770996438,0.573786518787875,-0.16165523534329257,0.07290844745927849,0.8066975201776643
2024-07-29 16:00:00,14,0.851899680512263,0.4315923187330234,-0.038103018975980195,-0.06660700538210662,0.21079250770996438
2024-07-29 20:00:00,14,-0.8892710599557478,-0.6288314823980312,-0.17102724426599483,-0.6304466360848835,0.851899680512263
2024-07-30 00:00:00,14,-1.1813799679137773,0.23287780215318146,0.18997912345674303,-0.04187232679695008,-0.8892710599557478
2024-07-30 04:00:00,14,-0.038291956650100545,0.9350592318068032,0.25054364673436197,0.7400376328682778,-1.1813799679137773
2024-07-30 08:00:00,14,0.005547518919621908,1.245052993772496,0.01354101319436332,0.7653816060970229,-0.038291956650100545
2024-07-30 12:00:00,14,1.101472530624271,1.7524278947987955,0.004451537090462541,0.7617099167062307,0.005547518919621908
2024-07-30 16:00:00,14,1.1532300414386327,0.6798225146799369,-0.22277253610160766,0.03268761618958749,1.101472530624271
2024-07-30 20:00:00,14,-0.8774131368820619,-0.28540455951739485,-0.2335037013728784,-0.7305909899123755,1.1532300414386327
2024-07-31 00:00:00,14,-1.4315136497800847,0.25824861427705226,0.18752055598942138,-0.14986498379876423,-0.8774131368820619
2024-07-31 04:00:00,14,2.233705144226981,1.4779241183679952,0.30240521885760974,0.7975988386464294,-1.4315136497800847
2024-07-31 08:00:00,14,-0.6898308766499017,0.3052387795458007,-0.4575244612023419,-0.6808046781414916,2.233705144226981
2024-07-31 12:00:00,14,-0.5300604433953744,0.6080899630205858,0.1486281091766341,-0.22423215483244618,-0.6898308766499017
2024-07-31 16:00:00,14,0.7468685824842929,1.3462568438136926,0.11550203920649342,0.12659446418269837,-0.5300604433953744
2024-07-31 20:00:00,14,0.9251137057994985,-0.01169942974044423,-0.149250577385631,-0.3677291226957795,0.7468685824842929
2024-08-01 00:00:00,14,-1.8235221485578919,-0.8779942756325146,-0.18620710498901688,-0.9800263006010574,0.9251137057994985
2024-08-01 04:00:00,14,1.1903177735813024,0.7029636522401881,0.3836824658105311,0.2268928688050842,-1.8235221485578919
2024-08-01 08:00:00,14,-1.1340104004268703,0.2804680254966804,-0.24119330191389152,-0.5609326806439547,1.1903177735813024
2024-08-01 12:00:00,14,1.027191197522674,0.6721243745303411,0.24072225753823467,0.18962518434469366,-1.1340104004268703
2024-08-01 16:00:00,14,0.30876726510291874,0.5472583829871526,-0.20737138466403962,-0.4902331589804998,1.027191197522674
2024-08-01 20:00:00,14,-0.40610167065505465,0.04478907729183108,-0.058416656503245276,-0.6945943351979285,0.30876726510291874
2024-08-02 00:00:00,14,0.7065912507971728,0.018620490292338948,0.08980099492962784,-0.42581125985713264,-0.40610167065505465
2024-08-02 04:00:00,14,-0.7012073208838316,-0.1809943109375988,-0.140899659881686,-0.893476830136164,0.7065912507971728
2024-08-02 08:00:00,14,-0.014139391673953838,0.4797678129044724,0.15098684902622947,-0.42937467597702295,-0.7012073208838316
2024-08-02 12:00:00,14,1.4753545084080084,1.0314317874916923,0.00853333097769427,-0.4200163564915531,-0.014139391673953838
2024-08-02 16:00:00,14,1.4813572765417788,1.1657443841772037,-0.30029151320113134,-1.3964967569493112,1.4753545084080084
2024-08-02 20:00:00,14,-2.6966178139783104,-1.1414966982783037,-0.3015360996566054,-2.376950158741807,1.4813572765417788
2024-08-03 00:00:00,14,1.1678055532256533,0.9995748725709226,0.5647061227800774,-0.592162551513475,-2.6966178139783104
2024-08-05 04:00:00,14,-0.968963601159718,0.0704044034870763,-0.2365257212389588,-1.3650881282286402,1.1678055532256533
2024-08-05 08:00:00,14,0.6625715152379552,1.0290555160676047,0.20650221000189536,-0.7237683912452848,-0.968963601159718
2024-08-05 12:00:00,14,1.1926949377218001,1.732351245615984,-0.13177280949705508,-1.1622989917513262,0.6625715152379552
2024-08-05 16:00:00,14,-1.0781085895683358,1.0379757981663722,-0.24168617224067587,-1.951697894708718,1.1926949377218001
2024-08-05 20:00:00,14,-1.336167252955411,1.223116173503965,0.2291318320744237,-1.2381392880965247,-1.0781085895683358
2024-08-06 00:00:00,14,-0.13524057886966112,2.388243118838024,0.2826365335741238,-0.35378157826559686,-1.336167252955411
2024-08-06 04:00:00,14,-0.43064973812400353,2.5725060121658423,0.033641896553912566,-0.264271041062381,-0.13524057886966112
2024-08-06 08:00:00,14,1.8649293231849189,3.162914174916034,0.09489067882197025,0.020759455908899938,-0.43064973812400353
2024-08-06 12:00:00,14,-0.7251893677576842,1.6297223926810591,-0.38106417125824316,-1.2135655296798582,1.8649293231849189
2024-08-06 16:00:00,14,-0.06907151704887227,2.3455817726598243,0.1559591768004481,-0.7335905811504713,-0.7251893677576842
2024-08-06 20:00:00,14,-1.4417546857692791,1.505014197076049,0.01992270629395934,-0.6878748008117608,-0.06907151704887227
2024-08-07 00:00:00,14,0.21821981181133054,3.143684586797579,0.3045285483612879,0.2663671694391585,-1.4417546857692791
2024-08-07 04:00:00,14,0.7235527719779071,2.980321632552403,-0.03964296219538307,0.12193586970003345,0.21821981181133054
2024-08-07 08:00:00,14,-0.24863751999619765,2.2702995394110737,-0.14441638400884618,-0.3569558790334266,0.7235527719779071
2024-08-07 12:00:00,14,0.36754633492433086,2.7090517374912024,0.05715309903136553,-0.19239226824628552,-0.24863751999619765
2024-08-07 16:00:00,14,-0.04927390944770238,2.8068242612369674,-0.07060363966415317,-0.4356570498755943,0.36754633492433086
2024-08-07 20:00:00,14,-0.16734189181998005,2.3573672094639977,0.015817960996104555,-0.40304454450457605,-0.04927390944770238
2024-08-08 00:00:00,14,-0.890224904825601,2.7543975837261505,0.04029763577464549,-0.29228738301797463,-0.16734189181998005
2024-08-08 04:00:00,14,0.22698566649289553,3.177623952994571,0.19017688928397264,0.2969182395002239,-0.890224904825601
2024-08-08 08:00:00,14,0.23361423102661405,2.882667600567747,-0.04146043436225772,0.14668515772090096,0.22698566649289553
2024-08-08 12:00:00,14,0.6542881994692937,3.5047171471300604,-0.04283477057749315,-0.007935115959391226,0.23361423102661405
2024-08-08 16:00:00,14,0.7924807532054654,2.3874042602679904,-0.1300553847386186,-0.4409833083711039,0.6542881994692937
2024-08-08 20:00:00,14,-1.768800226139943,1.6297942286934606,-0.15870759598426304,-0.9654958366041715,0.7924807532054654
2024-08-09 00:00:00,14,-0.24136497146185398,2.9318715205039085,0.37233667301275,0.20520499720061203,-1.768800226139943
2024-08-09 04:00:00,14,0.4519098064172873,2.494849774200156,0.055645242122533585,0.3649551878472437,-0.24136497146185398
2024-08-09 08:00:00,14,0.1394607173252851,3.021352571457986,-0.08809517550512803,0.06585346942886439,0.4519098064172873
2024-08-09 12:00:00,14,-0.1635431823636413,2.783083413746215,-0.023313412218051853,-0.026450215092944873,0.1394607173252851
2024-08-09 16:00:00,14,1.3340294563669897,2.8266594526737987,0.03951002875197162,0.08179272671966764,-0.1635431823636413
2024-08-09 20:00:00,14,-2.145920942459382,1.1353835009230913,-0.27098982410208206,-0.8011500577784929,1.3340294563669897
2024-08-10 00:00:00,14,0.6582234031695808,2.8911925538639323,0.450527155328622,0.6191524724279827,-2.145920942459382
2024-08-12 04:00:00,14,-0.488861197141194,2.161197212011751,-0.13087129185276403,0.18349972005238158,0.6582234031695808
2024-08-12 08:00:00,14,0.22300541359378734,3.104952897584823,0.10695997615807665,0.5070581426770531,-0.488861197141194
2024-08-12 12:00:00,14,-0.6349077128460419,2.7764469711572333,-0.040635186953529315,0.35945943719352513,0.22300541359378734
2024-08-12 16:00:00,14,2.27644631198047,2.968856696558331,0.13724059191147325,0.7796804309685132,-0.6349077128460419
2024-08-12 20:00:00,14,-2.0795070726435334,0.7120811442671671,-0.4663862191932715,-0.727011820741156,2.27644631198047
2024-08-13 00:00:00,14,1.548436469217405,2.613057582337111,0.43675720770005927,0.6493339236052833,-2.0795070726435334
2024-08-13 04:00:00,14,-0.597163313617644,1.7795967802402628,-0.31544399228010106,-0.37551661565687766,1.548436469217405
2024-08-13 08:00:00,14,-0.006291716538047609,2.5490422637076997,0.12941484102407994,0.019722812085310792,-0.597163313617644
2024-08-13 12:00:00,14,0.35747445849804116,2.431518063147872,0.006906229953058369,0.02388705725460838,-0.006291716538047609
2024-08-13 16:00:00,14,0.462705638842257,2.125019555524641,-0.06851538292958975,-0.21271153677703936,0.35747445849804116
2024-08-13 20:00:00,14,-1.3295627149109404,1.5463731071744153,-0.09033353396113683,-0.5189586014220602,0.462705638842257
2024-08-14 00:00:00,14,-0.4146614765162582,2.556742044148307,0.28126717890114095,0.361027818716968,-1.3295627149109404
2024-08-14 04:00:00,14,1.0789744416157916,3.071686824252189,0.09157574587767921,0.635476300309314,-0.4146614765162582
2024-08-14 08:00:00,14,0.6201782927820112,1.7356074849857408,-0.2181078853554833,-0.078655380468593,1.0789744416157916
2024-08-14 12:00:00,14,-1.1705018249391301,1.9802000794165013,-0.12298319289072,-0.48912753766181893,0.6201782927820112
2024-08-14 16:00:00,14,2.5141753009208756,2.3177563778559325,0.24828822238592013,0.28558259758996485,-1.1705018249391301
2024-08-14 20:00:00,14,-2.64949905022395,-0.5638864161030923,-0.5156758590919449,-1.3784533277913518,2.5141753009208756
2024-08-15 00:00:00,14,0.24036019419866683,1.3018666475371032,0.554936734081313,0.3751481821039544,-2.64949905022395
2024-08-15 04:00:00,14,-0.496969675917434,1.4238261522644662,-0.044233447688779515,0.21606301487964963,0.24036019419866683
2024-08-15 08:00:00,14,0.21064203882595578,1.6905460185355143,0.10864115101516189,0.5449881277183692,-0.496969675917434
2024-08-15 12:00:00,14,2.6341739501780044,1.5429559208021153,-0.03807182144663472,0.40557226444361305,0.21064203882595578
2024-08-15 16:00:00,14,-0.09801448383290001,-0.0999484163631847,-0.5405558295009967,-1.3378861512023885,2.6341739501780044
2024-08-15 20:00:00,14,-2.4219903823734477,-0.3858821477296176,0.025923608484064616,-1.2730141344238,-0.09801448383290001
2024-08-16 00:00:00,14,-1.5264589240609059,0.6430894849988886,0.5077661287539617,0.33000813921052874,-2.4219903823734477
2024-08-16 04:00:00,14,1.094896537467534,1.3684547546708432,0.32209073722977427,1.3403125866871601,-1.5264589240609059
2024-08-16 08:00:00,14,1.2872733788095356,1.2356485866434972,-0.2214090997949275,0.615642683099189,1.094896537467534
2024-08-16 12:00:00,14,1.574521112195134,0.7832718232159163,-0.2612956330984806,-0.23635405210916183,1.2872733788095356
2024-08-16 16:00:00,14,-0.5927416185832506,-0.945946988186771,-0.3208522627017618,-1.278469013227582,1.574521112195134
2024-08-16 20:00:00,14,-0.5833930645254952,-0.5972045458555639,0.12849806702458408,-0.8861561353507188,-0.5927416185832506
2024-08-17 00:00:00,14,-0.8015785502743142,-0.02169620922858794,0.1265597806374933,-0.5000307058179612,-0.5833930645254952
2024-08-19 04:00:00,14,-0.3010248014903958,0.4086243966392298,0.17179736008293622,0.030503304353477034,-0.8015785502743142
2024-08-19 08:00:00,14,0.15121020305450905,1.0063032343043976,0.06801483807138964,0.22974004171515894,-0.3010248014903958
2024-08-19 12:00:00,14,0.4584010358382571,1.0494615009978792,-0.025749496782956252,0.12965982452634783,0.15121020305450905
2024-08-19 16:00:00,14,0.2783018589114761,0.2718969072844537,-0.08944103728700556,-0.1737381889643892,0.4584010358382571
2024-08-19 20:00:00,14,-1.6462097462846348,0.20810103138858613,-0.052100098698343096,-0.35793548465792213,0.2783018589114761
2024-08-20 00:00:00,14,0.1065167517790453,0.9050732780514145,0.34691932431663264,0.7316274259025093,-1.6462097462846348
2024-08-20 04:00:00,14,0.9390893997045016,0.8383282115823344,-0.016482961266966883,0.661128085005183,0.1065167517790453
2024-08-20 08:00:00,14,1.0692647284546108,0.45779918945920145,-0.1891047613622763,0.03958093287116249,0.9390893997045016
2024-08-20 12:00:00,14,-1.6491818975801902,0.13394558792124242,-0.2160947178937987,-0.6681242622438575,1.0692647284546108
2024-08-20 16:00:00,14,2.3773210741838824,1.7533817416368387,0.3475355565554322,0.4234058009370223,-1.6491818975801902
2024-08-20 20:00:00,14,-2.1484403873274776,-0.9299259381138244,-0.4873011304375074,-1.1500515757857261,2.3773210741838824
2024-08-21 00:00:00,14,-0.4565832681224311,0.8933354445124498,0.45104952548989885,0.27191847806995284,-2.1484403873274776
2024-08-21 04:00:00,14,1.175932069267926,1.4048916838329073,0.10026761817051716,0.5741133810289689,-0.4565832681224311
2024-08-21 08:00:00,14,0.2629747849744728,0.6864506791092304,-0.23821063586018248,-0.20419082407284073,1.175932069267926
2024-08-21 12:00:00,14,-0.9264824667239822,0.395548334249464,-0.04892225337782724,-0.3782437190745007,0.2629747849744728
2024-08-21 16:00:00,14,1.7156983338915452,0.9936667839681546,0.19769436612825883,0.23495938903809765,-0.9264824667239822
2024-08-21 20:00:00,14,-0.6450259283032729,-1.1697602650177448,-0.350123301334142,-0.9005953448210331,1.7156983338915452
2024-08-22 00:00:00,14,-1.9365841315433716,-0.008083823360180436,0.13933845636850473,-0.4736774934262069,-0.6450259283032729
2024-08-22 04:00:00,14,1.0558661335079709,1.6678725422300573,0.40712421960094175,0.8080730536542688,-1.9365841315433716
2024-08-22 08:00:00,14,0.655150124479043,0.5229965694841235,-0.21331671457576992,0.1092358731652272,1.0558661335079709
2024-08-22 12:00:00,14,-0.1140873383733787,0.8344844890288786,-0.13023409232299676,-0.32438279425699257,0.655150124479043
2024-08-22 16:00:00,14,1.340308541284955,0.5179542337113906,0.029256080539639413,-0.24887277329111157,-0.1140873383733787
2024-08-22 20:00:00,14,-1.6892460267341622,-1.0492830039043017,-0.27229170081421195,-1.135971442575105,1.340308541284955
2024-08-23 00:00:00,14,-1.95773301709964,0.23082483566817827,0.3558422696225048,-0.01792447335075842,-1.6892460267341622
2024-08-23 04:00:00,14,1.104722836817201,2.1684420217169404,0.4115091326818956,1.2778237075997652,-1.95773301709964
2024-08-23 08:00:00,14,0.2414843434805256,1.5662591842502482,-0.22344643970303218,0.5466501544351683,1.104722836817201
2024-08-23 12:00:00,14,-0.19951059894740375,1.3201826684575977,-0.044466523652893684,0.38682095604095323,0.2414843434805256
2024-08-23 16:00:00,14,3.2126634771398717,1.1755188387412914,0.04696734819543099,0.5188693474244914,-0.19951059894740375
2024-08-23 20:00:00,14,-3.154757555209967,-0.5871989647254047,-0.6604971988568904,-1.6074690348526364,3.2126634771398717
2024-08-24 00:00:00,14,0.13655626298816337,1.3259365744145233,0.6596947186986027,0.4805436450168692,-3.154757555209967
2024-08-26 04:00:00,15,-0.1726361177988931,-0.3548017414677539,-0.03684616359636499,0.4561061647565481,0.13655626298816337
2024-08-26 08:00:00,15,0.2425205381889377,0.4956225454311649,0.049570787403791935,0.5714897959649434,-0.1726361177988931
2024-08-26 12:00:00,15,0.3539382206973585,0.1748118814995936,-0.0664623836160266,0.4093979886674006,0.2425205381889377
2024-08-26 16:00:00,15,0.9835428556561894,-0.3465585620853543,-0.09760279006903162,0.17283870056365735,0.3539382206973585
2024-08-26 20:00:00,15,-1.2815902470103318,-1.2029564216133017,-0.2735725625136528,-0.48452516733151363,0.9835428556561894
2024-08-27 00:00:00,15,-0.8758705377204841,-0.1956666567060757,0.3595151476158479,0.37204261411952366,-1.2815902470103318
2024-08-27 04:00:00,15,0.817689855767787,0.41867356639823505,0.24611953240615245,0.9574422651263195,-0.8758705377204841
2024-08-27 08:00:00,15,1.1500238580657332,0.2392724908399276,-0.22721789320355737,0.410928441925865,0.817689855767787
2024-08-27 12:00:00,15,-1.067614087319928,-0.49140421465063133,-0.3201027538173992,-0.35770520444986786,1.1500238580657332
2024-08-27 16:00:00,15,0.518282248953085,0.06982800357623065,0.29971041614058425,0.35584878236830164,-1.067614087319928
2024-08-27 20:00:00,15,-1.2143968753796859,-0.5768967463599042,-0.14353571312745797,0.009447990705893972,0.518282248953085
2024-08-28 00:00:00,15,0.04858401070425522,0.7607157441170904,0.3407351043011973,0.8211061940759947,-1.2143968753796859
2024-08-28 04:00:00,15,0.667677007353916,-0.20067733183473327,-0.012258579013458658,0.7886344283458673,0.04858401070425522
2024-08-28 08:00:00,15,0.24075530618096508,0.45767473036131745,-0.18529042740450963,0.3423836752294527,0.667677007353916
2024-08-28 12:00:00,15,0.6802560503030985,0.2532568570784494,-0.06596901451181851,0.18147168407700143,0.24075530618096508
2024-08-28 16:00:00,15,0.4836927673890621,-0.6286801445960194,-0.18880617554617238,-0.2731864386623446,0.6802560503030985
2024-08-28 20:00:00,15,-1.33754687767048,-1.4116302568601098,-0.13386821250590278,-0.5964688931230189,0.4836927673890621
2024-08-29 00:00:00,15,0.08643991742785317,-0.6887511837915269,0.37515460612249923,0.2974982420558199,-1.33754687767048
2024-08-29 04:00:00,15,-0.5134701798791728,-0.33555578528601493,-0.022839020963781854,0.23972498069345427,0.08643991742785317
2024-08-29 08:00:00,15,0.809061561723329,0.9407823294128868,0.1448313509629603,0.5829095623851259,-0.5134701798791728
2024-08-29 12:00:00,15,1.3145257037809426,1.200788121674925,-0.22480634974392602,0.04216257355674102,0.809061561723329
2024-08-29 16:00:00,15,-0.7307893035180015,-0.4976103207212765,-0.36607978567187155,-0.8364180557627083,1.3145257037809426
2024-08-29 20:00:00,15,-1.9043602535875852,-0.6087911749045648,0.20557041578431404,-0.3479853652964575,-0.7307893035180015
2024-08-30 00:00:00,15,-0.5214493620714382,0.16873774046124257,0.5335746926982954,0.9248189817281212,-1.9043602535875852
2024-08-30 04:00:00,15,1.1244418245659524,1.0856001124261183,0.14706147252926505,1.2733365553055904,-0.5214493620714382
2024-08-30 08:00:00,15,1.370974778418013,0.5653554551627105,-0.31295276735975275,0.5218009991587973,1.1244418245659524
2024-08-30 12:00:00,15,0.22709171829779784,-0.32108763484404323,-0.38185687857596723,-0.39450811532947583,1.370974778418013
2024-08-30 16:00:00,15,-0.12967073243538252,-0.3409287633372404,-0.06215014419690217,-0.5462878669170212,0.22709171829779784
2024-08-30 20:00:00,15,-0.9169472713889881,-1.1835870632356515,0.03756228450275025,-0.4596207189261463,-0.12967073243538252
2024-08-31 00:00:00,15,-0.6834763935625059,-0.735822198807648,0.2576001713263021,0.1532331099739075,-0.9169472713889881
2024-09-02 04:00:00,15,1.0973097573055632,-0.01977771208348712,0.1923468123730942,0.6100435916966767,-0.6834763935625059
2024-09-02 08:00:00,15,0.09193615881498651,-0.41826990110548473,-0.3053695580937107,-0.1233578886691653,1.0973097573055632
2024-09-02 12:00:00,15,-1.097040695626628,-0.45608409552160856,-0.02437517920101879,-0.18480463561109062,0.09193615881498651
2024-09-02 16:00:00,15,-0.16399853349241056,0.4936933262159969,0.3079349324163985,0.5484170138252207,-1.097040695626628
2024-09-02 20:00:00,15,-0.2429083922658446,0.1586418206993162,0.047156647385616327,0.658027601392126,-0.16399853349241056
2024-09-03 04:00:00,15,0.6435885084439441,0.24004553330332712,0.0692113609645695,0.8203786360885648,-0.2429083922658446
2024-09-03 08:00:00,15,-0.7083957285959901,-0.1018420535965187,-0.17855787266085302,0.39022774961668283,0.6435885084439441
2024-09-03 12:00:00,15,2.443030426577401,0.8059185061163774,0.199311579580693,0.8636933982889978,-0.7083957285959901
2024-09-03 16:00:00,15,0.20675262731094435,-0.7799418075293504,-0.6814883901306971,-0.7691382789123633,2.443030426577401
2024-09-03 20:00:00,15,-1.5986550475654369,-1.2754057477755143,-0.05646552084129253,-0.9073241301998856,0.20675262731094435
2024-09-04 00:00:00,15,-2.07446783067037,0.08317074648983745,0.4481323808856273,0.16115810161565491,-1.5986550475654369
2024-09-04 04:00:00,15,0.9849696234599179,1.3613297875798884,0.5811184844181909,1.5476560962391588,-2.07446783067037
2024-09-04 08:00:00,15,1.6538638691631569,1.1264268542867415,-0.27397133341178925,0.8893386292235697,0.9849696234599179
2024-09-04 12:00:00,15,0.19762160912936189,-0.32811136064996704,-0.46092225732551184,-0.21604314824847393,1.6538638691631569
2024-09-04 16:00:00,15,0.08916012601495638,0.1444382358605733,-0.05391346975655769,-0.3481261628419485,0.19762160912936189
2024-09-04 20:00:00,15,-1.7926541209721805,-0.5005754021371204,-0.023599298858028542,-0.4077175115688014,0.08916012601495638
2024-09-05 00:00:00,15,-1.6681832572091313,1.1285210694725099,0.5023536666042184,0.7904265652078859,-1.7926541209721805
2024-09-05 04:00:00,15,1.4750858888415426,2.0904762371718797,0.4675649939099626,1.9053788949519124,-1.6681832572091313
2024-09-05 08:00:00,15,1.556679862865277,1.0805034023176125,-0.41095515294204343,0.919485743687515,1.4750858888415426
2024-09-05 12:00:00,15,0.22928113645530956,0.08448656170092057,-0.43376005659836375,-0.12094181861217379,1.556679862865277
2024-09-05 16:00:00,15,0.22952159595514665,0.4032192016343809,-0.06276207014784223,-0.27418489676468205,0.22928113645530956
2024-09-05 20:00:00,15,-2.283790115495897,-0.2801509554471993,-0.06282927677422173,-0.42758868920226334,0.22952159595514665
2024-09-06 00:00:00,15,-1.192611125766991,1.2708779600206397,0.6396224927801126,1.0988126212739697,-2.283790115495897
2024-09-06 04:00:00,15,1.0902799111698869,2.676853721543428,0.3346461507118831,1.8959100309297572,-1.192611125766991
2024-09-06 08:00:00,15,0.309575248148116,1.4750580246143723,-0.303404768833707,1.167207041148112,1.0902799111698869
2024-09-06 12:00:00,15,2.633356638201329,1.2634065177840625,-0.08520367203368293,0.9602983321305665,0.309575248148116
2024-09-06 16:00:00,15,0.816490261738334,-0.4242552307081141,-0.7346831385332392,-0.7997403843120772,2.633356638201329
2024-09-06 20:00:00,15,-2.378398680169891,-1.0058907013502025,-0.22688261567116982,-1.3454524429869004,0.816490261738334
2024-09-07 00:00:00,15,-1.0290269223599342,0.6164667915445387,0.666064876893253,0.24418175221057403,-2.378398680169891
2024-09-09 04:00:00,15,0.00991513377982578,0.7025634441678938,0.2889255929987769,0.9319454972885524,-1.0290269223599342
2024-09-09 08:00:00,15,2.3341374002747965,1.2682692659187913,-0.0014509179905599738,0.9253185865701017,0.00991513377982578
2024-09-09 12:00:00,15,-1.4035514328908043,-0.27082779993514294,-0.6510536061483198,-0.6347329971707332,2.3341374002747965
2024-09-09 16:00:00,15,0.8073976873999413,0.740521411615232,0.3936023841684604,0.30334915492761105,-1.4035514328908043
2024-09-09 20:00:00,15,-1.0033395741666151,-0.6124376626957407,-0.22434130935221716,-0.236285761503904,0.8073976873999413
2024-09-10 00:00:00,15,-0.9705599617420653,0.22003982331098526,0.2817461718743125,0.4343095048776746,-1.0033395741666151
2024-09-10 04:00:00,15,-0.1886409187454916,0.9356562962794402,0.272584516100371,1.0829960840194577,-0.9705599617420653
2024-09-10 08:00:00,15,1.1128964200821088,1.3412237998899987,0.054044009207152,1.2090767354894965,-0.1886409187454916
2024-09-10 12:00:00,15,0.4180659872635619,0.8188577537597904,-0.30972591341523575,0.46525770303485103,1.1128964200821088
2024-09-10 16:00:00,15,1.0550115641372386,0.19278556695737542,-0.11552601976503679,0.1858377745156865,0.4180659872635619
2024-09-10 20:00:00,15,-1.9233639645205756,-1.0789580205224194,-0.2935475304062312,-0.5192931493551303,1.0550115641372386
2024-09-11 00:00:00,15,-0.5690938271413462,0.4051436443888278,0.5388860873463038,0.7662125790596228,-1.9233639645205756
2024-09-11 04:00:00,15,0.25928089861871406,1.4002061483521724,0.16037774310777758,1.146573960623737,-0.5690938271413462
2024-09-11 08:00:00,15,1.6062339906215968,1.3510345643432784,-0.07114677862704877,0.9732801448970996,0.25928089861871406
2024-09-11 12:00:00,15,1.3203103365716409,0.10776162991952777,-0.4476100635722506,-0.1002675736873222,1.6062339906215968
2024-09-11 16:00:00,15,-0.8670148924691592,-0.599747972191615,-0.36769654714301514,-0.9827144387928168,1.3203103365716409
2024-09-11 20:00:00,15,-1.110784699812454,-1.0760993445266267,0.24364444598969393,-0.4032335753422931,-0.8670148924691592
2024-09-12 00:00:00,15,-1.0331579249414435,-0.21738345268818504,0.31177627848465905,0.3391740609577365,-1.110784699812454
2024-09-12 04:00:00,15,0.029533472785335135,1.0349912530816483,0.29008017723128315,1.0296988162140206,-1.0331579249414435
2024-09-12 08:00:00,15,0.7039369400618689,0.8279807791481244,-0.0069340965741589555,1.0099597293090667,0.029533472785335135
2024-09-12 12:00:00,15,1.9618495720887594,0.5589551545356978,-0.19542480658977876,0.5394741708891093,0.7039369400618689
2024-09-12 16:00:00,15,0.15745991740785925,-0.7406481742015149,-0.5470019509153768,-0.7717539220406504,1.9618495720887594
2024-09-12 20:00:00,15,-2.17204789101506,-1.6715884204504194,-0.042688578196339165,-0.8769943391210298,0.15745991740785925
2024-09-13 00:00:00,15,-0.8715923398001433,0.676358424722646,0.6083913792803932,0.5747225786319934,-2.17204789101506
2024-09-13 04:00:00,15,-0.004673883043007976,1.4725602338263954,0.24492380818063963,1.1572628395101727,-0.8715923398001433
2024-09-13 08:00:00,15,1.994801768268598,1.7447397610253732,0.0026266027708185917,1.16038669102063,-0.004673883043007976
2024-09-13 12:00:00,15,-0.17781602485671044,0.05466275510595688,-0.5562118425542716,-0.17286543778295638,1.994801768268598
2024-09-13 16:00:00,15,0.7032987923221334,0.3822426985864541,0.05101853256899074,-0.05401974722525793,-0.17781602485671044
2024-09-13 20:00:00,15,-1.3309007775426558,-1.0451725370170057,-0.1952464490836358,-0.5240787911684244,0.7032987923221334
2024-09-14 00:00:00,15,-0.9739296670784618,0.12308050958850313,0.37329707099299075,0.36544633514285785,-1.3309007775426558
2024-09-16 04:00:00,15,-0.04719734840725209,0.9869642762278193,0.27352632346379663,1.016385101386465,-0.9739296670784618
2024-09-16 08:00:00,15,1.6875122894384234,1.7381263123636899,0.014511592347161309,1.0479300730417052,-0.04719734840725209
2024-09-16 12:00:00,15,-0.21645902886033141,0.34330051520256477,-0.47032673837630146,-0.07994107088092761,1.6875122894384234
2024-09-16 16:00:00,15,0.7183249112671497,0.7471422343229854,0.06181896230461111,0.06473218217984211,-0.21645902886033141
2024-09-16 20:00:00,15,-2.6333649861086776,-0.7901791987679571,-0.19944613660921004,-0.4153697669731429,0.7183249112671497
2024-09-17 00:00:00,15,-0.18056736740540913,1.2637177303222111,0.7373260467542845,1.3446745289037185,-2.6333649861086776
2024-09-17 04:00:00,15,1.775827648051104,1.5627825602846017,0.05178751217194962,1.465359115620661,-0.18056736740540913
2024-09-17 08:00:00,15,0.29960220844164454,0.42347475247185135,-0.4950102186042618,0.2784612344304911,1.775827648051104
2024-09-17 12:00:00,15,0.4809919773182294,0.39370619583902694,-0.08241628224922921,0.07821813832286217,0.29960220844164454
2024-09-17 16:00:00,15,0.7048985308851083,-0.2416931492769015,-0.13311336194128423,-0.24325920739534546,0.4809919773182294
2024-09-17 20:00:00,15,-1.8023883258922577,-1.4414251242052607,-0.19569356401142854,-0.7143874577521743,0.7048985308851083
2024-09-18 00:00:00,15,-0.8385366408576633,-0.07854190034439136,0.505074303857512,0.4902626035480626,-1.8023883258922577
2024-09-18 04:00:00,15,0.7696886561129492,1.1517722123779204,0.2356849882960204,1.0507096511129177,-0.8385366408576633
2024-09-18 08:00:00,15,-0.5439704652323964,0.5074431352896446,-0.2138019179846282,0.5362780641742066,0.7696886561129492
2024-09-18 12:00:00,15,0.9663310630802471,1.1520554242339787,0.15335595191900905,0.8998479147297616,-0.5439704652323964
2024-09-18 16:00:00,15,0.47031787440545614,0.44917612661721196,-0.2687619956042293,0.25398777590553223,0.9663310630802471
2024-09-18 20:00:00,15,2.9016242780137116,-0.1851876698924224,-0.13013003024974737,-0.0603553920422808,0.47031787440545614
2024-09-19 00:00:00,15,-2.7761887780916545,-2.2693591397785657,-0.8096619314309874,-1.9996943314737052,2.9016242780137116
2024-09-19 04:00:00,15,-0.16095854589342373,-0.45184765095562274,0.7772442252101431,-0.14419186640222748,-2.7761887780916545
2024-09-19 08:00:00,15,-0.3535086495487061,-0.07015260039803135,0.046306993656394395,-0.03661309472919072,-0.16095854589342373
2024-09-19 12:00:00,15,1.3703239724300413,0.23656150665540504,0.10012330319900732,0.19965908381934483,-0.3535086495487061
2024-09-19 16:00:00,15,-0.40603186960669824,-0.7907213766559772,-0.381674983184399,-0.7162150558846143,1.3703239724300413
2024-09-19 20:00:00,15,-1.5516616653517428,-1.0131301744442112,0.11480314919834307,-0.444838288966519,-0.40603186960669824
2024-09-20 00:00:00,15,-1.3679476783787123,0.1526043941542531,0.4349980830812797,0.5922352946952394,-1.5516616653517428
2024-09-20 04:00:00,15,1.448617938585203,1.332568960598284,0.38365140186656443,1.5065212068605067,-1.3679476783787123
2024-09-20 08:00:00,15,0.9915012056340906,0.31035941631298797,-0.40355755939670973,0.5383182599992082,1.448617938585203
2024-09-20 12:00:00,15,0.21032091375816542,0.050421704089803614,-0.27579686163231715,-0.12436467629593295,0.9915012056340906
2024-09-20 16:00:00,15,0.7274507153872278,-0.4391210676692381,-0.05746283013552251,-0.2649354389955132,0.21032091375816542
2024-09-20 20:00:00,15,-1.9273658547973032,-1.022639748370357,-0.20199673040286809,-0.751136739955621,0.7274507153872278
2024-09-21 00:00:00,15,-0.6102939938112435,0.33073602560158954,0.5400045856581692,0.5370437047219525,-1.9273658547973032
2024-09-23 04:00:00,16,1.1375509802486778,0.33741829643572036,0.1140547282985238,0.8635183893176652,-0.6102939938112435
2024-09-23 08:00:00,16,-0.3120898705209836,-0.11332931547009994,-0.2433372508759856,0.13117908642878895,1.1375509802486778
2024-09-23 12:00:00,16,-0.05076430672152199,0.23402643758906544,0.053079205067107234,0.33209815043948865,-0.3120898705209836
2024-09-23 16:00:00,16,0.36582927136167953,0.42764723316852393,-0.0003555456352066031,0.36477949627943396,-0.05076430672152199
2024-09-23 20:00:00,16,-1.8880696325319928,-0.48823332558362703,-0.0855388459806076,0.12926376272805484,0.36582927136167953
2024-09-24 00:00:00,16,1.137437996410588,1.0652022307479492,0.3753289094992906,1.3447764056795517,-1.8880696325319928
2024-09-24 04:00:00,16,0.257327181667371,0.32426600583585335,-0.2433141484166091,0.6125098401946776,1.137437996410588
2024-09-24 08:00:00,16,1.5106189646370218,0.25262203636170405,-0.06335279564094537,0.44684622413815234,0.257327181667371
2024-09-24 12:00:00,16,-0.4356771285984724,-0.5797343771514688,-0.3196206211324968,-0.5256689938181882,1.5106189646370218
2024-09-24 16:00:00,16,0.4440607170994557,-0.610963702551745,0.0783498071059528,-0.2451861933263082,-0.4356771285984724
2024-09-24 20:00:00,16,-0.8516318397491549,-1.0354479874449267,-0.10153528253010478,-0.531066230043308,0.4440607170994557
2024-09-25 00:00:00,16,-0.5235066462672453,-0.5919661962464331,0.1634024746316068,0.017202356304817812,-0.8516318397491549
2024-09-25 04:00:00,16,1.4930702320963558,0.20000929737654893,0.09630881698122401,0.3542285635181752,-0.5235066462672453
2024-09-25 08:00:00,16,-1.3806203700491082,-0.7745551319471068,-0.316032330209793,-0.6069890275374323,1.4930702320963558
2024-09-25 12:00:00,16,-0.16829091242317418,0.4319068992365195,0.271567821450308,0.28183492577226055,-1.3806203700491082
2024-09-25 16:00:00,16,0.7653359587361326,0.6755939814579537,0.023675799730515555,0.39017824543568125,-0.16829091242317418
2024-09-25 20:00:00,16,-0.34966822279679377,0.042613449757314625,-0.16722829087602933,-0.1025342678743435,0.7653359587361326
2024-09-26 00:00:00,16,-0.45274728929548047,-0.048056733651185096,0.06076306827768297,0.12257721017951617,-0.34966822279679377
2024-09-26 04:00:00,16,0.06983123357539434,0.5151346279320516,0.08184024167359054,0.41404953975809633,-0.45274728929548047
2024-09-26 08:00:00,16,0.07709616751382775,0.7267333891381763,-0.02501441382202363,0.36909317489672233,0.06983123357539434
2024-09-26 12:00:00,16,2.2636615540607448,0.40785266488568206,-0.0264999169171853,0.3194597478654888,0.07709616751382775
2024-09-26 16:00:00,16,-0.6501517529657921,-0.966790303223702,-0.473599598347907,-1.1378536853441545,2.2636615540607448
2024-09-26 20:00:00,16,-1.595628207705694,-1.076126777505104,0.12220467502784779,-0.7192951417658602,-0.6501517529657921
2024-09-27 00:00:00,16,-1.3959203592697893,0.04632755243120765,0.3155317185799424,0.3079478298375431,-1.595628207705694
2024-09-27 04:00:00,16,1.470854270264356,0.9973502968840696,0.27469629880961666,1.2066217007637903,-1.3959203592697893
2024-09-27 08:00:00,16,0.6910868520469116,0.27319563195249424,-0.311489703897826,0.2597064331060306,1.470854270264356
2024-09-27 12:00:00,16,0.17437976091752638,-0.3052776955358037,-0.1520461462433954,-0.18520555084132972,0.6910868520469116
2024-09-27 16:00:00,16,0.8644941550969172,0.11922076522436947,-0.04639205638250389,-0.29746878542652055,0.17437976091752638
2024-09-27 20:00:00,16,-1.3036809071188866,-1.1513526547621304,-0.18750374125904512,-0.8540179492774289,0.8644941550969172
2024-09-28 00:00:00,16,-0.37863993078798863,-0.42292163846923064,0.25583556410406066,-0.014726538794649358,-1.3036809071188866
2024-09-30 04:00:00,16,0.04506376462625106,-0.04167000817969321,0.06668708111217829,0.22903651690466553,-0.37863993078798863
2024-09-30 08:00:00,16,0.8116073733085969,0.22829641782828675,-0.019950066080520752,0.2000250997946189,0.04506376462625106
2024-09-30 12:00:00,16,0.2631521123439846,-0.20554904813428665,-0.17668967485383416,-0.3224762986555465,0.8116073733085969
2024-09-30 16:00:00,16,0.1891615474435948,-0.49669622698818816,-0.0645438529337633,-0.49188992305908563,0.2631521123439846
2024-09-30 20:00:00,16,-0.08115465769619057,-0.406068054803376,-0.04941457383725018,-0.6136694636630065,0.1891615474435948
2024-10-01 00:00:00,16,-2.92467541615221,-1.0442228372599514,0.0058585453418759145,-0.561423237801181,-0.08115465769619057
2024-10-01 04:00:00,16,1.1390073074673115,0.9898776240264503,0.5872896944259014,1.321441611889263,-2.92467541615221
2024-10-01 08:00:00,16,-0.2305384961100163,0.5607896340611341,-0.2436350345322696,0.5881647460440078,1.1390073074673115
2024-10-01 12:00:00,16,1.1083134131827403,0.8805883636468971,0.03640392348453261,0.7365821835581947,-0.2305384961100163
2024-10-01 16:00:00,16,1.4406630705570826,0.2721608461445865,-0.2373588762975634,0.023065614643451582,1.1083134131827403
2024-10-01 20:00:00,16,-0.8117228562136578,-1.7078958565414568,-0.3053163345331667,-0.9044129837740709,1.4406630705570826
2024-10-02 00:00:00,16,-1.4949213272725945,-1.0610732712641366,0.15524205375660002,-0.38183723905577693,-0.8117228562136578
2024-10-02 04:00:00,16,-0.21070856536340976,0.17240597855499148,0.29493959980016654,0.5805720610084677,-1.4949213272725945
2024-10-02 08:00:00,16,1.8359177683517878,1.0409833302474274,0.03234918276003847,0.7162232683391689,-0.21070856536340976
2024-10-02 12:00:00,16,-0.5950505787382188,-0.2192728944487397,-0.3861363505067512,-0.4657147388190932,1.8359177683517878
2024-10-02 16:00:00,16,1.4465289105868724,-0.23417603482886745,0.11093781898266357,-0.0826295553124119,-0.5950505787382188
2024-10-02 20:00:00,16,-2.674754537917618,-1.7814048273199368,-0.3065157567982307,-1.013884498942467,1.4465289105868724
2024-10-03 00:00:00,16,-0.8333905340406247,0.2613239834614456,0.536186925796588,0.7080848085511029,-2.674754537917618
2024-10-03 04:00:00,16,1.2673380395204,1.1699866816682276,0.15967256926433857,1.2446098991453525,-0.8333905340406247
2024-10-03 08:00:00,16,0.5850774577938136,1.0885051317739716,-0.2698755621523093,0.4287155150676991,1.2673380395204
2024-10-03 12:00:00,16,0.4567002450273687,0.5228479106782323,-0.13036979176946215,0.05205088639053024,0.5850774577938136
2024-10-03 16:00:00,16,0.3496650461111077,0.1796025265208711,-0.10411975996891078,-0.2419663004254886,0.4567002450273687
2024-10-03 20:00:00,16,-2.169143827574649,-0.500039656454295,-0.08223365327767262,-0.4670757333738358,0.3496650461111077
2024-10-04 00:00:00,16,-0.6354037043601402,1.0492030116279487,0.4328017771460371,0.9293885184564061,-2.169143827574649
2024-10-04 04:00:00,16,0.9788590485941615,1.7872386558088427,0.11918905616097963,1.3384524760140604,-0.6354037043601402
2024-10-04 08:00:00,16,0.4150796341614136,0.7004022771582208,-0.21088859302889143,0.7082768041358598,0.9788590485941615
2024-10-04 12:00:00,16,2.6689379017399038,0.9775121963654485,-0.09560935274596112,0.44105438052308443,0.4150796341614136
2024-10-04 16:00:00,16,-0.18215716067895116,-0.9953358346874169,-0.5564687990832725,-1.2771702585050644,2.6689379017399038
2024-10-04 20:00:00,16,-1.973213029369683,-1.8911830975364452,0.026511111775579868,-1.1599000434693583,-0.18215716067895116
2024-10-05 00:00:00,16,-0.865134445198569,-0.48081460114473906,0.39273867269973084,0.11042671943663507,-1.973213029369683
2024-10-07 04:00:00,16,0.23635625506541302,-0.17687957072714422,0.1661634305271227,0.6673880930388716,-0.865134445198569
2024-10-07 08:00:00,16,0.4941658071131201,0.17001096526611498,-0.05906474888930011,0.5152252642308035,0.23635625506541302
2024-10-07 12:00:00,16,1.7526030016836671,0.004296882596787673,-0.11178056031644382,0.19708827610774904,0.4941658071131201
2024-10-07 16:00:00,16,-0.5442810860148235,-1.1201468346667267,-0.36910049790203314,-0.9312128574496974,1.7526030016836671
2024-10-07 20:00:00,16,-1.373072867000344,-1.1748229989469408,0.10055668692839818,-0.5808123584579441,-0.5442810860148235
2024-10-08 00:00:00,16,-0.5886012996122183,-0.6401459616893069,0.2700245398135174,0.3031526186675997,-1.373072867000344
2024-10-08 04:00:00,16,2.0148102746248657,-0.028970976362836773,0.10961909754838427,0.6820858470871887,-0.5886012996122183
2024-10-08 08:00:00,16,-0.7483262019019534,-0.8741529898310052,-0.4227155367762949,-0.6150206365708524,2.0148102746248657
2024-10-08 12:00:00,16,-0.08954064317016552,-0.13736586510934062,0.1422789728805695,-0.1332587651912025,-0.7483262019019534
2024-10-08 16:00:00,16,1.131490196642929,-0.08353520181845925,0.007573276333670295,-0.07561375996679942,-0.08954064317016552
2024-10-08 20:00:00,16,-0.9576955702147476,-1.4731733096688935,-0.2420979673695224,-0.804051215713999,1.131490196642929
2024-10-09 00:00:00,16,-1.5904691264208655,-0.5029262045316603,0.18508993954543176,-0.18750029320720252,-0.9576955702147476
2024-10-09 04:00:00,16,1.236292101618849,1.2075518561138316,0.3144768113665044,0.8364213345115914,-1.5904691264208655
2024-10-09 08:00:00,16,0.0636740868635215,0.4770813527186586,-0.2635274195214493,0.04051388808783152,1.236292101618849
2024-10-09 12:00:00,16,0.19358230136308485,0.4795289872725407,-0.02375542639345743,-0.0004785924210626291,0.0636740868635215
2024-10-09 16:00:00,16,0.5453343942330964,0.09945798051559923,-0.05031851098051987,-0.12510415214839377,0.19358230136308485
2024-10-09 20:00:00,16,-1.786682623638006,-0.6320807591110978,-0.12224329751211956,-0.4761827561391261,0.5453343942330964
2024-10-10 00:00:00,16,-0.5287782609654847,0.4954589593912088,0.35459772091622166,0.6740583581471871,-1.786682623638006
2024-10-10 04:00:00,16,1.1636277518824016,1.1338572065378711,0.09738673455309708,1.0144783566720879,-0.5287782609654847
2024-10-10 08:00:00,16,0.21143527289042297,1.0481910544050717,-0.2486693193162492,0.26535119540023366,1.1636277518824016
2024-10-10 12:00:00,16,1.208382708908026,0.6692837062855035,-0.05396901140990337,0.12923214399662797,0.21143527289042297
2024-10-10 16:00:00,16,0.2632170576111452,-0.5213388448169728,-0.2578206244414997,-0.6487076284004036,1.208382708908026
2024-10-10 20:00:00,16,-1.2163119122742359,-0.6107886342283145,-0.06455713266847263,-0.8181630636524275,0.2632170576111452
2024-10-11 00:00:00,16,-1.3893212378182067,-0.009163656313925909,0.23797071999635505,-0.03511858178171323,-1.2163119122742359
2024-10-11 04:00:00,16,0.8134501086176567,1.1496979637572722,0.2733469382476695,0.8593068676782067,-1.3893212378182067
2024-10-11 08:00:00,16,0.09261877216258085,0.9160649470738876,-0.17706646960907488,0.33561914218417677,0.8134501086176567
2024-10-11 12:00:00,16,0.6574359300916903,0.7562679974289578,-0.029673913741672046,0.275992480858509,0.09261877216258085
2024-10-11 16:00:00,16,-0.44550761534838834,0.26834177980950424,-0.14516534744423878,-0.1472555133827651,0.6574359300916903
2024-10-11 20:00:00,16,-1.011539333967196,-0.29139522087809605,0.08035990363507484,0.13955601605269052,-0.44550761534838834
2024-10-12 00:00:00,16,1.6610580569280557,0.49290294545793617,0.1960996855922986,0.790770795473188,-1.011539333967196
2024-10-14 04:00:00,16,-0.8103631125386759,-0.01886163146486625,-0.35038177314371977,-0.27859499172231494,1.6610580569280557
2024-10-14 08:00:00,16,0.7435221291028018,0.2150707003976457,0.15496401909655633,0.24310536916498293,-0.8103631125386759
2024-10-14 12:00:00,16,-0.4282427996982925,-0.1362770176301345,-0.1627678908624499,-0.23556370779415658,0.7435221291028018
2024-10-14 16:00:00,16,0.7933401932724333,0.48969773256519494,0.07682966684242708,0.040132976436794365,-0.4282427996982925
2024-10-14 20:00:00,16,-1.3821098469196116,-0.9525103730704485,-0.17295447881302228,-0.47060826873170925,0.7933401932724333
2024-10-15 00:00:00,16,-0.20465099564383138,0.20491347846921054,0.2718723834077952,0.41917458881344594,-1.3821098469196116
2024-10-15 04:00:00,16,0.46481065308498337,0.3953864381389737,0.031110556415484027,0.5509260180571296,-0.20465099564383138
2024-10-15 08:00:00,16,0.21108751838033513,0.8547900890588871,-0.10577814205121347,0.25168746473869774,0.46481065308498337
2024-10-15 12:00:00,16,0.6860344116294748,0.5872171656421695,-0.053897904032263085,0.11579229279185022,0.21108751838033513
2024-10-15 16:00:00,16,0.22334647898856375,0.07298072772574177,-0.15101304450539932,-0.32586700115968625,0.6860344116294748
2024-10-15 20:00:00,16,-1.1203990141013644,-1.2472171407278105,-0.05640456466831499,-0.46965431932402346,0.22334647898856375
2024-10-16 00:00:00,16,-0.5686399970147509,-0.25043238722885763,0.21835885451909648,0.25164278928117234,-1.1203990141013644
2024-10-16 04:00:00,16,0.0953237852750437,0.7305078644534863,0.10553749446110407,0.6177252121695762,-0.5686399970147509
2024-10-16 08:00:00,16,0.46097458239819034,0.7666405979144716,-0.030227023430634062,0.5563571014922051,0.0953237852750437
2024-10-16 12:00:00,16,0.05585143271366988,0.9996784168284895,-0.10499375847294809,0.25958815646507105,0.46097458239819034
2024-10-16 16:00:00,16,1.52640583591843,0.5972637668298892,-0.02215588301832666,0.22363179054472226,0.05585143271366988
2024-10-16 20:00:00,16,-3.5455370736695784,-1.2283142001050957,-0.32284865408505903,-0.7590467928429394,1.52640583591843
2024-10-17 00:00:00,16,-0.15798839655013452,1.6300805761040007,0.7142408713705516,1.5235200494186891,-3.5455370736695784
2024-10-17 04:00:00,16,2.1377543579301257,2.066317327693357,0.021569184674267314,1.6252307544358526,-0.15798839655013452
2024-10-17 08:00:00,16,-0.016771960656356555,0.8229316330894025,-0.44785462514647223,0.24897460115825432,2.1377543579301257
2024-10-17 12:00:00,16,1.0516398739769492,0.6991236829803164,-0.007306157398442896,0.25977215325782765,-0.016771960656356555
2024-10-17 16:00:00,16,-0.22117194560975229,0.2634990847612772,-0.2257705096837132,-0.417258789153264,1.0516398739769492
2024-10-17 20:00:00,16,-1.8962438837230344,-0.4607731370722486,0.03448869068585273,-0.2748714049579526,-0.22117194560975229
2024-10-18 00:00:00,16,0.6251765434455923,0.4731493514117107,0.37700034595663845,0.9459037058062627,-1.8962438837230344
2024-10-18 04:00:00,16,0.5895061509654465,0.3604618826713709,-0.13856908392458325,0.543423850433685,0.6251765434455923
2024-10-18 08:00:00,16,0.653678853906241,0.2907543389328791,-0.13127535229757353,0.16390809145437046,0.5895061509654465
2024-10-18 12:00:00,16,-0.09665840059325781,0.28809501578711644,-0.14439711632891955,-0.25692115004322247,0.653678853906241
2024-10-18 16:00:00,16,-0.33928572821040603,0.05300910257341945,0.009028685394814983,-0.1946938328171015,-0.09665840059325781
2024-10-18 20:00:00,16,-0.816296092786386,-0.05945849384289703,0.058640099510962974,0.02373354142105022,-0.33928572821040603
2024-10-19 00:00:00,16,0.8054173171051122,0.4620689410335812,0.15617716991061686,0.5492534714477557,-0.816296092786386
2024-10-21 04:00:00,17,-0.1476641451470435,0.009461481670296267,-0.0732629468994828,-0.10249713506884106,0.8054173171051122
2024-10-21 08:00:00,17,0.2768686557970561,0.5513851802911343,0.021884810639358723,0.00031112749013928465,-0.1476641451470435
2024-10-21 12:00:00,17,0.1658302486892591,-0.006658527337002552,-0.02049702723215329,-0.19245323945344772,0.2768686557970561
2024-10-21 16:00:00,17,0.2502552618186886,-0.024917756597859376,-0.009411872546606945,-0.30790929502123277,0.1658302486892591
2024-10-21 20:00:00,17,-0.8168352587855043,-0.9622162838506498,-0.01784016645180015,-0.4821446088017183,0.2502552618186886
2024-10-22 00:00:00,17,-1.8417474928338482,-0.351302864410622,0.08868931098292294,0.08656090646760362,-0.8168352587855043
2024-10-22 04:00:00,17,1.8616020238189979,1.1648126763098092,0.19100805770724436,1.368841446689851,-1.8417474928338482
2024-10-22 08:00:00,17,-0.15289222292637916,0.30538741168753575,-0.1787036782228854,0.07273757899380051,1.8616020238189979
2024-10-22 12:00:00,17,0.6626972246264842,0.34598138807410356,0.022406738613665315,0.1791857880847001,-0.15289222292637916
2024-10-22 16:00:00,17,-0.006413133296664597,-0.19045638483922228,-0.05901495520841701,-0.2822041464770244,0.6626972246264842
2024-10-22 20:00:00,17,-1.1902781411878323,-0.44830026797674366,0.007783479787851559,-0.27773912830262226,-0.006413133296664597
2024-10-23 00:00:00,17,-1.2637299304360585,0.30977976087381165,0.12597075463356242,0.5509686635286215,-1.1902781411878323
2024-10-23 04:00:00,17,2.144890888186838,1.575622044260437,0.13330357277239144,1.4308158218386993,-1.2637299304360585
2024-10-23 08:00:00,17,-0.5473128808130987,0.7614233334661944,-0.20698489157964434,-0.06252235699606601,2.144890888186838
2024-10-23 12:00:00,17,0.36418996645155843,0.6816919214202783,0.06178242958160814,0.3185334930649866,-0.5473128808130987
2024-10-23 16:00:00,17,1.8567879804203713,0.5798556599441289,-0.029214463488331666,0.06497337760829147,0.36418996645155843
2024-10-23 20:00:00,17,-1.9446683244270666,-1.371631691367833,-0.17822308401114656,-1.2277788068663256,1.8567879804203713
2024-10-24 00:00:00,17,-0.5964989830362821,-0.5846108774849367,0.20128282090218375,0.12615834211959687,-1.9446683244270666
2024-10-24 04:00:00,17,0.6513488244915404,0.36113527998732564,0.06669276255309758,0.5414590503794923,-0.5964989830362821
2024-10-24 08:00:00,17,-0.4809406493426156,0.25087267315654493,-0.057882024952967646,0.08797021665396443,0.6513488244915404
2024-10-24 12:00:00,17,0.06395010497980813,0.7154716590046757,0.05515637584183391,0.42281570337428853,-0.4809406493426156
2024-10-24 16:00:00,17,1.8169974376925246,0.8120762004834126,0.0007589969914310619,0.37829169805876894,0.06395010497980813
2024-10-24 20:00:00,17,-2.348239854774926,-1.2196387882735455,-0.17425072586364707,-0.8867571020901881,1.8169974376925246
2024-10-25 00:00:00,17,-0.6027714672183748,0.4253151925142739,0.24157205916769328,0.7481588031944728,-2.348239854774926
2024-10-25 04:00:00,17,1.456037065846857,1.1201442035939349,0.06731895541043602,1.1678266054435529,-0.6027714672183748
2024-10-25 08:00:00,17,0.18334981409601703,0.6568580257133689,-0.138215432657603,0.1540893789006521,1.456037065846857
2024-10-25 12:00:00,17,0.7604952835814451,0.20188002909780803,-0.011160880818753001,0.026435669809979245,0.18334981409601703
2024-10-25 16:00:00,17,0.3820953562574054,0.0647402076453681,-0.06877830322195132,-0.5030442436209448,0.7604952835814451
2024-10-25 20:00:00,17,-0.9270367393777654,-1.1884670305535368,-0.03100198927218165,-0.7690706352650452,0.3820953562574054
2024-10-26 00:00:00,17,1.1468802036573003,-0.9384331585747346,0.09969091385854334,-0.12363950227832987,-0.9270367393777654
2024-10-28 04:00:00,17,-1.5287963348516147,-2.1412656607302583,-0.10735177269765454,-0.9221323319620982,1.1468802036573003
2024-10-28 08:00:00,17,1.1818781528873359,0.19707268897367725,0.15976560668859754,0.14226210743360213,-1.5287963348516147
2024-10-28 12:00:00,17,-0.9352458430433988,-0.6248043995626604,-0.11084567801381429,-0.680597357426798,1.1818781528873359
2024-10-28 16:00:00,17,0.053043940719941673,0.003306725555340586,0.1005104427615011,-0.029450797149390695,-0.9352458430433988
2024-10-28 20:00:00,17,-0.8406010003972799,-0.2986526121359513,0.0018477780807457647,-0.06638159967608637,0.053043940719941673
2024-10-29 00:00:00,17,0.0014574913736851158,0.22937241429392397,0.09106188574192053,0.518870346692669,-0.8406010003972799
2024-10-29 04:00:00,17,1.1772182459504936,0.5273350428719055,0.006997741823707283,0.5178555969328418,0.0014574913736851158
2024-10-29 08:00:00,17,-0.4562653921435853,-0.5348150423255976,-0.1103804715095009,-0.30175949919210154,1.1772182459504936
2024-10-29 12:00:00,17,0.6341278371661172,-0.005555570333889526,0.05269300258134263,0.015906324054046905,-0.4562653921435853
2024-10-29 16:00:00,17,0.48335580929895094,-0.26194156703930827,-0.05616282424293923,-0.42559273527693264,0.6341278371661172
2024-10-29 20:00:00,17,-1.9107347908297072,-0.7223905795346756,-0.04111099402766516,-0.7621197297096796,0.48335580929895094
2024-10-30 00:00:00,17,-0.08621690901772716,-0.11305886896882077,0.1978951780248077,0.5681918625904459,-1.9107347908297072
2024-10-30 04:00:00,17,0.6760202756538867,0.37269732881998824,0.01575042763410275,0.628218693142248,-0.08621690901772716
2024-10-30 08:00:00,17,0.17898345118514847,0.5387240382280974,-0.060345018250286896,0.1575528458208737,0.6760202756538867
2024-10-30 12:00:00,17,0.28554894903074235,0.22450706277741006,-0.010724979318173823,0.0329391311995515,0.17898345118514847
2024-10-30 16:00:00,17,0.9851706326758531,0.21818708111113783,-0.021363595798090117,-0.16586871952250704,0.28554894903074235
2024-10-30 20:00:00,17,-1.8158238549847479,-1.30343875149362,-0.09120802878819419,-0.8517744346077674,0.9851706326758531
2024-10-31 00:00:00,17,-0.6283638293473874,-0.08430318150024328,0.18842005646466184,0.4124572816171561,-1.8158238549847479
2024-10-31 04:00:00,17,0.9903997740766499,0.36165623851665235,0.0698738848295262,0.8499432636460611,-0.6283638293473874
2024-10-31 08:00:00,17,0.09483491883072759,0.7513251230370248,-0.09173006294565605,0.1603968615033171,0.9903997740766499
2024-10-31 12:00:00,17,0.6177534008126475,0.6573755425428573,-0.002324286963096291,0.0943699107821363,0.09483491883072759
2024-10-31 16:00:00,17,1.0417023105759053,0.040948990823815215,-0.05452813616883321,-0.33572876865156687,0.6177534008126475
2024-10-31 20:00:00,17,-1.3580808075631765,-0.9339441467086743,-0.09685168318200399,-1.0609935548143774,1.0417023105759053
2024-11-01 00:00:00,17,-0.6060673264188541,-0.7476675274650337,0.14272278270986577,-0.11545645031800333,-1.3580808075631765
2024-11-01 04:00:00,17,-0.3431237867826784,-0.1429054894298041,0.06764798668898836,0.3065060292049875,-0.6060673264188541
2024-11-01 08:00:00,17,0.9269535487326923,0.49962234094811936,0.04139788200581859,0.5453992305752848,-0.3431237867826784
2024-11-01 12:00:00,17,0.8921583536000455,0.13077867393164902,-0.08539611741751982,-0.09997398255774748,0.9269535487326923
2024-11-01 16:00:00,17,0.8865891808183353,-0.4003063406710099,-0.08192245339075917,-0.7211217240745924,0.8921583536000455
2024-11-01 20:00:00,17,-1.8784702472147146,-1.9985168786469476,-0.08136647331716301,-1.3383920383594692,0.8865891808183353
2024-11-02 00:00:00,17,-0.18822106144425277,-0.6319227857862031,0.19467415328078796,-0.030544001230525808,-1.8784702472147146
2024-11-04 04:00:00,17,-0.012841652590498853,0.25000714499025184,0.02593367717512291,0.10050121820863822,-0.18822106144425277
2024-11-04 08:00:00,17,0.9057452459299622,0.1822542895029643,0.008425249898098107,0.10944196675596096,-0.012841652590498853
2024-11-04 12:00:00,17,-0.5844668884292687,-0.31252349672031776,-0.08327885616252059,-0.5211653818484656,0.9057452459299622
2024-11-04 16:00:00,17,0.254315187009599,0.08268428805947364,0.06549157790551535,-0.11424178328070589,-0.5844668884292687
2024-11-04 20:00:00,17,-1.932178752619473,-0.6150976979869751,-0.018245475749053455,-0.29130374028308736,0.254315187009599
2024-11-05 00:00:00,17,0.11443547104509122,0.8163471272571081,0.200035965520793,1.0539377894896163,-1.932178752619473
2024-11-05 04:00:00,17,2.1173691699266133,0.5026082886823503,-0.004281043718508103,0.9742643390284424,0.11443547104509122
2024-11-05 08:00:00,17,0.12730980826153804,-0.16750014822815612,-0.20423735122785922,-0.49991238369147517,2.1173691699266133
2024-11-05 12:00:00,17,-1.1887837360269167,-0.45846402348480575,-0.005566310890790674,-0.5885493387292211,0.12730980826153804
2024-11-05 16:00:00,17,1.6479409205502673,0.5139384589299195,0.12582156560245944,0.2391180028424138,-1.1887837360269167
2024-11-05 20:00:00,17,-2.4432937338142224,-1.4136733462172302,-0.1573735237141032,-0.908228515656786,1.6479409205502673
2024-11-06 00:00:00,17,1.9420556605252415,-0.05580895842384624,0.25106145099217153,0.7928667870963011,-2.4432937338142224
2024-11-06 04:00:00,17,0.7251668943386331,-1.0051321222985046,-0.18673550280622667,-0.5592513459319584,1.9420556605252415
2024-11-06 08:00:00,17,1.3390526192989114,-1.3241732923816154,-0.06525140951239393,-1.0641345618135603,0.7251668943386331
2024-11-06 12:00:00,17,-0.22727404668429863,-2.4466624916851005,-0.12653667465337415,-1.9964236637352677,1.3390526192989114
2024-11-06 16:00:00,17,-0.9116904788739664,-2.443180044001256,0.029832403693218545,-1.8381885698938074,-0.22727404668429863
2024-11-06 20:00:00,17,-1.7688627298153694,-2.164390603735144,0.09815887034350847,-1.2034419695511005,-0.9116904788739664
2024-11-07 00:00:00,17,1.126793190549293,-0.4513850882255768,0.1837318467697543,0.0280939850746158,-1.7688627298153694
2024-11-07 04:00:00,17,-0.637200773445004,-0.8693287266990604,-0.10534645171662957,-0.7564136560207011,1.126793190549293
2024-11-07 08:00:00,17,0.35585835186236636,-0.3194719312025849,0.07075609211996857,-0.312775125124217,-0.637200773445004
2024-11-07 12:00:00,17,-0.7663317909665288,-0.5521836550902689,-0.02838270410968814,-0.5605345174644558,0.35585835186236636
2024-11-07 16:00:00,17,1.0061379890459268,0.25042898381921125,0.08364746314385624,-0.02699105033147653,-0.7663317909665288
2024-11-07 20:00:00,17,0.2985090309337419,-0.6564991842732675,-0.09330123594743954,-0.7274948757211419,1.0061379890459268
2024-11-08 00:00:00,17,-0.9183009690598052,-1.0983283756076996,-0.02265742300953984,-0.935325929074704,0.2985090309337419
2024-11-08 04:00:00,17,-0.08818384231292065,0.007660552442333834,0.09881880692010371,-0.2959769046974241,-0.9183009690598052
2024-11-08 08:00:00,17,0.12411703532310803,0.1755197146576033,0.01594678995954753,-0.23458063544777907,-0.08818384231292065
2024-11-08 12:00:00,17,-0.09053024160105849,0.028713465703591134,-0.005247570890639521,-0.32099468499808737,0.12411703532310803
2024-11-08 16:00:00,17,0.7513759766225441,-0.1660923507523776,0.01618103502610196,-0.25796478130155087,-0.09053024160105849
2024-11-08 20:00:00,17,-1.7590988885328827,-0.8035402721978995,-0.06786790716262872,-0.7810955562652246,0.7513759766225441
2024-11-09 00:00:00,17,0.9410343858959571,0.19885554459090693,0.1827571057431074,0.4436425155220096,-1.7590988885328827
2024-11-11 04:00:00,17,-0.3922556515659661,-1.14852522176088,-0.086801831549435,-0.21153420409317825,0.9410343858959571
2024-11-11 08:00:00,17,0.12324000586617068,0.37462765436504997,0.04630280036063032,0.06156609372306043,-0.3922556515659661
2024-11-11 12:00:00,17,1.5781606009878253,0.3267145555291064,-0.0051600155352705184,-0.024237341283065206,0.12324000586617068
2024-11-11 16:00:00,17,-0.7950297823893013,-0.869709969143791,-0.15040723469299377,-1.123000682004875,1.5781606009878253
2024-11-11 20:00:00,17,-0.16813081701731747,-1.0273734057980204,0.08651243286354143,-0.5694768016566911,-0.7950297823893013
2024-11-12 00:00:00,17,-0.5664982923411852,-1.0015759192791243,0.023928033605985517,-0.4524190205483549,-0.16813081701731747
2024-11-12 04:00:00,17,0.10130550253455972,-0.594352007191776,0.0636977421300693,-0.05800570430133334,-0.5664982923411852
2024-11-12 08:00:00,17,1.111383084706544,-0.20227185082134208,-0.002970256435561084,-0.12853767191521293,0.10130550253455972
2024-11-12 12:00:00,17,0.34118596709271465,-0.9444006220759641,-0.10380803441187053,-0.9023163293024989,1.111383084706544
2024-11-12 16:00:00,17,-0.4548256118491576,-1.3858343046707127,-0.02691793476533375,-1.1398603617511238,0.34118596709271465
2024-11-12 20:00:00,17,-1.494839799356786,-1.4823741407067756,0.052549266844378766,-0.823196957273522,-0.4548256118491576
2024-11-13 00:00:00,17,0.4764452465632214,-0.6507499819776634,0.15637566749233373,0.21755591081677217,-1.494839799356786
2024-11-13 04:00:00,17,0.021867812767256467,-0.32469917246495417,-0.04042110069359233,-0.1141597399586658,0.4764452465632214
2024-11-13 08:00:00,17,0.10088839833663243,-0.21814983902130136,0.004960144421847876,-0.12938477535455029,0.021867812767256467
2024-11-13 12:00:00,17,-0.2156234266600272,-0.01977969530884287,-0.0029286162078736864,-0.19962634235796095,0.10088839833663243
2024-11-13 16:00:00,17,1.6111008777785987,-1.0786201993623583,0.028669302307711513,-0.04950276401836895,-0.2156234266600272
2024-11-13 20:00:00,17,-1.4001238989084417,-1.8413983176473776,-0.15369571903927898,-1.171200125871028,1.6111008777785987
2024-11-14 00:00:00,17,1.1200739765555596,-1.1152293213533029,0.14692001665044607,-0.19639134428939187,-1.4001238989084417
2024-11-14 04:00:00,17,-0.8235341852800424,-1.3296640560870043,-0.10467566105575929,-0.9762208645330315,1.1200739765555596
2024-11-14 08:00:00,17,0.48683135375236475,-0.3751793894336928,0.08935807630794214,-0.4028513531851221,-0.8235341852800424
2024-11-14 12:00:00,17,-0.5472072908003813,-0.9281521582831929,-0.04145796359329647,-0.7417981272220917,0.48683135375236475
2024-11-14 16:00:00,17,0.887198380496498,-0.19471053658046128,0.061771888349482176,-0.3608157921347672,-0.5472072908003813
2024-11-14 20:00:00,17,0.15943646189341898,-1.5836390046921969,-0.08142729076621254,-0.9785102497375835,0.887198380496498
2024-11-15 00:00:00,17,-1.314970132767101,-1.6921898513879763,-0.008773569841224255,-1.089514756752413,0.15943646189341898
2024-11-15 04:00:00,17,-0.12284306800172473,-0.5925144634290085,0.13841897008178256,-0.1739926133633265,-1.314970132767101
2024-11-15 08:00:00,17,-0.015269333919833983,-0.20370918170720045,0.01940687992345225,-0.08846553855382666,-0.12284306800172473
2024-11-15 12:00:00,17,1.1244897220268673,-0.3935660798047355,0.008667609490277478,-0.07783456453391224,-0.015269333919833983
2024-11-15 16:00:00,17,-0.07577503313958722,-0.5936398561406095,-0.10511649250207071,-0.8607384608852762,1.1244897220268673
2024-11-15 20:00:00,17,-1.3282259653955197,-1.076582213348897,0.014707997250496064,-0.8079815814500382,-0.07577503313958722
2024-11-16 00:00:00,17,2.2514307599220675,-0.469956370741274,0.13974232259555808,0.11676967520783244,-1.3282259653955197
2024-11-18 04:00:00,18,-2.5353924356180695,-1.1976739548189657,-0.47282861175808455,-1.324891302174949,2.2514307599220675
2024-11-18 08:00:00,18,0.9814186141184429,1.4243584457698333,0.5604998552021748,0.41310077164639836,-2.5353924356180695
2024-11-18 12:00:00,18,-0.2632565696641329,0.10984312964507145,-0.19867190071288232,-0.25965416304392974,0.9814186141184429
2024-11-18 16:00:00,18,-0.004779951908531643,-0.25750136392091805,0.07001533651782141,-0.07919380312882929,-0.2632565696641329
2024-11-18 20:00:00,18,-0.5951398764899913,-0.3675741973440828,0.01421815407345702,-0.07591718274708192,-0.004779951908531643
2024-11-19 00:00:00,18,0.5976148948112741,0.06257242155220585,0.14165877406353766,0.33204663919375044,-0.5951398764899913
2024-11-19 04:00:00,18,-0.41088162959793806,-0.037906201161459985,-0.11582043687464644,-0.07761378882845982,0.5976148948112741
2024-11-19 08:00:00,18,1.1492307946169884,0.6617507926206605,0.10188306395100527,0.20404241771691112,-0.41088162959793806
2024-11-19 12:00:00,18,0.3218543932368778,-0.23258414529528784,-0.23489740897342998,-0.583746479960709,1.1492307946169884
2024-11-19 16:00:00,18,-0.32017945336827225,-0.9515749425090486,-0.056292193465624994,-0.8043751986205514,0.3218543932368778
2024-11-19 20:00:00,18,-1.8028796938405698,-0.3396250667761769,0.08230324307926656,-0.584894638397591,-0.32017945336827225
2024-11-20 00:00:00,18,-0.09071354552550837,0.6255755460108431,0.4023727973248283,0.650965567671264,-1.8028796938405698
2024-11-20 04:00:00,18,0.8169303075838314,0.8761214988249504,0.032768584061209416,0.7131490075587994,-0.09071354552550837
2024-11-20 08:00:00,18,0.1750201502943174,0.5613590926107693,-0.16316391500272281,0.15314954574017214,0.8169303075838314
2024-11-20 12:00:00,18,0.06291867928576167,0.5021271178031893,-0.024595179191425225,0.03317457472690144,0.1750201502943174
2024-11-20 16:00:00,18,1.0059494150543316,0.09140776781095705,-0.0003959062186556714,-0.009955697477805003,0.06291867928576167
2024-11-20 20:00:00,18,-1.459022676832813,-1.1644257778637246,-0.20396734904863997,-0.6995263081132528,1.0059494150543316
2024-11-21 00:00:00,18,0.485113985574138,-0.3404906497304796,0.32814460260704537,0.30062254941178423,-1.459022676832813
2024-11-21 04:00:00,18,-0.7697756756997443,-0.681841752488783,-0.09153493742650404,-0.031919367958968436,0.485113985574138
2024-11-21 08:00:00,18,0.31199582149591265,0.12151658651919452,0.1793572925385722,0.49575595527377914,-0.7697756756997443
2024-11-21 12:00:00,18,1.2625145608620034,0.0767180739818949,-0.054164029878342186,0.2818852119491506,0.31199582149591265
2024-11-21 16:00:00,18,-0.7855326276243968,-0.6868730866101848,-0.2593519032640295,-0.5835588388560637,1.2625145608620034
2024-11-21 20:00:00,18,-1.2335655116432882,-0.6841184126431766,0.18275873569014664,-0.04508224589958054,-0.7855326276243968
2024-11-22 00:00:00,18,0.8395038539808155,0.7210093012919294,0.279475308306066,0.8005174536407278,-1.2335655116432882
2024-11-22 04:00:00,18,1.0206929798151965,0.295870942947889,-0.16803685205082278,0.22504399885563053,0.8395038539808155
2024-11-22 08:00:00,18,0.2667697391428234,-0.5360866795657331,-0.2071500329601887,-0.4746332123731918,1.0206929798151965
2024-11-22 12:00:00,18,0.03374188961345226,5.241455231792933,-0.04440110435644753,-0.6575018230277738,0.2667697391428234
2024-11-22 16:00:00,18,-0.46521995097554303,2.744825012126189,0.005902468739291241,-0.6806316296328951,0.03374188961345226
2024-11-22 20:00:00,18,-0.697468690186362,0.791131463914797,0.11361304269319666,-0.361726920436686,-0.46521995097554303
2024-11-23 00:00:00,18,1.2170442130404489,0.7891754816018915,0.16374842974191106,0.11638251865965188,-0.697468690186362
2024-11-25 04:00:00,18,1.2840293001047591,0.9477487761280445,-0.24953624831141435,-0.7178919573698543,1.2170442130404489
2024-11-25 08:00:00,18,-2.604384255678294,0.039675732073630204,-0.2639962762877668,-1.598084196956,1.2840293001047591
2024-11-25 12:00:00,18,2.3915560901102975,1.8851510266137526,0.575393075349109,0.18720124050352638,-2.604384255678294
2024-11-25 16:00:00,18,0.16099592665941387,-0.552735089967443,-0.5030773773194717,-1.4521921213756208,2.3915560901102975
2024-11-25 20:00:00,18,-1.723914235423944,-1.4649998525240617,-0.02156777898945736,-1.5625535946216242,0.16099592665941387
2024-11-26 00:00:00,18,1.681644285472835,-0.09029758808341322,0.38532657423380423,-0.3808236048087412,-1.723914235423944
2024-11-26 04:00:00,18,-2.0464866138191677,-1.044581252898376,-0.3498291693124398,-1.5335778680462067,1.681644285472835
2024-11-26 08:00:00,18,1.017796377164661,0.841703877608704,0.4549600676039828,-0.13072698625277646,-2.0464866138191677
2024-11-26 12:00:00,18,0.2457251937082443,0.03013311680558764,-0.20652474519542238,-0.8284185985751282,1.017796377164661
2024-11-26 16:00:00,18,-0.6289006506703778,-0.28355469457085863,-0.03985823176987492,-0.9968613346989468,0.2457251937082443
2024-11-26 20:00:00,18,-0.775938976926092,-0.16093151330642524,0.14894669083048936,-0.5657547609271631,-0.6289006506703778
2024-11-27 00:00:00,18,-0.6264478681148145,0.5170057053729558,0.1806877604391978,-0.033854541962504925,-0.775938976926092
2024-11-27 04:00:00,18,0.9066153376870698,0.8457802672326089,0.14841721022625717,0.3955706681748019,-0.6264478681148145
2024-11-27 08:00:00,18,0.05901263441932514,0.05201034524276518,-0.18252416518957076,-0.2259071940958055,0.9066153376870698
2024-11-27 12:00:00,18,0.2692182118016273,0.41983662586219495,0.0004472891927548416,-0.266359902495207,0.05901263441932514
2024-11-27 16:00:00,18,0.7792844923087543,0.48241066201318755,-0.044929654586017984,-0.4509069223830853,0.2692182118016273
2024-11-27 20:00:00,18,-1.803980488438933,-0.31127835760932177,-0.15503733689515703,-0.9851004664899321,0.7792844923087543
2024-11-28 00:00:00,18,0.8651069744859132,0.7105627109387838,0.4026104251519485,0.2515143258354673,-1.803980488438933
2024-11-28 04:00:00,18,-0.7089124978432366,0.30425229400849074,-0.17356378132733769,-0.34150987173714853,0.8651069744859132
2024-11-28 08:00:00,18,-0.3370362629464019,1.1900339058238152,0.16621879719422972,0.14444420975954309,-0.7089124978432366
2024-11-28 12:00:00,18,-0.1565144572835493,1.4500004013578771,0.08594211180026687,0.3754799836942464,-0.3370362629464019
2024-11-28 16:00:00,18,0.32420220822391776,1.5653388248043458,0.04697298487026236,0.48276944404595135,-0.1565144572835493
2024-11-28 20:00:00,18,1.6222543892018013,0.8738433623249577,-0.056799014787859044,0.2605313162149887,0.32420220822391776
2024-11-29 04:00:00,18,-1.2794910011583518,-0.7476587949972273,-0.33700871032330193,-0.8515116285164854,1.6222543892018013
2024-11-29 08:00:00,18,0.7280552372080074,0.9166490100658626,0.28938921440546295,0.02556964194051048,-1.2794910011583518
2024-11-29 12:00:00,18,-0.7887621100138453,0.3458766013322878,-0.14397851030509376,-0.47350664060869185,0.7280552372080074
2024-11-29 16:00:00,18,0.2453653863794738,0.6834596688900272,0.18345588199161714,0.06718373776284281,-0.7887621100138453
2024-11-29 20:00:00,18,0.20046700973405684,0.20924157397013868,-0.03978056039154077,-0.10101235319602253,0.2453653863794738
2024-11-30 00:00:00,18,1.4854726181791875,0.13346628125294777,-0.03008837649152983,-0.2384309512346814,0.20046700973405684
2024-12-02 04:00:00,18,-1.5174965564879255,-0.4691628968279758,-0.30748171674422153,-1.2567110407407078,1.4854726181791875
2024-12-02 08:00:00,18,-0.24559546436062973,0.39308373770156246,0.34076732167415685,-0.21647878707609358,-1.5174965564879255
2024-12-02 12:00:00,18,0.6290129160472198,0.8038145059965199,0.06620284499210644,-0.048124979425329784,-0.24559546436062973
2024-12-02 16:00:00,18,-0.7896629478915074,0.5770319934269658,-0.12259830767203744,-0.47930851025211396,0.6290129160472198
2024-12-02 20:00:00,18,0.680216249291492,0.4457654819410492,0.1836503452891067,0.06199938557714546,-0.7896629478915074
2024-12-03 00:00:00,18,-0.046607401364108014,-0.06839689382011327,-0.13365153852749395,-0.4042836375734318,0.680216249291492
2024-12-03 04:00:00,18,-0.7214628891987971,0.5292674497205738,0.02324741888170349,-0.37233462131296235,-0.046607401364108014
2024-12-03 08:00:00,18,0.40535011983785196,0.9498106648134668,0.16892804216305904,0.12222265722450665,-0.7214628891987971
2024-12-03 12:00:00,18,0.23013042584945076,0.883118301514579,-0.07431636265714703,-0.1556417417946463,0.40535011983785196
2024-12-03 16:00:00,18,0.30196816788643055,-0.1161857433714952,-0.036491799189047186,-0.31339438412828713,0.23013042584945076
2024-12-03 20:00:00,18,-1.3227496317526377,-0.261797199608375,-0.05199936669605696,-0.520391247793313,0.30196816788643055
2024-12-04 00:00:00,18,-0.2241038529492485,1.0200283910701056,0.29872742737235103,0.3863434822390275,-1.3227496317526377
2024-12-04 04:00:00,18,0.12510957557556246,0.9782502469123553,0.06156346455856146,0.5399649550599293,-0.2241038529492485
2024-12-04 08:00:00,18,0.24707937975717265,1.4319608424258041,-0.013821015293479757,0.4542033003137771,0.12510957557556246
2024-12-04 12:00:00,18,1.712124753467533,1.3388490543656038,-0.04015055904764483,0.2848322800369978,0.24707937975717265
2024-12-04 16:00:00,18,-1.185041536327473,0.06431871438510475,-0.35640896847747633,-0.8888161102937477,1.712124753467533
2024-12-04 20:00:00,18,-0.38591812411968895,0.37555831803117773,0.2690004687359258,-0.07647922376196448,-1.185041536327473
2024-12-05 00:00:00,18,-1.0638322395380566,0.518495510128764,0.09649420796195879,0.18806469119237512,-0.38591812411968895
2024-12-05 04:00:00,18,1.2017480435926444,1.563109454997798,0.24283509522694957,0.9173135341794865,-1.0638322395380566
2024-12-05 08:00:00,18,0.021859991004463453,0.3703074128696247,-0.24623427397891956,0.09352446501901035,1.2017480435926444
2024-12-05 12:00:00,18,0.38179322289654394,1.1236229362229524,0.008467406605733209,0.07853960880273725,0.021859991004463453
2024-12-05 16:00:00,18,1.002140357076133,0.8145736151918885,-0.06923115035488736,-0.1831767179919126,0.38179322289654394
2024-12-05 20:00:00,18,-1.9554563581307427,-0.43156186134666125,-0.20314509013486978,-0.8701362485902688,1.002140357076133
2024-12-06 00:00:00,18,2.1069992952677126,0.5334569200436003,0.4353094244289518,0.47031409092740617,-1.9554563581307427
2024-12-06 04:00:00,18,-0.7116803827168887,-0.598006311579009,-0.4416502836988488,-0.9740177700019448,2.1069992952677126
2024-12-06 08:00:00,18,-0.7084342690589054,-0.03058652070946169,0.16681629873468312,-0.4861663246478578,-0.7116803827168887
2024-12-06 12:00:00,18,0.4760638033299429,0.7923067316731082,0.16611556225189267,-0.0005400653158798008,-0.7084342690589054
2024-12-06 16:00:00,18,0.05447959321608131,0.5164175834749174,-0.08958128036375351,-0.3268781521529114,0.4760638033299429
2024-12-06 20:00:00,18,-1.3114548728638642,0.023331269937272373,0.001425833903071239,-0.3642234955657866,0.05447959321608131
2024-12-07 00:00:00,18,2.744407810107088,0.7596972912441164,0.29628923498243864,0.5347687638538634,-1.3114548728638642
2024-12-09 04:00:00,18,-1.3549514474137183,-0.9206691279247312,-0.5792472528286156,-1.3465017464988112,2.744407810107088
2024-12-09 08:00:00,18,-1.2667557680238293,0.45968252488448913,0.30567881275909425,-0.4176929187467735,-1.3549514474137183
2024-12-09 12:00:00,18,0.8663979721826003,0.8718565758590475,0.2866400677598257,0.45065844704728875,-1.2667557680238293
2024-12-09 16:00:00,18,0.0626240090055088,0.2925559061100753,-0.1738424681758534,-0.14325071954733737,0.8663979721826003
2024-12-09 20:00:00,18,-1.4646782785236354,-0.43912084275510144,-0.0003322959333967243,-0.18617899753439282,0.0626240090055088
2024-12-10 00:00:00,18,0.7077327379119538,0.7065276137254549,0.32936547373308994,0.8178467315838756,-1.4646782785236354
2024-12-10 04:00:00,18,0.3362230179097878,0.8709827350391901,-0.13959150535743717,0.3327013664739553,0.7077327379119538
2024-12-10 08:00:00,18,-0.17163925825019888,0.652557435748399,-0.0593939392997763,0.10222306577607831,0.3362230179097878
2024-12-10 12:00:00,18,0.9391318628745555,0.7698442527275504,0.05023796599814451,0.21988046121699512,-0.17163925825019888
2024-12-10 16:00:00,18,-0.47777129924677375,0.04662990391585367,-0.1895434867208453,-0.4238872297405436,0.9391318628745555
2024-12-10 20:00:00,18,-1.7834532749063072,-0.2546285604461028,0.11632249423080077,-0.09637866754520097,-0.47777129924677375
2024-12-11 00:00:00,18,0.6194850438120945,1.17982680534277,0.39817922867274774,1.1261648773014432,-1.7834532749063072
2024-12-11 04:00:00,18,2.4376174074924553,1.2378599392521332,-0.12054153197593734,0.7015126298343475,0.6194850438120945
2024-12-11 08:00:00,18,-0.6534348985532201,-0.6497350316600796,-0.5130206044938157,-0.9694554119228851,2.4376174074924553
2024-12-11 12:00:00,18,0.0031342235066826873,0.13229632483278989,0.1542428832564851,-0.5215307993502751,-0.6534348985532201
2024-12-11 16:00:00,18,-0.211737293409346,-0.1222841015021458,0.012509726079568014,-0.5236792855316157,0.0031342235066826873
2024-12-11 20:00:00,18,-0.9327350654029072,-0.1278511401202808,0.058893903246406434,-0.3785349944514387,-0.211737293409346
2024-12-12 00:00:00,18,0.8273444095507791,0.6885590729073635,0.21453523194850016,0.260847740888428,-0.9327350654029072
2024-12-12 04:00:00,18,-0.7835389032303439,0.33902965768689297,-0.165412000545197,-0.30629050797564794,0.8273444095507791
2024-12-12 08:00:00,18,0.4302740892904424,0.8182931698146134,0.18232835167814315,0.23081940219612385,-0.7835389032303439
2024-12-12 12:00:00,18,1.0184985141080816,0.7970597925748086,-0.0796966840295773,-0.06413018677162441,0.4302740892904424
2024-12-12 16:00:00,18,0.36202219338589003,-0.18807565924414668,-0.20667631504910258,-0.7623031085848684,1.0184985141080816
2024-12-12 20:00:00,18,-1.9656097539671613,-0.610927132425489,-0.06496319083770599,-1.0104665462495834,0.36202219338589003
2024-12-13 00:00:00,18,0.3491644273069632,0.4749117731808047,0.43750123150548276,0.33694386826009826,-1.9656097539671613
2024-12-13 04:00:00,18,-0.7611623553921696,0.28803647325955506,-0.06218759308359426,0.09759433065215006,0.3491644273069632
2024-12-13 08:00:00,18,1.6421433043570328,1.3424681308386863,0.17749794058315502,0.619365288858976,-0.7611623553921696
2024-12-13 12:00:00,18,-0.3099326673776126,0.4172815478535619,-0.3413021177393114,-0.5063113547078686,1.6421433043570328
2024-12-13 16:00:00,18,0.27977902516324527,0.6459968141584806,0.08009127592976681,-0.29385488771155366,-0.3099326673776126
2024-12-13 20:00:00,18,-1.222648854428778,-0.4884624547419424,-0.047209410623588265,-0.4856412641809804,0.27977902516324527
2024-12-14 00:00:00,18,0.2953804773160673,0.743958383114208,0.27711873648316876,0.3524751505451498,-1.222648854428778
2024-12-16 04:00:00,19,-1.0478615346762972,0.18639881968361682,-0.10836004508676986,0.2681359757817745,0.2953804773160673
2024-12-16 08:00:00,19,0.6576882274669238,1.1240767086688204,0.3983111489154958,1.0502153604463196,-1.0478615346762972
2024-12-16 12:00:00,19,0.4406350821016165,0.6657039299215983,-0.24502261127089878,0.5593447757203105,0.6576882274669238
2024-12-16 16:00:00,19,0.09028592961846904,0.23004062027774747,-0.1631501152185547,0.23047344829049088,0.4406350821016165
2024-12-16 20:00:00,19,-1.4264728415509431,0.13405535089807166,-0.030998334808542315,0.16308786160446687,0.09028592961846904
2024-12-17 00:00:00,19,0.5826123642100551,1.0854043737363557,0.5411234204229965,1.2277466597781004,-1.4264728415509431
2024-12-17 04:00:00,19,0.40950853903917306,0.8165834373269142,-0.21670397848730422,0.7929095136277624,0.5826123642100551
2024-12-17 08:00:00,19,0.9508645783572014,0.5827545061659266,-0.15140917605955762,0.4872697171201352,0.40950853903917306
2024-12-17 12:00:00,19,-0.28299894744393406,-0.1925226025044421,-0.35560879784979843,-0.22241525530385786,0.9508645783572014
2024-12-17 16:00:00,19,0.2721876787393782,-0.04621294601093585,0.10980480615610452,-0.011196849671632592,-0.28299894744393406
2024-12-17 20:00:00,19,-1.4198311802197967,-0.4371033009248175,-0.09961171616153378,-0.21434618310672526,0.2721876787393782
2024-12-18 00:00:00,19,-0.5395432030369225,0.64537066620334,0.538618184250537,0.8453555608807193,-1.4198311802197967
2024-12-18 04:00:00,19,0.8623756914177374,1.0346188332910136,0.20657335801439822,1.2480477127225242,-0.5395432030369225
2024-12-18 08:00:00,19,0.0903841388033726,0.5402903265258951,-0.3222307694667757,0.6044070905844166,0.8623756914177374
2024-12-18 12:00:00,19,-0.05740755995229918,0.4294584685203829,-0.031035379335539553,0.5369482047301766,0.0903841388033726
2024-12-18 16:00:00,19,0.6078577747899789,0.4270125116752882,0.024711683221780936,0.5797947714537628,-0.05740755995229918
2024-12-18 20:00:00,19,2.5967575114350367,-0.039761406511698114,-0.22622655312940834,0.12611552210698385,0.6078577747899789
2024-12-19 00:00:00,19,-1.0490455120565336,-1.9328890386217505,-0.9764399884745735,-1.8119940939631576,2.5967575114350367
2024-12-19 04:00:00,19,-1.097436354394862,-1.0482572326028774,0.39875774545399023,-1.029031038822744,-1.0490455120565336
2024-12-19 08:00:00,19,0.2096130072447373,-0.24680096372425014,0.41701078224664495,-0.20995111237160913,-1.097436354394862
2024-12-19 12:00:00,19,-0.18057237952783822,-0.31867408678915177,-0.07600853576855074,-0.36639736628844055,0.2096130072447373
2024-12-19 16:00:00,19,-0.3330076396352144,-0.2292271438994613,0.07116948132240104,-0.23162580459334592,-0.18057237952783822
2024-12-19 20:00:00,19,0.36613195381021946,-0.17860838047967525,0.12866809628314965,0.016916966828219415,-0.3330076396352144
2024-12-20 00:00:00,19,0.3271890555652206,-0.4335618079960481,-0.13504751819486907,-0.2563483871008003,0.36613195381021946
2024-12-20 04:00:00,19,-1.4300620550602297,-0.4911246380581865,-0.12035824807411404,-0.5005484142775494,0.3271890555652206
2024-12-20 08:00:00,19,-0.6966230423400877,0.5476790596929452,0.54247727257923,0.5667892205552043,-1.4300620550602297
2024-12-20 12:00:00,19,2.067204067674968,0.8882548587905441,0.2658239093095963,1.0867190989477553,-0.6966230423400877
2024-12-20 16:00:00,19,-0.18010269406372004,-0.5553009366893494,-0.7766923084269881,-0.45615429770070115,2.067204067674968
2024-12-20 20:00:00,19,-1.3056671882307551,-0.3694532510895326,0.0709923158579608,-0.32173328930545253,-0.18010269406372004
2024-12-21 00:00:00,19,0.7116134329695782,0.6271525587782512,0.49555550037322416,0.6527612954811168,-1.3056671882307551
2024-12-23 04:00:00,19,-1.022994933249981,0.09480682359000607,-0.2653632111143489,0.12164322562296803,0.7116134329695782
2024-12-23 08:00:00,19,0.7202874630558309,1.0295848777474463,0.3889314611727321,0.8851632341689886,-1.022994933249981
2024-12-23 12:00:00,19,0.480630987378575,0.4909025996625472,-0.2686350572458546,0.3475712363271075,0.7202874630558309
2024-12-23 16:00:00,19,-0.10897992453127259,-0.0019990274839745852,-0.178236579832493,-0.011151337620477264,0.480630987378575
2024-12-23 20:00:00,19,-1.8086804894628692,-0.018667266261791136,0.04416479093093524,0.07018665360995335,-0.10897992453127259
2024-12-24 00:00:00,19,0.9171190554065465,1.2999017774797488,0.6852922325919193,1.4201090216362413,-1.8086804894628692
2024-12-24 04:00:00,19,-0.42217712814006525,0.7067647878279312,-0.3428799788782426,0.7356102755895559,0.9171190554065465
2024-12-24 08:00:00,19,0.2524834659045361,1.2084488632222044,0.16230284773222872,1.050705369424854,-0.42217712814006525
2024-12-24 12:00:00,19,-0.1824918249869878,0.9006352498402127,-0.09217928257564843,0.862262424323724,0.2524834659045361
2024-12-24 16:00:00,19,1.277666223045948,0.9899560069049483,0.07189349658839696,0.9984665786600342,-0.1824918249869878
2024-12-24 20:00:00,19,-0.08666520513677334,-0.008370506151189854,-0.47887845293656367,0.044870726098150016,1.277666223045948
2024-12-25 00:00:00,19,-1.0655380597663964,0.0190480630173237,0.03574767367395898,0.10955395767238052,-0.08666520513677334
2024-12-26 04:00:00,19,0.0062989081516082734,0.7966555888789063,0.4049787382205141,0.904826350580846,-1.0655380597663964
2024-12-26 08:00:00,19,0.47951326700432517,1.0011514017431788,0.0006815888890423882,0.9001251128235204,0.0062989081516082734
2024-12-26 12:00:00,19,0.5464514579771471,0.4783103427122847,-0.17781497545180372,0.5422367579340772,0.47951326700432517
2024-12-26 16:00:00,19,0.24922241885274232,0.15469817887012394,-0.20306407638950144,0.13438857774886515,0.5464514579771471
2024-12-26 20:00:00,19,-1.0206371685077062,-0.1590173675297945,-0.09094921488220341,-0.05162046021164457,0.24922241885274232
2024-12-27 00:00:00,19,-0.3909257141162463,0.5839678634562018,0.3880421117729371,0.7101398127798184,-1.0206371685077062
2024-12-27 04:00:00,19,0.44902795136094653,0.9332166846635318,0.15051480721805405,1.0019101773061099,-0.3909257141162463
2024-12-27 08:00:00,19,0.6911866836982945,0.7094728823068651,-0.166315907421869,0.6667747684030285,0.44902795136094653
2024-12-27 12:00:00,19,0.09171167476400299,0.06872007253186307,-0.25765823661945864,0.15090235741498859,0.6911866836982945
2024-12-27 16:00:00,19,-0.4641683395614251,0.14266370468441555,-0.03153612620337752,0.08245265505222044,0.09171167476400299
2024-12-27 20:00:00,19,0.7509839478699938,0.10148302104379057,0.17814194227998242,0.4288882072429061,-0.4641683395614251
2024-12-28 00:00:00,19,-0.9976646228108645,-0.26779061751040223,-0.2802137783352846,-0.13161434429368768,0.7509839478699938
2024-12-30 04:00:00,19,-0.1595614171252322,0.44963607757022034,0.3793768622843315,0.6130001954036217,-0.9976646228108645
2024-12-30 08:00:00,19,0.5982624939675407,0.6764450924737627,0.06324414150081896,0.7320900663378129,-0.1595614171252322
2024-12-30 12:00:00,19,1.6229489742867536,0.33096298425458326,-0.22260721100960615,0.28557232743202476,0.5982624939675407
2024-12-30 16:00:00,19,-0.12328008847974736,-0.9167600194979664,-0.609119185639734,-0.925727918973374,1.6229489742867536
2024-12-30 20:00:00,19,-2.1659178956558094,-0.9423279039259757,0.04955881604146242,-0.8337168921830695,-0.12328008847974736
2024-12-31 00:00:00,19,1.4199777620628495,0.5918890373312464,0.8200422638759901,0.7828323168607589,-2.1659178956558094
2024-12-31 16:00:00,19,-0.20564497820973315,-0.46006138324662227,-0.5325583979876,-0.27697882959430586,1.4199777620628495
2024-12-31 20:00:00,19,-1.3729485585054562,-0.19921495028427805,0.08062687127706213,-0.1234941441703814,-0.20564497820973315
2025-01-01 00:00:00,19,0.8054796582139367,0.7443900143239051,0.520934048622045,0.9012164003804521,-1.3729485585054562
2025-01-02 04:00:00,19,-0.48780237405150473,0.21281582361150572,-0.3007695727352919,0.30004056310690785,0.8054796582139367
2025-01-02 08:00:00,19,0.33917744889244084,0.6916145312262417,0.1870567054926204,0.664115555757494,-0.48780237405150473
2025-01-02 12:00:00,19,1.1961370622831655,0.4091590220550601,-0.1248802727778098,0.4109679005152067,0.33917744889244084
2025-01-02 16:00:00,19,-0.6995257782153939,-0.33975450464557916,-0.44812563485844925,-0.48177804605096775,1.1961370622831655
2025-01-02 20:00:00,19,-0.9104872496819407,-0.09392911723884785,0.26691882194535665,0.04031831122460261,-0.6995257782153939
2025-01-03 00:00:00,19,0.16954422678323056,0.698358156330909,0.3464935372104699,0.7198673588916087,-0.9104872496819407
2025-01-03 04:00:00,19,-0.4183629419836006,0.6978588067238406,-0.06089458261834084,0.5933267424379114,0.16954422678323056
2025-01-03 08:00:00,19,1.0034743026361053,1.1193145890948362,0.16086413584204862,0.9055750895766952,-0.4183629419836006
2025-01-03 12:00:00,19,0.6170152576571333,0.2946069953478847,-0.37545319787491743,0.15662445138501369,1.0034743026361053
2025-01-03 16:00:00,19,-0.5138941213442259,-0.105075447817585,-0.22968075776039243,-0.3038895545863909,0.6170152576571333
2025-01-03 20:00:00,19,-1.5095487752059036,0.09925856743547008,0.19689851853627285,0.07965921106972651,-0.5138941213442259
2025-01-04 00:00:00,19,1.3020608170906254,1.2048548050003471,0.5724596815896484,1.2063223608902351,-1.5095487752059036
2025-01-06 04:00:00,19,-1.3170770641767948,0.3023399885833022,-0.48808009938706765,0.2345194184903825,1.3020608170906254
2025-01-06 08:00:00,19,1.8999748599909854,1.3213434267007664,0.4998593081884837,1.2175298505179075,-1.3170770641767948
2025-01-06 12:00:00,19,1.7740022407487128,-0.01859353600268796,-0.7136134130582971,-0.20053076169731554,1.8999748599909854
2025-01-06 16:00:00,19,-1.1046078919926163,-1.1530822331590775,-0.6660965122814936,-1.5245707564155797,1.7740022407487128
2025-01-06 20:00:00,19,-2.6456985826087607,-0.5510338705960206,0.4197158878680041,-0.7001382986175599,-1.1046078919926163
2025-01-07 00:00:00,19,0.3161139659374914,1.3018911055643032,1.001015648677374,1.274498856217706,-2.6456985826087607
2025-01-07 04:00:00,19,0.15651902746307833,1.1582291915258318,-0.11618072173465678,1.0385648059802044,0.3161139659374914
2025-01-07 08:00:00,19,1.185829505269373,1.1202105765494232,-0.055981474457086774,0.9217456455894837,0.15651902746307833
2025-01-07 12:00:00,19,0.006339267682688998,0.2219084584225089,-0.44423762199643463,0.03669282218889336,1.185829505269373
2025-01-07 16:00:00,19,1.1536121609598258,0.1359222094357761,0.000666365264692141,0.03196146179018022,0.006339267682688998
2025-01-07 20:00:00,19,-1.841579501158531,-0.9156500961496564,-0.4320852323576618,-0.8290457029242937,1.1536121609598258
2025-01-08 00:00:00,19,-1.4060284353264318,0.4933624580303961,0.6977017473245706,0.5454310913993243,-1.841579501158531
2025-01-08 04:00:00,19,0.8304378137578716,1.641007824185853,0.5334117857213122,1.5948310523022133,-1.4060284353264318
2025-01-08 08:00:00,19,0.04793515778018431,1.1155753638742303,-0.31018379471215163,0.9750275068017498,0.8304378137578716
2025-01-08 12:00:00,19,1.175403661622152,0.9384564834588609,-0.015023613989325394,0.9392507391087701,0.04793515778018431
2025-01-08 16:00:00,19,1.156591179417207,-0.026952697073496384,-0.4403049913892493,0.06197932299759401,1.175403661622152
2025-01-08 20:00:00,19,-1.0591739749061873,-0.8592655181573716,-0.43320891880081985,-0.8012512546821942,1.156591179417207
2025-01-09 00:00:00,19,-1.5900322452606606,-0.09765721652308348,0.4025782039563489,-0.010728744660653433,-1.0591739749061873
2025-01-09 04:00:00,19,0.8387526560012013,1.1534953894012336,0.6028180648936403,1.1760038519837988,-1.5900322452606606
2025-01-09 08:00:00,19,0.603144673659834,0.6323848570393524,-0.3133201551071928,0.5499944610638305,0.8387526560012013
2025-01-09 12:00:00,19,-0.07283989710442285,0.09316414484924619,-0.224448770305655,0.09983287040548028,0.603144673659834
2025-01-09 16:00:00,19,0.3748261166869291,0.0797533581397808,0.030532764323550756,0.15419747872565637,-0.07283989710442285
2025-01-09 20:00:00,19,-0.5498141288564558,-0.1813529278460931,-0.13832695841953774,-0.1255568294475804,0.3748261166869291
2025-01-10 04:00:00,19,-1.3696317000316416,0.24781299568536644,0.21044755358156395,0.28480110559081595,-0.5498141288564558
2025-01-10 08:00:00,19,1.357993373005412,1.3173033629561883,0.5196829288474546,1.3070360877239278,-1.3696317000316416
2025-01-10 12:00:00,19,0.6107039995722428,0.30925558055572233,-0.5091778722648745,0.29348745902396267,1.357993373005412
2025-01-10 16:00:00,19,0.6236466037326487,-0.31701904288951765,-0.22730014976795412,-0.1623160917239712,0.6107039995722428
2025-01-10 20:00:00,19,-0.9799349625679419,-0.805439760948479,-0.23218210301606979,-0.6277794530124794,0.6236466037326487
2025-01-11 00:00:00,19,0.7778675798502146,0.03926410976512165,0.37268923038752094,0.10360242061757141,-0.9799349625679419
2025-01-13 04:00:00,20,-1.4316139912637418,-0.6870366031700422,-0.25503173713843513,-0.4886493611625262,0.7778675798502146
2025-01-13 08:00:00,20,0.6147662043545399,0.6733795353051449,0.470622034853945,0.5099578534406977,-1.4316139912637418
2025-01-13 12:00:00,20,0.447244601101886,0.611468550366518,-0.201464814520515,0.08113418259855898,0.6147662043545399
2025-01-13 16:00:00,20,0.28733894710702224,-0.13602248664822061,-0.14644616902477056,-0.23083656376054584,0.447244601101886
2025-01-13 20:00:00,20,-1.6509936843030566,-1.0076940578511149,-0.0939288081645126,-0.43126681057887595,0.28733894710702224
2025-01-14 00:00:00,20,-0.08218904234764501,0.3525779551007555,0.5426722858421208,0.7203663911573148,-1.6509936843030566
2025-01-14 04:00:00,20,0.20412981242528438,0.6288899105615647,0.02743422238085947,0.7776964893196272,-0.08218904234764501
2025-01-14 08:00:00,20,0.3042392958417448,0.6125194855575612,-0.06660066782814279,0.6353078952939768,0.20412981242528438
2025-01-14 12:00:00,20,0.13213386934828897,0.33684625523297523,-0.09947934181352376,0.42308898876793677,0.3042392958417448
2025-01-14 16:00:00,20,0.43588697605270177,0.43982711305551736,-0.04295524423873922,0.3309204041984586,0.13213386934828897
2025-01-14 20:00:00,20,-0.5464927623937239,-0.0652195745820309,-0.14271601641088816,0.026872049199097248,0.43588697605270177
2025-01-15 00:00:00,20,-0.34075426988744795,0.18469249147523756,0.17992417758409027,0.40807230191042976,-0.5464927623937239
2025-01-15 04:00:00,20,-0.2570369752167956,0.4470686535947265,0.11235406743561097,0.6457618428013241,-0.34075426988744795
2025-01-15 08:00:00,20,0.4011881180832457,0.7554730585531689,0.08485903355391708,0.8250552692679811,-0.2570369752167956
2025-01-15 12:00:00,20,1.4233443971660247,0.5796657329353728,-0.13131996880472102,0.5452107360517555,0.4011881180832457
2025-01-15 16:00:00,20,0.20880075830668865,-2.0368020870862233,-0.46702385933690366,-0.4476281105568738,1.4233443971660247
2025-01-15 20:00:00,20,-1.7307116226459058,-1.5728861405767716,-0.0681347333491801,-0.5932748735335487,0.20880075830668865
2025-01-16 00:00:00,20,0.752287474697189,0.002182281875301329,0.5688538224569654,0.6139647338736225,-1.7307116226459058
2025-01-16 04:00:00,20,-1.0187849616032825,-0.3190139293839992,-0.24663053568243198,0.08921455381628363,0.752287474697189
2025-01-16 08:00:00,20,0.7137084604482791,0.6628117995873304,0.3350377663641963,0.7998572403188362,-1.0187849616032825
2025-01-16 12:00:00,20,0.5512888704444947,0.1388353691722657,-0.2339601393435501,0.3020174440635124,0.7137084604482791
2025-01-16 16:00:00,20,0.0248962025774091,-0.32018368375760253,-0.1806171336029409,-0.08252828314775051,0.5512888704444947
2025-01-16 20:00:00,20,-1.4214197117955347,-0.49859696144211796,-0.0077354811914658195,-0.09989436622722359,0.0248962025774091
2025-01-17 00:00:00,20,0.6939094536556123,0.7363676976901519,0.46727395653296616,0.8916019364355208,-1.4214197117955347
2025-01-17 04:00:00,20,-1.1026919978902097,-0.0353133378904499,-0.22745760764170933,0.40757272819190327,0.6939094536556123
2025-01-17 08:00:00,20,0.8025865282699947,1.010317056077437,0.362595116547304,1.1767438813785045,-1.1026919978902097
2025-01-17 12:00:00,20,0.6320732107014049,0.7127489524244519,-0.2631501113285647,0.6169081279109907,0.8025865282699947
2025-01-17 16:00:00,20,0.13116019003518709,0.06814000338269198,-0.20714890557684676,0.17601213764013046,0.6320732107014049
2025-01-17 20:00:00,20,-0.16861915188995802,-0.23475225240268616,-0.04263546150078812,0.08452273278858335,0.13116019003518709
2025-01-18 00:00:00,20,1.409918950483462,-0.062348299715727175,0.055820218364285246,0.20214124072796835,-0.16861915188995802
2025-01-20 04:00:00,20,-2.1266369913998346,-1.2598318956556214,-0.46261457792299604,-0.781332827387093,1.409918950483462
2025-01-20 08:00:00,20,0.8200277401408034,0.5423223657149083,0.6988864694905008,0.70208033804259,-2.1266369913998346
2025-01-20 12:00:00,20,0.5517740387273395,-0.22778813321715463,-0.2688782791248635,0.1300786515010106,0.8200277401408034
2025-01-20 16:00:00,20,-1.509185744341881,-0.14588317677021972,-0.18077647604738586,-0.254805499720149,0.5517740387273395
2025-01-20 20:00:00,20,1.3262321973946314,0.7536189738761732,0.49609870592336397,0.7979110716971078,-1.509185744341881
2025-01-21 04:00:00,20,-0.6920441025815958,0.22581325531091578,-0.4351295747264825,-0.127188185951443,1.3262321973946314
2025-01-21 08:00:00,20,0.7855927734098991,0.8859006785104772,0.2277271918326431,0.35553986635793144,-0.6920441025815958
2025-01-21 12:00:00,20,-0.6939804506347915,0.08957609329288829,-0.2575689005704569,-0.19244207294595483,0.7855927734098991
2025-01-21 16:00:00,20,0.32831463492788515,0.6876467003893598,0.22836314113724995,0.29163665849040754,-0.6939804506347915
2025-01-21 20:00:00,20,-1.0266995954763463,-9.055701064330699e-05,-0.10738633721382723,0.06262425354080392,0.32831463492788515
2025-01-22 00:00:00,20,0.13018960100340493,0.8789505355628796,0.33763714714157556,0.7787877092833995,-1.0266995954763463
2025-01-22 04:00:00,20,0.9927523035911108,0.9960213996752864,-0.04231669369517476,0.6879753285566981,0.13018960100340493
2025-01-22 08:00:00,20,0.6055913503873889,0.3637409919840487,-0.3256057180961064,-0.004508552384512754,0.9927523035911108
2025-01-22 12:00:00,20,-0.19671468997373687,-0.004821144157150726,-0.1984515432283785,-0.4269324007742039,0.6055913503873889
2025-01-22 16:00:00,20,-0.7844523674908661,0.030526493664092515,0.06504755633043577,-0.2897161470738592,-0.19671468997373687
2025-01-22 20:00:00,20,-1.091732794907493,0.30270983703024895,0.25807657644456145,0.25747031412959487,-0.7844523674908661
2025-01-23 00:00:00,20,-0.37308192029298226,1.1976759328424706,0.358995816563811,1.0189969910595895,-1.091732794907493
2025-01-23 04:00:00,20,0.6546524061807304,1.6002306286624555,0.12297134606020695,1.2792363429492166,-0.37308192029298226
2025-01-23 08:00:00,20,1.5036480066081737,0.9246271040864554,-0.2145645267715803,0.8225904734209681,0.6546524061807304
2025-01-23 12:00:00,20,0.017647349134579216,0.02413925476860306,-0.493397746251434,-0.22626330754634338,1.5036480066081737
2025-01-23 16:00:00,20,0.41904044144408203,-0.13640337363554106,-0.005354760794346852,-0.2385730294909134,0.017647349134579216
2025-01-23 20:00:00,20,-1.9769808619490004,-0.7910939349114602,-0.13718315678283446,-0.5308702622576824,0.41904044144408203
2025-01-24 00:00:00,20,1.3875313134126905,0.6349319526308677,0.6497353309349412,0.848151851190682,-1.9769808619490004
2025-01-24 04:00:00,20,-0.6154698315471467,-0.08188692667340296,-0.4552618697136168,-0.11970595721106392,1.3875313134126905
2025-01-24 08:00:00,20,0.3222367383000435,0.4808071155621184,0.20257812096453903,0.30960852134545647,-0.6154698315471467
2025-01-24 12:00:00,20,-0.24843873106624415,0.5712742506997798,-0.10539019084563217,0.08483568897562321,0.3222367383000435
2025-01-24 16:00:00,20,1.1901357949055171,0.6557736645866984,0.08203513659006352,0.25813150107551763,-0.24843873106624415
2025-01-24 20:00:00,20,-2.2418126882903753,-0.4776101119422077,-0.39043181887644046,-0.5720351488753366,1.1901357949055171
2025-01-25 00:00:00,20,1.5596525069174643,1.1256476226172616,0.7367132972781318,0.9917176070890257,-2.2418126882903753
2025-01-27 04:00:00,20,-0.7182967966211322,-0.04342073780436787,-0.5117911456032537,-0.09620152138144711,1.5596525069174643
2025-01-27 08:00:00,20,1.3309940141966283,0.6376169400984807,0.23634928975091035,0.4048388202954758,-0.7182967966211322
2025-01-27 12:00:00,20,-0.004258212483110313,-0.5016122305198139,-0.4366934847264938,-0.5235819923547105,1.3309940141966283
2025-01-27 16:00:00,20,0.3078081893765603,-0.6681127119112861,0.001839620739903141,-0.5206117212251353,-0.004258212483110313
2025-01-27 20:00:00,20,-2.1467757451757876,-1.051589096649826,-0.10065146340495772,-0.7353200717310227,0.3078081893765603
2025-01-28 00:00:00,20,1.0536178971694667,0.24107557840703459,0.7055005833314134,0.7621406686291294,-2.1467757451757876
2025-01-28 04:00:00,20,-1.0084392075114046,-0.2788553030118629,-0.34559563253672393,0.027200635932372208,1.0536178971694667
2025-01-28 08:00:00,20,0.40596689663863295,0.760176714316389,0.33163993966175775,0.7306267509710338,-1.0084392075114046
2025-01-28 12:00:00,20,-0.5999092190013648,0.4651189719897802,-0.13288944950533835,0.44744883126129764,0.40596689663863295
2025-01-28 16:00:00,20,-0.021424989705142394,1.0027418474047323,0.19746759307601464,0.8659091689343903,-0.5999092190013648
2025-01-28 20:00:00,20,0.21374558532005494,0.5167084217027064,0.007477656742095242,0.8808539441481802,-0.021424989705142394
2025-01-29 00:00:00,20,-0.860924013277538,0.6461664790892171,-0.06975874887436503,0.731757969330431,0.21374558532005494
2025-01-29 04:00:00,20,0.15600037489477359,1.1915374266749181,0.2831919423933194,1.3322864191293888,-0.860924013277538
2025-01-29 08:00:00,20,1.1748212272025658,1.418214829156127,-0.05079365303132851,1.2234700057656056,0.15600037489477359
2025-01-29 12:00:00,20,-0.48567236777597245,0.506184268022995,-0.38540209879849635,0.403985870717527,1.1748212272025658
2025-01-29 16:00:00,20,1.5394845561581594,0.9696211270652035,0.15994910771003604,0.7427614997307579,-0.48567236777597245
2025-01-29 20:00:00,20,0.12358186119905668,-0.094938212231524,-0.5051674426798265,-0.331089687761974,1.5394845561581594
2025-01-30 00:00:00,20,-2.0870957711372675,-0.9518447444599291,-0.04014653243379251,-0.4172929093989275,0.12358186119905668
2025-01-30 04:00:00,20,-0.27999248682754185,0.8699752923800397,0.6859000585568957,1.0385386955896205,-2.0870957711372675
2025-01-30 08:00:00,20,1.2760572472766434,1.2085191133339508,0.09239824718942821,1.2338444966553563,-0.27999248682754185
2025-01-30 12:00:00,20,-0.4637574428214144,0.3623352691061583,-0.4186507580263772,0.3437442453632258,1.2760572472766434
2025-01-30 16:00:00,20,1.219977011252821,1.0069203236241282,0.15275165100158866,0.6672333500056027,-0.4637574428214144
2025-01-30 20:00:00,20,-0.6496832432926158,-0.5450650241331972,-0.4002324850084255,-0.1837487251358425,1.219977011252821
2025-01-31 00:00:00,20,0.05182784382443195,0.2558728388008511,0.21381473484283944,0.26943095731901145,-0.6496832432926158
2025-01-31 04:00:00,20,-1.6993438544560941,0.178212720201231,-0.016580563817339303,0.2332789924204839,0.05182784382443195
2025-01-31 08:00:00,20,1.9764036541420147,1.420835836206223,0.5585517952287213,1.418638344527345,-1.6993438544560941
2025-01-31 12:00:00,20,-0.3675311662803953,0.12701153678583724,-0.6486635440515363,0.04001885628654378,1.9764036541420147
2025-01-31 16:00:00,20,1.2803659268775043,0.41185060794470346,0.12114832764751894,0.2963863383584098,-0.3675311662803953
2025-01-31 20:00:00,20,-0.40879779617786305,-0.5637428078251463,-0.42006584545935133,-0.5967193868680987,1.2803659268775043
2025-02-01 00:00:00,20,0.6481715314635306,-0.1498167801338667,0.13470140997868926,-0.3115668030932266,-0.40879779617786305
2025-02-03 04:00:00,20,-0.4676635871373165,0.09740214020857281,-0.21243603145130704,-0.7636920069329385,0.6481715314635306
2025-02-03 08:00:00,20,-0.5582770416887026,0.2593078832204357,0.15403453491147884,-0.4374782125914223,-0.4676635871373165
2025-02-03 12:00:00,20,0.05608702038109925,0.4446975442761022,0.18379445504302455,-0.04805796035879517,-0.5582770416887026
2025-02-03 16:00:00,20,1.4654332080204178,0.30613727397582774,-0.017979393105772293,-0.08718086886622345,0.05608702038109925
2025-02-03 20:00:00,20,-2.3645012013991913,-1.4995365370623703,-0.4808469682301658,-1.1093783208180188,1.4654332080204178
2025-02-04 00:00:00,20,0.22778704520768045,0.57468940562415,0.7770075380093016,0.5399545112611737,-2.3645012013991913
2025-02-04 04:00:00,20,0.7461764460416891,0.64792674853769,-0.07437034575978194,0.3810640644468464,0.22778704520768045
2025-02-04 08:00:00,20,0.419686308989764,0.2859718680631813,-0.24462350785627035,-0.13942343213487085,0.7461764460416891
2025-02-04 12:00:00,20,0.22219426380311447,0.007266876548279112,-0.13739527723084313,-0.43217118298453805,0.419686308989764
2025-02-04 16:00:00,20,-0.11165456719825606,-0.19634636842849595,-0.07253352440982788,-0.5871604442178509,0.22219426380311447
2025-02-04 20:00:00,20,-2.1846345607502418,-0.45944603102503445,0.03711150121908081,-0.5092769804992869,-0.11165456719825606
2025-02-05 00:00:00,20,2.036790266856336,1.1375715001192497,0.7179344468602754,1.0145917766864123,-2.1846345607502418
2025-02-05 04:00:00,20,-0.7006698044512376,-0.3657928894232594,-0.668496148164137,-0.40614975526865926,2.036790266856336
2025-02-05 08:00:00,20,0.26139697072908596,0.28754865074114366,0.230560106657378,0.08259506424933782,-0.7006698044512376
2025-02-05 12:00:00,20,-0.1144992870821877,0.3104610232867917,-0.08540875836744834,-0.09973963102356187,0.26139697072908596
2025-02-05 16:00:00,20,1.106452972743508,0.27751206105267684,0.03804578451024941,-0.019871863004429002,-0.1144992870821877
2025-02-05 20:00:00,20,-1.3752990915207253,-0.6757529605343641,-0.36294810670308486,-0.7916664444652461,1.106452972743508
2025-02-06 00:00:00,20,0.013283613624608392,0.11603528254362633,0.45212669189560134,0.1676589067891907,-1.3752990915207253
2025-02-06 04:00:00,20,-0.3274952521614001,0.22745127384638203,-0.003921591505140728,0.15839306244673246,0.013283613624608392
2025-02-06 08:00:00,20,1.3371802233032017,0.5976339401454502,0.1079994458123269,0.38683391560435254,-0.3274952521614001
2025-02-06 12:00:00,20,-0.6867376757085069,-0.46282016026842104,-0.43872520385518304,-0.5459020218508197,1.3371802233032017
2025-02-06 16:00:00,20,1.2629574348137425,0.2361546596443216,0.2259844170900969,-0.06687541154436438,-0.6867376757085069
2025-02-06 20:00:00,20,-2.155948318153987,-0.7268059481083977,-0.4143484237365717,-0.9478380270525264,1.2629574348137425
2025-02-07 00:00:00,20,0.010391557282725117,0.6266044329796233,0.7085131054848116,0.5560209446803288,-2.155948318153987
2025-02-07 04:00:00,20,-0.5257024520230189,0.5754745326983468,-0.0029717616352115507,0.5487724236845732,0.010391557282725117
2025-02-07 08:00:00,20,0.7787067152097755,1.1461547631175073,0.17309607485690248,0.9154706150464644,-0.5257024520230189
2025-02-07 12:00:00,20,-0.1423236038144413,0.5221688587993468,-0.2553073319869455,0.3722919728888652,0.7787067152097755
2025-02-07 16:00:00,20,2.1820757556427566,0.35268551701372647,0.04718404601640486,0.47156829908065667,-0.1423236038144413
2025-02-07 20:00:00,20,-1.9772452239465022,-1.2448571650113929,-0.7162118495901822,-1.0505155906360937,2.1820757556427566
2025-02-08 00:00:00,20,0.7795706387894921,0.36935075995129557,0.6498221545967298,0.3286909257306423,-1.9772452239465022
2025-02-10 04:00:00,21,-1.67293919882216,-0.44436953373708926,-0.26402990939783555,-0.4192087162381828,0.7795706387894921
2025-02-10 08:00:00,21,0.7969552456838755,0.9100583781234491,0.5552395101636476,0.8292173861778132,-1.67293919882216
2025-02-10 12:00:00,21,0.3697861107796214,0.5750570589180465,-0.2698372976420092,0.2344918086615504,0.7969552456838755
2025-02-10 16:00:00,21,0.09476731003507588,0.16851246000815162,-0.127139966181598,-0.04146002110799607,0.3697861107796214
2025-02-10 20:00:00,21,-0.9140953802152492,-0.1800627304521045,-0.03526898169091034,-0.1121798557480318,0.09476731003507588
2025-02-11 00:00:00,21,1.9539076741132675,0.6631534786208646,0.30174509995841226,0.5699612128347624,-0.9140953802152492
2025-02-11 04:00:00,21,1.286081129269128,-0.7235516318323734,-0.6563212700866027,-0.8881368123602584,1.9539076741132675
2025-02-11 08:00:00,21,-1.350255222436509,-1.6373069766530528,-0.43323149594118077,-1.8478711844968156,1.286081129269128
2025-02-11 12:00:00,21,0.23214480387767544,-0.3605347032172691,0.4474458083888516,-0.8402470784922009,-1.350255222436509
2025-02-11 16:00:00,21,-0.3605534325479649,-0.8520463359655357,-0.08116041010240348,-1.0134844758256953,0.23214480387767544
2025-02-11 20:00:00,21,-1.6524540324924146,-0.7423966877982029,0.11683249197884771,-0.7444225058357059,-0.3605534325479649
2025-02-12 00:00:00,21,-0.010171432074116638,0.3864055321557,0.5483963692835544,0.4887165996730545,-1.6524540324924146
2025-02-12 04:00:00,21,1.0427943413814944,0.47855167700928575,-0.00021383083327536747,0.49630700182826715,-0.010171432074116638
2025-02-12 08:00:00,21,-0.22398785971571478,-0.04239871617009356,-0.3519607004308222,-0.2818752992074973,1.0427943413814944
2025-02-12 12:00:00,21,2.071473654204233,0.25299950819335754,0.0712122885975981,-0.11472499817428172,-0.22398785971571478
2025-02-12 16:00:00,21,-1.1322511482357598,-1.592090984900192,-0.6955945935987728,-1.6605563004692794,2.071473654204233
2025-02-12 20:00:00,21,-1.4541781161471512,-1.0383710860698703,0.3746207910970076,-0.8156171126355503,-1.1322511482357598
2025-02-13 00:00:00,21,0.4803853876467912,0.12146372089753431,0.4821616115647447,0.26955915619620896,-1.4541781161471512
2025-02-13 04:00:00,21,0.061073850271320396,-0.05104823480115129,-0.16408603831280136,-0.08892706827609764,0.4803853876467912
2025-02-13 08:00:00,21,-0.564671420680007,0.21933607290843188,-0.02401356456665041,-0.13450325473131564,0.061073850271320396
2025-02-13 12:00:00,21,0.6411174668600808,0.6156310610386669,0.18501881404548964,0.2868811813328076,-0.564671420680007
2025-02-13 16:00:00,21,0.3811607662707779,0.056828724243807555,-0.21777914698967415,-0.19155089850993967,0.6411174668600808
2025-02-13 20:00:00,21,-0.5911343143610654,-0.43593508146848897,-0.1309397093096528,-0.47599103247556585,0.3811607662707779
2025-02-14 00:00:00,21,-0.3798748932189646,-0.022945969359423345,0.19385883548536736,-0.034858737529209094,-0.5911343143610654
2025-02-14 04:00:00,21,-0.14177419510502176,0.2756784650730139,0.12328689294648065,0.24862181734148692,-0.3798748932189646
2025-02-14 08:00:00,21,0.6895691847924095,0.47021526403418357,0.0437485287167334,0.35442040580348255,-0.14177419510502176
2025-02-14 12:00:00,21,0.69389665165588,0.21050125854435392,-0.2339646114548574,-0.16016863026110784,0.6895691847924095
2025-02-14 16:00:00,21,0.9641387712353513,-0.3462935267292185,-0.23541021677355395,-0.6779870261216185,0.69389665165588
2025-02-14 20:00:00,21,-1.3997729164432453,-1.3736483280412513,-0.325685534349669,-1.3974728324252403,0.9641387712353513
2025-02-15 00:00:00,21,1.381818526628594,-0.38835019501132895,0.4639873658598011,-0.35289628859564104,-1.3997729164432453
2025-02-17 04:00:00,21,-1.4878825484854943,-1.4587554911938747,-0.4652129056636386,-1.3840744202693518,1.381818526628594
2025-02-17 08:00:00,21,0.21266954404383398,0.014044483016767289,0.49342069411561196,-0.2737463150003059,-1.4878825484854943
2025-02-17 12:00:00,21,-0.2531806454343126,-0.13558785412847205,-0.07465463199085942,-0.4324503552667771,0.21266954404383398
2025-02-17 16:00:00,21,-0.6102925528812637,0.089077553525287,0.08096423994322428,-0.2435150212096513,-0.2531806454343126
2025-02-17 20:00:00,21,-0.7359838569132915,0.22566505563172795,0.2002587115272708,0.2119140545532261,-0.6102925528812637
2025-02-18 04:00:00,21,1.501279225199351,0.8613404048724119,0.24224632769052595,0.7611399072167604,-0.7359838569132915
2025-02-18 08:00:00,21,-1.6159324959081065,-0.08080935725965682,-0.5051191664571869,-0.35918542981479185,1.501279225199351
2025-02-18 12:00:00,21,1.2420336620995958,1.0792973668874373,0.5361962232861553,0.8466995832533755,-1.6159324959081065
2025-02-18 16:00:00,21,-0.17570813863788004,0.20252058042274393,-0.41851728672264454,-0.08016449222298405,1.2420336620995958
2025-02-18 20:00:00,21,-0.7721414950019945,0.04444322534266088,0.05508428027835431,0.05095720475016208,-0.17570813863788004
2025-02-19 00:00:00,21,0.9626138529550516,0.3419838588329066,0.25432491213302255,0.6271655916405408,-0.7721414950019945
2025-02-19 04:00:00,21,-0.3619891162354598,-0.005394700172188241,-0.325176130107851,-0.09118224874864822,0.9626138529550516
2025-02-19 08:00:00,21,0.5696187762743712,0.4464276457302386,0.11731208709536446,0.17895109609557558,-0.3619891162354598
2025-02-19 12:00:00,21,0.5862041373908902,0.0429628903846204,-0.193894761354506,-0.2461252899606876,0.5696187762743712
2025-02-19 16:00:00,21,0.27620715922638084,-0.3947096751350145,-0.19943515877382093,-0.6835784544141763,0.5862041373908902
2025-02-19 20:00:00,21,-1.0311894313486665,-0.8886998940280288,-0.09587959276884293,-0.8896972586690843,0.27620715922638084
2025-02-20 00:00:00,21,-0.3818143769561875,-0.2606884411786772,0.34086077396508585,-0.12017508862395765,-1.0311894313486665
2025-02-20 04:00:00,21,0.20993721143577737,0.2843724046259508,0.12393478421740453,0.1647528004501968,-0.3818143769561875
2025-02-20 08:00:00,21,-0.07739179199742807,0.24907733892161743,-0.07374188680406277,0.00808775559418784,0.20993721143577737
2025-02-20 12:00:00,21,1.1217040778113727,0.4240417988966606,0.022241363601628983,0.06584115948977498,-0.07739179199742807
2025-02-20 16:00:00,21,0.34136547998796196,-0.38415192484011096,-0.37832077164081707,-0.7712273071419542,1.1217040778113727
2025-02-20 20:00:00,21,-1.852362097971067,-1.1277099816829983,-0.11764595586809441,-1.0259703222980239,0.34136547998796196
2025-02-21 00:00:00,21,2.207858699133279,0.40684285195278413,0.6151763520826646,0.35634960652024184,-1.852362097971067
2025-02-21 04:00:00,21,-1.1463652967406759,-1.0850497467882803,-0.7411544910076653,-1.2912586462990046,2.207858699133279
2025-02-21 08:00:00,21,-0.10326051894684873,-0.03625476054858038,0.3793356713702251,-0.4357868154264146,-1.1463652967406759
2025-02-21 12:00:00,21,0.18778917790608496,0.09863819290453768,0.03088290158350528,-0.35872894787627985,-0.10326051894684873
2025-02-21 16:00:00,21,0.11702160507189951,-0.2916223095285242,-0.06634325936696761,-0.49886608592305137,0.18778917790608496
2025-02-21 20:00:00,21,-0.8526853176214786,-0.45432628623004756,-0.04270310615310772,-0.5861931247187435,0.11702160507189951
2025-02-22 00:00:00,21,0.5734625539014733,0.030059594745522892,0.2812308555036671,0.05012085992278159,-0.8526853176214786
2025-02-24 04:00:00,21,-0.11964025655683841,-0.3945281253670024,-0.19517878860576712,-0.37782393421725047,0.5734625539014733
2025-02-24 08:00:00,21,-0.034170090668581565,-0.0682579319026558,0.036354609757109996,-0.2885427342247677,-0.11964025655683841
2025-02-24 12:00:00,21,0.19095953258054266,-0.140769603962459,0.007803004326940941,-0.2630434015875682,-0.034170090668581565
2025-02-24 16:00:00,21,0.3214094104420191,-0.2892831688167208,-0.06740232734464244,-0.4055464077617028,0.19095953258054266
2025-02-24 20:00:00,21,-1.370232325967498,-0.8010662303785865,-0.11097956160418603,-0.645397262975365,0.3214094104420191
2025-02-25 00:00:00,21,0.1981711559100816,0.32691934516968,0.45411922912843633,0.37713469952296563,-1.370232325967498
2025-02-25 04:00:00,21,0.17133859739583457,-0.03858244283666383,-0.06981139513661555,0.22925004002172322,0.1981711559100816
2025-02-25 08:00:00,21,0.7192357681331618,0.11246699362460934,-0.06084788587676088,0.10138910072942586,0.17133859739583457
2025-02-25 12:00:00,21,0.767842309020736,-0.5924104437329057,-0.2438748365398746,-0.43533853848235005,0.7192357681331618
2025-02-25 16:00:00,21,0.9654374362410181,-1.1415085724124319,-0.26011202015037316,-1.0083386701044432,0.767842309020736
2025-02-25 20:00:00,21,-2.0199842875739904,-2.0196529374815237,-0.3261193579001725,-1.7287936014620477,0.9654374362410181
2025-02-26 00:00:00,21,0.6276337218865855,-0.6793988406427389,0.6711711260385346,-0.22138609206001192,-2.0199842875739904
2025-02-26 04:00:00,21,-0.5639138830430301,-0.7015497040194613,-0.21327485520313913,-0.6897559656999981,0.6276337218865855
2025-02-26 08:00:00,21,0.41353928065654166,-0.3860311014306255,0.18476575596978936,-0.2689368399353942,-0.5639138830430301
2025-02-26 12:00:00,21,0.08981894729324225,-0.4509473661621191,-0.1417558643685538,-0.5775393478504718,0.41353928065654166
2025-02-26 16:00:00,21,-0.07330052309275814,-0.5687075804585379,-0.03361596395001937,-0.6445664809174456,0.08981894729324225
2025-02-26 20:00:00,21,-1.5474686929750145,-0.8561891922898479,0.020874661030493513,-0.5898661747651524,-0.07330052309275814
2025-02-27 00:00:00,21,0.3831852239755964,0.049914448296631206,0.5133256524000508,0.5649279207654772,-1.5474686929750145
2025-02-27 04:00:00,21,0.6938342114513141,-0.017108022934874095,-0.13161598642924577,0.27897704101559917,0.3831852239755964
2025-02-27 08:00:00,21,0.8694672697989176,-0.5127423889814208,-0.2353893584065996,-0.23879475902046465,0.6938342114513141
2025-02-27 12:00:00,21,-0.4698159034282732,-0.9379838871391606,-0.29406019085813245,-0.8876322275773418,0.8694672697989176
2025-02-27 16:00:00,21,0.8040317232953278,-0.5417852107185908,0.15333199943245984,-0.5370334505369332,-0.4698159034282732
2025-02-27 20:00:00,21,-1.153349602985136,-1.4212305846246478,-0.2722012195380046,-1.137039829273899,0.8040317232953278
2025-02-28 00:00:00,21,-0.2799611005239395,-0.23879856448756262,0.3816688031013136,-0.2763559798001598,-1.153349602985136
2025-02-28 04:00:00,21,0.39484276842146215,-0.11110624229839958,0.08991034387332611,-0.06743580756600487,-0.2799611005239395
2025-02-28 08:00:00,21,-0.05481107712828681,-0.6727667011998953,-0.13551022959402648,-0.36208609658702784,0.39484276842146215
2025-02-28 12:00:00,21,0.45439414884745766,-0.5584771208705528,0.014698197462022212,-0.3211834867153307,-0.05481107712828681
2025-02-28 16:00:00,21,0.6420361823080292,-0.7298322671628671,-0.15540357482244058,-0.6602738234147516,0.45439414884745766
2025-02-28 20:00:00,21,-0.5726004258764785,-1.3816756695774048,-0.2180860470722915,-1.1393914920384436,0.6420361823080292
2025-03-01 00:00:00,21,0.6502912167046109,-1.3533050731173943,0.18766752573887036,-0.7120900584764804,-0.5726004258764785
2025-03-03 04:00:00,21,-1.3018504112463383,-2.3025990267929632,-0.22084366995103752,-1.1973680229580772,0.6502912167046109
2025-03-03 08:00:00,21,0.4392370715378533,-0.6181754365341479,0.4312760132836163,-0.22586586915284634,-1.3018504112463383
2025-03-03 12:00:00,21,-1.0836162150119417,-0.8014453919682646,-0.1503403005638627,-0.5536452801695102,0.4392370715378533
2025-03-03 16:00:00,21,1.3589183225780292,0.04486659905770769,0.35837412292808735,0.25500022755401375,-1.0836162150119417
2025-03-03 20:00:00,21,-0.2107225796358616,-1.1145527712929657,-0.4575630130545976,-0.7590886922060136,1.3589183225780292
2025-03-04 00:00:00,21,-0.23998305003989984,-0.8940577549814731,0.06678097576668798,-0.6018375685721971,-0.2107225796358616
2025-03-04 04:00:00,21,-0.3201867104384952,-0.6289331652171345,0.07655553741629889,-0.42275090241113666,-0.23998305003989984
2025-03-04 08:00:00,21,0.9418012901788764,-0.3434848832728791,0.10334784841695646,-0.18381248358542024,-0.3201867104384952
2025-03-04 12:00:00,21,-0.8689811254299631,-0.946042782478994,-0.31822362130901616,-0.8866290084036414,0.9418012901788764
2025-03-04 16:00:00,21,1.0906150149339755,-0.4133120086218236,0.2866745266359077,-0.23815432369460154,-0.8689811254299631
2025-03-04 20:00:00,21,-1.2516199213508266,-1.6358591858254086,-0.36793536233168267,-1.052022665884797,1.0906150149339755
2025-03-05 00:00:00,21,0.30243540551467163,-0.8192844960837826,0.4144963438731725,-0.11800487180217267,-1.2516199213508266
2025-03-05 04:00:00,21,0.11111633982790536,-0.8498284058578881,-0.10464122943312211,-0.34369642999216055,0.30243540551467163
2025-03-05 08:00:00,21,-0.88826718022543,-0.7061775111582956,-0.040730431811660375,-0.4266166814536305,0.11111633982790536
2025-03-05 12:00:00,21,1.8019830454212062,0.13318434463445367,0.293117100147988,0.23625016660255227,-0.88826718022543
2025-03-05 16:00:00,21,0.1278668078553693,-1.1667620213205931,-0.6055703208113697,-1.1084745380363081,1.8019830454212062
2025-03-05 20:00:00,21,-2.110068653861962,-1.7951408803915752,-0.046325983767369426,-1.2038947784560712,0.1278668078553693
2025-03-06 00:00:00,21,-0.025993598805120754,-0.2679816023051801,0.7012641211199255,0.3707379321802282,-2.110068653861962
2025-03-06 04:00:00,21,0.26834177525642566,0.010578148140732959,0.0050716188538656405,0.39013558110069724,-0.025993598805120754
2025-03-06 08:00:00,21,0.7005319790434701,0.06130317687651658,-0.09325213396689633,0.18988629718492156,0.26834177525642566
2025-03-06 12:00:00,21,0.22392971198516598,-0.11404313431339617,-0.23762677090681902,-0.332883692800813,0.7005319790434701
2025-03-06 16:00:00,21,-0.1514465870459336,-0.5824553669797283,-0.0784161301557123,-0.49999060125606576,0.22392971198516598
2025-03-06 20:00:00,21,-0.03437351495438712,-0.6219517823156049,0.046979624800294474,-0.3869740179139587,-0.1514465870459336
2025-03-07 00:00:00,21,0.8496062958232571,-0.7093824618877587,0.007870958915338809,-0.3613228804840656,-0.03437351495438712
2025-03-07 04:00:00,21,-1.8249602782666017,-1.5388628489271372,-0.28742556359938476,-0.9953391538964471,0.8496062958232571
2025-03-07 08:00:00,21,0.0834580639970035,0.10243039258474827,0.6060226791473226,0.3665322451743922,-1.8249602782666017
2025-03-07 12:00:00,21,1.9712607915978229,0.03502328663350969,-0.031491088817578394,0.30425190311275685,0.0834580639970035
2025-03-07 16:00:00,21,-0.1945115835013489,-1.3154236538080408,-0.6621181391841794,-1.166795836477899,1.9712607915978229
2025-03-07 20:00:00,21,-2.403765520156849,-1.6383803693244419,0.06136563626836842,-1.0216421224419552,-0.1945115835013489
2025-03-08 00:00:00,21,0.057363479941260564,0.04058753615496326,0.7993745782061081,0.7721610364320721,-2.403765520156849
2025-03-10 04:00:00,22,0.7781596008998637,0.44419863850897384,-0.023736406425919905,0.8234803468639296,0.057363479941260564
2025-03-10 08:00:00,22,0.35561683804141886,0.29642248345941496,-0.2924971260505248,0.26374195476064877,0.7781596008998637
2025-03-10 12:00:00,22,1.4555595332727371,0.2404862136525359,-0.13494508919026182,0.007943019812120866,0.35561683804141886
2025-03-10 16:00:00,22,-0.6925126160657893,-0.8806238872377676,-0.5450768611579618,-1.0390562741919993,1.4555595332727371
2025-03-10 20:00:00,22,0.10971726217638533,-0.3778254498647652,0.2558672614241721,-0.5409246598295319,-0.6925126160657893
2025-03-11 00:00:00,22,-0.9956824925625014,-0.41194404232571225,-0.04325737744594859,-0.6198454414347019,0.10971726217638533
2025-03-11 04:00:00,22,0.11037805015798874,0.3190905957665665,0.36890914914603806,0.09635945636240173,-0.9956824925625014
2025-03-11 08:00:00,22,-0.5033521415306339,-0.05807263486572687,-0.043503763141280634,0.016963363006382792,0.11037805015798874
2025-03-11 12:00:00,22,-0.428323127926733,0.48241490635878403,0.18533565923826092,0.37902985686739754,-0.5033521415306339
2025-03-11 16:00:00,22,2.0380508722889807,0.7898708769813602,0.15735985428790827,0.6871271914618848,-0.428323127926733
2025-03-11 20:00:00,22,-1.4399687616525103,-0.6494521403114099,-0.7622683621900496,-0.7788642542011015,2.0380508722889807
2025-03-12 00:00:00,22,-0.3287615926188039,0.13607268876774642,0.5345686108550716,0.2569204336627564,-1.4399687616525103
2025-03-12 04:00:00,22,0.2237852639768807,0.5174326033015825,0.12023669407902264,0.4934021078912334,-0.3287615926188039
2025-03-12 08:00:00,22,0.431645664066977,0.49866885907874375,-0.08578951289816276,0.33243101187188806,0.2237852639768807
2025-03-12 12:00:00,22,-0.09739741601157981,0.17193982895959223,-0.16329369068893226,0.021943742057562332,0.431645664066977
2025-03-12 16:00:00,22,1.0877626556068822,0.23312260185517178,0.033968745636660067,0.09200272863344416,-0.09739741601157981
2025-03-12 20:00:00,22,-1.2520145251715675,-0.7055221392078284,-0.4079377303511868,-0.6904363997089984,1.0877626556068822
2025-03-13 00:00:00,22,-0.2660493341430321,0.1777153307462345,0.46448677441853436,0.21015082738307989,-1.2520145251715675
2025-03-13 04:00:00,22,-0.21464277413534205,0.4583972453781874,0.09685339438143639,0.40152291395910034,-0.2660493341430321
2025-03-13 08:00:00,22,0.757739739424002,0.6754745398453773,0.07768561078859752,0.5559177207984298,-0.21464277413534205
2025-03-13 12:00:00,22,-0.3387485209609977,0.2557463029568522,-0.2848832439758146,0.010867550001231407,0.757739739424002
2025-03-13 16:00:00,22,1.5029926104113542,0.39806224412453417,0.12396048499581855,0.2545329269120966,-0.3387485209609977
2025-03-13 20:00:00,22,-0.6838538178444047,-0.5978227450964574,-0.56276306614035,-0.8265854787747404,1.5029926104113542
2025-03-14 00:00:00,22,-0.4358442964032214,-0.19585586870341928,0.25263868572378034,-0.3346822291184086,-0.6838538178444047
2025-03-14 04:00:00,22,0.21181883688551828,0.07292611531413526,0.16016424597840548,-0.021174838868372348,-0.4358442964032214
2025-03-14 08:00:00,22,-0.26719267325248985,-0.02233686756768357,-0.08132763323081278,-0.17353835791816685,0.21181883688551828
2025-03-14 12:00:00,22,1.3494685413046028,0.23142734104839197,0.0972797072220551,0.018656144514466177,-0.26719267325248985
2025-03-14 16:00:00,22,-0.08494744486252337,-0.5807359673768991,-0.5055190853626041,-0.9520307822166476,1.3494685413046028
2025-03-14 20:00:00,22,-1.8487020818542117,-0.9606755423401355,0.029326568593759268,-0.8909271909409693,-0.08494744486252337
2025-03-15 00:00:00,22,0.8343897412977928,0.2944377282700356,0.6869715693031129,0.438863676611696,-1.8487020818542117
2025-03-17 04:00:00,22,-2.5199483427525866,-0.316073839770556,-0.31346346113268586,-0.1613216473776422,0.8343897412977928
2025-03-17 08:00:00,22,1.6037316202586602,1.5251177397511055,0.9372568065272648,1.6513037214085884,-2.5199483427525866
2025-03-17 12:00:00,22,1.1706733106803906,0.5673010254791933,-0.6003252671477929,0.4977226855250656,1.6037316202586602
2025-03-17 16:00:00,22,-0.32650146793303136,-0.25884375417439953,-0.4388523352917193,-0.3443549497578662,1.1706733106803906
2025-03-17 20:00:00,22,-1.682302234606011,-0.2778751381838226,0.11939396932048521,-0.10949900700671655,-0.32650146793303136
2025-03-18 00:00:00,22,-0.152346446569382,0.8727585496391345,0.6249266423237969,1.1005986988382066,-1.682302234606011
2025-03-18 04:00:00,22,1.1677577455809534,1.1289679273831412,0.05445739778943364,1.210183101506738,-0.152346446569382
2025-03-18 08:00:00,22,1.2106842377148155,0.43074874430015353,-0.43776521876673713,0.3702026628900743,1.1677577455809534
2025-03-18 12:00:00,22,-0.4158648620812464,-0.41574650745968916,-0.4537710692165335,-0.5006552533775182,1.2106842377148155
2025-03-18 16:00:00,22,0.6466640095930067,0.03817199347428373,0.152714584430664,-0.20151928054568913,-0.4158648620812464
2025-03-18 20:00:00,22,-2.30194749429676,-0.6180136504954947,-0.24346682646998152,-0.6666715096540567,0.6466640095930067
2025-03-19 00:00:00,22,0.4461622507190999,0.9429519303539919,0.8559715953473793,0.9891435540858726,-2.30194749429676
2025-03-19 04:00:00,22,-0.018092715140310744,0.6884703286812633,-0.16870643940063287,0.6682143506860836,0.4461622507190999
2025-03-19 08:00:00,22,1.6560608461288222,0.759350473626994,0.004398680182603037,0.681228631136662,-0.018092715140310744
2025-03-19 12:00:00,22,-0.3663313871426883,-0.21354712369613615,-0.6198370819222108,-0.5099933677507256,1.6560608461288222
2025-03-19 16:00:00,22,0.16974372136103355,-0.06134811613598742,0.13424521149301635,-0.24648734484861912,-0.3663313871426883
2025-03-19 20:00:00,22,0.7427827613600773,-0.3280831429115598,-0.06563923258901973,-0.36858579040449335,0.16974372136103355
2025-03-20 00:00:00,22,-2.4595147159629,-1.1007656793139033,-0.279306288064171,-0.9028772494380064,0.7427827613600773
2025-03-20 04:00:00,22,1.5104522013302155,0.4805340351030582,0.9147231322284629,0.8662775754532301,-2.4595147159629
2025-03-20 08:00:00,22,-0.7521362176935966,-0.2312091716969253,-0.5655444976230722,-0.22020659250376617,1.5104522013302155
2025-03-20 12:00:00,22,1.5930932397777724,0.3179225164462977,0.27809890448405555,0.3208129061281504,-0.7521362176935966
2025-03-20 16:00:00,22,-0.6054255359238141,-0.6188009106454478,-0.5963585715586417,-0.8251158306922104,1.5930932397777724
2025-03-20 20:00:00,22,-1.086969810042671,-0.5144383506770706,0.22339540752762882,-0.3896268697844718,-0.6054255359238141
2025-03-21 00:00:00,22,-1.1247372434004692,0.23487965275094216,0.40294713079602423,0.39224195639786785,-1.086969810042671
2025-03-21 04:00:00,22,0.8141643933377161,1.069326267790392,0.4170293411083063,1.2012772949474844,-1.1247372434004692
2025-03-21 08:00:00,22,0.950155370672606,0.6427602876435736,-0.30592210662986324,0.6156402766448075,0.8141643933377161
2025-03-21 12:00:00,22,-0.7686985631725349,0.05876285082848537,-0.35662858501985645,-0.06781648314272637,0.950155370672606
2025-03-21 16:00:00,22,2.4784629589139,0.5133670181694721,0.2842744481088893,0.48511648493314574,-0.7686985631725349
2025-03-21 20:00:00,22,-2.1166429108536207,-1.176908822825093,-0.9264832710817209,-1.2976680105684775,2.4784629589139
2025-03-22 00:00:00,22,-0.14915654329920258,0.16180870270034295,0.7868777257387551,0.22485551572092533,-2.1166429108536207
2025-03-24 04:00:00,22,0.5942966717198956,-0.015340129265642538,0.053267989753654904,0.33214538738919686,-0.14915654329920258
2025-03-24 08:00:00,22,-0.12852526478796733,-0.055889580279325474,-0.2239408010067972,-0.09533846435040694,0.5942966717198956
2025-03-24 12:00:00,22,0.4003788007686122,-0.05045815012353281,0.04557527735103962,-0.0028888884872113607,-0.12852526478796733
2025-03-24 16:00:00,22,0.14912813048837847,-0.27133633102500215,-0.15163532511768457,-0.2908855744052481,0.4003788007686122
2025-03-24 20:00:00,22,-0.7224522730503615,-0.5273441987673243,-0.05795236958113815,-0.3981550084396108,0.14912813048837847
2025-03-25 00:00:00,22,-0.23256691726509793,-0.023468971777206422,0.2670307562356954,0.12151251634700166,-0.7224522730503615
2025-03-25 04:00:00,22,-0.09181628028659006,0.21727655439945587,0.08436892312357647,0.2888003480152683,-0.23256691726509793
2025-03-25 08:00:00,22,0.3457682196056293,0.3424108146645563,0.031887727148691564,0.35484476491520667,-0.09181628028659006
2025-03-25 12:00:00,22,-0.06326852509960545,0.1969719401110007,-0.13127286940279856,0.10613004487749222,0.3457682196056293
2025-03-25 16:00:00,22,0.6616366316505182,0.09746692077433267,0.021243225874853992,0.15163976096792808,-0.06326852509960545
2025-03-25 20:00:00,22,-1.754007679974384,-0.4069923969545151,-0.2490496155026033,-0.3242824327933871,0.6616366316505182
2025-03-26 00:00:00,22,-0.2903034364962327,0.6859224329260865,0.6516632000519059,0.9373937547012261,-1.754007679974384
2025-03-26 04:00:00,22,1.301299494439057,0.9243358631621743,0.1058969363938793,1.1462120724069376,-0.2903034364962327
2025-03-26 08:00:00,22,0.06021021844559726,0.25524932743007706,-0.4875584619313927,0.21017364813019057,1.301299494439057
2025-03-26 12:00:00,22,0.06436643490770777,0.1986684062883603,-0.024797859819968543,0.16686380420877356,0.06021021844559726
2025-03-26 16:00:00,22,0.337964935934405,0.18817851708967623,-0.0263475736638595,0.12056435003639265,0.06436643490770777
2025-03-26 20:00:00,22,-1.4349068944977397,-0.18190694860449214,-0.12836328640986563,-0.1225373859165586,0.337964935934405
2025-03-27 00:00:00,22,-0.1923924530523209,0.7805521841992973,0.532681210216246,0.9096062476199158,-1.4349068944977397
2025-03-27 04:00:00,22,1.0327132827098353,0.9545363952962455,0.06938921166508624,1.0479961642896836,-0.1923924530523209
2025-03-27 08:00:00,22,0.15176584398960102,0.4451172009754615,-0.387411663902581,0.3051546293407501,1.0327132827098353
2025-03-27 12:00:00,22,1.0094129288868672,0.38284139451864324,-0.0589358845559542,0.19598786021947845,0.15176584398960102
2025-03-27 16:00:00,22,0.38317668477302114,-0.2588795591483462,-0.3787237427569448,-0.5300934849570442,1.0094129288868672
2025-03-27 20:00:00,22,-1.8317517567564252,-0.8013965426531487,-0.14522123250590355,-0.8057165077640551,0.38317668477302114
2025-03-28 00:00:00,22,0.14059610865220407,0.43974996644040754,0.6806513610796092,0.5118818125208122,-1.8317517567564252
2025-03-28 04:00:00,22,0.7410286606649787,0.42477726733950916,-0.05477106454651412,0.41074955160421034,0.14059610865220407
2025-03-28 08:00:00,22,0.700663014524773,-0.041648411066684855,-0.27865224269489003,-0.1222801643350504,0.7410286606649787
2025-03-28 12:00:00,22,-0.7485156815063103,-0.4212972718406739,-0.26360124590216877,-0.6262744461029666,0.700663014524773
2025-03-28 16:00:00,22,0.8554913927926524,-0.04961022798236744,0.27674892786399846,-0.08785923726157385,-0.7485156815063103
2025-03-28 20:00:00,22,-1.2228670721647354,-0.3674911126715255,-0.32133155985869416,-0.7032232012944188,0.8554913927926524
2025-03-29 00:00:00,22,0.46044056443135695,0.4361080820743392,0.453618665923552,0.17639795603371589,-1.2228670721647354
2025-03-31 04:00:00,22,0.5423247260734296,-0.13838682016667075,-0.17403034411758467,-0.15480178871774797,0.46044056443135695
2025-03-31 08:00:00,22,0.20048751152115862,-0.2595646696562094,-0.20456220405533376,-0.5449016728792451,0.5423247260734296
2025-03-31 12:00:00,22,-0.5785203007939952,-0.269401266272224,-0.07710256171520076,-0.6891144503170228,0.20048751152115862
2025-03-31 16:00:00,22,1.4110920364111248,-0.043398402841614565,0.21336334694225476,-0.2729787082519337,-0.5785203007939952
2025-03-31 20:00:00,22,-2.6275766043023925,-1.276514150624185,-0.5284964216842619,-1.2879920636833067,1.4110920364111248
2025-04-01 00:00:00,22,0.9972096336706926,0.3493068914380708,0.9773877786357181,0.6020514465678541,-2.6275766043023925
2025-04-01 04:00:00,22,-0.5256982805943835,0.007580847992168042,-0.3741735429033042,-0.11525193990358495,0.9972096336706926
2025-04-01 08:00:00,22,1.950291992571989,0.4236361032260311,0.19366778567592494,0.2628883670091433,-0.5256982805943835
2025-04-01 12:00:00,22,-2.037494334890466,-0.8463874803275353,-0.7295460167439891,-1.1399771926932143,1.950291992571989
2025-04-01 16:00:00,22,1.6477285269569801,0.40070058968939704,0.7573658740311878,0.325613929760717,-2.037494334890466
2025-04-01 20:00:00,22,-1.0909529567703942,-1.007405590442336,-0.6167302393190792,-0.8596145442375018,1.6477285269569801
2025-04-02 00:00:00,22,0.8363210217866826,-0.01981568416845355,0.40443231273552965,-0.07488059868593666,-1.0909529567703942
2025-04-02 04:00:00,22,-0.9345876433856191,-0.46561856008953756,-0.31418357090977606,-0.676455113060257,0.8363210217866826
2025-04-02 08:00:00,22,0.6211569156974992,0.08741635028534536,0.3461289271766157,-0.004196383381513513,-0.9345876433856191
2025-04-02 12:00:00,22,0.4511573733691687,-0.34508137541001327,-0.23395608589916386,-0.45100109135438693,0.6211569156974992
2025-04-02 16:00:00,22,-0.92884978823521,-0.5114356321500393,-0.17056895325026383,-0.7755233390567504,0.4511573733691687
2025-04-02 20:00:00,22,1.8238766434425706,-0.4830461960010073,0.3439894732665769,-0.10739190898633488,-0.92884978823521
2025-04-03 00:00:00,22,0.43956937006578833,-1.467334825579293,-0.6824099692324772,-1.4193255773683902,1.8238766434425706
2025-04-03 04:00:00,22,-1.4663884752174194,-1.7169481969151061,-0.1662481751324697,-1.7355124523153176,0.43956937006578833
2025-04-03 08:00:00,22,0.3343976984096084,-0.49390938098492293,0.5444196367187204,-0.6807237863812166,-1.4663884752174194
2025-04-03 12:00:00,22,1.1718642730395903,-0.5666039608273314,-0.12703318307501252,-0.9212595708326106,0.3343976984096084
2025-04-03 16:00:00,22,0.7619195591469623,-1.2931331808499527,-0.4392964052463115,-1.764193877876993,1.1718642730395903
2025-04-03 20:00:00,22,-2.1346596523650927,-1.9313585594670823,-0.2864417586847311,-2.3122506369991402,0.7619195591469623
2025-04-04 00:00:00,22,-0.5053711929105482,-0.4330813610120868,0.793595564907304,-0.7767674788901076,-2.1346596523650927
2025-04-04 04:00:00,22,0.45086016749982605,-0.11554749867950878,0.18608849583941126,-0.4132486601182901,-0.5053711929105482
2025-04-04 08:00:00,22,0.04300467740780256,-0.25187457833285737,-0.17045813514095579,-0.737557124510344,0.45086016749982605
2025-04-04 12:00:00,22,2.2957631771017333,-0.37970570006026055,-0.018382490124722983,-0.7684908416518255,0.04300467740780256
2025-04-04 16:00:00,22,-0.9479395398849118,-2.0356277886256255,-0.8583606447143736,-2.419857460935118,2.2957631771017333
2025-04-04 20:00:00,22,-1.180975042111987,-1.372530164382124,0.35110740195909756,-1.7379945715577705,-0.9479395398849118
2025-04-05 00:00:00,22,2.282519157481433,-0.5177408486946731,0.43799853171897446,-0.8885067924165178,-1.180975042111987
2025-04-07 04:00:00,23,-0.05405020369428826,1.924001997706423,-0.9463074774030141,-2.252993510969329,2.282519157481433
2025-04-07 08:00:00,23,-1.0775775832928076,-0.056401109800829075,0.03883828200774064,-2.215880335902372,-0.05405020369428826
2025-04-07 12:00:00,23,-0.5961806167366994,0.20967352944960788,0.4703785026433961,-1.4759696091422345,-1.0775775832928076
2025-04-07 16:00:00,23,0.9833784304768542,-1.0427717949833923,0.26741162818377445,-1.0666065709264565,-0.5961806167366994
2025-04-07 20:00:00,23,-1.2438001180636178,-12.377846439389048,-0.3985629938228773,-1.7418361418228478,0.9833784304768542
2025-04-08 00:00:00,23,-0.26518017594435506,-8.939726982054687,0.5404613463067969,-0.8877899333924653,-1.2438001180636178
2025-04-08 04:00:00,23,-0.30600093849239585,-7.714393335257501,0.12785502608676289,-0.7057059148053302,-0.26518017594435506
2025-04-08 08:00:00,23,0.10535715418285285,-6.3043471965827065,0.14506590019489574,-0.4955926196703935,-0.30600093849239585
2025-04-08 12:00:00,23,1.1260582982776217,-5.267145183285607,-0.028371142733033417,-0.5679353351550684,0.10535715418285285
2025-04-08 16:00:00,23,-0.9377004772751736,-6.937667835045743,-0.4587197642799227,-1.3411349884987107,1.1260582982776217
2025-04-08 20:00:00,23,-0.18103191150980535,-4.785803432602293,0.41140343427111264,-0.6972698484093289,-0.9377004772751736
2025-04-09 00:00:00,23,0.0038202889981171495,-4.760486855402076,0.09237638494436662,-0.5729656170585908,-0.18103191150980535
2025-04-09 04:00:00,23,0.45348742115275087,-4.478509155590195,0.0144388905673567,-0.5755887904178518,0.0038202889981171495
2025-04-09 08:00:00,23,-0.2763968262305525,-4.62354365816544,-0.17515003229929818,-0.8869725947620246,0.45348742115275087
2025-04-09 12:00:00,23,0.8990179802061764,-7.004503343655019,0.1325841968307808,-0.6971867457046272,-0.2763968262305525
2025-04-09 16:00:00,23,-0.15535352396453916,-6.519611483658238,-0.36299489076244773,-1.314490833519928,0.8990179802061764
2025-04-09 20:00:00,23,1.1638407334796899,-7.4616528992707325,0.0815498479628169,-1.2078184782264003,-0.15535352396453916
2025-04-10 00:00:00,23,-1.4566910841194893,-20.620035109768857,-0.4746496170110225,-2.006961162979165,1.1638407334796899
2025-04-10 04:00:00,23,-0.528015214992303,-15.167941981942684,0.6302205616383156,-1.0067349375761534,-1.4566910841194893
2025-04-10 08:00:00,23,0.2264997487256295,-12.038667033499703,0.23867169108503905,-0.644177171413709,-0.528015214992303
2025-04-10 12:00:00,23,-0.9038315636883105,-9.89933899847626,-0.07944735526959663,-0.7997015589742382,0.2264997487256295
2025-04-10 16:00:00,23,2.293751107942615,-8.82497492863401,0.39712360284374243,-0.17909225944350382,-0.9038315636883105
2025-04-10 20:00:00,23,-1.685170301012393,-10.318553711742558,-0.9510430990158806,-1.7540795973376007,2.293751107942615
2025-04-11 00:00:00,23,0.7830473459923208,-10.60329667648386,0.726552104530017,-0.5969697971072172,-1.685170301012393
2025-04-11 04:00:00,23,-0.8296475190502193,-9.994837799153549,-0.3140992832062192,-1.134643501389668,0.7830473459923208
2025-04-11 08:00:00,23,1.8635020801270574,-8.984731017648455,0.36584608195971435,-0.564972130814775,-0.8296475190502193
2025-04-11 12:00:00,23,-0.8798390675152081,-9.540735801918807,-0.76964124881366,-1.8445321363342817,1.8635020801270574
2025-04-11 16:00:00,23,0.24299987764308284,-8.751302978210145,0.38700787238208934,-1.2403971079423215,-0.8798390675152081
2025-04-11 20:00:00,23,-2.09579889845066,-10.253017312410453,-0.08640414940669884,-1.4072511877386908,0.24299987764308284
2025-04-12 00:00:00,23,1.2320896140605306,-8.288059092122051,0.8996815772436122,0.03181372056903342,-2.09579889845066
2025-04-14 04:00:00,23,0.03218516202970534,-9.014285857620022,-0.5034247505062741,-0.8141915563664917,1.2320896140605306
2025-04-14 08:00:00,23,-0.17457665320664262,-8.704592236596175,0.002479675982246809,-0.8362912612949494,0.03218516202970534
2025-04-14 12:00:00,23,0.7417252989993166,-7.809090204492623,0.08965471511126484,-0.7164194856082613,-0.17457665320664262
2025-04-14 16:00:00,23,-0.9297483199277536,-8.041986432970853,-0.2966770572531893,-1.2257197100635029,0.7417252989993166
2025-04-14 20:00:00,23,-0.6284891704407958,-7.4240572834586525,0.4080506409754598,-0.5873148603638487,-0.9297483199277536
2025-04-15 00:00:00,23,-0.8607903354996456,-6.155015939098125,0.28103357975223525,-0.15576739123339145,-0.6284891704407958
2025-04-15 04:00:00,23,0.6552307377572912,-5.383219277606467,0.37897653469569564,0.4352879653390911,-0.8607903354996456
2025-04-15 08:00:00,23,0.13331215551456488,-5.5324838236203915,-0.2602091690597059,-0.01462140442351334,0.6552307377572912
2025-04-15 12:00:00,23,-0.14300962951925023,-5.138181055197185,-0.04015754696902861,-0.10615921608745538,0.13331215551456488
2025-04-15 16:00:00,23,0.4702368187988153,-5.111077748397087,0.07634540786809983,-0.007962705180144525,-0.14300962951925023
2025-04-15 20:00:00,23,-0.6509213420134454,-5.7125673977731815,-0.1822119232655488,-0.33084736030039075,0.4702368187988153
2025-04-16 00:00:00,23,0.16375025686649636,-4.729143032855744,0.2904914452307291,0.11610299455121265,-0.6509213420134454
2025-04-16 04:00:00,23,0.9436950374971342,-4.613210886605084,-0.0529908773077786,0.003665084331316848,0.16375025686649636
2025-04-16 08:00:00,23,0.7035682134327317,-5.264389200548115,-0.3818316581464862,-0.6443161764710492,0.9436950374971342
2025-04-16 12:00:00,23,-0.7959522646812243,-6.115693348577302,-0.28058924421327186,-1.1274161185982692,0.7035682134327317
2025-04-16 16:00:00,23,0.664191670628286,-4.8443812221022275,0.35163946883474423,-0.5808813467565717,-0.7959522646812243
2025-04-16 20:00:00,23,-1.4965349377972856,-5.354233560881107,-0.26398728288971135,-1.0369436752070946,0.664191670628286
2025-04-17 00:00:00,23,0.9927318445597741,-4.323305207401069,0.6470195508493668,-0.009358960551200113,-1.4965349377972856
2025-04-17 04:00:00,23,0.8969160478466485,-4.378079405698607,-0.40250658581415666,-0.6910109844747172,0.9927318445597741
2025-04-17 08:00:00,23,-1.163352315260667,-4.978141001559619,-0.362108672794788,-1.3068717958857476,0.8969160478466485
2025-04-17 12:00:00,23,0.30987956463028254,-3.8269491708736245,0.5065428959915189,-0.5080644799129228,-1.163352315260667
2025-04-17 16:00:00,23,1.0073738327371444,-3.713027852485414,-0.11460200268720476,-0.7208410051753322,0.30987956463028254
2025-04-17 20:00:00,23,-1.872974679967795,-5.164149458716643,-0.4086799495507335,-1.412546842653903,1.0073738327371444
2025-04-18 00:00:00,23,0.8246140978395591,-3.3875220439862326,0.8057342981343997,-0.1264825460827499,-1.872974679967795
2025-04-21 04:00:00,23,-0.4227864061928308,-3.606110681011734,-0.3316246817649767,-0.6926977549818485,0.8246140978395591
2025-04-21 08:00:00,23,-0.7275867169141392,-2.5476461192499484,0.1943050583288506,-0.4023945768899928,-0.4227864061928308
2025-04-21 12:00:00,23,1.292207255113194,-1.6045199981881422,0.3228151460512563,0.09719749410307976,-0.7275867169141392
2025-04-21 16:00:00,23,-0.060124447864872366,-3.3422698932846466,-0.5287715859706442,-0.7900871191624166,1.292207255113194
2025-04-21 20:00:00,23,-0.43284632470705375,-2.785447578104923,0.041399308436361346,-0.748803108984875,-0.060124447864872366
2025-04-22 00:00:00,23,1.1704340372213977,-2.5799002415024943,0.1985465271373424,-0.45159236179134865,-0.43284632470705375
2025-04-22 04:00:00,23,-0.31502296567819954,-3.791865848884058,-0.47742948964377074,-1.2552622900938246,1.1704340372213977
2025-04-22 08:00:00,23,0.6532473643327386,-3.586672626520624,0.1488697726461337,-1.0389540863087863,-0.31502296567819954
2025-04-22 12:00:00,23,-0.36464719826292225,-3.2241034633058683,-0.25937293798050404,-1.4875015872883441,0.6532473643327386
2025-04-22 16:00:00,23,1.3624124352858988,-3.2171977736453163,0.1697923710107093,-1.237119268965328,-0.36464719826292225
2025-04-22 20:00:00,23,-1.6003233971784674,-4.794712326274757,-0.5583715356597075,-2.172609753148424,1.3624124352858988
2025-04-23 00:00:00,23,1.8051439719528286,-3.3698268070517425,0.6907789026298325,-1.0737594557626249,-1.6003233971784674
2025-04-23 04:00:00,23,-1.060751511608924,-6.351811182918893,-0.7450362686447225,-2.3132482952695685,1.8051439719528286
2025-04-23 08:00:00,23,0.034125069855701184,-4.596701235581188,0.46328428432386004,-1.584891066949977,-1.060751511608924
2025-04-23 12:00:00,23,-0.21102299741639818,-4.201068953584805,0.0016617708944791955,-1.6083227953277284,0.034125069855701184
2025-04-23 16:00:00,23,0.016944305569165152,-4.024128063381083,0.10502124436601748,-1.4634254052907618,-0.21102299741639818
2025-04-23 20:00:00,23,-1.2753035464315357,-3.7851797379354823,0.00890553491944273,-1.47506008815955,0.016944305569165152
2025-04-24 00:00:00,23,1.2722221732232128,-2.6407061661962135,0.5537438404536594,-0.5993822822084454,-1.2753035464315357
2025-04-24 04:00:00,23,-0.7988943853666886,-4.060975130263203,-0.5203454638950363,-1.4729442858959008,1.2722221732232128
2025-04-24 08:00:00,23,-0.024314471707100438,-3.1140662985800383,0.35287992750253283,-0.9243893285117881,-0.7988943853666886
2025-04-24 12:00:00,23,-0.5765230409142408,-2.789439554434723,0.02630108505698863,-0.9076939752392992,-0.024314471707100438
2025-04-24 16:00:00,23,0.6880644719216118,-1.822140465266651,0.2591235894105338,-0.511828666967654,-0.5765230409142408
2025-04-24 20:00:00,23,-1.5360094033036216,-3.2880874849281945,-0.274052547525186,-0.9842830789475769,0.6880644719216118
2025-04-25 00:00:00,23,1.3263883909825207,-2.1198164526486463,0.6636627984005566,0.0704064872884782,-1.5360094033036216
2025-04-25 04:00:00,23,0.24765010296240142,-2.939100227596415,-0.5431830567418633,-0.8403483516709098,1.3263883909825207
2025-04-25 08:00:00,23,0.45977947762547977,-3.12643848104087,-0.08836478016294828,-1.0103954745009904,0.24765010296240142
2025-04-25 12:00:00,23,-0.5979188029952205,-2.79243369423227,-0.17780289287989007,-1.326099673171969,0.45977947762547977
2025-04-25 16:00:00,23,-0.13165106625858236,-2.612334162727549,0.2681444833046626,-0.915543122138434,-0.5979188029952205
2025-04-25 20:00:00,23,-0.21750957817783068,-3.2570825596665376,0.07155640369164551,-0.8251458852021631,-0.13165106625858236
2025-04-26 00:00:00,23,0.438996234484863,-3.090458284803804,0.10775612039254603,-0.6757945321654155,-0.21750957817783068
2025-04-28 04:00:00,23,0.4030842440158633,-3.089870733047355,-0.16904024958455952,-0.9772280697025426,0.438996234484863
2025-04-28 08:00:00,23,-0.6262982472944909,-2.923845735308635,-0.15389901487080265,-1.2540029029576765,0.4030842440158633
2025-04-28 12:00:00,23,-0.4665704912476407,-2.0145002930793794,0.28010984143629203,-0.8239598151010998,-0.6262982472944909
2025-04-28 16:00:00,23,1.1501418657657574,-2.2636661689905044,0.21276533022924118,-0.5035926168442746,-0.4665704912476407
2025-04-28 20:00:00,23,-1.537012771521022,-3.356315513487703,-0.46887389228341636,-1.293329074775734,1.1501418657657574
2025-04-29 00:00:00,23,-0.6193060357092257,-2.233276855556783,0.6640858391032739,-0.23795055312852575,-1.537012771521022
2025-04-29 04:00:00,23,0.9874925761941373,-1.1531874145685639,0.2771617810420306,0.1872913840397601,-0.6193060357092257
2025-04-29 08:00:00,23,0.1993986236279497,-1.4479318739844451,-0.4002976023794749,-0.4907631347720951,0.9874925761941373
2025-04-29 12:00:00,23,-0.5413226587046491,-1.5309834748578441,-0.06802096283765727,-0.6276787339929797,0.1993986236279497
2025-04-29 16:00:00,23,0.5642623864058809,-1.1125627475661315,0.24428238339302108,-0.2559835094227303,-0.5413226587046491
2025-04-29 20:00:00,23,-0.6134038390514238,-2.0308557837072034,-0.22185503882779373,-0.6434301293989897,0.5642623864058809
2025-04-30 00:00:00,23,0.25066688286999117,-1.3637279401364162,0.2746732933877561,-0.22224089218128285,-0.6134038390514238
2025-04-30 04:00:00,23,0.07830088860898599,-1.6498297608859158,-0.08963671669623491,-0.3943594647598623,0.25066688286999117
2025-04-30 08:00:00,23,1.0896307071131108,-1.0823169088135236,-0.016963664000121278,-0.44812419436717477,0.07830088860898599
2025-04-30 12:00:00,23,-0.1015695359878066,-1.8185670472659334,-0.44336114169522484,-1.1963111100012114,1.0896307071131108
2025-04-30 16:00:00,23,0.3865502235992402,-2.1886619052047895,0.05887341106354338,-1.126569134709019,-0.1015695359878066
2025-04-30 20:00:00,23,-1.6071657153432852,-2.94074789366933,-0.1469279313797262,-1.3919910043795305,0.3865502235992402
2025-05-01 00:00:00,23,1.1633248596136916,-1.720906064871114,0.6936637648712931,-0.2884424795207874,-1.6071657153432852
2025-05-01 04:00:00,23,-0.5991366031220515,-2.4975433921240127,-0.47443211396577867,-1.0872309432754292,1.1633248596136916
2025-05-01 08:00:00,23,-0.6480429878077683,-1.3560265851648134,0.26865793291617074,-0.6758381987363293,-0.5991366031220515
2025-05-01 12:00:00,23,1.2671348976061765,-0.6673789651955497,0.2892778718239555,-0.23086424464251643,-0.6480429878077683
2025-05-01 16:00:00,23,-0.0527320749396214,-2.319700315863676,-0.518200563733136,-1.1009331079219002,1.2671348976061765
2025-05-01 20:00:00,23,-0.4875130025905108,-2.5758126137762103,0.03828253178067953,-1.0647250162753394,-0.0527320749396214
2025-05-02 00:00:00,23,-0.10754439746811961,-1.86693778660976,0.2215951242784359,-0.7299777965442988,-0.4875130025905108
2025-05-02 04:00:00,23,-0.944692457957057,-1.8039053340511524,0.061392535703368,-0.6561332265352764,-0.10754439746811961
2025-05-02 08:00:00,23,0.1958623520645535,-0.7978945359993111,0.4143513973117533,-0.007467094305711797,-0.944692457957057
2025-05-02 12:00:00,23,0.6664912304341293,-0.6722938981587112,-0.06652999792444295,-0.14195453865119667,0.1958623520645535
2025-05-02 16:00:00,23,1.2666574474539463,-1.59692537972342,-0.2649568246584599,-0.5995958429393315,0.6664912304341293
2025-05-02 20:00:00,23,-1.5678234869717969,-2.7606288253743916,-0.5179992609168725,-1.469336868581216,1.2666574474539463
2025-05-03 00:00:00,23,0.24015474659602987,-1.4209787084068648,0.6770762712193011,-0.3928023956460098,-1.5678234869717969
2025-05-05 04:00:00,24,-0.021624905287797702,-0.3676558325048339,-0.0988048209723259,-0.12887182889049864,0.24015474659602987
2025-05-05 08:00:00,24,-0.3592359235123297,0.09208318689516473,0.014500844450674349,-0.11939179136707789,-0.021624905287797702
2025-05-05 12:00:00,24,0.22717225364035265,0.4520433286371718,0.16062847812574418,0.03809190575595345,-0.3592359235123297
2025-05-05 16:00:00,24,-0.42686340003163714,0.2338586268186016,-0.09318562944003211,-0.06149703857139688,0.22717225364035265
2025-05-05 20:00:00,24,0.18182564446164484,0.24816372141737916,0.18989956994956153,0.12563354053724396,-0.42686340003163714
2025-05-06 00:00:00,24,1.9744942603760087,0.10404350386466048,-0.0735583295689544,0.045923876643858996,0.18182564446164484
2025-05-06 04:00:00,24,-0.2575558228638144,-1.0416724362100014,-0.8494762015174057,-0.8196651018524586,1.9744942603760087
2025-05-06 08:00:00,24,-1.2920992878781572,-0.7465666230250347,0.11661844380355624,-0.706756451727534,-0.2575558228638144
2025-05-06 12:00:00,24,0.27393357204765323,0.19855978787119455,0.5643982267963389,-0.14031930113420277,-1.2920992878781572
2025-05-06 16:00:00,24,0.0707692715240178,-0.016512216249662905,-0.11342525562972264,-0.26040771342435587,0.27393357204765323
2025-05-06 20:00:00,24,-1.2923668388594063,-0.3060223541058655,-0.02548997840181736,-0.29143191170981364,0.0707692715240178
2025-05-07 00:00:00,24,3.051250408391194,0.6102284258157995,0.5645140304569628,0.27512252926273195,-1.2923668388594063
2025-05-07 04:00:00,24,-1.0642768172330541,-1.1800032126137192,-1.315526832157366,-1.06250036341301,3.051250408391194
2025-05-07 08:00:00,24,-1.7392146603345342,-0.2226945962587935,0.46579019347902484,-0.595937202631454,-1.0642768172330541
2025-05-07 12:00:00,24,1.4936493747315112,0.9094645584889345,0.7579224538799038,0.16650869120371148,-1.7392146603345342
2025-05-07 16:00:00,24,-1.1447441241536573,-0.09187725863375736,-0.641352883524094,-0.48828502607926705,1.4936493747315112
2025-05-07 20:00:00,24,0.7982779796791384,0.30229218156746873,0.5006187284313207,0.01355380776830728,-1.1447441241536573
2025-05-08 00:00:00,24,-0.4788027538972983,-0.22958309581144687,-0.34037640171757744,-0.336399410558589,0.7982779796791384
2025-05-08 04:00:00,24,0.6718583448885838,-0.007209011566047648,0.21238039689328853,-0.1264993895941009,-0.4788027538972983
2025-05-08 08:00:00,24,0.45070151928075575,-0.1463258006044541,-0.28565839464790194,-0.4210321163367903,0.6718583448885838
2025-05-08 12:00:00,24,-0.9483589636860312,-0.22293620484347532,-0.1899354417445428,-0.6186129731211878,0.45070151928075575
2025-05-08 16:00:00,24,0.9829716812210645,0.3863924832629979,0.41561765548367297,-0.20286647889309428,-0.9483589636860312
2025-05-08 20:00:00,24,-0.5993348799353679,-0.6209482255955127,-0.4203170793143673,-0.6337866747699463,0.9829716812210645
2025-05-09 00:00:00,24,-0.2426639957429284,-0.24645335104272637,0.26455012302484093,-0.3710471586765056,-0.5993348799353679
2025-05-09 04:00:00,24,1.2230180432914342,-0.07474222922820152,0.11017283823737163,-0.2646668645383219,-0.2426639957429284
2025-05-09 08:00:00,24,-1.7428261848215634,-0.6274128412882665,-0.5242159598844426,-0.800819822801973,1.2230180432914342
2025-05-09 12:00:00,24,-0.5206974830966598,0.2670316581787646,0.7594856242113239,-0.03679069023359105,-1.7428261848215634
2025-05-09 16:00:00,24,1.6066735899221065,0.7587916563831354,0.23051362510827839,0.19147535821438577,-0.5206974830966598
2025-05-09 20:00:00,24,-2.042377821916089,-0.5647972469634689,-0.6902729726865854,-0.5128664975136976,1.6066735899221065
2025-05-10 00:00:00,24,3.543134399675944,0.9581357397479745,0.8891400772037459,0.3824816268405469,-2.042377821916089
2025-05-12 04:00:00,24,-2.5809861006042656,-1.3793003877398506,-1.5284281884788768,-1.170775907119883,3.543134399675944
2025-05-12 08:00:00,24,2.0000849678549244,0.5480620448485062,1.1222650316451372,-0.039309907360634,-2.5809861006042656
2025-05-12 12:00:00,24,-1.0349012909283655,-0.8835827009035605,-0.8605525862504355,-0.9161174722009076,2.0000849678549244
2025-05-12 16:00:00,24,-0.6217094063497139,-0.02665214279509521,0.4530756317048321,-0.4624321061626109,-1.0349012909283655
2025-05-12 20:00:00,24,-0.9576387379187636,-0.12588030380330467,0.2742344532837375,-0.1898839297696746,-0.6217094063497139
2025-05-13 00:00:00,24,0.025903921538056096,0.517766637823091,0.419634205230181,0.22993067975253823,-0.9576387379187636
2025-05-13 04:00:00,24,1.93913365384058,0.6859915253946781,-0.006070981172608963,0.2185747850137485,0.025903921538056096
2025-05-13 08:00:00,24,-1.5055596570187522,-0.6644490668891717,-0.8341711270991858,-0.6315126283961332,1.93913365384058
2025-05-13 12:00:00,24,0.24800478239285084,0.4694817856825309,0.6567899348334775,0.02850237987031612,-1.5055596570187522
2025-05-13 16:00:00,24,0.7241146077459568,0.42004418767984386,-0.10220253933260509,-0.08021923586775603,0.24800478239285084
2025-05-13 20:00:00,24,-1.531605168676652,-0.47662517869987764,-0.30827638880048586,-0.397660332664727,0.7241146077459568
2025-05-14 00:00:00,24,0.4463516564339418,0.6192374605185663,0.6680631717273462,0.27377264134758406,-1.531605168676652
2025-05-14 04:00:00,24,0.1731357122142665,0.6105505938627279,-0.18805269760912097,0.07809869987498708,0.4463516564339418
2025-05-14 08:00:00,24,-0.09347132349083154,0.4710307970633122,-0.06979708017968962,0.002198573303719975,0.1731357122142665
2025-05-14 12:00:00,24,1.266011868665828,0.47785108455020725,0.045598014013595686,0.04317501422977266,-0.09347132349083154
2025-05-14 16:00:00,24,-0.6081048662004527,-0.23330621191022205,-0.5428249081280128,-0.5118257989678225,1.266011868665828
2025-05-14 20:00:00,24,-0.9891497463294616,-0.1267629214917354,0.26834602206575253,-0.2452416510590547,-0.6081048662004527
2025-05-15 00:00:00,24,-0.08126173581717744,0.5420281292011692,0.43327306428752427,0.1883869168670742,-0.9891497463294616
2025-05-15 04:00:00,24,0.8874116210725926,0.7706968550014179,0.040313357830624785,0.22401085577051383,-0.08126173581717744
2025-05-15 08:00:00,24,1.2089615223296857,-0.040339216512388344,-0.3789559722723671,-0.1650172280304023,0.8874116210725926
2025-05-15 12:00:00,24,-1.6210827187506194,-0.7726397465590275,-0.5181318985387958,-0.6950080161299459,1.2089615223296857
2025-05-15 16:00:00,24,0.5356847172289729,0.1772176181317157,0.706791595722844,0.01565058781766382,-1.6210827187506194
2025-05-15 20:00:00,24,-0.6777315928173842,-0.2607492121778109,-0.22671858254255442,-0.21918564163484167,0.5356847172289729
2025-05-16 00:00:00,24,0.9386683500239386,-0.021387703485368663,0.2984824460917795,0.07792182982965734,-0.6777315928173842
2025-05-16 04:00:00,24,-0.6187202078948602,-0.4940344639052434,-0.4011413397730311,-0.3335764431961241,0.9386683500239386
2025-05-16 08:00:00,24,1.059405934418665,0.2032093177555807,0.2729406433272673,-0.06233868704040191,-0.6187202078948602
2025-05-16 12:00:00,24,0.2661017796707785,-0.5148831792437574,-0.4533999941144356,-0.5267665250893003,1.059405934418665
2025-05-16 16:00:00,24,-0.6022947946214572,-0.4777906522765101,-0.11003543353953828,-0.6434215958401355,0.2661017796707785
2025-05-16 20:00:00,24,-0.6928080804307353,-0.4645874762666782,0.2658312581348054,-0.37938449707908095,-0.6022947946214572
2025-05-17 00:00:00,24,1.6519796019968442,0.1373113563102084,0.3050079779617296,-0.07566771720865706,-0.6928080804307353
2025-05-19 04:00:00,24,-1.1192671050576557,-1.1692876905352718,-0.7098827009784877,-0.7998710562028633,1.6519796019968442
2025-05-19 08:00:00,24,-0.8976135354914554,-0.18885990625470567,0.4895915512581002,-0.30920096939952657,-1.1192671050576557
2025-05-19 12:00:00,24,0.7507245705515349,0.33804145611645003,0.3936535934666866,0.08429948226679418,-0.8976135354914554
2025-05-19 16:00:00,24,-0.316409065719208,0.0445814139143982,-0.31979393617618995,-0.24480702728165227,0.7507245705515349
2025-05-19 20:00:00,24,-0.896998653482795,-0.11977414883416922,0.14209179819166243,-0.106097988983052,-0.316409065719208
2025-05-20 00:00:00,24,0.03609813253389582,0.5369526697067566,0.3933874550764544,0.28713290753669085,-0.896998653482795
2025-05-20 04:00:00,24,0.5953108854257732,0.584569287539959,-0.010483325111620232,0.2713080219988173,0.03609813253389582
2025-05-20 08:00:00,24,0.3540673924649642,0.1604892828090789,-0.25252648096225416,0.010332565374646663,0.5953108854257732
2025-05-20 12:00:00,24,-0.35252242830993374,0.023975258420405175,-0.14810944815550373,-0.14488532444805635,0.3540673924649642
2025-05-20 16:00:00,24,1.3956754013119,0.43028697299362084,0.1577226868018289,0.009655276019289616,-0.35252242830993374
2025-05-20 20:00:00,24,-2.552609347144056,-0.7821803478288346,-0.5989469662858405,-0.6021881054367535,1.3956754013119
2025-05-21 00:00:00,24,1.6275056522801954,0.6089813219200749,1.1099827671138196,0.5168379467705657,-2.552609347144056
2025-05-21 04:00:00,24,-0.05376341006279084,-0.2524050517857472,-0.6992896807104168,-0.1966363759078522,1.6275056522801954
2025-05-21 08:00:00,24,0.06952093437015172,-0.03744584814879443,0.028411301749497866,-0.17306729488764905,-0.05376341006279084
2025-05-21 12:00:00,24,0.3563200899699446,-0.11813629543394229,-0.024949662640553302,-0.20354424069255028,0.06952093437015172
2025-05-21 16:00:00,24,-0.42458853603741886,-0.13171281632217793,-0.14908447959114718,-0.3597496796671189,0.3563200899699446
2025-05-21 20:00:00,24,-0.2832654562819439,-0.3920547707287958,0.18891494422805544,-0.17361636717023288,-0.42458853603741886
2025-05-22 00:00:00,24,-0.9671957789057988,-0.4845481700352113,0.12774630305945944,-0.049436995334687595,-0.2832654562819439
2025-05-22 04:00:00,24,1.2613539750120264,0.5147422059369133,0.4237707638997275,0.37456727911156484,-0.9671957789057988
2025-05-22 08:00:00,24,-0.7679883529597884,-0.18973528472572926,-0.5408088395141398,-0.17839158264020938,1.2613539750120264
2025-05-22 12:00:00,24,1.6577676020131697,0.45108873066710753,0.3375481343271569,0.15828311288862995,-0.7679883529597884
2025-05-22 16:00:00,24,0.2085015741678493,-0.6950161316620055,-0.7123879117104859,-0.5684575994077985,1.6577676020131697
2025-05-22 20:00:00,24,-2.1696552144643544,-0.8100818695166302,-0.08510442929209107,-0.6598615949628188,0.2085015741678493
2025-05-23 00:00:00,24,-1.1606488728362745,0.5369574310156431,0.9442293461832366,0.29128304924585535,-2.1696552144643544
2025-05-23 04:00:00,24,1.652810226909633,1.3571610480265246,0.5075027552068978,0.8000942888591505,-1.1606488728362745
2025-05-23 08:00:00,24,0.005663327547827279,0.40179439495805425,-0.7102422190227022,0.07552681623123192,1.652810226909633
2025-05-23 12:00:00,24,0.8548916755079343,0.42349925957632434,0.0026897225494565244,0.07304409748882357,0.005663327547827279
2025-05-23 16:00:00,24,-0.3559846835234737,-0.4420663239239739,-0.36488041657043446,-0.30172772483442856,0.8548916755079343
2025-05-23 20:00:00,24,-1.1353000224541727,-0.2265215241726552,0.1592212491538351,-0.14566932306792335,-0.3559846835234737
2025-05-24 00:00:00,24,1.330374115286812,0.5217027721210867,0.496531053091843,0.35202935676304037,-1.1353000224541727
2025-05-26 04:00:00,24,-1.1578939975407998,-0.322927341865233,-0.5706827157499212,-0.23118691009496484,1.330374115286812
2025-05-26 08:00:00,24,0.20690432853436036,0.620691764935991,0.5063103669663875,0.2764166330763862,-1.1578939975407998
2025-05-26 12:00:00,24,0.4739210082778129,0.48497283548919823,-0.08441309603511676,0.18571284630092233,0.20690432853436036
2025-05-26 16:00:00,24,-1.2310174895829409,0.3540897112086754,-0.1999854957982518,-0.022047089838379108,0.4739210082778129
2025-05-26 20:00:00,24,0.18793697168065293,0.6378907721673296,0.5379602903437978,0.5176127069524616,-1.2310174895829409
2025-05-27 04:00:00,24,0.9335167970312224,0.5586068505498498,-0.0762034854937346,0.4352239279099894,0.18793697168065293
2025-05-27 08:00:00,24,1.1300479485089863,0.14012479493304006,-0.3989116013819793,0.02598401925736482,0.9335167970312224
2025-05-27 12:00:00,24,-1.24486006264347,-0.40611935605082494,-0.48397586338359055,-0.46941222930680127,1.1300479485089863
2025-05-27 16:00:00,24,-0.17000208166945008,-0.05653247007084843,0.5439517489636824,0.076315946063648,-1.24486006264347
2025-05-27 20:00:00,24,-0.946803287249498,0.016724670109656718,0.07872269890928524,0.15084233551310788,-0.17000208166945008
2025-05-28 00:00:00,24,0.6349994364576901,0.8709049361278726,0.41494431455531655,0.5659068442806241,-0.946803287249498
2025-05-28 04:00:00,24,0.9216430213423514,0.34295051301134205,-0.2697048126315991,0.28753251593769047,0.6349994364576901
2025-05-28 08:00:00,24,0.042460322994319455,-0.0761042685985394,-0.39377229415993437,-0.11650210568236208,0.9216430213423514
2025-05-28 12:00:00,24,-0.8722718366323718,-0.034067808761127076,-0.013237061769449056,-0.13511608109107076,0.042460322994319455
2025-05-28 16:00:00,24,0.34096644680604804,0.4334192489172829,0.3826849867338302,0.24727494591446675,-0.8722718366323718
2025-05-28 20:00:00,24,0.035482057412217216,0.012796896468806183,-0.14243898693030194,0.09780031622566643,0.34096644680604804
2025-05-29 00:00:00,24,1.6313082281333173,-0.10374419138672578,-0.010216670308200566,0.082245508877409,0.035482057412217216
2025-05-29 04:00:00,24,-1.0725216782305402,-0.8321898012674386,-0.7009355434971494,-0.6328958066175554,1.6313082281333173
2025-05-29 08:00:00,24,-0.19381559242591528,-0.17227424014270093,0.4693588033954857,-0.16271822114413048,-1.0725216782305402
2025-05-29 12:00:00,24,0.12161870846962941,0.17954621694909245,0.0890298624451145,-0.0777523420168551,-0.19381559242591528
2025-05-29 16:00:00,24,0.357412284099361,0.17155166169527777,-0.04749905835912537,-0.13106817875685195,0.12161870846962941
2025-05-29 20:00:00,24,-1.703085811377445,-0.45843680289393995,-0.14955721221843152,-0.28775241942751695,0.357412284099361
2025-05-30 00:00:00,24,-0.5531258715035019,0.7193929174814169,0.7422848623307076,0.4588551232457361,-1.703085811377445
2025-05-30 04:00:00,24,1.08280346271955,0.8907592728129188,0.24454955227294337,0.701337295872273,-0.5531258715035019
2025-05-30 08:00:00,24,1.220088381295266,0.5447415183535675,-0.4635271086334882,0.22665232868011476,1.08280346271955
2025-05-30 12:00:00,24,-0.8841374736423031,-0.28048976368999384,-0.5229479189975688,-0.30821630924617605,1.220088381295266
2025-05-30 16:00:00,24,1.0133505029621155,-0.005107606456986853,0.3878207713045679,0.07937643691588114,-0.8841374736423031
2025-05-30 20:00:00,24,-1.9364087417208609,-0.5723801058426924,-0.4334658958376012,-0.3648613835327188,1.0133505029621155
2025-05-31 00:00:00,24,2.052190374073577,0.7854921516610779,0.8432736507669347,0.4840314688467604,-1.9364087417208609
2025-06-02 04:00:00,25,-1.435489634013324,-0.6065570946042516,-1.0385038680393508,-0.36392140169673404,2.052190374073577
2025-06-02 08:00:00,25,0.6684224800814746,0.6497936909878241,0.7419593016138745,0.6771558083114204,-1.435489634013324
2025-06-02 12:00:00,25,-0.5197311656439343,0.07636330252938554,-0.3320893561320536,0.19238782797817144,0.6684224800814746
2025-06-02 16:00:00,25,0.40795138691636623,0.5457611155575248,0.27446394038544814,0.5693186389448304,-0.5197311656439343
2025-06-02 20:00:00,25,-1.2033301301763135,0.12111461647328704,-0.19911867445699488,0.2734552055583741,0.40795138691636623
2025-06-03 00:00:00,25,1.014318429159033,1.0060710221896147,0.6234417067920089,1.1461606190696205,-1.2033301301763135
2025-06-03 04:00:00,25,-0.6187861951424729,0.24472672303954315,-0.5086694886089018,0.4105344081464306,1.014318429159033
2025-06-03 08:00:00,25,0.7882541130848484,0.7342340263459429,0.3250316046729189,0.8593040755590948,-0.6187861951424729
2025-06-03 12:00:00,25,-0.5122945814141797,0.17706803867099316,-0.3932634915536518,0.2876291756620404,0.7882541130848484
2025-06-03 16:00:00,25,0.7706983929338378,0.593543697790674,0.2706675587511236,0.6591666642539078,-0.5122945814141797
2025-06-03 20:00:00,25,-1.90622505572993,-0.16468847219151597,-0.38430128370398187,0.10022390795541014,0.7706983929338378
2025-06-04 00:00:00,25,1.5260963187901702,1.3641859198523985,0.9822700752726466,1.4826981631812295,-1.90622505572993
2025-06-04 04:00:00,25,-0.18347215158128982,0.18055298798134892,-0.7699324718580202,0.37590919018956725,1.5260963187901702
2025-06-04 08:00:00,25,-0.13418290748384898,0.3934936691337583,0.1028034702120827,0.5089708794951342,-0.18347215158128982
2025-06-04 12:00:00,25,0.19088340505516044,0.5216983039995953,0.07764127540864406,0.6062859444346902,-0.13418290748384898
2025-06-04 16:00:00,25,1.141706189379681,0.27777954330194965,-0.08830531253196316,0.4678493036795146,0.19088340505516044
2025-06-04 20:00:00,25,-2.334983858217848,-0.6289003152024301,-0.5737010324465177,-0.360163846764042,1.141706189379681
2025-06-05 00:00:00,25,0.9613283703070703,1.2588002782520398,1.2011517544187509,1.333264251167419,-2.334983858217848
2025-06-05 04:00:00,25,-0.5936178368237108,0.47721664852978435,-0.4816180251934182,0.6360686504838409,0.9613283703070703
2025-06-05 08:00:00,25,0.26874192197508506,0.9370882440501308,0.3121831395260915,1.0665851702330649,-0.5936178368237108
2025-06-05 12:00:00,25,1.4303212992864278,0.7167596763688712,-0.12805214179907473,0.8716822717984432,0.26874192197508506
2025-06-05 16:00:00,25,0.01672842225644544,-0.35971563269578,-0.7210392550480382,-0.16564664538308627,1.4303212992864278
2025-06-05 20:00:00,25,-1.6698470889551604,-0.43752596858229237,0.0006009322971860086,-0.17777879789601592,0.01672842225644544
2025-06-06 00:00:00,25,0.1312853262364495,0.8525716820915527,0.8615989520663503,1.0332642548144158,-1.6698470889551604
2025-06-06 04:00:00,25,0.6003011448049431,0.7150706604213019,-0.05788045013840586,0.9380506371645758,0.1312853262364495
2025-06-06 08:00:00,25,0.08697359038051289,0.3378820594993922,-0.29731336514485485,0.5026871025279824,0.6003011448049431
2025-06-06 12:00:00,25,-0.3053224412282276,0.2719771647858813,-0.03525927689660553,0.43961021177775983,0.08697359038051289
2025-06-06 16:00:00,25,1.4442985992104784,0.5272231958027734,0.16500813131198505,0.6610428349992041,-0.3053224412282276
2025-06-06 20:00:00,25,-1.104307138431297,-0.6424565303221538,-0.7281746767806128,-0.3864230055453284,1.4442985992104784
2025-06-07 00:00:00,25,0.28249683511262624,0.23900386720123673,0.5728903978009106,0.414466786640709,-1.104307138431297
2025-06-09 04:00:00,25,0.004921585295566189,-0.06884468966980874,-0.1350740349160998,0.2095882490556331,0.28249683511262624
2025-06-09 08:00:00,25,-1.0883678237601053,0.1129429310552167,0.006628331115369715,0.2060189092520428,0.004921585295566189
2025-06-09 12:00:00,25,0.5614615197980743,0.932763635923949,0.5647533661191718,0.9953488427988137,-1.0883678237601053
2025-06-09 16:00:00,25,0.4734906728224235,0.3630613883264051,-0.2774857084540093,0.588153431067342,0.5614615197980743
2025-06-09 20:00:00,25,-1.5479304577785005,-0.021029119722588984,-0.2325765273708337,0.2447581623403252,0.4734906728224235
2025-06-10 00:00:00,25,0.3991704892051402,1.2429889368506244,0.7993604235674849,1.3673821674787199,-1.5479304577785005
2025-06-10 04:00:00,25,0.6018220143775963,0.8355587262797617,-0.19463601981692485,1.077887008912203,0.3991704892051402
2025-06-10 08:00:00,25,-0.1262063143049552,0.5220265422430449,-0.2980897701629977,0.6414204759578457,0.6018220143775963
2025-06-10 12:00:00,25,0.4845413808865544,0.5943907865891687,0.07356921881474865,0.732950581413693,-0.1262063143049552
2025-06-10 16:00:00,25,0.007106705579174033,0.1977550374903567,-0.23821792183969367,0.3815408763247383,0.4845413808865544
2025-06-10 20:00:00,25,-0.43967417678454446,0.08493865220392792,0.0055128256282823114,0.37638679576476264,0.007106705579174033
2025-06-11 00:00:00,25,-0.0868545147986417,0.4539931497139183,0.2335947896012657,0.6952569251155101,-0.43967417678454446
2025-06-11 04:00:00,25,0.022213919371749213,0.5600069636118031,0.053480096671057006,0.7582474572661173,-0.0868545147986417
2025-06-11 08:00:00,25,0.07198433032495544,0.6091282193529068,-0.0021994179523756544,0.7421369924777164,0.022213919371749213
2025-06-11 12:00:00,25,1.7655749331946513,0.5476854036213401,-0.027607248784108654,0.6899309409651817,0.07198433032495544
2025-06-11 16:00:00,25,-1.2427068618873989,-0.8203374601565219,-0.8921864779245483,-0.5905379540777478,1.7655749331946513
2025-06-11 20:00:00,25,0.8082054246303265,0.12135334107065442,0.6435435568442907,0.3107251146179557,-1.2427068618873989
2025-06-12 00:00:00,25,-1.5874182250508735,-0.5273917906360563,-0.4034486505449109,-0.275419312099503,0.8082054246303265
2025-06-12 04:00:00,25,0.7370214160344055,0.7539335504037914,0.819518957354208,0.8758428758632686,-1.5874182250508735
2025-06-12 08:00:00,25,1.7230669115964758,0.16771460301954672,-0.367109162610398,0.3413240738178924,0.7370214160344055
2025-06-12 12:00:00,25,-1.2532791737599585,-0.9907880657770349,-0.8704861021174541,-0.9083162234561559,1.7230669115964758
2025-06-12 16:00:00,25,0.4892595296049489,-0.08214136414399405,0.6489407297109336,0.0006143286450868146,-1.2532791737599585
2025-06-12 20:00:00,25,-2.860555500375371,-0.5206915934959297,-0.2406265401769751,-0.3542171755204766,0.4892595296049489
2025-06-13 00:00:00,25,2.831732387919965,1.6403847385189863,1.4694564583210243,1.7203774915815426,-2.860555500375371
2025-06-13 04:00:00,25,-0.7440672488447913,-0.4776731751868239,-1.4364606305957097,-0.3333134470728307,2.831732387919965
2025-06-13 08:00:00,25,-0.017473542316254864,0.13484899983933035,0.3889876733074035,0.20631528805085964,-0.7440672488447913
2025-06-13 12:00:00,25,-0.24576676569056133,0.11586930074438279,0.018061059978131216,0.21898783284152223,-0.017473542316254864
2025-06-13 16:00:00,25,0.6310103853875741,0.4066073337621686,0.1346049158241064,0.3972281855931623,-0.24576676569056133
2025-06-13 20:00:00,25,-2.2374713346288164,-0.2235775080763556,-0.31299045469969233,-0.060406976611965035,0.6310103853875741
2025-06-14 00:00:00,25,2.4913291546417273,1.577990085688717,1.1513715405150544,1.5623009547690074,-2.2374713346288164
2025-06-16 04:00:00,25,-1.455311397226101,-0.3116510228993194,-1.2626845335118408,-0.2445153008629095,2.4913291546417273
2025-06-16 08:00:00,25,0.5610594633628949,0.8203161572087033,0.75207832608748,0.8109374820884696,-1.455311397226101
2025-06-16 12:00:00,25,-0.5151393633454475,0.352600885318318,-0.27728045835271015,0.40403365852446527,0.5610594633628949
2025-06-16 16:00:00,25,1.9402480561406588,0.772492569344254,0.2721198219870205,0.7776343021304211,-0.5151393633454475
2025-06-16 20:00:00,25,-2.787143449184123,-0.7680745432178455,-0.9813572336740899,-0.6295148580925733,1.9402480561406588
2025-06-17 00:00:00,25,1.7202710029550303,1.425600100674964,1.43197955302821,1.3918383145226585,-2.787143449184123
2025-06-17 04:00:00,25,-0.18081000716869156,-0.06325251188786267,-0.869058788731402,0.14422572730579475,1.7202710029550303
2025-06-17 08:00:00,25,-0.6720713695559581,0.14279921400618756,0.10144444356171942,0.27535671797583205,-0.18081000716869156
2025-06-17 12:00:00,25,0.8323119343636236,0.6955366272271283,0.3522337247962611,0.7627710257946383,-0.6720713695559581
2025-06-17 16:00:00,25,0.16227931209322932,0.04181418013535214,-0.4157550412199447,0.1591435484848791,0.8323119343636236
2025-06-17 20:00:00,25,-1.1635292652665115,-0.1162309807698604,-0.07370290236188817,0.04145179406675403,0.16227931209322932
2025-06-18 00:00:00,25,0.09077335647048201,0.7721977914773352,0.6031233364346558,0.885291953232441,-1.1635292652665115
2025-06-18 04:00:00,25,0.6401049950188558,0.6979533614733114,-0.03719906023704973,0.8194593129554377,0.09077335647048201
2025-06-18 08:00:00,25,-0.5983258987822264,0.259101597492639,-0.3176332595021181,0.35522835890570015,0.6401049950188558
2025-06-18 12:00:00,25,0.06523249433957545,0.6765341541734755,0.31458660856515064,0.7891593623907731,-0.5983258987822264
2025-06-18 16:00:00,25,0.3534648729881944,0.5857031161994439,-0.024160431624382334,0.7418500251446023,0.06523249433957545
2025-06-18 20:00:00,25,0.5761915919163467,0.259114347357843,-0.1713032696414823,0.48550249390006783,0.3534648729881944
2025-06-19 00:00:00,25,-1.250568333877613,-0.19018639123491668,-0.28500542093683706,0.06762421687946407,0.5761915919163467
2025-06-19 04:00:00,25,-0.011223250647944383,0.8396408206313037,0.6475568439880027,0.9745887543508402,-1.250568333877613
2025-06-19 08:00:00,25,1.7865086882978094,0.8782896665315796,0.01487028155545089,0.9827283258217374,-0.011223250647944383
2025-06-19 12:00:00,25,-1.5505113546886538,-0.48416484973763785,-0.9028731750634175,-0.3129226052606011,1.7865086882978094
2025-06-19 16:00:00,25,0.36755313452022165,0.7599799484789382,0.8006779733090166,0.8115731744213885,-1.5505113546886538
2025-06-19 20:00:00,25,0.12637081212536216,0.38273739241383664,-0.17849533735527923,0.5450082458079706,0.36755313452022165
2025-06-20 04:00:00,25,-0.11045199496672176,0.29872732734854923,-0.055371587125961165,0.45335883964255075,0.12637081212536216
2025-06-20 08:00:00,25,0.4341690707251651,0.4277802406632314,0.06552662738444523,0.5334632528233723,-0.11045199496672176
2025-06-20 12:00:00,25,-0.4921243306597898,-0.01845062009605126,-0.21250282102633147,0.21858565697568721,0.4341690707251651
2025-06-20 16:00:00,25,0.09211016249423665,0.46463851647832266,0.26037063113517506,0.5754948348622815,-0.4921243306597898
2025-06-20 20:00:00,25,-1.1869497461509795,0.22909945442643398,-0.03788150068019442,0.5086926868629273,0.09211016249423665
2025-06-21 00:00:00,25,1.81401275949327,1.196591784337189,0.61507950888559,1.3695183597644967,-1.1869497461509795
2025-06-23 04:00:00,25,0.014652449789315014,-0.36519476858023436,-0.9169140233251533,0.05392032420604842,1.81401275949327
2025-06-23 08:00:00,25,-0.601694950615105,-0.14592090685322356,0.001660717744924759,0.04329375388119239,0.014652449789315014
2025-06-23 12:00:00,25,0.8036296861833669,0.3425391869288261,0.3163065119654581,0.47966813487275317,-0.601694950615105
2025-06-23 16:00:00,25,-0.04762305677908607,-0.30634108893522005,-0.4011127327543202,-0.10315777466198739,0.8036296861833669
2025-06-23 20:00:00,25,-0.883559947645594,-0.36047337445061284,0.033452408943497845,-0.06861953912975416,-0.04762305677908607
2025-06-24 00:00:00,25,0.3874370842893953,0.3381013739651888,0.4601987970557068,0.5721751440043263,-0.883559947645594
2025-06-24 04:00:00,25,-0.4218491435238807,-0.025020686694124838,-0.1886461081109564,0.2911895421522175,0.3874370842893953
2025-06-24 08:00:00,25,0.503470782837999,0.41066515149093186,0.2244950972141008,0.5971322107567438,-0.4218491435238807
2025-06-24 12:00:00,25,-0.1288663740213103,0.02369780526855535,-0.24788139524320585,0.2319941104890404,0.503470782837999
2025-06-24 16:00:00,25,0.8989779554979567,0.17650685975531405,0.0749271812261702,0.325453402671382,-0.1288663740213103
2025-06-24 20:00:00,25,-1.9156357469455294,-0.5756842010219061,-0.44978809328371827,-0.32652306556131094,0.8989779554979567
2025-06-25 00:00:00,25,-0.3326507556374523,0.9076663968385673,0.98707423995275,1.0627762171135693,-1.9156357469455294
2025-06-25 04:00:00,25,0.08288729005809437,1.1500516881723806,0.17895925560707712,1.3040284786279361,-0.3326507556374523
2025-06-25 08:00:00,25,0.9755304455262284,1.1031096579421875,-0.03317321762300861,1.243915144031737,0.08288729005809437
2025-06-25 12:00:00,25,0.2876277143874546,0.3711817647362742,-0.488868194876911,0.5364196035261273,0.9755304455262284
2025-06-25 16:00:00,25,-1.03001847557125,0.1261263682079011,-0.13769335250131026,0.32781993737713755,0.2876277143874546
2025-06-25 20:00:00,25,-0.18805855762678725,0.8842056578311119,0.534965981616396,1.0748324795761128,-1.03001847557125
2025-06-26 00:00:00,25,-0.10126033775976673,1.0402698492829505,0.1051448338194517,1.2112204226536836,-0.18805855762678725
2025-06-26 04:00:00,25,0.20188430253607414,1.1793522447902058,0.060834279724363303,1.2846586610230482,-0.10126033775976673
2025-06-26 08:00:00,25,0.6153759015463613,1.034631621262907,-0.09392127866202156,1.1382437086272663,0.20188430253607414
2025-06-26 12:00:00,25,1.140367785133785,0.4621920494021433,-0.3050090393773941,0.6919473289752549,0.6153759015463613
2025-06-26 16:00:00,25,-0.7135818630051194,-0.32521905930480516,-0.5730177761098126,-0.13509515464830812,1.140367785133785
2025-06-26 20:00:00,25,-1.3920297411810658,0.11992855232124376,0.373424861760946,0.38242430174289943,-0.7135818630051194
2025-06-27 00:00:00,25,0.26205354394546454,1.2149994422386003,0.7197729948525048,1.3919825770928043,-1.3920297411810658
2025-06-27 04:00:00,25,0.7309341513804455,0.9410330997479105,-0.12463771997171526,1.20193037055701,0.26205354394546454
2025-06-27 08:00:00,25,0.8044699979266117,0.5380790083771689,-0.3640016095965959,0.671826307811985,0.7309341513804455
2025-06-27 12:00:00,25,-0.020795237574789738,-0.21226157033484894,-0.40154171250773946,0.08839096900345034,0.8044699979266117
2025-06-27 16:00:00,25,0.43404178958251016,-0.14727885850699307,0.019756787812944016,0.10347254632929292,-0.020795237574789738
2025-06-27 20:00:00,25,-1.340634038374949,-0.49975965072842743,-0.21243784391083836,-0.21131273990239485,0.43404178958251016
2025-06-28 00:00:00,25,1.9400139926616173,0.560220647204234,0.6935354513529426,0.7609712189941007,-1.340634038374949
2025-06-30 04:00:00,26,-1.5135410217392238,-1.6339466562274898,-1.0105168995763167,-1.0559024783160407,1.9400139926616173
2025-06-30 08:00:00,26,-0.2974310250265848,0.12262584311719195,0.7925377910040122,0.22215584595986115,-1.5135410217392238
2025-06-30 12:00:00,26,0.3242554121003547,0.43407219880959297,0.1576230944982243,0.47331137592120065,-0.2974310250265848
2025-06-30 16:00:00,26,-0.7184813953046181,0.25709482517205895,-0.16695104486187293,0.19950490310412405,0.3242554121003547
2025-06-30 20:00:00,26,0.08419414463535979,0.5775803317869314,0.3774478379682808,0.8062021216910704,-0.7184813953046181
2025-07-01 00:00:00,26,-0.2426037039957496,0.5922403262792438,-0.041618281224252915,0.7351072350239996,0.08419414463535979
2025-07-01 04:00:00,26,-0.029139798024994334,0.7650525462651218,0.12899848653791018,0.9399656953752356,-0.2426037039957496
2025-07-01 08:00:00,26,-0.10416263048549901,1.0270425937345815,0.0175518481246684,0.9645718083901098,-0.029139798024994334
2025-07-01 12:00:00,26,0.6030282270373029,0.9682148136830406,0.05672026136970924,1.0525284049133354,-0.10416263048549901
2025-07-01 16:00:00,26,0.20314840496372,0.5068956603682061,-0.3124945875251277,0.54332169411488,0.6030282270373029
2025-07-01 20:00:00,26,-1.6502392608228096,-0.09317782895003852,-0.10372270294482996,0.3717799213462065,0.20314840496372
2025-07-02 00:00:00,26,1.4524378966371803,1.7909387537609458,0.8639061057249207,1.7652684320955991,-1.6502392608228096
2025-07-02 04:00:00,26,-1.2301887431018752,0.3192586209762482,-0.7559599681575694,0.5388065670859277,1.4524378966371803
2025-07-02 08:00:00,26,1.2198654495967567,1.691941794217078,0.6446033718465598,1.5775976807520582,-1.2301887431018752
2025-07-02 12:00:00,26,0.0672808106820515,0.4291253600181329,-0.6345370170861696,0.5475237217640352,1.2198654495967567
2025-07-02 16:00:00,26,0.0013892790002234534,0.5676857036789857,-0.032788056719155585,0.49071072567000407,0.0672808106820515
2025-07-02 20:00:00,26,-1.3889959321694985,0.23377841312155773,0.0016130270258659604,0.4895375961905408,0.0013892790002234534
2025-07-03 00:00:00,26,1.4454087446683346,1.7491665890386288,0.7275144724232889,1.6624280484457934,-1.3889959321694985
2025-07-03 04:00:00,26,-1.028029266907044,0.3323345680090314,-0.7522901423185773,0.4419017121448583,1.4454087446683346
2025-07-03 08:00:00,26,1.213831510267223,1.3481169970670417,0.5390586243969262,1.3099861203626215,-1.028029266907044
2025-07-03 12:00:00,26,2.5131279575621175,0.16824393708260013,-0.6313867784001123,0.28500731656201594,1.213831510267223
2025-07-03 16:00:00,26,-2.547634158207199,-2.3266935550664,-1.309732003532092,-1.8371182551928271,2.5131279575621175
2025-07-03 20:00:00,26,0.07908054355971572,0.04310024125008457,1.3324239293254498,0.31414490605589407,-2.547634158207199
2025-07-04 04:00:00,26,-0.8659148011569684,0.16360766908025037,-0.03894853878009027,0.24736802618737386,0.07908054355971572
2025-07-04 08:00:00,26,0.03791983774284269,1.0414595017183856,0.4544208390821584,0.9785603783184502,-0.8659148011569684
2025-07-04 12:00:00,26,-0.40254934948624665,0.9685298633648957,-0.017459087075616532,0.9465402588857152,0.03791983774284269
2025-07-04 16:00:00,26,0.27244661788734525,1.5929133733486165,0.21250395992315818,1.2864593886966489,-0.40254934948624665
2025-07-04 20:00:00,26,1.6428839004100908,1.0401744094546752,-0.13990236921328647,1.0564010930109369,0.27244661788734525
2025-07-07 04:00:00,26,-0.8808739734426929,-0.9726527231912804,-0.8553892689717044,-0.3308764333855354,1.6428839004100908
2025-07-07 08:00:00,26,-0.010861797658138883,0.3002517479628013,0.4622308220256774,0.4129476838509749,-0.8808739734426929
2025-07-07 12:00:00,26,0.41614333320651475,0.4572904974421115,0.008009149613000043,0.42211956007645846,-0.010861797658138883
2025-07-07 16:00:00,26,-0.829682236303924,0.10981847371603154,-0.21492449438483668,0.07072145228989513,0.41614333320651475
2025-07-07 20:00:00,26,-0.14667150018003916,0.5812275873002151,0.435504303588262,0.7713184452895163,-0.829682236303924
2025-07-08 00:00:00,26,0.42310162868782264,0.7103912450890759,0.0789135713284058,0.8951702134587922,-0.14667150018003916
2025-07-08 04:00:00,26,-0.9288792425628891,0.44671347073575063,-0.21855732700331248,0.5378964093184955,0.42310162868782264
2025-07-08 08:00:00,26,0.8663068978000261,1.3157302379157454,0.48729372830596357,1.3222569460685438,-0.9288792425628891
2025-07-08 12:00:00,26,0.16879109235910938,0.7041726387906561,-0.44994884560673504,0.5907335012406829,0.8663068978000261
2025-07-08 16:00:00,26,0.9179095917526059,0.3948618012871928,-0.08578521146455446,0.4482035945155314,0.16879109235910938
2025-07-08 20:00:00,26,-1.4200985552328156,-0.7101703089108964,-0.47688991907734896,-0.3268939930768049,0.9179095917526059
2025-07-09 00:00:00,26,0.05898496112960139,0.8079297605704353,0.7437527342056613,0.8722600131501856,-1.4200985552328156
2025-07-09 04:00:00,26,0.8574722551639304,0.8081139313680139,-0.028456905083950216,0.8224521655292794,0.05898496112960139
2025-07-09 08:00:00,26,-0.717042363401438,-0.01032564296914896,-0.4453363973387358,0.09838883469957871,0.8574722551639304
2025-07-09 12:00:00,26,0.399318783874298,0.6116544307040647,0.3766965387383267,0.7038709116574964,-0.717042363401438
2025-07-09 16:00:00,26,-0.35801099893480703,0.15127342988771156,-0.20614062313800305,0.3666797232853263,0.399318783874298
2025-07-09 20:00:00,26,-0.5324728696428167,0.4266741523126309,0.18925108526570428,0.6689899552506127,-0.35801099893480703
2025-07-10 00:00:00,26,0.2006370665851982,0.6955108066429404,0.2803352848790901,1.1186185901693246,-0.5324728696428167
2025-07-10 04:00:00,26,0.18657893368565936,0.6645871458321941,-0.10241156690554677,0.9491974318231495,0.2006370665851982
2025-07-10 08:00:00,26,-0.04762668053850483,0.7031056128919733,-0.09507200452428478,0.7916471864670882,0.18657893368565936
2025-07-10 12:00:00,26,0.2256911037649445,0.7436053552754363,0.027203601199745877,0.8318639197076063,-0.04762668053850483
2025-07-10 16:00:00,26,0.8470273863228197,0.6809382824218568,-0.11549194323270737,0.6412867303623528,0.2256911037649445
2025-07-10 20:00:00,26,-2.261021079442827,-0.6020370636301008,-0.4398832715949931,-0.07395678562479269,0.8470273863228197
2025-07-11 00:00:00,26,1.8375466431254335,1.6774128566385775,1.182787090215352,1.8352856930657353,-2.261021079442827
2025-07-11 04:00:00,26,-1.0172768812594324,-0.4883466064143571,-0.9570200725554207,0.2836318232597961,1.8375466431254335
2025-07-11 08:00:00,26,1.6169718440376268,0.9924444700989216,0.5334449482585664,1.1426367445093337,-1.0172768812594324
2025-07-11 12:00:00,26,-0.8759429046716711,-0.7157753332013125,-0.8418609323475205,-0.22276022571438325,1.6169718440376268
2025-07-11 16:00:00,26,0.14401839465374522,0.18216790204403252,0.45965637724628605,0.5169000179304231,-0.8759429046716711
2025-07-11 20:00:00,26,-0.6118928607209089,-0.014989347491623334,-0.07285171869848234,0.3952885746379504,0.14401839465374522
2025-07-12 00:00:00,26,1.2661861023592458,0.8061325273542946,0.32179939558301224,0.9119807243563027,-0.6118928607209089
2025-07-14 04:00:00,26,-1.1510131088932312,-0.6471335287389535,-0.6587204077910773,-0.1572071370623025,1.2661861023592458
2025-07-14 08:00:00,26,0.6769760672587317,0.45667596381137293,0.6032668365823792,0.814726800665575,-1.1510131088932312
2025-07-14 12:00:00,26,0.18245004887148752,-0.2240280800809091,-0.3511017617596647,0.24307734705422845,0.6769760672587317
2025-07-14 16:00:00,26,0.004420928987499906,-0.12372050260081699,-0.09291636921515681,0.08901359828526623,0.18245004887148752
2025-07-14 20:00:00,26,-1.6090045363818728,-0.3339171136139121,3.024328361683282e-05,0.08528049491221523,0.004420928987499906
2025-07-15 00:00:00,26,-0.2820518575873603,1.430255161612439,0.8423780098909189,1.443949742711995,-1.6090045363818728
2025-07-15 04:00:00,26,0.42027636240657884,1.7094493369701529,0.14959383772574317,1.682118856921253,-0.2820518575873603
2025-07-15 08:00:00,26,0.9125571272076183,0.9743898100555419,-0.21708229342217847,1.3272307529616434,0.42027636240657884
2025-07-15 12:00:00,26,-0.9786750604505787,0.2951427389373562,-0.4740954692238611,0.5566528723140536,0.9125571272076183
2025-07-15 16:00:00,26,2.152428028146117,1.1192811180472113,0.5132914560500688,1.3830617966871586,-0.9786750604505787
2025-07-15 20:00:00,26,-1.8075055376150733,-0.9930847072899166,-1.1214154147088082,-0.4344829670588499,2.152428028146117
2025-07-16 00:00:00,26,-0.1705191592628914,1.0139568060235469,0.9460127166976693,1.0918037112296446,-1.8075055376150733
2025-07-16 04:00:00,26,0.025051069042749674,0.9701526973925823,0.09136411385325312,1.235792825376043,-0.1705191592628914
2025-07-16 08:00:00,26,-0.3650061146402983,1.1029478537813149,-0.010740475769312629,1.214639300719469,0.025051069042749674
2025-07-16 12:00:00,26,0.36182263795172,1.4405552446541425,0.1929031412287179,1.5228563206265875,-0.3650061146402983
2025-07-16 16:00:00,26,3.055553202388948,1.1305296358793746,-0.1865643889380339,1.2173274795157738,0.36182263795172
2025-07-16 20:00:00,26,-3.133343479820253,-2.060668947614832,-1.5929249388975297,-1.3628306724539776,3.055553202388948
2025-07-17 00:00:00,26,-0.001034533922995351,1.112002042240734,1.6382148998608526,1.2830148379625008,-3.133343479820253
2025-07-17 04:00:00,26,0.3817999878576348,1.1993519753458448,0.002878467200432597,1.2838884150066914,-0.001034533922995351
2025-07-17 08:00:00,26,0.880212551914827,0.8760122565957487,-0.1969942950211931,0.9614903790887972,0.3817999878576348
2025-07-17 12:00:00,26,0.5730450570212522,-0.04321000402994491,-0.4572088008623282,0.21822477680325392,0.880212551914827
2025-07-17 16:00:00,26,-1.2349816519500951,-0.6445621649615658,-0.2968407771440915,-0.2656636641387564,0.5730450570212522
2025-07-17 20:00:00,26,-1.3712458049308118,0.4289238553797732,0.6471056851857918,0.7771746586634194,-1.2349816519500951
2025-07-18 00:00:00,26,0.08855466261025491,1.8125334335655956,0.7182473693823188,1.9350766186686954,-1.3712458049308118
2025-07-18 04:00:00,26,1.2897352247466145,1.633173663910487,-0.043894849095681046,1.860299640656942,0.08855466261025491
2025-07-18 08:00:00,26,0.07361640472316289,0.5323089189818576,-0.6710150883166637,0.7712265224370469,1.2897352247466145
2025-07-18 12:00:00,26,-0.5053773887938231,0.32411412002729956,-0.03609578527880053,0.7090636490769402,0.07361640472316289
2025-07-18 16:00:00,26,-0.475131850232259,0.9092792953845928,0.26618909822951003,1.1358124252062805,-0.5053773887938231
2025-07-18 20:00:00,26,-0.6802245711979271,1.3674336718724625,0.25039830875456154,1.5370213832695097,-0.475131850232259
2025-07-19 00:00:00,26,1.2100225808885003,2.1077888184000884,0.3574744639045574,2.111413925730975,-0.6802245711979271
2025-07-21 04:00:00,26,0.5276006088683989,0.8086933492601994,-0.6293981875267202,1.089651443013933,1.2100225808885003
2025-07-21 08:00:00,26,-0.8757836881360799,0.30322641969814995,-0.27311484109814366,0.6441370232709893,0.5276006088683989
2025-07-21 12:00:00,26,0.7651506600737772,1.2028518690182741,0.45957325243138697,1.383662821918433,-0.8757836881360799
2025-07-21 16:00:00,26,0.2518823716268592,0.5227252827919354,-0.3971365324531208,0.737557327328819,0.7651506600737772
2025-07-21 20:00:00,26,-1.5924049523421928,0.1348639805515679,-0.1291660524256267,0.5248638111490305,0.2518823716268592
2025-07-22 00:00:00,26,1.6111874647301256,1.7063178714414233,0.833711590001957,1.869516103837114,-1.5924049523421928
2025-07-22 04:00:00,26,-0.6442324838367046,0.18718600208659983,-0.8388409855972888,0.5090035563138979,1.6111874647301256
2025-07-22 08:00:00,26,-1.3823111650621502,0.7623263761642285,0.33868347847944524,1.0530038026965833,-0.6442324838367046
2025-07-22 12:00:00,26,1.6903594500403507,2.151338298521285,0.7240244452952768,2.220249530345974,-1.3823111650621502
2025-07-22 16:00:00,26,0.735005992820156,0.6340774118563589,-0.8801756158206109,0.792882888072878,1.6903594500403507
2025-07-22 20:00:00,26,-1.263728729094181,-0.5515684036124607,-0.38139840653331275,0.17223203419841582,0.735005992820156
2025-07-23 00:00:00,26,0.6185233427324892,0.8476047725974923,0.6621141480795301,1.2393448502022242,-1.263728729094181
2025-07-23 04:00:00,26,-0.5687649993050581,0.4212915337023424,-0.3205843793248213,0.7170538150839079,0.6185233427324892
2025-07-23 08:00:00,26,0.753804421539261,0.9897953341448773,0.29928291835989235,1.197328106614707,-0.5687649993050581
2025-07-23 12:00:00,26,0.17767095323622684,0.32360271154856246,-0.3912128136981578,0.5608035578996837,0.753804421539261
2025-07-23 16:00:00,26,1.1807450499938614,-0.0035872459057399264,-0.09042126756889457,0.4107753541681056,0.17767095323622684
2025-07-23 20:00:00,26,-1.895304410193491,-1.2749779909893184,-0.6141127818539955,-0.5862647116889441,1.1807450499938614
2025-07-24 00:00:00,26,-0.2709077168939853,0.6999330811568698,0.9918513289016349,1.0141607433813942,-1.895304410193491
2025-07-24 04:00:00,26,0.9841017122180276,0.8860606026791967,0.14377563153939613,1.24291956637588,-0.2709077168939853
2025-07-24 08:00:00,26,0.37481454958743043,-0.05736557821522974,-0.5114479361892734,0.41192829017701094,0.9841017122180276
2025-07-24 12:00:00,26,-0.5687219265683225,-0.36715750991514595,-0.19334729151717145,0.0954288704193118,0.37481454958743043
2025-07-24 16:00:00,26,0.24239261326796324,0.3603377668697484,0.29926043066252445,0.5756667906400885,-0.5687219265683225
2025-07-24 20:00:00,26,-1.318531959377685,-0.12297693970294454,-0.12421157703718416,0.37098657868645013,0.24239261326796324
2025-07-25 00:00:00,26,-0.12139312129427182,1.3550397601925832,0.6907261785842096,1.4843761216867666,-1.318531959377685
2025-07-25 04:00:00,26,0.8960862974890844,1.6917294208607259,0.06571606920951834,1.5868824211207233,-0.12139312129427182
2025-07-25 08:00:00,26,0.5589641007096269,0.42873103460393924,-0.46549627023675455,0.8302127733701266,0.8960862974890844
2025-07-25 12:00:00,26,-1.4905352056307866,0.12019550125275638,-0.2894892989659055,0.35821451787360736,0.5589641007096269
2025-07-25 16:00:00,26,1.275249942379098,1.6140650317905854,0.7805267633898647,1.6168463618877702,-1.4905352056307866
2025-07-25 20:00:00,26,-1.2305175975993432,0.1923533165207327,-0.6634525169349357,0.5400048485225746,1.275249942379098
2025-07-26 00:00:00,26,1.1677418839087537,1.4888242333449941,0.6447750623630581,1.579073652203002,-1.2305175975993432
2025-07-28 04:00:00,27,-0.0033708228965494413,-0.6818472398828577,-0.591149923495523,0.13085193919534177,1.1677418839087537
2025-07-28 08:00:00,27,-0.343618974511287,-0.1746072041896908,0.004068563172965405,0.13375875822909755,-0.0033708228965494413
2025-07-28 12:00:00,27,-0.8698088619674653,0.09785492099003215,0.17699981796938666,0.43007755222198085,-0.343618974511287
2025-07-28 16:00:00,27,2.962295421874204,1.0320220931416135,0.44443603200066156,1.1801546204313063,-0.8698088619674653
2025-07-28 20:00:00,27,-2.936661868054566,-1.706621828856569,-1.5032324539867208,-1.3743719685291325,2.962295421874204
2025-07-29 00:00:00,27,0.20365502712524375,0.7952739469343478,1.4949148725943577,1.1580496020329765,-2.936661868054566
2025-07-29 04:00:00,27,0.9003391198497095,0.6714269131538632,-0.10115240525745858,0.982428299064571,0.20365502712524375
2025-07-29 08:00:00,27,0.4988581227084392,-0.07089797786912594,-0.4552423651287637,0.20602355436757414,0.9003391198497095
2025-07-29 12:00:00,27,-0.574406991069095,-0.4091554140939337,-0.2511894928851778,-0.22416525434054968,0.4988581227084392
2025-07-29 16:00:00,27,0.2694314871150567,0.013838648094893175,0.2942979167420423,0.2711728948310803,-0.574406991069095
2025-07-29 20:00:00,27,-0.5677118129739469,-0.2957437550274001,-0.13458331651479477,0.03882945850253705,0.2694314871150567
2025-07-30 00:00:00,27,-1.1541645079090639,0.24031614206680987,0.2908950898829255,0.5283940408868766,-0.5677118129739469
2025-07-30 04:00:00,27,1.958057575465725,1.3033023327633226,0.5889598991480932,1.5236843491110186,-1.1541645079090639
2025-07-30 08:00:00,27,-0.8464179831418779,-0.36760649327257444,-0.9928281797259934,-0.16484073934149102,1.958057575465725
2025-07-30 12:00:00,27,1.0670784517542078,0.4435988052747195,0.43254760878101084,0.5650652745368276,-0.8464179831418779
2025-07-30 16:00:00,27,-0.008792157463664907,-0.4681049896553408,-0.5399876951278259,-0.35512663386784915,1.0670784517542078
2025-07-30 20:00:00,27,0.40107751528217683,-0.5917202300191355,0.0068239585657493195,-0.3475447431997498,-0.008792157463664907
2025-07-31 00:00:00,27,-1.2775158177874264,-0.8646024866937699,-0.20149246130181092,-0.6934127378153168,0.40107751528217683
2025-07-31 04:00:00,27,0.046543541287972445,0.4419286984102327,0.6516532501532761,0.4082492032110707,-1.2775158177874264
2025-07-31 08:00:00,27,-0.351242944221708,0.3577142960240534,-0.021300431749800966,0.3681125197167283,0.046543541287972445
2025-07-31 12:00:00,27,0.8062993892343044,0.6756281944612824,0.18087470352657806,0.671005821165851,-0.351242944221708
2025-07-31 16:00:00,27,-0.2097032450997851,-0.060000920560263286,-0.40744663563291816,-0.02430404335753167,0.8062993892343044
2025-07-31 20:00:00,27,-0.43370104616184335,0.11422105129374399,0.1089370966461242,0.15653292227493765,-0.2097032450997851
2025-08-01 00:00:00,27,0.21806650277005524,0.6094722048383423,0.22278406576401039,0.530533721080964,-0.43370104616184335
2025-08-01 04:00:00,27,0.5490161114578704,0.25983663227194026,-0.10847704333380946,0.3424847252332519,0.21806650277005524
2025-08-01 08:00:00,27,-0.6551803883265741,-0.1261071022609307,-0.2766823100873866,-0.1309576749171928,0.5490161114578704
2025-08-01 12:00:00,27,3.005649048954302,0.49227502780509175,0.3353510271722259,0.4340351715716775,-0.6551803883265741
2025-08-01 16:00:00,27,-2.0274609605642144,-2.355080206290227,-1.525266951735959,-2.1578772879154453,3.005649048954302
2025-08-01 20:00:00,27,-0.42645972191898807,-0.5216496640087316,1.0328131593354364,-0.40950239809309785,-2.0274609605642144
2025-08-02 00:00:00,27,0.009560943368224883,0.11393712218185245,0.21910365991386302,-0.04174613356986612,-0.42645972191898807
2025-08-04 04:00:00,27,-1.3782343404417343,0.12981934885536794,-0.0025040120380635748,-0.049990984461281585,0.009560943368224883
2025-08-04 08:00:00,27,1.6564755904469806,1.4752154736319865,0.7028434782888073,1.1385252730594626,-1.3782343404417343
2025-08-04 12:00:00,27,0.2783131439115465,0.07284007382622956,-0.8395490190728602,-0.289931493444783,1.6564755904469806
2025-08-04 16:00:00,27,-1.265789569544438,-0.46106021229678407,-0.1390974220204354,-0.5299339999231556,0.2783131439115465
2025-08-04 20:00:00,27,-1.6207714865391836,0.6337900405078124,0.6456933799435757,0.5616158460352416,-1.265789569544438
2025-08-05 00:00:00,27,1.2976710369615763,2.119944364222315,0.8261130766990465,1.959283285420394,-1.6207714865391836
2025-08-05 04:00:00,27,0.17838331588843204,0.9365386962859842,-0.657186465840953,0.8402405514769669,1.2976710369615763
2025-08-05 08:00:00,27,0.53967668358362,0.9479188911841433,-0.0883080482365772,0.6864122330388209,0.17838331588843204
2025-08-05 12:00:00,27,0.5589313538870506,0.47814566616506243,-0.271935542254233,0.2210236605567033,0.53967668358362
2025-08-05 16:00:00,27,-0.176098498163622,-0.2851805660084314,-0.28172173589102867,-0.26096911921972143,0.5589313538870506
2025-08-05 20:00:00,27,-2.503405584766888,-0.10192164142969418,0.09185747100463941,-0.10911110650660838,-0.176098498163622
2025-08-06 00:00:00,27,1.628591306222912,2.3101641670572937,1.274712198864016,2.0496932051825443,-2.503405584766888
2025-08-06 04:00:00,27,-0.6871278706993884,0.8121971446465938,-0.8253768208196621,0.6452823677029773,1.628591306222912
2025-08-06 08:00:00,27,1.269826150664512,1.4043329848117625,0.3515883474577244,1.23782502997628,-0.6871278706993884
2025-08-06 12:00:00,27,0.099148107485588,0.4013399588944135,-0.6430342915994092,0.14279425037312166,1.269826150664512
2025-08-06 16:00:00,27,-0.21685311829435783,0.2619602644188575,-0.04803672288732213,0.05729417669822823,0.099148107485588
2025-08-06 20:00:00,27,-0.4785893893413391,0.18048952452205955,0.1125710224655737,0.24429681407577952,-0.21685311829435783
2025-08-07 00:00:00,27,-0.24836462024010686,0.8903988810161796,0.24559858356498335,0.6570069412423951,-0.4785893893413391
2025-08-07 04:00:00,27,0.16704711565483876,1.3056100547289198,0.1285867555302121,0.8711834279882726,-0.24836462024010686
2025-08-07 08:00:00,27,2.1811785717908947,0.9237362575328993,-0.0825464200786717,0.7271308478848848,0.16704711565483876
2025-08-07 12:00:00,27,-0.7459888483932158,-1.0122477618066779,-1.1062295124968722,-1.1538019638011754,2.1811785717908947
2025-08-07 16:00:00,27,0.04963721979754432,-0.5916238873312618,0.3815044621605701,-0.5105007136231077,-0.7459888483932158
2025-08-07 20:00:00,27,-0.39156546493558153,-0.5311435933819734,-0.022872795050109966,-0.5533052215187695,0.04963721979754432
2025-08-08 00:00:00,27,0.5497974099916423,-0.19691675123055968,0.20136864029159063,-0.2156399150437842,-0.39156546493558153
2025-08-08 04:00:00,27,-0.9668348413620595,-0.6486917081754471,-0.27707940536968145,-0.6897560656458879,0.5497974099916423
2025-08-08 08:00:00,27,0.16558550623815016,0.3820106764645308,0.4937495235947541,0.14399106543198137,-0.9668348413620595
2025-08-08 12:00:00,27,0.8236395268217667,0.15676071020801718,-0.0818035565267297,0.0011988998335183965,0.16558550623815016
2025-08-08 16:00:00,27,0.051799423285148194,-0.5359625005801956,-0.4162597672755488,-0.70906418042801,0.8236395268217667
2025-08-08 20:00:00,27,0.2428042140865987,-0.7587943938361733,-0.02397173580985263,-0.7537332580283138,0.051799423285148194
2025-08-09 00:00:00,27,-1.0420279468292382,-0.9342589667373492,-0.12104999468845892,-0.963114745173657,0.2428042140865987
2025-08-11 04:00:00,27,-0.354603562410837,-0.37581909329631863,0.5319664485619244,-0.06452506469843833,-1.0420279468292382
2025-08-11 08:00:00,27,0.5034068675528278,-0.052454029165209026,0.18258273902237643,0.24126625578554695,-0.354603562410837
2025-08-11 12:00:00,27,0.7602565810907986,-0.14883050919581814,-0.25350139421353407,-0.19284514942176045,0.5034068675528278
2025-08-11 16:00:00,27,-0.6736756511492779,-0.9157157060481076,-0.3840453605669981,-0.8484501361789114,0.7602565810907986
2025-08-11 20:00:00,27,0.45078206210395955,-0.4209560840507428,0.3447512516629127,-0.2675079551633317,-0.6736756511492779
2025-08-12 00:00:00,27,-1.0102836575421037,-0.6648025047715528,-0.22675481646872744,-0.6562385169323601,0.45078206210395955
2025-08-12 04:00:00,27,-0.14073715173498158,0.1769960081114847,0.5158324012408957,0.2149765707075737,-1.0102836575421037
2025-08-12 08:00:00,27,0.870318537425268,0.4623941909363858,0.0738850529909779,0.33634083218764843,-0.14073715173498158
2025-08-12 12:00:00,27,0.1638708660153494,-0.49091623945485074,-0.43998439248808824,-0.414175753126921,0.870318537425268
2025-08-12 16:00:00,27,0.7692574295177277,-0.6163605222996668,-0.08093208996961201,-0.5554893038622932,0.1638708660153494
2025-08-12 20:00:00,27,-3.1480361851675713,-1.437426394976718,-0.38862004526495847,-1.2188561453149624,0.7692574295177277
2025-08-13 00:00:00,27,1.0550523458331895,1.3768319742215827,1.602345951107542,1.4958434348276022,-3.1480361851675713
2025-08-13 04:00:00,27,0.3981814101334997,0.46818377718524806,-0.533875422137167,0.5860222028618942,1.0550523458331895
2025-08-13 08:00:00,27,0.2558385759271786,0.16189610905855914,-0.2000205147386737,0.24265165585134518,0.3981814101334997
2025-08-13 12:00:00,27,-0.32194324120501605,-0.13099926050370364,-0.12767471414061435,0.022030025793172925,0.2558385759271786
2025-08-13 16:00:00,27,0.0852742446633794,0.2057178724790779,0.16598311812400343,0.2996568160590769,-0.32194324120501605
2025-08-13 20:00:00,27,-1.0960532030812402,-0.2681980896352366,-0.040985326736213606,0.2261208264553467,0.0852742446633794
2025-08-14 00:00:00,27,0.7952736089646848,1.0149141100079149,0.5594248059696543,1.1712990249264568,-1.0960532030812402
2025-08-14 04:00:00,27,0.13974643219449945,0.08392955988550616,-0.40184277854189154,0.4854972090111893,0.7952736089646848
2025-08-14 08:00:00,27,1.3531476717305786,0.2431088829207033,-0.06867083713959928,0.36498729156097554,0.13974643219449945
2025-08-14 12:00:00,27,-1.8907958248568786,-1.052688293954238,-0.685382486941897,-0.8018955522975535,1.3531476717305786
2025-08-14 16:00:00,27,1.829098792827489,0.5092810879039458,0.9633530511977935,0.8286265668759452,-1.8907958248568786
2025-08-14 20:00:00,27,-2.1615531975767635,-1.089965912463844,-0.9272848285194879,-0.7486913014266854,1.829098792827489
2025-08-15 00:00:00,27,-0.3657216046268843,0.9929530327562897,1.1009655907152718,1.1153176275574346,-2.1615531975767635
2025-08-15 04:00:00,27,-0.5365803257681847,1.3751929639709248,0.18823348828339714,1.4306965584628362,-0.3657216046268843
2025-08-15 08:00:00,27,1.9371666452046465,1.8697726251957305,0.2750724994570206,1.8934149960522433,-0.5365803257681847
2025-08-15 12:00:00,27,0.15889179746011806,0.15675353211503662,-0.9822103563321914,0.22290513877011975,1.9371666452046465
2025-08-15 16:00:00,27,-0.6494604364169803,0.0032998934527478097,-0.078401476448606,0.08588527289773396,0.15889179746011806
2025-08-15 20:00:00,27,-0.9020533586637143,0.4973950874030125,0.3324438593995079,0.6459455359809336,-0.6494604364169803
2025-08-16 00:00:00,27,1.792550238711529,1.4035828223221456,0.4608243099310445,1.4238285493873466,-0.9020533586637143
2025-08-18 04:00:00,27,-0.5202352968018591,-0.31005517545390027,-0.9087090117390798,-0.12197178268717579,1.792550238711529
2025-08-18 08:00:00,27,-0.02133154677953719,0.055873926380371294,0.2667651321563716,0.32665156810450924,-0.5202352968018591
2025-08-18 12:00:00,27,-0.4159370409220138,0.1582260906248923,0.013197108040577232,0.34504676361053477,-0.02133154677953719
2025-08-18 16:00:00,27,-0.3740777163857274,0.6613279997306246,0.21375550322294976,0.7037288256773113,-0.4159370409220138
2025-08-18 20:00:00,27,-0.9551720550676741,0.8414488914330855,0.19248048532017187,1.0263136245426292,-0.3740777163857274
2025-08-19 00:00:00,27,1.4643211164229655,1.7878852765981883,0.4878219079450025,1.8500033867739045,-0.9551720550676741
2025-08-19 04:00:00,27,-0.18016920427264616,0.3544281946534529,-0.7418864332512478,0.5872504556999196,1.4643211164229655
2025-08-19 08:00:00,27,-0.02413558357399026,0.6526987518014006,0.0939264089606583,0.7426188296398575,-0.18016920427264616
2025-08-19 12:00:00,27,0.3003962451248139,0.7290036939532977,0.014622260827032812,0.7634320778812587,-0.02413558357399026
2025-08-19 16:00:00,27,0.9288024540870072,0.6741756560211128,-0.15032116676227544,0.5043862751808277,0.3003962451248139
2025-08-19 20:00:00,27,-1.6797021883941845,-0.48213145656448336,-0.4697088657753836,-0.29656374058627755,0.9288024540870072
2025-08-20 00:00:00,27,-0.34544866922660056,1.0656739034380536,0.8560646287338046,1.1519224131253,-1.6797021883941845
2025-08-20 04:00:00,27,0.9118234129660436,1.4425557104744042,0.1779297610168711,1.4498190388784575,-0.34544866922660056
2025-08-20 08:00:00,27,-0.04715069585487086,0.6098169786405624,-0.46107926155166123,0.66351084839261,0.9118234129660436
2025-08-20 12:00:00,27,-0.16800886298336692,0.7691786222711207,0.026319700554845917,0.7041711098101064,-0.04715069585487086
2025-08-20 16:00:00,27,0.8258620099316012,0.6540713020450875,0.0877459107921072,0.8490530498431106,-0.16800886298336692
2025-08-20 20:00:00,27,-1.6779972086293355,-0.1434438201710281,-0.41738934517662946,0.13687341792516605,0.8258620099316012
2025-08-21 00:00:00,27,0.31637767346357926,1.445769692632336,0.8551980721081813,1.5838892874406465,-1.6779972086293355
2025-08-21 04:00:00,27,0.1563397007651659,1.4049452105217082,-0.15844373390318706,1.311061947855178,0.31637767346357926
2025-08-21 08:00:00,27,0.34663039877444213,1.1445559956030806,-0.07710437231526863,1.176242874927583,0.1563397007651659
2025-08-21 12:00:00,27,1.5684712042096134,0.9469904444087153,-0.1738196932557679,0.8773271882365368,0.34663039877444213
2025-08-21 16:00:00,27,-0.2205314089706718,-0.39275220231708124,-0.7948207556939338,-0.4752392592507526,1.5684712042096134
2025-08-21 20:00:00,27,-2.0176935331549135,-0.36571634701369116,0.11444051512598115,-0.2850646589200192,-0.2205314089706718
2025-08-22 00:00:00,27,-0.3322056304590433,1.561804261389685,1.0278488605728795,1.4548873191162333,-2.0176935331549135
2025-08-22 04:00:00,27,0.7533467125113766,1.8662774464793859,0.17119898143578333,1.7413638500332862,-0.3322056304590433
2025-08-22 08:00:00,27,0.6566200513871348,1.1308583683432094,-0.38053341718612466,1.0917175677598348,0.7533467125113766
2025-08-22 12:00:00,27,-0.5879363591823612,0.6439911637194727,-0.33137205421882954,0.5254832321405445,0.6566200513871348
2025-08-22 16:00:00,27,3.07315498375711,1.1828164798848078,0.30117422332394844,1.0324883914023797,-0.5879363591823612
2025-08-22 20:00:00,27,-3.316123157298067,-2.4487132977640274,-1.559576869236623,-1.6176376088724158,3.07315498375711
2025-08-23 00:00:00,27,0.40253203301882046,0.899409701156622,1.6877762197732504,1.242011268492348,-3.316123157298067
2025-08-25 04:00:00,28,-0.38586410316750275,-0.010960122642035344,-0.18387601878268375,0.5979631991676051,0.40253203301882046
2025-08-25 08:00:00,28,0.014517932022812374,0.7594887714975525,0.16179461664691955,0.9058489793693898,-0.38586410316750275
2025-08-25 12:00:00,28,0.57097350530419,0.9023345697125587,-0.013752048495698038,0.8942649403487408,0.014517932022812374
2025-08-25 16:00:00,28,0.0753483451954935,0.34833722205160955,-0.2577288296795412,0.43867805959964734,0.57097350530419
2025-08-25 20:00:00,28,-1.2829310025573761,0.12357733807137952,-0.040423015804797804,0.37855667526512704,0.0753483451954935
2025-08-26 00:00:00,28,3.314212952430209,0.9788925816259274,0.5551117207044634,1.402223322214068,-1.2829310025573761
2025-08-26 04:00:00,28,-1.9982509280443743,-1.2703785152655014,-1.4604964223907022,-1.2422285255673966,3.314212952430209
2025-08-26 08:00:00,28,0.6744513584465697,0.32735074613054127,0.8687422445355828,0.35220081100350065,-1.9982509280443743
2025-08-26 12:00:00,28,-0.20265422258691146,-0.11931415634696764,-0.3030984777623473,-0.18595233928665422,0.6744513584465697
2025-08-26 16:00:00,28,-0.1831387294720308,-0.1314812809428674,0.08146662805019746,-0.024252007692780353,-0.20265422258691146
2025-08-26 20:00:00,28,-1.4883082498189815,0.016477419114618506,0.07291010094901876,0.12187666855825441,-0.1831387294720308
2025-08-27 00:00:00,28,0.9019419605910954,0.9812147565410398,0.6451589448158256,1.3094163824490703,-1.4883082498189815
2025-08-27 04:00:00,28,-0.7353271218713893,0.4403691051071484,-0.4028412560285473,0.5897456435703834,0.9019419605910954
2025-08-27 08:00:00,28,0.9581558982574485,1.08283298530441,0.315015945608343,1.1764723247061735,-0.7353271218713893
2025-08-27 12:00:00,28,0.07404535756006148,0.5259148611885609,-0.42748813931633667,0.411947783894254,0.9581558982574485
2025-08-27 16:00:00,28,0.06252079374805142,0.3427546789687646,-0.03985172360380425,0.35286606964418965,0.07404535756006148
2025-08-27 20:00:00,28,-1.344462596688846,0.18297183099350356,-0.03479880272672241,0.3029799485877369,0.06252079374805142
2025-08-28 00:00:00,28,1.2484351033929464,1.0956845897030525,0.5820901193370448,1.3757434218823086,-1.344462596688846
2025-08-28 04:00:00,28,-0.653334343501978,0.0794403998502064,-0.5547604491180604,0.379601483090509,1.2484351033929464
2025-08-28 08:00:00,28,0.5721916403628953,0.8016871528986703,0.27906638358145,0.9009051037966014,-0.653334343501978
2025-08-28 12:00:00,28,0.9227001524675451,0.5104036423852815,-0.25826291844590493,0.44434625789225635,0.5721916403628953
2025-08-28 16:00:00,28,-0.12986742670006812,-0.12408656829994372,-0.4119426418001871,-0.2918877011693777,0.9227001524675451
2025-08-28 20:00:00,28,-1.138334076870514,-0.28779423586262365,0.04955340977036586,-0.18826486177042057,-0.12986742670006812
2025-08-29 00:00:00,28,-0.5137244367615761,0.6318508411927615,0.49171350134595015,0.7200260948398061,-1.138334076870514
2025-08-29 04:00:00,28,0.4062061663796168,0.990827468508172,0.21785471223985264,1.129933229819919,-0.5137244367615761
2025-08-29 08:00:00,28,0.2627196990575129,0.7887773117212943,-0.185486934863048,0.8058162636861841,0.4062061663796168
2025-08-29 12:00:00,28,0.3763496347345292,0.4360928391041996,-0.1225755936498551,0.5961889393128992,0.2627196990575129
2025-08-29 16:00:00,28,0.6717609987590709,0.42291680105362195,-0.1723964010669229,0.2958948721329886,0.3763496347345292
2025-08-29 20:00:00,28,-0.09756011796349995,-0.40247889578975876,-0.3019188951895426,-0.2401116066098261,0.6717609987590709
2025-08-30 00:00:00,28,-0.2200572120168438,-0.21952686735660448,0.03538833788910208,-0.16226717177072736,-0.09756011796349995
2025-09-01 04:00:00,28,1.5741698239693278,-0.2383294910046282,0.08909693233316732,0.013319222129782204,-0.2200572120168438
2025-09-01 08:00:00,28,-0.6497914202124235,-0.9594861635944119,-0.6975781554398882,-1.2427305125938268,1.5741698239693278
2025-09-01 12:00:00,28,-1.008209573917684,-0.6794970388811228,0.27751299628213777,-0.7242538345658556,-0.6497914202124235
2025-09-01 16:00:00,28,0.28079911199466956,0.006246331549483948,0.43466068543763403,0.08020915829722242,-1.008209573917684
2025-09-01 20:00:00,28,0.2691886205446927,-0.09449987395566586,-0.13050247440349716,-0.14384395513509496,0.28079911199466956
2025-09-02 04:00:00,28,0.2984902548599475,-0.4665356065439495,-0.12541187873343546,-0.3586329126398251,0.2691886205446927
2025-09-02 08:00:00,28,-0.6012106254909959,-0.526476264376846,-0.13825911895695459,-0.5968020095985302,0.2984902548599475
2025-09-02 12:00:00,28,0.9262502120460745,-0.060906876536967275,0.2562128485388182,-0.11708855355168524,-0.6012106254909959
2025-09-02 16:00:00,28,-0.6434235873397771,-0.8147830683339459,-0.4134991579904608,-0.8561551494254136,0.9262502120460745
2025-09-02 20:00:00,28,-0.4534277964895246,-0.5660607531469447,0.2747210332899739,-0.3427594446626312,-0.6434235873397771
2025-09-03 00:00:00,28,0.19622038368133587,0.006923069215980337,0.191417776541598,0.019036249057943877,-0.4534277964895246
2025-09-03 04:00:00,28,-0.3962423017059411,-0.049264050303810654,-0.09341910803729221,-0.1375304422338779,0.19622038368133587
2025-09-03 08:00:00,28,0.1512964748994552,0.24075837801094863,0.16634491606968174,0.17863623201290224,-0.3962423017059411
2025-09-03 12:00:00,28,0.6215532061366016,0.24251439570890557,-0.07372231427859695,0.05791488780437426,0.1512964748994552
2025-09-03 16:00:00,28,0.35895493077161333,-0.2934972549011505,-0.2799053936225777,-0.43803016704105424,0.6215532061366016
2025-09-03 20:00:00,28,-0.8494940899673828,-0.8484457206106631,-0.16476972952962107,-0.7244447829917924,0.35895493077161333
2025-09-04 00:00:00,28,0.2921336378529187,-0.10073097141137599,0.36507221376525173,-0.046622854184704465,-0.8494940899673828
2025-09-04 04:00:00,28,1.626251325005164,-0.13928223947887095,-0.1354720735375907,-0.2797199271572772,0.2921336378529187
2025-09-04 08:00:00,28,-1.8501455164542477,-1.2539922882139707,-0.7204131805381471,-1.5773261410891575,1.626251325005164
2025-09-04 12:00:00,28,0.2557824389339505,0.024703682425953985,0.8038057368776828,-0.10107195951509063,-1.8501455164542477
2025-09-04 16:00:00,28,0.039037884546404555,-0.28054208661136915,-0.11953396647160425,-0.30516395751810066,0.2557824389339505
2025-09-04 20:00:00,28,-0.7614789308013599,-0.3853737858258959,-0.0245027703479557,-0.33631277245665814,0.039037884546404555
2025-09-05 00:00:00,28,0.6990858780450111,0.221009941198672,0.3264821514857397,0.27128076317530336,-0.7614789308013599
2025-09-05 04:00:00,28,-1.357306557237525,-0.32460870502637823,-0.3138994313087302,-0.2865285775305999,0.6990858780450111
2025-09-05 08:00:00,28,0.8628286327202446,0.8637210335543093,0.5877215269512056,0.7964832520685601,-1.357306557237525
2025-09-05 12:00:00,28,2.319947899792931,0.11191957682700394,-0.3856920993060337,0.10802152529789488,0.8628286327202446
2025-09-05 16:00:00,28,-0.3595249038954762,-1.4938954783880947,-1.0245629915229597,-1.7430938370585132,2.319947899792931
2025-09-05 20:00:00,28,-2.003150046996515,-1.5044260940882548,0.15024624986634386,-1.4562244324438538,-0.3595249038954762
2025-09-06 00:00:00,28,0.18886655715720657,0.13222454036162315,0.870890252984005,0.142113972238068,-2.003150046996515
2025-09-08 04:00:00,28,-0.31403896816344634,0.019082748147214123,-0.09019483819278083,-0.008585009157279444,0.18886655715720657
2025-09-08 08:00:00,28,0.41028325318507797,0.4005732423882995,0.13030303656794057,0.24199060006127127,-0.31403896816344634
2025-09-08 12:00:00,28,0.38325520033010996,-0.017106345402163322,-0.18727452503765576,-0.08537952448171993,0.41028325318507797
2025-09-08 16:00:00,28,0.797820608199796,-0.2262609223617108,-0.17542413184573163,-0.391183628572751,0.38325520033010996
2025-09-08 20:00:00,28,-1.6933056543280571,-0.8555479379252585,-0.35718946704719684,-1.0277746418342968,0.797820608199796
2025-09-09 00:00:00,28,-0.34527767269000087,0.3799060948160447,0.7350396276675294,0.32333505772895954,-1.6933056543280571
2025-09-09 04:00:00,28,0.8760172820775924,0.5424538119211445,0.1439995811704115,0.5988364188811541,-0.34527767269000087
2025-09-09 08:00:00,28,1.399989795028402,0.09546296009682503,-0.3914746350067608,-0.10014869569330465,0.8760172820775924
2025-09-09 12:00:00,28,-1.111630069005649,-0.9958893633272335,-0.621209286390881,-1.2172180130476224,1.399989795028402
2025-09-09 16:00:00,28,1.196405364572641,-0.17520570425632528,0.48000518500155925,-0.3302345173504406,-1.111630069005649
2025-09-09 20:00:00,28,-2.102595078490639,-1.2140770420335412,-0.5319481190548384,-1.2848612786512899,1.196405364572641
2025-09-10 00:00:00,28,1.27576620995122,0.47384759017080974,0.9144917188577124,0.3928255568834196,-2.102595078490639
2025-09-10 04:00:00,28,-0.5747928193072465,-0.4539171137885985,-0.566743715571766,-0.625124212689725,1.27576620995122
2025-09-10 08:00:00,28,-0.8125905224797307,0.024884194927791165,0.24463001672235854,-0.16648985366521174,-0.5747928193072465
2025-09-10 12:00:00,28,0.9006302530864421,0.4510075577882101,0.3488919218566912,0.48188625840252364,-0.8125905224797307
2025-09-10 16:00:00,28,-0.5720243858653831,-0.2312429347078423,-0.4022661406191484,-0.23673785269930647,0.9006302530864421
2025-09-10 20:00:00,28,0.04780465597956152,0.24137718279859446,0.24341620287539759,0.21968753875556857,-0.5720243858653831
2025-09-11 00:00:00,28,-1.0279324401265661,0.07426322058969612,-0.028346542929876727,0.1815436075561525,0.04780465597956152
2025-09-11 04:00:00,28,0.9463495405083453,0.9203203359310516,0.44330813483774895,1.0017437213400147,-1.0279324401265661
2025-09-11 08:00:00,28,1.0113284781631346,0.36520255962140513,-0.42231166647746265,0.24663962061849354,0.9463495405083453
2025-09-11 12:00:00,28,0.5368290159643099,-0.28832182317747007,-0.45080154566094366,-0.5603119848392861,1.0113284781631346
2025-09-11 16:00:00,28,0.20839497829932263,-0.8840138873788862,-0.24275824980883226,-0.9886545517128358,0.5368290159643099
2025-09-11 20:00:00,28,-2.5097218719365237,-1.1074422490146383,-0.09875703356043648,-1.1549355038851843,0.20839497829932263
2025-09-12 00:00:00,28,0.9591166378632394,0.9174725505739749,1.0929956091375557,0.8476028776009894,-2.5097218719365237
2025-09-12 04:00:00,28,-1.4928533107944855,0.1421402613302854,-0.427909373585219,0.08231175067579422,0.9591166378632394
2025-09-12 08:00:00,28,1.304997017280911,1.2973483324717492,0.6471517172856002,1.2734780254024596,-1.4928533107944855
2025-09-12 12:00:00,28,0.7101591279950998,0.445466467878246,-0.5795599018517387,0.23220463011043613,1.304997017280911
2025-09-12 16:00:00,28,-0.8418270420348737,-0.12080639042335375,-0.3187544745678633,-0.33444019483011367,0.7101591279950998
2025-09-12 20:00:00,28,-1.155044082099085,0.27007645324749857,0.3617106126499549,0.33726410081242975,-0.8418270420348737
2025-09-13 00:00:00,28,1.2133743301953857,1.0475936671910295,0.4990399681565727,1.2588881789925104,-1.155044082099085
2025-09-15 04:00:00,28,0.2698178604669863,0.305051733999081,-0.5393881265081614,0.29072166839368485,1.2133743301953857
2025-09-15 08:00:00,28,-0.155118767511647,0.21478441478280316,-0.12568776766007206,0.07543063250742321,0.2698178604669863
2025-09-15 12:00:00,28,0.8582183896562228,0.13101662288116706,0.060624807286354054,0.199201831660746,-0.155118767511647
2025-09-15 16:00:00,28,0.5335474310265109,-0.2823970282036562,-0.3836707478860051,-0.48558132467272586,0.8582183896562228
2025-09-15 20:00:00,28,-1.9235193972881177,-0.8721706181528542,-0.24131944576274406,-0.9113054739982882,0.5335474310265109
2025-09-16 00:00:00,28,0.5624965004083329,0.5101617044469238,0.8359763613234953,0.6234946421717265,-1.9235193972881177
2025-09-16 04:00:00,28,-0.7844456173150345,0.2845810743289664,-0.2540121046292826,0.17467166934956957,0.5624965004083329
2025-09-16 08:00:00,28,1.435318727807232,0.7485681324253539,0.3365518471076602,0.8005906105786487,-0.7844456173150345
2025-09-16 12:00:00,28,-1.0133358198869686,-0.12581187189641949,-0.6366991830078043,-0.34466810284287597,1.435318727807232
2025-09-16 16:00:00,28,1.2937412934894432,0.7266759207492597,0.43690827725124015,0.46388518561080794,-1.0133358198869686
2025-09-16 20:00:00,28,-1.8454913480653463,-0.5819736792112848,-0.5746248533188558,-0.5684071272928204,1.2937412934894432
2025-09-17 00:00:00,28,-0.09471046884744538,0.7523904889697806,0.8017651264909168,0.904133435279519,-1.8454913480653463
2025-09-17 04:00:00,28,1.5611191227395373,1.0289665804384247,0.03413891519981433,0.9797040995496662,-0.09471046884744538
2025-09-17 08:00:00,28,-0.1675234365688354,-0.03965364437608628,-0.6918561028068988,-0.26593231790153915,1.5611191227395373
2025-09-17 12:00:00,28,-0.06712385237629803,-0.04928869734574718,0.06606360846571305,-0.13226327860329157,-0.1675234365688354
2025-09-17 16:00:00,28,-0.5894628976750926,0.2553748582412551,0.022043620959710866,-0.07870431966055058,-0.06712385237629803
2025-09-17 20:00:00,28,2.5096190176822475,0.2798843720445863,0.2510620818714158,0.3916354778507998,-0.5894628976750926
2025-09-18 00:00:00,28,-1.6953830750812813,-1.6547495411475939,-1.1077238960913054,-1.6108208349431443,2.5096190176822475
2025-09-18 04:00:00,28,-0.24076825078417663,-0.2823554569252091,0.7359504684477687,-0.2580535354524436,-1.6953830750812813
2025-09-18 08:00:00,28,1.4746245082121465,-0.056152254726247554,0.0981776439228283,-0.06594154542281849,-0.24076825078417663
2025-09-18 12:00:00,28,-1.3418187385011304,-0.8963219148038499,-0.6539327201409851,-1.2425628312294563,1.4746245082121465
2025-09-18 16:00:00,28,1.948986366112333,-0.00742754008833132,0.5809309252494709,-0.17190892535560565,-1.3418187385011304
2025-09-18 20:00:00,28,-3.5659536273897245,-1.448385943073457,-0.8619156836764287,-1.727029453560462,1.948986366112333
2025-09-19 00:00:00,28,1.3341924536508962,1.0321679768114533,1.5560982111296924,1.11828941834216,-3.5659536273897245
2025-09-19 04:00:00,28,0.6257541070444965,0.09697854637031433,-0.5923605798084761,0.053720620261133334,1.3341924536508962
2025-09-19 08:00:00,28,-1.0434218477069859,-0.2298137776008687,-0.28174726983119686,-0.44557638581002657,0.6257541070444965
2025-09-19 12:00:00,28,0.11083080353619934,0.5780744854480298,0.45009943316482043,0.38698291945760843,-1.0434218477069859
2025-09-19 16:00:00,28,0.506635612682441,0.4529172496698859,-0.055980225382924846,0.29854963909537346,0.11083080353619934
2025-09-19 20:00:00,28,-0.9539219618143413,-0.06153791666716965,-0.22952001534879005,-0.10570123474408888,0.506635612682441
2025-09-20 00:00:00,28,0.5026549890746743,0.6636795909192483,0.4108583955602476,0.6554449953765538,-0.9539219618143413
2025-09-22 04:00:00,29,0.32253789909602304,0.18854291497762826,-0.222813775370371,0.1959980943549091,0.5026549890746743
2025-09-22 08:00:00,29,0.6341586914822663,0.06469355390825957,-0.14123785040980774,-0.06419409933944387,0.32253789909602304
2025-09-22 12:00:00,29,-0.11920438876442851,-0.6209427920663446,-0.28237245556506807,-0.5757716272813269,0.6341586914822663
2025-09-22 16:00:00,29,-0.011440555182028689,-0.2930803255158895,0.058829426552544396,-0.4796091251457941,-0.11920438876442851
2025-09-22 20:00:00,29,-0.8607583363495408,-0.5419255642493274,0.010022650899981746,-0.4703799984036774,-0.011440555182028689
2025-09-23 00:00:00,29,0.32721143512233475,0.11665191969722287,0.39468289381421634,0.2239960746196452,-0.8607583363495408
2025-09-23 04:00:00,29,0.8649833580464179,0.08719585063109309,-0.14335451809652244,-0.039966273200482405,0.32721143512233475
2025-09-23 08:00:00,29,0.1440185211579763,-0.6889158820375928,-0.38691409390108655,-0.7377506826295352,0.8649833580464179
2025-09-23 12:00:00,29,-0.02039100625139767,-0.40103549289853546,-0.06038553717064413,-0.8539308123375005,0.1440185211579763
2025-09-23 16:00:00,29,-0.34432328174176163,-0.5778722712009706,0.0140763546594894,-0.8374813325614614,-0.02039100625139767
2025-09-23 20:00:00,29,1.1759375140782602,-0.4381454090588436,0.1607868916820369,-0.5597148118904869,-0.34432328174176163
2025-09-24 00:00:00,29,-1.726446800604851,-1.2510252167731981,-0.5277467761392652,-1.5083467782207975,1.1759375140782602
2025-09-24 04:00:00,29,-0.12453747025269735,-0.007060743553594397,0.7867575004364238,-0.1156174846867053,-1.726446800604851
2025-09-24 08:00:00,29,-0.49889328243868114,-0.05247639635643793,0.06124480565592183,-0.01515277132119941,-0.12453747025269735
2025-09-24 12:00:00,29,0.13352349928657326,0.5774348219111766,0.23079241297654948,0.3873057860790645,-0.49889328243868114
2025-09-24 16:00:00,29,0.2940265795498984,0.5478026617153251,-0.0556322896207169,0.27959201883964724,0.13352349928657326
2025-09-24 20:00:00,29,0.736859121716904,0.0003841586656264692,-0.12832493212927715,0.04239998357200392,0.2940265795498984
2025-09-25 00:00:00,29,0.006637123275398338,-0.18225957452417815,-0.32888599068398083,-0.5520262586170954,0.736859121716904
2025-09-25 04:00:00,29,0.1415941165150354,-0.35678923770649024,0.001835180507921504,-0.5573804438762107,0.006637123275398338
2025-09-25 08:00:00,29,-0.4854257178844499,-0.5287627638121344,-0.05928751226223576,-0.671604799815519,0.1415941165150354
2025-09-25 12:00:00,29,1.185441112593125,-0.13580769379744356,0.2246928860765328,-0.28001056308859873,-0.4854257178844499
2025-09-25 16:00:00,29,0.3149051972068868,-1.0269373279197915,-0.5320510031251433,-1.236309107989996,1.185441112593125
2025-09-25 20:00:00,29,-0.9553969184408952,-1.607081109868586,-0.1377809618012458,-1.490343980470577,0.3149051972068868
2025-09-26 00:00:00,29,-0.4912531972549683,-0.8773044489612882,0.4375451778538568,-0.7196227078552475,-0.9553969184408952
2025-09-26 04:00:00,29,-0.13324809201401955,-0.4498242641164096,0.22733218043719,-0.3233274277924174,-0.4912531972549683
2025-09-26 08:00:00,29,0.5476149183617185,0.06774041571295875,0.06518988953022656,-0.21583583234306225,-0.13324809201401955
2025-09-26 12:00:00,29,0.08728176139493549,-0.6053576580838511,-0.24317635072725058,-0.6575982649366665,0.5476149183617185
2025-09-26 16:00:00,29,0.3271958288230863,-0.7455353293824267,-0.03468917677816884,-0.7280086974176392,0.08728176139493549
2025-09-26 20:00:00,29,-0.9549146713401306,-1.0571550438645483,-0.1433474499260531,-0.9919584555940446,0.3271958288230863
2025-09-27 00:00:00,29,0.9229943027266305,-0.24762193072401154,0.4373267657458826,-0.2216262130164317,-0.9549146713401306
2025-09-29 04:00:00,29,-0.4868694310150641,-1.28050238098526,-0.41318753897331884,-0.9662082080840424,0.9229943027266305
2025-09-29 08:00:00,29,0.5583242522747014,-0.3276315201668046,0.22534675092645637,-0.5734493240782363,-0.4868694310150641
2025-09-29 12:00:00,29,-0.4588225180388701,-0.6549576535486742,-0.24802666126561568,-1.0238510052427348,0.5583242522747014
2025-09-29 16:00:00,29,-0.4853212419466004,-0.4336305387576342,0.21264416468884487,-0.6537176416302941,-0.4588225180388701
2025-09-29 20:00:00,29,-0.6504798396332205,-0.4230822041631616,0.22464556840519354,-0.26220768592440713,-0.4853212419466004
2025-09-30 00:00:00,29,0.2616505543875203,0.4919172511157149,0.299446717885637,0.262536156279797,-0.6504798396332205
2025-09-30 04:00:00,29,-0.026482328426297386,0.2220241688579435,-0.11366166947340972,0.051461947889903215,0.2616505543875203
2025-09-30 08:00:00,29,1.8429962555483517,0.41148017813417814,0.016835144737150164,0.07282531370422873,-0.026482328426297386
2025-09-30 12:00:00,29,-0.9778171507986375,-0.9993647342133771,-0.8298609944230588,-1.4139247396866832,1.8429962555483517
2025-09-30 16:00:00,29,1.3847138459862336,-0.3592731377705828,0.44769941248328793,-0.6251170051186712,-0.9778171507986375
2025-09-30 20:00:00,29,-2.0339126031899486,-1.536382556112604,-0.6223026141626595,-1.7421694018630323,1.3847138459862336
2025-10-01 00:00:00,29,-0.19187784798321772,-0.03835736742717903,0.9260102900667367,-0.10140661556784814,-2.0339126031899486
2025-10-01 04:00:00,29,-0.2108904967428984,0.02895224879491197,0.09174359730979557,0.05338176225699165,-0.19187784798321772
2025-10-01 08:00:00,29,1.3459376705050268,0.28665160306015824,0.1003545203971333,0.22350769514927116,-0.2108904967428984
2025-10-01 12:00:00,29,-0.6954795616615534,-0.8155930619130399,-0.6047406916283377,-0.8622638561818547,1.3459376705050268
2025-10-01 16:00:00,29,0.49465398855266685,-0.09418429849072008,0.3198273155727559,-0.3012186167681943,-0.6954795616615534
2025-10-01 20:00:00,29,-0.39377533874354675,-0.708290009794418,-0.2191900824810951,-0.7002573243492325,0.49465398855266685
2025-10-02 00:00:00,29,-0.358668951573355,-0.36869940086499176,0.18318397399999609,-0.3825976958293662,-0.39377533874354675
2025-10-02 04:00:00,29,0.025574712204850414,-0.2012002155908427,0.1672841168250246,-0.09325848458789388,-0.358668951573355
2025-10-02 08:00:00,29,0.8445675871288234,-0.018437650287336696,-0.006741747609371987,-0.11388967394682403,0.025574712204850414
2025-10-02 12:00:00,29,-0.9068578311965911,-0.47235807212267256,-0.3776676898170369,-0.7952046258767798,0.8445675871288234
2025-10-02 16:00:00,29,2.218718318247916,0.0687481324795142,0.41556158407513816,-0.06363996594297916,-0.9068578311965911
2025-10-02 20:00:00,29,-3.1891942544782346,-1.715787068738549,-1.0000273833894835,-1.8534860213453097,2.218718318247916
2025-10-03 00:00:00,29,0.18187843310295193,0.5339303637769734,1.4492430899358617,0.7192455910196571,-3.1891942544782346
2025-10-03 04:00:00,29,1.4425620170426168,0.5507392132752043,-0.07753247939696441,0.5725237681660253,0.18187843310295193
2025-10-03 08:00:00,29,-0.9267982620433592,-0.34231253025152747,-0.6485023382519209,-0.5911949042952394,1.4425620170426168
2025-10-03 12:00:00,29,0.365856864241378,0.3616702839868255,0.4245927042793901,0.1564557550196337,-0.9267982620433592
2025-10-03 16:00:00,29,1.5640488770514693,0.18074158748906238,-0.16085722495380897,-0.13868196477050354,0.365856864241378
2025-10-03 20:00:00,29,-2.5900777919302342,-1.538210900359523,-0.7035243407556881,-1.4004044150803114,1.5640488770514693
2025-10-04 00:00:00,29,1.6636473562174832,0.3722896078333487,1.1779002673461418,0.6890183299990884,-2.5900777919302342
2025-10-06 04:00:00,29,-0.17175545090551836,-0.5818478832636268,-0.7486329868236208,-0.6530504822590615,1.6636473562174832
2025-10-06 08:00:00,29,0.5270032222636942,-0.36988118489397787,0.08263006369545824,-0.5144948964648925,-0.17175545090551836
2025-10-06 12:00:00,29,-0.3124141771215161,-0.7238627784081249,-0.23384121115553277,-0.9396298181875675,0.5270032222636942
2025-10-06 16:00:00,29,0.8455019570377829,-0.5690146673072126,0.14633509965958946,-0.6876044583328387,-0.3124141771215161
2025-10-06 20:00:00,29,-1.919595413419458,-1.2058831132778458,-0.37809087059120844,-1.3696731689901096,0.8455019570377829
2025-10-07 00:00:00,29,1.4371434815436448,0.07804868178238142,0.8742354668363295,0.17886963178795412,-1.919595413419458
2025-10-07 04:00:00,29,-0.30830949501177507,-0.6294493636633778,-0.6460482566025191,-0.9804778934622718,1.4371434815436448
2025-10-07 08:00:00,29,-0.36345374249165197,-0.5037732041482447,0.14447606873803234,-0.731763791743548,-0.30830949501177507
2025-10-07 12:00:00,29,0.28416938699091965,-0.25251966953749333,0.16945117240508778,-0.43856467675467137,-0.36345374249165197
2025-10-07 16:00:00,29,0.9078285656881064,-0.4019602565138792,-0.12386056064399284,-0.6678048881815286,0.28416938699091965
2025-10-07 20:00:00,29,-1.6876554319927095,-1.4953525420341718,-0.4063189013178198,-1.4001526422495392,0.9078285656881064
2025-10-08 00:00:00,29,-0.2837518356597357,-0.13102959642385945,0.7691886968576147,-0.038716450468413655,-1.6876554319927095
2025-10-08 04:00:00,29,0.3603720868611813,0.24418770187251346,0.1333537828031081,0.19018692117265523,-0.2837518356597357
2025-10-08 08:00:00,29,-0.31465444432657463,-0.045301931846499596,-0.1583731420272785,-0.10052621390207861,0.3603720868611813
2025-10-08 12:00:00,29,1.3724586102373486,-0.04236722925518957,0.14734972780749664,0.1533063755532016,-0.31465444432657463
2025-10-08 16:00:00,29,0.26479535922283226,-0.6735072256964489,-0.6167521570020228,-0.9538596894370279,1.3724586102373486
2025-10-08 20:00:00,29,-0.30310737055427595,-1.2390291749265412,-0.11508596720824119,-1.1674708203750424,0.26479535922283226
2025-10-09 00:00:00,29,0.2082728621829606,-0.921018507991367,0.1421200007245487,-0.9229532864961332,-0.30310737055427595
2025-10-09 04:00:00,29,0.12664560406187775,-0.9771143378313375,-0.08948664746765053,-1.090967566524208,0.2082728621829606
2025-10-09 08:00:00,29,-1.6027988399549251,-1.0073601647438568,-0.052517256700726475,-1.1931329171231972,0.12664560406187775
2025-10-09 12:00:00,29,0.8862880792757277,0.0821618901757709,0.7307567247149163,0.09984923284263125,-1.6027988399549251
2025-10-09 16:00:00,29,2.210524369893271,-0.5626824314368453,-0.3965631079980492,-0.6151217527011585,0.8862880792757277
2025-10-09 20:00:00,29,-0.8677055531789648,-2.287200110507831,-0.9963163034681475,-2.3983577278512502,2.210524369893271
2025-10-10 00:00:00,29,-1.34690848369139,-1.4490846431502227,0.3978293228334117,-1.6983773162618725,-0.8677055531789648
2025-10-10 04:00:00,29,1.0193767175729267,-0.3526341884705683,0.6148627109755197,-0.6118226073131918,-1.34690848369139
2025-10-10 08:00:00,29,-0.19261739811963352,-1.2361253827839476,-0.45683961353188096,-1.4341565565626304,1.0193767175729267
2025-10-10 12:00:00,29,-0.6253340355693275,-1.0181458498206768,0.09207854324102276,-1.2787715816467813,-0.19261739811963352
2025-10-10 16:00:00,29,1.1930132864378908,-0.5297416304358901,0.2880580582885255,-0.7743129274466227,-0.6253340355693275
2025-10-10 20:00:00,29,-0.660995280566679,-1.6492108625746071,-0.5354804782816771,-1.7367199654250403,1.1930132864378908
2025-10-11 00:00:00,29,0.8611807980977702,-1.3661206271644364,0.30420921333022094,-1.2034932886398195,-0.660995280566679
2025-10-13 04:00:00,29,-1.9535204518343683,-2.7171371956536423,-0.38519189560737827,-1.8982101626956158,0.8611807980977702
2025-10-13 08:00:00,29,0.6183539830012315,-0.544160718217642,0.8896002852905194,-0.32229994186837274,-1.9535204518343683
2025-10-13 12:00:00,29,-0.015398953837996388,-0.8101422793523212,-0.27521442456853523,-0.8211277688234695,0.6183539830012315
2025-10-13 16:00:00,29,0.08844611881346509,-0.9341064389485477,0.011815429318517649,-0.8087053912023094,-0.015398953837996388
2025-10-13 20:00:00,29,-0.653919391517233,-1.152384640813908,-0.03521652003811438,-0.8800551139552795,0.08844611881346509
2025-10-14 00:00:00,29,1.029662339246471,-0.44108725054794834,0.30100450802327144,-0.3525365759632795,-0.653919391517233
2025-10-14 04:00:00,29,-0.5089912342687146,-0.9236910239070765,-0.461498022691796,-1.1831679639765031,1.029662339246471
2025-10-14 08:00:00,29,2.738927679644563,-0.6402462904114293,0.2353658255319035,-0.7725633615817138,-0.5089912342687146
2025-10-14 12:00:00,29,-2.217556121410846,-2.62523562940882,-1.2356327878189317,-2.9820637128094045,2.738927679644563
2025-10-14 16:00:00,29,0.2810395037236617,-1.2149879426411565,1.0091833518992224,-1.1931552047321752,-2.217556121410846
2025-10-14 20:00:00,29,-1.3455723916574858,-1.7193895962029786,-0.12244302096147067,-1.419870530880134,0.2810395037236617
2025-10-15 00:00:00,29,1.7776663531173895,-0.7057684984697735,0.61425758825501,-0.33439365098116625,-1.3455723916574858
2025-10-15 04:00:00,29,-0.8713942196233848,-1.6138841253540535,-0.8002727570213733,-1.7684418957629457,1.7776663531173895
2025-10-15 08:00:00,29,-0.4781123128285376,-1.1085885396477881,0.399499938193177,-1.0654858269975591,-0.8713942196233848
2025-10-15 12:00:00,29,0.8766944174361075,-0.6877868883857788,0.22138060859015982,-0.6797913338673034,-0.4781123128285376
2025-10-15 16:00:00,29,-0.03717429699713648,-1.203378727728322,-0.3922180908849111,-1.387023086512853,0.8766944174361075
2025-10-15 20:00:00,29,-0.5786276936989232,-1.306492496920177,0.021677590425778884,-1.357034480796008,-0.03717429699713648
2025-10-16 00:00:00,29,0.23984866929837168,-0.9717875125503489,0.2669045239956157,-0.8902539586378797,-0.5786276936989232
2025-10-16 04:00:00,29,-0.8724451085106981,-1.1145064072913717,-0.10378748739417444,-1.0837405274855172,0.23984866929837168
2025-10-16 08:00:00,29,1.2444619653927838,-0.38615338623248646,0.39997589099156783,-0.3799367038185011,-0.8724451085106981
2025-10-16 12:00:00,29,-0.48890402912869746,-1.3730981671265772,-0.558781840602387,-1.38384752996404,1.2444619653927838
2025-10-16 16:00:00,29,0.9659574205856174,-0.9136055047364043,0.2262682305209931,-0.9894473301688151,-0.48890402912869746
2025-10-16 20:00:00,29,-1.1202774207016173,-2.0119111120892206,-0.4326457485133017,-1.7686877883659022,0.9659574205856174
2025-10-17 00:00:00,29,1.5075952681097693,-1.0097550448775652,0.5122203765341978,-0.8649569695828774,-1.1202774207016173
2025-10-17 04:00:00,29,0.8219321117869764,-1.7750692071848828,-0.677956220777029,-2.081138141197462,1.5075952681097693
2025-10-17 08:00:00,29,-1.7038775300437337,-2.2695539124191786,-0.36741597057067304,-2.7441929940785403,0.8219321117869764
2025-10-17 12:00:00,29,1.29988201374832,-1.3525966969428174,0.7765357656641899,-1.3696703920180298,-1.7038775300437337
2025-10-17 16:00:00,29,0.787540453398643,-2.5656155390665125,-0.5838818558563413,-2.4182887207444708,1.29988201374832
2025-10-17 20:00:00,29,-1.4757700447146238,-3.0452510037138207,-0.3518398176121251,-3.0535997299844553,0.787540453398643
2025-10-18 00:00:00,29,-0.11320824949033792,-1.7968722251613087,0.6732247522097986,-1.8630920519754426,-1.4757700447146238
2025-10-20 04:00:00,30,-1.3115320952223026,-0.2612675686335629,0.0724191135260392,-0.99208410966693,-0.11320824949033792
2025-10-20 08:00:00,30,1.306939569446424,0.7866425357787011,0.6450334813804197,-0.27078396389114356,-1.3115320952223026
2025-10-20 12:00:00,30,-0.09926500432341356,-0.11678677756514096,-0.6061929732621789,-0.9895583693334018,1.306939569446424
2025-10-20 16:00:00,30,-0.2655669393842146,0.2529408235895472,0.06575638829902,-0.934965834122301,-0.09926500432341356
2025-10-20 20:00:00,30,-0.21927600993910268,-0.042793857052942724,0.1452231182293036,-0.7889126244533484,-0.2655669393842146
2025-10-21 00:00:00,30,-0.021740357029075952,0.01008510914670608,0.12310317845174412,-0.6683179256957867,-0.21927600993910268
2025-10-21 04:00:00,30,-0.4742949469341955,0.2855862679711638,0.028711538476753944,-0.6563614339321351,-0.021740357029075952
2025-10-21 08:00:00,30,2.4775739557039795,0.8133575986795779,0.2449629811406776,-0.3955145849601571,-0.4742949469341955
2025-10-21 12:00:00,30,-1.0594238589785974,-1.4489865260848807,-1.1655760410889084,-1.7580999627252858,2.4775739557039795
2025-10-21 16:00:00,30,1.4605982595542653,-0.5498857548509547,0.5245645456734839,-1.1754511760861117,-1.0594238589785974
2025-10-21 20:00:00,30,-1.8360750353957354,-1.6858959260026802,-0.6796181779886099,-1.9787328810281322,1.4605982595542653
2025-10-22 00:00:00,30,1.969345705984571,-0.20865948141055182,0.8956842759629317,-0.9689511185301667,-1.8360750353957354
2025-10-22 04:00:00,30,-1.2887539209950312,-0.5022436965178169,-0.9227211575986644,-2.052027430565687,1.969345705984571
2025-10-22 08:00:00,30,0.5324020038614137,0.35918018498226895,0.6341490198198146,-1.3432545423770295,-1.2887539209950312
2025-10-22 12:00:00,30,-0.06771910347103116,-0.8823732542919123,-0.23608322365102574,-1.636058389416295,0.5324020038614137
2025-10-22 16:00:00,30,-0.11103279699051072,-0.8251666086075591,0.05068230282594806,-1.5988150772751757,-0.06771910347103116
2025-10-22 20:00:00,30,-1.0483979112603343,-0.9997060952957753,0.07137958204844862,-1.537750637489908,-0.11103279699051072
2025-10-23 00:00:00,30,-0.4930459915602423,-0.25029863392293844,0.5192958396344814,-0.9611657647461476,-1.0483979112603343
2025-10-23 04:00:00,30,-0.40050252438990164,-0.3706015769308833,0.25392309455525675,-0.6900064489489299,-0.4930459915602423
2025-10-23 08:00:00,30,1.1429874453803244,-0.17924848637571403,0.20970156033348833,-0.4697430407728298,-0.40050252438990164
2025-10-23 12:00:00,30,-0.629624836585208,-1.0628652465613486,-0.5278490913350462,-1.0983490916472318,1.1429874453803244
2025-10-23 16:00:00,30,-0.4052674785565351,-0.4485484100634664,0.31918676203946794,-0.7520758375901213,-0.629624836585208
2025-10-23 20:00:00,30,0.1254507127946276,-0.7076904191014154,0.2119784750654282,-0.5291918590539604,-0.4052674785565351
2025-10-24 00:00:00,30,0.12463550206683394,-0.6706181376387725,-0.04162313916577223,-0.5981856852485867,0.1254507127946276
2025-10-24 04:00:00,30,-0.16993051705064666,-0.563651889621214,-0.04123359390450895,-0.6667311719638072,0.12463550206683394
2025-10-24 08:00:00,30,0.9063116857658713,-0.5248215758989624,0.09952362746690441,-0.5732748950134434,-0.16993051705064666
2025-10-24 12:00:00,30,0.2516361142164829,-1.384328723344544,-0.4147545042910037,-1.0717169487326217,0.9063116857658713
2025-10-24 16:00:00,30,-0.3342772722376761,-0.9291521944249336,-0.10192034023122504,-1.210108656055679,0.2516361142164829
2025-10-24 20:00:00,30,-1.2117244981717352,-1.093264604687344,0.17805608233335707,-1.0262669902108952,-0.3342772722376761
2025-10-25 00:00:00,30,1.4921643480783686,0.07376658785940003,0.5973408110762032,-0.35985778806078006,-1.2117244981717352
2025-10-27 04:00:00,30,-0.879445989448925,-1.4510315107869913,-0.6947019100617409,-1.1804998186379478,1.4921643480783686
2025-10-27 08:00:00,30,-0.34883873961488554,-0.417966846258865,0.438562823888868,-0.6968330271791237,-0.879445989448925
2025-10-27 12:00:00,30,0.29947284757574444,-0.4369036730760344,0.18501422262817852,-0.5049830262122699,-0.34883873961488554
2025-10-27 16:00:00,30,0.36096026829263117,-0.8006027267328205,-0.12477893636973417,-0.669683386500183,0.29947284757574444
2025-10-27 20:00:00,30,-0.4506847877356055,-1.6706540132732592,-0.15416046012910675,-0.8681998353825193,0.36096026829263117
2025-10-28 00:00:00,30,0.7452330067534021,-1.270383152131621,0.23368095881207757,-0.6203378087673634,-0.4506847877356055
2025-10-28 04:00:00,30,-0.5732220964439012,-1.6656631875796781,-0.33778368685625276,-1.0301918095701765,0.7452330067534021
2025-10-28 08:00:00,30,0.1497328678342864,-0.9879108923046949,0.2922349330273853,-0.7149382345848032,-0.5732220964439012
2025-10-28 12:00:00,30,0.10058788616185232,-1.4694671592337218,-0.05322627208155194,-0.797286459069535,0.1497328678342864
2025-10-28 16:00:00,30,0.05337580719523061,-1.724273020938082,-0.029742534597894766,-0.852606536417337,0.10058788616185232
2025-10-28 20:00:00,30,-0.9713268159162833,-2.210046409521866,-0.007182427120395653,-0.8819615004712622,0.05337580719523061
2025-10-29 00:00:00,30,1.1806466304876402,-1.0602554078207997,0.48246771783964104,-0.34776323230185735,-0.9713268159162833
2025-10-29 04:00:00,30,-0.6427481260928083,-1.5425213414130952,-0.545844385804852,-0.9970806144556512,1.1806466304876402
2025-10-29 08:00:00,30,-0.264906065287839,-1.1831520981050245,0.32545767465823044,-0.6435899764935851,-0.6427481260928083
2025-10-29 12:00:00,30,-0.04931001198872842,-0.7415898996685341,0.1449073221243731,-0.4979002261587899,-0.264906065287839
2025-10-29 16:00:00,30,0.2116992603336154,-0.6384492139907206,0.04188559038510251,-0.47078131769651055,-0.04931001198872842
2025-10-29 20:00:00,30,1.685025497300357,-1.0034446489700215,-0.08283667063583085,-0.5872090497325919,0.2116992603336154
2025-10-30 00:00:00,30,-1.029408323094092,-2.356551076821794,-0.7868598567125996,-1.513918461775348,1.685025497300357
2025-10-30 04:00:00,30,0.4800525667921427,-1.5370062611679514,0.510221739121205,-0.947777247072767,-1.029408323094092
2025-10-30 08:00:00,30,-0.08274519894930954,-1.7000952507494675,-0.21106824967573679,-1.2117906003628534,0.4800525667921427
2025-10-30 12:00:00,30,-0.23279074559127189,-0.8458535472596869,0.05786246384357206,-1.1662834227026169,-0.08274519894930954
2025-10-30 16:00:00,30,0.0419781008735125,-0.5215975929590762,0.12956114208131617,-1.0382560573473087,-0.23279074559127189
2025-10-30 20:00:00,30,-1.0297855340277007,-0.9401540335025782,-0.0017360776851860459,-1.0613426523225717,0.0419781008735125
2025-10-31 00:00:00,30,0.2203329030582104,-0.4491584042781934,0.5104019878920739,-0.49499398383186577,-1.0297855340277007
2025-10-31 04:00:00,30,0.4867075230353528,-0.6793028007734019,-0.08696222308029947,-0.6161699395511588,0.2203329030582104
2025-10-31 08:00:00,30,-0.6068736725435837,-1.0871988575346268,-0.21424829451576635,-0.8838433030886845,0.4867075230353528
2025-10-31 12:00:00,30,-0.18290862833941368,-0.5024618294801609,0.3083152071905461,-0.5500824518919947,-0.6068736725435837
2025-10-31 16:00:00,30,1.3046722470108545,-0.35470779777257044,0.10572516724100597,-0.44948863435182496,-0.18290862833941368
2025-10-31 20:00:00,30,-1.3647036557140932,-1.5000334605928574,-0.605109542094728,-1.1670160859381653,1.3046722470108545
2025-11-01 00:00:00,30,0.9839950760056766,-0.4623182411099164,0.670441303821139,-0.41647330517573433,-1.3647036557140932
2025-11-03 04:00:00,30,-1.9307509070430822,-1.3484210803149463,-0.4518752088095558,-0.95763870581753,0.9839950760056766
2025-11-03 08:00:00,30,1.1886071085772443,0.7096942945076221,0.9409247713327734,0.1042117176529338,-1.9307509070430822
2025-11-03 12:00:00,30,-1.7417110742221968,-0.5012841807369168,-0.5496482691585317,-0.5494836694520107,1.1886071085772443
2025-11-03 16:00:00,30,2.320034290939425,0.9324103204105457,0.8505928257943708,0.4084009727250706,-1.7417110742221968
2025-11-03 20:00:00,30,-1.4448606891639226,-1.5389555499113867,-1.0902963277856617,-0.8675426952610232,2.320034290939425
2025-11-04 00:00:00,30,1.1273350473099182,0.17933391306273205,0.7087440290831238,-0.07291614398093937,-1.4448606891639226
2025-11-04 04:00:00,30,-0.9920950227966028,-0.854179224343908,-0.5203696540707263,-0.692913883208945,1.1273350473099182
2025-11-04 08:00:00,30,0.22201517378752733,0.2639892441867314,0.49239172435640954,-0.14729377435043567,-0.9920950227966028
2025-11-04 12:00:00,30,0.018704955758233055,0.25244576763780524,-0.08776608957570357,-0.26939492444866264,0.22201517378752733
2025-11-04 16:00:00,30,2.1905345180145055,0.08766033323928633,0.009384903780411713,-0.2796820438903378,0.018704955758233055
2025-11-04 20:00:00,30,-2.3279746299513366,-1.4280581399342631,-1.0284153672466565,-1.4844050338396935,2.1905345180145055
2025-11-05 00:00:00,30,0.23070214044462034,0.49337581539992287,1.1307365753788978,-0.20409443674247552,-2.3279746299513366
2025-11-05 04:00:00,30,-0.1261224219009538,0.37816851136746316,-0.09191712265298077,-0.3309731369585647,0.23070214044462034
2025-11-05 08:00:00,30,0.4138143732269306,0.16344048255986612,0.07859010035702424,-0.2616098925254704,-0.1261224219009538
2025-11-05 12:00:00,30,-0.9330854634748,-0.09118277560813716,-0.17941658767197174,-0.48919438612652755,0.4138143732269306
2025-11-05 16:00:00,30,0.5562977471903903,0.2739430849397225,0.46419423698372014,0.023972377597666572,-0.9330854634748
2025-11-05 20:00:00,30,-1.2138823660954294,-0.7658591771725644,-0.2475017112405592,-0.2819733538143865,0.5562977471903903
2025-11-06 00:00:00,30,0.9718586905589195,0.6592190225719353,0.5983719398327912,0.38562260575752205,-1.2138823660954294
2025-11-06 04:00:00,30,-1.7978872723402848,-0.21176925608578825,-0.4460758844404517,-0.1488681762273396,0.9718586905589195
2025-11-06 08:00:00,30,1.923837637836705,1.6122502370056089,0.8774364025857537,0.8399115542509072,-1.7978872723402848
2025-11-06 12:00:00,30,-0.32630357824114853,0.1330303249199748,-0.9009753050333696,-0.2181367952142681,1.923837637836705
2025-11-06 16:00:00,30,1.538191050744386,0.3238126463711748,0.17424588381018827,-0.03868040264111716,-0.32630357824114853
2025-11-06 20:00:00,30,-1.6470706456097304,-1.077051027737548,-0.716695590105239,-0.8846356279647312,1.538191050744386
2025-11-07 00:00:00,30,0.29121170512793526,0.3749795340775286,0.8053692667402713,0.021199845760330405,-1.6470706456097304
2025-11-07 04:00:00,30,-0.5561264069104705,-0.021540705505856333,-0.12083138172717611,-0.13895715392391494,0.29121170512793526
2025-11-07 08:00:00,30,0.01104379096304875,0.2220462992919764,0.28406582457637164,0.16689434588730023,-0.5561264069104705
2025-11-07 12:00:00,30,0.477351168302766,0.8279313671502911,0.013045761445764335,0.16082061878555187,0.01104379096304875
2025-11-07 16:00:00,30,1.400781435612247,0.012338489908611404,-0.20977739696190104,-0.1017070528873747,0.477351168302766
2025-11-07 20:00:00,30,-1.9092312947073982,-1.2631270482224364,-0.6510349423711183,-0.8720914433173101,1.400781435612247
2025-11-08 00:00:00,30,1.6103592935476438,0.04301392391993162,0.9306417086548859,0.1779238908165599,-1.9092312947073982
2025-11-10 04:00:00,30,-0.9531832929793378,-1.294928373648511,-0.7511809029688139,-0.7077215290848322,1.6103592935476438
2025-11-10 08:00:00,30,-0.19556486632539105,0.05022901934400095,0.4737979062906231,-0.1835016105013647,-0.9531832929793378
2025-11-10 12:00:00,30,0.09171674827860166,0.21769633569633257,0.11177290111492241,-0.07594727225604903,-0.19556486632539105
2025-11-10 16:00:00,30,-0.1350131846763638,0.2664665835342828,-0.025503496019751642,-0.1263885112805676,0.09171674827860166
2025-11-10 20:00:00,30,-0.20734816110431353,-0.24440204977345428,0.08283851661321162,-0.05213563546954347,-0.1350131846763638
2025-11-11 00:00:00,30,-0.7933426392067808,0.06116220649003799,0.11740350248792031,0.06189913300902106,-0.20734816110431353
2025-11-11 04:00:00,30,0.7788984047114891,0.9839439605449807,0.397418674379823,0.4982118724338278,-0.7933426392067808
2025-11-11 08:00:00,30,0.3326625483680399,0.4723317407747367,-0.35387056574045045,0.06984299384554049,0.7788984047114891
2025-11-11 12:00:00,30,-0.4600899047665994,0.5807398899484222,-0.14063850522179824,-0.11311062620394896,0.3326625483680399
2025-11-11 16:00:00,30,1.6050235524341954,0.9526598937412478,0.23817515723972335,0.13992390995954818,-0.4600899047665994
2025-11-11 20:00:00,30,-1.7961401034130358,-1.0191348949755576,-0.7486312399243923,-0.7427870252601698,1.6050235524341954
2025-11-12 00:00:00,30,0.7037657978264846,0.7554380060122989,0.8766015247400238,0.24503181893362402,-1.7961401034130358
2025-11-12 04:00:00,30,-0.5222978007481238,-0.06604071522207353,-0.3179687430821275,-0.1420165609066082,0.7037657978264846
2025-11-12 08:00:00,30,0.8756874131382002,0.5199267516959102,0.26790095728941976,0.14523030189634767,-0.5222978007481238
2025-11-12 12:00:00,30,-0.053545649325432265,-0.3852709028495537,-0.40012081526432597,-0.33636939440658065,0.8756874131382002
2025-11-12 16:00:00,30,0.8639021798101396,-0.23659802392531612,0.043909573137891345,-0.30692102268560717,-0.053545649325432265
2025-11-12 20:00:00,30,-1.1488119057647381,-0.6891523138018731,-0.39448928756319634,-0.7820392226160893,0.8639021798101396
2025-11-13 00:00:00,30,0.6897749783331601,0.37095719132126886,0.5672782745928303,-0.15022990730031527,-1.1488119057647381
2025-11-13 04:00:00,30,-0.013521162965297151,-0.7117019694080661,-0.31128328464911004,-0.5295837898599851,0.6897749783331601
2025-11-13 08:00:00,30,-0.4669986864633433,-0.6011179733045481,0.024784028705613255,-0.5221475884483269,-0.013521162965297151
2025-11-13 12:00:00,30,0.7129652967740014,0.22878577566694247,0.2414764915810328,-0.2653134462643987,-0.4669986864633433
2025-11-13 16:00:00,30,0.7216056879211425,-0.12324718767503832,-0.3223646877119298,-0.6574212523711163,0.7129652967740014
2025-11-13 20:00:00,30,0.3891293938237119,-0.8686967238302835,-0.3264934648637461,-1.0542809935747304,0.7216056879211425
2025-11-14 00:00:00,30,-1.68061868913483,-1.3554296472422174,-0.16762096670789212,-1.2682895485412118,0.3891293938237119
2025-11-14 04:00:00,30,0.18853645343380876,0.4175104436678454,0.8214000682671676,-0.34400373816537577,-1.68061868913483
2025-11-14 08:00:00,30,0.3063032940337269,0.16449933935376612,-0.07176841385540744,-0.4476926771103322,0.18853645343380876
2025-11-14 12:00:00,30,1.3310925509895206,0.12467636604352499,-0.12804283852325576,-0.6161495615761927,0.3063032940337269
2025-11-14 16:00:00,30,-0.3755511196892396,-1.4462220319373098,-0.6177343811273048,-1.3482073240719448,1.3310925509895206
2025-11-14 20:00:00,30,-2.0795818998243014,-1.2619064326219311,0.19777862908194402,-1.1416663798092017,-0.3755511196892396
2025-11-15 00:00:00,30,1.436130935754047,0.3104661844693475,1.0120430797534006,0.002036266096468786,-2.0795818998243014
2025-11-17 04:00:00,31,-1.2808221759773044,-0.5419894167753051,-0.8198788630875727,-0.39816832233637633,1.436130935754047
2025-11-17 08:00:00,31,0.3811507871251898,0.8574430511798038,0.7493539627077164,0.27100237153454465,-1.2808221759773044
2025-11-17 12:00:00,31,0.764319081947546,0.2729196476615391,-0.21055311777287394,0.07186861083478391,0.3811507871251898
2025-11-17 16:00:00,31,-0.4882246106973298,-0.13476928738162727,-0.43185994248141246,-0.32745296557012615,0.764319081947546
2025-11-17 20:00:00,31,1.576443179694314,0.029371739460238667,0.29157274016384244,-0.07237805538135866,-0.4882246106973298
2025-11-18 00:00:00,31,-1.419233410944086,-1.2121211668754797,-0.9009191203159185,-0.8959971308390413,1.576443179694314
2025-11-18 04:00:00,31,0.2664119216342531,0.058410192333530196,0.8292962526320097,-0.15451293094096297,-1.419233410944086
2025-11-18 08:00:00,31,-0.12497477174232685,-0.22700724509440628,-0.14428329760356234,-0.2937009101930004,0.2664119216342531
2025-11-18 12:00:00,31,-0.002540278470547719,-0.3682217503019547,0.08177023426420948,-0.2284073383828762,-0.12497477174232685
2025-11-18 16:00:00,31,0.023400920935101155,-0.3451042495942474,0.011055644077831009,-0.22708015968575168,-0.002540278470547719
2025-11-18 20:00:00,31,-0.8093047428587603,-0.7977375033226802,-0.003927235631088526,-0.23930606488403772,0.023400920935101155
2025-11-19 00:00:00,31,-0.20144075757521485,0.5430624923261623,0.47701925409993806,0.1835184508756118,-0.8093047428587603
2025-11-19 04:00:00,31,0.6344333320047042,0.499047018545719,0.1259347560984862,0.28876198432523736,-0.20144075757521485
2025-11-19 08:00:00,31,0.4738339316503204,0.1668779897337239,-0.3568417238992511,-0.042700259969906895,0.6344333320047042
2025-11-19 12:00:00,31,-0.5943856684618591,-0.4542617193797431,-0.26408419718634335,-0.29025670204984966,0.4738339316503204
2025-11-19 16:00:00,31,1.4257956331361985,0.2714134341545238,0.35288826892506225,0.020282479463042513,-0.5943856684618591
2025-11-19 20:00:00,31,-1.4797594224315738,-1.0235552102288055,-0.8139094939209033,-0.7246301797949624,1.4257956331361985
2025-11-20 00:00:00,31,0.9378923798021024,-0.09054250103946578,0.8642543104764837,0.04847607807803911,-1.4797594224315738
2025-11-20 04:00:00,31,-0.3797112063645596,-1.0209759384053079,-0.5321108137602855,-0.44152956543725796,0.9378923798021024
2025-11-20 08:00:00,31,0.38649231721333344,-0.22554398760120953,0.22889856467567263,-0.24314791949202164,-0.3797112063645596
2025-11-20 12:00:00,31,-0.5535317765037728,-0.5195690060860018,-0.21363822966460871,-0.4450723840556403,0.38649231721333344
2025-11-20 16:00:00,31,0.7459656509113195,-0.16914796930988857,0.3292922532097707,-0.1558774826010323,-0.5535317765037728
2025-11-20 20:00:00,31,-0.8326328329798631,-0.5055356674267214,-0.4212595363412919,-0.5456102351927914,0.7459656509113195
2025-11-21 00:00:00,31,0.014489617184077375,0.30649018725436716,0.49049287814706705,-0.11059786498636015,-0.8326328329798631
2025-11-21 04:00:00,31,0.29834564012932674,0.3119889652331651,0.0012196733480760412,-0.11816802372255975,0.014489617184077375
2025-11-21 08:00:00,31,0.6593793799476533,-0.12454941100044402,-0.16272728145289816,-0.2740399025541169,0.29834564012932674
2025-11-21 12:00:00,31,-0.7824454869314685,-0.263727830269751,-0.3712498331658086,-0.6185353098631543,0.6593793799476533
2025-11-21 16:00:00,31,0.7690949944539831,-0.2568899054354876,0.46150613173667276,-0.2097435203186082,-0.7824454869314685
2025-11-21 20:00:00,31,-0.7110205175462312,-0.7815173062052135,-0.4346183701649331,-0.6115602914084173,0.7690949944539831
2025-11-22 00:00:00,31,0.0843110827730662,-0.4004115568809597,0.42025315388557005,-0.24008476419885127,-0.7110205175462312
2025-11-24 04:00:00,31,-0.5662928265148359,-0.5769414348695646,-0.03910716750695717,-0.2841334282666894,0.0843110827730662
2025-11-24 08:00:00,31,-0.17638977507337472,0.2107977809257485,0.33666266327776584,0.011728535056915845,-0.5662928265148359
2025-11-24 12:00:00,31,-0.4500122136465521,0.39969406852401357,0.11146603969312266,0.10388408201059196,-0.17638977507337472
2025-11-24 16:00:00,31,0.6742145851370331,0.6205504747001543,0.26950237481764333,0.33899477177240644,-0.4500122136465521
2025-11-24 20:00:00,31,0.2757496670829891,-0.45453465906501683,-0.37981821473266925,-0.013251348115229433,0.6742145851370331
2025-11-25 00:00:00,31,-0.20573427130506694,-0.274300088860727,-0.14967650686205394,-0.15731787000832664,0.2757496670829891
2025-11-25 04:00:00,31,-0.3660555051574548,0.2472897267965947,0.1284145643269739,-0.049831173053542344,-0.20573427130506694
2025-11-25 08:00:00,31,0.694735720161642,0.47139779219239264,0.22101143018633806,0.14141599690943707,-0.3660555051574548
2025-11-25 12:00:00,31,0.13563604857219502,-0.06739427718965,-0.39167062343422127,-0.22155147245277185,0.694735720161642
2025-11-25 16:00:00,31,0.3335997728665401,-0.19492736277994804,-0.06875096988508864,-0.29241507119372123,0.13563604857219502
2025-11-25 20:00:00,31,-1.5539406418674062,-1.0342195520870403,-0.18308903966554765,-0.4667056133714045,0.3335997728665401
2025-11-26 00:00:00,31,-0.46426482795462043,0.949646338251489,0.9070992179184278,0.34515692075375526,-1.5539406418674062
2025-11-26 04:00:00,31,0.8846049503817959,1.1462880445666022,0.2777342688937866,0.587713946146609,-0.46426482795462043
2025-11-26 08:00:00,31,0.05386708047812583,0.42374191324700483,-0.5013335496670864,0.12554853431107382,0.8846049503817959
2025-11-26 12:00:00,31,0.3709559921386738,0.4355401827030537,-0.021523600258951107,0.09740546160635244,0.05386708047812583
2025-11-26 16:00:00,31,-0.2537029576019272,0.8252608014139107,-0.20466490171348836,-0.0964019874765798,0.3709559921386738
2025-11-26 20:00:00,31,-0.7058596203360672,-0.17188270276944406,0.1561198776142327,0.03614614243540171,-0.2537029576019272
2025-11-27 00:00:00,31,-0.5431001476126127,0.443941489976732,0.41727237027256764,0.4049253381542304,-0.7058596203360672
2025-11-27 04:00:00,31,0.4713364386131218,1.1484295975285261,0.3232672487988217,0.6886701931666179,-0.5431001476126127
2025-11-27 08:00:00,31,0.29828724418676344,0.6838146448473313,-0.2626417180948769,0.4424185763621793,0.4713364386131218
2025-11-27 12:00:00,31,-0.8967429269554401,0.5829498575778878,-0.16269355366070037,0.2865772067255259,0.29828724418676344
2025-11-27 16:00:00,31,-0.16881239580931862,1.4386597866872,0.527520997438823,0.7550841532083492,-0.8967429269554401
2025-11-27 20:00:00,31,0.6691450236894649,1.510904791172619,0.10708956656838767,0.8432808679096224,-0.16881239580931862
2025-11-28 04:00:00,31,-0.002371230615123565,0.7109670906044049,-0.3768901839905999,0.4936833607764486,0.6691450236894649
2025-11-28 08:00:00,31,1.342784563813165,0.6428824381463394,0.010958006970029455,0.4949222197420493,-0.002371230615123565
2025-11-28 16:00:00,31,-0.34947165277676007,-0.6954859927008323,-0.7659647228743895,-0.2066209727002546,1.342784563813165
2025-11-28 20:00:00,31,0.005277124579631476,-0.4303570958908285,0.21143308103428146,-0.024038103069345063,-0.34947165277676007
2025-11-29 00:00:00,31,0.12636807174660447,-0.4199202304879306,0.006540540219083818,-0.026795158016414966,0.005277124579631476
2025-12-01 04:00:00,31,0.2473114214908847,-0.1854798546566506,-0.06339805694719883,-0.0928166650138893,0.12636807174660447
2025-12-01 08:00:00,31,-0.8648211272471276,-0.19945804855134283,-0.13325140614961625,-0.22202551119504044,0.2473114214908847
2025-12-01 12:00:00,31,0.6830352844170733,0.3534592475931511,0.5090838975328826,0.22980376272631187,-0.8648211272471276
2025-12-01 16:00:00,31,0.8715264908532703,-0.2618335618882176,-0.3849127932135939,-0.12705076695337514,0.6830352844170733
2025-12-01 20:00:00,31,-1.7130333361408603,-1.3048809268093036,-0.49377981312508196,-0.582383285041745,0.8715264908532703
2025-12-02 00:00:00,31,1.3163940581565399,0.3331072152612182,0.9989865151706904,0.3125978666507043,-1.7130333361408603
2025-12-02 04:00:00,31,-2.1361805819637674,-0.6691826318026123,-0.7507223369874567,-0.3751575000394629,1.3163940581565399
2025-12-02 08:00:00,31,1.9336488445674487,1.163479357570965,1.2433840152317188,0.7408986309964902,-2.1361805819637674
2025-12-02 12:00:00,31,-0.7540914402116723,-0.48620076754741604,-1.1072306876589988,-0.2693439797973056,1.9336488445674487
2025-12-02 16:00:00,31,1.4171885883637358,-0.08815890910483466,0.44512966183562097,0.12463412407455277,-0.7540914402116723
2025-12-02 20:00:00,31,-1.6460911818203723,-1.6759958117572336,-0.8089383160482637,-0.6157817500476295,1.4171885883637358
2025-12-03 00:00:00,31,-0.17969041950657072,0.13063796855641308,0.9603226804745432,0.24422520405827797,-1.6460911818203723
2025-12-03 04:00:00,31,0.17182556655545156,0.17019148758936645,0.11337239559175247,0.3381051859624167,-0.17969041950657072
2025-12-03 08:00:00,31,-0.4459352000304868,0.2763949085202743,-0.08965297931757615,0.24833422809393468,0.17182556655545156
2025-12-03 12:00:00,31,1.2579328762246487,0.6667769315440565,0.2671476107365411,0.48131486570522153,-0.4459352000304868
2025-12-03 16:00:00,31,0.677488439267961,-0.4892077550508381,-0.7169568644343237,-0.17589722151055032,1.2579328762246487
2025-12-03 20:00:00,31,-1.259748528660344,-1.2781801160330184,-0.38170909733455693,-0.5298537796475493,0.677488439267961
2025-12-04 00:00:00,31,-0.5500450925978555,0.03352762989081719,0.737182439030617,0.12830690248093646,-1.259748528660344
2025-12-04 04:00:00,31,0.4621975881783893,0.5407420079451999,0.3272784463410717,0.415680171914806,-0.5500450925978555
2025-12-04 08:00:00,31,-0.411057138187255,0.4673289777486052,-0.257363384791923,0.17420318425193848,0.4621975881783893
2025-12-04 12:00:00,31,0.5810201934707617,0.5527608783054349,0.2470030600970049,0.388961638267209,-0.411057138187255
2025-12-04 16:00:00,31,-0.2735726944096921,-0.12131204152127172,-0.3259918538907099,0.08540530288351,0.5810201934707617
2025-12-04 20:00:00,31,-1.1886946139123395,0.0006870538737068317,0.16759605771613678,0.2283344566534975,-0.2735726944096921
2025-12-05 00:00:00,31,0.18826409409065725,1.0235955632483502,0.696143771509124,0.8493727354336125,-1.1886946139123395
2025-12-05 04:00:00,31,0.6237998662534583,1.22166864512329,-0.09914739308003759,0.7510134027826938,0.18826409409065725
2025-12-05 08:00:00,31,-0.5863578969228875,0.5244018288713577,-0.3507001444083221,0.42510665540856696,0.6237998662534583
2025-12-05 12:00:00,31,-0.44030454655213447,1.065946091253739,0.34825166236658106,0.7314516954147567,-0.5863578969228875
2025-12-05 16:00:00,31,3.6615852838551266,1.327405801270218,0.2638955096123968,0.9614905754848921,-0.44030454655213447
2025-12-05 20:00:00,31,-3.3136599440368535,-1.9546084236465948,-2.1052363469065205,-0.9515193731407185,3.6615852838551266
2025-12-06 00:00:00,31,0.5865562105087356,1.4009801235724832,1.92346173121561,0.7797155832742675,-3.3136599440368535
2025-12-08 04:00:00,31,-0.25547340306959043,0.4011778686972993,-0.3291892957687608,0.47326693353806615,0.5865562105087356
2025-12-08 08:00:00,31,-0.4571938812863223,1.0163344327945991,0.15714243524768678,0.606740039800612,-0.25547340306959043
2025-12-08 12:00:00,31,1.1934382286797565,1.2885897735295815,0.2736502964566361,0.8456028206862296,-0.4571938812863223
2025-12-08 16:00:00,31,1.4029081835704265,0.2775775759678024,-0.6797066382237399,0.2220862213047825,1.1934382286797565
2025-12-08 20:00:00,31,-2.361976603339384,-1.1506352872074264,-0.8006903709988824,-0.5108687979356477,1.4029081835704265
2025-12-09 00:00:00,31,-0.03818079413343334,0.8259575207941532,1.3737972075487557,0.7231553720140003,-2.361976603339384
2025-12-09 04:00:00,31,0.2367459906110838,1.0647680096048264,0.031640565792152214,0.7431030813697639,-0.03818079413343334
2025-12-09 08:00:00,31,0.7393785327216698,1.0514618916047387,-0.1271491216149047,0.6194141870175907,0.2367459906110838
2025-12-09 12:00:00,31,-0.7571716132393842,0.2646565490976968,-0.4174550091133617,0.23312290079973774,0.7393785327216698
2025-12-09 16:00:00,31,1.7394986391538207,0.8551896042700887,0.4469086798846791,0.6287102534501194,-0.7571716132393842
2025-12-09 20:00:00,31,-2.063283848102154,-0.9826494582203381,-0.9950951950903333,-0.2800978021739198,1.7394986391538207
2025-12-10 00:00:00,31,0.13276655237024926,1.2548310100728504,1.2012809891710257,0.7978731372608818,-2.063283848102154
2025-12-10 04:00:00,31,0.4874992632527455,1.1366787617464948,-0.06709363262220197,0.7285087183440568,0.13276655237024926
2025-12-10 08:00:00,31,-1.1102342673448362,0.7214570704728648,-0.2719768939109615,0.4738127688431142,0.4874992632527455
2025-12-10 12:00:00,31,0.8157385241466297,1.7441849675286325,0.6508273651179433,1.0538591242019573,-1.1102342673448362
2025-12-10 16:00:00,31,0.5914403557459664,0.4733523410410684,-0.4615583116709593,0.6276732535490472,0.8157385241466297
2025-12-10 20:00:00,31,2.256503958737211,-0.06450041225833704,-0.33201023551892467,0.318672862502722,0.5914403557459664
2025-12-11 00:00:00,31,-2.0638571673041053,-2.138938082432125,-1.2937023794020441,-0.8602467003464254,2.256503958737211
2025-12-11 04:00:00,31,-0.22765647008721324,0.4607652817914698,1.201612121610329,0.2180237720097873,-2.0638571673041053
2025-12-11 08:00:00,31,-0.7352004780961714,0.35169758757325936,0.14107618656624465,0.33696380983059093,-0.22765647008721324
2025-12-11 12:00:00,31,0.9469028327282629,0.873624957349896,0.4342187934314148,0.7210722546164234,-0.7352004780961714
2025-12-11 16:00:00,31,1.098447387774204,-0.00934801521529248,-0.5373149884094401,0.22635906375397852,0.9469028327282629
2025-12-11 20:00:00,31,-0.6398699118873115,-1.6344306598454197,-0.6248427007287339,-0.3475291889979699,1.098447387774204
2025-12-12 00:00:00,31,-0.36387662519664765,-0.9552540851684296,0.3791586405157593,-0.013226581691814232,-0.6398699118873115
2025-12-12 04:00:00,31,-0.9136590475692117,-0.4300952148775419,0.2197529727093935,0.17688222367802986,-0.36387662519664765
2025-12-12 08:00:00,31,0.6576548405670088,0.7974534244961974,0.537291255025391,0.6542270653667854,-0.9136590475692117
2025-12-12 12:00:00,31,0.469061349591664,0.20843845112309564,-0.3702537895484937,0.3106326505886381,0.6576548405670088
2025-12-12 16:00:00,31,2.391440030800455,-0.06068571624811368,-0.2613276930722651,0.06556966318776603,0.469061349591664
2025-12-12 20:00:00,31,-2.8377497595085206,-2.177713400091626,-1.3716375166523842,-1.183847792861802,2.391440030800455
2025-12-13 00:00:00,31,-0.6220484449205141,0.6858399486891433,1.6485898975915643,0.2987459748120038,-2.8377497595085206
2025-12-15 04:00:00,32,0.32191363512070126,0.5112205340310424,0.3429586042672005,0.8008454655536879,-0.6220484449205141
2025-12-15 08:00:00,32,-0.7254944716497764,0.5991778344995429,-0.1874335834199283,0.6120863969677819,0.32191363512070126
2025-12-15 12:00:00,32,0.9252953429553141,1.17935129360967,0.4010827234289353,1.0374913683399614,-0.7254944716497764
2025-12-15 16:00:00,32,0.9450594244029293,0.5201221862958285,-0.5264609138555143,0.4949300473892828,0.9252953429553141
2025-12-15 20:00:00,32,-1.3186032119783437,-0.23367009078378256,-0.5375659302733027,-0.059220250226236004,0.9450594244029293
2025-12-16 00:00:00,32,0.2732696576274911,0.6569289454276046,0.734337892222888,0.7139632591771266,-1.3186032119783437
2025-12-16 04:00:00,32,1.2196741418960144,0.5183573102124756,-0.16010156851600263,0.5537273436427812,0.2732696576274911
2025-12-16 08:00:00,32,-1.2540970174794293,-0.18376315572568974,-0.6918660911186203,-0.16144756628697277,1.2196741418960144
2025-12-16 12:00:00,32,0.07765903698316379,0.5959630236108375,0.6980932354267624,0.5739117323243521,-1.2540970174794293
2025-12-16 16:00:00,32,0.7103813858375254,0.3601855415246247,-0.05019212701189914,0.5283751476974716,0.07765903698316379
2025-12-16 20:00:00,32,-0.9394681656860584,-0.09992701514774104,-0.4057053387213684,0.111831969334804,0.7103813858375254
2025-12-17 00:00:00,32,-0.09271778027513022,0.51808028977651,0.5213099847638871,0.6627037454076623,-0.9394681656860584
2025-12-17 04:00:00,32,0.31280464967484,0.7029999564876157,0.045538977814738736,0.7170702584617752,-0.09271778027513022
2025-12-17 08:00:00,32,-0.156731914730047,0.52573099122971,-0.18231543850670295,0.5336523852181498,0.31280464967484
2025-12-17 12:00:00,32,1.146802614884555,0.6098975771337507,0.08150715655234107,0.6255545820015707,-0.156731914730047
2025-12-17 16:00:00,32,-0.39098771030019996,-0.3120870697959679,-0.6509211321537198,-0.046890974261760476,1.146802614884555
2025-12-17 20:00:00,32,-0.59482765984216,-0.3900420906809624,0.2131304987584362,0.18237075302459704,-0.39098771030019996
2025-12-18 00:00:00,32,-0.5447260937324128,0.24443770440415416,0.3276638248967845,0.5311572062571281,-0.59482765984216
2025-12-18 04:00:00,32,-0.1439826759463152,0.6895036068376932,0.29951282199385015,0.850565826674269,-0.5447260937324128
2025-12-18 08:00:00,32,-0.5942846782465168,0.7606617207028648,0.07434363082093261,0.9349923089322898,-0.1439826759463152
2025-12-18 12:00:00,32,1.959032053880943,1.1268525761626098,0.32735873510295027,1.2834603764580015,-0.5942846782465168
2025-12-18 16:00:00,32,1.9425286717093115,-0.40510022278162605,-1.107295554560999,0.1347514512152026,1.959032053880943
2025-12-18 20:00:00,32,-2.5651250959505507,-1.5954064685049065,-1.098022655617997,-1.0042804591162309,1.9425286717093115
2025-12-19 00:00:00,32,0.34913391579206987,0.13984716356562965,1.4347319896330648,0.49982055150549787,-2.5651250959505507
2025-12-19 04:00:00,32,-0.5535981995642825,0.11578446587633603,-0.20272807937480236,0.2951004478293937,0.34913391579206987
2025-12-19 08:00:00,32,-0.9369010687577912,0.26226875559562557,0.30449786929718214,0.6197113655415558,-0.5535981995642825
2025-12-19 12:00:00,32,0.41876634235471677,0.8879143852218805,0.5198675876755114,1.1690778843892344,-0.9369010687577912
2025-12-19 16:00:00,32,1.0891119307747292,0.7441254670917188,-0.24185305678587915,0.9235277239918185,0.41876634235471677
2025-12-19 20:00:00,32,-0.7125794036929083,-0.12265543992825165,-0.6185059654842691,0.28490999796180727,1.0891119307747292
2025-12-20 00:00:00,32,0.6414848398411479,0.44854768739349193,0.39382602181707377,0.7027420182927928,-0.7125794036929083
2025-12-22 04:00:00,32,-1.021400777497238,-0.12689647920533562,-0.366993836927239,0.3265974016318891,0.6414848398411479
2025-12-22 08:00:00,32,1.1132900162040222,0.815093699864316,0.5673461742891639,0.9255116394243013,-1.021400777497238
2025-12-22 12:00:00,32,-0.18196286002510753,-0.11743386402345239,-0.6320911167271759,0.272716716817599,1.1132900162040222
2025-12-22 16:00:00,32,0.09749551318703809,0.10702370512103127,0.09568388732936246,0.37941347094138234,-0.18196286002510753
2025-12-22 20:00:00,32,-0.31970087419942317,-0.038176193141672976,-0.06133782050132107,0.32224545985794517,0.09749551318703809
2025-12-23 00:00:00,32,0.9123147563391623,0.26853193606105674,0.17307594386452146,0.5097070416494587,-0.31970087419942317
2025-12-23 04:00:00,32,-0.9239292649194653,-0.25480537752740184,-0.5191673987044583,-0.025242910374752903,0.9123147563391623
2025-12-23 08:00:00,32,-0.10563906841377424,0.3760616797053181,0.5125790073802547,0.5165173894648882,-0.9239292649194653
2025-12-23 12:00:00,32,0.8211601090247083,0.4737011743540869,0.05279917441425883,0.578460500860559,-0.10563906841377424
2025-12-23 16:00:00,32,0.3702240266390113,-0.10006616503817412,-0.4679495438465058,0.09696049455828515,0.8211601090247083
2025-12-23 20:00:00,32,-0.6439004490528486,-0.5428688559707442,-0.21457816346947797,-0.12012612375255838,0.3702240266390113
2025-12-24 00:00:00,32,0.6020576593391489,-0.09149810199642264,0.3552367799716642,0.257434922953931,-0.6439004490528486
2025-12-24 04:00:00,32,0.8648099971805951,-0.3312207887861287,-0.34484054394763386,-0.0955909529747423,0.6020576593391489
2025-12-24 08:00:00,32,-1.5569849224755323,-0.80776930208636,-0.4924754863189921,-0.6026857503429337,0.8648099971805951
2025-12-24 12:00:00,32,-0.11325200949293013,0.23485578264220808,0.8682794981501973,0.31027658397566693,-1.5569849224755323
2025-12-24 16:00:00,32,1.3464761540940273,0.3477392389069057,0.05707672386151036,0.376683661822347,-0.11325200949293013
2025-12-24 20:00:00,32,-0.8123432510900805,-0.6509867098502775,-0.7631134410650267,-0.4128435808638038,1.3464761540940273
2025-12-26 04:00:00,32,-0.36466981346836747,-0.2298791514717091,0.44988120283743926,0.06348652360759388,-0.8123432510900805
2025-12-26 08:00:00,32,-0.35423544251994343,-0.002635979082086057,0.19834303306346854,0.27731634260819593,-0.36466981346836747
2025-12-26 12:00:00,32,-0.15813130871503311,0.28130754851188666,0.19248018226523306,0.48502780585550465,-0.35423544251994343
2025-12-26 16:00:00,32,1.184463762274392,0.5757856680371295,0.08229344622734644,0.5777505590751018,-0.15813130871503311
2025-12-26 20:00:00,32,-0.4240508297213186,-0.4365455183231284,-0.6720821287416665,-0.11677819692755342,1.184463762274392
2025-12-27 00:00:00,32,1.6676270431037459,0.19443119744816154,0.23170796136240246,0.13187060485825786,-0.4240508297213186
2025-12-29 04:00:00,32,-2.426084014246644,-1.1932104257544036,-0.9435612855293867,-0.8459684583641085,1.6676270431037459
2025-12-29 08:00:00,32,1.463610953978149,0.42945888406058086,1.3566077672065666,0.5766036506695729,-2.426084014246644
2025-12-29 12:00:00,32,0.5270985094202612,-0.484298856100029,-0.8289289903105226,-0.2816074044212096,1.463610953978149
2025-12-29 16:00:00,32,0.3164488219785717,-0.7038892539797197,-0.3027225941345329,-0.5906798165105052,0.5270985094202612
2025-12-29 20:00:00,32,-2.1515115190525727,-0.98781356567002,-0.1843630213083349,-0.776234506883859,0.3164488219785717
2025-12-30 00:00:00,32,1.1729050347774344,0.6178312880709225,1.202331330171788,0.4853377475375469,-2.1515115190525727
2025-12-30 04:00:00,32,-0.7958750647192137,-0.08648481607001712,-0.6655875259460509,-0.20241336875579208,1.1729050347774344
2025-12-30 08:00:00,32,0.8630547390681524,0.3270989355592856,0.44062807966526474,0.26426035840962836,-0.7958750647192137
2025-12-30 12:00:00,32,-0.17403684118333196,-0.24181199279506946,-0.491489244170183,-0.2418052160543871,0.8630547390681524
2025-12-30 16:00:00,32,0.3023939145619323,-0.06179491787359589,0.0912304261554187,-0.13975600639887897,-0.17403684118333196
2025-12-30 20:00:00,32,-0.593343168100823,-0.519162967220582,-0.1764658681810335,-0.31706938312911515,0.3023939145619323
2025-12-31 00:00:00,32,0.5918064707563779,0.06275211041215395,0.32682972060495014,0.030846615273775413,-0.593343168100823
2025-12-31 04:00:00,32,1.3056330529944145,-0.2920264378900649,-0.3390806194191276,-0.31616831673182766,0.5918064707563779
2025-12-31 08:00:00,32,-1.0841321148259713,-0.9969078633015017,-0.7401645724587746,-1.0817465716131203,1.3056330529944145
2025-12-31 12:00:00,32,-0.037234572677036226,-0.28778809867228217,0.6025935766433701,-0.44604883814529117,-1.0841321148259713
2025-12-31 16:00:00,32,-0.3105860546446291,-0.2560082041830276,0.014364145181030272,-0.4242157671258653,-0.037234572677036226
2025-12-31 20:00:00,32,-0.7923735540791785,-0.1792393478315284,0.16795452088974522,-0.24209880159717656,-0.3105860546446291
2026-01-01 00:00:00,32,0.19406994628147523,0.39840402242755835,0.4386606554139676,0.22252176032468807,-0.7923735540791785
2026-01-02 04:00:00,32,-0.49364524008528043,0.1098245266606049,-0.11560093755509752,0.10872582780113138,0.19406994628147523
2026-01-02 08:00:00,32,-0.14354100364977818,0.5691406751785573,0.27081157828113067,0.39818239491866425,-0.49364524008528043
2026-01-02 12:00:00,32,1.49727246550297,0.5638105004443974,0.07409546456451811,0.48234989575365983,-0.14354100364977818
2026-01-02 16:00:00,32,-0.29275607249446445,-0.3405907845989621,-0.8478426766926341,-0.3955991103569243,1.49727246550297
2026-01-02 20:00:00,32,-0.6227127378314048,-0.41884342572228306,0.15793623367355178,-0.22393703227749295,-0.29275607249446445
2026-01-03 00:00:00,32,1.6124613528803753,0.14276192547504823,0.3433318563053088,0.1412002702961095,-0.6227127378314048
2026-01-05 04:00:00,32,-1.216360134514117,-1.1355936365489543,-0.912564859145854,-0.8042915321444699,1.6124613528803753
2026-01-05 08:00:00,32,-1.4470968603010554,-0.08039183522614604,0.6768896846320196,-0.09105984200551287,-1.216360134514117
2026-01-05 12:00:00,32,1.7881302212309276,0.8529117253653467,0.8065357364782506,0.7574679173160179,-1.4470968603010554
2026-01-05 16:00:00,32,-0.4767390458853491,-0.29122210034706575,-1.0112694547678556,-0.2910300593021722,1.7881302212309276
2026-01-05 20:00:00,32,-0.47744950088977234,-0.17695462567719053,0.26131234783876633,-0.011486702196124021,-0.4767390458853491
2026-01-06 00:00:00,32,0.27186281973615145,0.14010644601700945,0.26171153737404185,0.2684732412556903,-0.47744950088977234
2026-01-06 04:00:00,32,-0.11259984828428315,0.056747582310254646,-0.15931109626856213,0.10906224700782907,0.27186281973615145
2026-01-06 08:00:00,32,0.1953580123663432,0.22457001289253678,0.05671028836850428,0.17508691998288572,-0.11259984828428315
2026-01-06 12:00:00,32,-0.9120124265046563,0.034257829893635613,-0.11632467445415695,0.06053570986953094,0.1953580123663432
2026-01-06 16:00:00,32,0.8444451499478358,0.5949737688019362,0.5058831896871663,0.5953083860913511,-0.9120124265046563
2026-01-06 20:00:00,32,-1.0223481983447211,-0.06948848642885838,-0.48103291240201246,0.10015483375339418,0.8444451499478358
2026-01-07 00:00:00,32,1.5067918588848563,0.5715751851472558,0.5678785098846098,0.6996246065005876,-1.0223481983447211
2026-01-07 04:00:00,32,-0.6542348191345262,-0.38724019187056047,-0.8531914210839902,-0.18390624403107658,1.5067918588848563
2026-01-07 08:00:00,32,-0.494123303146214,0.24897899838748286,0.3610434424127551,0.1997145213645828,-0.6542348191345262
2026-01-07 12:00:00,32,0.9260130707983354,0.47909797567822343,0.2710801917329866,0.4894514081960457,-0.494123303146214
2026-01-07 16:00:00,32,0.5745566020938728,-0.08655095192930298,-0.5268641898438966,-0.05353076364246867,0.9260130707983354
2026-01-07 20:00:00,32,-2.034124829728805,-0.5703980327488454,-0.3293882856160343,-0.3904309667682506,0.5745566020938728
2026-01-08 00:00:00,32,0.7740478163632538,0.8551747578713781,1.1363742496150522,0.8023097759564566,-2.034124829728805
2026-01-08 04:00:00,32,-0.32962489298656195,0.3644597532206082,-0.44147815002677304,0.34843479547326073,0.7740478163632538
2026-01-08 08:00:00,32,0.6525051201662713,0.544617013040767,0.17865203865312662,0.5417154800877642,-0.32962489298656195
2026-01-08 12:00:00,32,0.7020491577302241,0.05338617788979208,-0.3731858977251817,0.15910895059441277,0.6525051201662713
2026-01-08 16:00:00,32,-0.2731039860085751,-0.3188027890401217,-0.4010236372128218,-0.25254849617695463,0.7020491577302241
2026-01-08 20:00:00,32,-0.4828430161399364,-0.3095665418731012,0.14689414483941937,-0.09240972477403364,-0.2731039860085751
2026-01-09 00:00:00,32,-0.49288266334203357,0.08061166464771385,0.2647420387186864,0.19071279026206067,-0.4828430161399364
2026-01-09 04:00:00,32,-1.2102078722199163,0.3578524891685815,0.27038310265093124,0.47972220864130843,-0.49288266334203357
2026-01-09 08:00:00,32,0.9761021056898223,1.2878783745294298,0.6734328594835945,1.1893464240614202,-1.2102078722199163
2026-01-09 12:00:00,32,0.749361880524356,0.5899811295154631,-0.5550081517221881,0.6169937672823123,0.9761021056898223
2026-01-09 16:00:00,32,0.799829947232654,0.2196652051812086,-0.42760764845522115,0.17759376936509153,0.749361880524356
2026-01-09 20:00:00,32,-1.0172183032957207,-0.6610711144031165,-0.4559645802385247,-0.2913989646958397,0.799829947232654
2026-01-10 00:00:00,32,1.6623242099075046,0.17061080133037618,0.5649961311162528,0.30506281427367643,-1.0172183032957207
2026-01-12 04:00:00,33,-1.2815240108963089,-0.7800879905211996,-0.7544762956071656,-1.0449182447876684,1.6623242099075046
2026-01-12 08:00:00,33,-0.5645718373509929,0.06160249187170138,0.5945134743614318,-0.13539710909389058,-1.2815240108963089
2026-01-12 12:00:00,33,1.322942215996843,0.444011073750151,0.2659771249550417,0.2652898966291293,-0.5645718373509929
2026-01-12 16:00:00,33,0.03994323716980652,-0.2959670095824795,-0.5989578029547082,-0.67362650019213,1.322942215996843
2026-01-12 20:00:00,33,-0.9407650463386172,-0.8041407078977075,-0.011036019118566782,-0.7019749494799115,0.03994323716980652
2026-01-13 00:00:00,33,0.9694049751748626,0.06350712883646525,0.4383639983236004,-0.03429671162273529,-0.9407650463386172
2026-01-13 04:00:00,33,-1.5220217853713311,-0.5134230775035279,-0.4369528062971175,-0.7223012331701515,0.9694049751748626
2026-01-13 08:00:00,33,0.30776329426913485,0.4800599125488056,0.7047192367286352,0.3579055916816163,-1.5220217853713311
2026-01-13 12:00:00,33,0.6152751191007013,0.2935810018789262,-0.13376195134096605,0.13948032727104653,0.30776329426913485
2026-01-13 16:00:00,33,0.5839165721218045,0.12047693423346263,-0.2746762494731196,-0.297191729070061,0.6152751191007013
2026-01-13 20:00:00,33,-1.375480422177091,-1.004987417681526,-0.26030650079631423,-0.7116080484765117,0.5839165721218045
2026-01-14 00:00:00,33,-0.10912057324733837,0.1990179314591605,0.6375680845634922,0.2645956785438539,-1.375480422177091
2026-01-14 04:00:00,33,0.9526636212202426,-0.12741860584391856,0.057271019914295035,0.3420405542259424,-0.10912057324733837
2026-01-14 08:00:00,33,-0.6103338075879847,-0.353556471226408,-0.42928124393170486,-0.33408232083464107,0.9526636212202426
2026-01-14 12:00:00,33,-0.25449319236776446,0.2578119056355889,0.28694710203030455,0.09908279594025338,-0.6103338075879847
2026-01-14 16:00:00,33,0.9288733992410805,0.3713201839846544,0.123886606492821,0.27970129031147906,-0.25449319236776446
2026-01-14 20:00:00,33,-0.4497096087000383,-0.7579265610752107,-0.4183796064599167,-0.37953722711794136,0.9288733992410805
2026-01-15 00:00:00,33,0.4680530332853703,-0.44618558481306675,0.21334262759511208,-0.06037005540713558,-0.4497096087000383
2026-01-15 04:00:00,33,-0.08119657907118061,-0.5805664419820971,-0.20721316279805568,-0.3925558925658841,0.4680530332853703
2026-01-15 08:00:00,33,-1.4246211546854326,-0.39467506815087144,0.044475121601978515,-0.33492918859206,-0.08119657907118061
2026-01-15 12:00:00,33,1.2935168945355198,0.7709114019053757,0.6600863465357129,0.6761506191414188,-1.4246211546854326
2026-01-15 16:00:00,33,-0.4224060269709238,-0.4232718253900923,-0.5854739360390002,-0.24188208641373876,1.2935168945355198
2026-01-15 20:00:00,33,-0.5003445068536738,-0.2813972178773952,0.20083102724296487,0.057907231701173956,-0.4224060269709238
2026-01-16 00:00:00,33,-0.3586518236946521,0.2741842679868749,0.23654557641901758,0.4130109209355357,-0.5003445068536738
2026-01-16 04:00:00,33,0.36420658104625936,0.6944938367201702,0.17161628464706236,0.6675527096432301,-0.3586518236946521
2026-01-16 08:00:00,33,0.6283376733790096,0.44175959931360054,-0.15962653766972537,0.40906860758675734,0.36420658104625936
2026-01-16 12:00:00,33,0.25108624274719205,0.30777507840449186,-0.28066203772353626,-0.03687418352112104,0.6283376733790096
2026-01-16 16:00:00,33,2.081971955438206,0.17828046699068154,-0.10779024459509057,-0.21507470315148502,0.25108624274719205
2026-01-16 20:00:00,33,-2.3632193479978643,-2.184320503763934,-0.9467757870383945,-1.6926884515418514,2.081971955438206
2026-01-17 00:00:00,33,2.3915653141518423,-0.1769130995090125,1.0901898253569666,-0.015468261354998347,-2.3632193479978643
2026-01-19 04:00:00,33,-2.9533401228326834,-1.8266016679991575,-1.088643927794944,-1.7128061045155736,2.3915653141518423
2026-01-19 08:00:00,33,0.12520007998544536,0.7674028925983346,1.3606069218201626,0.38323364173161956,-2.9533401228326834
2026-01-19 12:00:00,33,-0.5144550032738628,0.7557672825976199,-0.05010413681748606,0.29437684469223235,0.12520007998544536
2026-01-19 16:00:00,33,-0.6238655401550623,1.0534300549489823,0.24301157394752335,0.6594950124850705,-0.5144550032738628
2026-01-19 20:00:00,33,1.3645084204868674,1.4722341588810668,0.29314788666109454,1.1022638484783869,-0.6238655401550623
2026-01-20 04:00:00,33,-0.20822304974525352,0.27115002692487256,-0.6180051112490724,0.13384715264376368,1.3645084204868674
2026-01-20 08:00:00,33,0.129742479110746,0.5678224883641197,0.10268376437220648,0.28162687668456954,-0.20822304974525352
2026-01-20 12:00:00,33,0.0066577066189807965,0.829675437951015,-0.05218564696731019,0.18954625552945004,0.129742479110746
2026-01-20 16:00:00,33,1.1005687878956678,0.43089683629232994,0.004216751008549598,0.1848211588213715,0.0066577066189807965
2026-01-20 20:00:00,33,-1.304279105198603,-0.4809734687554657,-0.4970573457567404,-0.5962727304580735,1.1005687878956678
2026-01-21 00:00:00,33,1.6816028805645704,0.457046735565022,0.604940774658892,0.32939811373641703,-1.304279105198603
2026-01-21 04:00:00,33,-1.345201856177633,-0.8958908914220949,-0.763310558634447,-0.8640663463225895,1.6816028805645704
2026-01-21 08:00:00,33,1.5864458071749041,0.2649165300207189,0.6236932266499837,0.09064812610648332,-1.345201856177633
2026-01-21 12:00:00,33,-0.17912230153378772,-0.9867551377467837,-0.7197057567171251,-1.0352816106677576,1.5864458071749041
2026-01-21 16:00:00,33,0.4060882020536223,-1.0171850390516852,0.08934862998644648,-0.908155222294317,-0.17912230153378772
2026-01-21 20:00:00,33,0.8497696049657559,-1.444652348858096,-0.17881838251056023,-1.1963634802615868,0.4060882020536223
2026-01-22 00:00:00,33,-1.275129086850301,-2.299709755288044,-0.3821310633152649,-1.7994605815370806,0.8497696049657559
2026-01-22 04:00:00,33,-0.7404119848459327,-1.0742469043732026,0.5915830627128871,-0.8944780409312969,-1.275129086850301
2026-01-22 08:00:00,33,-0.4303655028206581,-0.2671925028236503,0.34655415961468666,-0.368994051858504,-0.7404119848459327
2026-01-22 12:00:00,33,0.3040142083380655,0.28986962233576213,0.20447837951463596,-0.06355574749532522,-0.4303655028206581
2026-01-22 16:00:00,33,0.02658258544529346,0.01537099715372115,-0.1320439692344141,-0.27932021673947993,0.3040142083380655
2026-01-22 20:00:00,33,-0.005122873162967778,-0.036374220303195794,-0.0049136306173144465,-0.2981863660260391,0.02658258544529346
2026-01-23 00:00:00,33,0.7083677946083906,-0.03444309548998619,0.009615086934240855,-0.29455056882085273,-0.005122873162967778
2026-01-23 04:00:00,33,-1.453509757123646,-0.4005965857895936,-0.3173350611711593,-0.7972922073411546,0.7083677946083906
2026-01-23 08:00:00,33,1.536568146596922,0.4056915472229402,0.6733242671874776,0.23429037230670424,-1.453509757123646
2026-01-23 12:00:00,33,-1.0698113419481867,-0.3849530554895315,-0.6968498046357057,-0.8562402723639817,1.536568146596922
2026-01-23 16:00:00,33,0.9606664190543093,0.2971586958256283,0.497498206194589,-0.09697550757329765,-1.0698113419481867
2026-01-23 20:00:00,33,-0.8269023811677982,-0.9320488094850301,-0.4329484480806793,-0.7787781152903737,0.9606664190543093
2026-01-24 00:00:00,33,1.3652019012433527,-0.04440378308351047,0.3861875411912913,-0.1919103028787994,-0.8269023811677982
2026-01-26 04:00:00,33,-1.093257007292321,-1.7105080543151758,-0.6183228920502556,-1.1608191747474716,1.3652019012433527
2026-01-26 08:00:00,33,0.38936703258957905,-0.85295335827347,0.508241953944841,-0.3849145904999691,-1.093257007292321
2026-01-26 12:00:00,33,-1.8143024637902023,-1.0228868286510284,-0.17115606949132903,-0.6612555272842151,0.38936703258957905
2026-01-26 16:00:00,33,2.560251993155907,0.5246919046694919,0.8386540103899214,0.6263882650504744,-1.8143024637902023
2026-01-26 20:00:00,33,0.3631503922792696,-1.8272867948020548,-1.165942955203472,-1.1906696134427843,2.560251993155907
2026-01-27 00:00:00,33,0.04582973063416951,-1.9687490524147884,-0.15914254945601378,-1.4484041189261987,0.3631503922792696
2026-01-27 04:00:00,33,-1.6725475635935148,-1.8653285916223878,-0.013733447405900306,-1.4809303207768973,0.04582973063416951
2026-01-27 08:00:00,33,-0.6044478735632524,-0.31960746313318583,0.7736962082665371,-0.29389258554360964,-1.6725475635935148
2026-01-27 12:00:00,33,0.7058013370471876,0.2210888481474588,0.2842499301007321,0.13509517571295326,-0.6044478735632524
2026-01-27 16:00:00,33,0.7981468199126702,-0.3992896274025304,-0.3161590069946379,-0.36582500072319846,0.7058013370471876
2026-01-27 20:00:00,33,0.5035552469557345,-1.1354250402834078,-0.35847542494309176,-0.9322844629923654,0.7981468199126702
2026-01-28 00:00:00,33,-0.7174863343468818,-1.130583512294654,-0.22348170637109482,-1.2896668734673877,0.5035552469557345
2026-01-28 04:00:00,33,-1.2356162716750898,-0.8625393917312643,0.3360487036015194,-0.7804536397617383,-0.7174863343468818
2026-01-28 08:00:00,33,0.6730915784281599,-0.19496399787249372,0.5734767000691413,0.09648592995387695,-1.2356162716750898
2026-01-28 12:00:00,33,0.0019124282269338266,-0.9104338344626625,-0.301170078746441,-0.3812195298211023,0.6730915784281599
2026-01-28 16:00:00,33,1.0134914029479116,-1.1424345443259343,0.006391228606031347,-0.3825768152703848,0.0019124282269338266
2026-01-28 20:00:00,33,0.6603864580339387,-2.319793144032064,-0.4571549823604147,-1.101870284598638,1.0134914029479116
2026-01-29 00:00:00,33,0.7897770811063083,-2.5958783299448016,-0.2953480810914994,-1.5705586870014372,0.6603864580339387
2026-01-29 04:00:00,33,-1.6725382417628456,-2.8672380968127604,-0.35464007366808326,-2.1310779918643465,0.7897770811063083
2026-01-29 08:00:00,33,0.8283535657965757,-1.4087056348867926,0.7736919366284407,-0.9440468725055524,-1.6725382417628456
2026-01-29 12:00:00,33,-0.42923439367108607,-2.0801607687576094,-0.37231737198827713,-1.5319446173104687,0.8283535657965757
2026-01-29 16:00:00,33,3.3457208618013503,-1.2264342149745593,0.20396005976543574,-1.227309081892363,-0.42923439367108607
2026-01-29 20:00:00,33,-2.407431008458076,-5.340327363696382,-1.5258764126906896,-3.6018286477112085,3.3457208618013503
2026-01-30 00:00:00,33,1.2438647061347918,-2.7487351873689643,1.1104493880792137,-1.893230629804564,-2.407431008458076
2026-01-30 04:00:00,33,-0.5972982508287394,-4.214061186101348,-0.5627213043863919,-2.776024265002915,1.2438647061347918
2026-01-30 08:00:00,33,0.4979160314285167,-2.860333289570036,0.2809736851300048,-2.352110722359493,-0.5972982508287394
2026-01-30 12:00:00,33,-0.7160358686944228,-3.0910215609206646,-0.2208975907896238,-2.7054908779667723,0.4979160314285167
2026-01-30 16:00:00,33,0.40692378220563086,-2.2403035512072367,0.33538404184585197,-2.197307066383763,-0.7160358686944228
2026-01-30 20:00:00,33,0.6251650938962303,-3.253769109043374,-0.17920127897549434,-2.4861083509368456,0.40692378220563086
2026-01-31 00:00:00,33,0.9482341848003912,-2.9586063907822986,-0.27920823408093104,-2.929799504096686,0.6251650938962303
2026-02-02 04:00:00,33,-1.6003447147834287,-3.722219957225151,-0.4272514978412375,-3.6027787267490323,0.9482341848003912
2026-02-02 08:00:00,33,-0.012928306097233389,-1.80071760367968,0.7406099561564333,-2.4669846798834287,-1.6003447147834287
2026-02-02 12:00:00,33,0.02500980821161569,-0.7073149934992645,0.013191850540492685,-2.4578092235172786,-0.012928306097233389
2026-02-02 16:00:00,33,0.3915013638664142,-0.7933948952496582,-0.0041929207710399985,-2.475559143904805,0.02500980821161569
2026-02-02 20:00:00,33,-0.9101002163951506,-0.9761637929927139,-0.17213410600755558,-2.7534148548098223,0.3915013638664142
2026-02-03 00:00:00,33,0.5401388895655508,0.32387580881534606,0.424312138720503,-2.107500010161745,-0.9101002163951506
2026-02-03 04:00:00,33,-0.9940632401918901,0.21804454511738577,-0.24024580422100172,-2.490846503940226,0.5401388895655508
2026-02-03 08:00:00,33,-0.23355235876059588,1.2774836689767761,0.46278737645762535,-1.7853415586693107,-0.9940632401918901
2026-02-03 12:00:00,33,-0.835082958288984,1.4472120226068026,0.11429067348545567,-1.6195851586504553,-0.23355235876059588
2026-02-03 16:00:00,33,0.6602646539440951,2.26041291459331,0.3899362109667682,-1.0269114403560167,-0.835082958288984
2026-02-03 20:00:00,33,-0.14625270782280353,1.6851478694133653,-0.2952922655538714,-1.4955133961583744,0.6602646539440951
2026-02-04 00:00:00,33,0.48432081588789266,1.4041937896708132,0.07428645886437871,-1.3917151623474844,-0.14625270782280353
2026-02-04 04:00:00,33,-1.2693438144158389,1.3229115450336686,-0.2146677157046195,-1.7354465437036577,0.48432081588789266
2026-02-04 08:00:00,33,0.2755911964405886,2.2677696944834134,0.5889320179764708,-0.8345699172361591,-1.2693438144158389
2026-02-04 12:00:00,33,0.31695632265131657,2.1140128108029272,-0.11901940091243632,-1.0301620527268867,0.2755911964405886
2026-02-04 16:00:00,33,0.4454813110347988,1.5857550922355759,-0.13797456704409763,-1.255111778281794,0.31695632265131657
2026-02-04 20:00:00,33,-0.7690561012735433,0.9344763235887042,-0.19686989095699609,-1.5712780494539889,0.4454813110347988
2026-02-05 00:00:00,33,1.4599527544219502,1.611599266665164,0.3596800469337297,-1.0254648046804284,-0.7690561012735433
2026-02-05 04:00:00,33,0.5541752620257299,0.5387750326315963,-0.6617415475130104,-2.061620097886677,1.4599527544219502
2026-02-05 08:00:00,33,-0.6649237682918194,0.05355676748624922,-0.24667783516690436,-2.4549284630873514,0.5541752620257299
2026-02-05 12:00:00,33,-0.3733032540245045,0.6889325868791663,0.3119624197399768,-1.9830198482315238,-0.6649237682918194
2026-02-05 16:00:00,33,-0.17055320513310335,1.3370265459613462,0.1783301598702156,-1.7180796702312051,-0.3733032540245045
2026-02-05 20:00:00,33,-0.5954573689000959,1.1941726852812709,0.08542192503586259,-1.5970349270114657,-0.17055320513310335
2026-02-06 00:00:00,33,1.6940149913068243,1.619583470853236,0.28013011891897843,-1.1744278920949238,-0.5954573689000959
2026-02-06 04:00:00,33,-0.9180527334940844,0.10836689791279266,-0.7689982874707,-2.3767014551927064,1.6940149913068243
2026-02-06 08:00:00,33,-0.7494153865376969,1.1321894959782752,0.42795630221240777,-1.7251425630496566,-0.9180527334940844
2026-02-06 12:00:00,33,-0.06317300858679431,1.8545543118522259,0.3506798807341646,-1.1932686943786877,-0.7494153865376969
2026-02-06 16:00:00,33,-0.23134814882145882,1.8888195118253692,0.03621599600238959,-1.1484336495207543,-0.06317300858679431
2026-02-06 20:00:00,33,-1.0151179845063538,1.5959794023183078,0.11328061575294557,-0.9842416177931721,-0.23134814882145882
2026-02-07 00:00:00,33,1.8155328376560753,2.1477438217248124,0.4724355079369585,-0.2637937336480629,-1.0151179845063538
2026-02-09 04:00:00,34,-1.6432851512073476,-1.1199167384902124,-0.8308305655556225,-0.5441073685052062,1.8155328376560753
2026-02-09 08:00:00,34,0.30071211187850366,0.10917421643603432,0.7834529998808009,-0.0048030768196163365,-1.6432851512073476
2026-02-09 12:00:00,34,0.20750807434324514,-0.10469376931409612,-0.12384042901803681,-0.10349278528485861,0.30071211187850366
2026-02-09 16:00:00,34,0.19202172371755388,-0.30430419068410686,-0.08034067086079182,-0.17159417047080883,0.20750807434324514
2026-02-09 20:00:00,34,-0.7415931193044347,-0.47927967154311996,-0.07311295278365347,-0.23461314171974657,0.19202172371755388
2026-02-10 00:00:00,34,1.5611183005287224,0.045972387500750854,0.3626194570715254,0.008767839135304989,-0.7415931193044347
2026-02-10 04:00:00,34,-1.4042042282495633,-1.337738428339358,-0.7120913871960937,-0.5035703869391437,1.5611183005287224
2026-02-10 08:00:00,34,-0.5287649062992319,-0.1992624253370289,0.6718702551446589,-0.042729268681824806,-1.4042042282495633
2026-02-10 12:00:00,34,0.7544064375758275,0.4113454191921753,0.2632892559387396,0.13080432836333156,-0.5287649062992319
2026-02-10 16:00:00,34,0.4986387185877206,-0.21695787102642436,-0.3355865503991204,-0.11678181282522537,0.7544064375758275
2026-02-10 20:00:00,34,-1.331696172573885,-0.7101887907979171,-0.2162158212479931,-0.2804283964612928,0.4986387185877206
2026-02-11 00:00:00,34,0.5176734697599858,0.6596938349911617,0.6380296301057394,0.15661654401218783,-1.331696172573885
2026-02-11 04:00:00,34,-0.3088529664903845,0.40373725286360784,-0.22509963244837855,-0.013276991341800937,0.5176734697599858
2026-02-11 08:00:00,34,-0.5629038882065238,0.7515865279069247,0.16065297053150418,0.0880844371392584,-0.3088529664903845
2026-02-11 12:00:00,34,2.2003804343929776,1.2965543790791374,0.27922244398480445,0.2728219931825544,-0.5629038882065238
2026-02-11 16:00:00,34,-0.2377404169602162,-0.49055442276765054,-1.0104448594012003,-0.4493135477716539,2.2003804343929776
2026-02-11 20:00:00,34,-1.2446975969028067,-0.6199400012780546,0.1274636496789905,-0.3712903105510379,-0.2377404169602162
2026-02-12 00:00:00,34,0.2689831652439931,0.33345903410524286,0.5974260564645755,0.037202856546121765,-1.2446975969028067
2026-02-12 04:00:00,34,-0.42167255421796135,0.22550351234468247,-0.10903204150946756,-0.051073834386476946,0.2689831652439931
2026-02-12 08:00:00,34,-0.21793322035065366,0.6199392031669558,0.21330760772673463,0.08731347959167746,-0.42167255421796135
2026-02-12 12:00:00,34,0.18013880999682108,0.90074189400515,0.11821932630981205,0.15883625879382457,-0.21793322035065366
2026-02-12 16:00:00,34,3.5835567872810508,0.6232715261953,-0.06756701414489286,0.09971710150146773,0.18013880999682108
2026-02-12 20:00:00,34,-2.9989640832463493,-2.7813321653424183,-1.6559945419102888,-1.076358489189389,3.5835567872810508
2026-02-13 00:00:00,34,0.9239339439573833,-0.16458910289752923,1.416169213062661,-0.09213843491737084,-2.9989640832463493
2026-02-13 04:00:00,34,-0.9013624826747346,-1.1759183331175438,-0.41470764561786333,-0.3953612449355317,0.9239339439573833
2026-02-13 08:00:00,34,-0.40148806145222515,-0.2504693449691973,0.4371862768288339,-0.09954608777080498,-0.9013624826747346
2026-02-13 12:00:00,34,0.5569718178312595,0.1482216237218913,0.20388719443719194,0.03221694461747404,-0.40148806145222515
2026-02-13 16:00:00,34,0.9223721126844335,-0.2062970753155223,-0.24344077605423314,-0.1505737849668769,0.5569718178312595
2026-02-13 20:00:00,34,-1.958034170475166,-1.1755463840161404,-0.413978714935756,-0.4532840227709145,0.9223721126844335
2026-02-14 00:00:00,34,0.6443641688805535,0.3599241096372412,0.9303512092335955,0.18931670335896555,-1.958034170475166
2026-02-16 04:00:00,34,-0.34370261913542954,-0.15322456068415932,-0.28422813072220277,-0.022155031434220263,0.6443641688805535
2026-02-16 08:00:00,34,-0.3100761238144081,-0.004006126130349378,0.17691783954375034,0.09064358871221412,-0.34370261913542954
2026-02-16 12:00:00,34,-0.5469429132870047,0.67013268526721,0.16122383687152902,0.19240644112981187,-0.3100761238144081
2026-02-16 16:00:00,34,0.14540299951569224,0.5833750049130172,0.27177321144817446,0.37190581786669963,-0.5469429132870047
2026-02-16 20:00:00,34,1.9285143399300502,0.5748730437960041,-0.05135527702188036,0.3241864907583416,0.14540299951569224
2026-02-17 04:00:00,34,0.043173384320024155,-1.407032184108767,-0.8835607707605305,-0.3087262203054273,1.9285143399300502
2026-02-17 08:00:00,34,-1.2580241483227255,-0.8685876360866537,-0.0036431429221369,-0.3228951498020969,0.043173384320024155
2026-02-17 12:00:00,34,1.9931950992600669,0.2451046367645293,0.6036457630262924,0.0899716139096558,-1.2580241483227255
2026-02-17 16:00:00,34,-0.9355543854842576,-1.6885080775093049,-0.9137482761807579,-0.5641684605672941,1.9931950992600669
2026-02-17 20:00:00,34,-0.7908711350119138,-0.6817587781785357,0.45314416387409867,-0.2571319764694273,-0.9355543854842576
2026-02-18 00:00:00,34,0.04501553793292601,0.05528616027934282,0.3856182650891861,0.002421392566255065,-0.7908711350119138
2026-02-18 04:00:00,34,-1.239097779158035,-0.036346275731530715,-0.004502904352744579,-0.012352107201527573,0.04501553793292601
2026-02-18 08:00:00,34,-0.038358567910355745,0.906558154911624,0.5948125353761777,0.3943032743231196,-1.239097779158035
2026-02-18 12:00:00,34,1.09413798909004,1.0460258065283863,0.034409073461385234,0.4068920452261908,-0.038358567910355745
2026-02-18 16:00:00,34,0.19504962339380327,-0.23714000121729187,-0.4941444918795347,0.047810535374439134,1.09413798909004
2026-02-18 20:00:00,34,-0.5915095707650693,-0.42537553723252736,-0.07452612014339818,-0.0162021522048601,0.19504962339380327
2026-02-19 00:00:00,34,-0.5948830197713733,0.20839512621212683,0.2925731561012074,0.17792340771535642,-0.5915095707650693
2026-02-19 04:00:00,34,-0.33035467011584885,0.897789106471082,0.2941475966491773,0.37315608865199756,-0.5948830197713733
2026-02-19 08:00:00,34,1.439250056852769,0.9838373935668885,0.17068814639309315,0.4815740897767302,-0.33035467011584885
2026-02-19 12:00:00,34,0.22500249480524204,-0.2335463595117756,-0.655213603066337,0.00923139751839308,1.439250056852769
2026-02-19 16:00:00,34,0.24309152030652292,-0.3465015257843476,-0.08850558602243533,-0.0646114233695565,0.22500249480524204
2026-02-19 20:00:00,34,-1.2051268789085565,-0.6126673450683453,-0.09694801250324404,-0.1443908214109504,0.24309152030652292
2026-02-20 00:00:00,34,0.607119990892313,0.6215303486421486,0.5789577936255621,0.25111576327615115,-1.2051268789085565
2026-02-20 04:00:00,34,-0.8506416881575429,0.08514467649232949,-0.2668456998952017,0.051867071461599856,0.607119990892313
2026-02-20 08:00:00,34,0.7405825515444633,0.5607553460692418,0.4135141017451471,0.3310363396637639,-0.8506416881575429
2026-02-20 12:00:00,34,0.1510743131760819,0.26506753541810396,-0.32913473012330696,0.08798701368284778,0.7405825515444633
2026-02-20 16:00:00,34,1.043956254566849,-0.21587600460064846,-0.0540021663539815,0.03840643699507584,0.1510743131760819
2026-02-20 20:00:00,34,-1.369374682511097,-0.9320305980729817,-0.4707239043878812,-0.3042060962017734,1.043956254566849
2026-02-21 00:00:00,34,1.829107880261983,0.36073289154832827,0.6556147703350353,0.14520442920900667,-1.369374682511097
2026-02-23 04:00:00,34,-1.8000540297214247,-1.5750223772216183,-0.8371662467765985,-0.455084406271836,1.829107880261983
2026-02-23 08:00:00,34,0.14620439618839676,0.20159479858023263,0.8566194471966173,0.13566934257172836,-1.8000540297214247
2026-02-23 12:00:00,34,0.27193502028263516,0.022331684994964095,-0.05172930117762019,0.08768700775310556,0.14620439618839676
2026-02-23 16:00:00,34,0.3591088036499528,-0.01699519780180623,-0.1104097176669795,-0.0015584426730015366,0.27193502028263516
2026-02-23 20:00:00,34,-1.3440764739915938,-0.6716639799272767,-0.15109506343535223,-0.119413167306889,0.3591088036499528
2026-02-24 00:00:00,34,2.1058424213288855,0.513226873530383,0.6438077072344305,0.3216948231381851,-1.3440764739915938
2026-02-24 04:00:00,34,-1.5451423192360814,-1.0542838823451102,-0.966322514342932,-0.36941460154190375,2.1058424213288855
2026-02-24 08:00:00,34,-0.07720101719517913,0.006355133042207741,0.7376482303824601,0.13768052033442135,-1.5451423192360814
2026-02-24 12:00:00,34,0.9329097414529013,0.41470097840181724,0.05253744209011219,0.16301686556048445,-0.07720101719517913
2026-02-24 16:00:00,34,-0.22109345603925235,-0.23219118981495637,-0.418896788391595,-0.14315168160322145,0.9329097414529013
2026-02-24 20:00:00,34,-0.3759805867886836,-0.07255104323173396,0.11969425692236126,-0.07059175515469018,-0.22109345603925235
2026-02-25 00:00:00,34,0.721001852595915,-0.02116346817163845,0.19198246360783955,0.052800063907647576,-0.3759805867886836
2026-02-25 04:00:00,34,-1.3975185956355798,-1.274882271395689,-0.31999611669693623,-0.18382313756931534,0.721001852595915
2026-02-25 08:00:00,34,-0.2202563963422275,0.19766663021121728,0.6687499675527566,0.274823845142687,-1.3975185956355798
2026-02-25 12:00:00,34,0.34192790853611044,0.4345970963094983,0.11930358828453552,0.34710905975154027,-0.2202563963422275
2026-02-25 16:00:00,34,0.762472955522469,0.11455990070253669,-0.14307647537692814,0.23489287597776354,0.34192790853611044
2026-02-25 20:00:00,34,0.40948774352223083,-0.8561875568314337,-0.33935131841914573,-0.015340588923531406,0.762472955522469
2026-02-26 00:00:00,34,-0.5240979496467393,-1.0493570847014793,-0.1746076896972077,-0.14972901038035147,0.40948774352223083
2026-02-26 04:00:00,34,-1.2627546346607197,-0.8076197456640011,0.26111111547312965,0.022272953673445173,-0.5240979496467393
2026-02-26 08:00:00,34,0.4225380525435227,0.3478002804603894,0.6058535537734588,0.43669219997287634,-1.2627546346607197
2026-02-26 12:00:00,34,0.7493892697017941,-0.09452870277307816,-0.18069846968180608,0.2980208409760712,0.4225380525435227
2026-02-26 16:00:00,34,1.1385532014241804,-0.41713951048016157,-0.3332449609688107,0.052081267435609924,0.7493892697017941
2026-02-26 20:00:00,34,-1.576342208576742,-2.3092915884675067,-0.5148737547540846,-0.3215767233210718,1.1385532014241804
2026-02-27 00:00:00,34,0.34293608123333463,-0.3930319404924724,0.7522096987130368,0.1957577865331519,-1.576342208576742
2026-02-27 04:00:00,34,-0.658238025022067,-0.5122353286010629,-0.14354700508432838,0.08321073391292266,0.34293608123333463
2026-02-27 08:00:00,34,-0.7685017331666586,-0.06353073829554488,0.3237163522453457,0.2992356834381038,-0.658238025022067
2026-02-27 12:00:00,34,2.33657464130661,0.6431482482994566,0.37517812111985727,0.5514477128354889,-0.7685017331666586
2026-02-27 16:00:00,34,-0.3575581532654155,-1.5218345435569207,-1.074008790962852,-0.21538495219196552,2.33657464130661
2026-02-27 20:00:00,34,-1.4007487180988445,-0.9025155481262822,0.18338443047406106,-0.09803913035359724,-0.3575581532654155
2026-02-28 00:00:00,34,3.4007877754953526,0.7449759840274077,0.670257515398172,0.3616679355130712,-1.4007487180988445
2026-03-02 04:00:00,34,-2.1936429760249254,-2.7932933251520544,-1.5706934324137294,-0.754425300702823,3.4007877754953526
2026-03-02 08:00:00,34,0.0015074190586013003,-1.061314284986169,1.0403134633607818,-0.03450090381589632,-2.1936429760249254
2026-03-02 12:00:00,34,0.2531840480140133,-0.5835203838206283,0.015803004049494265,-0.03499561866625278,0.0015074190586013003
2026-03-02 16:00:00,34,1.057243181878107,-0.2668257792611247,-0.10165835044654446,-0.11808724982957663,0.2531840480140133
2026-03-02 20:00:00,34,-1.2524452585558468,-1.052056985142969,-0.47692511776851365,-0.46506037553650215,1.057243181878107
2026-03-03 00:00:00,34,0.8000560380892825,-0.22675137700113498,0.6010420093471307,-0.05402452911375999,-1.2524452585558468
2026-03-03 04:00:00,34,-0.13067008036769678,-1.2289648211402806,-0.3568919212266336,-0.3165922609608529,0.8000560380892825
2026-03-03 08:00:00,34,0.9545708067307253,-0.9820605450939353,0.07749227643426923,-0.273708081617162,-0.13067008036769678
2026-03-03 12:00:00,34,1.2109888174295005,-2.091453810089977,-0.42900634078794037,-0.586985501795529,0.9545708067307253
2026-03-03 16:00:00,34,-0.4474484735360864,-2.6957770319790404,-0.5486805710844449,-0.9844158966014156,1.2109888174295005
2026-03-03 20:00:00,34,-1.3503852284130602,-2.058079259259154,0.22533762580610095,-0.8375692693384096,-0.4474484735360864
2026-03-04 00:00:00,34,-0.22377825733837575,-0.7415150849039874,0.646752099976037,-0.3943908297493226,-1.3503852284130602
2026-03-04 04:00:00,34,-0.5101202660857904,-1.2810362139520952,0.12094729499131772,-0.3209497872864002,-0.22377825733837575
2026-03-04 08:00:00,34,-0.09934891610165941,-0.7783227058011176,0.2545875155242566,-0.15353511274027287,-0.5101202660857904
2026-03-04 12:00:00,34,0.35935015702944284,-0.5135417026766559,0.06287420723034062,-0.12093012218913746,-0.09934891610165941
2026-03-04 16:00:00,34,0.20615669075545284,-0.761733899681487,-0.15120770677051115,-0.2388640557864088,0.35935015702944284
2026-03-04 20:00:00,34,-0.8394802823455159,-1.117259414597208,-0.07970995935084894,-0.3065219348845245,0.20615669075545284
2026-03-05 00:00:00,34,-1.071861189052564,-0.6229092602098264,0.40830490194696906,-0.031015691356591546,-0.8394802823455159
2026-03-05 04:00:00,34,1.3433518759014351,0.02076395018111967,0.5167606460266599,0.32075486953636023,-1.071861189052564
2026-03-05 08:00:00,34,0.40169747991285654,-1.0947088514838101,-0.6104564467304362,-0.12011531746998383,1.3433518759014351
2026-03-05 12:00:00,34,-0.06319543990499987,-0.6998178301277403,-0.17097185382624797,-0.25194707820677564,0.40169747991285654
2026-03-05 16:00:00,34,0.5456895995637581,-0.6842197289761361,0.046000823708693586,-0.23120717683866232,-0.06319543990499987
2026-03-05 20:00:00,34,-1.2488298523492514,-1.4687642490972226,-0.2381751912245212,-0.4102952327105873,0.5456895995637581
2026-03-06 00:00:00,34,0.917139963983292,0.0938281654714674,0.5993546436515448,-0.00044591443359642824,-1.2488298523492514
2026-03-06 04:00:00,34,-1.9324641867686267,-0.9934619462245405,-0.4115367906461961,-0.3014390307464616,0.917139963983292
2026-03-06 08:00:00,34,0.8505029382652705,0.818075025340086,0.9184173044722446,0.33276996742242737,-1.9324641867686267
2026-03-06 12:00:00,34,1.8677051519348495,-0.04720889158688039,-0.3804362656077235,0.05364623508621946,0.8505029382652705
2026-03-06 16:00:00,34,-0.42069428750379956,-1.8620135911683686,-0.8551801872420427,-0.559309710692089,1.8677051519348495
2026-03-06 20:00:00,34,-1.4542297143339642,-0.5536642735889931,0.21285103560169955,-0.42124345081520964,-0.42069428750379956
2026-03-07 00:00:00,34,2.00450919170612,0.5228133282198179,0.6952179190862222,0.05601536544123764,-1.4542297143339642
2026-03-09 04:00:00,35,-1.2041278690688735,0.25366436855177227,-0.957915036552616,-0.5969885973063978,2.00450919170612
2026-03-09 08:00:00,35,0.16326539374447613,1.7263659108955307,0.5895373248593403,-0.113527510469142,-1.2041278690688735
2026-03-09 12:00:00,35,-0.2422761319906943,2.446131276481429,-0.06992521123947254,-0.17907907416117297,0.16326539374447613
2026-03-09 16:00:00,35,0.40958614622266154,2.6992537374696677,0.12565820307723466,-0.0818044531713582,-0.2422761319906943
2026-03-09 20:00:00,35,-1.1658342598305182,2.2849315892832665,-0.1887200836003474,-0.24625456556632752,0.40958614622266154
2026-03-10 00:00:00,35,0.16220802694983938,3.0069460769439895,0.5710691918419629,0.22183151798692258,-1.1658342598305182
2026-03-10 04:00:00,35,0.42265535475247873,2.9931218497498024,-0.06941526738722394,0.15670449035360523,0.16220802694983938
2026-03-10 08:00:00,35,-1.2851075187537564,2.375749089463695,-0.1950230643420727,-0.012992949939200749,0.42265535475247873
2026-03-10 12:00:00,35,0.7657018393413288,3.338429786183148,0.628591960132087,0.5029817182659766,-1.2851075187537564
2026-03-10 16:00:00,35,0.7571693536811033,2.7534227141213754,-0.3604665478511951,0.19555004680445442,0.7657018393413288
2026-03-10 20:00:00,35,-0.5963640111682018,1.8063499747912095,-0.3563515249197948,-0.10845580511025599,0.7571693536811033
2026-03-11 00:00:00,35,-0.3501731646813262,2.6167868607634244,0.2964266989844162,0.13098620133790817,-0.5963640111682018
2026-03-11 04:00:00,35,-0.49705338081716555,2.6162458664665826,0.1776944773157843,0.2715818167429296,-0.3501731646813262
2026-03-11 08:00:00,35,0.49014625093180975,2.9385452808515597,0.24853145046014016,0.471150296037262,-0.49705338081716555
2026-03-11 12:00:00,35,0.46175953924267255,2.8184396486399907,-0.22757238191471504,0.27435505088780765,0.49014625093180975
2026-03-11 16:00:00,35,0.15432574950115097,2.3840002094196184,-0.2138821192879205,0.08895715882476463,0.46175953924267255
2026-03-11 20:00:00,35,-1.3277326239108316,1.9732009623029085,-0.06561382502392624,0.026994890117791215,0.15432574950115097
2026-03-12 00:00:00,35,1.490002688118052,2.962568659785774,0.649149074689262,0.5600836706985319,-1.3277326239108316
2026-03-12 04:00:00,35,-0.8902225664689123,1.8553176156245461,-0.7097803024400385,-0.03815704566743339,1.490002688118052
2026-03-12 08:00:00,35,-0.2513709628564218,2.607028694219277,0.4381479677686636,0.3192700852608805,-0.8902225664689123
2026-03-12 12:00:00,35,-0.15866978727017766,2.6124663610406116,0.13004443225592932,0.42019630914760775,-0.2513709628564218
2026-03-12 16:00:00,35,0.9892888828943978,2.569952672057754,0.08533677278884402,0.483902722538069,-0.15866978727017766
2026-03-12 20:00:00,35,-0.5222993122932582,1.707058656548288,-0.4682974716901618,0.08670015725736846,0.9892888828943978
2026-03-13 00:00:00,35,0.021519779002600714,2.1680000444638856,0.26070698653316926,0.2964049566080478,-0.5222993122932582
2026-03-13 04:00:00,35,-0.35367871396526773,1.7467554923877775,-0.0015645390607607907,0.28776469836608864,0.021519779002600714
2026-03-13 08:00:00,35,0.29604083837253903,2.083024875385074,0.17938512366023907,0.4297678027183487,-0.35367871396526773
2026-03-13 12:00:00,35,-0.10987650872759502,2.113695996119327,-0.13395977527258632,0.3109064847933052,0.29604083837253903
2026-03-13 16:00:00,35,1.9755945761626883,1.8320757338357843,0.06180488910377751,0.3550222449977456,-0.10987650872759502
2026-03-13 20:00:00,35,-1.7023017991135863,0.32751839442661496,-0.943970177955491,-0.43818512564469003,1.9755945761626883
2026-03-14 00:00:00,35,1.8923943301664998,1.787727724208143,0.8297952318272811,0.2452943444890554,-1.7023017991135863
2026-03-16 04:00:00,35,-1.6377944867020755,0.1486486133198586,-0.9038445998055707,-0.5145078684556781,1.8923943301664998
2026-03-16 08:00:00,35,-0.08042336284107954,1.088872512637798,0.798684828553618,0.14307171498950932,-1.6377944867020755
2026-03-16 12:00:00,35,0.7208625345143744,1.2429802782270516,0.047600309623513457,0.17536194545840544,-0.08042336284107954
2026-03-16 16:00:00,35,-0.09734215916043532,0.5324880766478997,-0.33884157537089155,-0.11406660556921278,0.7208625345143744
2026-03-16 20:00:00,35,-0.9069703718072777,0.5073880199494142,0.05575985862227476,-0.0749834257245503,-0.09734215916043532
2026-03-17 00:00:00,35,-0.8802786144397352,1.2518857203388385,0.44622505172313914,0.28916800116851515,-0.9069703718072777
2026-03-17 04:00:00,35,0.5853476311276502,1.6398621054714921,0.43335222684881003,0.6426026044102127,-0.8802786144397352
2026-03-17 08:00:00,35,0.15383643546762826,1.2237074781838282,-0.2734858329543126,0.4075837088327692,0.5853476311276502
2026-03-17 12:00:00,35,-0.07332643866129018,1.3408382778226087,-0.06537784004266947,0.3458179012330662,0.15383643546762826
2026-03-17 16:00:00,35,0.993467609537376,1.4211435674187602,0.044177625202445246,0.3752586945572052,-0.07332643866129018
2026-03-17 20:00:00,35,-2.315977057956923,0.5942425310112736,-0.47031277609788746,-0.02362164247540477,0.993467609537376
2026-03-18 00:00:00,35,0.7481733198288101,2.2640573590220407,1.1257567913462148,0.906250353922978,-2.315977057956923
2026-03-18 04:00:00,35,-0.06557759413337472,1.6471893010330592,-0.35201294328391775,0.6058564375968167,0.7481733198288101
2026-03-18 08:00:00,35,0.5311791341671519,1.5534399494225335,0.04044053448890699,0.632186045727563,-0.06557759413337472
2026-03-18 12:00:00,35,1.4605940595107398,1.374682635501627,-0.24736160420922246,0.41891597025932814,0.5311791341671519
2026-03-18 16:00:00,35,-0.3792018632184604,0.6862321465494821,-0.6955971926266524,-0.16751709019723737,1.4605940595107398
2026-03-18 20:00:00,35,0.22145863723916115,0.8490461235933847,0.19169435553484168,-0.01526636198838549,-0.3792018632184604
2026-03-19 00:00:00,35,-0.7019130178794288,0.8795479119144731,-0.09799048330309475,-0.10418269404864589,0.22145863723916115
2026-03-19 04:00:00,35,0.3928316984751028,1.2677073626889113,0.3473305739276684,0.17763756707662548,-0.7019130178794288
2026-03-19 08:00:00,35,1.3917723748248712,0.8895495770438545,-0.1806397961636465,0.019914417594370626,0.3928316984751028
2026-03-19 12:00:00,35,0.3231592071403462,0.09675587648226161,-0.6624060661557223,-0.5388865222785801,1.3917723748248712
2026-03-19 16:00:00,35,0.9474738070872348,0.06668690473200138,-0.14703834508043104,-0.668635949659869,0.3231592071403462
2026-03-19 20:00:00,35,-1.6699431706223749,-1.27567509919119,-0.4481310157854278,-1.0490496318699156,0.9474738070872348
2026-03-20 00:00:00,35,-0.19073540265951294,-0.10312577755021755,0.814189404454994,-0.3785622517797469,-1.6699431706223749
2026-03-20 04:00:00,35,-0.22700256001408547,0.02824853358518732,0.10080128663522138,-0.30198139401800805,-0.19073540265951294
2026-03-20 08:00:00,35,0.2782366575457882,0.12486246399451091,0.11829210819809301,-0.21083915971018996,-0.22700256001408547
2026-03-20 12:00:00,35,-0.2399153500938347,-0.027069507638927667,-0.12537322555022337,-0.322552043624313,0.2782366575457882
2026-03-20 16:00:00,35,1.3081830512554546,0.3519082190972064,0.12451965189432473,-0.22622528391315555,-0.2399153500938347
2026-03-20 20:00:00,35,-1.0084012557982724,-0.7280607125646574,-0.6220928447797031,-0.7514648502318915,1.3081830512554546
2026-03-21 00:00:00,35,1.608834520862846,0.16163817373796655,0.4951428501462665,-0.3465886077500384,-1.0084012557982724
2026-03-23 04:00:00,35,-0.7988420239431626,-1.3662953858508102,-0.7670901809675363,-0.992540674783509,1.608834520862846
2026-03-23 08:00:00,35,2.0028137643684545,-0.6304703810905923,0.39407721946021435,-0.6718031160676885,-0.7988420239431626
2026-03-23 12:00:00,35,0.5808117726297457,-1.983642369778341,-0.9570973706753045,-1.4759390754844741,2.0028137643684545
2026-03-23 16:00:00,35,-1.6852004569127619,-3.967448736340649,-0.2712982920107079,-1.7091368097588133,0.5808117726297457
2026-03-23 20:00:00,35,-0.8503952795345793,-2.272888857337756,0.8215476451196753,-1.0325235817403504,-1.6852004569127619
2026-03-24 00:00:00,35,0.2776543686362061,-1.1786836004052368,0.4189401770314092,-0.6910872304639861,-0.8503952795345793
2026-03-24 04:00:00,35,-0.2619337470009562,-0.8721721027849947,-0.12509240091001328,-0.8025663235687519,0.2776543686362061
2026-03-24 08:00:00,35,-0.2822908543921141,-0.6166797335470275,0.1351386217694035,-0.6973991089752047,-0.2619337470009562
2026-03-24 12:00:00,35,-0.20475048118372285,-0.5105796312321673,0.14495638965878746,-0.5840584524100816,-0.2822908543921141
2026-03-24 16:00:00,35,-0.11767582338294602,-0.2272825093494057,0.1075604388692931,-0.5018504970040834,-0.20475048118372285
2026-03-24 20:00:00,35,0.7257348615930006,0.06136235049567891,0.06556632040691864,-0.45460328769301483,-0.11767582338294602
2026-03-25 00:00:00,35,-0.27592413891996337,-0.9350091203415488,-0.3411913874252254,-0.7459880932060319,0.7257348615930006
2026-03-25 04:00:00,35,-1.952486308678461,-0.8833101850908687,0.14188586821768748,-0.6352036927170426,-0.27592413891996337
2026-03-25 08:00:00,35,1.346234324096871,0.8542825808056931,0.9504535059735469,0.1487256366144738,-1.952486308678461
2026-03-25 12:00:00,35,-0.2675218684148586,-0.1755079722011847,-0.640444104488384,-0.3917916341707137,1.346234324096871
2026-03-25 16:00:00,35,-0.46596077570570493,0.02731939202519991,0.13783364508117418,-0.2843807714385074,-0.2675218684148586
2026-03-25 20:00:00,35,0.39912037548708135,0.40729692446896965,0.2335361972448831,-0.09729606986075012,-0.46596077570570493
2026-03-26 00:00:00,35,0.3678081826960611,0.2568588828951934,-0.18367268143799187,-0.2575441427345133,0.39912037548708135
2026-03-26 04:00:00,35,-1.5154144358703245,-0.22695072924358828,-0.16857152610079476,-0.4052202727549723,0.3678081826960611
2026-03-26 08:00:00,35,2.004335484336746,1.062524751813235,0.7396637254926295,0.20322333941826898,-1.5154144358703245
2026-03-26 12:00:00,35,-0.8178560706479416,-0.335311042197382,-0.9578312614562617,-0.6015235953015807,2.004335484336746
2026-03-26 16:00:00,35,0.5715497274696979,0.3542177392321003,0.4032472598592992,-0.2731518376595483,-0.8178560706479416
2026-03-26 20:00:00,35,0.08523659107740222,-0.02005533076694066,-0.2668314191974398,-0.5026308319774122,0.5715497274696979
2026-03-27 00:00:00,35,-0.30886897232043076,-0.2364147199777316,-0.03229370207896097,-0.5368535885625985,0.08523659107740222
2026-03-27 04:00:00,35,-1.1705824938574434,0.04181261063439938,0.1577744088273765,-0.4128417349346174,-0.30886897232043076
2026-03-27 08:00:00,35,0.6615497282017735,0.672974283773577,0.5733591566520456,0.057150779357579395,-1.1705824938574434
2026-03-27 12:00:00,35,-1.0804107179397455,0.2647597309649712,-0.3102363637337002,-0.20846349534618724,0.6615497282017735
2026-03-27 16:00:00,35,2.1443114671965073,1.098951435554231,0.5298713688675186,0.22532477028849218,-1.0804107179397455
2026-03-27 20:00:00,35,-1.030516196077956,-0.6418098446592571,-1.0253384806008852,-0.63562295717343,2.1443114671965073
2026-03-28 00:00:00,35,0.7291788980172367,0.32003215127326917,0.5058083806846488,-0.22186749734464772,-1.030516196077956
2026-03-30 04:00:00,35,-0.34156799060357734,-0.4406937721378406,-0.34285236752254616,-0.5146350942002957,0.7291788980172367
2026-03-30 08:00:00,35,-1.0536750185587458,-0.269521860917783,0.17354439842099115,-0.3774944829679363,-0.34156799060357734
2026-03-30 12:00:00,35,0.07928864249556078,0.6243680561222705,0.5169773517638405,0.0455593161602188,-1.0536750185587458
2026-03-30 16:00:00,35,1.1381079121751991,0.700463772998858,-0.02942514234341259,0.013724679441448728,0.07928864249556078
2026-03-30 20:00:00,35,-1.0292810902705423,-0.29541037036651263,-0.5400694901271701,-0.44322918924010946,1.1381079121751991
2026-03-31 00:00:00,35,0.30627187484625296,0.484535078343408,0.5052127173665251,-0.02996962823681759,-1.0292810902705423
2026-03-31 04:00:00,35,1.1768758997944673,0.17161976427068373,-0.13889397046233973,-0.15293873914640344,0.30627187484625296
2026-03-31 08:00:00,35,-1.7937336361013472,-0.71322707661692,-0.5587664050017169,-0.6254580755082308,1.1768758997944673
2026-03-31 12:00:00,35,0.8559979775070925,0.7063631741222115,0.8738907182830693,0.09473156172413955,-1.7937336361013472
2026-03-31 16:00:00,35,0.3708073603001836,-0.2573249853503507,-0.40401431270723087,-0.24895429022453008,0.8559979775070925
2026-03-31 20:00:00,35,-1.5523053506823299,-1.0313997862612703,-0.17001796095082178,-0.3978345993868837,0.3708073603001836
2026-04-01 00:00:00,35,0.7144456714809682,0.28354340607216116,0.757455371029098,0.22542082989281198,-1.5523053506823299
2026-04-01 04:00:00,35,-0.43918440187224483,-0.04664007290113768,-0.33574686890648914,-0.061431330656762206,0.7144456714809682
2026-04-01 08:00:00,35,1.2161988116200622,0.3496726190391953,0.22062256378188583,0.11490257349522359,-0.43918440187224483
2026-04-01 12:00:00,35,-0.40075674714210585,-0.5868886080535717,-0.5777309471451694,-0.37340503434271355,1.2161988116200622
2026-04-01 16:00:00,35,-0.9675101115969813,-0.2765285473937725,0.20208978368574304,-0.21249995315685233,-0.40075674714210585
2026-04-01 20:00:00,35,-0.1329628956990252,0.33083802016248465,0.4754219853502209,0.17595836766950246,-0.9675101115969813
2026-04-02 00:00:00,35,1.2328749954839644,0.8688520627348116,0.07293892619140656,0.22934338409087918,-0.1329628956990252
2026-04-02 04:00:00,35,0.6634320053588993,-0.24489349524519488,-0.5857734896985184,-0.26565976346691667,1.2328749954839644
2026-04-02 08:00:00,35,0.38790246455109134,-0.3845535346788091,-0.3111441430108375,-0.5320297783071659,0.6634320053588993
2026-04-02 12:00:00,35,-1.251667371183462,-0.5619835797769317,-0.17826253923767274,-0.6877738250284979,0.38790246455109134
2026-04-02 16:00:00,35,0.8499456190700378,0.5129326473364723,0.6124645408124592,-0.18522548014298046,-1.251667371183462
2026-04-02 20:00:00,35,-1.4720812623169088,-0.573927718484347,-0.40109539848348574,-0.526481291343428,0.8499456190700378
2026-04-03 00:00:00,35,1.80524365836993,0.5376262801712673,0.7187651257218872,0.0645639167895169,-1.4720812623169088
2026-04-06 04:00:00,36,-1.028981464371828,-1.1250744955387344,-0.8433721578874398,-0.5110444213613103,1.80524365836993
2026-04-06 08:00:00,36,-0.32965329702574486,-0.39277645743950457,0.4673325953098207,-0.11841123917231311,-1.028981464371828
2026-04-06 12:00:00,36,-0.9275469357350872,-0.4579550650733914,0.14392400449945758,0.007376083060288252,-0.32965329702574486
2026-04-06 16:00:00,36,0.8353577903677873,0.40996538992320963,0.42042357677219416,0.36130442639507176,-0.9275469357350872
2026-04-06 20:00:00,36,-1.1225109956116075,-0.13275368029759022,-0.3948425026215591,0.04255311856786559,0.8353577903677873
2026-04-07 00:00:00,36,0.46485730448002727,0.6765193853609388,0.5105858994233982,0.47087479345652383,-1.1225109956116075
2026-04-07 04:00:00,36,0.6653094237954278,0.358240533558511,-0.22350228549540213,0.29349705727619657,0.46485730448002727
2026-04-07 08:00:00,36,0.34275381043484465,-0.1504513066405947,-0.31620259482051255,0.039631885502088515,0.6653094237954278
2026-04-07 12:00:00,36,0.024063751789336507,-0.44677709259886916,-0.16703477741256006,-0.09115425978634306,0.34275381043484465
2026-04-07 16:00:00,36,0.30800682770783006,-0.48124532062856995,-0.019654609439417395,-0.10033637605140289,0.024063751789336507
2026-04-07 20:00:00,36,-0.5268949815383905,-0.7370629789080443,-0.15096582260225766,-0.21786395559112837,0.30800682770783006
2026-04-08 00:00:00,36,1.1472833814137964,-0.6692098515699465,0.23513962860248155,-0.016814218113957224,-0.5268949815383905
2026-04-08 04:00:00,36,-1.453195242340719,-2.357404845713697,-0.5390944011554218,-0.4545884060018315,1.1472833814137964
2026-04-08 08:00:00,36,0.014393598244890171,-0.821358188553637,0.6635128530790815,0.0999139753316074,-1.453195242340719
2026-04-08 12:00:00,36,0.19816373362350603,-0.30323905300252224,-0.01518258775237796,0.09442174395745795,0.014393598244890171
2026-04-08 16:00:00,36,0.048064768582479545,-0.8359724805312692,-0.10016821151378398,0.018807498199835848,0.19816373362350603
2026-04-08 20:00:00,36,0.08656330324837569,-0.7150126660585168,-0.030754026539322264,0.0004672037502775339,0.048064768582479545
2026-04-09 00:00:00,36,-0.40313915362056285,-0.4397475523215118,-0.048557909502897734,-0.032563153347505036,0.08656330324837569
2026-04-09 04:00:00,36,0.12376737324664155,-0.116235408617608,0.1779079886081103,0.12126450461487703,-0.40313915362056285
2026-04-09 08:00:00,36,0.02038749701686804,-0.21087350394122034,-0.06576315935892824,0.07403801969595936,0.12376737324664155
2026-04-09 12:00:00,36,-0.6185847015587829,-0.29682911296262576,-0.017954502921563496,0.06625866884488385,0.02038749701686804
2026-04-09 16:00:00,36,0.7959733812234902,0.1279966107581869,0.27754210075818553,0.3022948738067752,-0.6185847015587829
2026-04-09 20:00:00,36,-0.9467387256210049,-0.9228743430719999,-0.3766289415839804,-0.0014283441797653396,0.7959733812234902
2026-04-10 00:00:00,36,-0.5181059650367583,0.07765046568513556,0.4292989374568463,0.35982309854574446,-0.9467387256210049
2026-04-10 04:00:00,36,0.6932766917261706,0.5627835386417885,0.23107509413336552,0.557519170639396,-0.5181059650367583
2026-04-10 08:00:00,36,-0.6802302306201753,-0.027396666464367392,-0.3291362290320761,0.29298240002217124,0.6932766917261706
2026-04-10 12:00:00,36,0.06275791489183646,0.7661601824355535,0.3060504529373392,0.552540972569056,-0.6802302306201753
2026-04-10 16:00:00,36,0.7157751688645195,0.5637921734486806,-0.03754896197072753,0.5285941468149389,0.06275791489183646
2026-04-10 20:00:00,36,-1.086767425638012,-0.18187179959713212,-0.3395407874732232,0.2554725289685855,0.7157751688645195
2026-04-11 00:00:00,36,3.535863133010894,0.796936902073555,0.4940560667418962,0.6701553657367771,-1.086767425638012
2026-04-13 04:00:00,36,-3.1769836181307323,-1.975745340798999,-1.6437077251599967,-0.6790401657360396,3.535863133010894
2026-04-13 08:00:00,36,-0.010264451147129705,0.7695784539639143,1.4606893368823477,0.5332160613578951,-3.1769836181307323
2026-04-13 12:00:00,36,0.7462709514695494,0.7618985119129864,-0.003779321906146142,0.5371327151139287,-0.010264451147129705
2026-04-13 16:00:00,36,0.2212676749413376,0.1834792869631396,-0.3536437487701776,0.25237468146987574,0.7462709514695494
2026-04-13 20:00:00,36,-0.42127515107712377,-0.5373282969532172,-0.11085277057011537,0.16794455873601777,0.2212676749413376
2026-04-14 00:00:00,36,-0.6699714827946366,-0.2992890275207705,0.18629509162245814,0.3286924525239199,-0.42127515107712377
2026-04-14 04:00:00,36,0.1012898986003048,-0.07565409346968271,0.3013062322228681,0.5843365475573785,-0.6699714827946366
2026-04-14 08:00:00,36,0.7785710683849683,0.31495089243965996,-0.055368313648745435,0.545686895850273,0.1012898986003048
2026-04-14 12:00:00,36,-0.14939259121140758,-0.42066743663387757,-0.36858113551132404,0.24860395828064696,0.7785710683849683
2026-04-14 16:00:00,36,0.45286006529821776,-0.20949413136837675,0.060561337917423796,0.3056083752830503,-0.14939259121140758
2026-04-14 20:00:00,36,-0.6648303271605762,-0.9980413924858316,-0.21795408881382367,0.13280848074568397,0.45286006529821776
2026-04-15 00:00:00,36,-0.11207541317278213,-0.24397836760154806,0.29892867333651857,0.3864908414169381,-0.6648303271605762
2026-04-15 04:00:00,36,-0.3735500422237479,-0.27934867350078135,0.04330378055591868,0.42925597144388217,-0.11207541317278213
2026-04-15 08:00:00,36,0.33268816138697943,0.41058147442129217,0.16422432296013548,0.5717931763046931,-0.3735500422237479
2026-04-15 12:00:00,36,-0.7043611807883607,0.20372265240363263,-0.16237985640957012,0.4448478269424285,0.33268816138697943
2026-04-15 16:00:00,36,0.9604788747435951,0.6670022687780275,0.3172099585217122,0.7136141569483483,-0.7043611807883607
2026-04-15 20:00:00,36,-0.825690873580962,-0.47901897067176663,-0.45270551382016155,0.3471198224307619,0.9604788747435951
2026-04-16 00:00:00,36,0.2602243848610648,0.16789681764660064,0.3733196174797087,0.6621824804315253,-0.825690873580962
2026-04-16 04:00:00,36,-0.22733803896784366,-0.14749892422462757,-0.12886853948381355,0.5628874670140114,0.2602243848610648
2026-04-16 08:00:00,36,0.3351637696873482,0.05034748938538963,0.09660768725103606,0.6496338864230742,-0.22733803896784366
2026-04-16 12:00:00,36,-0.5323062956585716,0.18460368305116354,-0.1635247166185605,0.5217439078342565,0.3351637696873482
2026-04-16 16:00:00,36,1.7297923442289864,0.49312597089422305,0.23764212393408157,0.7248584652876824,-0.5323062956585716
2026-04-16 20:00:00,36,-1.9705059152822937,-0.7769012995079325,-0.8084792359081701,0.06481365772118863,1.7297923442289864
2026-04-17 00:00:00,36,0.8890169538822281,0.6159146334059404,0.9027463396725088,0.8167086478917351,-1.9705059152822937
2026-04-17 04:00:00,36,0.35291847277366273,0.13626897462070103,-0.4196575111777354,0.47748236665270305,0.8890169538822281
2026-04-17 08:00:00,36,-0.4274671757903796,-0.18962835280646273,-0.171735487717903,0.34281764448203056,0.35291847277366273
2026-04-17 12:00:00,36,1.6495644573507988,0.03419247792905894,0.1891586313456994,0.5059282575720161,-0.4274671757903796
2026-04-17 16:00:00,36,0.06500374983482082,-1.7290001882595867,-0.7713773586343957,-0.12350362681173443,1.6495644573507988
2026-04-17 20:00:00,36,-1.8698642541367985,-1.4165604013880335,-0.038587562084404635,-0.14830740611736548,0.06500374983482082
2026-04-18 00:00:00,36,2.270866747614896,0.3599153803311613,0.8562039875584817,0.5651852832882538,-1.8698642541367985
2026-04-20 04:00:00,36,-2.257137360916307,-1.6282432295585754,-1.0587024050773264,-0.30131976885817124,2.270866747614896
2026-04-20 08:00:00,36,0.05370729588048917,0.4624653274533169,1.0353008058628552,0.5599464981637219,-2.257137360916307
2026-04-20 12:00:00,36,0.5773590780351174,0.31369224720031724,-0.03336344782001154,0.5394531586639708,0.05370729588048917
2026-04-20 16:00:00,36,0.05769449162892393,-0.048103553954306155,-0.27552941917599444,0.3191476041678811,0.5773590780351174
2026-04-20 20:00:00,36,-1.0641909182144307,-0.3229896001624196,-0.03520735089512994,0.29713285207818263,0.05769449162892393
2026-04-21 00:00:00,36,0.5070343475058916,0.607932689023478,0.48361542271780555,0.7032010672430147,-1.0641909182144307
2026-04-21 04:00:00,36,-1.178448482802155,0.368899554638812,-0.24300731716216248,0.5097296430887477,0.5070343475058916
2026-04-21 08:00:00,36,1.7467451834506864,1.3482995117521714,0.536454532706712,0.9593956418158225,-1.178448482802155
2026-04-21 12:00:00,36,-0.10637185648156411,0.17772022933912995,-0.8163191801559917,0.29288206154425556,1.7467451834506864
2026-04-21 16:00:00,36,1.1147006734933083,0.024661436225687672,0.04066613585884616,0.3334708592552085,-0.10637185648156411
2026-04-21 20:00:00,36,0.689106855446088,-0.38673858401356975,-0.5240263284745514,-0.0918705951597012,1.1147006734933083
2026-04-22 00:00:00,36,-2.535758431165867,-1.0482509565679947,-0.3272078627253547,-0.35481626220067763,0.689106855446088
2026-04-22 04:00:00,36,-0.3958271071059709,0.8625628487207102,1.164150824933934,0.6127647259554516,-2.535758431165867
2026-04-22 08:00:00,36,0.2500687276227893,0.8691594406548264,0.17452648794841538,0.7638022927541508,-0.3958271071059709
2026-04-22 12:00:00,36,0.11270146672957893,0.5777334915615784,-0.12417199364232687,0.6683824201013131,0.2500687276227893
2026-04-22 16:00:00,36,0.5524242505035595,0.8755496823053632,-0.06064566316782836,0.62537840394402,0.11270146672957893
2026-04-22 20:00:00,36,-0.4960137037640511,0.2824949186348183,-0.2639981555852776,0.4145873460837137,0.5524242505035595
2026-04-23 00:00:00,36,2.4254269740670065,0.7385286565674043,0.22085839270528648,0.6038535726013325,-0.4960137037640511
2026-04-23 04:00:00,36,-1.3968785280200695,-1.191583300513581,-1.130179727693835,-0.32162773485479423,2.4254269740670065
2026-04-23 08:00:00,36,-0.34280940288358863,-0.00782842326386124,0.6374688438886185,0.21138561920287735,-1.3968785280200695
2026-04-23 12:00:00,36,0.3743152450300329,0.3721247360747332,0.15000812616752077,0.34219297715724295,-0.34280940288358863
2026-04-23 16:00:00,36,0.022396892943982394,0.03685411357029017,-0.181630555994051,0.19936379034801632,0.3743152450300329
2026-04-23 20:00:00,36,1.2084358796953385,0.12054394908026758,-0.018883760365367465,0.19081770506638218,0.022396892943982394
2026-04-24 00:00:00,36,-2.5643948913167627,-0.8390392730100313,-0.5673747482331327,-0.2702907223879416,1.2084358796953385
2026-04-24 04:00:00,36,1.24171340330388,1.0043237154190001,1.1773939311830994,0.7082172113595142,-2.5643948913167627
2026-04-24 08:00:00,36,-0.4331842912787671,0.09106603967059612,-0.5827641426811486,0.23441092641971295,1.24171340330388
2026-04-24 12:00:00,36,0.9873278715182483,0.49588516610634376,0.1918025463915015,0.3997030455181845,-0.4331842912787671
2026-04-24 16:00:00,36,-0.39260416260262865,-0.4717790541203948,-0.46512199669187954,0.02296381601733355,0.9873278715182483
2026-04-24 20:00:00,36,-1.31313403209238,-0.37406835961905144,0.17303601753873418,0.17277158908292733,-0.39260416260262865
2026-04-25 00:00:00,36,1.5621911960702413,0.9535815172529725,0.5987406892385927,0.6738301712954371,-1.31313403209238
2026-04-27 04:00:00,36,-0.9574035047850238,-0.7394049571295382,-0.7309710592392409,0.07773770341493513,1.5621911960702413
2026-04-27 08:00:00,36,-1.0499070773110386,0.08386652534757566,0.43423092984867023,0.44305855489609147,-0.9574035047850238
2026-04-27 12:00:00,36,0.25034325781028066,0.9374698109315269,0.4770097730762985,0.8436764192995483,-1.0499070773110386
2026-04-27 16:00:00,36,1.0527517626435312,1.1403708124633751,-0.1242989518076306,0.7481517929024948,0.25034325781028066
2026-04-27 20:00:00,36,-1.747213452643102,0.14626590580065296,-0.49537767553069195,0.34644846885462766,1.0527517626435312
2026-04-28 00:00:00,36,0.5161748919968154,1.5704142237700736,0.7994833737966054,1.0131407287521208,-1.747213452643102
2026-04-28 04:00:00,36,1.3553486549825422,1.262191198405815,-0.24723441790124395,0.8161815050653312,0.5161748919968154
2026-04-28 08:00:00,36,1.1105629235713081,0.20966314430219746,-0.635315460256764,0.29901489535750425,1.3553486549825422
2026-04-28 12:00:00,36,0.10642536723150187,-0.6145226496341967,-0.5221128007004906,-0.12474769882014236,1.1105629235713081
2026-04-28 16:00:00,36,-1.251626538037284,-0.4493565666659474,-0.057743242545816933,-0.165356914873656,0.10642536723150187
2026-04-28 20:00:00,36,-1.4375553685480806,0.246047017377435,0.5702961721928618,0.31223197040503514,-1.251626538037284
2026-04-29 00:00:00,36,1.5991138943156926,1.33101080989917,0.6562800977291515,0.8607665732809808,-1.4375553685480806
2026-04-29 04:00:00,36,-0.07568717215397136,0.2690474214942421,-0.7480461870062142,0.25058534189105597,1.5991138943156926
2026-04-29 08:00:00,36,-1.2971164698122877,-0.02639120545967083,0.026475815804232118,0.27946564370664007,-0.07568717215397136
2026-04-29 12:00:00,36,1.321558840112548,1.3125859391372803,0.5913332695362223,0.7744123311312467,-1.2971164698122877
2026-04-29 16:00:00,36,0.8423067161055613,0.012333587623893236,-0.619689153579716,0.27013905623784495,1.321558840112548
2026-04-29 20:00:00,36,-0.030419478502439645,-0.33550513454428876,-0.3980560758557503,-0.051263785090873704,0.8423067161055613
2026-04-30 00:00:00,36,-2.193078263695197,-0.5107538568586321,0.005541493841147117,-0.03965648499996899,-0.030419478502439645
2026-04-30 04:00:00,36,1.3482652814092528,1.133606696188532,1.0056762843174352,0.797166458151719,-2.193078263695197
2026-04-30 08:00:00,36,-0.020549996499914513,0.1390996044024831,-0.632039710798231,0.28270268382335306,1.3482652814092528
2026-04-30 12:00:00,36,0.3622136520475223,0.03547873016073344,0.0009772914887981373,0.29054404034833237,-0.020549996499914513
2026-04-30 16:00:00,36,-0.2977020523833982,-0.11702634105822224,-0.1760341002587031,0.15233251394096659,0.3622136520475223
2026-04-30 20:00:00,36,-1.028421752916195,0.24512866892173113,0.1291479558760582,0.2659280530431669,-0.2977020523833982
2026-05-01 00:00:00,36,-0.244325475687317,1.232800689720582,0.46707375332178286,0.6583476635619814,-1.028421752916195
2026-05-01 04:00:00,36,0.653522883681088,1.2542637238950394,0.10446363132343646,0.7515760572022065,-0.244325475687317
2026-05-01 08:00:00,36,-0.5143893805997628,0.4467968075168613,-0.3107518372121435,0.502208329660407,0.653522883681088
2026-05-01 12:00:00,36,1.2601392023650746,1.1805934896752894,0.2293563369153374,0.6984862475647962,-0.5143893805997628
2026-05-01 16:00:00,36,1.0085688453038273,-0.08783642033299038,-0.5912852662211173,0.21764914587049855,1.2601392023650746
2026-05-01 20:00:00,36,-1.314103948897257,-0.8201501672400262,-0.4749450150117385,-0.16719509953101852,1.0085688453038273
2026-05-02 00:00:00,36,-0.008665292253482448,0.48190351723450636,0.5991892332008056,0.3342335782903465,-1.314103948897257
2026-05-04 04:00:00,37,0.5032382079797131,0.05811401133469504,0.004752455932819606,0.25500492450303636,-0.008665292253482448
2026-05-04 08:00:00,37,-0.7609648002910312,-0.4449678719026807,-0.233459450767395,0.014963174478939578,0.5032382079797131
2026-05-04 12:00:00,37,1.4634801886501094,0.6319777851702603,0.35483152383843275,0.37793903655012784,-0.7609648002910312
2026-05-04 16:00:00,37,-0.40209108362214785,-0.7984101424224391,-0.6803035786252504,-0.3201326520433758,1.4634801886501094
2026-05-04 20:00:00,37,-1.1966276183514477,-0.3921141580018862,0.18783131330394023,-0.12833750244766673,-0.40209108362214785
2026-05-05 00:00:00,37,0.18235505655043838,0.7025482385659048,0.5575651846188023,0.44244703473880165,-1.1966276183514477
2026-05-05 04:00:00,37,-0.7987587582695017,0.296204442240182,-0.08413797260770255,0.3554647146247554,0.18235505655043838
2026-05-05 08:00:00,37,0.7543207335953017,1.034399042140969,0.37241876594109075,0.7364680787210975,-0.7987587582695017
2026-05-05 12:00:00,37,0.4026170291054303,0.5089105872754239,-0.35029953320236223,0.37666139850381164,0.7543207335953017
2026-05-05 16:00:00,37,-0.4988995337191362,0.06567933031889026,-0.1866358543998234,0.18461537591749444,0.4026170291054303
2026-05-05 20:00:00,37,-1.1780793995276593,0.34564731986820113,0.23288067411470018,0.42258760310771404,-0.4988995337191362
2026-05-06 00:00:00,37,2.4394623691742954,1.292092786651379,0.5489338574841087,0.9845247458879296,-1.1780793995276593
2026-05-06 04:00:00,37,-1.127119134647284,-0.7313247514160768,-1.134472335084601,-0.17908486667577428,2.4394623691742954
2026-05-06 08:00:00,37,0.9640238783684509,0.22192893902906835,0.5252197358624121,0.3585445209109617,-1.127119134647284
2026-05-06 12:00:00,37,-0.19827473343859126,-0.5878276304767537,-0.44788391372464187,-0.10128936125306609,0.9640238783684509
2026-05-06 16:00:00,37,-0.41628807246525845,-0.35294985207923235,0.09298632519234064,-0.006713446218253871,-0.19827473343859126
2026-05-06 20:00:00,37,-0.8314688157121086,-0.005666955683474057,0.19443781585799277,0.1918535859430781,-0.41628807246525845
2026-05-07 00:00:00,37,1.0094610237074946,0.7609586898280041,0.3876402386368769,0.5884594605551339,-0.8314688157121086
2026-05-07 04:00:00,37,-0.8940270938499069,-0.17026478667204129,-0.46902787742345947,0.10695231966325736,1.0094610237074946
2026-05-07 08:00:00,37,1.5400835081051252,0.565032271606252,0.41675144164349565,0.5333981355289321,-0.8940270938499069
2026-05-07 12:00:00,37,-0.5465797766316527,-0.6244933881578649,-0.7159505761133165,-0.20121289878209403,1.5400835081051252
2026-05-07 16:00:00,37,0.28339296321837004,-0.2655792464628212,0.2550684528092117,0.05950253186289167,-0.5465797766316527
2026-05-07 20:00:00,37,0.02519340779128143,-0.2619915247151017,-0.1311554913107434,-0.07567429246558621,0.28339296321837004
2026-05-08 00:00:00,37,-0.15107477122366397,0.005499688581460923,-0.011003532241474219,-0.08769140404296039,0.02519340779128143
2026-05-08 04:00:00,37,-0.6636749249907865,0.01011908145205953,0.071022042880784,-0.01562960131418123,-0.15107477122366397
2026-05-08 08:00:00,37,0.07223456523010796,0.4763437073040589,0.3095581340543429,0.30093954609109996,-0.6636749249907865
2026-05-08 12:00:00,37,0.11858359230336468,0.3632246734423818,-0.03289391549101854,0.2664840711785832,0.07223456523010796
2026-05-08 16:00:00,37,0.5844540801206612,0.18638299670187103,-0.05446221910252094,0.2099203751609089,0.11858359230336468
2026-05-08 20:00:00,37,-2.0145105723421395,-0.2882850718578797,-0.2712528781383796,-0.06886088185871486,0.5844540801206612
2026-05-09 00:00:00,37,2.1027375626961486,1.465276429042511,0.9381632032667953,0.892049151519644,-2.0145105723421395
2026-05-11 04:00:00,37,-1.1598134157188955,-0.4636550026920316,-0.9777790166214925,-0.11094465218481275,2.1027375626961486
2026-05-11 08:00:00,37,0.4019426060620148,0.5482977431099864,0.5404338670975247,0.4422797206788074,-1.1598134157188955
2026-05-11 12:00:00,37,0.8066943476189419,0.38113895771376255,-0.18632201478157234,0.25055539403097526,0.4019426060620148
2026-05-11 16:00:00,37,-0.33166649636471845,-0.4092016662392147,-0.37467135025707865,-0.1342332008461522,0.8066943476189419
2026-05-11 20:00:00,37,-2.138851945448703,-0.36287472457588027,0.15505956003105642,0.023969822988947342,-0.33166649636471845
2026-05-12 00:00:00,37,1.2526642726278574,1.4251007371465239,0.9960248814071953,1.0441899809318187,-2.138851945448703
2026-05-12 04:00:00,37,0.03974676321008275,0.5304851860199876,-0.5822013751913298,0.44667627981321356,1.2526642726278574
2026-05-12 08:00:00,37,-0.1140053036281099,0.6330388775261746,-0.0177758683196985,0.42771730084966375,0.03974676321008275
2026-05-12 12:00:00,37,0.8047524270104702,1.262237788494268,0.05377193899933737,0.4820971793266633,-0.1140053036281099
2026-05-12 16:00:00,37,0.6338775638398353,0.523635337959673,-0.373767686557585,0.09823486948488025,0.8047524270104702
2026-05-12 20:00:00,37,-2.1334946160730794,-0.198445477003347,-0.29425186581310386,-0.2041211068945179,0.6338775638398353
2026-05-13 00:00:00,37,-0.24615176999910027,1.3581476451203502,0.9935318731648076,0.8135436355445442,-2.1334946160730794
2026-05-13 04:00:00,37,0.9900541525450084,1.514105904150357,0.11526568089324772,0.9309566234798616,-0.24615176999910027
2026-05-13 08:00:00,37,0.16638159242936013,0.8500822168770519,-0.45999698042706216,0.45870644925400494,0.9900541525450084
2026-05-13 12:00:00,37,-0.08060822797503953,0.9281431622818462,-0.07670479556719367,0.3793433802635242,0.16638159242936013
2026-05-13 16:00:00,37,0.20401133387263393,0.8680725029640108,0.0382307655830488,0.417793044463604,-0.08060822797503953
2026-05-13 20:00:00,37,-0.6874906291802958,0.4981691155807697,-0.0942156202709804,0.3204808037970297,0.20401133387263393
2026-05-14 00:00:00,37,0.5115978067151321,1.0354416197414118,0.3206406609403808,0.6484099060329598,-0.6874906291802958
2026-05-14 04:00:00,37,0.8650863364058612,0.6172435221866163,-0.23734955105603478,0.40438067517348486,0.5115978067151321
2026-05-14 08:00:00,37,-0.22281857873082878,-0.036872389165627115,-0.40184378994270903,-0.008260564740413479,0.8650863364058612
2026-05-14 12:00:00,37,-0.8971180316020906,0.26186683446896947,0.10440768914503011,0.09802262427091524,-0.22281857873082878
2026-05-14 16:00:00,37,0.8049347551609127,0.9422423994089744,0.4181897951126631,0.5259427997847341,-0.8971180316020906
2026-05-14 20:00:00,37,-1.4549813272933854,0.25646525885484467,-0.3738525321121519,0.1419935204568965,0.8049347551609127
2026-05-15 00:00:00,37,1.9512468518629387,1.5410949285520104,0.6777888783073504,0.8360113007403172,-1.4549813272933854
2026-05-15 04:00:00,37,-0.42767321199668373,0.17936228894557216,-0.90728352077411,-0.09472229941802102,1.9512468518629387
2026-05-15 08:00:00,37,0.584906263468131,0.5137931741254527,0.19973583744720505,0.10927537925237374,-0.42767321199668373
2026-05-15 12:00:00,37,-0.1746187443575291,0.28218334468491607,-0.2714632995504813,-0.16972156664050608,0.584906263468131
2026-05-15 16:00:00,37,0.6368478204832364,0.35372227694395997,0.08197812098722736,-0.086429423242123,-0.1746187443575291
2026-05-15 20:00:00,37,-1.5226180617422909,-0.49051281185856105,-0.2956340608910653,-0.39020219507027143,0.6368478204832364
2026-05-16 00:00:00,37,2.093486228606407,0.9670688561591536,0.7092633172762384,0.3360779211121061,-1.5226180617422909
2026-05-18 04:00:00,37,-1.4449913475429312,-0.7340308003269863,-0.9734739514441024,-0.6625030490877677,2.093486228606407
2026-05-18 08:00:00,37,-0.552712765888181,0.4388249722988782,0.673140087816236,0.02674956793106098,-1.4449913475429312
2026-05-18 12:00:00,37,1.0393524149210656,1.0127074117656094,0.25792241076008326,0.29039039941142075,-0.552712765888181
2026-05-18 16:00:00,37,-0.4019879987975479,-0.16404207966457282,-0.4829376969337052,-0.2053747643089805,1.0393524149210656
2026-05-18 20:00:00,37,-0.4529540376926473,0.2845559780219192,0.1877833432615228,-0.013628785585644287,-0.4019879987975479
2026-05-19 00:00:00,37,-0.45590592209464376,0.5526503302519348,0.21150015179404558,0.20242770250320685,-0.4529540376926473
2026-05-19 04:00:00,37,0.33453889024607264,0.9589050875165241,0.2128737974351437,0.4198922225866255,-0.45590592209464376
2026-05-19 08:00:00,37,0.25707678229074027,0.7080565046069651,-0.15495600994690997,0.2603190832811455,0.33453889024607264
2026-05-19 12:00:00,37,0.416403556118933,0.8026641011627357,-0.11890937923496586,0.13769492690127016,0.25707678229074027
2026-05-19 16:00:00,37,1.0248649356383126,0.3947426469085162,-0.19305135045555347,-0.06092719030306437,0.416403556118933
2026-05-19 20:00:00,37,-2.449497185865088,-0.5093451348612172,-0.4761960160081942,-0.5497819091778107,1.0248649356383126
2026-05-20 00:00:00,37,0.5448603587583474,1.5059656639421883,1.1405821954189639,0.6186142536148571,-2.449497185865088
2026-05-20 04:00:00,37,1.2241455684663265,0.9139381521911573,-0.2528281245377943,0.3587189754717812,0.5448603587583474
2026-05-20 08:00:00,37,-1.5567512595125113,-0.18524811277014255,-0.5689303291995699,-0.22519146669946455,1.2241455684663265
2026-05-20 12:00:00,37,0.327942633302845,1.3223048617194253,0.7251470416870223,0.5173699898039814,-1.5567512595125113
2026-05-20 16:00:00,37,1.5958392990206676,0.896532838154348,-0.15188647253836524,0.3609432273736157,0.327942633302845
2026-05-20 20:00:00,37,-3.5358513284090414,-0.5738894521000364,-0.7418962734127478,-0.4002630006510879,1.5958392990206676
2026-05-21 00:00:00,37,1.6900852278488578,2.317673138123057,1.6461120297123113,1.2863178814001976,-3.5358513284090414
2026-05-21 04:00:00,37,0.5187040967334937,0.7035666359494324,-0.7857531769007463,0.48015688378558874,1.6900852278488578
2026-05-21 08:00:00,37,0.1215303753228536,0.5449578444495733,-0.24065642997768208,0.2327379931881648,0.5187040967334937
2026-05-21 12:00:00,37,-0.08452469266753049,0.5887275816957055,-0.0558334908390582,0.17476869850623356,0.1215303753228536
2026-05-21 16:00:00,37,-0.15056791826270377,0.7414382203173715,0.0400532741642508,0.2150864939884496,-0.08452469266753049
2026-05-21 20:00:00,37,0.2985593737120169,0.462561885203411,0.07078618121898254,0.2869065307506853,-0.15056791826270377
2026-05-22 00:00:00,37,-0.8596152287208252,0.23282610293806696,-0.1382131097092188,0.14449541526793563,0.2985593737120169
2026-05-22 04:00:00,37,-0.9414898990030842,1.0500280021849877,0.4007380406767609,0.5545269680744926,-0.8596152287208252
2026-05-22 08:00:00,37,2.1722856258299927,1.8410083490988256,0.438838036690665,1.0036122708260296,-0.9414898990030842
2026-05-22 12:00:00,37,-0.19794952581625047,0.3420205244507935,-1.0101428834809159,-0.03255556163998552,2.1722856258299927
2026-05-22 16:00:00,37,0.01089326183394057,0.46481814780354075,0.09283499134180836,0.06186523121699938,-0.19794952581625047
2026-05-22 20:00:00,37,-1.1228489786155276,0.2564249139096958,-0.0043490260053618834,0.05666920755936111,0.01089326183394057
2026-05-23 00:00:00,37,2.264424205740129,1.0642497211665802,0.5232326386658336,0.5922617551158975,-1.1228489786155276
2026-05-25 12:00:00,37,-1.8028215846017073,-1.0090013056201903,-1.0530191419769899,-0.48785565354616,2.264424205740129
2026-05-25 16:00:00,37,-1.1083798890085426,0.8843531378810887,0.8396547199801699,0.3720799421359029,-1.8028215846017073
2026-05-25 20:00:00,37,1.0676894142323121,1.5133999310981368,0.5164995152901856,0.9007708166170598,-1.1083798890085426
2026-05-26 04:00:00,37,-0.05998327710670992,0.5542092919538921,-0.49612418742072023,0.39148906612473855,1.0676894142323121
2026-05-26 08:00:00,37,0.09525578600629458,0.9290382415680655,0.028633040875745766,0.4201007465984432,-0.05998327710670992
2026-05-26 12:00:00,37,0.6892131498093761,0.7964141164582459,-0.043606733225540435,0.37466428090426085,0.09525578600629458
2026-05-26 16:00:00,37,-0.48897188300379746,0.09389507204598369,-0.3200020227004335,0.04591354616964427,0.6892131498093761
2026-05-26 20:00:00,37,-0.7485518051462847,0.19918396377812286,0.22826088814942103,0.2791503406889131,-0.48897188300379746
2026-05-27 00:00:00,37,0.8210874419737149,0.9931495616809071,0.34905519443270777,0.6362052749959961,-0.7485518051462847
2026-05-27 04:00:00,37,-0.2873332280242913,0.308486615550007,-0.3813691095964945,0.24455125634460462,0.8210874419737149
2026-05-27 08:00:00,37,0.31103785701012754,0.5268166384435774,0.1344292803458921,0.381607564473347,-0.2873332280242913
2026-05-27 12:00:00,37,1.3840822016716157,0.5467580558659009,-0.14401991372172426,0.2332442837514952,0.31103785701012754
2026-05-27 16:00:00,37,-0.575584756142991,-0.2996942238006505,-0.6433560956373634,-0.4269550186827358,1.3840822016716157
2026-05-27 20:00:00,37,-1.877096716478718,0.005968640837742996,0.26856578476738163,-0.152404378526799,-0.575584756142991
2026-05-28 00:00:00,37,1.076229868809481,1.3227100417945634,0.8742183062357289,0.7429600306998569,-1.877096716478718
2026-05-28 04:00:00,37,0.23120417515371372,0.2709442552000468,-0.5000984481319425,0.2296045321689384,1.076229868809481
2026-05-28 08:00:00,37,-0.34418844017753436,0.607673761342629,-0.10686968215415069,0.11932146157384427,0.23120417515371372
2026-05-28 12:00:00,37,1.3390913267989202,0.6420516712993007,0.16088658819141283,0.28349738106525546,-0.34418844017753436
2026-05-28 16:00:00,37,-0.16340562745713605,-0.5205844431192707,-0.6224198018189907,-0.3552415311038706,1.3390913267989202
2026-05-28 20:00:00,37,-2.521386353448996,-0.7346482848518104,0.07676014932718161,-0.2772979804023743,-0.16340562745713605
2026-05-29 00:00:00,37,1.4034842791057809,1.4258431502262827,1.1740354843170724,0.9253889045989547,-2.521386353448996
2026-05-29 04:00:00,37,-0.6834645750941668,0.28817345561023183,-0.6523847618946409,0.25593492207972535,1.4034842791057809
2026-05-29 08:00:00,37,0.9590698561984432,0.8193416868400104,0.3187671554458919,0.581943619518877,-0.6834645750941668
2026-05-29 12:00:00,37,-0.2275983161267714,0.10354425780745256,-0.44557858260966593,0.12447277762581965,0.9590698561984432
2026-05-29 16:00:00,37,1.3911559077131912,0.5985717221859397,0.10663191765312809,0.2330358740666414,-0.2275983161267714
2026-05-29 20:00:00,37,-2.0906899102851444,-0.9047502470650421,-0.6466478117573604,-0.43053754573477576,1.3911559077131912
2026-05-30 00:00:00,37,0.11652372782291387,0.9285920461039455,0.9736129029353783,0.5667095966022355,-2.0906899102851444
2026-06-01 04:00:00,38,0.27471680266452303,0.3836237487176502,-0.06947872540598773,0.5490659709985977,0.11652372782291387
2026-06-01 08:00:00,38,-0.25757121233325364,0.13975221015181225,-0.14653323919586314,0.33425731767414746,0.27471680266452303
2026-06-01 12:00:00,38,0.5908397467440256,0.4850150960495509,0.1127397677476966,0.5356593605044804,-0.25757121233325364
2026-06-01 16:00:00,38,0.8430771674812849,-0.07452015558799117,-0.30051406154386545,0.07366544860084012,0.5908397467440256
2026-06-01 20:00:00,38,-1.685183117476761,-0.9539538138229473,-0.423376783783648,-0.5855598672106623,0.8430771674812849
2026-06-02 00:00:00,38,0.5436357013454263,0.7050022313692049,0.8081174974088223,0.7321313426434966,-1.685183117476761
2026-06-02 04:00:00,38,0.031341444146136155,-0.06618562022154618,-0.2775213687806322,0.3070475772077508,0.5436357013454263
2026-06-02 08:00:00,38,0.11011234076444332,-0.24069926448303142,-0.02798715278944157,0.2825408366481046,0.031341444146136155
2026-06-02 12:00:00,38,-0.5491672777184853,-0.1222912531277417,-0.06635579279339524,0.19644095704628306,0.11011234076444332
2026-06-02 16:00:00,38,0.09610567909369294,0.4355964532230225,0.2547737541519474,0.6258500147828023,-0.5491672777184853
2026-06-02 20:00:00,38,-0.336304832293143,-0.0018190051633456533,-0.05953326591641544,0.5507023306851586,0.09610567909369294
2026-06-03 00:00:00,38,1.3615888715522004,0.29094537532366355,0.1510902506054353,0.8136683649091889,-0.336304832293143
2026-06-03 04:00:00,38,-1.0494450025965172,-0.8461260988013576,-0.6759394657565964,-0.2509955691598744,1.3615888715522004
2026-06-03 08:00:00,38,0.9311433141558751,-0.03750964682238345,0.49845481850308077,0.5695944550372296,-1.0494450025965172
2026-06-03 12:00:00,38,0.21623751307127037,-0.3732809697769444,-0.46627306176644073,-0.15849221249051304,0.9311433141558751
2026-06-03 16:00:00,38,0.49348237504627335,-0.5414926690701037,-0.1180484699928046,-0.32757429458576404,0.21623751307127037
2026-06-03 20:00:00,38,-2.1632224535779283,-1.0978113352064554,-0.25309210614195116,-0.7134417893836371,0.49348237504627335
2026-06-04 00:00:00,38,1.1507765255836357,0.7341893530485581,1.0409664299717138,0.9780415767129806,-2.1632224535779283
2026-06-04 04:00:00,38,0.03837270793256309,-0.5086452218378084,-0.5732545483809457,0.07821763678499316,1.1507765255836357
2026-06-04 08:00:00,38,-1.525311422721657,-0.6577410969857963,-0.031412022133020315,0.04821295692756067,0.03837270793256309
2026-06-04 12:00:00,38,2.198593602752462,0.8238455378865647,0.7302453420034599,1.2408960743681714,-1.525311422721657
2026-06-04 16:00:00,38,-0.17146265694527685,-1.2439677398664832,-1.0836374175603471,-0.478244969915675,2.198593602752462
2026-06-04 20:00:00,38,-2.0917934903455553,-0.9475109139067862,0.0707970159855701,-0.3441735841227018,-0.17146265694527685
2026-06-05 00:00:00,38,0.5826891421005556,0.8036107099773327,1.0061739838554966,1.2914575033674076,-2.0917934903455553
2026-06-05 04:00:00,38,0.5701240081705787,0.560693097751444,-0.29654397070060373,0.8358367742842656,0.5826891421005556
2026-06-05 08:00:00,38,0.01794809567558353,-0.04385056178319058,-0.29042359983956295,0.39004107036216595,0.5701240081705787
2026-06-05 12:00:00,38,1.856922488613657,-0.4395069630045127,-0.021463365604382348,0.37600695878101575,0.01794809567558353
2026-06-05 16:00:00,38,-0.007410479959721883,-1.2199903552382447,-0.9172122968502855,-1.0759720073330126,1.856922488613657
2026-06-05 20:00:00,38,-1.0426370873877264,-1.4032459748398167,-0.00911141708869242,-1.0701775484386307,-0.007410479959721883
2026-06-06 00:00:00,38,0.36355657871230207,-0.519878674593451,0.49513874036969024,-0.2549108211194877,-1.0426370873877264
2026-06-08 04:00:00,38,-0.32937642357418007,-1.0607372996773181,-0.1898063455275853,-0.5391857483280784,0.36355657871230207
2026-06-08 08:00:00,38,0.3041576477018726,-0.13778505662301285,0.14771548109854155,-0.2816372281846107,-0.32937642357418007
2026-06-08 12:00:00,38,0.0009556732140865165,-0.3774838270552617,-0.16087362673929656,-0.5194664911473055,0.3041576477018726
2026-06-08 16:00:00,38,-0.7277221205530431,-0.8896491069468593,-0.013186499804828288,-0.5202137584208941,0.0009556732140865165
2026-06-08 20:00:00,38,-1.1148830041098172,0.025399984113243096,0.34174631355898927,0.048812261080749764,-0.7277221205530431
2026-06-09 00:00:00,38,0.21193057297876017,1.0007927546329702,0.5303291176469407,0.9205700654972553,-1.1148830041098172
2026-06-09 04:00:00,38,0.1384368118688606,0.7460061211713187,-0.11595059576485386,0.7548556987810713,0.21193057297876017
2026-06-09 08:00:00,38,0.7690187458810289,0.6365919037081424,-0.08015240400088017,0.6466081331438325,0.1384368118688606
2026-06-09 12:00:00,38,-1.2820712995940227,0.009114586317211822,-0.3873035506527603,0.0452911420397637,0.7690187458810289
2026-06-09 16:00:00,38,2.8252667659869726,0.9955204144167378,0.6117651276163543,1.047778091001641,-1.2820712995940227
2026-06-09 20:00:00,38,-1.5864920908968845,-1.5162145279959751,-1.3888846349024895,-1.1613760029512736,2.8252667659869726
2026-06-10 00:00:00,38,0.7102078714417956,-0.014316487856170726,0.7600459299514595,0.07914596822068098,-1.5864920908968845
2026-06-10 04:00:00,38,-0.535791133796959,-0.6146205668066363,-0.3586572692652227,-0.47618517630758816,0.7102078714417956
2026-06-10 08:00:00,38,0.5240123120234088,0.038838436805582965,0.24825834715775003,-0.05723529483764089,-0.535791133796959
2026-06-10 12:00:00,38,0.28231111557447974,-0.3378863838971531,-0.26796298119235473,-0.4669749903328526,0.5240123120234088
2026-06-10 16:00:00,38,0.4852262052917009,-0.8577590016459404,-0.15023236502315235,-0.6877218466113622,0.28231111557447974
2026-06-10 20:00:00,38,-0.9992034787534578,-1.3596335794438712,-0.24907059542258353,-1.0671336143135637,0.4852262052917009
2026-06-11 00:00:00,38,1.5473158800433335,-0.15658564727758123,0.4739825955839324,-0.2858288248491725,-0.9992034787534578
2026-06-11 04:00:00,38,-0.650638995307725,-1.830584909899241,-0.7664055266208998,-1.4957178350439175,1.5473158800433335
2026-06-11 08:00:00,38,-0.3902318606099051,-1.0303448516796563,0.30419977276933025,-0.9869652395461443,-0.650638995307725
2026-06-11 12:00:00,38,-0.6873412135040553,-0.657285000017199,0.17735765169895007,-0.6818321728794015,-0.3902318606099051
2026-06-11 16:00:00,38,1.099715537084892,-0.13938415876070648,0.3220771139927672,-0.1443810995735504,-0.6873412135040553
2026-06-11 20:00:00,38,1.1616459304254185,-1.0237150296506745,-0.5483831711329813,-1.0042790427279638,1.099715537084892
2026-06-12 00:00:00,38,-1.1747188614458182,-2.4222248460213893,-0.5785489438916688,-1.9126020704214444,1.1616459304254185
2026-06-12 04:00:00,38,-1.557528490339335,-1.0459325403143098,0.5594746595667895,-0.9940569570009217,-1.1747188614458182
2026-06-12 08:00:00,38,0.6822815676289089,0.2739645893361702,0.7459380041727823,0.2238175751689404,-1.557528490339335
2026-06-12 12:00:00,38,0.03389205082725155,-0.344688683992141,-0.3450546019904076,-0.3096772213231258,0.6822815676289089
2026-06-12 16:00:00,38,0.5322602589878684,-0.15062551347934666,-0.029229531811907225,-0.3361783516726078,0.03389205082725155
2026-06-12 20:00:00,38,-1.1167373718926843,-1.142807695732251,-0.27198048665994523,-0.7523673446368608,0.5322602589878684
2026-06-13 00:00:00,38,2.77840578501357,0.4050774822576931,0.5312323645687134,0.12084044115079706,-1.1167373718926843
2026-06-15 04:00:00,38,-3.034852519204936,-2.573578788926029,-1.3660590459300423,-2.0516717578807793,2.77840578501357
2026-06-15 08:00:00,38,0.7179461905702169,0.35238788348285455,1.4655300904149617,0.32136322347354884,-3.034852519204936
2026-06-15 12:00:00,38,-1.4282774005067438,0.03127314823342692,-0.3624265393081017,-0.24001872644721445,0.7179461905702169
2026-06-15 16:00:00,38,1.0887986668516536,1.188027527818034,0.6829808874100312,0.8767908097763986,-1.4282774005067438
2026-06-15 20:00:00,38,-1.3846240050858416,0.14533780548477365,-0.5430656556300328,0.025429068887646622,1.0887986668516536
2026-06-16 00:00:00,38,0.31079285903195064,1.5004444378728343,0.6617176863324702,1.1081048098994142,-1.3846240050858416
2026-06-16 04:00:00,38,0.4410863897468573,1.2490233441300638,-0.16410558226860245,0.8650872919901236,0.31079285903195064
2026-06-16 08:00:00,38,0.010759105402151192,0.7396757093489444,-0.2275704632013208,0.520189664825427,0.4410863897468573
2026-06-16 12:00:00,38,0.24053680337031835,0.7935123916860475,-0.017961669018017178,0.5117768232373052,0.010759105402151192
2026-06-16 16:00:00,38,0.7032449456958112,0.6148863845813284,-0.12988444954694683,0.32369445511931616,0.24053680337031835
2026-06-16 20:00:00,38,-2.0775009466205816,-0.14465012678202738,-0.3552656868053139,-0.22619218551190023,0.7032449456958112
2026-06-17 00:00:00,38,0.8175733804507725,1.6811073695993808,0.9992122062388022,1.3982631674022237,-2.0775009466205816
2026-06-17 04:00:00,38,-0.32798943458057295,1.1277188502183497,-0.4109541040209321,0.758979966865656,0.8175733804507725
2026-06-17 08:00:00,38,0.2882067186614883,1.1597871939092166,0.14703989044679328,1.0154439620182885,-0.32798943458057295
2026-06-17 12:00:00,38,-0.2635857901017786,0.9400840556597312,-0.1531040636093413,0.7900871709000725,0.2882067186614883
2026-06-17 16:00:00,38,1.514268866546299,1.155258398282959,0.1156694178987485,0.9961921781586476,-0.2635857901017786
2026-06-17 20:00:00,38,3.072495142648595,-0.29816157730620774,-0.7503086048070274,-0.18785645970779008,1.514268866546299
2026-06-18 00:00:00,38,-2.794383449767839,-2.9144929441732184,-1.5093074939802045,-2.590325247699007,3.072495142648595
2026-06-18 04:00:00,38,-0.9159932508783033,-0.5249441943047455,1.3483996329310821,-0.4053196714300533,-2.794383449767839
2026-06-18 08:00:00,38,0.6897509051064521,0.5160904632600573,0.43345159473143297,0.3109207433061929,-0.9159932508783033
2026-06-18 12:00:00,38,0.1267855595979963,0.40557121123253537,-0.34869285333763533,-0.2284145343985795,0.6897509051064521
2026-06-18 16:00:00,38,-0.19531550622611604,0.16534435217539756,-0.07447717719544933,-0.32755166417760684,0.1267855595979963
2026-06-18 20:00:00,38,-0.3755593832299784,-0.06265355568008098,0.0824155378815413,-0.17482907692090421,-0.19531550622611604
2026-06-19 00:00:00,38,-0.5054311298884606,0.6307060831369516,0.17021081160032253,0.11883117455453629,-0.3755593832299784
2026-06-19 04:00:00,38,0.5322536023033617,1.156485060755473,0.23347024507319064,0.5140417306856051,-0.5054311298884606
2026-06-19 08:00:00,38,0.3604841100232363,0.7146909604403957,-0.2719772442450125,0.09785794276677073,0.5322536023033617
2026-06-19 12:00:00,38,0.506472491174522,0.21508813947038202,-0.18830977191835735,-0.18401453633861564,0.3604841100232363
2026-06-19 16:00:00,38,-1.1237716896096934,-0.33155156161209026,-0.25941948225078787,-0.5800393616127213,0.506472491174522
2026-06-19 20:00:00,38,1.3808673259891204,0.47967104059928894,0.5346587214561457,0.2986687514253674,-1.1237716896096934
2026-06-22 04:00:00,38,-1.1282219747758226,-0.9907619732855921,-0.685329838468831,-0.7810695384734281,1.3808673259891204
2026-06-22 08:00:00,38,-0.5915778834095313,0.036295331603796825,0.5368264178616029,0.10111837541474955,-1.1282219747758226
2026-06-22 12:00:00,38,-0.017079966550754833,0.8604480199618051,0.2754316028240823,0.5636894567581496,-0.5915778834095313
2026-06-22 16:00:00,38,1.0824403264395297,0.7934794539629498,-0.004401491647166153,0.5770447542063177,-0.017079966550754833
2026-06-22 20:00:00,38,-1.704764646864005,-0.3084132732997513,-0.5399685615918945,-0.2693452247513868,1.0824403264395297
2026-06-23 00:00:00,38,1.0224026541078626,1.3250261889920785,0.8176554953755916,1.0636573236044935,-1.704764646864005
2026-06-23 04:00:00,38,1.4131415714252036,0.38126651343423806,-0.5107247172881889,0.26421245836831453,1.0224026541078626
2026-06-23 08:00:00,38,-0.8920784776494344,-0.5142476128257351,-0.7010503514717072,-0.8407619551747061,1.4131415714252036
2026-06-23 12:00:00,38,-0.2622573536343378,-0.13783040135955063,0.42180291020215965,-0.143221161946963,-0.8920784776494344
2026-06-23 16:00:00,38,0.2703952645251597,0.4103069569605724,0.11502234768912091,0.061845104157702835,-0.2622573536343378
2026-06-23 20:00:00,38,-0.9184233130694341,-0.19654572778404575,-0.14442825438229623,-0.14958441917177367,0.2703952645251597
2026-06-24 00:00:00,38,0.9694347422147889,0.7394405010978253,0.43463525754855836,0.5685561282891847,-0.9184233130694341
2026-06-24 04:00:00,38,0.2677361634327706,-0.00036198355026285066,-0.48492449372295215,-0.18947166411852834,0.9694347422147889
2026-06-24 08:00:00,38,-0.003961625553795756,-0.07503807601908641,-0.14313302864629407,-0.39882196288230887,0.2677361634327706
2026-06-24 12:00:00,38,0.4594688270072602,0.007179891115609573,-0.010791325009104166,-0.3957242584756884,-0.003961625553795756
2026-06-24 16:00:00,38,1.0071149890577455,-0.5709138464634864,-0.23652439349688814,-0.754995620899491,0.4594688270072602
2026-06-24 20:00:00,38,-1.203898780332466,-1.563131407942085,-0.5032782244591021,-1.5424866387188416,1.0071149890577455
2026-06-25 00:00:00,38,-0.33308449992584777,-0.8362804213423596,0.5736879521808302,-0.6011249410218493,-1.203898780332466
2026-06-25 04:00:00,38,0.7169521879065783,-0.057888089440506586,0.1495216538444697,-0.3406769735937569,-0.33308449992584777
2026-06-25 08:00:00,38,-0.5606005440283557,-0.9987552326716004,-0.3619423689863022,-0.901281685385996,0.7169521879065783
2026-06-25 12:00:00,38,0.22562795634448385,-0.2125754231794394,0.26034280183257,-0.46293264103306875,-0.5606005440283557
2026-06-25 16:00:00,38,0.3414434703495921,-0.6739306658496075,-0.12262247578549403,-0.6393573700071205,0.22562795634448385
2026-06-25 20:00:00,38,-1.1949022505646933,-1.8293681287559982,-0.17903523677344113,-0.9063414472125828,0.3414434703495921
2026-06-26 00:00:00,38,-0.330429502734118,-0.20051753311200446,0.5693058183374496,0.027985615452024604,-1.1949022505646933
2026-06-26 04:00:00,38,0.465979218491233,0.20397726234059313,0.14822842708389844,0.28635756726766104,-0.330429502734118
2026-06-26 08:00:00,38,0.17299476676269876,-0.3876673579472025,-0.23969555033091233,-0.07800445001861611,0.465979218491233
2026-06-26 12:00:00,38,0.2398335427043925,-0.33820114647011906,-0.0969852926376509,-0.2132738347815586,0.17299476676269876
2026-06-26 16:00:00,38,-0.5797711689902822,-0.5841692081485108,-0.12954189720238488,-0.40080630396683503,0.2398335427043925
2026-06-26 20:00:00,38,0.14998019052848122,-0.3589110741609801,0.2696806517161274,0.052532781372001125,-0.5797711689902822
2026-06-27 00:00:00,38,1.3534821220832658,-0.19065183997546803,-0.08577508647923816,-0.06474087076827217,0.14998019052848122
2026-06-29 04:00:00,39,-1.6246740033308615,-1.0413008069807645,-0.5844846814825757,-1.1792090291524548,1.3534821220832658
2026-06-29 08:00:00,39,-0.22599393764758702,0.0274093890840369,0.7176527906315125,0.11810070394383843,-1.6246740033308615
2026-06-29 12:00:00,39,0.5290289075545864,0.42932544784711085,0.10610871828307955,0.29855791217754835,-0.22599393764758702
2026-06-29 16:00:00,39,0.7801112456382846,-0.24695959601297843,-0.22400948158236025,-0.12387412615925264,0.5290289075545864
2026-06-29 20:00:00,39,-1.4222730819247094,-0.8677141665632615,-0.3337900663592374,-0.7467965769337166,0.7801112456382846
2026-06-30 00:00:00,39,1.4412669347000655,0.31046880516423625,0.6291571533798823,0.3888950809120768,-1.4222730819247094
2026-06-30 04:00:00,39,-0.16307678833774553,-0.4011301637502427,-0.6228667840914353,-0.7619632565407937,1.4412669347000655
2026-06-30 08:00:00,39,0.1094454989205218,-0.4261388446615023,0.07859948965137062,-0.6317456840807782,-0.16307678833774553
2026-06-30 12:00:00,39,-0.7643026968302227,-0.47375712976149653,-0.04055527164439067,-0.7191384229946021,0.1094454989205218
2026-06-30 16:00:00,39,0.28468607231771337,-0.04396869081620154,0.3414731442503306,-0.10883917182373892,-0.7643026968302227
2026-06-30 20:00:00,39,-1.3010192148023787,-0.4886914292927834,-0.11717560571888845,-0.3361623220295922,0.28468607231771337
2026-07-01 00:00:00,39,0.5972442189733069,0.6866255547428637,0.576141395518372,0.7027075600809685,-1.3010192148023787
2026-07-01 04:00:00,39,-0.5402777264113361,0.2167462343986424,-0.25383522255418267,0.22580527893344637,0.5972442189733069
2026-07-01 08:00:00,39,0.6273283729828059,0.5672742534023344,0.24352283661455532,0.6572195513422994,-0.5402777264113361
2026-07-01 12:00:00,39,0.5465013688974274,0.23510748854239766,-0.2669888997299125,0.15629493357310764,0.6273283729828059
2026-07-01 16:00:00,39,1.7688537676844014,-0.17179500091157138,-0.23164895570207733,-0.2800889462498901,0.5465013688974274
2026-07-01 20:00:00,39,-2.2874872350598565,-1.9546186575477182,-0.7660973847171051,-1.692526890438316,1.7688537676844014
2026-07-02 00:00:00,39,0.5227852123808656,0.08353111488549433,1.0074542347809015,0.13404228485016034,-2.2874872350598565
2026-07-02 04:00:00,39,-0.5238033126085426,-0.5142008288113648,-0.2212795543697534,-0.28340413390834307,0.5227852123808656
2026-07-02 08:00:00,39,0.3437003546011024,0.07067883599054847,0.23631973824080976,0.13485524260779513,-0.5238033126085426
2026-07-02 12:00:00,39,2.2605838305875086,-0.26068314532755493,-0.14297838606857,-0.13959108593474134,0.3437003546011024
2026-07-02 16:00:00,39,-1.5455151058683256,-2.95692985368064,-0.9810962343768477,-1.9446777678714149,2.2605838305875086
2026-07-02 20:00:00,39,-0.9799129730196157,-1.4746375721916494,0.6830421918930493,-0.7105767818399347,-1.5455151058683256
2026-07-03 00:00:00,39,0.8318107439973428,-0.2991641217473221,0.43574430001790687,0.07188827569123113,-0.9799129730196157
2026-07-03 04:00:00,39,-1.3063767058848779,-0.9506672782338466,-0.3563946079842905,-0.5923164645024617,0.8318107439973428
2026-07-03 08:00:00,39,-0.04901136741943368,0.12705804461023404,0.5784838482311454,0.45083139910595804,-1.3063767058848779
2026-07-03 12:00:00,39,0.2677339909108696,0.22882399647865576,0.02872673194645131,0.489967203492089,-0.04901136741943368
2026-07-03 16:00:00,39,-0.05310505839353041,0.03633652457489026,-0.10976365701619567,0.2761803689780322,0.2677339909108696
2026-07-03 20:00:00,39,0.8851144207775867,0.040586672316345385,0.030516614072219762,0.31858500460913675,-0.05310505839353041
2026-07-06 04:00:00,39,-0.7147967781410607,-0.8275473691516292,-0.37970054360825367,-0.38818296891940207,0.8851144207775867
2026-07-06 08:00:00,39,-0.049917035346231486,0.13860867779012237,0.3198277001896614,0.18258557638083595,-0.7147967781410607
2026-07-06 12:00:00,39,0.2659381917749215,0.16536940792352992,0.029122716607803245,0.22244456081045882,-0.049917035346231486
2026-07-06 16:00:00,39,0.13909080810667085,-0.24609462987412153,-0.10897848080352047,0.010091680242224399,0.2659381917749215
2026-07-06 20:00:00,39,-1.5197493863451648,-0.5010725610278159,-0.05351707295301912,-0.10097297566479035,0.13909080810667085
2026-07-07 00:00:00,39,0.48260186550611195,0.8266753199211743,0.6717766613183471,1.112553963727736,-1.5197493863451648
2026-07-07 04:00:00,39,0.4237568712521842,0.39844878663832317,-0.20371021296616956,0.7271941339723949,0.48260186550611195
2026-07-07 08:00:00,39,0.3868727363794413,0.3251968030781848,-0.17798145032323642,0.3888223052764097,0.4237568712521842
2026-07-07 12:00:00,39,0.47915566894627837,0.0322973069633424,-0.16185462146612606,0.07990262948564997,0.3868727363794413
2026-07-07 16:00:00,39,0.16339320566875948,-0.44282891709279393,-0.20220343444689165,-0.30270539632005544,0.47915566894627837
2026-07-07 20:00:00,39,-0.06569474883566961,-0.5955768549601425,-0.06414279611701518,-0.43317562948763744,0.16339320566875948
2026-07-08 00:00:00,39,-0.05331777356410505,-0.36768528704815473,0.03602119710839166,-0.38071806759946725,-0.06569474883566961
2026-07-08 04:00:00,39,-0.5849990986808589,-0.2810523143079775,0.03060961940264174,-0.3381435779172737,-0.05331777356410505
2026-07-08 08:00:00,39,1.335736367588579,0.11904830637583215,0.26307633622445636,0.1289809178371435,-0.5849990986808589
2026-07-08 12:00:00,39,-0.8393797060834469,-0.7755018114205912,-0.5767257155568872,-0.9376107719238078,1.335736367588579
2026-07-08 16:00:00,39,0.7046004928580096,-0.17911836059912054,0.37429902137901383,-0.2673621803706361,-0.8393797060834469
2026-07-08 20:00:00,39,-1.1553627472437196,-0.7654724175708361,-0.3007745438002693,-0.8299889445430857,0.7046004928580096
2026-07-09 00:00:00,39,-0.3511336057065524,0.09341249381059714,0.5124561028483894,0.0925735721114691,-1.1553627472437196
2026-07-09 04:00:00,39,0.5735720551522068,0.4228952634026183,0.16082346263008332,0.3729553861654846,-0.3511336057065524
2026-07-09 08:00:00,39,-0.21947376015882902,-0.1084696214749612,-0.2434850561225314,-0.08504456228907742,0.5735720551522068
2026-07-09 12:00:00,39,0.07628334659697877,0.033275243163408325,0.10325790486853234,0.09020625395439907,-0.21947376015882902
2026-07-09 16:00:00,39,-1.0009329248685148,-0.020840477762626167,-0.026055803054430147,0.029293647603507722,0.07628334659697877
2026-07-09 20:00:00,39,-0.04926148185460555,0.6502866155976266,0.44493484135014794,0.8285432342567542,-1.0009329248685148
2026-07-10 00:00:00,39,-0.9232442559878393,0.7433982608062951,0.028836089335600494,0.8678787561803567,-0.04926148185460555
2026-07-10 04:00:00,39,1.4433643164082106,1.4984296708523808,0.41096706980018455,1.6050935801159323,-0.9232442559878393
2026-07-10 08:00:00,39,-0.9573653522007035,0.3233937088770948,-0.6237838210769031,0.452560473633449,1.4433643164082106
2026-07-10 12:00:00,39,1.6271740754388926,1.0796406550047484,0.4258858168696325,1.217021151278825,-0.9573653522007035
2026-07-10 16:00:00,39,0.39365238761691757,-0.05420165809075278,-0.7041508552063948,-0.08228490100060526,1.6271740754388926
2026-07-10 20:00:00,39,-1.4787710332619106,-0.47657494449627585,-0.16481888443704568,-0.39661815977437875,0.39365238761691757
